tema,indicador_id,indicador,ano,cenario_id,cenario,faixa_id,faixa,faixa_cor,local_id,local_nome,valor
Desastres geo-hidrológicos,60060,Gestão de resíduos e limpeza pública,2015,,Presente,verylow,Muito baixo,#F40000,4565,Abaré/BA,0.0
Desastres geo-hidrológicos,60060,Gestão de resíduos e limpeza pública,2015,,Presente,verylow,Muito baixo,#F40000,2940,Acará/PA,0.0
Desastres geo-hidrológicos,60060,Gestão de resíduos e limpeza pública,2015,,Presente,verylow,Muito baixo,#F40000,3404,Acauã/PI,0.0
Desastres geo-hidrológicos,60060,Gestão de resíduos e limpeza pública,2015,,Presente,verylow,Muito baixo,#F40000,4567,Adustina/BA,0.0
Desastres geo-hidrológicos,60060,Gestão de resíduos e limpeza pública,2015,,Presente,verylow,Muito baixo,#F40000,3188,Afonso Cunha/MA,0.0
Desastres geo-hidrológicos,60060,Gestão de resíduos e limpeza pública,2015,,Presente,verylow,Muito baixo,#F40000,3189,Água Doce do Maranhão/MA,0.0
Desastres geo-hidrológicos,60060,Gestão de resíduos e limpeza pública,2015,,Presente,verylow,Muito baixo,#F40000,4568,Água Fria/BA,0.0
Desastres geo-hidrológicos,60060,Gestão de resíduos e limpeza pública,2015,,Presente,verylow,Muito baixo,#F40000,763,Águas Vermelhas/MG,0.0
Desastres geo-hidrológicos,60060,Gestão de resíduos e limpeza pública,2015,,Presente,verylow,Muito baixo,#F40000,3049,Aguiarnópolis/TO,0.0
Desastres geo-hidrológicos,60060,Gestão de resíduos e limpeza pública,2015,,Presente,verylow,Muito baixo,#F40000,3980,Aguiar/PB,0.0
Desastres geo-hidrológicos,60060,Gestão de resíduos e limpeza pública,2015,,Presente,verylow,Muito baixo,#F40000,134,Alegria/RS,0.0
Desastres geo-hidrológicos,60060,Gestão de resíduos e limpeza pública,2015,,Presente,verylow,Muito baixo,#F40000,2651,Alexânia/GO,0.0
Desastres geo-hidrológicos,60060,Gestão de resíduos e limpeza pública,2015,,Presente,verylow,Muito baixo,#F40000,3192,Altamira do Maranhão/MA,0.0
Desastres geo-hidrológicos,60060,Gestão de resíduos e limpeza pública,2015,,Presente,verylow,Muito baixo,#F40000,3193,Alto Alegre do Maranhão/MA,0.0
Desastres geo-hidrológicos,60060,Gestão de resíduos e limpeza pública,2015,,Presente,verylow,Muito baixo,#F40000,1376,Alto Jequitibá/MG,0.0
Desastres geo-hidrológicos,60060,Gestão de resíduos e limpeza pública,2015,,Presente,verylow,Muito baixo,#F40000,3409,Alto Longá/PI,0.0
Desastres geo-hidrológicos,60060,Gestão de resíduos e limpeza pública,2015,,Presente,verylow,Muito baixo,#F40000,602,Alto Taquari/MT,0.0
Desastres geo-hidrológicos,60060,Gestão de resíduos e limpeza pública,2015,,Presente,verylow,Muito baixo,#F40000,5459,Alvarães/AM,0.0
Desastres geo-hidrológicos,60060,Gestão de resíduos e limpeza pública,2015,,Presente,verylow,Muito baixo,#F40000,5545,Alvorada D'Oeste/RO,0.0
Desastres geo-hidrológicos,60060,Gestão de resíduos e limpeza pública,2015,,Presente,verylow,Muito baixo,#F40000,3411,Alvorada do Gurguéia/PI,0.0
Desastres geo-hidrológicos,60060,Gestão de resíduos e limpeza pública,2015,,Presente,verylow,Muito baixo,#F40000,3052,Alvorada/TO,0.0
Desastres geo-hidrológicos,60060,Gestão de resíduos e limpeza pública,2015,,Presente,verylow,Muito baixo,#F40000,4872,Amaralina/GO,0.0
Desastres geo-hidrológicos,60060,Gestão de resíduos e limpeza pública,2015,,Presente,verylow,Muito baixo,#F40000,2943,Ananindeua/PA,0.0
Desastres geo-hidrológicos,60060,Gestão de resíduos e limpeza pública,2015,,Presente,verylow,Muito baixo,#F40000,3199,Anapurus/MA,0.0
Desastres geo-hidrológicos,60060,Gestão de resíduos e limpeza pública,2015,,Presente,verylow,Muito baixo,#F40000,2384,Angelina/SC,0.0
Desastres geo-hidrológicos,60060,Gestão de resíduos e limpeza pública,2015,,Presente,verylow,Muito baixo,#F40000,4578,Anguera/BA,0.0
Desastres geo-hidrológicos,60060,Gestão de resíduos e limpeza pública,2015,,Presente,verylow,Muito baixo,#F40000,2657,Anhanguera/GO,0.0
Desastres geo-hidrológicos,60060,Gestão de resíduos e limpeza pública,2015,,Presente,verylow,Muito baixo,#F40000,3414,Anísio de Abreu/PI,0.0
Desastres geo-hidrológicos,60060,Gestão de resíduos e limpeza pública,2015,,Presente,verylow,Muito baixo,#F40000,4579,Antas/BA,0.0
Desastres geo-hidrológicos,60060,Gestão de resíduos e limpeza pública,2015,,Presente,verylow,Muito baixo,#F40000,3820,Antônio Martins/RN,0.0
Desastres geo-hidrológicos,60060,Gestão de resíduos e limpeza pública,2015,,Presente,verylow,Muito baixo,#F40000,2889,Apiacás/MT,0.0
Desastres geo-hidrológicos,60060,Gestão de resíduos e limpeza pública,2015,,Presente,verylow,Muito baixo,#F40000,3200,Apicum-Açu/MA,0.0
Desastres geo-hidrológicos,60060,Gestão de resíduos e limpeza pública,2015,,Presente,verylow,Muito baixo,#F40000,4582,Aporá/BA,0.0
Desastres geo-hidrológicos,60060,Gestão de resíduos e limpeza pública,2015,,Presente,verylow,Muito baixo,#F40000,658,Aporé/GO,0.0
Desastres geo-hidrológicos,60060,Gestão de resíduos e limpeza pública,2015,,Presente,verylow,Muito baixo,#F40000,4583,Apuarema/BA,0.0
Desastres geo-hidrológicos,60060,Gestão de resíduos e limpeza pública,2015,,Presente,verylow,Muito baixo,#F40000,1802,Araçariguama/SP,0.0
Desastres geo-hidrológicos,60060,Gestão de resíduos e limpeza pública,2015,,Presente,verylow,Muito baixo,#F40000,3056,Aragominas/TO,0.0
Desastres geo-hidrológicos,60060,Gestão de resíduos e limpeza pública,2015,,Presente,verylow,Muito baixo,#F40000,4949,Araguaiana/MT,0.0
Desastres geo-hidrológicos,60060,Gestão de resíduos e limpeza pública,2015,,Presente,verylow,Muito baixo,#F40000,2662,Araguapaz/GO,0.0
Desastres geo-hidrológicos,60060,Gestão de resíduos e limpeza pública,2015,,Presente,verylow,Muito baixo,#F40000,3202,Araioses/MA,0.0
Desastres geo-hidrológicos,60060,Gestão de resíduos e limpeza pública,2015,,Presente,verylow,Muito baixo,#F40000,1807,Arapeí/SP,0.0
Desastres geo-hidrológicos,60060,Gestão de resíduos e limpeza pública,2015,,Presente,verylow,Muito baixo,#F40000,3204,Arari/MA,0.0
Desastres geo-hidrológicos,60060,Gestão de resíduos e limpeza pública,2015,,Presente,verylow,Muito baixo,#F40000,798,Arceburgo/MG,0.0
Desastres geo-hidrológicos,60060,Gestão de resíduos e limpeza pública,2015,,Presente,verylow,Muito baixo,#F40000,3994,Areia de Baraúnas/PB,0.0
Desastres geo-hidrológicos,60060,Gestão de resíduos e limpeza pública,2015,,Presente,verylow,Muito baixo,#F40000,4967,Arenópolis/GO,0.0
Desastres geo-hidrológicos,60060,Gestão de resíduos e limpeza pública,2015,,Presente,verylow,Muito baixo,#F40000,3823,Arês/RN,0.0
Desastres geo-hidrológicos,60060,Gestão de resíduos e limpeza pública,2015,,Presente,verylow,Muito baixo,#F40000,3418,Arraial/PI,0.0
Desastres geo-hidrológicos,60060,Gestão de resíduos e limpeza pública,2015,,Presente,verylow,Muito baixo,#F40000,5464,Atalaia do Norte/AM,0.0
Desastres geo-hidrológicos,60060,Gestão de resíduos e limpeza pública,2015,,Presente,verylow,Muito baixo,#F40000,805,Ataléia/MG,0.0
Desastres geo-hidrológicos,60060,Gestão de resíduos e limpeza pública,2015,,Presente,verylow,Muito baixo,#F40000,806,Augusto de Lima/MG,0.0
Desastres geo-hidrológicos,60060,Gestão de resíduos e limpeza pública,2015,,Presente,verylow,Muito baixo,#F40000,2663,Aurilândia/GO,0.0
Desastres geo-hidrológicos,60060,Gestão de resíduos e limpeza pública,2015,,Presente,verylow,Muito baixo,#F40000,3066,Axixá do Tocantins/TO,0.0
Desastres geo-hidrológicos,60060,Gestão de resíduos e limpeza pública,2015,,Presente,verylow,Muito baixo,#F40000,3209,Bacurituba/MA,0.0
Desastres geo-hidrológicos,60060,Gestão de resíduos e limpeza pública,2015,,Presente,verylow,Muito baixo,#F40000,4589,Baixa Grande/BA,0.0
Desastres geo-hidrológicos,60060,Gestão de resíduos e limpeza pública,2015,,Presente,verylow,Muito baixo,#F40000,3421,Baixa Grande do Ribeiro/PI,0.0
Desastres geo-hidrológicos,60060,Gestão de resíduos e limpeza pública,2015,,Presente,verylow,Muito baixo,#F40000,2397,Balneário Camboriú/SC,0.0
Desastres geo-hidrológicos,60060,Gestão de resíduos e limpeza pública,2015,,Presente,verylow,Muito baixo,#F40000,34,Bandeirante/SC,0.0
Desastres geo-hidrológicos,60060,Gestão de resíduos e limpeza pública,2015,,Presente,verylow,Muito baixo,#F40000,531,Bandeirantes/MS,0.0
Desastres geo-hidrológicos,60060,Gestão de resíduos e limpeza pública,2015,,Presente,verylow,Muito baixo,#F40000,4590,Banzaê/BA,0.0
Desastres geo-hidrológicos,60060,Gestão de resíduos e limpeza pública,2015,,Presente,verylow,Muito baixo,#F40000,3211,Barão de Grajaú/MA,0.0
Desastres geo-hidrológicos,60060,Gestão de resíduos e limpeza pública,2015,,Presente,verylow,Muito baixo,#F40000,3422,Barra D'Alcântara/PI,0.0
Desastres geo-hidrológicos,60060,Gestão de resíduos e limpeza pública,2015,,Presente,verylow,Muito baixo,#F40000,4002,Barra de Santa Rosa/PB,0.0
Desastres geo-hidrológicos,60060,Gestão de resíduos e limpeza pública,2015,,Presente,verylow,Muito baixo,#F40000,675,Barra do Choça/BA,0.0
Desastres geo-hidrológicos,60060,Gestão de resíduos e limpeza pública,2015,,Presente,verylow,Muito baixo,#F40000,4593,Barra do Mendes/BA,0.0
Desastres geo-hidrológicos,60060,Gestão de resíduos e limpeza pública,2015,,Presente,verylow,Muito baixo,#F40000,3069,Barra do Ouro/TO,0.0
Desastres geo-hidrológicos,60060,Gestão de resíduos e limpeza pública,2015,,Presente,verylow,Muito baixo,#F40000,1690,Barra do Piraí/RJ,0.0
Desastres geo-hidrológicos,60060,Gestão de resíduos e limpeza pública,2015,,Presente,verylow,Muito baixo,#F40000,4926,Barra do Ribeiro/RS,0.0
Desastres geo-hidrológicos,60060,Gestão de resíduos e limpeza pública,2015,,Presente,verylow,Muito baixo,#F40000,4596,Barro Alto/BA,0.0
Desastres geo-hidrológicos,60060,Gestão de resíduos e limpeza pública,2015,,Presente,verylow,Muito baixo,#F40000,2665,Barro Alto/GO,0.0
Desastres geo-hidrológicos,60060,Gestão de resíduos e limpeza pública,2015,,Presente,verylow,Muito baixo,#F40000,3425,Barro Duro/PI,0.0
Desastres geo-hidrológicos,60060,Gestão de resíduos e limpeza pública,2015,,Presente,verylow,Muito baixo,#F40000,3070,Barrolândia/TO,0.0
Desastres geo-hidrológicos,60060,Gestão de resíduos e limpeza pública,2015,,Presente,verylow,Muito baixo,#F40000,676,Barro Preto/BA,0.0
Desastres geo-hidrológicos,60060,Gestão de resíduos e limpeza pública,2015,,Presente,verylow,Muito baixo,#F40000,1838,Batatais/SP,0.0
Desastres geo-hidrológicos,60060,Gestão de resíduos e limpeza pública,2015,,Presente,verylow,Muito baixo,#F40000,4006,Belém do Brejo do Cruz/PB,0.0
Desastres geo-hidrológicos,60060,Gestão de resíduos e limpeza pública,2015,,Presente,verylow,Muito baixo,#F40000,4005,Belém/PB,0.0
Desastres geo-hidrológicos,60060,Gestão de resíduos e limpeza pública,2015,,Presente,verylow,Muito baixo,#F40000,36,Belmonte/SC,0.0
Desastres geo-hidrológicos,60060,Gestão de resíduos e limpeza pública,2015,,Presente,verylow,Muito baixo,#F40000,678,Belo Campo/BA,0.0
Desastres geo-hidrológicos,60060,Gestão de resíduos e limpeza pública,2015,,Presente,verylow,Muito baixo,#F40000,3216,Benedito Leite/MA,0.0
Desastres geo-hidrológicos,60060,Gestão de resíduos e limpeza pública,2015,,Presente,verylow,Muito baixo,#F40000,3217,Bequimão/MA,0.0
Desastres geo-hidrológicos,60060,Gestão de resíduos e limpeza pública,2015,,Presente,verylow,Muito baixo,#F40000,2403,Biguaçu/SC,0.0
Desastres geo-hidrológicos,60060,Gestão de resíduos e limpeza pública,2015,,Presente,verylow,Muito baixo,#F40000,828,Biquinhas/MG,0.0
Desastres geo-hidrológicos,60060,Gestão de resíduos e limpeza pública,2015,,Presente,verylow,Muito baixo,#F40000,4598,Biritinga/BA,0.0
Desastres geo-hidrológicos,60060,Gestão de resíduos e limpeza pública,2015,,Presente,verylow,Muito baixo,#F40000,829,Boa Esperança/MG,0.0
Desastres geo-hidrológicos,60060,Gestão de resíduos e limpeza pública,2015,,Presente,verylow,Muito baixo,#F40000,3432,Boa Hora/PI,0.0
Desastres geo-hidrológicos,60060,Gestão de resíduos e limpeza pública,2015,,Presente,verylow,Muito baixo,#F40000,4009,Boa Vista/PB,0.0
Desastres geo-hidrológicos,60060,Gestão de resíduos e limpeza pública,2015,,Presente,verylow,Muito baixo,#F40000,661,Bom Jardim de Goiás/GO,0.0
Desastres geo-hidrológicos,60060,Gestão de resíduos e limpeza pública,2015,,Presente,verylow,Muito baixo,#F40000,4600,Bom Jesus da Lapa/BA,0.0
Desastres geo-hidrológicos,60060,Gestão de resíduos e limpeza pública,2015,,Presente,verylow,Muito baixo,#F40000,679,Bom Jesus da Serra/BA,0.0
Desastres geo-hidrológicos,60060,Gestão de resíduos e limpeza pública,2015,,Presente,verylow,Muito baixo,#F40000,3222,Bom Lugar/MA,0.0
Desastres geo-hidrológicos,60060,Gestão de resíduos e limpeza pública,2015,,Presente,verylow,Muito baixo,#F40000,3435,Bom Princípio do Piauí/PI,0.0
Desastres geo-hidrológicos,60060,Gestão de resíduos e limpeza pública,2015,,Presente,verylow,Muito baixo,#F40000,3436,Bonfim do Piauí/PI,0.0
Desastres geo-hidrológicos,60060,Gestão de resíduos e limpeza pública,2015,,Presente,verylow,Muito baixo,#F40000,841,Bonito de Minas/MG,0.0
Desastres geo-hidrológicos,60060,Gestão de resíduos e limpeza pública,2015,,Presente,verylow,Muito baixo,#F40000,4873,Bonópolis/GO,0.0
Desastres geo-hidrológicos,60060,Gestão de resíduos e limpeza pública,2015,,Presente,verylow,Muito baixo,#F40000,3437,Boqueirão do Piauí/PI,0.0
Desastres geo-hidrológicos,60060,Gestão de resíduos e limpeza pública,2015,,Presente,verylow,Muito baixo,#F40000,2669,Brazabrantes/GO,0.0
Desastres geo-hidrológicos,60060,Gestão de resíduos e limpeza pública,2015,,Presente,verylow,Muito baixo,#F40000,3224,Brejo de Areia/MA,0.0
Desastres geo-hidrológicos,60060,Gestão de resíduos e limpeza pública,2015,,Presente,verylow,Muito baixo,#F40000,4016,Brejo do Cruz/PB,0.0
Desastres geo-hidrológicos,60060,Gestão de resíduos e limpeza pública,2015,,Presente,verylow,Muito baixo,#F40000,4017,Brejo dos Santos/PB,0.0
Desastres geo-hidrológicos,60060,Gestão de resíduos e limpeza pública,2015,,Presente,verylow,Muito baixo,#F40000,4605,Brejões/BA,0.0
Desastres geo-hidrológicos,60060,Gestão de resíduos e limpeza pública,2015,,Presente,verylow,Muito baixo,#F40000,4496,Brejo Grande/SE,0.0
Desastres geo-hidrológicos,60060,Gestão de resíduos e limpeza pública,2015,,Presente,verylow,Muito baixo,#F40000,4606,Brejolândia/BA,0.0
Desastres geo-hidrológicos,60060,Gestão de resíduos e limpeza pública,2015,,Presente,verylow,Muito baixo,#F40000,4984,Brumado/BA,0.0
Desastres geo-hidrológicos,60060,Gestão de resíduos e limpeza pública,2015,,Presente,verylow,Muito baixo,#F40000,852,Buenópolis/MG,0.0
Desastres geo-hidrológicos,60060,Gestão de resíduos e limpeza pública,2015,,Presente,verylow,Muito baixo,#F40000,853,Bugre/MG,0.0
Desastres geo-hidrológicos,60060,Gestão de resíduos e limpeza pública,2015,,Presente,verylow,Muito baixo,#F40000,2958,Bujaru/PA,0.0
Desastres geo-hidrológicos,60060,Gestão de resíduos e limpeza pública,2015,,Presente,verylow,Muito baixo,#F40000,3225,Buriti/MA,0.0
Desastres geo-hidrológicos,60060,Gestão de resíduos e limpeza pública,2015,,Presente,verylow,Muito baixo,#F40000,4609,Cabaceiras do Paraguaçu/BA,0.0
Desastres geo-hidrológicos,60060,Gestão de resíduos e limpeza pública,2015,,Presente,verylow,Muito baixo,#F40000,5523,Cabixi/RO,0.0
Desastres geo-hidrológicos,60060,Gestão de resíduos e limpeza pública,2015,,Presente,verylow,Muito baixo,#F40000,858,Cachoeira da Prata/MG,0.0
Desastres geo-hidrológicos,60060,Gestão de resíduos e limpeza pública,2015,,Presente,verylow,Muito baixo,#F40000,782,Cachoeira de Pajeú/MG,0.0
Desastres geo-hidrológicos,60060,Gestão de resíduos e limpeza pública,2015,,Presente,verylow,Muito baixo,#F40000,1869,Cachoeira Paulista/SP,0.0
Desastres geo-hidrológicos,60060,Gestão de resíduos e limpeza pública,2015,,Presente,verylow,Muito baixo,#F40000,3076,Cachoeirinha/TO,0.0
Desastres geo-hidrológicos,60060,Gestão de resíduos e limpeza pública,2015,,Presente,verylow,Muito baixo,#F40000,4022,Cacimba de Areia/PB,0.0
Desastres geo-hidrológicos,60060,Gestão de resíduos e limpeza pública,2015,,Presente,verylow,Muito baixo,#F40000,4398,Cacimbinhas/AL,0.0
Desastres geo-hidrológicos,60060,Gestão de resíduos e limpeza pública,2015,,Presente,verylow,Muito baixo,#F40000,4985,Caetanos/BA,0.0
Desastres geo-hidrológicos,60060,Gestão de resíduos e limpeza pública,2015,,Presente,verylow,Muito baixo,#F40000,4986,Caetité/BA,0.0
Desastres geo-hidrológicos,60060,Gestão de resíduos e limpeza pública,2015,,Presente,verylow,Muito baixo,#F40000,4612,Cafarnaum/BA,0.0
Desastres geo-hidrológicos,60060,Gestão de resíduos e limpeza pública,2015,,Presente,verylow,Muito baixo,#F40000,4969,Caiapônia/GO,0.0
Desastres geo-hidrológicos,60060,Gestão de resíduos e limpeza pública,2015,,Presente,verylow,Muito baixo,#F40000,3833,Caiçara do Rio do Vento/RN,0.0
Desastres geo-hidrológicos,60060,Gestão de resíduos e limpeza pública,2015,,Presente,verylow,Muito baixo,#F40000,3230,Cajapió/MA,0.0
Desastres geo-hidrológicos,60060,Gestão de resíduos e limpeza pública,2015,,Presente,verylow,Muito baixo,#F40000,3231,Cajari/MA,0.0
Desastres geo-hidrológicos,60060,Gestão de resíduos e limpeza pública,2015,,Presente,verylow,Muito baixo,#F40000,4236,Calçado/PE,0.0
Desastres geo-hidrológicos,60060,Gestão de resíduos e limpeza pública,2015,,Presente,verylow,Muito baixo,#F40000,4028,Caldas Brandão/PB,0.0
Desastres geo-hidrológicos,60060,Gestão de resíduos e limpeza pública,2015,,Presente,verylow,Muito baixo,#F40000,180,Camargo/RS,0.0
Desastres geo-hidrológicos,60060,Gestão de resíduos e limpeza pública,2015,,Presente,verylow,Muito baixo,#F40000,2680,Campestre de Goiás/GO,0.0
Desastres geo-hidrológicos,60060,Gestão de resíduos e limpeza pública,2015,,Presente,verylow,Muito baixo,#F40000,874,Campo Azul/MG,0.0
Desastres geo-hidrológicos,60060,Gestão de resíduos e limpeza pública,2015,,Presente,verylow,Muito baixo,#F40000,3449,Campo Largo do Piauí/PI,0.0
Desastres geo-hidrológicos,60060,Gestão de resíduos e limpeza pública,2015,,Presente,verylow,Muito baixo,#F40000,3835,Campo Redondo/RN,0.0
Desastres geo-hidrológicos,60060,Gestão de resíduos e limpeza pública,2015,,Presente,verylow,Muito baixo,#F40000,3077,Campos Lindos/TO,0.0
Desastres geo-hidrológicos,60060,Gestão de resíduos e limpeza pública,2015,,Presente,verylow,Muito baixo,#F40000,3660,Campos Sales/CE,0.0
Desastres geo-hidrológicos,60060,Gestão de resíduos e limpeza pública,2015,,Presente,verylow,Muito baixo,#F40000,5014,Campos Verdes/GO,0.0
Desastres geo-hidrológicos,60060,Gestão de resíduos e limpeza pública,2015,,Presente,verylow,Muito baixo,#F40000,3451,Canavieira/PI,0.0
Desastres geo-hidrológicos,60060,Gestão de resíduos e limpeza pública,2015,,Presente,verylow,Muito baixo,#F40000,4621,Candeal/BA,0.0
Desastres geo-hidrológicos,60060,Gestão de resíduos e limpeza pública,2015,,Presente,verylow,Muito baixo,#F40000,3233,Cândido Mendes/MA,0.0
Desastres geo-hidrológicos,60060,Gestão de resíduos e limpeza pública,2015,,Presente,verylow,Muito baixo,#F40000,686,Cândido Sales/BA,0.0
Desastres geo-hidrológicos,60060,Gestão de resíduos e limpeza pública,2015,,Presente,verylow,Muito baixo,#F40000,4498,Canhoba/SE,0.0
Desastres geo-hidrológicos,60060,Gestão de resíduos e limpeza pública,2015,,Presente,verylow,Muito baixo,#F40000,3452,Canto do Buriti/PI,0.0
Desastres geo-hidrológicos,60060,Gestão de resíduos e limpeza pública,2015,,Presente,verylow,Muito baixo,#F40000,889,Capim Branco/MG,0.0
Desastres geo-hidrológicos,60060,Gestão de resíduos e limpeza pública,2015,,Presente,verylow,Muito baixo,#F40000,4031,Capim/PB,0.0
Desastres geo-hidrológicos,60060,Gestão de resíduos e limpeza pública,2015,,Presente,verylow,Muito baixo,#F40000,3454,Capitão Gervásio Oliveira/PI,0.0
Desastres geo-hidrológicos,60060,Gestão de resíduos e limpeza pública,2015,,Presente,verylow,Muito baixo,#F40000,893,Capitólio/MG,0.0
Desastres geo-hidrológicos,60060,Gestão de resíduos e limpeza pública,2015,,Presente,verylow,Muito baixo,#F40000,894,Caputira/MG,0.0
Desastres geo-hidrológicos,60060,Gestão de resíduos e limpeza pública,2015,,Presente,verylow,Muito baixo,#F40000,687,Caraíbas/BA,0.0
Desastres geo-hidrológicos,60060,Gestão de resíduos e limpeza pública,2015,,Presente,verylow,Muito baixo,#F40000,3456,Caraúbas do Piauí/PI,0.0
Desastres geo-hidrológicos,60060,Gestão de resíduos e limpeza pública,2015,,Presente,verylow,Muito baixo,#F40000,3663,Caridade/CE,0.0
Desastres geo-hidrológicos,60060,Gestão de resíduos e limpeza pública,2015,,Presente,verylow,Muito baixo,#F40000,3457,Caridade do Piauí/PI,0.0
Desastres geo-hidrológicos,60060,Gestão de resíduos e limpeza pública,2015,,Presente,verylow,Muito baixo,#F40000,3078,Cariri do Tocantins/TO,0.0
Desastres geo-hidrológicos,60060,Gestão de resíduos e limpeza pública,2015,,Presente,verylow,Muito baixo,#F40000,1703,Carmo/RJ,0.0
Desastres geo-hidrológicos,60060,Gestão de resíduos e limpeza pública,2015,,Presente,verylow,Muito baixo,#F40000,3839,Carnaubais/RN,0.0
Desastres geo-hidrológicos,60060,Gestão de resíduos e limpeza pública,2015,,Presente,verylow,Muito baixo,#F40000,4244,Carnaubeira da Penha/PE,0.0
Desastres geo-hidrológicos,60060,Gestão de resíduos e limpeza pública,2015,,Presente,verylow,Muito baixo,#F40000,911,Carneirinho/MG,0.0
Desastres geo-hidrológicos,60060,Gestão de resíduos e limpeza pública,2015,,Presente,verylow,Muito baixo,#F40000,3237,Carutapera/MA,0.0
Desastres geo-hidrológicos,60060,Gestão de resíduos e limpeza pública,2015,,Presente,verylow,Muito baixo,#F40000,914,Carvalhos/MG,0.0
Desastres geo-hidrológicos,60060,Gestão de resíduos e limpeza pública,2015,,Presente,verylow,Muito baixo,#F40000,195,Casca/RS,0.0
Desastres geo-hidrológicos,60060,Gestão de resíduos e limpeza pública,2015,,Presente,verylow,Muito baixo,#F40000,3081,Caseara/TO,0.0
Desastres geo-hidrológicos,60060,Gestão de resíduos e limpeza pública,2015,,Presente,verylow,Muito baixo,#F40000,2684,Castelândia/GO,0.0
Desastres geo-hidrológicos,60060,Gestão de resíduos e limpeza pública,2015,,Presente,verylow,Muito baixo,#F40000,4631,Catu/BA,0.0
Desastres geo-hidrológicos,60060,Gestão de resíduos e limpeza pública,2015,,Presente,verylow,Muito baixo,#F40000,922,Catuji/MG,0.0
Desastres geo-hidrológicos,60060,Gestão de resíduos e limpeza pública,2015,,Presente,verylow,Muito baixo,#F40000,3459,Caxingó/PI,0.0
Desastres geo-hidrológicos,60060,Gestão de resíduos e limpeza pública,2015,,Presente,verylow,Muito baixo,#F40000,3840,Ceará-Mirim/RN,0.0
Desastres geo-hidrológicos,60060,Gestão de resíduos e limpeza pública,2015,,Presente,verylow,Muito baixo,#F40000,3239,Cedral/MA,0.0
Desastres geo-hidrológicos,60060,Gestão de resíduos e limpeza pública,2015,,Presente,verylow,Muito baixo,#F40000,198,Centenário/RS,0.0
Desastres geo-hidrológicos,60060,Gestão de resíduos e limpeza pública,2015,,Presente,verylow,Muito baixo,#F40000,3240,Central do Maranhão/MA,0.0
Desastres geo-hidrológicos,60060,Gestão de resíduos e limpeza pública,2015,,Presente,verylow,Muito baixo,#F40000,203,Cerro Largo/RS,0.0
Desastres geo-hidrológicos,60060,Gestão de resíduos e limpeza pública,2015,,Presente,verylow,Muito baixo,#F40000,929,Chalé/MG,0.0
Desastres geo-hidrológicos,60060,Gestão de resíduos e limpeza pública,2015,,Presente,verylow,Muito baixo,#F40000,3243,Chapadinha/MA,0.0
Desastres geo-hidrológicos,60060,Gestão de resíduos e limpeza pública,2015,,Presente,verylow,Muito baixo,#F40000,4634,Chorrochó/BA,0.0
Desastres geo-hidrológicos,60060,Gestão de resíduos e limpeza pública,2015,,Presente,verylow,Muito baixo,#F40000,5554,Chupinguaia/RO,0.0
Desastres geo-hidrológicos,60060,Gestão de resíduos e limpeza pública,2015,,Presente,verylow,Muito baixo,#F40000,210,Ciríaco/RS,0.0
Desastres geo-hidrológicos,60060,Gestão de resíduos e limpeza pública,2015,,Presente,verylow,Muito baixo,#F40000,5478,Coari/AM,0.0
Desastres geo-hidrológicos,60060,Gestão de resíduos e limpeza pública,2015,,Presente,verylow,Muito baixo,#F40000,4953,Cocalinho/MT,0.0
Desastres geo-hidrológicos,60060,Gestão de resíduos e limpeza pública,2015,,Presente,verylow,Muito baixo,#F40000,2967,Colares/PA,0.0
Desastres geo-hidrológicos,60060,Gestão de resíduos e limpeza pública,2015,,Presente,verylow,Muito baixo,#F40000,5015,Colinas do Sul/GO,0.0
Desastres geo-hidrológicos,60060,Gestão de resíduos e limpeza pública,2015,,Presente,verylow,Muito baixo,#F40000,3144,Colméia/TO,0.0
Desastres geo-hidrológicos,60060,Gestão de resíduos e limpeza pública,2015,,Presente,verylow,Muito baixo,#F40000,2896,Colniza/MT,0.0
Desastres geo-hidrológicos,60060,Gestão de resíduos e limpeza pública,2015,,Presente,verylow,Muito baixo,#F40000,3464,Colônia do Gurguéia/PI,0.0
Desastres geo-hidrológicos,60060,Gestão de resíduos e limpeza pública,2015,,Presente,verylow,Muito baixo,#F40000,3465,Colônia do Piauí/PI,0.0
Desastres geo-hidrológicos,60060,Gestão de resíduos e limpeza pública,2015,,Presente,verylow,Muito baixo,#F40000,5526,Colorado do Oeste/RO,0.0
Desastres geo-hidrológicos,60060,Gestão de resíduos e limpeza pública,2015,,Presente,verylow,Muito baixo,#F40000,212,Colorado/RS,0.0
Desastres geo-hidrológicos,60060,Gestão de resíduos e limpeza pública,2015,,Presente,verylow,Muito baixo,#F40000,918,Conceição da Barra de Minas/MG,0.0
Desastres geo-hidrológicos,60060,Gestão de resíduos e limpeza pública,2015,,Presente,verylow,Muito baixo,#F40000,4637,Conceição da Feira/BA,0.0
Desastres geo-hidrológicos,60060,Gestão de resíduos e limpeza pública,2015,,Presente,verylow,Muito baixo,#F40000,3087,Conceição do Tocantins/TO,0.0
Desastres geo-hidrológicos,60060,Gestão de resíduos e limpeza pública,2015,,Presente,verylow,Muito baixo,#F40000,2969,Concórdia do Pará/PA,0.0
Desastres geo-hidrológicos,60060,Gestão de resíduos e limpeza pública,2015,,Presente,verylow,Muito baixo,#F40000,690,Condeúba/BA,0.0
Desastres geo-hidrológicos,60060,Gestão de resíduos e limpeza pública,2015,,Presente,verylow,Muito baixo,#F40000,949,Cônego Marinho/MG,0.0
Desastres geo-hidrológicos,60060,Gestão de resíduos e limpeza pública,2015,,Presente,verylow,Muito baixo,#F40000,4041,Congo/PB,0.0
Desastres geo-hidrológicos,60060,Gestão de resíduos e limpeza pública,2015,,Presente,verylow,Muito baixo,#F40000,4642,Contendas do Sincorá/BA,0.0
Desastres geo-hidrológicos,60060,Gestão de resíduos e limpeza pública,2015,,Presente,verylow,Muito baixo,#F40000,3249,Coroatá/MA,0.0
Desastres geo-hidrológicos,60060,Gestão de resíduos e limpeza pública,2015,,Presente,verylow,Muito baixo,#F40000,970,Córrego Danta/MG,0.0
Desastres geo-hidrológicos,60060,Gestão de resíduos e limpeza pública,2015,,Presente,verylow,Muito baixo,#F40000,3468,Corrente/PI,0.0
Desastres geo-hidrológicos,60060,Gestão de resíduos e limpeza pública,2015,,Presente,verylow,Muito baixo,#F40000,5528,Costa Marques/RO,0.0
Desastres geo-hidrológicos,60060,Gestão de resíduos e limpeza pública,2015,,Presente,verylow,Muito baixo,#F40000,4648,Cravolândia/BA,0.0
Desastres geo-hidrológicos,60060,Gestão de resíduos e limpeza pública,2015,,Presente,verylow,Muito baixo,#F40000,975,Crisólita/MG,0.0
Desastres geo-hidrológicos,60060,Gestão de resíduos e limpeza pública,2015,,Presente,verylow,Muito baixo,#F40000,4649,Crisópolis/BA,0.0
Desastres geo-hidrológicos,60060,Gestão de resíduos e limpeza pública,2015,,Presente,verylow,Muito baixo,#F40000,977,Cristália/MG,0.0
Desastres geo-hidrológicos,60060,Gestão de resíduos e limpeza pública,2015,,Presente,verylow,Muito baixo,#F40000,4045,Cubati/PB,0.0
Desastres geo-hidrológicos,60060,Gestão de resíduos e limpeza pública,2015,,Presente,verylow,Muito baixo,#F40000,4046,Cuité/PB,0.0
Desastres geo-hidrológicos,60060,Gestão de resíduos e limpeza pública,2015,,Presente,verylow,Muito baixo,#F40000,5031,Cumaru do Norte/PA,0.0
Desastres geo-hidrológicos,60060,Gestão de resíduos e limpeza pública,2015,,Presente,verylow,Muito baixo,#F40000,3473,Curralinhos/PI,0.0
Desastres geo-hidrológicos,60060,Gestão de resíduos e limpeza pública,2015,,Presente,verylow,Muito baixo,#F40000,2864,Curuá/PA,0.0
Desastres geo-hidrológicos,60060,Gestão de resíduos e limpeza pública,2015,,Presente,verylow,Muito baixo,#F40000,3250,Cururupu/MA,0.0
Desastres geo-hidrológicos,60060,Gestão de resíduos e limpeza pública,2015,,Presente,verylow,Muito baixo,#F40000,614,Curvelândia/MT,0.0
Desastres geo-hidrológicos,60060,Gestão de resíduos e limpeza pública,2015,,Presente,verylow,Muito baixo,#F40000,51,Descanso/SC,0.0
Desastres geo-hidrológicos,60060,Gestão de resíduos e limpeza pública,2015,,Presente,verylow,Muito baixo,#F40000,990,Descoberto/MG,0.0
Desastres geo-hidrológicos,60060,Gestão de resíduos e limpeza pública,2015,,Presente,verylow,Muito baixo,#F40000,230,Dezesseis de Novembro/RS,0.0
Desastres geo-hidrológicos,60060,Gestão de resíduos e limpeza pública,2015,,Presente,verylow,Muito baixo,#F40000,1925,Dobrada/SP,0.0
Desastres geo-hidrológicos,60060,Gestão de resíduos e limpeza pública,2015,,Presente,verylow,Muito baixo,#F40000,3094,Dois Irmãos do Tocantins/TO,0.0
Desastres geo-hidrológicos,60060,Gestão de resíduos e limpeza pública,2015,,Presente,verylow,Muito baixo,#F40000,4654,Dom Basílio/BA,0.0
Desastres geo-hidrológicos,60060,Gestão de resíduos e limpeza pública,2015,,Presente,verylow,Muito baixo,#F40000,1004,Dom Bosco/MG,0.0
Desastres geo-hidrológicos,60060,Gestão de resíduos e limpeza pública,2015,,Presente,verylow,Muito baixo,#F40000,3479,Dom Inocêncio/PI,0.0
Desastres geo-hidrológicos,60060,Gestão de resíduos e limpeza pública,2015,,Presente,verylow,Muito baixo,#F40000,1006,Dom Joaquim/MG,0.0
Desastres geo-hidrológicos,60060,Gestão de resíduos e limpeza pública,2015,,Presente,verylow,Muito baixo,#F40000,1014,Doresópolis/MG,0.0
Desastres geo-hidrológicos,60060,Gestão de resíduos e limpeza pública,2015,,Presente,verylow,Muito baixo,#F40000,4258,Dormentes/PE,0.0
Desastres geo-hidrológicos,60060,Gestão de resíduos e limpeza pública,2015,,Presente,verylow,Muito baixo,#F40000,3846,Doutor Severiano/RN,0.0
Desastres geo-hidrológicos,60060,Gestão de resíduos e limpeza pública,2015,,Presente,verylow,Muito baixo,#F40000,3480,Elesbão Veloso/PI,0.0
Desastres geo-hidrológicos,60060,Gestão de resíduos e limpeza pública,2015,,Presente,verylow,Muito baixo,#F40000,3481,Eliseu Martins/PI,0.0
Desastres geo-hidrológicos,60060,Gestão de resíduos e limpeza pública,2015,,Presente,verylow,Muito baixo,#F40000,4656,Elísio Medrado/BA,0.0
Desastres geo-hidrológicos,60060,Gestão de resíduos e limpeza pública,2015,,Presente,verylow,Muito baixo,#F40000,693,Encruzilhada/BA,0.0
Desastres geo-hidrológicos,60060,Gestão de resíduos e limpeza pública,2015,,Presente,verylow,Muito baixo,#F40000,1019,Engenheiro Navarro/MG,0.0
Desastres geo-hidrológicos,60060,Gestão de resíduos e limpeza pública,2015,,Presente,verylow,Muito baixo,#F40000,241,Engenho Velho/RS,0.0
Desastres geo-hidrológicos,60060,Gestão de resíduos e limpeza pública,2015,,Presente,verylow,Muito baixo,#F40000,4657,Entre Rios/BA,0.0
Desastres geo-hidrológicos,60060,Gestão de resíduos e limpeza pública,2015,,Presente,verylow,Muito baixo,#F40000,4569,Érico Cardoso/BA,0.0
Desastres geo-hidrológicos,60060,Gestão de resíduos e limpeza pública,2015,,Presente,verylow,Muito baixo,#F40000,2431,Ermo/SC,0.0
Desastres geo-hidrológicos,60060,Gestão de resíduos e limpeza pública,2015,,Presente,verylow,Muito baixo,#F40000,1023,Esmeraldas/MG,0.0
Desastres geo-hidrológicos,60060,Gestão de resíduos e limpeza pública,2015,,Presente,verylow,Muito baixo,#F40000,1029,Estrela do Indaiá/MG,0.0
Desastres geo-hidrológicos,60060,Gestão de resíduos e limpeza pública,2015,,Presente,verylow,Muito baixo,#F40000,4877,Estrela do Norte/GO,0.0
Desastres geo-hidrológicos,60060,Gestão de resíduos e limpeza pública,2015,,Presente,verylow,Muito baixo,#F40000,3483,Fartura do Piauí/PI,0.0
Desastres geo-hidrológicos,60060,Gestão de resíduos e limpeza pública,2015,,Presente,verylow,Muito baixo,#F40000,4660,Fátima/BA,0.0
Desastres geo-hidrológicos,60060,Gestão de resíduos e limpeza pública,2015,,Presente,verylow,Muito baixo,#F40000,4989,Feira da Mata/BA,0.0
Desastres geo-hidrológicos,60060,Gestão de resíduos e limpeza pública,2015,,Presente,verylow,Muito baixo,#F40000,1038,Felisburgo/MG,0.0
Desastres geo-hidrológicos,60060,Gestão de resíduos e limpeza pública,2015,,Presente,verylow,Muito baixo,#F40000,3257,Fernando Falcão/MA,0.0
Desastres geo-hidrológicos,60060,Gestão de resíduos e limpeza pública,2015,,Presente,verylow,Muito baixo,#F40000,1946,Ferraz de Vasconcelos/SP,0.0
Desastres geo-hidrológicos,60060,Gestão de resíduos e limpeza pública,2015,,Presente,verylow,Muito baixo,#F40000,3098,Figueirópolis/TO,0.0
Desastres geo-hidrológicos,60060,Gestão de resíduos e limpeza pública,2015,,Presente,verylow,Muito baixo,#F40000,3484,Flores do Piauí/PI,0.0
Desastres geo-hidrológicos,60060,Gestão de resíduos e limpeza pública,2015,,Presente,verylow,Muito baixo,#F40000,260,Floriano Peixoto/RS,0.0
Desastres geo-hidrológicos,60060,Gestão de resíduos e limpeza pública,2015,,Presente,verylow,Muito baixo,#F40000,4663,Formosa do Rio Preto/BA,0.0
Desastres geo-hidrológicos,60060,Gestão de resíduos e limpeza pública,2015,,Presente,verylow,Muito baixo,#F40000,3100,Formoso do Araguaia/TO,0.0
Desastres geo-hidrológicos,60060,Gestão de resíduos e limpeza pública,2015,,Presente,verylow,Muito baixo,#F40000,3259,Fortaleza dos Nogueiras/MA,0.0
Desastres geo-hidrológicos,60060,Gestão de resíduos e limpeza pública,2015,,Presente,verylow,Muito baixo,#F40000,3260,Fortuna/MA,0.0
Desastres geo-hidrológicos,60060,Gestão de resíduos e limpeza pública,2015,,Presente,verylow,Muito baixo,#F40000,3855,Francisco Dantas/RN,0.0
Desastres geo-hidrológicos,60060,Gestão de resíduos e limpeza pública,2015,,Presente,verylow,Muito baixo,#F40000,1052,Frei Gaspar/MG,0.0
Desastres geo-hidrológicos,60060,Gestão de resíduos e limpeza pública,2015,,Presente,verylow,Muito baixo,#F40000,4266,Frei Miguelinho/PE,0.0
Desastres geo-hidrológicos,60060,Gestão de resíduos e limpeza pública,2015,,Presente,verylow,Muito baixo,#F40000,1055,Fronteira/MG,0.0
Desastres geo-hidrológicos,60060,Gestão de resíduos e limpeza pública,2015,,Presente,verylow,Muito baixo,#F40000,1057,Fruta de Leite/MG,0.0
Desastres geo-hidrológicos,60060,Gestão de resíduos e limpeza pública,2015,,Presente,verylow,Muito baixo,#F40000,267,Garruchos/RS,0.0
Desastres geo-hidrológicos,60060,Gestão de resíduos e limpeza pública,2015,,Presente,verylow,Muito baixo,#F40000,2900,Gaúcha do Norte/MT,0.0
Desastres geo-hidrológicos,60060,Gestão de resíduos e limpeza pública,2015,,Presente,verylow,Muito baixo,#F40000,272,Giruá/RS,0.0
Desastres geo-hidrológicos,60060,Gestão de resíduos e limpeza pública,2015,,Presente,verylow,Muito baixo,#F40000,2708,Goianápolis/GO,0.0
Desastres geo-hidrológicos,60060,Gestão de resíduos e limpeza pública,2015,,Presente,verylow,Muito baixo,#F40000,3858,Goianinha/RN,0.0
Desastres geo-hidrológicos,60060,Gestão de resíduos e limpeza pública,2015,,Presente,verylow,Muito baixo,#F40000,3103,Goiatins/TO,0.0
Desastres geo-hidrológicos,60060,Gestão de resíduos e limpeza pública,2015,,Presente,verylow,Muito baixo,#F40000,5136,Goioerê/PR,0.0
Desastres geo-hidrológicos,60060,Gestão de resíduos e limpeza pública,2015,,Presente,verylow,Muito baixo,#F40000,4990,Gongogi/BA,0.0
Desastres geo-hidrológicos,60060,Gestão de resíduos e limpeza pública,2015,,Presente,verylow,Muito baixo,#F40000,3263,Governador Archer/MA,0.0
Desastres geo-hidrológicos,60060,Gestão de resíduos e limpeza pública,2015,,Presente,verylow,Muito baixo,#F40000,2439,Governador Celso Ramos/SC,0.0
Desastres geo-hidrológicos,60060,Gestão de resíduos e limpeza pública,2015,,Presente,verylow,Muito baixo,#F40000,3265,Governador Eugênio Barros/MA,0.0
Desastres geo-hidrológicos,60060,Gestão de resíduos e limpeza pública,2015,,Presente,verylow,Muito baixo,#F40000,3266,Governador Luiz Rocha/MA,0.0
Desastres geo-hidrológicos,60060,Gestão de resíduos e limpeza pública,2015,,Presente,verylow,Muito baixo,#F40000,4668,Governador Mangabeira/BA,0.0
Desastres geo-hidrológicos,60060,Gestão de resíduos e limpeza pública,2015,,Presente,verylow,Muito baixo,#F40000,273,Gramado dos Loureiros/RS,0.0
Desastres geo-hidrológicos,60060,Gestão de resíduos e limpeza pública,2015,,Presente,verylow,Muito baixo,#F40000,1069,Grão Mogol/MG,0.0
Desastres geo-hidrológicos,60060,Gestão de resíduos e limpeza pública,2015,,Presente,verylow,Muito baixo,#F40000,2441,Gravatal/SC,0.0
Desastres geo-hidrológicos,60060,Gestão de resíduos e limpeza pública,2015,,Presente,verylow,Muito baixo,#F40000,5530,Guajará-Mirim/RO,0.0
Desastres geo-hidrológicos,60060,Gestão de resíduos e limpeza pública,2015,,Presente,verylow,Muito baixo,#F40000,697,Guajeru/BA,0.0
Desastres geo-hidrológicos,60060,Gestão de resíduos e limpeza pública,2015,,Presente,verylow,Muito baixo,#F40000,1710,Guapimirim/RJ,0.0
Desastres geo-hidrológicos,60060,Gestão de resíduos e limpeza pública,2015,,Presente,verylow,Muito baixo,#F40000,2716,Guapó/GO,0.0
Desastres geo-hidrológicos,60060,Gestão de resíduos e limpeza pública,2015,,Presente,verylow,Muito baixo,#F40000,3695,Guaraciaba do Norte/CE,0.0
Desastres geo-hidrológicos,60060,Gestão de resíduos e limpeza pública,2015,,Presente,verylow,Muito baixo,#F40000,1074,Guaraciama/MG,0.0
Desastres geo-hidrológicos,60060,Gestão de resíduos e limpeza pública,2015,,Presente,verylow,Muito baixo,#F40000,3495,Guaribas/PI,0.0
Desastres geo-hidrológicos,60060,Gestão de resíduos e limpeza pública,2015,,Presente,verylow,Muito baixo,#F40000,59,Guarujá do Sul/SC,0.0
Desastres geo-hidrológicos,60060,Gestão de resíduos e limpeza pública,2015,,Presente,verylow,Muito baixo,#F40000,3271,Guimarães/MA,0.0
Desastres geo-hidrológicos,60060,Gestão de resíduos e limpeza pública,2015,,Presente,verylow,Muito baixo,#F40000,3105,Gurupi/TO,0.0
Desastres geo-hidrológicos,60060,Gestão de resíduos e limpeza pública,2015,,Presente,verylow,Muito baixo,#F40000,2719,Heitoraí/GO,0.0
Desastres geo-hidrológicos,60060,Gestão de resíduos e limpeza pública,2015,,Presente,verylow,Muito baixo,#F40000,4669,Heliópolis/BA,0.0
Desastres geo-hidrológicos,60060,Gestão de resíduos e limpeza pública,2015,,Presente,verylow,Muito baixo,#F40000,3496,Hugo Napoleão/PI,0.0
Desastres geo-hidrológicos,60060,Gestão de resíduos e limpeza pública,2015,,Presente,verylow,Muito baixo,#F40000,5018,Iaciara/GO,0.0
Desastres geo-hidrológicos,60060,Gestão de resíduos e limpeza pública,2015,,Presente,verylow,Muito baixo,#F40000,4670,Iaçu/BA,0.0
Desastres geo-hidrológicos,60060,Gestão de resíduos e limpeza pública,2015,,Presente,verylow,Muito baixo,#F40000,4065,Ibiara/PB,0.0
Desastres geo-hidrológicos,60060,Gestão de resíduos e limpeza pública,2015,,Presente,verylow,Muito baixo,#F40000,4672,Ibipeba/BA,0.0
Desastres geo-hidrológicos,60060,Gestão de resíduos e limpeza pública,2015,,Presente,verylow,Muito baixo,#F40000,4993,Ibirapitanga/BA,0.0
Desastres geo-hidrológicos,60060,Gestão de resíduos e limpeza pública,2015,,Presente,verylow,Muito baixo,#F40000,701,Ibirapuã/BA,0.0
Desastres geo-hidrológicos,60060,Gestão de resíduos e limpeza pública,2015,,Presente,verylow,Muito baixo,#F40000,1638,Iconha/ES,0.0
Desastres geo-hidrológicos,60060,Gestão de resíduos e limpeza pública,2015,,Presente,verylow,Muito baixo,#F40000,3862,Ielmo Marinho/RN,0.0
Desastres geo-hidrológicos,60060,Gestão de resíduos e limpeza pública,2015,,Presente,verylow,Muito baixo,#F40000,1097,Iguatama/MG,0.0
Desastres geo-hidrológicos,60060,Gestão de resíduos e limpeza pública,2015,,Presente,verylow,Muito baixo,#F40000,703,Ilhéus/BA,0.0
Desastres geo-hidrológicos,60060,Gestão de resíduos e limpeza pública,2015,,Presente,verylow,Muito baixo,#F40000,5351,Imbaú/PR,0.0
Desastres geo-hidrológicos,60060,Gestão de resíduos e limpeza pública,2015,,Presente,verylow,Muito baixo,#F40000,289,Imigrante/RS,0.0
Desastres geo-hidrológicos,60060,Gestão de resíduos e limpeza pública,2015,,Presente,verylow,Muito baixo,#F40000,4278,Inajá/PE,0.0
Desastres geo-hidrológicos,60060,Gestão de resíduos e limpeza pública,2015,,Presente,verylow,Muito baixo,#F40000,2723,Indiara/GO,0.0
Desastres geo-hidrológicos,60060,Gestão de resíduos e limpeza pública,2015,,Presente,verylow,Muito baixo,#F40000,1104,Ingaí/MG,0.0
Desastres geo-hidrológicos,60060,Gestão de resíduos e limpeza pública,2015,,Presente,verylow,Muito baixo,#F40000,3498,Inhuma/PI,0.0
Desastres geo-hidrológicos,60060,Gestão de resíduos e limpeza pública,2015,,Presente,verylow,Muito baixo,#F40000,4683,Ipecaetá/BA,0.0
Desastres geo-hidrológicos,60060,Gestão de resíduos e limpeza pública,2015,,Presente,verylow,Muito baixo,#F40000,4685,Ipirá/BA,0.0
Desastres geo-hidrológicos,60060,Gestão de resíduos e limpeza pública,2015,,Presente,verylow,Muito baixo,#F40000,3499,Ipiranga do Piauí/PI,0.0
Desastres geo-hidrológicos,60060,Gestão de resíduos e limpeza pública,2015,,Presente,verylow,Muito baixo,#F40000,4281,Ipubi/PE,0.0
Desastres geo-hidrológicos,60060,Gestão de resíduos e limpeza pública,2015,,Presente,verylow,Muito baixo,#F40000,4686,Ipupiara/BA,0.0
Desastres geo-hidrológicos,60060,Gestão de resíduos e limpeza pública,2015,,Presente,verylow,Muito baixo,#F40000,4688,Iramaia/BA,0.0
Desastres geo-hidrológicos,60060,Gestão de resíduos e limpeza pública,2015,,Presente,verylow,Muito baixo,#F40000,4689,Iraquara/BA,0.0
Desastres geo-hidrológicos,60060,Gestão de resíduos e limpeza pública,2015,,Presente,verylow,Muito baixo,#F40000,1118,Itacarambi/MG,0.0
Desastres geo-hidrológicos,60060,Gestão de resíduos e limpeza pública,2015,,Presente,verylow,Muito baixo,#F40000,4282,Itacuruba/PE,0.0
Desastres geo-hidrológicos,60060,Gestão de resíduos e limpeza pública,2015,,Presente,verylow,Muito baixo,#F40000,4694,Itaguaçu da Bahia/BA,0.0
Desastres geo-hidrológicos,60060,Gestão de resíduos e limpeza pública,2015,,Presente,verylow,Muito baixo,#F40000,3108,Itaguatins/TO,0.0
Desastres geo-hidrológicos,60060,Gestão de resíduos e limpeza pública,2015,,Presente,verylow,Muito baixo,#F40000,3865,Itajá/RN,0.0
Desastres geo-hidrológicos,60060,Gestão de resíduos e limpeza pública,2015,,Presente,verylow,Muito baixo,#F40000,709,Itamaraju/BA,0.0
Desastres geo-hidrológicos,60060,Gestão de resíduos e limpeza pública,2015,,Presente,verylow,Muito baixo,#F40000,711,Itanhém/BA,0.0
Desastres geo-hidrológicos,60060,Gestão de resíduos e limpeza pública,2015,,Presente,verylow,Muito baixo,#F40000,2731,Itapaci/GO,0.0
Desastres geo-hidrológicos,60060,Gestão de resíduos e limpeza pública,2015,,Presente,verylow,Muito baixo,#F40000,1716,Itaperuna/RJ,0.0
Desastres geo-hidrológicos,60060,Gestão de resíduos e limpeza pública,2015,,Presente,verylow,Muito baixo,#F40000,4286,Itapetim/PE,0.0
Desastres geo-hidrológicos,60060,Gestão de resíduos e limpeza pública,2015,,Presente,verylow,Muito baixo,#F40000,5489,Itapiranga/AM,0.0
Desastres geo-hidrológicos,60060,Gestão de resíduos e limpeza pública,2015,,Presente,verylow,Muito baixo,#F40000,3110,Itaporã do Tocantins/TO,0.0
Desastres geo-hidrológicos,60060,Gestão de resíduos e limpeza pública,2015,,Presente,verylow,Muito baixo,#F40000,560,Itaporã/MS,0.0
Desastres geo-hidrológicos,60060,Gestão de resíduos e limpeza pública,2015,,Presente,verylow,Muito baixo,#F40000,297,Itaqui/RS,0.0
Desastres geo-hidrológicos,60060,Gestão de resíduos e limpeza pública,2015,,Presente,verylow,Muito baixo,#F40000,4288,Itaquitinga/PE,0.0
Desastres geo-hidrológicos,60060,Gestão de resíduos e limpeza pública,2015,,Presente,verylow,Muito baixo,#F40000,4071,Itatuba/PB,0.0
Desastres geo-hidrológicos,60060,Gestão de resíduos e limpeza pública,2015,,Presente,verylow,Muito baixo,#F40000,2904,Itaúba/MT,0.0
Desastres geo-hidrológicos,60060,Gestão de resíduos e limpeza pública,2015,,Presente,verylow,Muito baixo,#F40000,3502,Itaueira/PI,0.0
Desastres geo-hidrológicos,60060,Gestão de resíduos e limpeza pública,2015,,Presente,verylow,Muito baixo,#F40000,622,Itiquira/MT,0.0
Desastres geo-hidrológicos,60060,Gestão de resíduos e limpeza pública,2015,,Presente,verylow,Muito baixo,#F40000,623,Jaciara/MT,0.0
Desastres geo-hidrológicos,60060,Gestão de resíduos e limpeza pública,2015,,Presente,verylow,Muito baixo,#F40000,4705,Jacobina/BA,0.0
Desastres geo-hidrológicos,60060,Gestão de resíduos e limpeza pública,2015,,Presente,verylow,Muito baixo,#F40000,3503,Jacobina do Piauí/PI,0.0
Desastres geo-hidrológicos,60060,Gestão de resíduos e limpeza pública,2015,,Presente,verylow,Muito baixo,#F40000,2040,Jacupiranga/SP,0.0
Desastres geo-hidrológicos,60060,Gestão de resíduos e limpeza pública,2015,,Presente,verylow,Muito baixo,#F40000,4707,Jaguarari/BA,0.0
Desastres geo-hidrológicos,60060,Gestão de resíduos e limpeza pública,2015,,Presente,verylow,Muito baixo,#F40000,3504,Jaicós/PI,0.0
Desastres geo-hidrológicos,60060,Gestão de resíduos e limpeza pública,2015,,Presente,verylow,Muito baixo,#F40000,2043,Jambeiro/SP,0.0
Desastres geo-hidrológicos,60060,Gestão de resíduos e limpeza pública,2015,,Presente,verylow,Muito baixo,#F40000,4709,Jandaíra/BA,0.0
Desastres geo-hidrológicos,60060,Gestão de resíduos e limpeza pública,2015,,Presente,verylow,Muito baixo,#F40000,3869,Janduís/RN,0.0
Desastres geo-hidrológicos,60060,Gestão de resíduos e limpeza pública,2015,,Presente,verylow,Muito baixo,#F40000,4425,Japaratinga/AL,0.0
Desastres geo-hidrológicos,60060,Gestão de resíduos e limpeza pública,2015,,Presente,verylow,Muito baixo,#F40000,3874,Jardim do Seridó/RN,0.0
Desastres geo-hidrológicos,60060,Gestão de resíduos e limpeza pública,2015,,Presente,verylow,Muito baixo,#F40000,3111,Jaú do Tocantins/TO,0.0
Desastres geo-hidrológicos,60060,Gestão de resíduos e limpeza pública,2015,,Presente,verylow,Muito baixo,#F40000,1158,Jequitaí/MG,0.0
Desastres geo-hidrológicos,60060,Gestão de resíduos e limpeza pública,2015,,Presente,verylow,Muito baixo,#F40000,1159,Jequitibá/MG,0.0
Desastres geo-hidrológicos,60060,Gestão de resíduos e limpeza pública,2015,,Presente,verylow,Muito baixo,#F40000,3507,Jerumenha/PI,0.0
Desastres geo-hidrológicos,60060,Gestão de resíduos e limpeza pública,2015,,Presente,verylow,Muito baixo,#F40000,3876,João Dias/RN,0.0
Desastres geo-hidrológicos,60060,Gestão de resíduos e limpeza pública,2015,,Presente,verylow,Muito baixo,#F40000,3509,Joaquim Pires/PI,0.0
Desastres geo-hidrológicos,60060,Gestão de resíduos e limpeza pública,2015,,Presente,verylow,Muito baixo,#F40000,306,Jóia/RS,0.0
Desastres geo-hidrológicos,60060,Gestão de resíduos e limpeza pública,2015,,Presente,verylow,Muito baixo,#F40000,3877,José da Penha/RN,0.0
Desastres geo-hidrológicos,60060,Gestão de resíduos e limpeza pública,2015,,Presente,verylow,Muito baixo,#F40000,4714,Juazeiro/BA,0.0
Desastres geo-hidrológicos,60060,Gestão de resíduos e limpeza pública,2015,,Presente,verylow,Muito baixo,#F40000,3513,Júlio Borges/PI,0.0
Desastres geo-hidrológicos,60060,Gestão de resíduos e limpeza pública,2015,,Presente,verylow,Muito baixo,#F40000,3879,Jundiá/RN,0.0
Desastres geo-hidrológicos,60060,Gestão de resíduos e limpeza pública,2015,,Presente,verylow,Muito baixo,#F40000,4296,Jupi/PE,0.0
Desastres geo-hidrológicos,60060,Gestão de resíduos e limpeza pública,2015,,Presente,verylow,Muito baixo,#F40000,1174,Juramento/MG,0.0
Desastres geo-hidrológicos,60060,Gestão de resíduos e limpeza pública,2015,,Presente,verylow,Muito baixo,#F40000,3514,Jurema/PI,0.0
Desastres geo-hidrológicos,60060,Gestão de resíduos e limpeza pública,2015,,Presente,verylow,Muito baixo,#F40000,5491,Juruá/AM,0.0
Desastres geo-hidrológicos,60060,Gestão de resíduos e limpeza pública,2015,,Presente,verylow,Muito baixo,#F40000,2907,Juruena/MT,0.0
Desastres geo-hidrológicos,60060,Gestão de resíduos e limpeza pública,2015,,Presente,verylow,Muito baixo,#F40000,4715,Jussara/BA,0.0
Desastres geo-hidrológicos,60060,Gestão de resíduos e limpeza pública,2015,,Presente,verylow,Muito baixo,#F40000,1177,Lagamar/MG,0.0
Desastres geo-hidrológicos,60060,Gestão de resíduos e limpeza pública,2015,,Presente,verylow,Muito baixo,#F40000,2464,Lages/SC,0.0
Desastres geo-hidrológicos,60060,Gestão de resíduos e limpeza pública,2015,,Presente,verylow,Muito baixo,#F40000,3113,Lagoa da Confusão/TO,0.0
Desastres geo-hidrológicos,60060,Gestão de resíduos e limpeza pública,2015,,Presente,verylow,Muito baixo,#F40000,3518,Lagoa de São Francisco/PI,0.0
Desastres geo-hidrológicos,60060,Gestão de resíduos e limpeza pública,2015,,Presente,verylow,Muito baixo,#F40000,3287,Lago Verde/MA,0.0
Desastres geo-hidrológicos,60060,Gestão de resíduos e limpeza pública,2015,,Presente,verylow,Muito baixo,#F40000,312,Lajeado do Bugre/RS,0.0
Desastres geo-hidrológicos,60060,Gestão de resíduos e limpeza pública,2015,,Presente,verylow,Muito baixo,#F40000,4719,Laje/BA,0.0
Desastres geo-hidrológicos,60060,Gestão de resíduos e limpeza pública,2015,,Presente,verylow,Muito baixo,#F40000,3886,Lajes Pintadas/RN,0.0
Desastres geo-hidrológicos,60060,Gestão de resíduos e limpeza pública,2015,,Presente,verylow,Muito baixo,#F40000,4722,Lamarão/BA,0.0
Desastres geo-hidrológicos,60060,Gestão de resíduos e limpeza pública,2015,,Presente,verylow,Muito baixo,#F40000,3521,Landri Sales/PI,0.0
Desastres geo-hidrológicos,60060,Gestão de resíduos e limpeza pública,2015,,Presente,verylow,Muito baixo,#F40000,4083,Lastro/PB,0.0
Desastres geo-hidrológicos,60060,Gestão de resíduos e limpeza pública,2015,,Presente,verylow,Muito baixo,#F40000,4725,Lençóis/BA,0.0
Desastres geo-hidrológicos,60060,Gestão de resíduos e limpeza pública,2015,,Presente,verylow,Muito baixo,#F40000,2985,Limoeiro do Ajuru/PA,0.0
Desastres geo-hidrológicos,60060,Gestão de resíduos e limpeza pública,2015,,Presente,verylow,Muito baixo,#F40000,4726,Livramento de Nossa Senhora/BA,0.0
Desastres geo-hidrológicos,60060,Gestão de resíduos e limpeza pública,2015,,Presente,verylow,Muito baixo,#F40000,3293,Loreto/MA,0.0
Desastres geo-hidrológicos,60060,Gestão de resíduos e limpeza pública,2015,,Presente,verylow,Muito baixo,#F40000,3888,Luís Gomes/RN,0.0
Desastres geo-hidrológicos,60060,Gestão de resíduos e limpeza pública,2015,,Presente,verylow,Muito baixo,#F40000,1198,Luislândia/MG,0.0
Desastres geo-hidrológicos,60060,Gestão de resíduos e limpeza pública,2015,,Presente,verylow,Muito baixo,#F40000,1200,Luz/MG,0.0
Desastres geo-hidrológicos,60060,Gestão de resíduos e limpeza pública,2015,,Presente,verylow,Muito baixo,#F40000,4523,Macambira/SE,0.0
Desastres geo-hidrológicos,60060,Gestão de resíduos e limpeza pública,2015,,Presente,verylow,Muito baixo,#F40000,723,Macarani/BA,0.0
Desastres geo-hidrológicos,60060,Gestão de resíduos e limpeza pública,2015,,Presente,verylow,Muito baixo,#F40000,4730,Macururé/BA,0.0
Desastres geo-hidrológicos,60060,Gestão de resíduos e limpeza pública,2015,,Presente,verylow,Muito baixo,#F40000,2472,Mafra/SC,0.0
Desastres geo-hidrológicos,60060,Gestão de resíduos e limpeza pública,2015,,Presente,verylow,Muito baixo,#F40000,3295,Magalhães de Almeida/MA,0.0
Desastres geo-hidrológicos,60060,Gestão de resíduos e limpeza pública,2015,,Presente,verylow,Muito baixo,#F40000,4732,Mairi/BA,0.0
Desastres geo-hidrológicos,60060,Gestão de resíduos e limpeza pública,2015,,Presente,verylow,Muito baixo,#F40000,5000,Malhada/BA,0.0
Desastres geo-hidrológicos,60060,Gestão de resíduos e limpeza pública,2015,,Presente,verylow,Muito baixo,#F40000,5001,Malhada de Pedras/BA,0.0
Desastres geo-hidrológicos,60060,Gestão de resíduos e limpeza pública,2015,,Presente,verylow,Muito baixo,#F40000,4524,Malhada dos Bois/SE,0.0
Desastres geo-hidrológicos,60060,Gestão de resíduos e limpeza pública,2015,,Presente,verylow,Muito baixo,#F40000,1205,Mamonas/MG,0.0
Desastres geo-hidrológicos,60060,Gestão de resíduos e limpeza pública,2015,,Presente,verylow,Muito baixo,#F40000,2599,Mampituba/RS,0.0
Desastres geo-hidrológicos,60060,Gestão de resíduos e limpeza pública,2015,,Presente,verylow,Muito baixo,#F40000,5182,Manfrinópolis/PR,0.0
Desastres geo-hidrológicos,60060,Gestão de resíduos e limpeza pública,2015,,Presente,verylow,Muito baixo,#F40000,3525,Manoel Emídio/PI,0.0
Desastres geo-hidrológicos,60060,Gestão de resíduos e limpeza pública,2015,,Presente,verylow,Muito baixo,#F40000,2831,Manoel Urbano/AC,0.0
Desastres geo-hidrológicos,60060,Gestão de resíduos e limpeza pública,2015,,Presente,verylow,Muito baixo,#F40000,5002,Manoel Vitorino/BA,0.0
Desastres geo-hidrológicos,60060,Gestão de resíduos e limpeza pública,2015,,Presente,verylow,Muito baixo,#F40000,3296,Maracaçumé/MA,0.0
Desastres geo-hidrológicos,60060,Gestão de resíduos e limpeza pública,2015,,Presente,verylow,Muito baixo,#F40000,4736,Marcionílio Souza/BA,0.0
Desastres geo-hidrológicos,60060,Gestão de resíduos e limpeza pública,2015,,Presente,verylow,Muito baixo,#F40000,3119,Marianópolis do Tocantins/TO,0.0
Desastres geo-hidrológicos,60060,Gestão de resíduos e limpeza pública,2015,,Presente,verylow,Muito baixo,#F40000,1219,Martinho Campos/MG,0.0
Desastres geo-hidrológicos,60060,Gestão de resíduos e limpeza pública,2015,,Presente,verylow,Muito baixo,#F40000,3734,Martinópole/CE,0.0
Desastres geo-hidrológicos,60060,Gestão de resíduos e limpeza pública,2015,,Presente,verylow,Muito baixo,#F40000,1220,Martins Soares/MG,0.0
Desastres geo-hidrológicos,60060,Gestão de resíduos e limpeza pública,2015,,Presente,verylow,Muito baixo,#F40000,2745,Marzagão/GO,0.0
Desastres geo-hidrológicos,60060,Gestão de resíduos e limpeza pública,2015,,Presente,verylow,Muito baixo,#F40000,726,Mascote/BA,0.0
Desastres geo-hidrológicos,60060,Gestão de resíduos e limpeza pública,2015,,Presente,verylow,Muito baixo,#F40000,3299,Mata Roma/MA,0.0
Desastres geo-hidrológicos,60060,Gestão de resíduos e limpeza pública,2015,,Presente,verylow,Muito baixo,#F40000,1598,Mathias Lobato/MG,0.0
Desastres geo-hidrológicos,60060,Gestão de resíduos e limpeza pública,2015,,Presente,verylow,Muito baixo,#F40000,1225,Matias Cardoso/MG,0.0
Desastres geo-hidrológicos,60060,Gestão de resíduos e limpeza pública,2015,,Presente,verylow,Muito baixo,#F40000,4738,Matina/BA,0.0
Desastres geo-hidrológicos,60060,Gestão de resíduos e limpeza pública,2015,,Presente,verylow,Muito baixo,#F40000,3121,Maurilândia do Tocantins/TO,0.0
Desastres geo-hidrológicos,60060,Gestão de resíduos e limpeza pública,2015,,Presente,verylow,Muito baixo,#F40000,2091,Meridiano/SP,0.0
Desastres geo-hidrológicos,60060,Gestão de resíduos e limpeza pública,2015,,Presente,verylow,Muito baixo,#F40000,3303,Milagres do Maranhão/MA,0.0
Desastres geo-hidrológicos,60060,Gestão de resíduos e limpeza pública,2015,,Presente,verylow,Muito baixo,#F40000,3304,Mirador/MA,0.0
Desastres geo-hidrológicos,60060,Gestão de resíduos e limpeza pública,2015,,Presente,verylow,Muito baixo,#F40000,3123,Miranorte/TO,0.0
Desastres geo-hidrológicos,60060,Gestão de resíduos e limpeza pública,2015,,Presente,verylow,Muito baixo,#F40000,5004,Mirante/BA,0.0
Desastres geo-hidrológicos,60060,Gestão de resíduos e limpeza pública,2015,,Presente,verylow,Muito baixo,#F40000,3306,Mirinzal/MA,0.0
Desastres geo-hidrológicos,60060,Gestão de resíduos e limpeza pública,2015,,Presente,verylow,Muito baixo,#F40000,2992,Mocajuba/PA,0.0
Desastres geo-hidrológicos,60060,Gestão de resíduos e limpeza pública,2015,,Presente,verylow,Muito baixo,#F40000,2100,Mococa/SP,0.0
Desastres geo-hidrológicos,60060,Gestão de resíduos e limpeza pública,2015,,Presente,verylow,Muito baixo,#F40000,4099,Mogeiro/PB,0.0
Desastres geo-hidrológicos,60060,Gestão de resíduos e limpeza pública,2015,,Presente,verylow,Muito baixo,#F40000,2870,Mojuí dos Campos/PA,0.0
Desastres geo-hidrológicos,60060,Gestão de resíduos e limpeza pública,2015,,Presente,verylow,Muito baixo,#F40000,3307,Monção/MA,0.0
Desastres geo-hidrológicos,60060,Gestão de resíduos e limpeza pública,2015,,Presente,verylow,Muito baixo,#F40000,2480,Monte Carlo/SC,0.0
Desastres geo-hidrológicos,60060,Gestão de resíduos e limpeza pública,2015,,Presente,verylow,Muito baixo,#F40000,3898,Monte das Gameleiras/RN,0.0
Desastres geo-hidrológicos,60060,Gestão de resíduos e limpeza pública,2015,,Presente,verylow,Muito baixo,#F40000,1250,Monte Formoso/MG,0.0
Desastres geo-hidrológicos,60060,Gestão de resíduos e limpeza pública,2015,,Presente,verylow,Muito baixo,#F40000,4101,Monte Horebe/PB,0.0
Desastres geo-hidrológicos,60060,Gestão de resíduos e limpeza pública,2015,,Presente,verylow,Muito baixo,#F40000,4742,Monte Santo/BA,0.0
Desastres geo-hidrológicos,60060,Gestão de resíduos e limpeza pública,2015,,Presente,verylow,Muito baixo,#F40000,3125,Monte Santo do Tocantins/TO,0.0
Desastres geo-hidrológicos,60060,Gestão de resíduos e limpeza pública,2015,,Presente,verylow,Muito baixo,#F40000,4363,Moreilândia/PE,0.0
Desastres geo-hidrológicos,60060,Gestão de resíduos e limpeza pública,2015,,Presente,verylow,Muito baixo,#F40000,4743,Morpará/BA,0.0
Desastres geo-hidrológicos,60060,Gestão de resíduos e limpeza pública,2015,,Presente,verylow,Muito baixo,#F40000,3536,Morro Cabeça no Tempo/PI,0.0
Desastres geo-hidrológicos,60060,Gestão de resíduos e limpeza pública,2015,,Presente,verylow,Muito baixo,#F40000,4885,Mundo Novo/GO,0.0
Desastres geo-hidrológicos,60060,Gestão de resíduos e limpeza pública,2015,,Presente,verylow,Muito baixo,#F40000,572,Mundo Novo/MS,0.0
Desastres geo-hidrológicos,60060,Gestão de resíduos e limpeza pública,2015,,Presente,verylow,Muito baixo,#F40000,1258,Munhoz/MG,0.0
Desastres geo-hidrológicos,60060,Gestão de resíduos e limpeza pública,2015,,Presente,verylow,Muito baixo,#F40000,3127,Muricilândia/TO,0.0
Desastres geo-hidrológicos,60060,Gestão de resíduos e limpeza pública,2015,,Presente,verylow,Muito baixo,#F40000,2119,Nazaré Paulista/SP,0.0
Desastres geo-hidrológicos,60060,Gestão de resíduos e limpeza pública,2015,,Presente,verylow,Muito baixo,#F40000,1268,Nepomuceno/MG,0.0
Desastres geo-hidrológicos,60060,Gestão de resíduos e limpeza pública,2015,,Presente,verylow,Muito baixo,#F40000,4753,Nilo Peçanha/BA,0.0
Desastres geo-hidrológicos,60060,Gestão de resíduos e limpeza pública,2015,,Presente,verylow,Muito baixo,#F40000,4754,Nordestina/BA,0.0
Desastres geo-hidrológicos,60060,Gestão de resíduos e limpeza pública,2015,,Presente,verylow,Muito baixo,#F40000,2852,Normandia/RR,0.0
Desastres geo-hidrológicos,60060,Gestão de resíduos e limpeza pública,2015,,Presente,verylow,Muito baixo,#F40000,3541,Nossa Senhora de Nazaré/PI,0.0
Desastres geo-hidrológicos,60060,Gestão de resíduos e limpeza pública,2015,,Presente,verylow,Muito baixo,#F40000,3542,Nossa Senhora dos Remédios/PI,0.0
Desastres geo-hidrológicos,60060,Gestão de resíduos e limpeza pública,2015,,Presente,verylow,Muito baixo,#F40000,5534,Nova Brasilândia D'Oeste/RO,0.0
Desastres geo-hidrológicos,60060,Gestão de resíduos e limpeza pública,2015,,Presente,verylow,Muito baixo,#F40000,3311,Nova Colinas/MA,0.0
Desastres geo-hidrológicos,60060,Gestão de resíduos e limpeza pública,2015,,Presente,verylow,Muito baixo,#F40000,2606,Nova Hartz/RS,0.0
Desastres geo-hidrológicos,60060,Gestão de resíduos e limpeza pública,2015,,Presente,verylow,Muito baixo,#F40000,4756,Nova Ibiá/BA,0.0
Desastres geo-hidrológicos,60060,Gestão de resíduos e limpeza pública,2015,,Presente,verylow,Muito baixo,#F40000,3312,Nova Iorque/MA,0.0
Desastres geo-hidrológicos,60060,Gestão de resíduos e limpeza pública,2015,,Presente,verylow,Muito baixo,#F40000,2914,Nova Mutum/MT,0.0
Desastres geo-hidrológicos,60060,Gestão de resíduos e limpeza pública,2015,,Presente,verylow,Muito baixo,#F40000,4107,Nova Olinda/PB,0.0
Desastres geo-hidrológicos,60060,Gestão de resíduos e limpeza pública,2015,,Presente,verylow,Muito baixo,#F40000,3130,Nova Olinda/TO,0.0
Desastres geo-hidrológicos,60060,Gestão de resíduos e limpeza pública,2015,,Presente,verylow,Muito baixo,#F40000,1275,Nova Porteirinha/MG,0.0
Desastres geo-hidrológicos,60060,Gestão de resíduos e limpeza pública,2015,,Presente,verylow,Muito baixo,#F40000,3131,Nova Rosalândia/TO,0.0
Desastres geo-hidrológicos,60060,Gestão de resíduos e limpeza pública,2015,,Presente,verylow,Muito baixo,#F40000,3562,Nova Santa Rita/PI,0.0
Desastres geo-hidrológicos,60060,Gestão de resíduos e limpeza pública,2015,,Presente,verylow,Muito baixo,#F40000,4759,Nova Soure/BA,0.0
Desastres geo-hidrológicos,60060,Gestão de resíduos e limpeza pública,2015,,Presente,verylow,Muito baixo,#F40000,2997,Nova Timboteua/PA,0.0
Desastres geo-hidrológicos,60060,Gestão de resíduos e limpeza pública,2015,,Presente,verylow,Muito baixo,#F40000,2915,Nova Ubiratã/MT,0.0
Desastres geo-hidrológicos,60060,Gestão de resíduos e limpeza pública,2015,,Presente,verylow,Muito baixo,#F40000,3132,Novo Acordo/TO,0.0
Desastres geo-hidrológicos,60060,Gestão de resíduos e limpeza pública,2015,,Presente,verylow,Muito baixo,#F40000,5502,Novo Airão/AM,0.0
Desastres geo-hidrológicos,60060,Gestão de resíduos e limpeza pública,2015,,Presente,verylow,Muito baixo,#F40000,2917,Novo Horizonte do Norte/MT,0.0
Desastres geo-hidrológicos,60060,Gestão de resíduos e limpeza pública,2015,,Presente,verylow,Muito baixo,#F40000,5549,Novo Horizonte do Oeste/RO,0.0
Desastres geo-hidrológicos,60060,Gestão de resíduos e limpeza pública,2015,,Presente,verylow,Muito baixo,#F40000,3134,Novo Jardim/TO,0.0
Desastres geo-hidrológicos,60060,Gestão de resíduos e limpeza pública,2015,,Presente,verylow,Muito baixo,#F40000,4888,Novo Planalto/GO,0.0
Desastres geo-hidrológicos,60060,Gestão de resíduos e limpeza pública,2015,,Presente,verylow,Muito baixo,#F40000,3544,Novo Santo Antônio/PI,0.0
Desastres geo-hidrológicos,60060,Gestão de resíduos e limpeza pública,2015,,Presente,verylow,Muito baixo,#F40000,632,Novo São Joaquim/MT,0.0
Desastres geo-hidrológicos,60060,Gestão de resíduos e limpeza pública,2015,,Presente,verylow,Muito baixo,#F40000,2999,Oeiras do Pará/PA,0.0
Desastres geo-hidrológicos,60060,Gestão de resíduos e limpeza pública,2015,,Presente,verylow,Muito baixo,#F40000,3314,Olho d'Água das Cunhãs/MA,0.0
Desastres geo-hidrológicos,60060,Gestão de resíduos e limpeza pública,2015,,Presente,verylow,Muito baixo,#F40000,4449,Olho d'Água Grande/AL,0.0
Desastres geo-hidrológicos,60060,Gestão de resíduos e limpeza pública,2015,,Presente,verylow,Muito baixo,#F40000,3315,Olinda Nova do Maranhão/MA,0.0
Desastres geo-hidrológicos,60060,Gestão de resíduos e limpeza pública,2015,,Presente,verylow,Muito baixo,#F40000,2137,Onda Verde/SP,0.0
Desastres geo-hidrológicos,60060,Gestão de resíduos e limpeza pública,2015,,Presente,verylow,Muito baixo,#F40000,2487,Orleans/SC,0.0
Desastres geo-hidrológicos,60060,Gestão de resíduos e limpeza pública,2015,,Presente,verylow,Muito baixo,#F40000,4315,Ouricuri/PE,0.0
Desastres geo-hidrológicos,60060,Gestão de resíduos e limpeza pública,2015,,Presente,verylow,Muito baixo,#F40000,1292,Ouro Verde de Minas/MG,0.0
Desastres geo-hidrológicos,60060,Gestão de resíduos e limpeza pública,2015,,Presente,verylow,Muito baixo,#F40000,1293,Padre Carvalho/MG,0.0
Desastres geo-hidrológicos,60060,Gestão de resíduos e limpeza pública,2015,,Presente,verylow,Muito baixo,#F40000,3548,Paes Landim/PI,0.0
Desastres geo-hidrológicos,60060,Gestão de resíduos e limpeza pública,2015,,Presente,verylow,Muito baixo,#F40000,1295,Paineiras/MG,0.0
Desastres geo-hidrológicos,60060,Gestão de resíduos e limpeza pública,2015,,Presente,verylow,Muito baixo,#F40000,3549,Pajeú do Piauí/PI,0.0
Desastres geo-hidrológicos,60060,Gestão de resíduos e limpeza pública,2015,,Presente,verylow,Muito baixo,#F40000,4979,Palestina de Goiás/GO,0.0
Desastres geo-hidrológicos,60060,Gestão de resíduos e limpeza pública,2015,,Presente,verylow,Muito baixo,#F40000,3002,Palestina do Pará/PA,0.0
Desastres geo-hidrológicos,60060,Gestão de resíduos e limpeza pública,2015,,Presente,verylow,Muito baixo,#F40000,2490,Palhoça/SC,0.0
Desastres geo-hidrológicos,60060,Gestão de resíduos e limpeza pública,2015,,Presente,verylow,Muito baixo,#F40000,88,Palma Sola/SC,0.0
Desastres geo-hidrológicos,60060,Gestão de resíduos e limpeza pública,2015,,Presente,verylow,Muito baixo,#F40000,3550,Palmeira do Piauí/PI,0.0
Desastres geo-hidrológicos,60060,Gestão de resíduos e limpeza pública,2015,,Presente,verylow,Muito baixo,#F40000,3317,Palmeirândia/MA,0.0
Desastres geo-hidrológicos,60060,Gestão de resíduos e limpeza pública,2015,,Presente,verylow,Muito baixo,#F40000,4317,Palmeirina/PE,0.0
Desastres geo-hidrológicos,60060,Gestão de resíduos e limpeza pública,2015,,Presente,verylow,Muito baixo,#F40000,3760,Paracuru/CE,0.0
Desastres geo-hidrológicos,60060,Gestão de resíduos e limpeza pública,2015,,Presente,verylow,Muito baixo,#F40000,1735,Paraíba do Sul/RJ,0.0
Desastres geo-hidrológicos,60060,Gestão de resíduos e limpeza pública,2015,,Presente,verylow,Muito baixo,#F40000,3318,Paraibano/MA,0.0
Desastres geo-hidrológicos,60060,Gestão de resíduos e limpeza pública,2015,,Presente,verylow,Muito baixo,#F40000,2152,Paraibuna/SP,0.0
Desastres geo-hidrológicos,60060,Gestão de resíduos e limpeza pública,2015,,Presente,verylow,Muito baixo,#F40000,5225,Paranacity/PR,0.0
Desastres geo-hidrológicos,60060,Gestão de resíduos e limpeza pública,2015,,Presente,verylow,Muito baixo,#F40000,2770,Paranaiguara/GO,0.0
Desastres geo-hidrológicos,60060,Gestão de resíduos e limpeza pública,2015,,Presente,verylow,Muito baixo,#F40000,5226,Paranapoema/PR,0.0
Desastres geo-hidrológicos,60060,Gestão de resíduos e limpeza pública,2015,,Presente,verylow,Muito baixo,#F40000,2155,Paranapuã/SP,0.0
Desastres geo-hidrológicos,60060,Gestão de resíduos e limpeza pública,2015,,Presente,verylow,Muito baixo,#F40000,4961,Paranatinga/MT,0.0
Desastres geo-hidrológicos,60060,Gestão de resíduos e limpeza pública,2015,,Presente,verylow,Muito baixo,#F40000,3553,Parnaguá/PI,0.0
Desastres geo-hidrológicos,60060,Gestão de resíduos e limpeza pública,2015,,Presente,verylow,Muito baixo,#F40000,3319,Parnarama/MA,0.0
Desastres geo-hidrológicos,60060,Gestão de resíduos e limpeza pública,2015,,Presente,verylow,Muito baixo,#F40000,3555,Passagem Franca do Piauí/PI,0.0
Desastres geo-hidrológicos,60060,Gestão de resíduos e limpeza pública,2015,,Presente,verylow,Muito baixo,#F40000,2493,Passo de Torres/SC,0.0
Desastres geo-hidrológicos,60060,Gestão de resíduos e limpeza pública,2015,,Presente,verylow,Muito baixo,#F40000,1312,Patis/MG,0.0
Desastres geo-hidrológicos,60060,Gestão de resíduos e limpeza pública,2015,,Presente,verylow,Muito baixo,#F40000,3556,Patos do Piauí/PI,0.0
Desastres geo-hidrológicos,60060,Gestão de resíduos e limpeza pública,2015,,Presente,verylow,Muito baixo,#F40000,3914,Pau dos Ferros/RN,0.0
Desastres geo-hidrológicos,60060,Gestão de resíduos e limpeza pública,2015,,Presente,verylow,Muito baixo,#F40000,3558,Paulistana/PI,0.0
Desastres geo-hidrológicos,60060,Gestão de resíduos e limpeza pública,2015,,Presente,verylow,Muito baixo,#F40000,4771,Pé de Serra/BA,0.0
Desastres geo-hidrológicos,60060,Gestão de resíduos e limpeza pública,2015,,Presente,verylow,Muito baixo,#F40000,4772,Pedrão/BA,0.0
Desastres geo-hidrológicos,60060,Gestão de resíduos e limpeza pública,2015,,Presente,verylow,Muito baixo,#F40000,3916,Pedra Preta/RN,0.0
Desastres geo-hidrológicos,60060,Gestão de resíduos e limpeza pública,2015,,Presente,verylow,Muito baixo,#F40000,4538,Pedrinhas/SE,0.0
Desastres geo-hidrológicos,60060,Gestão de resíduos e limpeza pública,2015,,Presente,verylow,Muito baixo,#F40000,4773,Pedro Alexandre/BA,0.0
Desastres geo-hidrológicos,60060,Gestão de resíduos e limpeza pública,2015,,Presente,verylow,Muito baixo,#F40000,3325,Pedro do Rosário/MA,0.0
Desastres geo-hidrológicos,60060,Gestão de resíduos e limpeza pública,2015,,Presente,verylow,Muito baixo,#F40000,3561,Pedro Laurentino/PI,0.0
Desastres geo-hidrológicos,60060,Gestão de resíduos e limpeza pública,2015,,Presente,verylow,Muito baixo,#F40000,3765,Penaforte/CE,0.0
Desastres geo-hidrológicos,60060,Gestão de resíduos e limpeza pública,2015,,Presente,verylow,Muito baixo,#F40000,4459,Penedo/AL,0.0
Desastres geo-hidrológicos,60060,Gestão de resíduos e limpeza pública,2015,,Presente,verylow,Muito baixo,#F40000,3143,Pequizeiro/TO,0.0
Desastres geo-hidrológicos,60060,Gestão de resíduos e limpeza pública,2015,,Presente,verylow,Muito baixo,#F40000,3327,Peri Mirim/MA,0.0
Desastres geo-hidrológicos,60060,Gestão de resíduos e limpeza pública,2015,,Presente,verylow,Muito baixo,#F40000,4774,Piatã/BA,0.0
Desastres geo-hidrológicos,60060,Gestão de resíduos e limpeza pública,2015,,Presente,verylow,Muito baixo,#F40000,4775,Pilão Arcado/BA,0.0
Desastres geo-hidrológicos,60060,Gestão de resíduos e limpeza pública,2015,,Presente,verylow,Muito baixo,#F40000,5536,Pimenta Bueno/RO,0.0
Desastres geo-hidrológicos,60060,Gestão de resíduos e limpeza pública,2015,,Presente,verylow,Muito baixo,#F40000,3564,Pimenteiras/PI,0.0
Desastres geo-hidrológicos,60060,Gestão de resíduos e limpeza pública,2015,,Presente,verylow,Muito baixo,#F40000,5234,Pinhal de São Bento/PR,0.0
Desastres geo-hidrológicos,60060,Gestão de resíduos e limpeza pública,2015,,Presente,verylow,Muito baixo,#F40000,4777,Pintadas/BA,0.0
Desastres geo-hidrológicos,60060,Gestão de resíduos e limpeza pública,2015,,Presente,verylow,Muito baixo,#F40000,3331,Pio XII/MA,0.0
Desastres geo-hidrológicos,60060,Gestão de resíduos e limpeza pública,2015,,Presente,verylow,Muito baixo,#F40000,2773,Piracanjuba/GO,0.0
Desastres geo-hidrológicos,60060,Gestão de resíduos e limpeza pública,2015,,Presente,verylow,Muito baixo,#F40000,4778,Piraí do Norte/BA,0.0
Desastres geo-hidrológicos,60060,Gestão de resíduos e limpeza pública,2015,,Presente,verylow,Muito baixo,#F40000,2184,Piraju/SP,0.0
Desastres geo-hidrológicos,60060,Gestão de resíduos e limpeza pública,2015,,Presente,verylow,Muito baixo,#F40000,1347,Piranga/MG,0.0
Desastres geo-hidrológicos,60060,Gestão de resíduos e limpeza pública,2015,,Presente,verylow,Muito baixo,#F40000,2775,Pires do Rio/GO,0.0
Desastres geo-hidrológicos,60060,Gestão de resíduos e limpeza pública,2015,,Presente,verylow,Muito baixo,#F40000,3147,Pium/TO,0.0
Desastres geo-hidrológicos,60060,Gestão de resíduos e limpeza pública,2015,,Presente,verylow,Muito baixo,#F40000,2875,Placas/PA,0.0
Desastres geo-hidrológicos,60060,Gestão de resíduos e limpeza pública,2015,,Presente,verylow,Muito baixo,#F40000,2833,Plácido de Castro/AC,0.0
Desastres geo-hidrológicos,60060,Gestão de resíduos e limpeza pública,2015,,Presente,verylow,Muito baixo,#F40000,378,Poço das Antas/RS,0.0
Desastres geo-hidrológicos,60060,Gestão de resíduos e limpeza pública,2015,,Presente,verylow,Muito baixo,#F40000,1358,Pocrane/MG,0.0
Desastres geo-hidrológicos,60060,Gestão de resíduos e limpeza pública,2015,,Presente,verylow,Muito baixo,#F40000,2194,Poloni/SP,0.0
Desastres geo-hidrológicos,60060,Gestão de resíduos e limpeza pública,2015,,Presente,verylow,Muito baixo,#F40000,3148,Ponte Alta do Bom Jesus/TO,0.0
Desastres geo-hidrológicos,60060,Gestão de resíduos e limpeza pública,2015,,Presente,verylow,Muito baixo,#F40000,2503,Ponte Alta do Norte/SC,0.0
Desastres geo-hidrológicos,60060,Gestão de resíduos e limpeza pública,2015,,Presente,verylow,Muito baixo,#F40000,638,Pontes e Lacerda/MT,0.0
Desastres geo-hidrológicos,60060,Gestão de resíduos e limpeza pública,2015,,Presente,verylow,Muito baixo,#F40000,667,Portelândia/GO,0.0
Desastres geo-hidrológicos,60060,Gestão de resíduos e limpeza pública,2015,,Presente,verylow,Muito baixo,#F40000,3923,Porto do Mangue/RN,0.0
Desastres geo-hidrológicos,60060,Gestão de resíduos e limpeza pública,2015,,Presente,verylow,Muito baixo,#F40000,640,Porto Estrela/MT,0.0
Desastres geo-hidrológicos,60060,Gestão de resíduos e limpeza pública,2015,,Presente,verylow,Muito baixo,#F40000,3568,Porto/PI,0.0
Desastres geo-hidrológicos,60060,Gestão de resíduos e limpeza pública,2015,,Presente,verylow,Muito baixo,#F40000,3335,Porto Rico do Maranhão/MA,0.0
Desastres geo-hidrológicos,60060,Gestão de resíduos e limpeza pública,2015,,Presente,verylow,Muito baixo,#F40000,2877,Prainha/PA,0.0
Desastres geo-hidrológicos,60060,Gestão de resíduos e limpeza pública,2015,,Presente,verylow,Muito baixo,#F40000,2209,Pratânia/SP,0.0
Desastres geo-hidrológicos,60060,Gestão de resíduos e limpeza pública,2015,,Presente,verylow,Muito baixo,#F40000,3339,Presidente Sarney/MA,0.0
Desastres geo-hidrológicos,60060,Gestão de resíduos e limpeza pública,2015,,Presente,verylow,Muito baixo,#F40000,3154,Pugmil/TO,0.0
Desastres geo-hidrológicos,60060,Gestão de resíduos e limpeza pública,2015,,Presente,verylow,Muito baixo,#F40000,3925,Pureza/RN,0.0
Desastres geo-hidrológicos,60060,Gestão de resíduos e limpeza pública,2015,,Presente,verylow,Muito baixo,#F40000,1744,Queimados/RJ,0.0
Desastres geo-hidrológicos,60060,Gestão de resíduos e limpeza pública,2015,,Presente,verylow,Muito baixo,#F40000,2921,Querência/MT,0.0
Desastres geo-hidrológicos,60060,Gestão de resíduos e limpeza pública,2015,,Presente,verylow,Muito baixo,#F40000,4786,Quijingue/BA,0.0
Desastres geo-hidrológicos,60060,Gestão de resíduos e limpeza pública,2015,,Presente,verylow,Muito baixo,#F40000,4787,Quixabeira/BA,0.0
Desastres geo-hidrológicos,60060,Gestão de resíduos e limpeza pública,2015,,Presente,verylow,Muito baixo,#F40000,3926,Rafael Fernandes/RN,0.0
Desastres geo-hidrológicos,60060,Gestão de resíduos e limpeza pública,2015,,Presente,verylow,Muito baixo,#F40000,4788,Rafael Jambeiro/BA,0.0
Desastres geo-hidrológicos,60060,Gestão de resíduos e limpeza pública,2015,,Presente,verylow,Muito baixo,#F40000,1383,Reduto/MG,0.0
Desastres geo-hidrológicos,60060,Gestão de resíduos e limpeza pública,2015,,Presente,verylow,Muito baixo,#F40000,3573,Regeneração/PI,0.0
Desastres geo-hidrológicos,60060,Gestão de resíduos e limpeza pública,2015,,Presente,verylow,Muito baixo,#F40000,4545,Riachão do Dantas/SE,0.0
Desastres geo-hidrológicos,60060,Gestão de resíduos e limpeza pública,2015,,Presente,verylow,Muito baixo,#F40000,1387,Riachinho/MG,0.0
Desastres geo-hidrológicos,60060,Gestão de resíduos e limpeza pública,2015,,Presente,verylow,Muito baixo,#F40000,3156,Riachinho/TO,0.0
Desastres geo-hidrológicos,60060,Gestão de resíduos e limpeza pública,2015,,Presente,verylow,Muito baixo,#F40000,3344,Ribamar Fiquene/MA,0.0
Desastres geo-hidrológicos,60060,Gestão de resíduos e limpeza pública,2015,,Presente,verylow,Muito baixo,#F40000,3575,Ribeira do Piauí/PI,0.0
Desastres geo-hidrológicos,60060,Gestão de resíduos e limpeza pública,2015,,Presente,verylow,Muito baixo,#F40000,5056,Ribeirão Cascalheira/MT,0.0
Desastres geo-hidrológicos,60060,Gestão de resíduos e limpeza pública,2015,,Presente,verylow,Muito baixo,#F40000,741,Ribeirão do Largo/BA,0.0
Desastres geo-hidrológicos,60060,Gestão de resíduos e limpeza pública,2015,,Presente,verylow,Muito baixo,#F40000,645,Ribeirãozinho/MT,0.0
Desastres geo-hidrológicos,60060,Gestão de resíduos e limpeza pública,2015,,Presente,verylow,Muito baixo,#F40000,3909,Rio do Fogo/RN,0.0
Desastres geo-hidrológicos,60060,Gestão de resíduos e limpeza pública,2015,,Presente,verylow,Muito baixo,#F40000,3158,Rio dos Bois/TO,0.0
Desastres geo-hidrológicos,60060,Gestão de resíduos e limpeza pública,2015,,Presente,verylow,Muito baixo,#F40000,3577,Rio Grande do Piauí/PI,0.0
Desastres geo-hidrológicos,60060,Gestão de resíduos e limpeza pública,2015,,Presente,verylow,Muito baixo,#F40000,1405,Rochedo de Minas/MG,0.0
Desastres geo-hidrológicos,60060,Gestão de resíduos e limpeza pública,2015,,Presente,verylow,Muito baixo,#F40000,4799,Rodelas/BA,0.0
Desastres geo-hidrológicos,60060,Gestão de resíduos e limpeza pública,2015,,Presente,verylow,Muito baixo,#F40000,3931,Rodolfo Fernandes/RN,0.0
Desastres geo-hidrológicos,60060,Gestão de resíduos e limpeza pública,2015,,Presente,verylow,Muito baixo,#F40000,1407,Romaria/MG,0.0
Desastres geo-hidrológicos,60060,Gestão de resíduos e limpeza pública,2015,,Presente,verylow,Muito baixo,#F40000,4548,Rosário do Catete/SE,0.0
Desastres geo-hidrológicos,60060,Gestão de resíduos e limpeza pública,2015,,Presente,verylow,Muito baixo,#F40000,2878,Rurópolis/PA,0.0
Desastres geo-hidrológicos,60060,Gestão de resíduos e limpeza pública,2015,,Presente,verylow,Muito baixo,#F40000,3933,Ruy Barbosa/RN,0.0
Desastres geo-hidrológicos,60060,Gestão de resíduos e limpeza pública,2015,,Presente,verylow,Muito baixo,#F40000,409,Salvador das Missões/RS,0.0
Desastres geo-hidrológicos,60060,Gestão de resíduos e limpeza pública,2015,,Presente,verylow,Muito baixo,#F40000,3161,Sandolândia/TO,0.0
Desastres geo-hidrológicos,60060,Gestão de resíduos e limpeza pública,2015,,Presente,verylow,Muito baixo,#F40000,3016,Santa Bárbara do Pará/PA,0.0
Desastres geo-hidrológicos,60060,Gestão de resíduos e limpeza pública,2015,,Presente,verylow,Muito baixo,#F40000,4804,Santa Brígida/BA,0.0
Desastres geo-hidrológicos,60060,Gestão de resíduos e limpeza pública,2015,,Presente,verylow,Muito baixo,#F40000,2787,Santa Cruz de Goiás/GO,0.0
Desastres geo-hidrológicos,60060,Gestão de resíduos e limpeza pública,2015,,Presente,verylow,Muito baixo,#F40000,1422,Santa Cruz do Escalvado/MG,0.0
Desastres geo-hidrológicos,60060,Gestão de resíduos e limpeza pública,2015,,Presente,verylow,Muito baixo,#F40000,2926,Santa Cruz do Xingu/MT,0.0
Desastres geo-hidrológicos,60060,Gestão de resíduos e limpeza pública,2015,,Presente,verylow,Muito baixo,#F40000,3162,Santa Fé do Araguaia/TO,0.0
Desastres geo-hidrológicos,60060,Gestão de resíduos e limpeza pública,2015,,Presente,verylow,Muito baixo,#F40000,3347,Santa Filomena do Maranhão/MA,0.0
Desastres geo-hidrológicos,60060,Gestão de resíduos e limpeza pública,2015,,Presente,verylow,Muito baixo,#F40000,3580,Santa Filomena/PI,0.0
Desastres geo-hidrológicos,60060,Gestão de resíduos e limpeza pública,2015,,Presente,verylow,Muito baixo,#F40000,3348,Santa Helena/MA,0.0
Desastres geo-hidrológicos,60060,Gestão de resíduos e limpeza pública,2015,,Presente,verylow,Muito baixo,#F40000,3581,Santa Luz/PI,0.0
Desastres geo-hidrológicos,60060,Gestão de resíduos e limpeza pública,2015,,Presente,verylow,Muito baixo,#F40000,3163,Santa Maria do Tocantins/TO,0.0
Desastres geo-hidrológicos,60060,Gestão de resíduos e limpeza pública,2015,,Presente,verylow,Muito baixo,#F40000,1434,Santana de Pirapama/MG,0.0
Desastres geo-hidrológicos,60060,Gestão de resíduos e limpeza pública,2015,,Presente,verylow,Muito baixo,#F40000,1435,Santana do Deserto/MG,0.0
Desastres geo-hidrológicos,60060,Gestão de resíduos e limpeza pública,2015,,Presente,verylow,Muito baixo,#F40000,1436,Santana do Garambéu/MG,0.0
Desastres geo-hidrológicos,60060,Gestão de resíduos e limpeza pública,2015,,Presente,verylow,Muito baixo,#F40000,1438,Santana do Manhuaçu/MG,0.0
Desastres geo-hidrológicos,60060,Gestão de resíduos e limpeza pública,2015,,Presente,verylow,Muito baixo,#F40000,1444,Santa Rita de Minas/MG,0.0
Desastres geo-hidrológicos,60060,Gestão de resíduos e limpeza pública,2015,,Presente,verylow,Muito baixo,#F40000,4963,Santa Rita do Trivelato/MT,0.0
Desastres geo-hidrológicos,60060,Gestão de resíduos e limpeza pública,2015,,Presente,verylow,Muito baixo,#F40000,2791,Santa Rosa de Goiás/GO,0.0
Desastres geo-hidrológicos,60060,Gestão de resíduos e limpeza pública,2015,,Presente,verylow,Muito baixo,#F40000,3583,Santa Rosa do Piauí/PI,0.0
Desastres geo-hidrológicos,60060,Gestão de resíduos e limpeza pública,2015,,Presente,verylow,Muito baixo,#F40000,4154,Santa Teresinha/PB,0.0
Desastres geo-hidrológicos,60060,Gestão de resíduos e limpeza pública,2015,,Presente,verylow,Muito baixo,#F40000,2792,Santo Antônio da Barra/GO,0.0
Desastres geo-hidrológicos,60060,Gestão de resíduos e limpeza pública,2015,,Presente,verylow,Muito baixo,#F40000,5270,Santo Antônio do Caiuá/PR,0.0
Desastres geo-hidrológicos,60060,Gestão de resíduos e limpeza pública,2015,,Presente,verylow,Muito baixo,#F40000,3356,Santo Antônio dos Lopes/MA,0.0
Desastres geo-hidrológicos,60060,Gestão de resíduos e limpeza pública,2015,,Presente,verylow,Muito baixo,#F40000,3586,Santo Inácio do Piauí/PI,0.0
Desastres geo-hidrológicos,60060,Gestão de resíduos e limpeza pública,2015,,Presente,verylow,Muito baixo,#F40000,3357,São Benedito do Rio Preto/MA,0.0
Desastres geo-hidrológicos,60060,Gestão de resíduos e limpeza pública,2015,,Presente,verylow,Muito baixo,#F40000,3938,São Bento do Norte/RN,0.0
Desastres geo-hidrológicos,60060,Gestão de resíduos e limpeza pública,2015,,Presente,verylow,Muito baixo,#F40000,3168,São Bento do Tocantins/TO,0.0
Desastres geo-hidrológicos,60060,Gestão de resíduos e limpeza pública,2015,,Presente,verylow,Muito baixo,#F40000,3358,São Bento/MA,0.0
Desastres geo-hidrológicos,60060,Gestão de resíduos e limpeza pública,2015,,Presente,verylow,Muito baixo,#F40000,3587,São Braz do Piauí/PI,0.0
Desastres geo-hidrológicos,60060,Gestão de resíduos e limpeza pública,2015,,Presente,verylow,Muito baixo,#F40000,3026,São Domingos do Araguaia/PA,0.0
Desastres geo-hidrológicos,60060,Gestão de resíduos e limpeza pública,2015,,Presente,verylow,Muito baixo,#F40000,3361,São Domingos do Maranhão/MA,0.0
Desastres geo-hidrológicos,60060,Gestão de resíduos e limpeza pública,2015,,Presente,verylow,Muito baixo,#F40000,4819,São Felipe/BA,0.0
Desastres geo-hidrológicos,60060,Gestão de resíduos e limpeza pública,2015,,Presente,verylow,Muito baixo,#F40000,3362,São Félix de Balsas/MA,0.0
Desastres geo-hidrológicos,60060,Gestão de resíduos e limpeza pública,2015,,Presente,verylow,Muito baixo,#F40000,3589,São Francisco de Assis do Piauí/PI,0.0
Desastres geo-hidrológicos,60060,Gestão de resíduos e limpeza pública,2015,,Presente,verylow,Muito baixo,#F40000,1467,São Francisco de Sales/MG,0.0
Desastres geo-hidrológicos,60060,Gestão de resíduos e limpeza pública,2015,,Presente,verylow,Muito baixo,#F40000,3363,São Francisco do Brejão/MA,0.0
Desastres geo-hidrológicos,60060,Gestão de resíduos e limpeza pública,2015,,Presente,verylow,Muito baixo,#F40000,3364,São Francisco do Maranhão/MA,0.0
Desastres geo-hidrológicos,60060,Gestão de resíduos e limpeza pública,2015,,Presente,verylow,Muito baixo,#F40000,1465,São Francisco/MG,0.0
Desastres geo-hidrológicos,60060,Gestão de resíduos e limpeza pública,2015,,Presente,verylow,Muito baixo,#F40000,4556,São Francisco/SE,0.0
Desastres geo-hidrológicos,60060,Gestão de resíduos e limpeza pública,2015,,Presente,verylow,Muito baixo,#F40000,3029,São Geraldo do Araguaia/PA,0.0
Desastres geo-hidrológicos,60060,Gestão de resíduos e limpeza pública,2015,,Presente,verylow,Muito baixo,#F40000,3591,São Gonçalo do Gurguéia/PI,0.0
Desastres geo-hidrológicos,60060,Gestão de resíduos e limpeza pública,2015,,Presente,verylow,Muito baixo,#F40000,1473,São Gonçalo do Pará/MG,0.0
Desastres geo-hidrológicos,60060,Gestão de resíduos e limpeza pública,2015,,Presente,verylow,Muito baixo,#F40000,1474,São Gonçalo do Rio Abaixo/MG,0.0
Desastres geo-hidrológicos,60060,Gestão de resíduos e limpeza pública,2015,,Presente,verylow,Muito baixo,#F40000,1476,São Gotardo/MG,0.0
Desastres geo-hidrológicos,60060,Gestão de resíduos e limpeza pública,2015,,Presente,verylow,Muito baixo,#F40000,3365,São João Batista/MA,0.0
Desastres geo-hidrológicos,60060,Gestão de resíduos e limpeza pública,2015,,Presente,verylow,Muito baixo,#F40000,3594,São João da Fronteira/PI,0.0
Desastres geo-hidrológicos,60060,Gestão de resíduos e limpeza pública,2015,,Presente,verylow,Muito baixo,#F40000,1478,São João da Lagoa/MG,0.0
Desastres geo-hidrológicos,60060,Gestão de resíduos e limpeza pública,2015,,Presente,verylow,Muito baixo,#F40000,1480,São João da Ponte/MG,0.0
Desastres geo-hidrológicos,60060,Gestão de resíduos e limpeza pública,2015,,Presente,verylow,Muito baixo,#F40000,1481,São João das Missões/MG,0.0
Desastres geo-hidrológicos,60060,Gestão de resíduos e limpeza pública,2015,,Presente,verylow,Muito baixo,#F40000,3032,São João do Araguaia/PA,0.0
Desastres geo-hidrológicos,60060,Gestão de resíduos e limpeza pública,2015,,Presente,verylow,Muito baixo,#F40000,1483,São João do Manhuaçu/MG,0.0
Desastres geo-hidrológicos,60060,Gestão de resíduos e limpeza pública,2015,,Presente,verylow,Muito baixo,#F40000,3367,São João do Paraíso/MA,0.0
Desastres geo-hidrológicos,60060,Gestão de resíduos e limpeza pública,2015,,Presente,verylow,Muito baixo,#F40000,4352,São João/PE,0.0
Desastres geo-hidrológicos,60060,Gestão de resíduos e limpeza pública,2015,,Presente,verylow,Muito baixo,#F40000,438,São Jorge/RS,0.0
Desastres geo-hidrológicos,60060,Gestão de resíduos e limpeza pública,2015,,Presente,verylow,Muito baixo,#F40000,1491,São José da Barra/MG,0.0
Desastres geo-hidrológicos,60060,Gestão de resíduos e limpeza pública,2015,,Presente,verylow,Muito baixo,#F40000,1493,São José da Safira/MG,0.0
Desastres geo-hidrológicos,60060,Gestão de resíduos e limpeza pública,2015,,Presente,verylow,Muito baixo,#F40000,2624,São José do Hortêncio/RS,0.0
Desastres geo-hidrológicos,60060,Gestão de resíduos e limpeza pública,2015,,Presente,verylow,Muito baixo,#F40000,1499,São José do Mantimento/MG,0.0
Desastres geo-hidrológicos,60060,Gestão de resíduos e limpeza pública,2015,,Presente,verylow,Muito baixo,#F40000,648,São José do Povo/MT,0.0
Desastres geo-hidrológicos,60060,Gestão de resíduos e limpeza pública,2015,,Presente,verylow,Muito baixo,#F40000,443,São José do Sul/RS,0.0
Desastres geo-hidrológicos,60060,Gestão de resíduos e limpeza pública,2015,,Presente,verylow,Muito baixo,#F40000,2924,São José do Xingu/MT,0.0
Desastres geo-hidrológicos,60060,Gestão de resíduos e limpeza pública,2015,,Presente,verylow,Muito baixo,#F40000,3603,São Lourenço do Piauí/PI,0.0
Desastres geo-hidrológicos,60060,Gestão de resíduos e limpeza pública,2015,,Presente,verylow,Muito baixo,#F40000,3604,São Luis do Piauí/PI,0.0
Desastres geo-hidrológicos,60060,Gestão de resíduos e limpeza pública,2015,,Presente,verylow,Muito baixo,#F40000,5543,São Miguel do Guaporé/RO,0.0
Desastres geo-hidrológicos,60060,Gestão de resíduos e limpeza pública,2015,,Presente,verylow,Muito baixo,#F40000,3949,São Paulo do Potengi/RN,0.0
Desastres geo-hidrológicos,60060,Gestão de resíduos e limpeza pública,2015,,Presente,verylow,Muito baixo,#F40000,3375,São Pedro da Água Branca/MA,0.0
Desastres geo-hidrológicos,60060,Gestão de resíduos e limpeza pública,2015,,Presente,verylow,Muito baixo,#F40000,2539,São Pedro de Alcântara/SC,0.0
Desastres geo-hidrológicos,60060,Gestão de resíduos e limpeza pública,2015,,Presente,verylow,Muito baixo,#F40000,3376,São Pedro dos Crentes/MA,0.0
Desastres geo-hidrológicos,60060,Gestão de resíduos e limpeza pública,2015,,Presente,verylow,Muito baixo,#F40000,1503,São Pedro dos Ferros/MG,0.0
Desastres geo-hidrológicos,60060,Gestão de resíduos e limpeza pública,2015,,Presente,verylow,Muito baixo,#F40000,3951,São Rafael/RN,0.0
Desastres geo-hidrológicos,60060,Gestão de resíduos e limpeza pública,2015,,Presente,verylow,Muito baixo,#F40000,1505,São Romão/MG,0.0
Desastres geo-hidrológicos,60060,Gestão de resíduos e limpeza pública,2015,,Presente,verylow,Muito baixo,#F40000,3171,São Salvador do Tocantins/TO,0.0
Desastres geo-hidrológicos,60060,Gestão de resíduos e limpeza pública,2015,,Presente,verylow,Muito baixo,#F40000,4480,São Sebastião/AL,0.0
Desastres geo-hidrológicos,60060,Gestão de resíduos e limpeza pública,2015,,Presente,verylow,Muito baixo,#F40000,1514,São Sebastião do Rio Verde/MG,0.0
Desastres geo-hidrológicos,60060,Gestão de resíduos e limpeza pública,2015,,Presente,verylow,Muito baixo,#F40000,5512,São Sebastião do Uatumã/AM,0.0
Desastres geo-hidrológicos,60060,Gestão de resíduos e limpeza pública,2015,,Presente,verylow,Muito baixo,#F40000,2801,São Simão/GO,0.0
Desastres geo-hidrológicos,60060,Gestão de resíduos e limpeza pública,2015,,Presente,verylow,Muito baixo,#F40000,1515,São Tiago/MG,0.0
Desastres geo-hidrológicos,60060,Gestão de resíduos e limpeza pública,2015,,Presente,verylow,Muito baixo,#F40000,458,São Valério do Sul/RS,0.0
Desastres geo-hidrológicos,60060,Gestão de resíduos e limpeza pública,2015,,Presente,verylow,Muito baixo,#F40000,3173,São Valério/TO,0.0
Desastres geo-hidrológicos,60060,Gestão de resíduos e limpeza pública,2015,,Presente,verylow,Muito baixo,#F40000,4178,São Vicente do Seridó/PB,0.0
Desastres geo-hidrológicos,60060,Gestão de resíduos e limpeza pública,2015,,Presente,verylow,Muito baixo,#F40000,3380,São Vicente Ferrer/MA,0.0
Desastres geo-hidrológicos,60060,Gestão de resíduos e limpeza pública,2015,,Presente,verylow,Muito baixo,#F40000,3953,São Vicente/RN,0.0
Desastres geo-hidrológicos,60060,Gestão de resíduos e limpeza pública,2015,,Presente,verylow,Muito baixo,#F40000,3381,Satubinha/MA,0.0
Desastres geo-hidrológicos,60060,Gestão de resíduos e limpeza pública,2015,,Presente,verylow,Muito baixo,#F40000,4829,Saúde/BA,0.0
Desastres geo-hidrológicos,60060,Gestão de resíduos e limpeza pública,2015,,Presente,verylow,Muito baixo,#F40000,3610,Sebastião Barros/PI,0.0
Desastres geo-hidrológicos,60060,Gestão de resíduos e limpeza pública,2015,,Presente,verylow,Muito baixo,#F40000,746,Sebastião Laranjeiras/BA,0.0
Desastres geo-hidrológicos,60060,Gestão de resíduos e limpeza pública,2015,,Presente,verylow,Muito baixo,#F40000,3382,Senador Alexandre Costa/MA,0.0
Desastres geo-hidrológicos,60060,Gestão de resíduos e limpeza pública,2015,,Presente,verylow,Muito baixo,#F40000,1524,Senador Amaral/MG,0.0
Desastres geo-hidrológicos,60060,Gestão de resíduos e limpeza pública,2015,,Presente,verylow,Muito baixo,#F40000,3954,Senador Elói de Souza/RN,0.0
Desastres geo-hidrológicos,60060,Gestão de resíduos e limpeza pública,2015,,Presente,verylow,Muito baixo,#F40000,3955,Senador Georgino Avelino/RN,0.0
Desastres geo-hidrológicos,60060,Gestão de resíduos e limpeza pública,2015,,Presente,verylow,Muito baixo,#F40000,2838,Senador Guiomard/AC,0.0
Desastres geo-hidrológicos,60060,Gestão de resíduos e limpeza pública,2015,,Presente,verylow,Muito baixo,#F40000,3793,Senador Sá/CE,0.0
Desastres geo-hidrológicos,60060,Gestão de resíduos e limpeza pública,2015,,Presente,verylow,Muito baixo,#F40000,5567,Seringueiras/RO,0.0
Desastres geo-hidrológicos,60060,Gestão de resíduos e limpeza pública,2015,,Presente,verylow,Muito baixo,#F40000,3956,Serra de São Bento/RN,0.0
Desastres geo-hidrológicos,60060,Gestão de resíduos e limpeza pública,2015,,Presente,verylow,Muito baixo,#F40000,4832,Serra do Ramalho/BA,0.0
Desastres geo-hidrológicos,60060,Gestão de resíduos e limpeza pública,2015,,Presente,verylow,Muito baixo,#F40000,1536,Serra dos Aimorés/MG,0.0
Desastres geo-hidrológicos,60060,Gestão de resíduos e limpeza pública,2015,,Presente,verylow,Muito baixo,#F40000,4834,Serra Dourada/BA,0.0
Desastres geo-hidrológicos,60060,Gestão de resíduos e limpeza pública,2015,,Presente,verylow,Muito baixo,#F40000,3384,Serrano do Maranhão/MA,0.0
Desastres geo-hidrológicos,60060,Gestão de resíduos e limpeza pública,2015,,Presente,verylow,Muito baixo,#F40000,669,Serranópolis/GO,0.0
Desastres geo-hidrológicos,60060,Gestão de resíduos e limpeza pública,2015,,Presente,verylow,Muito baixo,#F40000,5058,Serra Nova Dourada/MT,0.0
Desastres geo-hidrológicos,60060,Gestão de resíduos e limpeza pública,2015,,Presente,verylow,Muito baixo,#F40000,4836,Serrinha/BA,0.0
Desastres geo-hidrológicos,60060,Gestão de resíduos e limpeza pública,2015,,Presente,verylow,Muito baixo,#F40000,3960,Serrinha dos Pintos/RN,0.0
Desastres geo-hidrológicos,60060,Gestão de resíduos e limpeza pública,2015,,Presente,verylow,Muito baixo,#F40000,4360,Serrita/PE,0.0
Desastres geo-hidrológicos,60060,Gestão de resíduos e limpeza pública,2015,,Presente,verylow,Muito baixo,#F40000,4837,Serrolândia/BA,0.0
Desastres geo-hidrológicos,60060,Gestão de resíduos e limpeza pública,2015,,Presente,verylow,Muito baixo,#F40000,591,Sidrolândia/MS,0.0
Desastres geo-hidrológicos,60060,Gestão de resíduos e limpeza pública,2015,,Presente,verylow,Muito baixo,#F40000,4558,Simão Dias/SE,0.0
Desastres geo-hidrológicos,60060,Gestão de resíduos e limpeza pública,2015,,Presente,verylow,Muito baixo,#F40000,4839,Sítio do Mato/BA,0.0
Desastres geo-hidrológicos,60060,Gestão de resíduos e limpeza pública,2015,,Presente,verylow,Muito baixo,#F40000,4840,Sítio do Quinto/BA,0.0
Desastres geo-hidrológicos,60060,Gestão de resíduos e limpeza pública,2015,,Presente,verylow,Muito baixo,#F40000,3175,Sítio Novo do Tocantins/TO,0.0
Desastres geo-hidrológicos,60060,Gestão de resíduos e limpeza pública,2015,,Presente,verylow,Muito baixo,#F40000,4841,Sobradinho/BA,0.0
Desastres geo-hidrológicos,60060,Gestão de resíduos e limpeza pública,2015,,Presente,verylow,Muito baixo,#F40000,4185,Sobrado/PB,0.0
Desastres geo-hidrológicos,60060,Gestão de resíduos e limpeza pública,2015,,Presente,verylow,Muito baixo,#F40000,3386,Sucupira do Norte/MA,0.0
Desastres geo-hidrológicos,60060,Gestão de resíduos e limpeza pública,2015,,Presente,verylow,Muito baixo,#F40000,3176,Sucupira/TO,0.0
Desastres geo-hidrológicos,60060,Gestão de resíduos e limpeza pública,2015,,Presente,verylow,Muito baixo,#F40000,2930,Tabaporã/MT,0.0
Desastres geo-hidrológicos,60060,Gestão de resíduos e limpeza pública,2015,,Presente,verylow,Muito baixo,#F40000,4367,Tacaimbó/PE,0.0
Desastres geo-hidrológicos,60060,Gestão de resíduos e limpeza pública,2015,,Presente,verylow,Muito baixo,#F40000,3177,Taguatinga/TO,0.0
Desastres geo-hidrológicos,60060,Gestão de resíduos e limpeza pública,2015,,Presente,verylow,Muito baixo,#F40000,2328,Taiaçu/SP,0.0
Desastres geo-hidrológicos,60060,Gestão de resíduos e limpeza pública,2015,,Presente,verylow,Muito baixo,#F40000,3178,Taipas do Tocantins/TO,0.0
Desastres geo-hidrológicos,60060,Gestão de resíduos e limpeza pública,2015,,Presente,verylow,Muito baixo,#F40000,5291,Tamboara/PR,0.0
Desastres geo-hidrológicos,60060,Gestão de resíduos e limpeza pública,2015,,Presente,verylow,Muito baixo,#F40000,5007,Tanhaçu/BA,0.0
Desastres geo-hidrológicos,60060,Gestão de resíduos e limpeza pública,2015,,Presente,verylow,Muito baixo,#F40000,4844,Tanque Novo/BA,0.0
Desastres geo-hidrológicos,60060,Gestão de resíduos e limpeza pública,2015,,Presente,verylow,Muito baixo,#F40000,5515,Tapauá/AM,0.0
Desastres geo-hidrológicos,60060,Gestão de resíduos e limpeza pública,2015,,Presente,verylow,Muito baixo,#F40000,4846,Taperoá/BA,0.0
Desastres geo-hidrológicos,60060,Gestão de resíduos e limpeza pública,2015,,Presente,verylow,Muito baixo,#F40000,4847,Tapiramutá/BA,0.0
Desastres geo-hidrológicos,60060,Gestão de resíduos e limpeza pública,2015,,Presente,verylow,Muito baixo,#F40000,1554,Taquaraçu de Minas/MG,0.0
Desastres geo-hidrológicos,60060,Gestão de resíduos e limpeza pública,2015,,Presente,verylow,Muito baixo,#F40000,4194,Teixeira/PB,0.0
Desastres geo-hidrológicos,60060,Gestão de resíduos e limpeza pública,2015,,Presente,verylow,Muito baixo,#F40000,4195,Tenório/PB,0.0
Desastres geo-hidrológicos,60060,Gestão de resíduos e limpeza pública,2015,,Presente,verylow,Muito baixo,#F40000,4851,Terra Nova/BA,0.0
Desastres geo-hidrológicos,60060,Gestão de resíduos e limpeza pública,2015,,Presente,verylow,Muito baixo,#F40000,654,Tesouro/MT,0.0
Desastres geo-hidrológicos,60060,Gestão de resíduos e limpeza pública,2015,,Presente,verylow,Muito baixo,#F40000,483,Teutônia/RS,0.0
Desastres geo-hidrológicos,60060,Gestão de resíduos e limpeza pública,2015,,Presente,verylow,Muito baixo,#F40000,3932,Tibau/RN,0.0
Desastres geo-hidrológicos,60060,Gestão de resíduos e limpeza pública,2015,,Presente,verylow,Muito baixo,#F40000,4373,Timbaúba/PE,0.0
Desastres geo-hidrológicos,60060,Gestão de resíduos e limpeza pública,2015,,Presente,verylow,Muito baixo,#F40000,4561,Tobias Barreto/SE,0.0
Desastres geo-hidrológicos,60060,Gestão de resíduos e limpeza pública,2015,,Presente,verylow,Muito baixo,#F40000,1561,Tocantins/MG,0.0
Desastres geo-hidrológicos,60060,Gestão de resíduos e limpeza pública,2015,,Presente,verylow,Muito baixo,#F40000,4562,Tomar do Geru/SE,0.0
Desastres geo-hidrológicos,60060,Gestão de resíduos e limpeza pública,2015,,Presente,verylow,Muito baixo,#F40000,3802,Trairi/CE,0.0
Desastres geo-hidrológicos,60060,Gestão de resíduos e limpeza pública,2015,,Presente,verylow,Muito baixo,#F40000,748,Tremedal/BA,0.0
Desastres geo-hidrológicos,60060,Gestão de resíduos e limpeza pública,2015,,Presente,verylow,Muito baixo,#F40000,4852,Tucano/BA,0.0
Desastres geo-hidrológicos,60060,Gestão de resíduos e limpeza pública,2015,,Presente,verylow,Muito baixo,#F40000,5038,Tucumã/PA,0.0
Desastres geo-hidrológicos,60060,Gestão de resíduos e limpeza pública,2015,,Presente,verylow,Muito baixo,#F40000,3392,Tufilândia/MA,0.0
Desastres geo-hidrológicos,60060,Gestão de resíduos e limpeza pública,2015,,Presente,verylow,Muito baixo,#F40000,4379,Tuparetama/PE,0.0
Desastres geo-hidrológicos,60060,Gestão de resíduos e limpeza pública,2015,,Presente,verylow,Muito baixo,#F40000,3394,Turiaçu/MA,0.0
Desastres geo-hidrológicos,60060,Gestão de resíduos e limpeza pública,2015,,Presente,verylow,Muito baixo,#F40000,3395,Turilândia/MA,0.0
Desastres geo-hidrológicos,60060,Gestão de resíduos e limpeza pública,2015,,Presente,verylow,Muito baixo,#F40000,3396,Tutóia/MA,0.0
Desastres geo-hidrológicos,60060,Gestão de resíduos e limpeza pública,2015,,Presente,verylow,Muito baixo,#F40000,1574,Ubaporanga/MG,0.0
Desastres geo-hidrológicos,60060,Gestão de resíduos e limpeza pública,2015,,Presente,verylow,Muito baixo,#F40000,2857,Uiramutã/RR,0.0
Desastres geo-hidrológicos,60060,Gestão de resíduos e limpeza pública,2015,,Presente,verylow,Muito baixo,#F40000,120,União do Oeste/SC,0.0
Desastres geo-hidrológicos,60060,Gestão de resíduos e limpeza pública,2015,,Presente,verylow,Muito baixo,#F40000,2359,Urânia/SP,0.0
Desastres geo-hidrológicos,60060,Gestão de resíduos e limpeza pública,2015,,Presente,verylow,Muito baixo,#F40000,2812,Uruana/GO,0.0
Desastres geo-hidrológicos,60060,Gestão de resíduos e limpeza pública,2015,,Presente,verylow,Muito baixo,#F40000,5571,Vale do Anari/RO,0.0
Desastres geo-hidrológicos,60060,Gestão de resíduos e limpeza pública,2015,,Presente,verylow,Muito baixo,#F40000,5572,Vale do Paraíso/RO,0.0
Desastres geo-hidrológicos,60060,Gestão de resíduos e limpeza pública,2015,,Presente,verylow,Muito baixo,#F40000,4860,Valente/BA,0.0
Desastres geo-hidrológicos,60060,Gestão de resíduos e limpeza pública,2015,,Presente,verylow,Muito baixo,#F40000,1587,Varjão de Minas/MG,0.0
Desastres geo-hidrológicos,60060,Gestão de resíduos e limpeza pública,2015,,Presente,verylow,Muito baixo,#F40000,1773,Varre-Sai/RJ,0.0
Desastres geo-hidrológicos,60060,Gestão de resíduos e limpeza pública,2015,,Presente,verylow,Muito baixo,#F40000,3623,Várzea Branca/PI,0.0
Desastres geo-hidrológicos,60060,Gestão de resíduos e limpeza pública,2015,,Presente,verylow,Muito baixo,#F40000,4861,Várzea da Roça/BA,0.0
Desastres geo-hidrológicos,60060,Gestão de resíduos e limpeza pública,2015,,Presente,verylow,Muito baixo,#F40000,4862,Várzea do Poço/BA,0.0
Desastres geo-hidrológicos,60060,Gestão de resíduos e limpeza pública,2015,,Presente,verylow,Muito baixo,#F40000,657,Várzea Grande/MT,0.0
Desastres geo-hidrológicos,60060,Gestão de resíduos e limpeza pública,2015,,Presente,verylow,Muito baixo,#F40000,1774,Vassouras/RJ,0.0
Desastres geo-hidrológicos,60060,Gestão de resíduos e limpeza pública,2015,,Presente,verylow,Muito baixo,#F40000,3975,Venha-Ver/RN,0.0
Desastres geo-hidrológicos,60060,Gestão de resíduos e limpeza pública,2015,,Presente,verylow,Muito baixo,#F40000,4381,Verdejante/PE,0.0
Desastres geo-hidrológicos,60060,Gestão de resíduos e limpeza pública,2015,,Presente,verylow,Muito baixo,#F40000,3399,Viana/MA,0.0
Desastres geo-hidrológicos,60060,Gestão de resíduos e limpeza pública,2015,,Presente,verylow,Muito baixo,#F40000,1597,Vieiras/MG,0.0
Desastres geo-hidrológicos,60060,Gestão de resíduos e limpeza pública,2015,,Presente,verylow,Muito baixo,#F40000,4955,Vila Bela da Santíssima Trindade/MT,0.0
Desastres geo-hidrológicos,60060,Gestão de resíduos e limpeza pública,2015,,Presente,verylow,Muito baixo,#F40000,3978,Vila Flor/RN,0.0
Desastres geo-hidrológicos,60060,Gestão de resíduos e limpeza pública,2015,,Presente,verylow,Muito baixo,#F40000,515,Vila Maria/RS,0.0
Desastres geo-hidrológicos,60060,Gestão de resíduos e limpeza pública,2015,,Presente,verylow,Muito baixo,#F40000,2819,Vila Propício/GO,0.0
Desastres geo-hidrológicos,60060,Gestão de resíduos e limpeza pública,2015,,Presente,verylow,Muito baixo,#F40000,1602,Virgolândia/MG,0.0
Desastres geo-hidrológicos,60060,Gestão de resíduos e limpeza pública,2015,,Presente,verylow,Muito baixo,#F40000,520,Vitória das Missões/RS,0.0
Desastres geo-hidrológicos,60060,Gestão de resíduos e limpeza pública,2015,,Presente,verylow,Muito baixo,#F40000,4866,Wagner/BA,0.0
Desastres geo-hidrológicos,60060,Gestão de resíduos e limpeza pública,2015,,Presente,mid,Médio,#FFCD00,2645,Abadiânia/GO,0.5
Desastres geo-hidrológicos,60060,Gestão de resíduos e limpeza pública,2015,,Presente,mid,Médio,#FFCD00,2938,Abaetetuba/PA,0.5
Desastres geo-hidrológicos,60060,Gestão de resíduos e limpeza pública,2015,,Presente,mid,Médio,#FFCD00,3628,Abaiara/CE,0.5
Desastres geo-hidrológicos,60060,Gestão de resíduos e limpeza pública,2015,,Presente,mid,Médio,#FFCD00,4564,Abaíra/BA,0.5
Desastres geo-hidrológicos,60060,Gestão de resíduos e limpeza pública,2015,,Presente,mid,Médio,#FFCD00,3048,Abreulândia/TO,0.5
Desastres geo-hidrológicos,60060,Gestão de resíduos e limpeza pública,2015,,Presente,mid,Médio,#FFCD00,757,Acaiaca/MG,0.5
Desastres geo-hidrológicos,60060,Gestão de resíduos e limpeza pública,2015,,Presente,mid,Médio,#FFCD00,3187,Açailândia/MA,0.5
Desastres geo-hidrológicos,60060,Gestão de resíduos e limpeza pública,2015,,Presente,mid,Médio,#FFCD00,4566,Acajutiba/BA,0.5
Desastres geo-hidrológicos,60060,Gestão de resíduos e limpeza pública,2015,,Presente,mid,Médio,#FFCD00,3630,Acaraú/CE,0.5
Desastres geo-hidrológicos,60060,Gestão de resíduos e limpeza pública,2015,,Presente,mid,Médio,#FFCD00,3631,Acopiara/CE,0.5
Desastres geo-hidrológicos,60060,Gestão de resíduos e limpeza pública,2015,,Presente,mid,Médio,#FFCD00,598,Acorizal/MT,0.5
Desastres geo-hidrológicos,60060,Gestão de resíduos e limpeza pública,2015,,Presente,mid,Médio,#FFCD00,2821,Acrelândia/AC,0.5
Desastres geo-hidrológicos,60060,Gestão de resíduos e limpeza pública,2015,,Presente,mid,Médio,#FFCD00,2646,Acreúna/GO,0.5
Desastres geo-hidrológicos,60060,Gestão de resíduos e limpeza pública,2015,,Presente,mid,Médio,#FFCD00,758,Açucena/MG,0.5
Desastres geo-hidrológicos,60060,Gestão de resíduos e limpeza pública,2015,,Presente,mid,Médio,#FFCD00,1776,Adamantina/SP,0.5
Desastres geo-hidrológicos,60060,Gestão de resíduos e limpeza pública,2015,,Presente,mid,Médio,#FFCD00,2647,Adelândia/GO,0.5
Desastres geo-hidrológicos,60060,Gestão de resíduos e limpeza pública,2015,,Presente,mid,Médio,#FFCD00,1777,Adolfo/SP,0.5
Desastres geo-hidrológicos,60060,Gestão de resíduos e limpeza pública,2015,,Presente,mid,Médio,#FFCD00,3814,Afonso Bezerra/RN,0.5
Desastres geo-hidrológicos,60060,Gestão de resíduos e limpeza pública,2015,,Presente,mid,Médio,#FFCD00,5029,Afuá/PA,0.5
Desastres geo-hidrológicos,60060,Gestão de resíduos e limpeza pública,2015,,Presente,mid,Médio,#FFCD00,3405,Agricolândia/PI,0.5
Desastres geo-hidrológicos,60060,Gestão de resíduos e limpeza pública,2015,,Presente,mid,Médio,#FFCD00,2380,Agrolândia/SC,0.5
Desastres geo-hidrológicos,60060,Gestão de resíduos e limpeza pública,2015,,Presente,mid,Médio,#FFCD00,2941,Água Azul do Norte/PA,0.5
Desastres geo-hidrológicos,60060,Gestão de resíduos e limpeza pública,2015,,Presente,mid,Médio,#FFCD00,4948,Água Boa/MT,0.5
Desastres geo-hidrológicos,60060,Gestão de resíduos e limpeza pública,2015,,Presente,mid,Médio,#FFCD00,4387,Água Branca/AL,0.5
Desastres geo-hidrológicos,60060,Gestão de resíduos e limpeza pública,2015,,Presente,mid,Médio,#FFCD00,3979,Água Branca/PB,0.5
Desastres geo-hidrológicos,60060,Gestão de resíduos e limpeza pública,2015,,Presente,mid,Médio,#FFCD00,3406,Água Branca/PI,0.5
Desastres geo-hidrológicos,60060,Gestão de resíduos e limpeza pública,2015,,Presente,mid,Médio,#FFCD00,522,Água Clara/MS,0.5
Desastres geo-hidrológicos,60060,Gestão de resíduos e limpeza pública,2015,,Presente,mid,Médio,#FFCD00,1778,Aguaí/SP,0.5
Desastres geo-hidrológicos,60060,Gestão de resíduos e limpeza pública,2015,,Presente,mid,Médio,#FFCD00,761,Aguanil/MG,0.5
Desastres geo-hidrológicos,60060,Gestão de resíduos e limpeza pública,2015,,Presente,mid,Médio,#FFCD00,4206,Água Preta/PE,0.5
Desastres geo-hidrológicos,60060,Gestão de resíduos e limpeza pública,2015,,Presente,mid,Médio,#FFCD00,4207,Águas Belas/PE,0.5
Desastres geo-hidrológicos,60060,Gestão de resíduos e limpeza pública,2015,,Presente,mid,Médio,#FFCD00,1781,Águas de Santa Bárbara/SP,0.5
Desastres geo-hidrológicos,60060,Gestão de resíduos e limpeza pública,2015,,Presente,mid,Médio,#FFCD00,29,Águas Frias/SC,0.5
Desastres geo-hidrológicos,60060,Gestão de resíduos e limpeza pública,2015,,Presente,mid,Médio,#FFCD00,2650,Águas Lindas de Goiás/GO,0.5
Desastres geo-hidrológicos,60060,Gestão de resíduos e limpeza pública,2015,,Presente,mid,Médio,#FFCD00,4570,Aiquara/BA,0.5
Desastres geo-hidrológicos,60060,Gestão de resíduos e limpeza pública,2015,,Presente,mid,Médio,#FFCD00,3632,Aiuaba/CE,0.5
Desastres geo-hidrológicos,60060,Gestão de resíduos e limpeza pública,2015,,Presente,mid,Médio,#FFCD00,3982,Alagoa Nova/PB,0.5
Desastres geo-hidrológicos,60060,Gestão de resíduos e limpeza pública,2015,,Presente,mid,Médio,#FFCD00,4208,Alagoinha/PE,0.5
Desastres geo-hidrológicos,60060,Gestão de resíduos e limpeza pública,2015,,Presente,mid,Médio,#FFCD00,4571,Alagoinhas/BA,0.5
Desastres geo-hidrológicos,60060,Gestão de resíduos e limpeza pública,2015,,Presente,mid,Médio,#FFCD00,1784,Alambari/SP,0.5
Desastres geo-hidrológicos,60060,Gestão de resíduos e limpeza pública,2015,,Presente,mid,Médio,#FFCD00,767,Albertina/MG,0.5
Desastres geo-hidrológicos,60060,Gestão de resíduos e limpeza pública,2015,,Presente,mid,Médio,#FFCD00,3190,Alcântara/MA,0.5
Desastres geo-hidrológicos,60060,Gestão de resíduos e limpeza pública,2015,,Presente,mid,Médio,#FFCD00,3984,Alcantil/PB,0.5
Desastres geo-hidrológicos,60060,Gestão de resíduos e limpeza pública,2015,,Presente,mid,Médio,#FFCD00,3191,Aldeias Altas/MA,0.5
Desastres geo-hidrológicos,60060,Gestão de resíduos e limpeza pública,2015,,Presente,mid,Médio,#FFCD00,133,Alegrete/RS,0.5
Desastres geo-hidrológicos,60060,Gestão de resíduos e limpeza pública,2015,,Presente,mid,Médio,#FFCD00,2858,Alenquer/PA,0.5
Desastres geo-hidrológicos,60060,Gestão de resíduos e limpeza pública,2015,,Presente,mid,Médio,#FFCD00,770,Alfredo Vasconcelos/MG,0.5
Desastres geo-hidrológicos,60060,Gestão de resíduos e limpeza pública,2015,,Presente,mid,Médio,#FFCD00,2383,Alfredo Wagner/SC,0.5
Desastres geo-hidrológicos,60060,Gestão de resíduos e limpeza pública,2015,,Presente,mid,Médio,#FFCD00,3985,Algodão de Jandaíra/PB,0.5
Desastres geo-hidrológicos,60060,Gestão de resíduos e limpeza pública,2015,,Presente,mid,Médio,#FFCD00,3050,Aliança do Tocantins/TO,0.5
Desastres geo-hidrológicos,60060,Gestão de resíduos e limpeza pública,2015,,Presente,mid,Médio,#FFCD00,4209,Aliança/PE,0.5
Desastres geo-hidrológicos,60060,Gestão de resíduos e limpeza pública,2015,,Presente,mid,Médio,#FFCD00,671,Almadina/BA,0.5
Desastres geo-hidrológicos,60060,Gestão de resíduos e limpeza pública,2015,,Presente,mid,Médio,#FFCD00,3817,Almino Afonso/RN,0.5
Desastres geo-hidrológicos,60060,Gestão de resíduos e limpeza pública,2015,,Presente,mid,Médio,#FFCD00,135,Almirante Tamandaré do Sul/RS,0.5
Desastres geo-hidrológicos,60060,Gestão de resíduos e limpeza pública,2015,,Presente,mid,Médio,#FFCD00,2652,Aloândia/GO,0.5
Desastres geo-hidrológicos,60060,Gestão de resíduos e limpeza pública,2015,,Presente,mid,Médio,#FFCD00,2888,Alta Floresta/MT,0.5
Desastres geo-hidrológicos,60060,Gestão de resíduos e limpeza pública,2015,,Presente,mid,Médio,#FFCD00,5060,Altamira do Paraná/PR,0.5
Desastres geo-hidrológicos,60060,Gestão de resíduos e limpeza pública,2015,,Presente,mid,Médio,#FFCD00,3634,Altaneira/CE,0.5
Desastres geo-hidrológicos,60060,Gestão de resíduos e limpeza pública,2015,,Presente,mid,Médio,#FFCD00,4210,Altinho/PE,0.5
Desastres geo-hidrológicos,60060,Gestão de resíduos e limpeza pública,2015,,Presente,mid,Médio,#FFCD00,5546,Alto Alegre dos Parecis/RO,0.5
Desastres geo-hidrológicos,60060,Gestão de resíduos e limpeza pública,2015,,Presente,mid,Médio,#FFCD00,2844,Alto Alegre/RR,0.5
Desastres geo-hidrológicos,60060,Gestão de resíduos e limpeza pública,2015,,Presente,mid,Médio,#FFCD00,599,Alto Araguaia/MT,0.5
Desastres geo-hidrológicos,60060,Gestão de resíduos e limpeza pública,2015,,Presente,mid,Médio,#FFCD00,5049,Alto Boa Vista/MT,0.5
Desastres geo-hidrológicos,60060,Gestão de resíduos e limpeza pública,2015,,Presente,mid,Médio,#FFCD00,775,Alto Caparaó/MG,0.5
Desastres geo-hidrológicos,60060,Gestão de resíduos e limpeza pública,2015,,Presente,mid,Médio,#FFCD00,3818,Alto do Rodrigues/RN,0.5
Desastres geo-hidrológicos,60060,Gestão de resíduos e limpeza pública,2015,,Presente,mid,Médio,#FFCD00,600,Alto Garças/MT,0.5
Desastres geo-hidrológicos,60060,Gestão de resíduos e limpeza pública,2015,,Presente,mid,Médio,#FFCD00,5011,Alto Paraíso de Goiás/GO,0.5
Desastres geo-hidrológicos,60060,Gestão de resíduos e limpeza pública,2015,,Presente,mid,Médio,#FFCD00,5547,Alto Paraíso/RO,0.5
Desastres geo-hidrológicos,60060,Gestão de resíduos e limpeza pública,2015,,Presente,mid,Médio,#FFCD00,3635,Alto Santo/CE,0.5
Desastres geo-hidrológicos,60060,Gestão de resíduos e limpeza pública,2015,,Presente,mid,Médio,#FFCD00,3410,Altos/PI,0.5
Desastres geo-hidrológicos,60060,Gestão de resíduos e limpeza pública,2015,,Presente,mid,Médio,#FFCD00,4896,Álvares Machado/SP,0.5
Desastres geo-hidrológicos,60060,Gestão de resíduos e limpeza pública,2015,,Presente,mid,Médio,#FFCD00,1790,Álvaro de Carvalho/SP,0.5
Desastres geo-hidrológicos,60060,Gestão de resíduos e limpeza pública,2015,,Presente,mid,Médio,#FFCD00,779,Alvorada de Minas/MG,0.5
Desastres geo-hidrológicos,60060,Gestão de resíduos e limpeza pública,2015,,Presente,mid,Médio,#FFCD00,2565,Alvorada/RS,0.5
Desastres geo-hidrológicos,60060,Gestão de resíduos e limpeza pública,2015,,Presente,mid,Médio,#FFCD00,2843,Amajari/RR,0.5
Desastres geo-hidrológicos,60060,Gestão de resíduos e limpeza pública,2015,,Presente,mid,Médio,#FFCD00,5039,Amapá/AP,0.5
Desastres geo-hidrológicos,60060,Gestão de resíduos e limpeza pública,2015,,Presente,mid,Médio,#FFCD00,4211,Amaraji/PE,0.5
Desastres geo-hidrológicos,60060,Gestão de resíduos e limpeza pública,2015,,Presente,mid,Médio,#FFCD00,3197,Amarante do Maranhão/MA,0.5
Desastres geo-hidrológicos,60060,Gestão de resíduos e limpeza pública,2015,,Presente,mid,Médio,#FFCD00,3412,Amarante/PI,0.5
Desastres geo-hidrológicos,60060,Gestão de resíduos e limpeza pública,2015,,Presente,mid,Médio,#FFCD00,4572,Amargosa/BA,0.5
Desastres geo-hidrológicos,60060,Gestão de resíduos e limpeza pública,2015,,Presente,mid,Médio,#FFCD00,4573,Amélia Rodrigues/BA,0.5
Desastres geo-hidrológicos,60060,Gestão de resíduos e limpeza pública,2015,,Presente,mid,Médio,#FFCD00,4574,América Dourada/BA,0.5
Desastres geo-hidrológicos,60060,Gestão de resíduos e limpeza pública,2015,,Presente,mid,Médio,#FFCD00,2654,Americano do Brasil/GO,0.5
Desastres geo-hidrológicos,60060,Gestão de resíduos e limpeza pública,2015,,Presente,mid,Médio,#FFCD00,3636,Amontada/CE,0.5
Desastres geo-hidrológicos,60060,Gestão de resíduos e limpeza pública,2015,,Presente,mid,Médio,#FFCD00,4489,Amparo de São Francisco/SE,0.5
Desastres geo-hidrológicos,60060,Gestão de resíduos e limpeza pública,2015,,Presente,mid,Médio,#FFCD00,3988,Amparo/PB,0.5
Desastres geo-hidrológicos,60060,Gestão de resíduos e limpeza pública,2015,,Presente,mid,Médio,#FFCD00,1795,Amparo/SP,0.5
Desastres geo-hidrológicos,60060,Gestão de resíduos e limpeza pública,2015,,Presente,mid,Médio,#FFCD00,4388,Anadia/AL,0.5
Desastres geo-hidrológicos,60060,Gestão de resíduos e limpeza pública,2015,,Presente,mid,Médio,#FFCD00,672,Anagé/BA,0.5
Desastres geo-hidrológicos,60060,Gestão de resíduos e limpeza pública,2015,,Presente,mid,Médio,#FFCD00,2942,Anajás/PA,0.5
Desastres geo-hidrológicos,60060,Gestão de resíduos e limpeza pública,2015,,Presente,mid,Médio,#FFCD00,3198,Anajatuba/MA,0.5
Desastres geo-hidrológicos,60060,Gestão de resíduos e limpeza pública,2015,,Presente,mid,Médio,#FFCD00,1796,Analândia/SP,0.5
Desastres geo-hidrológicos,60060,Gestão de resíduos e limpeza pública,2015,,Presente,mid,Médio,#FFCD00,31,Anchieta/SC,0.5
Desastres geo-hidrológicos,60060,Gestão de resíduos e limpeza pública,2015,,Presente,mid,Médio,#FFCD00,4576,Andorinha/BA,0.5
Desastres geo-hidrológicos,60060,Gestão de resíduos e limpeza pública,2015,,Presente,mid,Médio,#FFCD00,783,Andrelândia/MG,0.5
Desastres geo-hidrológicos,60060,Gestão de resíduos e limpeza pública,2015,,Presente,mid,Médio,#FFCD00,784,Angelândia/MG,0.5
Desastres geo-hidrológicos,60060,Gestão de resíduos e limpeza pública,2015,,Presente,mid,Médio,#FFCD00,527,Angélica/MS,0.5
Desastres geo-hidrológicos,60060,Gestão de resíduos e limpeza pública,2015,,Presente,mid,Médio,#FFCD00,4212,Angelim/PE,0.5
Desastres geo-hidrológicos,60060,Gestão de resíduos e limpeza pública,2015,,Presente,mid,Médio,#FFCD00,3413,Angical do Piauí/PI,0.5
Desastres geo-hidrológicos,60060,Gestão de resíduos e limpeza pública,2015,,Presente,mid,Médio,#FFCD00,2385,Anita Garibaldi/SC,0.5
Desastres geo-hidrológicos,60060,Gestão de resíduos e limpeza pública,2015,,Presente,mid,Médio,#FFCD00,2386,Anitápolis/SC,0.5
Desastres geo-hidrológicos,60060,Gestão de resíduos e limpeza pública,2015,,Presente,mid,Médio,#FFCD00,3415,Antônio Almeida/PI,0.5
Desastres geo-hidrológicos,60060,Gestão de resíduos e limpeza pública,2015,,Presente,mid,Médio,#FFCD00,2387,Antônio Carlos/SC,0.5
Desastres geo-hidrológicos,60060,Gestão de resíduos e limpeza pública,2015,,Presente,mid,Médio,#FFCD00,4581,Antônio Gonçalves/BA,0.5
Desastres geo-hidrológicos,60060,Gestão de resíduos e limpeza pública,2015,,Presente,mid,Médio,#FFCD00,787,Antônio Prado de Minas/MG,0.5
Desastres geo-hidrológicos,60060,Gestão de resíduos e limpeza pública,2015,,Presente,mid,Médio,#FFCD00,4923,Antônio Prado/RS,0.5
Desastres geo-hidrológicos,60060,Gestão de resíduos e limpeza pública,2015,,Presente,mid,Médio,#FFCD00,1800,Aparecida d'Oeste/SP,0.5
Desastres geo-hidrológicos,60060,Gestão de resíduos e limpeza pública,2015,,Presente,mid,Médio,#FFCD00,4966,Aparecida do Rio Doce/GO,0.5
Desastres geo-hidrológicos,60060,Gestão de resíduos e limpeza pública,2015,,Presente,mid,Médio,#FFCD00,3055,Aparecida do Rio Negro/TO,0.5
Desastres geo-hidrológicos,60060,Gestão de resíduos e limpeza pública,2015,,Presente,mid,Médio,#FFCD00,1685,Aperibé/RJ,0.5
Desastres geo-hidrológicos,60060,Gestão de resíduos e limpeza pública,2015,,Presente,mid,Médio,#FFCD00,2388,Apiúna/SC,0.5
Desastres geo-hidrológicos,60060,Gestão de resíduos e limpeza pública,2015,,Presente,mid,Médio,#FFCD00,5463,Apuí/AM,0.5
Desastres geo-hidrológicos,60060,Gestão de resíduos e limpeza pública,2015,,Presente,mid,Médio,#FFCD00,788,Araçaí/MG,0.5
Desastres geo-hidrológicos,60060,Gestão de resíduos e limpeza pública,2015,,Presente,mid,Médio,#FFCD00,4584,Araçás/BA,0.5
Desastres geo-hidrológicos,60060,Gestão de resíduos e limpeza pública,2015,,Presente,mid,Médio,#FFCD00,4982,Aracatu/BA,0.5
Desastres geo-hidrológicos,60060,Gestão de resíduos e limpeza pública,2015,,Presente,mid,Médio,#FFCD00,4585,Araci/BA,0.5
Desastres geo-hidrológicos,60060,Gestão de resíduos e limpeza pública,2015,,Presente,mid,Médio,#FFCD00,1804,Araçoiaba da Serra/SP,0.5
Desastres geo-hidrológicos,60060,Gestão de resíduos e limpeza pública,2015,,Presente,mid,Médio,#FFCD00,659,Aragarças/GO,0.5
Desastres geo-hidrológicos,60060,Gestão de resíduos e limpeza pública,2015,,Presente,mid,Médio,#FFCD00,2661,Aragoiânia/GO,0.5
Desastres geo-hidrológicos,60060,Gestão de resíduos e limpeza pública,2015,,Presente,mid,Médio,#FFCD00,3058,Araguaçu/TO,0.5
Desastres geo-hidrológicos,60060,Gestão de resíduos e limpeza pública,2015,,Presente,mid,Médio,#FFCD00,603,Araguainha/MT,0.5
Desastres geo-hidrológicos,60060,Gestão de resíduos e limpeza pública,2015,,Presente,mid,Médio,#FFCD00,3201,Araguanã/MA,0.5
Desastres geo-hidrológicos,60060,Gestão de resíduos e limpeza pública,2015,,Presente,mid,Médio,#FFCD00,3060,Araguanã/TO,0.5
Desastres geo-hidrológicos,60060,Gestão de resíduos e limpeza pública,2015,,Presente,mid,Médio,#FFCD00,3061,Araguatins/TO,0.5
Desastres geo-hidrológicos,60060,Gestão de resíduos e limpeza pública,2015,,Presente,mid,Médio,#FFCD00,4586,Aramari/BA,0.5
Desastres geo-hidrológicos,60060,Gestão de resíduos e limpeza pública,2015,,Presente,mid,Médio,#FFCD00,792,Arantina/MG,0.5
Desastres geo-hidrológicos,60060,Gestão de resíduos e limpeza pública,2015,,Presente,mid,Médio,#FFCD00,793,Araponga/MG,0.5
Desastres geo-hidrológicos,60060,Gestão de resíduos e limpeza pública,2015,,Presente,mid,Médio,#FFCD00,795,Arapuá/MG,0.5
Desastres geo-hidrológicos,60060,Gestão de resíduos e limpeza pública,2015,,Presente,mid,Médio,#FFCD00,3991,Arara/PB,0.5
Desastres geo-hidrológicos,60060,Gestão de resíduos e limpeza pública,2015,,Presente,mid,Médio,#FFCD00,4214,Araripina/PE,0.5
Desastres geo-hidrológicos,60060,Gestão de resíduos e limpeza pública,2015,,Presente,mid,Médio,#FFCD00,3992,Araruna/PB,0.5
Desastres geo-hidrológicos,60060,Gestão de resíduos e limpeza pública,2015,,Presente,mid,Médio,#FFCD00,673,Arataca/BA,0.5
Desastres geo-hidrológicos,60060,Gestão de resíduos e limpeza pública,2015,,Presente,mid,Médio,#FFCD00,142,Aratiba/RS,0.5
Desastres geo-hidrológicos,60060,Gestão de resíduos e limpeza pública,2015,,Presente,mid,Médio,#FFCD00,4587,Aratuípe/BA,0.5
Desastres geo-hidrológicos,60060,Gestão de resíduos e limpeza pública,2015,,Presente,mid,Médio,#FFCD00,797,Araxá/MG,0.5
Desastres geo-hidrológicos,60060,Gestão de resíduos e limpeza pública,2015,,Presente,mid,Médio,#FFCD00,4215,Arcoverde/PE,0.5
Desastres geo-hidrológicos,60060,Gestão de resíduos e limpeza pública,2015,,Presente,mid,Médio,#FFCD00,800,Areado/MG,0.5
Desastres geo-hidrológicos,60060,Gestão de resíduos e limpeza pública,2015,,Presente,mid,Médio,#FFCD00,1687,Areal/RJ,0.5
Desastres geo-hidrológicos,60060,Gestão de resíduos e limpeza pública,2015,,Presente,mid,Médio,#FFCD00,1811,Arealva/SP,0.5
Desastres geo-hidrológicos,60060,Gestão de resíduos e limpeza pública,2015,,Presente,mid,Médio,#FFCD00,3822,Areia Branca/RN,0.5
Desastres geo-hidrológicos,60060,Gestão de resíduos e limpeza pública,2015,,Presente,mid,Médio,#FFCD00,3995,Areial/PB,0.5
Desastres geo-hidrológicos,60060,Gestão de resíduos e limpeza pública,2015,,Presente,mid,Médio,#FFCD00,3993,Areia/PB,0.5
Desastres geo-hidrológicos,60060,Gestão de resíduos e limpeza pública,2015,,Presente,mid,Médio,#FFCD00,1812,Areias/SP,0.5
Desastres geo-hidrológicos,60060,Gestão de resíduos e limpeza pública,2015,,Presente,mid,Médio,#FFCD00,801,Argirita/MG,0.5
Desastres geo-hidrológicos,60060,Gestão de resíduos e limpeza pública,2015,,Presente,mid,Médio,#FFCD00,802,Aricanduva/MG,0.5
Desastres geo-hidrológicos,60060,Gestão de resíduos e limpeza pública,2015,,Presente,mid,Médio,#FFCD00,803,Arinos/MG,0.5
Desastres geo-hidrológicos,60060,Gestão de resíduos e limpeza pública,2015,,Presente,mid,Médio,#FFCD00,2890,Aripuanã/MT,0.5
Desastres geo-hidrológicos,60060,Gestão de resíduos e limpeza pública,2015,,Presente,mid,Médio,#FFCD00,5522,Ariquemes/RO,0.5
Desastres geo-hidrológicos,60060,Gestão de resíduos e limpeza pública,2015,,Presente,mid,Médio,#FFCD00,2391,Armazém/SC,0.5
Desastres geo-hidrológicos,60060,Gestão de resíduos e limpeza pública,2015,,Presente,mid,Médio,#FFCD00,3645,Arneiroz/CE,0.5
Desastres geo-hidrológicos,60060,Gestão de resíduos e limpeza pública,2015,,Presente,mid,Médio,#FFCD00,3416,Aroazes/PI,0.5
Desastres geo-hidrológicos,60060,Gestão de resíduos e limpeza pública,2015,,Presente,mid,Médio,#FFCD00,3417,Aroeiras do Itaim/PI,0.5
Desastres geo-hidrológicos,60060,Gestão de resíduos e limpeza pública,2015,,Presente,mid,Médio,#FFCD00,1689,Arraial do Cabo/RJ,0.5
Desastres geo-hidrológicos,60060,Gestão de resíduos e limpeza pública,2015,,Presente,mid,Médio,#FFCD00,3063,Arraias/TO,0.5
Desastres geo-hidrológicos,60060,Gestão de resíduos e limpeza pública,2015,,Presente,mid,Médio,#FFCD00,2567,Arroio do Sal/RS,0.5
Desastres geo-hidrológicos,60060,Gestão de resíduos e limpeza pública,2015,,Presente,mid,Médio,#FFCD00,147,Arroio Grande/RS,0.5
Desastres geo-hidrológicos,60060,Gestão de resíduos e limpeza pública,2015,,Presente,mid,Médio,#FFCD00,5012,Aruanã/GO,0.5
Desastres geo-hidrológicos,60060,Gestão de resíduos e limpeza pública,2015,,Presente,mid,Médio,#FFCD00,1816,Arujá/SP,0.5
Desastres geo-hidrológicos,60060,Gestão de resíduos e limpeza pública,2015,,Presente,mid,Médio,#FFCD00,148,Arvorezinha/RS,0.5
Desastres geo-hidrológicos,60060,Gestão de resíduos e limpeza pública,2015,,Presente,mid,Médio,#FFCD00,1817,Aspásia/SP,0.5
Desastres geo-hidrológicos,60060,Gestão de resíduos e limpeza pública,2015,,Presente,mid,Médio,#FFCD00,5320,Assaí/PR,0.5
Desastres geo-hidrológicos,60060,Gestão de resíduos e limpeza pública,2015,,Presente,mid,Médio,#FFCD00,3646,Assaré/CE,0.5
Desastres geo-hidrológicos,60060,Gestão de resíduos e limpeza pública,2015,,Presente,mid,Médio,#FFCD00,2822,Assis Brasil/AC,0.5
Desastres geo-hidrológicos,60060,Gestão de resíduos e limpeza pública,2015,,Presente,mid,Médio,#FFCD00,5071,Assis Chateaubriand/PR,0.5
Desastres geo-hidrológicos,60060,Gestão de resíduos e limpeza pública,2015,,Presente,mid,Médio,#FFCD00,3419,Assunção do Piauí/PI,0.5
Desastres geo-hidrológicos,60060,Gestão de resíduos e limpeza pública,2015,,Presente,mid,Médio,#FFCD00,5073,Atalaia/PR,0.5
Desastres geo-hidrológicos,60060,Gestão de resíduos e limpeza pública,2015,,Presente,mid,Médio,#FFCD00,3064,Augustinópolis/TO,0.5
Desastres geo-hidrológicos,60060,Gestão de resíduos e limpeza pública,2015,,Presente,mid,Médio,#FFCD00,2944,Augusto Corrêa/PA,0.5
Desastres geo-hidrológicos,60060,Gestão de resíduos e limpeza pública,2015,,Presente,mid,Médio,#FFCD00,149,Augusto Pestana/RS,0.5
Desastres geo-hidrológicos,60060,Gestão de resíduos e limpeza pública,2015,,Presente,mid,Médio,#FFCD00,150,Áurea/RS,0.5
Desastres geo-hidrológicos,60060,Gestão de resíduos e limpeza pública,2015,,Presente,mid,Médio,#FFCD00,1820,Auriflama/SP,0.5
Desastres geo-hidrológicos,60060,Gestão de resíduos e limpeza pública,2015,,Presente,mid,Médio,#FFCD00,2395,Aurora/SC,0.5
Desastres geo-hidrológicos,60060,Gestão de resíduos e limpeza pública,2015,,Presente,mid,Médio,#FFCD00,5465,Autazes/AM,0.5
Desastres geo-hidrológicos,60060,Gestão de resíduos e limpeza pública,2015,,Presente,mid,Médio,#FFCD00,1823,Avaré/SP,0.5
Desastres geo-hidrológicos,60060,Gestão de resíduos e limpeza pública,2015,,Presente,mid,Médio,#FFCD00,2861,Aveiro/PA,0.5
Desastres geo-hidrológicos,60060,Gestão de resíduos e limpeza pública,2015,,Presente,mid,Médio,#FFCD00,3420,Avelino Lopes/PI,0.5
Desastres geo-hidrológicos,60060,Gestão de resíduos e limpeza pública,2015,,Presente,mid,Médio,#FFCD00,2664,Avelinópolis/GO,0.5
Desastres geo-hidrológicos,60060,Gestão de resíduos e limpeza pública,2015,,Presente,mid,Médio,#FFCD00,3205,Axixá/MA,0.5
Desastres geo-hidrológicos,60060,Gestão de resíduos e limpeza pública,2015,,Presente,mid,Médio,#FFCD00,3206,Bacabal/MA,0.5
Desastres geo-hidrológicos,60060,Gestão de resíduos e limpeza pública,2015,,Presente,mid,Médio,#FFCD00,3208,Bacuri/MA,0.5
Desastres geo-hidrológicos,60060,Gestão de resíduos e limpeza pública,2015,,Presente,mid,Médio,#FFCD00,1824,Bady Bassitt/SP,0.5
Desastres geo-hidrológicos,60060,Gestão de resíduos e limpeza pública,2015,,Presente,mid,Médio,#FFCD00,807,Baependi/MG,0.5
Desastres geo-hidrológicos,60060,Gestão de resíduos e limpeza pública,2015,,Presente,mid,Médio,#FFCD00,2946,Bagre/PA,0.5
Desastres geo-hidrológicos,60060,Gestão de resíduos e limpeza pública,2015,,Presente,mid,Médio,#FFCD00,3998,Baía da Traição/PB,0.5
Desastres geo-hidrológicos,60060,Gestão de resíduos e limpeza pública,2015,,Presente,mid,Médio,#FFCD00,3825,Baía Formosa/RN,0.5
Desastres geo-hidrológicos,60060,Gestão de resíduos e limpeza pública,2015,,Presente,mid,Médio,#FFCD00,4588,Baianópolis/BA,0.5
Desastres geo-hidrológicos,60060,Gestão de resíduos e limpeza pública,2015,,Presente,mid,Médio,#FFCD00,2947,Baião/PA,0.5
Desastres geo-hidrológicos,60060,Gestão de resíduos e limpeza pública,2015,,Presente,mid,Médio,#FFCD00,808,Baldim/MG,0.5
Desastres geo-hidrológicos,60060,Gestão de resíduos e limpeza pública,2015,,Presente,mid,Médio,#FFCD00,660,Baliza/GO,0.5
Desastres geo-hidrológicos,60060,Gestão de resíduos e limpeza pública,2015,,Presente,mid,Médio,#FFCD00,2499,Balneário Piçarras/SC,0.5
Desastres geo-hidrológicos,60060,Gestão de resíduos e limpeza pública,2015,,Presente,mid,Médio,#FFCD00,2568,Balneário Pinhal/RS,0.5
Desastres geo-hidrológicos,60060,Gestão de resíduos e limpeza pública,2015,,Presente,mid,Médio,#FFCD00,2563,Balneário Rincão/SC,0.5
Desastres geo-hidrológicos,60060,Gestão de resíduos e limpeza pública,2015,,Presente,mid,Médio,#FFCD00,1826,Bálsamo/SP,0.5
Desastres geo-hidrológicos,60060,Gestão de resíduos e limpeza pública,2015,,Presente,mid,Médio,#FFCD00,3649,Banabuiú/CE,0.5
Desastres geo-hidrológicos,60060,Gestão de resíduos e limpeza pública,2015,,Presente,mid,Médio,#FFCD00,1827,Bananal/SP,0.5
Desastres geo-hidrológicos,60060,Gestão de resíduos e limpeza pública,2015,,Presente,mid,Médio,#FFCD00,3999,Bananeiras/PB,0.5
Desastres geo-hidrológicos,60060,Gestão de resíduos e limpeza pública,2015,,Presente,mid,Médio,#FFCD00,811,Bandeira do Sul/MG,0.5
Desastres geo-hidrológicos,60060,Gestão de resíduos e limpeza pública,2015,,Presente,mid,Médio,#FFCD00,2948,Bannach/PA,0.5
Desastres geo-hidrológicos,60060,Gestão de resíduos e limpeza pública,2015,,Presente,mid,Médio,#FFCD00,812,Barão de Cocais/MG,0.5
Desastres geo-hidrológicos,60060,Gestão de resíduos e limpeza pública,2015,,Presente,mid,Médio,#FFCD00,606,Barão de Melgaço/MT,0.5
Desastres geo-hidrológicos,60060,Gestão de resíduos e limpeza pública,2015,,Presente,mid,Médio,#FFCD00,813,Barão de Monte Alto/MG,0.5
Desastres geo-hidrológicos,60060,Gestão de resíduos e limpeza pública,2015,,Presente,mid,Médio,#FFCD00,4000,Baraúna/PB,0.5
Desastres geo-hidrológicos,60060,Gestão de resíduos e limpeza pública,2015,,Presente,mid,Médio,#FFCD00,3826,Baraúna/RN,0.5
Desastres geo-hidrológicos,60060,Gestão de resíduos e limpeza pública,2015,,Presente,mid,Médio,#FFCD00,814,Barbacena/MG,0.5
Desastres geo-hidrológicos,60060,Gestão de resíduos e limpeza pública,2015,,Presente,mid,Médio,#FFCD00,5074,Barbosa Ferraz/PR,0.5
Desastres geo-hidrológicos,60060,Gestão de resíduos e limpeza pública,2015,,Presente,mid,Médio,#FFCD00,2949,Barcarena/PA,0.5
Desastres geo-hidrológicos,60060,Gestão de resíduos e limpeza pública,2015,,Presente,mid,Médio,#FFCD00,3827,Barcelona/RN,0.5
Desastres geo-hidrológicos,60060,Gestão de resíduos e limpeza pública,2015,,Presente,mid,Médio,#FFCD00,5466,Barcelos/AM,0.5
Desastres geo-hidrológicos,60060,Gestão de resíduos e limpeza pública,2015,,Presente,mid,Médio,#FFCD00,4591,Barra/BA,0.5
Desastres geo-hidrológicos,60060,Gestão de resíduos e limpeza pública,2015,,Presente,mid,Médio,#FFCD00,35,Barra Bonita/SC,0.5
Desastres geo-hidrológicos,60060,Gestão de resíduos e limpeza pública,2015,,Presente,mid,Médio,#FFCD00,5075,Barracão/PR,0.5
Desastres geo-hidrológicos,60060,Gestão de resíduos e limpeza pública,2015,,Presente,mid,Médio,#FFCD00,4925,Barracão/RS,0.5
Desastres geo-hidrológicos,60060,Gestão de resíduos e limpeza pública,2015,,Presente,mid,Médio,#FFCD00,4592,Barra da Estiva/BA,0.5
Desastres geo-hidrológicos,60060,Gestão de resíduos e limpeza pública,2015,,Presente,mid,Médio,#FFCD00,4216,Barra de Guabiraba/PE,0.5
Desastres geo-hidrológicos,60060,Gestão de resíduos e limpeza pública,2015,,Presente,mid,Médio,#FFCD00,1617,Barra de São Francisco/ES,0.5
Desastres geo-hidrológicos,60060,Gestão de resíduos e limpeza pública,2015,,Presente,mid,Médio,#FFCD00,607,Barra do Bugres/MT,0.5
Desastres geo-hidrológicos,60060,Gestão de resíduos e limpeza pública,2015,,Presente,mid,Médio,#FFCD00,1832,Barra do Chapéu/SP,0.5
Desastres geo-hidrológicos,60060,Gestão de resíduos e limpeza pública,2015,,Presente,mid,Médio,#FFCD00,3212,Barra do Corda/MA,0.5
Desastres geo-hidrológicos,60060,Gestão de resíduos e limpeza pública,2015,,Presente,mid,Médio,#FFCD00,5323,Barra do Jacaré/PR,0.5
Desastres geo-hidrológicos,60060,Gestão de resíduos e limpeza pública,2015,,Presente,mid,Médio,#FFCD00,156,Barra do Rio Azul/RS,0.5
Desastres geo-hidrológicos,60060,Gestão de resíduos e limpeza pública,2015,,Presente,mid,Médio,#FFCD00,4594,Barra do Rocha/BA,0.5
Desastres geo-hidrológicos,60060,Gestão de resíduos e limpeza pública,2015,,Presente,mid,Médio,#FFCD00,4494,Barra dos Coqueiros/SE,0.5
Desastres geo-hidrológicos,60060,Gestão de resíduos e limpeza pública,2015,,Presente,mid,Médio,#FFCD00,1833,Barra do Turvo/SP,0.5
Desastres geo-hidrológicos,60060,Gestão de resíduos e limpeza pública,2015,,Presente,mid,Médio,#FFCD00,1691,Barra Mansa/RJ,0.5
Desastres geo-hidrológicos,60060,Gestão de resíduos e limpeza pública,2015,,Presente,mid,Médio,#FFCD00,3423,Barras/PI,0.5
Desastres geo-hidrológicos,60060,Gestão de resíduos e limpeza pública,2015,,Presente,mid,Médio,#FFCD00,2400,Barra Velha/SC,0.5
Desastres geo-hidrológicos,60060,Gestão de resíduos e limpeza pública,2015,,Presente,mid,Médio,#FFCD00,3424,Barreiras do Piauí/PI,0.5
Desastres geo-hidrológicos,60060,Gestão de resíduos e limpeza pública,2015,,Presente,mid,Médio,#FFCD00,3213,Barreirinhas/MA,0.5
Desastres geo-hidrológicos,60060,Gestão de resíduos e limpeza pública,2015,,Presente,mid,Médio,#FFCD00,4597,Barrocas/BA,0.5
Desastres geo-hidrológicos,60060,Gestão de resíduos e limpeza pública,2015,,Presente,mid,Médio,#FFCD00,3653,Barroquinha/CE,0.5
Desastres geo-hidrológicos,60060,Gestão de resíduos e limpeza pública,2015,,Presente,mid,Médio,#FFCD00,1836,Barueri/SP,0.5
Desastres geo-hidrológicos,60060,Gestão de resíduos e limpeza pública,2015,,Presente,mid,Médio,#FFCD00,533,Batayporã/MS,0.5
Desastres geo-hidrológicos,60060,Gestão de resíduos e limpeza pública,2015,,Presente,mid,Médio,#FFCD00,4004,Bayeux/PB,0.5
Desastres geo-hidrológicos,60060,Gestão de resíduos e limpeza pública,2015,,Presente,mid,Médio,#FFCD00,1840,Bebedouro/SP,0.5
Desastres geo-hidrológicos,60060,Gestão de resíduos e limpeza pública,2015,,Presente,mid,Médio,#FFCD00,3655,Beberibe/CE,0.5
Desastres geo-hidrológicos,60060,Gestão de resíduos e limpeza pública,2015,,Presente,mid,Médio,#FFCD00,5324,Bela Vista do Paraíso/PR,0.5
Desastres geo-hidrológicos,60060,Gestão de resíduos e limpeza pública,2015,,Presente,mid,Médio,#FFCD00,3427,Bela Vista do Piauí/PI,0.5
Desastres geo-hidrológicos,60060,Gestão de resíduos e limpeza pública,2015,,Presente,mid,Médio,#FFCD00,4394,Belém/AL,0.5
Desastres geo-hidrológicos,60060,Gestão de resíduos e limpeza pública,2015,,Presente,mid,Médio,#FFCD00,3428,Belém do Piauí/PI,0.5
Desastres geo-hidrológicos,60060,Gestão de resíduos e limpeza pública,2015,,Presente,mid,Médio,#FFCD00,4219,Belém do São Francisco/PE,0.5
Desastres geo-hidrológicos,60060,Gestão de resíduos e limpeza pública,2015,,Presente,mid,Médio,#FFCD00,1692,Belford Roxo/RJ,0.5
Desastres geo-hidrológicos,60060,Gestão de resíduos e limpeza pública,2015,,Presente,mid,Médio,#FFCD00,677,Belmonte/BA,0.5
Desastres geo-hidrológicos,60060,Gestão de resíduos e limpeza pública,2015,,Presente,mid,Médio,#FFCD00,4395,Belo Monte/AL,0.5
Desastres geo-hidrológicos,60060,Gestão de resíduos e limpeza pública,2015,,Presente,mid,Médio,#FFCD00,820,Belo Oriente/MG,0.5
Desastres geo-hidrológicos,60060,Gestão de resíduos e limpeza pública,2015,,Presente,mid,Médio,#FFCD00,2862,Belterra/PA,0.5
Desastres geo-hidrológicos,60060,Gestão de resíduos e limpeza pública,2015,,Presente,mid,Médio,#FFCD00,3429,Beneditinos/PI,0.5
Desastres geo-hidrológicos,60060,Gestão de resíduos e limpeza pública,2015,,Presente,mid,Médio,#FFCD00,2402,Benedito Novo/SC,0.5
Desastres geo-hidrológicos,60060,Gestão de resíduos e limpeza pública,2015,,Presente,mid,Médio,#FFCD00,5468,Benjamin Constant/AM,0.5
Desastres geo-hidrológicos,60060,Gestão de resíduos e limpeza pública,2015,,Presente,mid,Médio,#FFCD00,159,Benjamin Constant do Sul/RS,0.5
Desastres geo-hidrológicos,60060,Gestão de resíduos e limpeza pública,2015,,Presente,mid,Médio,#FFCD00,1841,Bento de Abreu/SP,0.5
Desastres geo-hidrológicos,60060,Gestão de resíduos e limpeza pública,2015,,Presente,mid,Médio,#FFCD00,3828,Bento Fernandes/RN,0.5
Desastres geo-hidrológicos,60060,Gestão de resíduos e limpeza pública,2015,,Presente,mid,Médio,#FFCD00,822,Berilo/MG,0.5
Desastres geo-hidrológicos,60060,Gestão de resíduos e limpeza pública,2015,,Presente,mid,Médio,#FFCD00,824,Berizal/MG,0.5
Desastres geo-hidrológicos,60060,Gestão de resíduos e limpeza pública,2015,,Presente,mid,Médio,#FFCD00,4007,Bernardino Batista/PB,0.5
Desastres geo-hidrológicos,60060,Gestão de resíduos e limpeza pública,2015,,Presente,mid,Médio,#FFCD00,3071,Bernardo Sayão/TO,0.5
Desastres geo-hidrológicos,60060,Gestão de resíduos e limpeza pública,2015,,Presente,mid,Médio,#FFCD00,1843,Bertioga/SP,0.5
Desastres geo-hidrológicos,60060,Gestão de resíduos e limpeza pública,2015,,Presente,mid,Médio,#FFCD00,3430,Bertolínia/PI,0.5
Desastres geo-hidrológicos,60060,Gestão de resíduos e limpeza pública,2015,,Presente,mid,Médio,#FFCD00,5469,Beruri/AM,0.5
Desastres geo-hidrológicos,60060,Gestão de resíduos e limpeza pública,2015,,Presente,mid,Médio,#FFCD00,4221,Betânia/PE,0.5
Desastres geo-hidrológicos,60060,Gestão de resíduos e limpeza pública,2015,,Presente,mid,Médio,#FFCD00,4222,Bezerros/PE,0.5
Desastres geo-hidrológicos,60060,Gestão de resíduos e limpeza pública,2015,,Presente,mid,Médio,#FFCD00,826,Bias Fortes/MG,0.5
Desastres geo-hidrológicos,60060,Gestão de resíduos e limpeza pública,2015,,Presente,mid,Médio,#FFCD00,827,Bicas/MG,0.5
Desastres geo-hidrológicos,60060,Gestão de resíduos e limpeza pública,2015,,Presente,mid,Médio,#FFCD00,1846,Biritiba Mirim/SP,0.5
Desastres geo-hidrológicos,60060,Gestão de resíduos e limpeza pública,2015,,Presente,mid,Médio,#FFCD00,2404,Blumenau/SC,0.5
Desastres geo-hidrológicos,60060,Gestão de resíduos e limpeza pública,2015,,Presente,mid,Médio,#FFCD00,4983,Boa Nova/BA,0.5
Desastres geo-hidrológicos,60060,Gestão de resíduos e limpeza pública,2015,,Presente,mid,Médio,#FFCD00,4008,Boa Ventura/PB,0.5
Desastres geo-hidrológicos,60060,Gestão de resíduos e limpeza pública,2015,,Presente,mid,Médio,#FFCD00,3657,Boa Viagem/CE,0.5
Desastres geo-hidrológicos,60060,Gestão de resíduos e limpeza pública,2015,,Presente,mid,Médio,#FFCD00,160,Boa Vista das Missões/RS,0.5
Desastres geo-hidrológicos,60060,Gestão de resíduos e limpeza pública,2015,,Presente,mid,Médio,#FFCD00,3219,Boa Vista do Gurupi/MA,0.5
Desastres geo-hidrológicos,60060,Gestão de resíduos e limpeza pública,2015,,Presente,mid,Médio,#FFCD00,5470,Boa Vista do Ramos/AM,0.5
Desastres geo-hidrológicos,60060,Gestão de resíduos e limpeza pública,2015,,Presente,mid,Médio,#FFCD00,164,Boa Vista do Sul/RS,0.5
Desastres geo-hidrológicos,60060,Gestão de resíduos e limpeza pública,2015,,Presente,mid,Médio,#FFCD00,4599,Boa Vista do Tupim/BA,0.5
Desastres geo-hidrológicos,60060,Gestão de resíduos e limpeza pública,2015,,Presente,mid,Médio,#FFCD00,4396,Boca da Mata/AL,0.5
Desastres geo-hidrológicos,60060,Gestão de resíduos e limpeza pública,2015,,Presente,mid,Médio,#FFCD00,5471,Boca do Acre/AM,0.5
Desastres geo-hidrológicos,60060,Gestão de resíduos e limpeza pública,2015,,Presente,mid,Médio,#FFCD00,830,Bocaina de Minas/MG,0.5
Desastres geo-hidrológicos,60060,Gestão de resíduos e limpeza pública,2015,,Presente,mid,Médio,#FFCD00,3433,Bocaina/PI,0.5
Desastres geo-hidrológicos,60060,Gestão de resíduos e limpeza pública,2015,,Presente,mid,Médio,#FFCD00,831,Bocaiúva/MG,0.5
Desastres geo-hidrológicos,60060,Gestão de resíduos e limpeza pública,2015,,Presente,mid,Médio,#FFCD00,4223,Bodocó/PE,0.5
Desastres geo-hidrológicos,60060,Gestão de resíduos e limpeza pública,2015,,Presente,mid,Médio,#FFCD00,535,Bodoquena/MS,0.5
Desastres geo-hidrológicos,60060,Gestão de resíduos e limpeza pública,2015,,Presente,mid,Médio,#FFCD00,2406,Bombinhas/SC,0.5
Desastres geo-hidrológicos,60060,Gestão de resíduos e limpeza pública,2015,,Presente,mid,Médio,#FFCD00,4224,Bom Conselho/PE,0.5
Desastres geo-hidrológicos,60060,Gestão de resíduos e limpeza pública,2015,,Presente,mid,Médio,#FFCD00,833,Bom Jardim de Minas/MG,0.5
Desastres geo-hidrológicos,60060,Gestão de resíduos e limpeza pública,2015,,Presente,mid,Médio,#FFCD00,4225,Bom Jardim/PE,0.5
Desastres geo-hidrológicos,60060,Gestão de resíduos e limpeza pública,2015,,Presente,mid,Médio,#FFCD00,1693,Bom Jardim/RJ,0.5
Desastres geo-hidrológicos,60060,Gestão de resíduos e limpeza pública,2015,,Presente,mid,Médio,#FFCD00,834,Bom Jesus da Penha/MG,0.5
Desastres geo-hidrológicos,60060,Gestão de resíduos e limpeza pública,2015,,Presente,mid,Médio,#FFCD00,3221,Bom Jesus das Selvas/MA,0.5
Desastres geo-hidrológicos,60060,Gestão de resíduos e limpeza pública,2015,,Presente,mid,Médio,#FFCD00,835,Bom Jesus do Amparo/MG,0.5
Desastres geo-hidrológicos,60060,Gestão de resíduos e limpeza pública,2015,,Presente,mid,Médio,#FFCD00,5050,Bom Jesus do Araguaia/MT,0.5
Desastres geo-hidrológicos,60060,Gestão de resíduos e limpeza pública,2015,,Presente,mid,Médio,#FFCD00,836,Bom Jesus do Galho/MG,0.5
Desastres geo-hidrológicos,60060,Gestão de resíduos e limpeza pública,2015,,Presente,mid,Médio,#FFCD00,1694,Bom Jesus do Itabapoana/RJ,0.5
Desastres geo-hidrológicos,60060,Gestão de resíduos e limpeza pública,2015,,Presente,mid,Médio,#FFCD00,1619,Bom Jesus do Norte/ES,0.5
Desastres geo-hidrológicos,60060,Gestão de resíduos e limpeza pública,2015,,Presente,mid,Médio,#FFCD00,1851,Bom Jesus dos Perdões/SP,0.5
Desastres geo-hidrológicos,60060,Gestão de resíduos e limpeza pública,2015,,Presente,mid,Médio,#FFCD00,3072,Bom Jesus do Tocantins/TO,0.5
Desastres geo-hidrológicos,60060,Gestão de resíduos e limpeza pública,2015,,Presente,mid,Médio,#FFCD00,4010,Bom Jesus/PB,0.5
Desastres geo-hidrológicos,60060,Gestão de resíduos e limpeza pública,2015,,Presente,mid,Médio,#FFCD00,3830,Bom Jesus/RN,0.5
Desastres geo-hidrológicos,60060,Gestão de resíduos e limpeza pública,2015,,Presente,mid,Médio,#FFCD00,2569,Bom Jesus/RS,0.5
Desastres geo-hidrológicos,60060,Gestão de resíduos e limpeza pública,2015,,Presente,mid,Médio,#FFCD00,837,Bom Repouso/MG,0.5
Desastres geo-hidrológicos,60060,Gestão de resíduos e limpeza pública,2015,,Presente,mid,Médio,#FFCD00,4011,Bom Sucesso/PB,0.5
Desastres geo-hidrológicos,60060,Gestão de resíduos e limpeza pública,2015,,Presente,mid,Médio,#FFCD00,5081,Bom Sucesso/PR,0.5
Desastres geo-hidrológicos,60060,Gestão de resíduos e limpeza pública,2015,,Presente,mid,Médio,#FFCD00,2846,Bonfim/RR,0.5
Desastres geo-hidrológicos,60060,Gestão de resíduos e limpeza pública,2015,,Presente,mid,Médio,#FFCD00,4601,Boninal/BA,0.5
Desastres geo-hidrológicos,60060,Gestão de resíduos e limpeza pública,2015,,Presente,mid,Médio,#FFCD00,4602,Bonito/BA,0.5
Desastres geo-hidrológicos,60060,Gestão de resíduos e limpeza pública,2015,,Presente,mid,Médio,#FFCD00,2953,Bonito/PA,0.5
Desastres geo-hidrológicos,60060,Gestão de resíduos e limpeza pública,2015,,Presente,mid,Médio,#FFCD00,167,Boqueirão do Leão/RS,0.5
Desastres geo-hidrológicos,60060,Gestão de resíduos e limpeza pública,2015,,Presente,mid,Médio,#FFCD00,4603,Boquira/BA,0.5
Desastres geo-hidrológicos,60060,Gestão de resíduos e limpeza pública,2015,,Presente,mid,Médio,#FFCD00,1853,Borá/SP,0.5
Desastres geo-hidrológicos,60060,Gestão de resíduos e limpeza pública,2015,,Presente,mid,Médio,#FFCD00,842,Borda da Mata/MG,0.5
Desastres geo-hidrológicos,60060,Gestão de resíduos e limpeza pública,2015,,Presente,mid,Médio,#FFCD00,1856,Borebi/SP,0.5
Desastres geo-hidrológicos,60060,Gestão de resíduos e limpeza pública,2015,,Presente,mid,Médio,#FFCD00,4604,Botuporã/BA,0.5
Desastres geo-hidrológicos,60060,Gestão de resíduos e limpeza pública,2015,,Presente,mid,Médio,#FFCD00,2409,Botuverá/SC,0.5
Desastres geo-hidrológicos,60060,Gestão de resíduos e limpeza pública,2015,,Presente,mid,Médio,#FFCD00,2411,Braço do Trombudo/SC,0.5
Desastres geo-hidrológicos,60060,Gestão de resíduos e limpeza pública,2015,,Presente,mid,Médio,#FFCD00,2954,Bragança/PA,0.5
Desastres geo-hidrológicos,60060,Gestão de resíduos e limpeza pública,2015,,Presente,mid,Médio,#FFCD00,4397,Branquinha/AL,0.5
Desastres geo-hidrológicos,60060,Gestão de resíduos e limpeza pública,2015,,Presente,mid,Médio,#FFCD00,3073,Brasilândia do Tocantins/TO,0.5
Desastres geo-hidrológicos,60060,Gestão de resíduos e limpeza pública,2015,,Presente,mid,Médio,#FFCD00,3438,Brasileira/PI,0.5
Desastres geo-hidrológicos,60060,Gestão de resíduos e limpeza pública,2015,,Presente,mid,Médio,#FFCD00,2863,Brasil Novo/PA,0.5
Desastres geo-hidrológicos,60060,Gestão de resíduos e limpeza pública,2015,,Presente,mid,Médio,#FFCD00,2891,Brasnorte/MT,0.5
Desastres geo-hidrológicos,60060,Gestão de resíduos e limpeza pública,2015,,Presente,mid,Médio,#FFCD00,848,Braúnas/MG,0.5
Desastres geo-hidrológicos,60060,Gestão de resíduos e limpeza pública,2015,,Presente,mid,Médio,#FFCD00,849,Brazópolis/MG,0.5
Desastres geo-hidrológicos,60060,Gestão de resíduos e limpeza pública,2015,,Presente,mid,Médio,#FFCD00,4227,Brejão/PE,0.5
Desastres geo-hidrológicos,60060,Gestão de resíduos e limpeza pública,2015,,Presente,mid,Médio,#FFCD00,1620,Brejetuba/ES,0.5
Desastres geo-hidrológicos,60060,Gestão de resíduos e limpeza pública,2015,,Presente,mid,Médio,#FFCD00,3074,Brejinho de Nazaré/TO,0.5
Desastres geo-hidrológicos,60060,Gestão de resíduos e limpeza pública,2015,,Presente,mid,Médio,#FFCD00,4228,Brejinho/PE,0.5
Desastres geo-hidrológicos,60060,Gestão de resíduos e limpeza pública,2015,,Presente,mid,Médio,#FFCD00,3831,Brejinho/RN,0.5
Desastres geo-hidrológicos,60060,Gestão de resíduos e limpeza pública,2015,,Presente,mid,Médio,#FFCD00,3439,Brejo do Piauí/PI,0.5
Desastres geo-hidrológicos,60060,Gestão de resíduos e limpeza pública,2015,,Presente,mid,Médio,#FFCD00,3658,Brejo Santo/CE,0.5
Desastres geo-hidrológicos,60060,Gestão de resíduos e limpeza pública,2015,,Presente,mid,Médio,#FFCD00,2956,Breu Branco/PA,0.5
Desastres geo-hidrológicos,60060,Gestão de resíduos e limpeza pública,2015,,Presente,mid,Médio,#FFCD00,2670,Britânia/GO,0.5
Desastres geo-hidrológicos,60060,Gestão de resíduos e limpeza pública,2015,,Presente,mid,Médio,#FFCD00,4607,Brotas de Macaúbas/BA,0.5
Desastres geo-hidrológicos,60060,Gestão de resíduos e limpeza pública,2015,,Presente,mid,Médio,#FFCD00,1862,Brotas/SP,0.5
Desastres geo-hidrológicos,60060,Gestão de resíduos e limpeza pública,2015,,Presente,mid,Médio,#FFCD00,850,Brumadinho/MG,0.5
Desastres geo-hidrológicos,60060,Gestão de resíduos e limpeza pública,2015,,Presente,mid,Médio,#FFCD00,851,Bueno Brandão/MG,0.5
Desastres geo-hidrológicos,60060,Gestão de resíduos e limpeza pública,2015,,Presente,mid,Médio,#FFCD00,4230,Buenos Aires/PE,0.5
Desastres geo-hidrológicos,60060,Gestão de resíduos e limpeza pública,2015,,Presente,mid,Médio,#FFCD00,680,Buerarema/BA,0.5
Desastres geo-hidrológicos,60060,Gestão de resíduos e limpeza pública,2015,,Presente,mid,Médio,#FFCD00,4231,Buíque/PE,0.5
Desastres geo-hidrológicos,60060,Gestão de resíduos e limpeza pública,2015,,Presente,mid,Médio,#FFCD00,2824,Bujari/AC,0.5
Desastres geo-hidrológicos,60060,Gestão de resíduos e limpeza pública,2015,,Presente,mid,Médio,#FFCD00,3226,Buriti Bravo/MA,0.5
Desastres geo-hidrológicos,60060,Gestão de resíduos e limpeza pública,2015,,Presente,mid,Médio,#FFCD00,3227,Buriticupu/MA,0.5
Desastres geo-hidrológicos,60060,Gestão de resíduos e limpeza pública,2015,,Presente,mid,Médio,#FFCD00,3441,Buriti dos Montes/PI,0.5
Desastres geo-hidrológicos,60060,Gestão de resíduos e limpeza pública,2015,,Presente,mid,Médio,#FFCD00,3075,Buriti do Tocantins/TO,0.5
Desastres geo-hidrológicos,60060,Gestão de resíduos e limpeza pública,2015,,Presente,mid,Médio,#FFCD00,3228,Buritirana/MA,0.5
Desastres geo-hidrológicos,60060,Gestão de resíduos e limpeza pública,2015,,Presente,mid,Médio,#FFCD00,854,Buritis/MG,0.5
Desastres geo-hidrológicos,60060,Gestão de resíduos e limpeza pública,2015,,Presente,mid,Médio,#FFCD00,4018,Caaporã/PB,0.5
Desastres geo-hidrológicos,60060,Gestão de resíduos e limpeza pública,2015,,Presente,mid,Médio,#FFCD00,681,Caatiba/BA,0.5
Desastres geo-hidrológicos,60060,Gestão de resíduos e limpeza pública,2015,,Presente,mid,Médio,#FFCD00,856,Cabeceira Grande/MG,0.5
Desastres geo-hidrológicos,60060,Gestão de resíduos e limpeza pública,2015,,Presente,mid,Médio,#FFCD00,3442,Cabeceiras do Piauí/PI,0.5
Desastres geo-hidrológicos,60060,Gestão de resíduos e limpeza pública,2015,,Presente,mid,Médio,#FFCD00,2674,Cabeceiras/GO,0.5
Desastres geo-hidrológicos,60060,Gestão de resíduos e limpeza pública,2015,,Presente,mid,Médio,#FFCD00,4020,Cabedelo/PB,0.5
Desastres geo-hidrológicos,60060,Gestão de resíduos e limpeza pública,2015,,Presente,mid,Médio,#FFCD00,4232,Cabo de Santo Agostinho/PE,0.5
Desastres geo-hidrológicos,60060,Gestão de resíduos e limpeza pública,2015,,Presente,mid,Médio,#FFCD00,1695,Cabo Frio/RJ,0.5
Desastres geo-hidrológicos,60060,Gestão de resíduos e limpeza pública,2015,,Presente,mid,Médio,#FFCD00,1866,Cabrália Paulista/SP,0.5
Desastres geo-hidrológicos,60060,Gestão de resíduos e limpeza pública,2015,,Presente,mid,Médio,#FFCD00,4233,Cabrobó/PE,0.5
Desastres geo-hidrológicos,60060,Gestão de resíduos e limpeza pública,2015,,Presente,mid,Médio,#FFCD00,4912,Caçador/SC,0.5
Desastres geo-hidrológicos,60060,Gestão de resíduos e limpeza pública,2015,,Presente,mid,Médio,#FFCD00,173,Caçapava do Sul/RS,0.5
Desastres geo-hidrológicos,60060,Gestão de resíduos e limpeza pública,2015,,Presente,mid,Médio,#FFCD00,1868,Caçapava/SP,0.5
Desastres geo-hidrológicos,60060,Gestão de resíduos e limpeza pública,2015,,Presente,mid,Médio,#FFCD00,2676,Cachoeira de Goiás/GO,0.5
Desastres geo-hidrológicos,60060,Gestão de resíduos e limpeza pública,2015,,Presente,mid,Médio,#FFCD00,859,Cachoeira de Minas/MG,0.5
Desastres geo-hidrológicos,60060,Gestão de resíduos e limpeza pública,2015,,Presente,mid,Médio,#FFCD00,2959,Cachoeira do Piriá/PA,0.5
Desastres geo-hidrológicos,60060,Gestão de resíduos e limpeza pública,2015,,Presente,mid,Médio,#FFCD00,2677,Cachoeira Dourada/GO,0.5
Desastres geo-hidrológicos,60060,Gestão de resíduos e limpeza pública,2015,,Presente,mid,Médio,#FFCD00,3229,Cachoeira Grande/MA,0.5
Desastres geo-hidrológicos,60060,Gestão de resíduos e limpeza pública,2015,,Presente,mid,Médio,#FFCD00,1621,Cachoeiro de Itapemirim/ES,0.5
Desastres geo-hidrológicos,60060,Gestão de resíduos e limpeza pública,2015,,Presente,mid,Médio,#FFCD00,4023,Cacimba de Dentro/PB,0.5
Desastres geo-hidrológicos,60060,Gestão de resíduos e limpeza pública,2015,,Presente,mid,Médio,#FFCD00,4024,Cacimbas/PB,0.5
Desastres geo-hidrológicos,60060,Gestão de resíduos e limpeza pública,2015,,Presente,mid,Médio,#FFCD00,1870,Caconde/SP,0.5
Desastres geo-hidrológicos,60060,Gestão de resíduos e limpeza pública,2015,,Presente,mid,Médio,#FFCD00,682,Caculé/BA,0.5
Desastres geo-hidrológicos,60060,Gestão de resíduos e limpeza pública,2015,,Presente,mid,Médio,#FFCD00,4611,Caém/BA,0.5
Desastres geo-hidrológicos,60060,Gestão de resíduos e limpeza pública,2015,,Presente,mid,Médio,#FFCD00,861,Caetanópolis/MG,0.5
Desastres geo-hidrológicos,60060,Gestão de resíduos e limpeza pública,2015,,Presente,mid,Médio,#FFCD00,862,Caeté/MG,0.5
Desastres geo-hidrológicos,60060,Gestão de resíduos e limpeza pública,2015,,Presente,mid,Médio,#FFCD00,5087,Cafelândia/PR,0.5
Desastres geo-hidrológicos,60060,Gestão de resíduos e limpeza pública,2015,,Presente,mid,Médio,#FFCD00,1871,Cafelândia/SP,0.5
Desastres geo-hidrológicos,60060,Gestão de resíduos e limpeza pública,2015,,Presente,mid,Médio,#FFCD00,5088,Cafezal do Sul/PR,0.5
Desastres geo-hidrológicos,60060,Gestão de resíduos e limpeza pública,2015,,Presente,mid,Médio,#FFCD00,863,Caiana/MG,0.5
Desastres geo-hidrológicos,60060,Gestão de resíduos e limpeza pública,2015,,Presente,mid,Médio,#FFCD00,177,Caibaté/RS,0.5
Desastres geo-hidrológicos,60060,Gestão de resíduos e limpeza pública,2015,,Presente,mid,Médio,#FFCD00,39,Caibi/SC,0.5
Desastres geo-hidrológicos,60060,Gestão de resíduos e limpeza pública,2015,,Presente,mid,Médio,#FFCD00,3832,Caiçara do Norte/RN,0.5
Desastres geo-hidrológicos,60060,Gestão de resíduos e limpeza pública,2015,,Presente,mid,Médio,#FFCD00,178,Caiçara/RS,0.5
Desastres geo-hidrológicos,60060,Gestão de resíduos e limpeza pública,2015,,Presente,mid,Médio,#FFCD00,4613,Cairu/BA,0.5
Desastres geo-hidrológicos,60060,Gestão de resíduos e limpeza pública,2015,,Presente,mid,Médio,#FFCD00,3443,Cajazeiras do Piauí/PI,0.5
Desastres geo-hidrológicos,60060,Gestão de resíduos e limpeza pública,2015,,Presente,mid,Médio,#FFCD00,4027,Cajazeirinhas/PB,0.5
Desastres geo-hidrológicos,60060,Gestão de resíduos e limpeza pública,2015,,Presente,mid,Médio,#FFCD00,1876,Cajobi/SP,0.5
Desastres geo-hidrológicos,60060,Gestão de resíduos e limpeza pública,2015,,Presente,mid,Médio,#FFCD00,3444,Cajueiro da Praia/PI,0.5
Desastres geo-hidrológicos,60060,Gestão de resíduos e limpeza pública,2015,,Presente,mid,Médio,#FFCD00,1877,Cajuru/SP,0.5
Desastres geo-hidrológicos,60060,Gestão de resíduos e limpeza pública,2015,,Presente,mid,Médio,#FFCD00,5040,Calçoene/AP,0.5
Desastres geo-hidrológicos,60060,Gestão de resíduos e limpeza pública,2015,,Presente,mid,Médio,#FFCD00,865,Caldas/MG,0.5
Desastres geo-hidrológicos,60060,Gestão de resíduos e limpeza pública,2015,,Presente,mid,Médio,#FFCD00,2678,Caldas Novas/GO,0.5
Desastres geo-hidrológicos,60060,Gestão de resíduos e limpeza pública,2015,,Presente,mid,Médio,#FFCD00,2679,Caldazinha/GO,0.5
Desastres geo-hidrológicos,60060,Gestão de resíduos e limpeza pública,2015,,Presente,mid,Médio,#FFCD00,5439,Califórnia/PR,0.5
Desastres geo-hidrológicos,60060,Gestão de resíduos e limpeza pública,2015,,Presente,mid,Médio,#FFCD00,683,Camacan/BA,0.5
Desastres geo-hidrológicos,60060,Gestão de resíduos e limpeza pública,2015,,Presente,mid,Médio,#FFCD00,866,Camacho/MG,0.5
Desastres geo-hidrológicos,60060,Gestão de resíduos e limpeza pública,2015,,Presente,mid,Médio,#FFCD00,539,Camapuã/MS,0.5
Desastres geo-hidrológicos,60060,Gestão de resíduos e limpeza pública,2015,,Presente,mid,Médio,#FFCD00,4238,Camaragibe/PE,0.5
Desastres geo-hidrológicos,60060,Gestão de resíduos e limpeza pública,2015,,Presente,mid,Médio,#FFCD00,5089,Cambira/PR,0.5
Desastres geo-hidrológicos,60060,Gestão de resíduos e limpeza pública,2015,,Presente,mid,Médio,#FFCD00,2415,Camboriú/SC,0.5
Desastres geo-hidrológicos,60060,Gestão de resíduos e limpeza pública,2015,,Presente,mid,Médio,#FFCD00,1697,Cambuci/RJ,0.5
Desastres geo-hidrológicos,60060,Gestão de resíduos e limpeza pública,2015,,Presente,mid,Médio,#FFCD00,2961,Cametá/PA,0.5
Desastres geo-hidrológicos,60060,Gestão de resíduos e limpeza pública,2015,,Presente,mid,Médio,#FFCD00,4239,Camocim de São Félix/PE,0.5
Desastres geo-hidrológicos,60060,Gestão de resíduos e limpeza pública,2015,,Presente,mid,Médio,#FFCD00,870,Campanário/MG,0.5
Desastres geo-hidrológicos,60060,Gestão de resíduos e limpeza pública,2015,,Presente,mid,Médio,#FFCD00,871,Campanha/MG,0.5
Desastres geo-hidrológicos,60060,Gestão de resíduos e limpeza pública,2015,,Presente,mid,Médio,#FFCD00,4400,Campestre/AL,0.5
Desastres geo-hidrológicos,60060,Gestão de resíduos e limpeza pública,2015,,Presente,mid,Médio,#FFCD00,3232,Campestre do Maranhão/MA,0.5
Desastres geo-hidrológicos,60060,Gestão de resíduos e limpeza pública,2015,,Presente,mid,Médio,#FFCD00,872,Campestre/MG,0.5
Desastres geo-hidrológicos,60060,Gestão de resíduos e limpeza pública,2015,,Presente,mid,Médio,#FFCD00,4874,Campinaçu/GO,0.5
Desastres geo-hidrológicos,60060,Gestão de resíduos e limpeza pública,2015,,Presente,mid,Médio,#FFCD00,1878,Campina do Monte Alegre/SP,0.5
Desastres geo-hidrológicos,60060,Gestão de resíduos e limpeza pública,2015,,Presente,mid,Médio,#FFCD00,5091,Campina do Simão/PR,0.5
Desastres geo-hidrológicos,60060,Gestão de resíduos e limpeza pública,2015,,Presente,mid,Médio,#FFCD00,5013,Campinorte/GO,0.5
Desastres geo-hidrológicos,60060,Gestão de resíduos e limpeza pública,2015,,Presente,mid,Médio,#FFCD00,4617,Campo Alegre de Lourdes/BA,0.5
Desastres geo-hidrológicos,60060,Gestão de resíduos e limpeza pública,2015,,Presente,mid,Médio,#FFCD00,2418,Campo Belo do Sul/SC,0.5
Desastres geo-hidrológicos,60060,Gestão de resíduos e limpeza pública,2015,,Presente,mid,Médio,#FFCD00,4618,Campo Formoso/BA,0.5
Desastres geo-hidrológicos,60060,Gestão de resíduos e limpeza pública,2015,,Presente,mid,Médio,#FFCD00,3448,Campo Grande do Piauí/PI,0.5
Desastres geo-hidrológicos,60060,Gestão de resíduos e limpeza pública,2015,,Presente,mid,Médio,#FFCD00,5329,Campo Largo/PR,0.5
Desastres geo-hidrológicos,60060,Gestão de resíduos e limpeza pública,2015,,Presente,mid,Médio,#FFCD00,2682,Campo Limpo de Goiás/GO,0.5
Desastres geo-hidrológicos,60060,Gestão de resíduos e limpeza pública,2015,,Presente,mid,Médio,#FFCD00,4951,Campo Novo do Parecis/MT,0.5
Desastres geo-hidrológicos,60060,Gestão de resíduos e limpeza pública,2015,,Presente,mid,Médio,#FFCD00,184,Campos Borges/RS,0.5
Desastres geo-hidrológicos,60060,Gestão de resíduos e limpeza pública,2015,,Presente,mid,Médio,#FFCD00,1700,Campos dos Goytacazes/RJ,0.5
Desastres geo-hidrológicos,60060,Gestão de resíduos e limpeza pública,2015,,Presente,mid,Médio,#FFCD00,1882,Campos Novos Paulista/SP,0.5
Desastres geo-hidrológicos,60060,Gestão de resíduos e limpeza pública,2015,,Presente,mid,Médio,#FFCD00,610,Campo Verde/MT,0.5
Desastres geo-hidrológicos,60060,Gestão de resíduos e limpeza pública,2015,,Presente,mid,Médio,#FFCD00,5051,Canabrava do Norte/MT,0.5
Desastres geo-hidrológicos,60060,Gestão de resíduos e limpeza pública,2015,,Presente,mid,Médio,#FFCD00,4403,Canapi/AL,0.5
Desastres geo-hidrológicos,60060,Gestão de resíduos e limpeza pública,2015,,Presente,mid,Médio,#FFCD00,4619,Canápolis/BA,0.5
Desastres geo-hidrológicos,60060,Gestão de resíduos e limpeza pública,2015,,Presente,mid,Médio,#FFCD00,882,Cana Verde/MG,0.5
Desastres geo-hidrológicos,60060,Gestão de resíduos e limpeza pública,2015,,Presente,mid,Médio,#FFCD00,684,Canavieiras/BA,0.5
Desastres geo-hidrológicos,60060,Gestão de resíduos e limpeza pública,2015,,Presente,mid,Médio,#FFCD00,4622,Candeias/BA,0.5
Desastres geo-hidrológicos,60060,Gestão de resíduos e limpeza pública,2015,,Presente,mid,Médio,#FFCD00,5552,Candeias do Jamari/RO,0.5
Desastres geo-hidrológicos,60060,Gestão de resíduos e limpeza pública,2015,,Presente,mid,Médio,#FFCD00,883,Candeias/MG,0.5
Desastres geo-hidrológicos,60060,Gestão de resíduos e limpeza pública,2015,,Presente,mid,Médio,#FFCD00,685,Candiba/BA,0.5
Desastres geo-hidrológicos,60060,Gestão de resíduos e limpeza pública,2015,,Presente,mid,Médio,#FFCD00,5441,Cândido de Abreu/PR,0.5
Desastres geo-hidrológicos,60060,Gestão de resíduos e limpeza pública,2015,,Presente,mid,Médio,#FFCD00,1886,Cândido Rodrigues/SP,0.5
Desastres geo-hidrológicos,60060,Gestão de resíduos e limpeza pública,2015,,Presente,mid,Médio,#FFCD00,187,Candiota/RS,0.5
Desastres geo-hidrológicos,60060,Gestão de resíduos e limpeza pública,2015,,Presente,mid,Médio,#FFCD00,3836,Canguaretama/RN,0.5
Desastres geo-hidrológicos,60060,Gestão de resíduos e limpeza pública,2015,,Presente,mid,Médio,#FFCD00,4241,Canhotinho/PE,0.5
Desastres geo-hidrológicos,60060,Gestão de resíduos e limpeza pública,2015,,Presente,mid,Médio,#FFCD00,3661,Canindé/CE,0.5
Desastres geo-hidrológicos,60060,Gestão de resíduos e limpeza pública,2015,,Presente,mid,Médio,#FFCD00,2420,Canoinhas/SC,0.5
Desastres geo-hidrológicos,60060,Gestão de resíduos e limpeza pública,2015,,Presente,mid,Médio,#FFCD00,4623,Cansanção/BA,0.5
Desastres geo-hidrológicos,60060,Gestão de resíduos e limpeza pública,2015,,Presente,mid,Médio,#FFCD00,5095,Cantagalo/PR,0.5
Desastres geo-hidrológicos,60060,Gestão de resíduos e limpeza pública,2015,,Presente,mid,Médio,#FFCD00,2847,Cantá/RR,0.5
Desastres geo-hidrológicos,60060,Gestão de resíduos e limpeza pública,2015,,Presente,mid,Médio,#FFCD00,4624,Canudos/BA,0.5
Desastres geo-hidrológicos,60060,Gestão de resíduos e limpeza pública,2015,,Presente,mid,Médio,#FFCD00,189,Canudos do Vale/RS,0.5
Desastres geo-hidrológicos,60060,Gestão de resíduos e limpeza pública,2015,,Presente,mid,Médio,#FFCD00,5474,Canutama/AM,0.5
Desastres geo-hidrológicos,60060,Gestão de resíduos e limpeza pública,2015,,Presente,mid,Médio,#FFCD00,2416,Capão Alto/SC,0.5
Desastres geo-hidrológicos,60060,Gestão de resíduos e limpeza pública,2015,,Presente,mid,Médio,#FFCD00,190,Capão do Cipó/RS,0.5
Desastres geo-hidrológicos,60060,Gestão de resíduos e limpeza pública,2015,,Presente,mid,Médio,#FFCD00,191,Capão do Leão/RS,0.5
Desastres geo-hidrológicos,60060,Gestão de resíduos e limpeza pública,2015,,Presente,mid,Médio,#FFCD00,885,Caparaó/MG,0.5
Desastres geo-hidrológicos,60060,Gestão de resíduos e limpeza pública,2015,,Presente,mid,Médio,#FFCD00,4625,Capela do Alto Alegre/BA,0.5
Desastres geo-hidrológicos,60060,Gestão de resíduos e limpeza pública,2015,,Presente,mid,Médio,#FFCD00,888,Capetinga/MG,0.5
Desastres geo-hidrológicos,60060,Gestão de resíduos e limpeza pública,2015,,Presente,mid,Médio,#FFCD00,4626,Capim Grosso/BA,0.5
Desastres geo-hidrológicos,60060,Gestão de resíduos e limpeza pública,2015,,Presente,mid,Médio,#FFCD00,3453,Capitão de Campos/PI,0.5
Desastres geo-hidrológicos,60060,Gestão de resíduos e limpeza pública,2015,,Presente,mid,Médio,#FFCD00,2964,Capitão Poço/PA,0.5
Desastres geo-hidrológicos,60060,Gestão de resíduos e limpeza pública,2015,,Presente,mid,Médio,#FFCD00,192,Capitão/RS,0.5
Desastres geo-hidrológicos,60060,Gestão de resíduos e limpeza pública,2015,,Presente,mid,Médio,#FFCD00,2825,Capixaba/AC,0.5
Desastres geo-hidrológicos,60060,Gestão de resíduos e limpeza pública,2015,,Presente,mid,Médio,#FFCD00,4242,Capoeiras/PE,0.5
Desastres geo-hidrológicos,60060,Gestão de resíduos e limpeza pública,2015,,Presente,mid,Médio,#FFCD00,2579,Caraá/RS,0.5
Desastres geo-hidrológicos,60060,Gestão de resíduos e limpeza pública,2015,,Presente,mid,Médio,#FFCD00,3455,Caracol/PI,0.5
Desastres geo-hidrológicos,60060,Gestão de resíduos e limpeza pública,2015,,Presente,mid,Médio,#FFCD00,895,Caraí/MG,0.5
Desastres geo-hidrológicos,60060,Gestão de resíduos e limpeza pública,2015,,Presente,mid,Médio,#FFCD00,896,Caranaíba/MG,0.5
Desastres geo-hidrológicos,60060,Gestão de resíduos e limpeza pública,2015,,Presente,mid,Médio,#FFCD00,898,Carangola/MG,0.5
Desastres geo-hidrológicos,60060,Gestão de resíduos e limpeza pública,2015,,Presente,mid,Médio,#FFCD00,1698,Carapebus/RJ,0.5
Desastres geo-hidrológicos,60060,Gestão de resíduos e limpeza pública,2015,,Presente,mid,Médio,#FFCD00,899,Caratinga/MG,0.5
Desastres geo-hidrológicos,60060,Gestão de resíduos e limpeza pública,2015,,Presente,mid,Médio,#FFCD00,900,Carbonita/MG,0.5
Desastres geo-hidrológicos,60060,Gestão de resíduos e limpeza pública,2015,,Presente,mid,Médio,#FFCD00,4627,Cardeal da Silva/BA,0.5
Desastres geo-hidrológicos,60060,Gestão de resíduos e limpeza pública,2015,,Presente,mid,Médio,#FFCD00,1702,Cardoso Moreira/RJ,0.5
Desastres geo-hidrológicos,60060,Gestão de resíduos e limpeza pública,2015,,Presente,mid,Médio,#FFCD00,4987,Carinhanha/BA,0.5
Desastres geo-hidrológicos,60060,Gestão de resíduos e limpeza pública,2015,,Presente,mid,Médio,#FFCD00,4501,Carira/SE,0.5
Desastres geo-hidrológicos,60060,Gestão de resíduos e limpeza pública,2015,,Presente,mid,Médio,#FFCD00,3664,Cariré/CE,0.5
Desastres geo-hidrológicos,60060,Gestão de resíduos e limpeza pública,2015,,Presente,mid,Médio,#FFCD00,3665,Caririaçu/CE,0.5
Desastres geo-hidrológicos,60060,Gestão de resíduos e limpeza pública,2015,,Presente,mid,Médio,#FFCD00,3666,Cariús/CE,0.5
Desastres geo-hidrológicos,60060,Gestão de resíduos e limpeza pública,2015,,Presente,mid,Médio,#FFCD00,2892,Carlinda/MT,0.5
Desastres geo-hidrológicos,60060,Gestão de resíduos e limpeza pública,2015,,Presente,mid,Médio,#FFCD00,5332,Carlópolis/PR,0.5
Desastres geo-hidrológicos,60060,Gestão de resíduos e limpeza pública,2015,,Presente,mid,Médio,#FFCD00,902,Carlos Chagas/MG,0.5
Desastres geo-hidrológicos,60060,Gestão de resíduos e limpeza pública,2015,,Presente,mid,Médio,#FFCD00,903,Carmésia/MG,0.5
Desastres geo-hidrológicos,60060,Gestão de resíduos e limpeza pública,2015,,Presente,mid,Médio,#FFCD00,906,Carmo de Minas/MG,0.5
Desastres geo-hidrológicos,60060,Gestão de resíduos e limpeza pública,2015,,Presente,mid,Médio,#FFCD00,909,Carmo do Rio Claro/MG,0.5
Desastres geo-hidrológicos,60060,Gestão de resíduos e limpeza pública,2015,,Presente,mid,Médio,#FFCD00,2683,Carmo do Rio Verde/GO,0.5
Desastres geo-hidrológicos,60060,Gestão de resíduos e limpeza pública,2015,,Presente,mid,Médio,#FFCD00,3079,Carmolândia/TO,0.5
Desastres geo-hidrológicos,60060,Gestão de resíduos e limpeza pública,2015,,Presente,mid,Médio,#FFCD00,3838,Carnaúba dos Dantas/RN,0.5
Desastres geo-hidrológicos,60060,Gestão de resíduos e limpeza pública,2015,,Presente,mid,Médio,#FFCD00,3667,Carnaubal/CE,0.5
Desastres geo-hidrológicos,60060,Gestão de resíduos e limpeza pública,2015,,Presente,mid,Médio,#FFCD00,4405,Carneiros/AL,0.5
Desastres geo-hidrológicos,60060,Gestão de resíduos e limpeza pública,2015,,Presente,mid,Médio,#FFCD00,3236,Carolina/MA,0.5
Desastres geo-hidrológicos,60060,Gestão de resíduos e limpeza pública,2015,,Presente,mid,Médio,#FFCD00,4033,Carrapateira/PB,0.5
Desastres geo-hidrológicos,60060,Gestão de resíduos e limpeza pública,2015,,Presente,mid,Médio,#FFCD00,1894,Casa Branca/SP,0.5
Desastres geo-hidrológicos,60060,Gestão de resíduos e limpeza pública,2015,,Presente,mid,Médio,#FFCD00,915,Casa Grande/MG,0.5
Desastres geo-hidrológicos,60060,Gestão de resíduos e limpeza pública,2015,,Presente,mid,Médio,#FFCD00,4628,Casa Nova/BA,0.5
Desastres geo-hidrológicos,60060,Gestão de resíduos e limpeza pública,2015,,Presente,mid,Médio,#FFCD00,916,Cascalho Rico/MG,0.5
Desastres geo-hidrológicos,60060,Gestão de resíduos e limpeza pública,2015,,Presente,mid,Médio,#FFCD00,3668,Cascavel/CE,0.5
Desastres geo-hidrológicos,60060,Gestão de resíduos e limpeza pública,2015,,Presente,mid,Médio,#FFCD00,1704,Casimiro de Abreu/RJ,0.5
Desastres geo-hidrológicos,60060,Gestão de resíduos e limpeza pública,2015,,Presente,mid,Médio,#FFCD00,2965,Castanhal/PA,0.5
Desastres geo-hidrológicos,60060,Gestão de resíduos e limpeza pública,2015,,Presente,mid,Médio,#FFCD00,5553,Castanheiras/RO,0.5
Desastres geo-hidrológicos,60060,Gestão de resíduos e limpeza pública,2015,,Presente,mid,Médio,#FFCD00,3458,Castelo do Piauí/PI,0.5
Desastres geo-hidrológicos,60060,Gestão de resíduos e limpeza pública,2015,,Presente,mid,Médio,#FFCD00,5333,Castro/PR,0.5
Desastres geo-hidrológicos,60060,Gestão de resíduos e limpeza pública,2015,,Presente,mid,Médio,#FFCD00,919,Cataguases/MG,0.5
Desastres geo-hidrológicos,60060,Gestão de resíduos e limpeza pública,2015,,Presente,mid,Médio,#FFCD00,921,Catas Altas da Noruega/MG,0.5
Desastres geo-hidrológicos,60060,Gestão de resíduos e limpeza pública,2015,,Presente,mid,Médio,#FFCD00,920,Catas Altas/MG,0.5
Desastres geo-hidrológicos,60060,Gestão de resíduos e limpeza pública,2015,,Presente,mid,Médio,#FFCD00,4248,Catende/PE,0.5
Desastres geo-hidrológicos,60060,Gestão de resíduos e limpeza pública,2015,,Presente,mid,Médio,#FFCD00,4035,Catingueira/PB,0.5
Desastres geo-hidrológicos,60060,Gestão de resíduos e limpeza pública,2015,,Presente,mid,Médio,#FFCD00,4630,Catolândia/BA,0.5
Desastres geo-hidrológicos,60060,Gestão de resíduos e limpeza pública,2015,,Presente,mid,Médio,#FFCD00,4036,Catolé do Rocha/PB,0.5
Desastres geo-hidrológicos,60060,Gestão de resíduos e limpeza pública,2015,,Presente,mid,Médio,#FFCD00,3670,Catunda/CE,0.5
Desastres geo-hidrológicos,60060,Gestão de resíduos e limpeza pública,2015,,Presente,mid,Médio,#FFCD00,2686,Caturaí/GO,0.5
Desastres geo-hidrológicos,60060,Gestão de resíduos e limpeza pública,2015,,Presente,mid,Médio,#FFCD00,4632,Caturama/BA,0.5
Desastres geo-hidrológicos,60060,Gestão de resíduos e limpeza pública,2015,,Presente,mid,Médio,#FFCD00,4037,Caturité/PB,0.5
Desastres geo-hidrológicos,60060,Gestão de resíduos e limpeza pública,2015,,Presente,mid,Médio,#FFCD00,923,Catuti/MG,0.5
Desastres geo-hidrológicos,60060,Gestão de resíduos e limpeza pública,2015,,Presente,mid,Médio,#FFCD00,4876,Cavalcante/GO,0.5
Desastres geo-hidrológicos,60060,Gestão de resíduos e limpeza pública,2015,,Presente,mid,Médio,#FFCD00,924,Caxambu/MG,0.5
Desastres geo-hidrológicos,60060,Gestão de resíduos e limpeza pública,2015,,Presente,mid,Médio,#FFCD00,1898,Cedral/SP,0.5
Desastres geo-hidrológicos,60060,Gestão de resíduos e limpeza pública,2015,,Presente,mid,Médio,#FFCD00,3672,Cedro/CE,0.5
Desastres geo-hidrológicos,60060,Gestão de resíduos e limpeza pública,2015,,Presente,mid,Médio,#FFCD00,4503,Cedro de São João/SE,0.5
Desastres geo-hidrológicos,60060,Gestão de resíduos e limpeza pública,2015,,Presente,mid,Médio,#FFCD00,925,Cedro do Abaeté/MG,0.5
Desastres geo-hidrológicos,60060,Gestão de resíduos e limpeza pública,2015,,Presente,mid,Médio,#FFCD00,4249,Cedro/PE,0.5
Desastres geo-hidrológicos,60060,Gestão de resíduos e limpeza pública,2015,,Presente,mid,Médio,#FFCD00,3082,Centenário/TO,0.5
Desastres geo-hidrológicos,60060,Gestão de resíduos e limpeza pública,2015,,Presente,mid,Médio,#FFCD00,4633,Central/BA,0.5
Desastres geo-hidrológicos,60060,Gestão de resíduos e limpeza pública,2015,,Presente,mid,Médio,#FFCD00,926,Central de Minas/MG,0.5
Desastres geo-hidrológicos,60060,Gestão de resíduos e limpeza pública,2015,,Presente,mid,Médio,#FFCD00,3242,Centro Novo do Maranhão/MA,0.5
Desastres geo-hidrológicos,60060,Gestão de resíduos e limpeza pública,2015,,Presente,mid,Médio,#FFCD00,1899,Cerqueira César/SP,0.5
Desastres geo-hidrológicos,60060,Gestão de resíduos e limpeza pública,2015,,Presente,mid,Médio,#FFCD00,199,Cerrito/RS,0.5
Desastres geo-hidrológicos,60060,Gestão de resíduos e limpeza pública,2015,,Presente,mid,Médio,#FFCD00,5334,Cerro Azul/PR,0.5
Desastres geo-hidrológicos,60060,Gestão de resíduos e limpeza pública,2015,,Presente,mid,Médio,#FFCD00,202,Cerro Grande do Sul/RS,0.5
Desastres geo-hidrológicos,60060,Gestão de resíduos e limpeza pública,2015,,Presente,mid,Médio,#FFCD00,201,Cerro Grande/RS,0.5
Desastres geo-hidrológicos,60060,Gestão de resíduos e limpeza pública,2015,,Presente,mid,Médio,#FFCD00,2422,Cerro Negro/SC,0.5
Desastres geo-hidrológicos,60060,Gestão de resíduos e limpeza pública,2015,,Presente,mid,Médio,#FFCD00,2688,Cezarina/GO,0.5
Desastres geo-hidrológicos,60060,Gestão de resíduos e limpeza pública,2015,,Presente,mid,Médio,#FFCD00,4250,Chã de Alegria/PE,0.5
Desastres geo-hidrológicos,60060,Gestão de resíduos e limpeza pública,2015,,Presente,mid,Médio,#FFCD00,3084,Chapada da Natividade/TO,0.5
Desastres geo-hidrológicos,60060,Gestão de resíduos e limpeza pública,2015,,Presente,mid,Médio,#FFCD00,3083,Chapada de Areia/TO,0.5
Desastres geo-hidrológicos,60060,Gestão de resíduos e limpeza pública,2015,,Presente,mid,Médio,#FFCD00,611,Chapada dos Guimarães/MT,0.5
Desastres geo-hidrológicos,60060,Gestão de resíduos e limpeza pública,2015,,Presente,mid,Médio,#FFCD00,4406,Chã Preta/AL,0.5
Desastres geo-hidrológicos,60060,Gestão de resíduos e limpeza pública,2015,,Presente,mid,Médio,#FFCD00,2966,Chaves/PA,0.5
Desastres geo-hidrológicos,60060,Gestão de resíduos e limpeza pública,2015,,Presente,mid,Médio,#FFCD00,932,Chiador/MG,0.5
Desastres geo-hidrológicos,60060,Gestão de resíduos e limpeza pública,2015,,Presente,mid,Médio,#FFCD00,209,Chuvisca/RS,0.5
Desastres geo-hidrológicos,60060,Gestão de resíduos e limpeza pública,2015,,Presente,mid,Médio,#FFCD00,4635,Cícero Dantas/BA,0.5
Desastres geo-hidrológicos,60060,Gestão de resíduos e limpeza pública,2015,,Presente,mid,Médio,#FFCD00,2689,Cidade Ocidental/GO,0.5
Desastres geo-hidrológicos,60060,Gestão de resíduos e limpeza pública,2015,,Presente,mid,Médio,#FFCD00,3244,Cidelândia/MA,0.5
Desastres geo-hidrológicos,60060,Gestão de resíduos e limpeza pública,2015,,Presente,mid,Médio,#FFCD00,2581,Cidreira/RS,0.5
Desastres geo-hidrológicos,60060,Gestão de resíduos e limpeza pública,2015,,Presente,mid,Médio,#FFCD00,4636,Cipó/BA,0.5
Desastres geo-hidrológicos,60060,Gestão de resíduos e limpeza pública,2015,,Presente,mid,Médio,#FFCD00,934,Claraval/MG,0.5
Desastres geo-hidrológicos,60060,Gestão de resíduos e limpeza pública,2015,,Presente,mid,Médio,#FFCD00,935,Claro dos Poções/MG,0.5
Desastres geo-hidrológicos,60060,Gestão de resíduos e limpeza pública,2015,,Presente,mid,Médio,#FFCD00,936,Cláudio/MG,0.5
Desastres geo-hidrológicos,60060,Gestão de resíduos e limpeza pública,2015,,Presente,mid,Médio,#FFCD00,5105,Clevelândia/PR,0.5
Desastres geo-hidrológicos,60060,Gestão de resíduos e limpeza pública,2015,,Presente,mid,Médio,#FFCD00,3462,Cocal dos Alves/PI,0.5
Desastres geo-hidrológicos,60060,Gestão de resíduos e limpeza pública,2015,,Presente,mid,Médio,#FFCD00,4988,Cocos/BA,0.5
Desastres geo-hidrológicos,60060,Gestão de resíduos e limpeza pública,2015,,Presente,mid,Médio,#FFCD00,3245,Codó/MA,0.5
Desastres geo-hidrológicos,60060,Gestão de resíduos e limpeza pública,2015,,Presente,mid,Médio,#FFCD00,937,Coimbra/MG,0.5
Desastres geo-hidrológicos,60060,Gestão de resíduos e limpeza pública,2015,,Presente,mid,Médio,#FFCD00,4407,Coité do Nóia/AL,0.5
Desastres geo-hidrológicos,60060,Gestão de resíduos e limpeza pública,2015,,Presente,mid,Médio,#FFCD00,3463,Coivaras/PI,0.5
Desastres geo-hidrológicos,60060,Gestão de resíduos e limpeza pública,2015,,Presente,mid,Médio,#FFCD00,939,Comendador Gomes/MG,0.5
Desastres geo-hidrológicos,60060,Gestão de resíduos e limpeza pública,2015,,Presente,mid,Médio,#FFCD00,940,Comercinho/MG,0.5
Desastres geo-hidrológicos,60060,Gestão de resíduos e limpeza pública,2015,,Presente,mid,Médio,#FFCD00,2897,Comodoro/MT,0.5
Desastres geo-hidrológicos,60060,Gestão de resíduos e limpeza pública,2015,,Presente,mid,Médio,#FFCD00,941,Conceição da Aparecida/MG,0.5
Desastres geo-hidrológicos,60060,Gestão de resíduos e limpeza pública,2015,,Presente,mid,Médio,#FFCD00,942,Conceição das Pedras/MG,0.5
Desastres geo-hidrológicos,60060,Gestão de resíduos e limpeza pública,2015,,Presente,mid,Médio,#FFCD00,1705,Conceição de Macabu/RJ,0.5
Desastres geo-hidrológicos,60060,Gestão de resíduos e limpeza pública,2015,,Presente,mid,Médio,#FFCD00,4638,Conceição do Almeida/BA,0.5
Desastres geo-hidrológicos,60060,Gestão de resíduos e limpeza pública,2015,,Presente,mid,Médio,#FFCD00,2968,Conceição do Araguaia/PA,0.5
Desastres geo-hidrológicos,60060,Gestão de resíduos e limpeza pública,2015,,Presente,mid,Médio,#FFCD00,3466,Conceição do Canindé/PI,0.5
Desastres geo-hidrológicos,60060,Gestão de resíduos e limpeza pública,2015,,Presente,mid,Médio,#FFCD00,4639,Conceição do Coité/BA,0.5
Desastres geo-hidrológicos,60060,Gestão de resíduos e limpeza pública,2015,,Presente,mid,Médio,#FFCD00,4640,Conceição do Jacuípe/BA,0.5
Desastres geo-hidrológicos,60060,Gestão de resíduos e limpeza pública,2015,,Presente,mid,Médio,#FFCD00,945,Conceição do Mato Dentro/MG,0.5
Desastres geo-hidrológicos,60060,Gestão de resíduos e limpeza pública,2015,,Presente,mid,Médio,#FFCD00,947,Conceição do Rio Verde/MG,0.5
Desastres geo-hidrológicos,60060,Gestão de resíduos e limpeza pública,2015,,Presente,mid,Médio,#FFCD00,948,Conceição dos Ouros/MG,0.5
Desastres geo-hidrológicos,60060,Gestão de resíduos e limpeza pública,2015,,Presente,mid,Médio,#FFCD00,4038,Conceição/PB,0.5
Desastres geo-hidrológicos,60060,Gestão de resíduos e limpeza pública,2015,,Presente,mid,Médio,#FFCD00,1906,Conchal/SP,0.5
Desastres geo-hidrológicos,60060,Gestão de resíduos e limpeza pública,2015,,Presente,mid,Médio,#FFCD00,4252,Condado/PE,0.5
Desastres geo-hidrológicos,60060,Gestão de resíduos e limpeza pública,2015,,Presente,mid,Médio,#FFCD00,4641,Conde/BA,0.5
Desastres geo-hidrológicos,60060,Gestão de resíduos e limpeza pública,2015,,Presente,mid,Médio,#FFCD00,950,Confins/MG,0.5
Desastres geo-hidrológicos,60060,Gestão de resíduos e limpeza pública,2015,,Presente,mid,Médio,#FFCD00,951,Congonhal/MG,0.5
Desastres geo-hidrológicos,60060,Gestão de resíduos e limpeza pública,2015,,Presente,mid,Médio,#FFCD00,612,Conquista D'Oeste/MT,0.5
Desastres geo-hidrológicos,60060,Gestão de resíduos e limpeza pública,2015,,Presente,mid,Médio,#FFCD00,957,Consolação/MG,0.5
Desastres geo-hidrológicos,60060,Gestão de resíduos e limpeza pública,2015,,Presente,mid,Médio,#FFCD00,214,Constantina/RS,0.5
Desastres geo-hidrológicos,60060,Gestão de resíduos e limpeza pública,2015,,Presente,mid,Médio,#FFCD00,959,Coqueiral/MG,0.5
Desastres geo-hidrológicos,60060,Gestão de resíduos e limpeza pública,2015,,Presente,mid,Médio,#FFCD00,960,Coração de Jesus/MG,0.5
Desastres geo-hidrológicos,60060,Gestão de resíduos e limpeza pública,2015,,Presente,mid,Médio,#FFCD00,691,Cordeiros/BA,0.5
Desastres geo-hidrológicos,60060,Gestão de resíduos e limpeza pública,2015,,Presente,mid,Médio,#FFCD00,961,Cordisburgo/MG,0.5
Desastres geo-hidrológicos,60060,Gestão de resíduos e limpeza pública,2015,,Presente,mid,Médio,#FFCD00,962,Cordislândia/MG,0.5
Desastres geo-hidrológicos,60060,Gestão de resíduos e limpeza pública,2015,,Presente,mid,Médio,#FFCD00,3676,Coreaú/CE,0.5
Desastres geo-hidrológicos,60060,Gestão de resíduos e limpeza pública,2015,,Presente,mid,Médio,#FFCD00,4042,Coremas/PB,0.5
Desastres geo-hidrológicos,60060,Gestão de resíduos e limpeza pública,2015,,Presente,mid,Médio,#FFCD00,4644,Coribe/BA,0.5
Desastres geo-hidrológicos,60060,Gestão de resíduos e limpeza pública,2015,,Presente,mid,Médio,#FFCD00,5339,Cornélio Procópio/PR,0.5
Desastres geo-hidrológicos,60060,Gestão de resíduos e limpeza pública,2015,,Presente,mid,Médio,#FFCD00,5108,Coronel Domingos Soares/PR,0.5
Desastres geo-hidrológicos,60060,Gestão de resíduos e limpeza pública,2015,,Presente,mid,Médio,#FFCD00,3842,Coronel Ezequiel/RN,0.5
Desastres geo-hidrológicos,60060,Gestão de resíduos e limpeza pública,2015,,Presente,mid,Médio,#FFCD00,966,Coronel Fabriciano/MG,0.5
Desastres geo-hidrológicos,60060,Gestão de resíduos e limpeza pública,2015,,Presente,mid,Médio,#FFCD00,3843,Coronel João Pessoa/RN,0.5
Desastres geo-hidrológicos,60060,Gestão de resíduos e limpeza pública,2015,,Presente,mid,Médio,#FFCD00,4645,Coronel João Sá/BA,0.5
Desastres geo-hidrológicos,60060,Gestão de resíduos e limpeza pública,2015,,Presente,mid,Médio,#FFCD00,3467,Coronel José Dias/PI,0.5
Desastres geo-hidrológicos,60060,Gestão de resíduos e limpeza pública,2015,,Presente,mid,Médio,#FFCD00,968,Coronel Pacheco/MG,0.5
Desastres geo-hidrológicos,60060,Gestão de resíduos e limpeza pública,2015,,Presente,mid,Médio,#FFCD00,219,Coronel Pilar/RS,0.5
Desastres geo-hidrológicos,60060,Gestão de resíduos e limpeza pública,2015,,Presente,mid,Médio,#FFCD00,972,Córrego Fundo/MG,0.5
Desastres geo-hidrológicos,60060,Gestão de resíduos e limpeza pública,2015,,Presente,mid,Médio,#FFCD00,2692,Corumbá de Goiás/GO,0.5
Desastres geo-hidrológicos,60060,Gestão de resíduos e limpeza pública,2015,,Presente,mid,Médio,#FFCD00,5527,Corumbiara/RO,0.5
Desastres geo-hidrológicos,60060,Gestão de resíduos e limpeza pública,2015,,Presente,mid,Médio,#FFCD00,4647,Cotegipe/BA,0.5
Desastres geo-hidrológicos,60060,Gestão de resíduos e limpeza pública,2015,,Presente,mid,Médio,#FFCD00,1914,Cotia/SP,0.5
Desastres geo-hidrológicos,60060,Gestão de resíduos e limpeza pública,2015,,Presente,mid,Médio,#FFCD00,220,Cotiporã/RS,0.5
Desastres geo-hidrológicos,60060,Gestão de resíduos e limpeza pública,2015,,Presente,mid,Médio,#FFCD00,2898,Cotriguaçu/MT,0.5
Desastres geo-hidrológicos,60060,Gestão de resíduos e limpeza pública,2015,,Presente,mid,Médio,#FFCD00,974,Couto de Magalhães de Minas/MG,0.5
Desastres geo-hidrológicos,60060,Gestão de resíduos e limpeza pública,2015,,Presente,mid,Médio,#FFCD00,3088,Couto Magalhães/TO,0.5
Desastres geo-hidrológicos,60060,Gestão de resíduos e limpeza pública,2015,,Presente,mid,Médio,#FFCD00,548,Coxim/MS,0.5
Desastres geo-hidrológicos,60060,Gestão de resíduos e limpeza pública,2015,,Presente,mid,Médio,#FFCD00,4043,Coxixola/PB,0.5
Desastres geo-hidrológicos,60060,Gestão de resíduos e limpeza pública,2015,,Presente,mid,Médio,#FFCD00,3677,Crateús/CE,0.5
Desastres geo-hidrológicos,60060,Gestão de resíduos e limpeza pública,2015,,Presente,mid,Médio,#FFCD00,976,Cristais/MG,0.5
Desastres geo-hidrológicos,60060,Gestão de resíduos e limpeza pública,2015,,Presente,mid,Médio,#FFCD00,3469,Cristalândia do Piauí/PI,0.5
Desastres geo-hidrológicos,60060,Gestão de resíduos e limpeza pública,2015,,Presente,mid,Médio,#FFCD00,3089,Cristalândia/TO,0.5
Desastres geo-hidrológicos,60060,Gestão de resíduos e limpeza pública,2015,,Presente,mid,Médio,#FFCD00,2694,Cristalina/GO,0.5
Desastres geo-hidrológicos,60060,Gestão de resíduos e limpeza pública,2015,,Presente,mid,Médio,#FFCD00,3470,Cristino Castro/PI,0.5
Desastres geo-hidrológicos,60060,Gestão de resíduos e limpeza pública,2015,,Presente,mid,Médio,#FFCD00,4650,Cristópolis/BA,0.5
Desastres geo-hidrológicos,60060,Gestão de resíduos e limpeza pública,2015,,Presente,mid,Médio,#FFCD00,3090,Crixás do Tocantins/TO,0.5
Desastres geo-hidrológicos,60060,Gestão de resíduos e limpeza pública,2015,,Presente,mid,Médio,#FFCD00,5016,Crixás/GO,0.5
Desastres geo-hidrológicos,60060,Gestão de resíduos e limpeza pública,2015,,Presente,mid,Médio,#FFCD00,980,Crucilândia/MG,0.5
Desastres geo-hidrológicos,60060,Gestão de resíduos e limpeza pública,2015,,Presente,mid,Médio,#FFCD00,981,Cruzeiro da Fortaleza/MG,0.5
Desastres geo-hidrológicos,60060,Gestão de resíduos e limpeza pública,2015,,Presente,mid,Médio,#FFCD00,5111,Cruzeiro do Iguaçu/PR,0.5
Desastres geo-hidrológicos,60060,Gestão de resíduos e limpeza pública,2015,,Presente,mid,Médio,#FFCD00,5112,Cruzeiro do Oeste/PR,0.5
Desastres geo-hidrológicos,60060,Gestão de resíduos e limpeza pública,2015,,Presente,mid,Médio,#FFCD00,227,Cruzeiro do Sul/RS,0.5
Desastres geo-hidrológicos,60060,Gestão de resíduos e limpeza pública,2015,,Presente,mid,Médio,#FFCD00,1918,Cruzeiro/SP,0.5
Desastres geo-hidrológicos,60060,Gestão de resíduos e limpeza pública,2015,,Presente,mid,Médio,#FFCD00,982,Cruzília/MG,0.5
Desastres geo-hidrológicos,60060,Gestão de resíduos e limpeza pública,2015,,Presente,mid,Médio,#FFCD00,4048,Cuité de Mamanguape/PB,0.5
Desastres geo-hidrológicos,60060,Gestão de resíduos e limpeza pública,2015,,Presente,mid,Médio,#FFCD00,2697,Cumari/GO,0.5
Desastres geo-hidrológicos,60060,Gestão de resíduos e limpeza pública,2015,,Presente,mid,Médio,#FFCD00,4505,Cumbe/SE,0.5
Desastres geo-hidrológicos,60060,Gestão de resíduos e limpeza pública,2015,,Presente,mid,Médio,#FFCD00,1920,Cunha/SP,0.5
Desastres geo-hidrológicos,60060,Gestão de resíduos e limpeza pública,2015,,Presente,mid,Médio,#FFCD00,983,Cuparaque/MG,0.5
Desastres geo-hidrológicos,60060,Gestão de resíduos e limpeza pública,2015,,Presente,mid,Médio,#FFCD00,3471,Curimatá/PI,0.5
Desastres geo-hidrológicos,60060,Gestão de resíduos e limpeza pública,2015,,Presente,mid,Médio,#FFCD00,2970,Curionópolis/PA,0.5
Desastres geo-hidrológicos,60060,Gestão de resíduos e limpeza pública,2015,,Presente,mid,Médio,#FFCD00,2428,Curitibanos/SC,0.5
Desastres geo-hidrológicos,60060,Gestão de resíduos e limpeza pública,2015,,Presente,mid,Médio,#FFCD00,5341,Curiúva/PR,0.5
Desastres geo-hidrológicos,60060,Gestão de resíduos e limpeza pública,2015,,Presente,mid,Médio,#FFCD00,3472,Currais/PI,0.5
Desastres geo-hidrológicos,60060,Gestão de resíduos e limpeza pública,2015,,Presente,mid,Médio,#FFCD00,4049,Curral de Cima/PB,0.5
Desastres geo-hidrológicos,60060,Gestão de resíduos e limpeza pública,2015,,Presente,mid,Médio,#FFCD00,984,Curral de Dentro/MG,0.5
Desastres geo-hidrológicos,60060,Gestão de resíduos e limpeza pública,2015,,Presente,mid,Médio,#FFCD00,2971,Curralinho/PA,0.5
Desastres geo-hidrológicos,60060,Gestão de resíduos e limpeza pública,2015,,Presente,mid,Médio,#FFCD00,3474,Curral Novo do Piauí/PI,0.5
Desastres geo-hidrológicos,60060,Gestão de resíduos e limpeza pública,2015,,Presente,mid,Médio,#FFCD00,4050,Curral Velho/PB,0.5
Desastres geo-hidrológicos,60060,Gestão de resíduos e limpeza pública,2015,,Presente,mid,Médio,#FFCD00,985,Curvelo/MG,0.5
Desastres geo-hidrológicos,60060,Gestão de resíduos e limpeza pública,2015,,Presente,mid,Médio,#FFCD00,4257,Custódia/PE,0.5
Desastres geo-hidrológicos,60060,Gestão de resíduos e limpeza pública,2015,,Presente,mid,Médio,#FFCD00,3046,Cutias/AP,0.5
Desastres geo-hidrológicos,60060,Gestão de resíduos e limpeza pública,2015,,Presente,mid,Médio,#FFCD00,4051,Damião/PB,0.5
Desastres geo-hidrológicos,60060,Gestão de resíduos e limpeza pública,2015,,Presente,mid,Médio,#FFCD00,2699,Damolândia/GO,0.5
Desastres geo-hidrológicos,60060,Gestão de resíduos e limpeza pública,2015,,Presente,mid,Médio,#FFCD00,692,Dário Meira/BA,0.5
Desastres geo-hidrológicos,60060,Gestão de resíduos e limpeza pública,2015,,Presente,mid,Médio,#FFCD00,2700,Davinópolis/GO,0.5
Desastres geo-hidrológicos,60060,Gestão de resíduos e limpeza pública,2015,,Presente,mid,Médio,#FFCD00,988,Delfinópolis/MG,0.5
Desastres geo-hidrológicos,60060,Gestão de resíduos e limpeza pública,2015,,Presente,mid,Médio,#FFCD00,989,Delta/MG,0.5
Desastres geo-hidrológicos,60060,Gestão de resíduos e limpeza pública,2015,,Presente,mid,Médio,#FFCD00,615,Denise/MT,0.5
Desastres geo-hidrológicos,60060,Gestão de resíduos e limpeza pública,2015,,Presente,mid,Médio,#FFCD00,1921,Descalvado/SP,0.5
Desastres geo-hidrológicos,60060,Gestão de resíduos e limpeza pública,2015,,Presente,mid,Médio,#FFCD00,991,Desterro de Entre Rios/MG,0.5
Desastres geo-hidrológicos,60060,Gestão de resíduos e limpeza pública,2015,,Presente,mid,Médio,#FFCD00,992,Desterro do Melo/MG,0.5
Desastres geo-hidrológicos,60060,Gestão de resíduos e limpeza pública,2015,,Presente,mid,Médio,#FFCD00,4052,Desterro/PB,0.5
Desastres geo-hidrológicos,60060,Gestão de resíduos e limpeza pública,2015,,Presente,mid,Médio,#FFCD00,5115,Diamante do Sul/PR,0.5
Desastres geo-hidrológicos,60060,Gestão de resíduos e limpeza pública,2015,,Presente,mid,Médio,#FFCD00,993,Diamantina/MG,0.5
Desastres geo-hidrológicos,60060,Gestão de resíduos e limpeza pública,2015,,Presente,mid,Médio,#FFCD00,4954,Diamantino/MT,0.5
Desastres geo-hidrológicos,60060,Gestão de resíduos e limpeza pública,2015,,Presente,mid,Médio,#FFCD00,231,Dilermando de Aguiar/RS,0.5
Desastres geo-hidrológicos,60060,Gestão de resíduos e limpeza pública,2015,,Presente,mid,Médio,#FFCD00,52,Dionísio Cerqueira/SC,0.5
Desastres geo-hidrológicos,60060,Gestão de resíduos e limpeza pública,2015,,Presente,mid,Médio,#FFCD00,3476,Dirceu Arcoverde/PI,0.5
Desastres geo-hidrológicos,60060,Gestão de resíduos e limpeza pública,2015,,Presente,mid,Médio,#FFCD00,4506,Divina Pastora/SE,0.5
Desastres geo-hidrológicos,60060,Gestão de resíduos e limpeza pública,2015,,Presente,mid,Médio,#FFCD00,996,Divinésia/MG,0.5
Desastres geo-hidrológicos,60060,Gestão de resíduos e limpeza pública,2015,,Presente,mid,Médio,#FFCD00,4879,Divinópolis de Goiás/GO,0.5
Desastres geo-hidrológicos,60060,Gestão de resíduos e limpeza pública,2015,,Presente,mid,Médio,#FFCD00,1001,Divisa Alegre/MG,0.5
Desastres geo-hidrológicos,60060,Gestão de resíduos e limpeza pública,2015,,Presente,mid,Médio,#FFCD00,1003,Divisópolis/MG,0.5
Desastres geo-hidrológicos,60060,Gestão de resíduos e limpeza pública,2015,,Presente,mid,Médio,#FFCD00,232,Dois Irmãos das Missões/RS,0.5
Desastres geo-hidrológicos,60060,Gestão de resíduos e limpeza pública,2015,,Presente,mid,Médio,#FFCD00,550,Dois Irmãos do Buriti/MS,0.5
Desastres geo-hidrológicos,60060,Gestão de resíduos e limpeza pública,2015,,Presente,mid,Médio,#FFCD00,233,Dois Lajeados/RS,0.5
Desastres geo-hidrológicos,60060,Gestão de resíduos e limpeza pública,2015,,Presente,mid,Médio,#FFCD00,4413,Dois Riachos/AL,0.5
Desastres geo-hidrológicos,60060,Gestão de resíduos e limpeza pública,2015,,Presente,mid,Médio,#FFCD00,616,Dom Aquino/MT,0.5
Desastres geo-hidrológicos,60060,Gestão de resíduos e limpeza pública,2015,,Presente,mid,Médio,#FFCD00,2973,Dom Eliseu/PA,0.5
Desastres geo-hidrológicos,60060,Gestão de resíduos e limpeza pública,2015,,Presente,mid,Médio,#FFCD00,3477,Dom Expedito Lopes/PI,0.5
Desastres geo-hidrológicos,60060,Gestão de resíduos e limpeza pública,2015,,Presente,mid,Médio,#FFCD00,3478,Domingos Mourão/PI,0.5
Desastres geo-hidrológicos,60060,Gestão de resíduos e limpeza pública,2015,,Presente,mid,Médio,#FFCD00,4655,Dom Macedo Costa/BA,0.5
Desastres geo-hidrológicos,60060,Gestão de resíduos e limpeza pública,2015,,Presente,mid,Médio,#FFCD00,2583,Dom Pedro de Alcântara/RS,0.5
Desastres geo-hidrológicos,60060,Gestão de resíduos e limpeza pública,2015,,Presente,mid,Médio,#FFCD00,3252,Dom Pedro/MA,0.5
Desastres geo-hidrológicos,60060,Gestão de resíduos e limpeza pública,2015,,Presente,mid,Médio,#FFCD00,1008,Dom Viçoso/MG,0.5
Desastres geo-hidrológicos,60060,Gestão de resíduos e limpeza pública,2015,,Presente,mid,Médio,#FFCD00,2429,Dona Emma/SC,0.5
Desastres geo-hidrológicos,60060,Gestão de resíduos e limpeza pública,2015,,Presente,mid,Médio,#FFCD00,1009,Dona Euzébia/MG,0.5
Desastres geo-hidrológicos,60060,Gestão de resíduos e limpeza pública,2015,,Presente,mid,Médio,#FFCD00,1011,Dores de Guanhães/MG,0.5
Desastres geo-hidrológicos,60060,Gestão de resíduos e limpeza pública,2015,,Presente,mid,Médio,#FFCD00,1012,Dores do Indaiá/MG,0.5
Desastres geo-hidrológicos,60060,Gestão de resíduos e limpeza pública,2015,,Presente,mid,Médio,#FFCD00,1013,Dores do Turvo/MG,0.5
Desastres geo-hidrológicos,60060,Gestão de resíduos e limpeza pública,2015,,Presente,mid,Médio,#FFCD00,5118,Douradina/PR,0.5
Desastres geo-hidrológicos,60060,Gestão de resíduos e limpeza pública,2015,,Presente,mid,Médio,#FFCD00,552,Dourados/MS,0.5
Desastres geo-hidrológicos,60060,Gestão de resíduos e limpeza pública,2015,,Presente,mid,Médio,#FFCD00,1928,Dourado/SP,0.5
Desastres geo-hidrológicos,60060,Gestão de resíduos e limpeza pública,2015,,Presente,mid,Médio,#FFCD00,663,Doverlândia/GO,0.5
Desastres geo-hidrológicos,60060,Gestão de resíduos e limpeza pública,2015,,Presente,mid,Médio,#FFCD00,4056,Duas Estradas/PB,0.5
Desastres geo-hidrológicos,60060,Gestão de resíduos e limpeza pública,2015,,Presente,mid,Médio,#FFCD00,1930,Dumont/SP,0.5
Desastres geo-hidrológicos,60060,Gestão de resíduos e limpeza pública,2015,,Presente,mid,Médio,#FFCD00,1016,Durandé/MG,0.5
Desastres geo-hidrológicos,60060,Gestão de resíduos e limpeza pública,2015,,Presente,mid,Médio,#FFCD00,2701,Edealina/GO,0.5
Desastres geo-hidrológicos,60060,Gestão de resíduos e limpeza pública,2015,,Presente,mid,Médio,#FFCD00,5480,Eirunepé/AM,0.5
Desastres geo-hidrológicos,60060,Gestão de resíduos e limpeza pública,2015,,Presente,mid,Médio,#FFCD00,2974,Eldorado do Carajás/PA,0.5
Desastres geo-hidrológicos,60060,Gestão de resíduos e limpeza pública,2015,,Presente,mid,Médio,#FFCD00,553,Eldorado/MS,0.5
Desastres geo-hidrológicos,60060,Gestão de resíduos e limpeza pública,2015,,Presente,mid,Médio,#FFCD00,1932,Eldorado/SP,0.5
Desastres geo-hidrológicos,60060,Gestão de resíduos e limpeza pública,2015,,Presente,mid,Médio,#FFCD00,1017,Elói Mendes/MG,0.5
Desastres geo-hidrológicos,60060,Gestão de resíduos e limpeza pública,2015,,Presente,mid,Médio,#FFCD00,1937,Embu-Guaçu/SP,0.5
Desastres geo-hidrológicos,60060,Gestão de resíduos e limpeza pública,2015,,Presente,mid,Médio,#FFCD00,3848,Encanto/RN,0.5
Desastres geo-hidrológicos,60060,Gestão de resíduos e limpeza pública,2015,,Presente,mid,Médio,#FFCD00,1709,Engenheiro Paulo de Frontin/RJ,0.5
Desastres geo-hidrológicos,60060,Gestão de resíduos e limpeza pública,2015,,Presente,mid,Médio,#FFCD00,1021,Entre Rios de Minas/MG,0.5
Desastres geo-hidrológicos,60060,Gestão de resíduos e limpeza pública,2015,,Presente,mid,Médio,#FFCD00,53,Entre Rios/SC,0.5
Desastres geo-hidrológicos,60060,Gestão de resíduos e limpeza pública,2015,,Presente,mid,Médio,#FFCD00,2827,Epitaciolândia/AC,0.5
Desastres geo-hidrológicos,60060,Gestão de resíduos e limpeza pública,2015,,Presente,mid,Médio,#FFCD00,244,Erebango/RS,0.5
Desastres geo-hidrológicos,60060,Gestão de resíduos e limpeza pública,2015,,Presente,mid,Médio,#FFCD00,3682,Ereré/CE,0.5
Desastres geo-hidrológicos,60060,Gestão de resíduos e limpeza pública,2015,,Presente,mid,Médio,#FFCD00,246,Ernestina/RS,0.5
Desastres geo-hidrológicos,60060,Gestão de resíduos e limpeza pública,2015,,Presente,mid,Médio,#FFCD00,248,Erval Grande/RS,0.5
Desastres geo-hidrológicos,60060,Gestão de resíduos e limpeza pública,2015,,Presente,mid,Médio,#FFCD00,1022,Ervália/MG,0.5
Desastres geo-hidrológicos,60060,Gestão de resíduos e limpeza pública,2015,,Presente,mid,Médio,#FFCD00,2584,Esmeralda/RS,0.5
Desastres geo-hidrológicos,60060,Gestão de resíduos e limpeza pública,2015,,Presente,mid,Médio,#FFCD00,1024,Espera Feliz/MG,0.5
Desastres geo-hidrológicos,60060,Gestão de resíduos e limpeza pública,2015,,Presente,mid,Médio,#FFCD00,3096,Esperantina/TO,0.5
Desastres geo-hidrológicos,60060,Gestão de resíduos e limpeza pública,2015,,Presente,mid,Médio,#FFCD00,5124,Espigão Alto do Iguaçu/PR,0.5
Desastres geo-hidrológicos,60060,Gestão de resíduos e limpeza pública,2015,,Presente,mid,Médio,#FFCD00,1025,Espinosa/MG,0.5
Desastres geo-hidrológicos,60060,Gestão de resíduos e limpeza pública,2015,,Presente,mid,Médio,#FFCD00,1026,Espírito Santo do Dourado/MG,0.5
Desastres geo-hidrológicos,60060,Gestão de resíduos e limpeza pública,2015,,Presente,mid,Médio,#FFCD00,3850,Espírito Santo/RN,0.5
Desastres geo-hidrológicos,60060,Gestão de resíduos e limpeza pública,2015,,Presente,mid,Médio,#FFCD00,4658,Esplanada/BA,0.5
Desastres geo-hidrológicos,60060,Gestão de resíduos e limpeza pública,2015,,Presente,mid,Médio,#FFCD00,251,Espumoso/RS,0.5
Desastres geo-hidrológicos,60060,Gestão de resíduos e limpeza pública,2015,,Presente,mid,Médio,#FFCD00,1027,Estiva/MG,0.5
Desastres geo-hidrológicos,60060,Gestão de resíduos e limpeza pública,2015,,Presente,mid,Médio,#FFCD00,4414,Estrela de Alagoas/AL,0.5
Desastres geo-hidrológicos,60060,Gestão de resíduos e limpeza pública,2015,,Presente,mid,Médio,#FFCD00,1941,Estrela d'Oeste/SP,0.5
Desastres geo-hidrológicos,60060,Gestão de resíduos e limpeza pública,2015,,Presente,mid,Médio,#FFCD00,254,Estrela Velha/RS,0.5
Desastres geo-hidrológicos,60060,Gestão de resíduos e limpeza pública,2015,,Presente,mid,Médio,#FFCD00,5,Euclides da Cunha Paulista/SP,0.5
Desastres geo-hidrológicos,60060,Gestão de resíduos e limpeza pública,2015,,Presente,mid,Médio,#FFCD00,255,Eugênio de Castro/RS,0.5
Desastres geo-hidrológicos,60060,Gestão de resíduos e limpeza pública,2015,,Presente,mid,Médio,#FFCD00,694,Eunápolis/BA,0.5
Desastres geo-hidrológicos,60060,Gestão de resíduos e limpeza pública,2015,,Presente,mid,Médio,#FFCD00,3683,Eusébio/CE,0.5
Desastres geo-hidrológicos,60060,Gestão de resíduos e limpeza pública,2015,,Presente,mid,Médio,#FFCD00,3851,Extremoz/RN,0.5
Desastres geo-hidrológicos,60060,Gestão de resíduos e limpeza pública,2015,,Presente,mid,Médio,#FFCD00,4059,Fagundes/PB,0.5
Desastres geo-hidrológicos,60060,Gestão de resíduos e limpeza pública,2015,,Presente,mid,Médio,#FFCD00,2703,Faina/GO,0.5
Desastres geo-hidrológicos,60060,Gestão de resíduos e limpeza pública,2015,,Presente,mid,Médio,#FFCD00,1035,Faria Lemos/MG,0.5
Desastres geo-hidrológicos,60060,Gestão de resíduos e limpeza pública,2015,,Presente,mid,Médio,#FFCD00,3684,Farias Brito/CE,0.5
Desastres geo-hidrológicos,60060,Gestão de resíduos e limpeza pública,2015,,Presente,mid,Médio,#FFCD00,2865,Faro/PA,0.5
Desastres geo-hidrológicos,60060,Gestão de resíduos e limpeza pública,2015,,Presente,mid,Médio,#FFCD00,4932,Farroupilha/RS,0.5
Desastres geo-hidrológicos,60060,Gestão de resíduos e limpeza pública,2015,,Presente,mid,Médio,#FFCD00,258,Faxinalzinho/RS,0.5
Desastres geo-hidrológicos,60060,Gestão de resíduos e limpeza pública,2015,,Presente,mid,Médio,#FFCD00,5342,Fazenda Rio Grande/PR,0.5
Desastres geo-hidrológicos,60060,Gestão de resíduos e limpeza pública,2015,,Presente,mid,Médio,#FFCD00,259,Fazenda Vilanova/RS,0.5
Desastres geo-hidrológicos,60060,Gestão de resíduos e limpeza pública,2015,,Presente,mid,Médio,#FFCD00,3256,Feira Nova do Maranhão/MA,0.5
Desastres geo-hidrológicos,60060,Gestão de resíduos e limpeza pública,2015,,Presente,mid,Médio,#FFCD00,3852,Felipe Guerra/RN,0.5
Desastres geo-hidrológicos,60060,Gestão de resíduos e limpeza pública,2015,,Presente,mid,Médio,#FFCD00,1039,Felixlândia/MG,0.5
Desastres geo-hidrológicos,60060,Gestão de resíduos e limpeza pública,2015,,Presente,mid,Médio,#FFCD00,3853,Fernando Pedroza/RN,0.5
Desastres geo-hidrológicos,60060,Gestão de resíduos e limpeza pública,2015,,Presente,mid,Médio,#FFCD00,5041,Ferreira Gomes/AP,0.5
Desastres geo-hidrológicos,60060,Gestão de resíduos e limpeza pública,2015,,Presente,mid,Médio,#FFCD00,4263,Ferreiros/PE,0.5
Desastres geo-hidrológicos,60060,Gestão de resíduos e limpeza pública,2015,,Presente,mid,Médio,#FFCD00,1041,Ferros/MG,0.5
Desastres geo-hidrológicos,60060,Gestão de resíduos e limpeza pública,2015,,Presente,mid,Médio,#FFCD00,1042,Fervedouro/MG,0.5
Desastres geo-hidrológicos,60060,Gestão de resíduos e limpeza pública,2015,,Presente,mid,Médio,#FFCD00,617,Figueirópolis D'Oeste/MT,0.5
Desastres geo-hidrológicos,60060,Gestão de resíduos e limpeza pública,2015,,Presente,mid,Médio,#FFCD00,4662,Filadélfia/BA,0.5
Desastres geo-hidrológicos,60060,Gestão de resíduos e limpeza pública,2015,,Presente,mid,Médio,#FFCD00,695,Firmino Alves/BA,0.5
Desastres geo-hidrológicos,60060,Gestão de resíduos e limpeza pública,2015,,Presente,mid,Médio,#FFCD00,3854,Florânia/RN,0.5
Desastres geo-hidrológicos,60060,Gestão de resíduos e limpeza pública,2015,,Presente,mid,Médio,#FFCD00,55,Flor do Sertão/SC,0.5
Desastres geo-hidrológicos,60060,Gestão de resíduos e limpeza pública,2015,,Presente,mid,Médio,#FFCD00,5017,Flores de Goiás/GO,0.5
Desastres geo-hidrológicos,60060,Gestão de resíduos e limpeza pública,2015,,Presente,mid,Médio,#FFCD00,4264,Flores/PE,0.5
Desastres geo-hidrológicos,60060,Gestão de resíduos e limpeza pública,2015,,Presente,mid,Médio,#FFCD00,696,Floresta Azul/BA,0.5
Desastres geo-hidrológicos,60060,Gestão de resíduos e limpeza pública,2015,,Presente,mid,Médio,#FFCD00,2975,Floresta do Araguaia/PA,0.5
Desastres geo-hidrológicos,60060,Gestão de resíduos e limpeza pública,2015,,Presente,mid,Médio,#FFCD00,3485,Floresta do Piauí/PI,0.5
Desastres geo-hidrológicos,60060,Gestão de resíduos e limpeza pública,2015,,Presente,mid,Médio,#FFCD00,5129,Floresta/PR,0.5
Desastres geo-hidrológicos,60060,Gestão de resíduos e limpeza pública,2015,,Presente,mid,Médio,#FFCD00,3486,Floriano/PI,0.5
Desastres geo-hidrológicos,60060,Gestão de resíduos e limpeza pública,2015,,Presente,mid,Médio,#FFCD00,261,Fontoura Xavier/RS,0.5
Desastres geo-hidrológicos,60060,Gestão de resíduos e limpeza pública,2015,,Presente,mid,Médio,#FFCD00,56,Formosa do Sul/SC,0.5
Desastres geo-hidrológicos,60060,Gestão de resíduos e limpeza pública,2015,,Presente,mid,Médio,#FFCD00,4878,Formoso/GO,0.5
Desastres geo-hidrológicos,60060,Gestão de resíduos e limpeza pública,2015,,Presente,mid,Médio,#FFCD00,1045,Formoso/MG,0.5
Desastres geo-hidrológicos,60060,Gestão de resíduos e limpeza pública,2015,,Presente,mid,Médio,#FFCD00,1047,Fortuna de Minas/MG,0.5
Desastres geo-hidrológicos,60060,Gestão de resíduos e limpeza pública,2015,,Presente,mid,Médio,#FFCD00,5134,Foz do Jordão/PR,0.5
Desastres geo-hidrológicos,60060,Gestão de resíduos e limpeza pública,2015,,Presente,mid,Médio,#FFCD00,3487,Francinópolis/PI,0.5
Desastres geo-hidrológicos,60060,Gestão de resíduos e limpeza pública,2015,,Presente,mid,Médio,#FFCD00,3488,Francisco Ayres/PI,0.5
Desastres geo-hidrológicos,60060,Gestão de resíduos e limpeza pública,2015,,Presente,mid,Médio,#FFCD00,1048,Francisco Badaró/MG,0.5
Desastres geo-hidrológicos,60060,Gestão de resíduos e limpeza pública,2015,,Presente,mid,Médio,#FFCD00,1049,Francisco Dumont/MG,0.5
Desastres geo-hidrológicos,60060,Gestão de resíduos e limpeza pública,2015,,Presente,mid,Médio,#FFCD00,3489,Francisco Macedo/PI,0.5
Desastres geo-hidrológicos,60060,Gestão de resíduos e limpeza pública,2015,,Presente,mid,Médio,#FFCD00,1051,Franciscópolis/MG,0.5
Desastres geo-hidrológicos,60060,Gestão de resíduos e limpeza pública,2015,,Presente,mid,Médio,#FFCD00,1050,Francisco Sá/MG,0.5
Desastres geo-hidrológicos,60060,Gestão de resíduos e limpeza pública,2015,,Presente,mid,Médio,#FFCD00,1053,Frei Inocêncio/MG,0.5
Desastres geo-hidrológicos,60060,Gestão de resíduos e limpeza pública,2015,,Presente,mid,Médio,#FFCD00,2435,Frei Rogério/SC,0.5
Desastres geo-hidrológicos,60060,Gestão de resíduos e limpeza pública,2015,,Presente,mid,Médio,#FFCD00,1056,Fronteira dos Vales/MG,0.5
Desastres geo-hidrológicos,60060,Gestão de resíduos e limpeza pública,2015,,Presente,mid,Médio,#FFCD00,3491,Fronteiras/PI,0.5
Desastres geo-hidrológicos,60060,Gestão de resíduos e limpeza pública,2015,,Presente,mid,Médio,#FFCD00,3856,Frutuoso Gomes/RN,0.5
Desastres geo-hidrológicos,60060,Gestão de resíduos e limpeza pública,2015,,Presente,mid,Médio,#FFCD00,1631,Fundão/ES,0.5
Desastres geo-hidrológicos,60060,Gestão de resíduos e limpeza pública,2015,,Presente,mid,Médio,#FFCD00,4061,Gado Bravo/PB,0.5
Desastres geo-hidrológicos,60060,Gestão de resíduos e limpeza pública,2015,,Presente,mid,Médio,#FFCD00,1954,Gália/SP,0.5
Desastres geo-hidrológicos,60060,Gestão de resíduos e limpeza pública,2015,,Presente,mid,Médio,#FFCD00,1060,Galiléia/MG,0.5
Desastres geo-hidrológicos,60060,Gestão de resíduos e limpeza pública,2015,,Presente,mid,Médio,#FFCD00,3857,Galinhos/RN,0.5
Desastres geo-hidrológicos,60060,Gestão de resíduos e limpeza pública,2015,,Presente,mid,Médio,#FFCD00,57,Galvão/SC,0.5
Desastres geo-hidrológicos,60060,Gestão de resíduos e limpeza pública,2015,,Presente,mid,Médio,#FFCD00,1061,Gameleiras/MG,0.5
Desastres geo-hidrológicos,60060,Gestão de resíduos e limpeza pública,2015,,Presente,mid,Médio,#FFCD00,4664,Gandu/BA,0.5
Desastres geo-hidrológicos,60060,Gestão de resíduos e limpeza pública,2015,,Presente,mid,Médio,#FFCD00,4268,Garanhuns/PE,0.5
Desastres geo-hidrológicos,60060,Gestão de resíduos e limpeza pública,2015,,Presente,mid,Médio,#FFCD00,1955,Garça/SP,0.5
Desastres geo-hidrológicos,60060,Gestão de resíduos e limpeza pública,2015,,Presente,mid,Médio,#FFCD00,2436,Garopaba/SC,0.5
Desastres geo-hidrológicos,60060,Gestão de resíduos e limpeza pública,2015,,Presente,mid,Médio,#FFCD00,2437,Garuva/SC,0.5
Desastres geo-hidrológicos,60060,Gestão de resíduos e limpeza pública,2015,,Presente,mid,Médio,#FFCD00,268,Gaurama/RS,0.5
Desastres geo-hidrológicos,60060,Gestão de resíduos e limpeza pública,2015,,Presente,mid,Médio,#FFCD00,4665,Gavião/BA,0.5
Desastres geo-hidrológicos,60060,Gestão de resíduos e limpeza pública,2015,,Presente,mid,Médio,#FFCD00,618,General Carneiro/MT,0.5
Desastres geo-hidrológicos,60060,Gestão de resíduos e limpeza pública,2015,,Presente,mid,Médio,#FFCD00,270,Gentil/RS,0.5
Desastres geo-hidrológicos,60060,Gestão de resíduos e limpeza pública,2015,,Presente,mid,Médio,#FFCD00,4666,Gentio do Ouro/BA,0.5
Desastres geo-hidrológicos,60060,Gestão de resíduos e limpeza pública,2015,,Presente,mid,Médio,#FFCD00,271,Getúlio Vargas/RS,0.5
Desastres geo-hidrológicos,60060,Gestão de resíduos e limpeza pública,2015,,Presente,mid,Médio,#FFCD00,3493,Gilbués/PI,0.5
Desastres geo-hidrológicos,60060,Gestão de resíduos e limpeza pública,2015,,Presente,mid,Médio,#FFCD00,4418,Girau do Ponciano/AL,0.5
Desastres geo-hidrológicos,60060,Gestão de resíduos e limpeza pública,2015,,Presente,mid,Médio,#FFCD00,1062,Glaucilândia/MG,0.5
Desastres geo-hidrológicos,60060,Gestão de resíduos e limpeza pública,2015,,Presente,mid,Médio,#FFCD00,4667,Glória/BA,0.5
Desastres geo-hidrológicos,60060,Gestão de resíduos e limpeza pública,2015,,Presente,mid,Médio,#FFCD00,619,Glória D'Oeste/MT,0.5
Desastres geo-hidrológicos,60060,Gestão de resíduos e limpeza pública,2015,,Presente,mid,Médio,#FFCD00,3261,Godofredo Viana/MA,0.5
Desastres geo-hidrológicos,60060,Gestão de resíduos e limpeza pública,2015,,Presente,mid,Médio,#FFCD00,5135,Godoy Moreira/PR,0.5
Desastres geo-hidrológicos,60060,Gestão de resíduos e limpeza pública,2015,,Presente,mid,Médio,#FFCD00,1064,Goianá/MG,0.5
Desastres geo-hidrológicos,60060,Gestão de resíduos e limpeza pública,2015,,Presente,mid,Médio,#FFCD00,4270,Goiana/PE,0.5
Desastres geo-hidrológicos,60060,Gestão de resíduos e limpeza pública,2015,,Presente,mid,Médio,#FFCD00,2977,Goianésia do Pará/PA,0.5
Desastres geo-hidrológicos,60060,Gestão de resíduos e limpeza pública,2015,,Presente,mid,Médio,#FFCD00,2713,Goiás/GO,0.5
Desastres geo-hidrológicos,60060,Gestão de resíduos e limpeza pública,2015,,Presente,mid,Médio,#FFCD00,5137,Goioxim/PR,0.5
Desastres geo-hidrológicos,60060,Gestão de resíduos e limpeza pública,2015,,Presente,mid,Médio,#FFCD00,3262,Gonçalves Dias/MA,0.5
Desastres geo-hidrológicos,60060,Gestão de resíduos e limpeza pública,2015,,Presente,mid,Médio,#FFCD00,1066,Gonzaga/MG,0.5
Desastres geo-hidrológicos,60060,Gestão de resíduos e limpeza pública,2015,,Presente,mid,Médio,#FFCD00,1067,Gouveia/MG,0.5
Desastres geo-hidrológicos,60060,Gestão de resíduos e limpeza pública,2015,,Presente,mid,Médio,#FFCD00,2715,Gouvelândia/GO,0.5
Desastres geo-hidrológicos,60060,Gestão de resíduos e limpeza pública,2015,,Presente,mid,Médio,#FFCD00,3859,Governador Dix-Sept Rosado/RN,0.5
Desastres geo-hidrológicos,60060,Gestão de resíduos e limpeza pública,2015,,Presente,mid,Médio,#FFCD00,3264,Governador Edison Lobão/MA,0.5
Desastres geo-hidrológicos,60060,Gestão de resíduos e limpeza pública,2015,,Presente,mid,Médio,#FFCD00,3267,Governador Newton Bello/MA,0.5
Desastres geo-hidrológicos,60060,Gestão de resíduos e limpeza pública,2015,,Presente,mid,Médio,#FFCD00,3690,Graça/CE,0.5
Desastres geo-hidrológicos,60060,Gestão de resíduos e limpeza pública,2015,,Presente,mid,Médio,#FFCD00,2590,Gramado/RS,0.5
Desastres geo-hidrológicos,60060,Gestão de resíduos e limpeza pública,2015,,Presente,mid,Médio,#FFCD00,274,Gramado Xavier/RS,0.5
Desastres geo-hidrológicos,60060,Gestão de resíduos e limpeza pública,2015,,Presente,mid,Médio,#FFCD00,5447,Grandes Rios/PR,0.5
Desastres geo-hidrológicos,60060,Gestão de resíduos e limpeza pública,2015,,Presente,mid,Médio,#FFCD00,4271,Granito/PE,0.5
Desastres geo-hidrológicos,60060,Gestão de resíduos e limpeza pública,2015,,Presente,mid,Médio,#FFCD00,3691,Granja/CE,0.5
Desastres geo-hidrológicos,60060,Gestão de resíduos e limpeza pública,2015,,Presente,mid,Médio,#FFCD00,3692,Granjeiro/CE,0.5
Desastres geo-hidrológicos,60060,Gestão de resíduos e limpeza pública,2015,,Presente,mid,Médio,#FFCD00,3860,Grossos/RN,0.5
Desastres geo-hidrológicos,60060,Gestão de resíduos e limpeza pública,2015,,Presente,mid,Médio,#FFCD00,275,Guabiju/RS,0.5
Desastres geo-hidrológicos,60060,Gestão de resíduos e limpeza pública,2015,,Presente,mid,Médio,#FFCD00,3494,Guadalupe/PI,0.5
Desastres geo-hidrológicos,60060,Gestão de resíduos e limpeza pública,2015,,Presente,mid,Médio,#FFCD00,4933,Guaíba/RS,0.5
Desastres geo-hidrológicos,60060,Gestão de resíduos e limpeza pública,2015,,Presente,mid,Médio,#FFCD00,1962,Guaimbê/SP,0.5
Desastres geo-hidrológicos,60060,Gestão de resíduos e limpeza pública,2015,,Presente,mid,Médio,#FFCD00,5139,Guairaçá/PR,0.5
Desastres geo-hidrológicos,60060,Gestão de resíduos e limpeza pública,2015,,Presente,mid,Médio,#FFCD00,5483,Guajará/AM,0.5
Desastres geo-hidrológicos,60060,Gestão de resíduos e limpeza pública,2015,,Presente,mid,Médio,#FFCD00,3861,Guamaré/RN,0.5
Desastres geo-hidrológicos,60060,Gestão de resíduos e limpeza pública,2015,,Presente,mid,Médio,#FFCD00,1072,Guapé/MG,0.5
Desastres geo-hidrológicos,60060,Gestão de resíduos e limpeza pública,2015,,Presente,mid,Médio,#FFCD00,1964,Guapiaçu/SP,0.5
Desastres geo-hidrológicos,60060,Gestão de resíduos e limpeza pública,2015,,Presente,mid,Médio,#FFCD00,5346,Guapirama/PR,0.5
Desastres geo-hidrológicos,60060,Gestão de resíduos e limpeza pública,2015,,Presente,mid,Médio,#FFCD00,5141,Guaraci/PR,0.5
Desastres geo-hidrológicos,60060,Gestão de resíduos e limpeza pública,2015,,Presente,mid,Médio,#FFCD00,1967,Guaraci/SP,0.5
Desastres geo-hidrológicos,60060,Gestão de resíduos e limpeza pública,2015,,Presente,mid,Médio,#FFCD00,2717,Guaraíta/GO,0.5
Desastres geo-hidrológicos,60060,Gestão de resíduos e limpeza pública,2015,,Presente,mid,Médio,#FFCD00,2443,Guaramirim/SC,0.5
Desastres geo-hidrológicos,60060,Gestão de resíduos e limpeza pública,2015,,Presente,mid,Médio,#FFCD00,1075,Guaranésia/MG,0.5
Desastres geo-hidrológicos,60060,Gestão de resíduos e limpeza pública,2015,,Presente,mid,Médio,#FFCD00,5142,Guaraniaçu/PR,0.5
Desastres geo-hidrológicos,60060,Gestão de resíduos e limpeza pública,2015,,Presente,mid,Médio,#FFCD00,1076,Guarani/MG,0.5
Desastres geo-hidrológicos,60060,Gestão de resíduos e limpeza pública,2015,,Presente,mid,Médio,#FFCD00,2901,Guarantã do Norte/MT,0.5
Desastres geo-hidrológicos,60060,Gestão de resíduos e limpeza pública,2015,,Presente,mid,Médio,#FFCD00,5347,Guaraqueçaba/PR,0.5
Desastres geo-hidrológicos,60060,Gestão de resíduos e limpeza pública,2015,,Presente,mid,Médio,#FFCD00,1970,Guararapes/SP,0.5
Desastres geo-hidrológicos,60060,Gestão de resíduos e limpeza pública,2015,,Presente,mid,Médio,#FFCD00,5348,Guaratuba/PR,0.5
Desastres geo-hidrológicos,60060,Gestão de resíduos e limpeza pública,2015,,Presente,mid,Médio,#FFCD00,1078,Guarda-Mor/MG,0.5
Desastres geo-hidrológicos,60060,Gestão de resíduos e limpeza pública,2015,,Presente,mid,Médio,#FFCD00,2718,Guarinos/GO,0.5
Desastres geo-hidrológicos,60060,Gestão de resíduos e limpeza pública,2015,,Presente,mid,Médio,#FFCD00,60,Guatambú/SC,0.5
Desastres geo-hidrológicos,60060,Gestão de resíduos e limpeza pública,2015,,Presente,mid,Médio,#FFCD00,1080,Guidoval/MG,0.5
Desastres geo-hidrológicos,60060,Gestão de resíduos e limpeza pública,2015,,Presente,mid,Médio,#FFCD00,620,Guiratinga/MT,0.5
Desastres geo-hidrológicos,60060,Gestão de resíduos e limpeza pública,2015,,Presente,mid,Médio,#FFCD00,4064,Gurjão/PB,0.5
Desastres geo-hidrológicos,60060,Gestão de resíduos e limpeza pública,2015,,Presente,mid,Médio,#FFCD00,5032,Gurupá/PA,0.5
Desastres geo-hidrológicos,60060,Gestão de resíduos e limpeza pública,2015,,Presente,mid,Médio,#FFCD00,1978,Guzolândia/SP,0.5
Desastres geo-hidrológicos,60060,Gestão de resíduos e limpeza pública,2015,,Presente,mid,Médio,#FFCD00,1084,Heliodora/MG,0.5
Desastres geo-hidrológicos,60060,Gestão de resíduos e limpeza pública,2015,,Presente,mid,Médio,#FFCD00,4916,Herval d'Oeste/SC,0.5
Desastres geo-hidrológicos,60060,Gestão de resíduos e limpeza pública,2015,,Presente,mid,Médio,#FFCD00,247,Herval/RS,0.5
Desastres geo-hidrológicos,60060,Gestão de resíduos e limpeza pública,2015,,Presente,mid,Médio,#FFCD00,3697,Hidrolândia/CE,0.5
Desastres geo-hidrológicos,60060,Gestão de resíduos e limpeza pública,2015,,Presente,mid,Médio,#FFCD00,3272,Humberto de Campos/MA,0.5
Desastres geo-hidrológicos,60060,Gestão de resíduos e limpeza pública,2015,,Presente,mid,Médio,#FFCD00,1984,Iaras/SP,0.5
Desastres geo-hidrológicos,60060,Gestão de resíduos e limpeza pública,2015,,Presente,mid,Médio,#FFCD00,5349,Ibaiti/PR,0.5
Desastres geo-hidrológicos,60060,Gestão de resíduos e limpeza pública,2015,,Presente,mid,Médio,#FFCD00,3699,Ibaretama/CE,0.5
Desastres geo-hidrológicos,60060,Gestão de resíduos e limpeza pública,2015,,Presente,mid,Médio,#FFCD00,1086,Ibertioga/MG,0.5
Desastres geo-hidrológicos,60060,Gestão de resíduos e limpeza pública,2015,,Presente,mid,Médio,#FFCD00,283,Ibiaçá/RS,0.5
Desastres geo-hidrológicos,60060,Gestão de resíduos e limpeza pública,2015,,Presente,mid,Médio,#FFCD00,1088,Ibiaí/MG,0.5
Desastres geo-hidrológicos,60060,Gestão de resíduos e limpeza pública,2015,,Presente,mid,Médio,#FFCD00,3700,Ibiapina/CE,0.5
Desastres geo-hidrológicos,60060,Gestão de resíduos e limpeza pública,2015,,Presente,mid,Médio,#FFCD00,4992,Ibiassucê/BA,0.5
Desastres geo-hidrológicos,60060,Gestão de resíduos e limpeza pública,2015,,Presente,mid,Médio,#FFCD00,4671,Ibicoara/BA,0.5
Desastres geo-hidrológicos,60060,Gestão de resíduos e limpeza pública,2015,,Presente,mid,Médio,#FFCD00,4673,Ibipitanga/BA,0.5
Desastres geo-hidrológicos,60060,Gestão de resíduos e limpeza pública,2015,,Presente,mid,Médio,#FFCD00,285,Ibirapuitã/RS,0.5
Desastres geo-hidrológicos,60060,Gestão de resíduos e limpeza pública,2015,,Presente,mid,Médio,#FFCD00,4675,Ibirataia/BA,0.5
Desastres geo-hidrológicos,60060,Gestão de resíduos e limpeza pública,2015,,Presente,mid,Médio,#FFCD00,1091,Ibirité/MG,0.5
Desastres geo-hidrológicos,60060,Gestão de resíduos e limpeza pública,2015,,Presente,mid,Médio,#FFCD00,4676,Ibitiara/BA,0.5
Desastres geo-hidrológicos,60060,Gestão de resíduos e limpeza pública,2015,,Presente,mid,Médio,#FFCD00,4677,Ibititá/BA,0.5
Desastres geo-hidrológicos,60060,Gestão de resíduos e limpeza pública,2015,,Presente,mid,Médio,#FFCD00,1989,Ibiúna/SP,0.5
Desastres geo-hidrológicos,60060,Gestão de resíduos e limpeza pública,2015,,Presente,mid,Médio,#FFCD00,3702,Icapuí/CE,0.5
Desastres geo-hidrológicos,60060,Gestão de resíduos e limpeza pública,2015,,Presente,mid,Médio,#FFCD00,1094,Icaraí de Minas/MG,0.5
Desastres geo-hidrológicos,60060,Gestão de resíduos e limpeza pública,2015,,Presente,mid,Médio,#FFCD00,3273,Icatu/MA,0.5
Desastres geo-hidrológicos,60060,Gestão de resíduos e limpeza pública,2015,,Presente,mid,Médio,#FFCD00,4679,Ichu/BA,0.5
Desastres geo-hidrológicos,60060,Gestão de resíduos e limpeza pública,2015,,Presente,mid,Médio,#FFCD00,4420,Igaci/AL,0.5
Desastres geo-hidrológicos,60060,Gestão de resíduos e limpeza pública,2015,,Presente,mid,Médio,#FFCD00,4680,Igaporã/BA,0.5
Desastres geo-hidrológicos,60060,Gestão de resíduos e limpeza pública,2015,,Presente,mid,Médio,#FFCD00,1992,Igaraçu do Tietê/SP,0.5
Desastres geo-hidrológicos,60060,Gestão de resíduos e limpeza pública,2015,,Presente,mid,Médio,#FFCD00,2978,Igarapé-Açu/PA,0.5
Desastres geo-hidrológicos,60060,Gestão de resíduos e limpeza pública,2015,,Presente,mid,Médio,#FFCD00,3274,Igarapé do Meio/MA,0.5
Desastres geo-hidrológicos,60060,Gestão de resíduos e limpeza pública,2015,,Presente,mid,Médio,#FFCD00,2979,Igarapé-Miri/PA,0.5
Desastres geo-hidrológicos,60060,Gestão de resíduos e limpeza pública,2015,,Presente,mid,Médio,#FFCD00,4276,Igarassu/PE,0.5
Desastres geo-hidrológicos,60060,Gestão de resíduos e limpeza pública,2015,,Presente,mid,Médio,#FFCD00,1994,Igaratá/SP,0.5
Desastres geo-hidrológicos,60060,Gestão de resíduos e limpeza pública,2015,,Presente,mid,Médio,#FFCD00,2592,Igrejinha/RS,0.5
Desastres geo-hidrológicos,60060,Gestão de resíduos e limpeza pública,2015,,Presente,mid,Médio,#FFCD00,702,Iguaí/BA,0.5
Desastres geo-hidrológicos,60060,Gestão de resíduos e limpeza pública,2015,,Presente,mid,Médio,#FFCD00,1099,Ilicínea/MG,0.5
Desastres geo-hidrológicos,60060,Gestão de resíduos e limpeza pública,2015,,Presente,mid,Médio,#FFCD00,288,Ilópolis/RS,0.5
Desastres geo-hidrológicos,60060,Gestão de resíduos e limpeza pública,2015,,Presente,mid,Médio,#FFCD00,2448,Imaruí/SC,0.5
Desastres geo-hidrológicos,60060,Gestão de resíduos e limpeza pública,2015,,Presente,mid,Médio,#FFCD00,2449,Imbituba/SC,0.5
Desastres geo-hidrológicos,60060,Gestão de resíduos e limpeza pública,2015,,Presente,mid,Médio,#FFCD00,2450,Imbuia/SC,0.5
Desastres geo-hidrológicos,60060,Gestão de resíduos e limpeza pública,2015,,Presente,mid,Médio,#FFCD00,2722,Inaciolândia/GO,0.5
Desastres geo-hidrológicos,60060,Gestão de resíduos e limpeza pública,2015,,Presente,mid,Médio,#FFCD00,1102,Indaiabira/MG,0.5
Desastres geo-hidrológicos,60060,Gestão de resíduos e limpeza pública,2015,,Presente,mid,Médio,#FFCD00,3705,Independência/CE,0.5
Desastres geo-hidrológicos,60060,Gestão de resíduos e limpeza pública,2015,,Presente,mid,Médio,#FFCD00,290,Independência/RS,0.5
Desastres geo-hidrológicos,60060,Gestão de resíduos e limpeza pública,2015,,Presente,mid,Médio,#FFCD00,4514,Indiaroba/SE,0.5
Desastres geo-hidrológicos,60060,Gestão de resíduos e limpeza pública,2015,,Presente,mid,Médio,#FFCD00,621,Indiavaí/MT,0.5
Desastres geo-hidrológicos,60060,Gestão de resíduos e limpeza pública,2015,,Presente,mid,Médio,#FFCD00,4067,Ingá/PB,0.5
Desastres geo-hidrológicos,60060,Gestão de resíduos e limpeza pública,2015,,Presente,mid,Médio,#FFCD00,291,Inhacorá/RS,0.5
Desastres geo-hidrológicos,60060,Gestão de resíduos e limpeza pública,2015,,Presente,mid,Médio,#FFCD00,4682,Inhambupe/BA,0.5
Desastres geo-hidrológicos,60060,Gestão de resíduos e limpeza pública,2015,,Presente,mid,Médio,#FFCD00,1105,Inhapim/MG,0.5
Desastres geo-hidrológicos,60060,Gestão de resíduos e limpeza pública,2015,,Presente,mid,Médio,#FFCD00,1106,Inhaúma/MG,0.5
Desastres geo-hidrológicos,60060,Gestão de resíduos e limpeza pública,2015,,Presente,mid,Médio,#FFCD00,2724,Inhumas/GO,0.5
Desastres geo-hidrológicos,60060,Gestão de resíduos e limpeza pública,2015,,Presente,mid,Médio,#FFCD00,1108,Ipaba/MG,0.5
Desastres geo-hidrológicos,60060,Gestão de resíduos e limpeza pública,2015,,Presente,mid,Médio,#FFCD00,3863,Ipanguaçu/RN,0.5
Desastres geo-hidrológicos,60060,Gestão de resíduos e limpeza pública,2015,,Presente,mid,Médio,#FFCD00,4935,Ipê/RS,0.5
Desastres geo-hidrológicos,60060,Gestão de resíduos e limpeza pública,2015,,Presente,mid,Médio,#FFCD00,1111,Ipiaçu/MG,0.5
Desastres geo-hidrológicos,60060,Gestão de resíduos e limpeza pública,2015,,Presente,mid,Médio,#FFCD00,4684,Ipiaú/BA,0.5
Desastres geo-hidrológicos,60060,Gestão de resíduos e limpeza pública,2015,,Presente,mid,Médio,#FFCD00,2005,Ipiguá/SP,0.5
Desastres geo-hidrológicos,60060,Gestão de resíduos e limpeza pública,2015,,Presente,mid,Médio,#FFCD00,5354,Ipiranga/PR,0.5
Desastres geo-hidrológicos,60060,Gestão de resíduos e limpeza pública,2015,,Presente,mid,Médio,#FFCD00,2981,Ipixuna do Pará/PA,0.5
Desastres geo-hidrológicos,60060,Gestão de resíduos e limpeza pública,2015,,Presente,mid,Médio,#FFCD00,62,Iporã do Oeste/SC,0.5
Desastres geo-hidrológicos,60060,Gestão de resíduos e limpeza pública,2015,,Presente,mid,Médio,#FFCD00,4971,Iporá/GO,0.5
Desastres geo-hidrológicos,60060,Gestão de resíduos e limpeza pública,2015,,Presente,mid,Médio,#FFCD00,2006,Iporanga/SP,0.5
Desastres geo-hidrológicos,60060,Gestão de resíduos e limpeza pública,2015,,Presente,mid,Médio,#FFCD00,3864,Ipueira/RN,0.5
Desastres geo-hidrológicos,60060,Gestão de resíduos e limpeza pública,2015,,Presente,mid,Médio,#FFCD00,3106,Ipueiras/TO,0.5
Desastres geo-hidrológicos,60060,Gestão de resíduos e limpeza pública,2015,,Presente,mid,Médio,#FFCD00,1112,Ipuiúna/MG,0.5
Desastres geo-hidrológicos,60060,Gestão de resíduos e limpeza pública,2015,,Presente,mid,Médio,#FFCD00,64,Ipumirim/SC,0.5
Desastres geo-hidrológicos,60060,Gestão de resíduos e limpeza pública,2015,,Presente,mid,Médio,#FFCD00,3710,Iracema/CE,0.5
Desastres geo-hidrológicos,60060,Gestão de resíduos e limpeza pública,2015,,Presente,mid,Médio,#FFCD00,2008,Iracemápolis/SP,0.5
Desastres geo-hidrológicos,60060,Gestão de resíduos e limpeza pública,2015,,Presente,mid,Médio,#FFCD00,2850,Iracema/RR,0.5
Desastres geo-hidrológicos,60060,Gestão de resíduos e limpeza pública,2015,,Presente,mid,Médio,#FFCD00,1113,Iraí de Minas/MG,0.5
Desastres geo-hidrológicos,60060,Gestão de resíduos e limpeza pública,2015,,Presente,mid,Médio,#FFCD00,293,Iraí/RS,0.5
Desastres geo-hidrológicos,60060,Gestão de resíduos e limpeza pública,2015,,Presente,mid,Médio,#FFCD00,4687,Irajuba/BA,0.5
Desastres geo-hidrológicos,60060,Gestão de resíduos e limpeza pública,2015,,Presente,mid,Médio,#FFCD00,5486,Iranduba/AM,0.5
Desastres geo-hidrológicos,60060,Gestão de resíduos e limpeza pública,2015,,Presente,mid,Médio,#FFCD00,2009,Irapuã/SP,0.5
Desastres geo-hidrológicos,60060,Gestão de resíduos e limpeza pública,2015,,Presente,mid,Médio,#FFCD00,5355,Irati/PR,0.5
Desastres geo-hidrológicos,60060,Gestão de resíduos e limpeza pública,2015,,Presente,mid,Médio,#FFCD00,67,Irati/SC,0.5
Desastres geo-hidrológicos,60060,Gestão de resíduos e limpeza pública,2015,,Presente,mid,Médio,#FFCD00,3711,Irauçuba/CE,0.5
Desastres geo-hidrológicos,60060,Gestão de resíduos e limpeza pública,2015,,Presente,mid,Médio,#FFCD00,4691,Irecê/BA,0.5
Desastres geo-hidrológicos,60060,Gestão de resíduos e limpeza pública,2015,,Presente,mid,Médio,#FFCD00,5152,Iretama/PR,0.5
Desastres geo-hidrológicos,60060,Gestão de resíduos e limpeza pública,2015,,Presente,mid,Médio,#FFCD00,2982,Irituia/PA,0.5
Desastres geo-hidrológicos,60060,Gestão de resíduos e limpeza pública,2015,,Presente,mid,Médio,#FFCD00,3500,Isaías Coelho/PI,0.5
Desastres geo-hidrológicos,60060,Gestão de resíduos e limpeza pública,2015,,Presente,mid,Médio,#FFCD00,2727,Israelândia/GO,0.5
Desastres geo-hidrológicos,60060,Gestão de resíduos e limpeza pública,2015,,Presente,mid,Médio,#FFCD00,4515,Itabaiana/SE,0.5
Desastres geo-hidrológicos,60060,Gestão de resíduos e limpeza pública,2015,,Presente,mid,Médio,#FFCD00,704,Itabela/BA,0.5
Desastres geo-hidrológicos,60060,Gestão de resíduos e limpeza pública,2015,,Presente,mid,Médio,#FFCD00,1115,Itabirinha/MG,0.5
Desastres geo-hidrológicos,60060,Gestão de resíduos e limpeza pública,2015,,Presente,mid,Médio,#FFCD00,705,Itabuna/BA,0.5
Desastres geo-hidrológicos,60060,Gestão de resíduos e limpeza pública,2015,,Presente,mid,Médio,#FFCD00,3107,Itacajá/TO,0.5
Desastres geo-hidrológicos,60060,Gestão de resíduos e limpeza pública,2015,,Presente,mid,Médio,#FFCD00,1117,Itacambira/MG,0.5
Desastres geo-hidrológicos,60060,Gestão de resíduos e limpeza pública,2015,,Presente,mid,Médio,#FFCD00,4994,Itacaré/BA,0.5
Desastres geo-hidrológicos,60060,Gestão de resíduos e limpeza pública,2015,,Presente,mid,Médio,#FFCD00,295,Itacurubi/RS,0.5
Desastres geo-hidrológicos,60060,Gestão de resíduos e limpeza pública,2015,,Presente,mid,Médio,#FFCD00,4995,Itagi/BA,0.5
Desastres geo-hidrológicos,60060,Gestão de resíduos e limpeza pública,2015,,Presente,mid,Médio,#FFCD00,4996,Itagibá/BA,0.5
Desastres geo-hidrológicos,60060,Gestão de resíduos e limpeza pública,2015,,Presente,mid,Médio,#FFCD00,706,Itagimirim/BA,0.5
Desastres geo-hidrológicos,60060,Gestão de resíduos e limpeza pública,2015,,Presente,mid,Médio,#FFCD00,5153,Itaguajé/PR,0.5
Desastres geo-hidrológicos,60060,Gestão de resíduos e limpeza pública,2015,,Presente,mid,Médio,#FFCD00,1119,Itaguara/MG,0.5
Desastres geo-hidrológicos,60060,Gestão de resíduos e limpeza pública,2015,,Presente,mid,Médio,#FFCD00,4283,Itaíba/PE,0.5
Desastres geo-hidrológicos,60060,Gestão de resíduos e limpeza pública,2015,,Presente,mid,Médio,#FFCD00,3712,Itaiçaba/CE,0.5
Desastres geo-hidrológicos,60060,Gestão de resíduos e limpeza pública,2015,,Presente,mid,Médio,#FFCD00,2454,Itaiópolis/SC,0.5
Desastres geo-hidrológicos,60060,Gestão de resíduos e limpeza pública,2015,,Presente,mid,Médio,#FFCD00,3713,Itaitinga/CE,0.5
Desastres geo-hidrológicos,60060,Gestão de resíduos e limpeza pública,2015,,Presente,mid,Médio,#FFCD00,2866,Itaituba/PA,0.5
Desastres geo-hidrológicos,60060,Gestão de resíduos e limpeza pública,2015,,Presente,mid,Médio,#FFCD00,4972,Itajá/GO,0.5
Desastres geo-hidrológicos,60060,Gestão de resíduos e limpeza pública,2015,,Presente,mid,Médio,#FFCD00,2455,Itajaí/SC,0.5
Desastres geo-hidrológicos,60060,Gestão de resíduos e limpeza pública,2015,,Presente,mid,Médio,#FFCD00,708,Itajuípe/BA,0.5
Desastres geo-hidrológicos,60060,Gestão de resíduos e limpeza pública,2015,,Presente,mid,Médio,#FFCD00,1714,Italva/RJ,0.5
Desastres geo-hidrológicos,60060,Gestão de resíduos e limpeza pública,2015,,Presente,mid,Médio,#FFCD00,5488,Itamarati/AM,0.5
Desastres geo-hidrológicos,60060,Gestão de resíduos e limpeza pública,2015,,Presente,mid,Médio,#FFCD00,4695,Itamari/BA,0.5
Desastres geo-hidrológicos,60060,Gestão de resíduos e limpeza pública,2015,,Presente,mid,Médio,#FFCD00,4696,Itanagra/BA,0.5
Desastres geo-hidrológicos,60060,Gestão de resíduos e limpeza pública,2015,,Presente,mid,Médio,#FFCD00,2903,Itanhangá/MT,0.5
Desastres geo-hidrológicos,60060,Gestão de resíduos e limpeza pública,2015,,Presente,mid,Médio,#FFCD00,1129,Itanhomi/MG,0.5
Desastres geo-hidrológicos,60060,Gestão de resíduos e limpeza pública,2015,,Presente,mid,Médio,#FFCD00,1130,Itaobim/MG,0.5
Desastres geo-hidrológicos,60060,Gestão de resíduos e limpeza pública,2015,,Presente,mid,Médio,#FFCD00,1715,Itaocara/RJ,0.5
Desastres geo-hidrológicos,60060,Gestão de resíduos e limpeza pública,2015,,Presente,mid,Médio,#FFCD00,1131,Itapagipe/MG,0.5
Desastres geo-hidrológicos,60060,Gestão de resíduos e limpeza pública,2015,,Presente,mid,Médio,#FFCD00,712,Itapé/BA,0.5
Desastres geo-hidrológicos,60060,Gestão de resíduos e limpeza pública,2015,,Presente,mid,Médio,#FFCD00,713,Itapebi/BA,0.5
Desastres geo-hidrológicos,60060,Gestão de resíduos e limpeza pública,2015,,Presente,mid,Médio,#FFCD00,3278,Itapecuru Mirim/MA,0.5
Desastres geo-hidrológicos,60060,Gestão de resíduos e limpeza pública,2015,,Presente,mid,Médio,#FFCD00,714,Itapetinga/BA,0.5
Desastres geo-hidrológicos,60060,Gestão de resíduos e limpeza pública,2015,,Presente,mid,Médio,#FFCD00,2018,Itapeva/SP,0.5
Desastres geo-hidrológicos,60060,Gestão de resíduos e limpeza pública,2015,,Presente,mid,Médio,#FFCD00,4698,Itapicuru/BA,0.5
Desastres geo-hidrológicos,60060,Gestão de resíduos e limpeza pública,2015,,Presente,mid,Médio,#FFCD00,2021,Itapirapuã Paulista/SP,0.5
Desastres geo-hidrológicos,60060,Gestão de resíduos e limpeza pública,2015,,Presente,mid,Médio,#FFCD00,3109,Itapiratins/TO,0.5
Desastres geo-hidrológicos,60060,Gestão de resíduos e limpeza pública,2015,,Presente,mid,Médio,#FFCD00,4287,Itapissuma/PE,0.5
Desastres geo-hidrológicos,60060,Gestão de resíduos e limpeza pública,2015,,Presente,mid,Médio,#FFCD00,715,Itapitanga/BA,0.5
Desastres geo-hidrológicos,60060,Gestão de resíduos e limpeza pública,2015,,Presente,mid,Médio,#FFCD00,4069,Itaporanga/PB,0.5
Desastres geo-hidrológicos,60060,Gestão de resíduos e limpeza pública,2015,,Presente,mid,Médio,#FFCD00,4070,Itapororoca/PB,0.5
Desastres geo-hidrológicos,60060,Gestão de resíduos e limpeza pública,2015,,Presente,mid,Médio,#FFCD00,5557,Itapuã do Oeste/RO,0.5
Desastres geo-hidrológicos,60060,Gestão de resíduos e limpeza pública,2015,,Presente,mid,Médio,#FFCD00,4904,Itapura/SP,0.5
Desastres geo-hidrológicos,60060,Gestão de resíduos e limpeza pública,2015,,Presente,mid,Médio,#FFCD00,4699,Itaquara/BA,0.5
Desastres geo-hidrológicos,60060,Gestão de resíduos e limpeza pública,2015,,Presente,mid,Médio,#FFCD00,1642,Itarana/ES,0.5
Desastres geo-hidrológicos,60060,Gestão de resíduos e limpeza pública,2015,,Presente,mid,Médio,#FFCD00,716,Itarantim/BA,0.5
Desastres geo-hidrológicos,60060,Gestão de resíduos e limpeza pública,2015,,Presente,mid,Médio,#FFCD00,1134,Itatiaiuçu/MG,0.5
Desastres geo-hidrológicos,60060,Gestão de resíduos e limpeza pública,2015,,Presente,mid,Médio,#FFCD00,298,Itatiba do Sul/RS,0.5
Desastres geo-hidrológicos,60060,Gestão de resíduos e limpeza pública,2015,,Presente,mid,Médio,#FFCD00,3718,Itatira/CE,0.5
Desastres geo-hidrológicos,60060,Gestão de resíduos e limpeza pública,2015,,Presente,mid,Médio,#FFCD00,2594,Itati/RS,0.5
Desastres geo-hidrológicos,60060,Gestão de resíduos e limpeza pública,2015,,Presente,mid,Médio,#FFCD00,3047,Itaubal/AP,0.5
Desastres geo-hidrológicos,60060,Gestão de resíduos e limpeza pública,2015,,Presente,mid,Médio,#FFCD00,1137,Itaverava/MG,0.5
Desastres geo-hidrológicos,60060,Gestão de resíduos e limpeza pública,2015,,Presente,mid,Médio,#FFCD00,3279,Itinga do Maranhão/MA,0.5
Desastres geo-hidrológicos,60060,Gestão de resíduos e limpeza pública,2015,,Presente,mid,Médio,#FFCD00,2031,Itirapuã/SP,0.5
Desastres geo-hidrológicos,60060,Gestão de resíduos e limpeza pública,2015,,Presente,mid,Médio,#FFCD00,4701,Itiruçu/BA,0.5
Desastres geo-hidrológicos,60060,Gestão de resíduos e limpeza pública,2015,,Presente,mid,Médio,#FFCD00,4702,Itiúba/BA,0.5
Desastres geo-hidrológicos,60060,Gestão de resíduos e limpeza pública,2015,,Presente,mid,Médio,#FFCD00,717,Itororó/BA,0.5
Desastres geo-hidrológicos,60060,Gestão de resíduos e limpeza pública,2015,,Presente,mid,Médio,#FFCD00,1141,Itumirim/MG,0.5
Desastres geo-hidrológicos,60060,Gestão de resíduos e limpeza pública,2015,,Presente,mid,Médio,#FFCD00,2983,Itupiranga/PA,0.5
Desastres geo-hidrológicos,60060,Gestão de resíduos e limpeza pública,2015,,Presente,mid,Médio,#FFCD00,2458,Ituporanga/SC,0.5
Desastres geo-hidrológicos,60060,Gestão de resíduos e limpeza pública,2015,,Presente,mid,Médio,#FFCD00,1142,Iturama/MG,0.5
Desastres geo-hidrológicos,60060,Gestão de resíduos e limpeza pública,2015,,Presente,mid,Médio,#FFCD00,2033,Itu/SP,0.5
Desastres geo-hidrológicos,60060,Gestão de resíduos e limpeza pública,2015,,Presente,mid,Médio,#FFCD00,4997,Iuiu/BA,0.5
Desastres geo-hidrológicos,60060,Gestão de resíduos e limpeza pública,2015,,Presente,mid,Médio,#FFCD00,1643,Iúna/ES,0.5
Desastres geo-hidrológicos,60060,Gestão de resíduos e limpeza pública,2015,,Presente,mid,Médio,#FFCD00,5160,Ivatuba/PR,0.5
Desastres geo-hidrológicos,60060,Gestão de resíduos e limpeza pública,2015,,Presente,mid,Médio,#FFCD00,562,Ivinhema/MS,0.5
Desastres geo-hidrológicos,60060,Gestão de resíduos e limpeza pública,2015,,Presente,mid,Médio,#FFCD00,299,Ivorá/RS,0.5
Desastres geo-hidrológicos,60060,Gestão de resíduos e limpeza pública,2015,,Presente,mid,Médio,#FFCD00,2595,Ivoti/RS,0.5
Desastres geo-hidrológicos,60060,Gestão de resíduos e limpeza pública,2015,,Presente,mid,Médio,#FFCD00,1144,Jaboticatubas/MG,0.5
Desastres geo-hidrológicos,60060,Gestão de resíduos e limpeza pública,2015,,Presente,mid,Médio,#FFCD00,3867,Jaçanã/RN,0.5
Desastres geo-hidrológicos,60060,Gestão de resíduos e limpeza pública,2015,,Presente,mid,Médio,#FFCD00,718,Jacaraci/BA,0.5
Desastres geo-hidrológicos,60060,Gestão de resíduos e limpeza pública,2015,,Presente,mid,Médio,#FFCD00,2867,Jacareacanga/PA,0.5
Desastres geo-hidrológicos,60060,Gestão de resíduos e limpeza pública,2015,,Presente,mid,Médio,#FFCD00,1145,Jacinto/MG,0.5
Desastres geo-hidrológicos,60060,Gestão de resíduos e limpeza pública,2015,,Presente,mid,Médio,#FFCD00,2984,Jacundá/PA,0.5
Desastres geo-hidrológicos,60060,Gestão de resíduos e limpeza pública,2015,,Presente,mid,Médio,#FFCD00,4706,Jaguaquara/BA,0.5
Desastres geo-hidrológicos,60060,Gestão de resíduos e limpeza pública,2015,,Presente,mid,Médio,#FFCD00,3720,Jaguaribara/CE,0.5
Desastres geo-hidrológicos,60060,Gestão de resíduos e limpeza pública,2015,,Presente,mid,Médio,#FFCD00,1149,Jaíba/MG,0.5
Desastres geo-hidrológicos,60060,Gestão de resíduos e limpeza pública,2015,,Presente,mid,Médio,#FFCD00,2042,Jales/SP,0.5
Desastres geo-hidrológicos,60060,Gestão de resíduos e limpeza pública,2015,,Presente,mid,Médio,#FFCD00,1150,Jampruca/MG,0.5
Desastres geo-hidrológicos,60060,Gestão de resíduos e limpeza pública,2015,,Presente,mid,Médio,#FFCD00,1151,Janaúba/MG,0.5
Desastres geo-hidrológicos,60060,Gestão de resíduos e limpeza pública,2015,,Presente,mid,Médio,#FFCD00,2737,Jandaia/GO,0.5
Desastres geo-hidrológicos,60060,Gestão de resíduos e limpeza pública,2015,,Presente,mid,Médio,#FFCD00,3868,Jandaíra/RN,0.5
Desastres geo-hidrológicos,60060,Gestão de resíduos e limpeza pública,2015,,Presente,mid,Médio,#FFCD00,624,Jangada/MT,0.5
Desastres geo-hidrológicos,60060,Gestão de resíduos e limpeza pública,2015,,Presente,mid,Médio,#FFCD00,5162,Janiópolis/PR,0.5
Desastres geo-hidrológicos,60060,Gestão de resíduos e limpeza pública,2015,,Presente,mid,Médio,#FFCD00,3870,Januário Cicco/RN,0.5
Desastres geo-hidrológicos,60060,Gestão de resíduos e limpeza pública,2015,,Presente,mid,Médio,#FFCD00,4519,Japaratuba/SE,0.5
Desastres geo-hidrológicos,60060,Gestão de resíduos e limpeza pública,2015,,Presente,mid,Médio,#FFCD00,1718,Japeri/RJ,0.5
Desastres geo-hidrológicos,60060,Gestão de resíduos e limpeza pública,2015,,Presente,mid,Médio,#FFCD00,3871,Japi/RN,0.5
Desastres geo-hidrológicos,60060,Gestão de resíduos e limpeza pública,2015,,Presente,mid,Médio,#FFCD00,1154,Japonvar/MG,0.5
Desastres geo-hidrológicos,60060,Gestão de resíduos e limpeza pública,2015,,Presente,mid,Médio,#FFCD00,5490,Japurá/AM,0.5
Desastres geo-hidrológicos,60060,Gestão de resíduos e limpeza pública,2015,,Presente,mid,Médio,#FFCD00,4290,Jaqueira/PE,0.5
Desastres geo-hidrológicos,60060,Gestão de resíduos e limpeza pública,2015,,Presente,mid,Médio,#FFCD00,2596,Jaquirana/RS,0.5
Desastres geo-hidrológicos,60060,Gestão de resíduos e limpeza pública,2015,,Presente,mid,Médio,#FFCD00,2738,Jaraguá/GO,0.5
Desastres geo-hidrológicos,60060,Gestão de resíduos e limpeza pública,2015,,Presente,mid,Médio,#FFCD00,3872,Jardim de Angicos/RN,0.5
Desastres geo-hidrológicos,60060,Gestão de resíduos e limpeza pública,2015,,Presente,mid,Médio,#FFCD00,5165,Jardim Olinda/PR,0.5
Desastres geo-hidrológicos,60060,Gestão de resíduos e limpeza pública,2015,,Presente,mid,Médio,#FFCD00,2045,Jardinópolis/SP,0.5
Desastres geo-hidrológicos,60060,Gestão de resíduos e limpeza pública,2015,,Presente,mid,Médio,#FFCD00,4974,Jataí/GO,0.5
Desastres geo-hidrológicos,60060,Gestão de resíduos e limpeza pública,2015,,Presente,mid,Médio,#FFCD00,5363,Jataizinho/PR,0.5
Desastres geo-hidrológicos,60060,Gestão de resíduos e limpeza pública,2015,,Presente,mid,Médio,#FFCD00,4291,Jataúba/PE,0.5
Desastres geo-hidrológicos,60060,Gestão de resíduos e limpeza pública,2015,,Presente,mid,Médio,#FFCD00,3506,Jatobá do Piauí/PI,0.5
Desastres geo-hidrológicos,60060,Gestão de resíduos e limpeza pública,2015,,Presente,mid,Médio,#FFCD00,3280,Jatobá/MA,0.5
Desastres geo-hidrológicos,60060,Gestão de resíduos e limpeza pública,2015,,Presente,mid,Médio,#FFCD00,4292,Jatobá/PE,0.5
Desastres geo-hidrológicos,60060,Gestão de resíduos e limpeza pública,2015,,Presente,mid,Médio,#FFCD00,2739,Jaupaci/GO,0.5
Desastres geo-hidrológicos,60060,Gestão de resíduos e limpeza pública,2015,,Presente,mid,Médio,#FFCD00,1155,Jeceaba/MG,0.5
Desastres geo-hidrológicos,60060,Gestão de resíduos e limpeza pública,2015,,Presente,mid,Médio,#FFCD00,4999,Jequié/BA,0.5
Desastres geo-hidrológicos,60060,Gestão de resíduos e limpeza pública,2015,,Presente,mid,Médio,#FFCD00,4073,Jericó/PB,0.5
Desastres geo-hidrológicos,60060,Gestão de resíduos e limpeza pública,2015,,Presente,mid,Médio,#FFCD00,5166,Jesuítas/PR,0.5
Desastres geo-hidrológicos,60060,Gestão de resíduos e limpeza pública,2015,,Presente,mid,Médio,#FFCD00,2740,Jesúpolis/GO,0.5
Desastres geo-hidrológicos,60060,Gestão de resíduos e limpeza pública,2015,,Presente,mid,Médio,#FFCD00,4712,Jitaúna/BA,0.5
Desastres geo-hidrológicos,60060,Gestão de resíduos e limpeza pública,2015,,Presente,mid,Médio,#FFCD00,72,Joaçaba/SC,0.5
Desastres geo-hidrológicos,60060,Gestão de resíduos e limpeza pública,2015,,Presente,mid,Médio,#FFCD00,1162,Joaíma/MG,0.5
Desastres geo-hidrológicos,60060,Gestão de resíduos e limpeza pública,2015,,Presente,mid,Médio,#FFCD00,4293,João Alfredo/PE,0.5
Desastres geo-hidrológicos,60060,Gestão de resíduos e limpeza pública,2015,,Presente,mid,Médio,#FFCD00,1646,João Neiva/ES,0.5
Desastres geo-hidrológicos,60060,Gestão de resíduos e limpeza pública,2015,,Presente,mid,Médio,#FFCD00,2050,João Ramalho/SP,0.5
Desastres geo-hidrológicos,60060,Gestão de resíduos e limpeza pública,2015,,Presente,mid,Médio,#FFCD00,1166,Joaquim Felício/MG,0.5
Desastres geo-hidrológicos,60060,Gestão de resíduos e limpeza pública,2015,,Presente,mid,Médio,#FFCD00,4428,Joaquim Gomes/AL,0.5
Desastres geo-hidrológicos,60060,Gestão de resíduos e limpeza pública,2015,,Presente,mid,Médio,#FFCD00,4152,Joca Claudino/PB,0.5
Desastres geo-hidrológicos,60060,Gestão de resíduos e limpeza pública,2015,,Presente,mid,Médio,#FFCD00,3510,Joca Marques/PI,0.5
Desastres geo-hidrológicos,60060,Gestão de resíduos e limpeza pública,2015,,Presente,mid,Médio,#FFCD00,2829,Jordão/AC,0.5
Desastres geo-hidrológicos,60060,Gestão de resíduos e limpeza pública,2015,,Presente,mid,Médio,#FFCD00,2463,José Boiteux/SC,0.5
Desastres geo-hidrológicos,60060,Gestão de resíduos e limpeza pública,2015,,Presente,mid,Médio,#FFCD00,2051,José Bonifácio/SP,0.5
Desastres geo-hidrológicos,60060,Gestão de resíduos e limpeza pública,2015,,Presente,mid,Médio,#FFCD00,3283,Joselândia/MA,0.5
Desastres geo-hidrológicos,60060,Gestão de resíduos e limpeza pública,2015,,Presente,mid,Médio,#FFCD00,1172,Juatuba/MG,0.5
Desastres geo-hidrológicos,60060,Gestão de resíduos e limpeza pública,2015,,Presente,mid,Médio,#FFCD00,4076,Juazeirinho/PB,0.5
Desastres geo-hidrológicos,60060,Gestão de resíduos e limpeza pública,2015,,Presente,mid,Médio,#FFCD00,3726,Juazeiro do Norte/CE,0.5
Desastres geo-hidrológicos,60060,Gestão de resíduos e limpeza pública,2015,,Presente,mid,Médio,#FFCD00,3727,Jucás/CE,0.5
Desastres geo-hidrológicos,60060,Gestão de resíduos e limpeza pública,2015,,Presente,mid,Médio,#FFCD00,4295,Jucati/PE,0.5
Desastres geo-hidrológicos,60060,Gestão de resíduos e limpeza pública,2015,,Presente,mid,Médio,#FFCD00,719,Jucuruçu/BA,0.5
Desastres geo-hidrológicos,60060,Gestão de resíduos e limpeza pública,2015,,Presente,mid,Médio,#FFCD00,3878,Jucurutu/RN,0.5
Desastres geo-hidrológicos,60060,Gestão de resíduos e limpeza pública,2015,,Presente,mid,Médio,#FFCD00,1173,Juiz de Fora/MG,0.5
Desastres geo-hidrológicos,60060,Gestão de resíduos e limpeza pública,2015,,Presente,mid,Médio,#FFCD00,307,Júlio de Castilhos/RS,0.5
Desastres geo-hidrológicos,60060,Gestão de resíduos e limpeza pública,2015,,Presente,mid,Médio,#FFCD00,4429,Jundiá/AL,0.5
Desastres geo-hidrológicos,60060,Gestão de resíduos e limpeza pública,2015,,Presente,mid,Médio,#FFCD00,4430,Junqueiro/AL,0.5
Desastres geo-hidrológicos,60060,Gestão de resíduos e limpeza pública,2015,,Presente,mid,Médio,#FFCD00,73,Jupiá/SC,0.5
Desastres geo-hidrológicos,60060,Gestão de resíduos e limpeza pública,2015,,Presente,mid,Médio,#FFCD00,4297,Jurema/PE,0.5
Desastres geo-hidrológicos,60060,Gestão de resíduos e limpeza pública,2015,,Presente,mid,Médio,#FFCD00,4079,Juru/PB,0.5
Desastres geo-hidrológicos,60060,Gestão de resíduos e limpeza pública,2015,,Presente,mid,Médio,#FFCD00,626,Juscimeira/MT,0.5
Desastres geo-hidrológicos,60060,Gestão de resíduos e limpeza pública,2015,,Presente,mid,Médio,#FFCD00,4975,Jussara/GO,0.5
Desastres geo-hidrológicos,60060,Gestão de resíduos e limpeza pública,2015,,Presente,mid,Médio,#FFCD00,5168,Jussara/PR,0.5
Desastres geo-hidrológicos,60060,Gestão de resíduos e limpeza pública,2015,,Presente,mid,Médio,#FFCD00,4716,Jussiape/BA,0.5
Desastres geo-hidrológicos,60060,Gestão de resíduos e limpeza pública,2015,,Presente,mid,Médio,#FFCD00,5169,Kaloré/PR,0.5
Desastres geo-hidrológicos,60060,Gestão de resíduos e limpeza pública,2015,,Presente,mid,Médio,#FFCD00,4717,Lafaiete Coutinho/BA,0.5
Desastres geo-hidrológicos,60060,Gestão de resíduos e limpeza pública,2015,,Presente,mid,Médio,#FFCD00,4521,Lagarto/SE,0.5
Desastres geo-hidrológicos,60060,Gestão de resíduos e limpeza pública,2015,,Presente,mid,Médio,#FFCD00,3516,Lagoa Alegre/PI,0.5
Desastres geo-hidrológicos,60060,Gestão de resíduos e limpeza pública,2015,,Presente,mid,Médio,#FFCD00,4431,Lagoa da Canoa/AL,0.5
Desastres geo-hidrológicos,60060,Gestão de resíduos e limpeza pública,2015,,Presente,mid,Médio,#FFCD00,3880,Lagoa d'Anta/RN,0.5
Desastres geo-hidrológicos,60060,Gestão de resíduos e limpeza pública,2015,,Presente,mid,Médio,#FFCD00,4081,Lagoa de Dentro/PB,0.5
Desastres geo-hidrológicos,60060,Gestão de resíduos e limpeza pública,2015,,Presente,mid,Médio,#FFCD00,4299,Lagoa de Itaenga/PE,0.5
Desastres geo-hidrológicos,60060,Gestão de resíduos e limpeza pública,2015,,Presente,mid,Médio,#FFCD00,3881,Lagoa de Pedras/RN,0.5
Desastres geo-hidrológicos,60060,Gestão de resíduos e limpeza pública,2015,,Presente,mid,Médio,#FFCD00,4298,Lagoa do Carro/PE,0.5
Desastres geo-hidrológicos,60060,Gestão de resíduos e limpeza pública,2015,,Presente,mid,Médio,#FFCD00,4300,Lagoa do Ouro/PE,0.5
Desastres geo-hidrológicos,60060,Gestão de resíduos e limpeza pública,2015,,Presente,mid,Médio,#FFCD00,3519,Lagoa do Piauí/PI,0.5
Desastres geo-hidrológicos,60060,Gestão de resíduos e limpeza pública,2015,,Presente,mid,Médio,#FFCD00,3520,Lagoa do Sítio/PI,0.5
Desastres geo-hidrológicos,60060,Gestão de resíduos e limpeza pública,2015,,Presente,mid,Médio,#FFCD00,1179,Lagoa dos Patos/MG,0.5
Desastres geo-hidrológicos,60060,Gestão de resíduos e limpeza pública,2015,,Presente,mid,Médio,#FFCD00,3114,Lagoa do Tocantins/TO,0.5
Desastres geo-hidrológicos,60060,Gestão de resíduos e limpeza pública,2015,,Presente,mid,Médio,#FFCD00,1182,Lagoa Grande/MG,0.5
Desastres geo-hidrológicos,60060,Gestão de resíduos e limpeza pública,2015,,Presente,mid,Médio,#FFCD00,4302,Lagoa Grande/PE,0.5
Desastres geo-hidrológicos,60060,Gestão de resíduos e limpeza pública,2015,,Presente,mid,Médio,#FFCD00,4080,Lagoa/PB,0.5
Desastres geo-hidrológicos,60060,Gestão de resíduos e limpeza pública,2015,,Presente,mid,Médio,#FFCD00,4718,Lagoa Real/BA,0.5
Desastres geo-hidrológicos,60060,Gestão de resíduos e limpeza pública,2015,,Presente,mid,Médio,#FFCD00,3884,Lagoa Salgada/RN,0.5
Desastres geo-hidrológicos,60060,Gestão de resíduos e limpeza pública,2015,,Presente,mid,Médio,#FFCD00,1183,Lagoa Santa/MG,0.5
Desastres geo-hidrológicos,60060,Gestão de resíduos e limpeza pública,2015,,Presente,mid,Médio,#FFCD00,4082,Lagoa Seca/PB,0.5
Desastres geo-hidrológicos,60060,Gestão de resíduos e limpeza pública,2015,,Presente,mid,Médio,#FFCD00,3515,Lagoinha do Piauí/PI,0.5
Desastres geo-hidrológicos,60060,Gestão de resíduos e limpeza pública,2015,,Presente,mid,Médio,#FFCD00,2465,Laguna/SC,0.5
Desastres geo-hidrológicos,60060,Gestão de resíduos e limpeza pública,2015,,Presente,mid,Médio,#FFCD00,3291,Lajeado Novo/MA,0.5
Desastres geo-hidrológicos,60060,Gestão de resíduos e limpeza pública,2015,,Presente,mid,Médio,#FFCD00,311,Lajeado/RS,0.5
Desastres geo-hidrológicos,60060,Gestão de resíduos e limpeza pública,2015,,Presente,mid,Médio,#FFCD00,3115,Lajeado/TO,0.5
Desastres geo-hidrológicos,60060,Gestão de resíduos e limpeza pública,2015,,Presente,mid,Médio,#FFCD00,4720,Lajedinho/BA,0.5
Desastres geo-hidrológicos,60060,Gestão de resíduos e limpeza pública,2015,,Presente,mid,Médio,#FFCD00,4721,Lajedo do Tabocal/BA,0.5
Desastres geo-hidrológicos,60060,Gestão de resíduos e limpeza pública,2015,,Presente,mid,Médio,#FFCD00,1719,Laje do Muriaé/RJ,0.5
Desastres geo-hidrológicos,60060,Gestão de resíduos e limpeza pública,2015,,Presente,mid,Médio,#FFCD00,3885,Lajes/RN,0.5
Desastres geo-hidrológicos,60060,Gestão de resíduos e limpeza pública,2015,,Presente,mid,Médio,#FFCD00,627,Lambari D'Oeste/MT,0.5
Desastres geo-hidrológicos,60060,Gestão de resíduos e limpeza pública,2015,,Presente,mid,Médio,#FFCD00,1185,Lambari/MG,0.5
Desastres geo-hidrológicos,60060,Gestão de resíduos e limpeza pública,2015,,Presente,mid,Médio,#FFCD00,5366,Lapa/PR,0.5
Desastres geo-hidrológicos,60060,Gestão de resíduos e limpeza pública,2015,,Presente,mid,Médio,#FFCD00,1187,Laranjal/MG,0.5
Desastres geo-hidrológicos,60060,Gestão de resíduos e limpeza pública,2015,,Presente,mid,Médio,#FFCD00,3116,Lavandeira/TO,0.5
Desastres geo-hidrológicos,60060,Gestão de resíduos e limpeza pública,2015,,Presente,mid,Médio,#FFCD00,3728,Lavras da Mangabeira/CE,0.5
Desastres geo-hidrológicos,60060,Gestão de resíduos e limpeza pública,2015,,Presente,mid,Médio,#FFCD00,1190,Leandro Ferreira/MG,0.5
Desastres geo-hidrológicos,60060,Gestão de resíduos e limpeza pública,2015,,Presente,mid,Médio,#FFCD00,1191,Leme do Prado/MG,0.5
Desastres geo-hidrológicos,60060,Gestão de resíduos e limpeza pública,2015,,Presente,mid,Médio,#FFCD00,2469,Leoberto Leal/SC,0.5
Desastres geo-hidrológicos,60060,Gestão de resíduos e limpeza pública,2015,,Presente,mid,Médio,#FFCD00,314,Liberato Salzano/RS,0.5
Desastres geo-hidrológicos,60060,Gestão de resíduos e limpeza pública,2015,,Presente,mid,Médio,#FFCD00,1193,Liberdade/MG,0.5
Desastres geo-hidrológicos,60060,Gestão de resíduos e limpeza pública,2015,,Presente,mid,Médio,#FFCD00,722,Licínio de Almeida/BA,0.5
Desastres geo-hidrológicos,60060,Gestão de resíduos e limpeza pública,2015,,Presente,mid,Médio,#FFCD00,3292,Lima Campos/MA,0.5
Desastres geo-hidrológicos,60060,Gestão de resíduos e limpeza pública,2015,,Presente,mid,Médio,#FFCD00,1194,Lima Duarte/MG,0.5
Desastres geo-hidrológicos,60060,Gestão de resíduos e limpeza pública,2015,,Presente,mid,Médio,#FFCD00,2597,Lindolfo Collor/RS,0.5
Desastres geo-hidrológicos,60060,Gestão de resíduos e limpeza pública,2015,,Presente,mid,Médio,#FFCD00,3117,Lizarda/TO,0.5
Desastres geo-hidrológicos,60060,Gestão de resíduos e limpeza pública,2015,,Presente,mid,Médio,#FFCD00,4085,Logradouro/PB,0.5
Desastres geo-hidrológicos,60060,Gestão de resíduos e limpeza pública,2015,,Presente,mid,Médio,#FFCD00,1196,Lontra/MG,0.5
Desastres geo-hidrológicos,60060,Gestão de resíduos e limpeza pública,2015,,Presente,mid,Médio,#FFCD00,2470,Lontras/SC,0.5
Desastres geo-hidrológicos,60060,Gestão de resíduos e limpeza pública,2015,,Presente,mid,Médio,#FFCD00,4086,Lucena/PB,0.5
Desastres geo-hidrológicos,60060,Gestão de resíduos e limpeza pública,2015,,Presente,mid,Médio,#FFCD00,5054,Luciara/MT,0.5
Desastres geo-hidrológicos,60060,Gestão de resíduos e limpeza pública,2015,,Presente,mid,Médio,#FFCD00,3887,Lucrécia/RN,0.5
Desastres geo-hidrológicos,60060,Gestão de resíduos e limpeza pública,2015,,Presente,mid,Médio,#FFCD00,1197,Luisburgo/MG,0.5
Desastres geo-hidrológicos,60060,Gestão de resíduos e limpeza pública,2015,,Presente,mid,Médio,#FFCD00,2471,Luiz Alves/SC,0.5
Desastres geo-hidrológicos,60060,Gestão de resíduos e limpeza pública,2015,,Presente,mid,Médio,#FFCD00,2072,Luiziânia/SP,0.5
Desastres geo-hidrológicos,60060,Gestão de resíduos e limpeza pública,2015,,Presente,mid,Médio,#FFCD00,77,Luzerna/SC,0.5
Desastres geo-hidrológicos,60060,Gestão de resíduos e limpeza pública,2015,,Presente,mid,Médio,#FFCD00,3523,Luzilândia/PI,0.5
Desastres geo-hidrológicos,60060,Gestão de resíduos e limpeza pública,2015,,Presente,mid,Médio,#FFCD00,3889,Macaíba/RN,0.5
Desastres geo-hidrológicos,60060,Gestão de resíduos e limpeza pública,2015,,Presente,mid,Médio,#FFCD00,4728,Macajuba/BA,0.5
Desastres geo-hidrológicos,60060,Gestão de resíduos e limpeza pública,2015,,Presente,mid,Médio,#FFCD00,316,Maçambará/RS,0.5
Desastres geo-hidrológicos,60060,Gestão de resíduos e limpeza pública,2015,,Presente,mid,Médio,#FFCD00,1201,Machacalis/MG,0.5
Desastres geo-hidrológicos,60060,Gestão de resíduos e limpeza pública,2015,,Presente,mid,Médio,#FFCD00,5533,Machadinho D'Oeste/RO,0.5
Desastres geo-hidrológicos,60060,Gestão de resíduos e limpeza pública,2015,,Presente,mid,Médio,#FFCD00,315,Machadinho/RS,0.5
Desastres geo-hidrológicos,60060,Gestão de resíduos e limpeza pública,2015,,Presente,mid,Médio,#FFCD00,1202,Machado/MG,0.5
Desastres geo-hidrológicos,60060,Gestão de resíduos e limpeza pública,2015,,Presente,mid,Médio,#FFCD00,3730,Madalena/CE,0.5
Desastres geo-hidrológicos,60060,Gestão de resíduos e limpeza pública,2015,,Presente,mid,Médio,#FFCD00,4731,Madre de Deus/BA,0.5
Desastres geo-hidrológicos,60060,Gestão de resíduos e limpeza pública,2015,,Presente,mid,Médio,#FFCD00,724,Maetinga/BA,0.5
Desastres geo-hidrológicos,60060,Gestão de resíduos e limpeza pública,2015,,Presente,mid,Médio,#FFCD00,1722,Magé/RJ,0.5
Desastres geo-hidrológicos,60060,Gestão de resíduos e limpeza pública,2015,,Presente,mid,Médio,#FFCD00,2079,Mairinque/SP,0.5
Desastres geo-hidrológicos,60060,Gestão de resíduos e limpeza pública,2015,,Presente,mid,Médio,#FFCD00,2474,Major Vieira/SC,0.5
Desastres geo-hidrológicos,60060,Gestão de resíduos e limpeza pública,2015,,Presente,mid,Médio,#FFCD00,5369,Mallet/PR,0.5
Desastres geo-hidrológicos,60060,Gestão de resíduos e limpeza pública,2015,,Presente,mid,Médio,#FFCD00,4088,Malta/PB,0.5
Desastres geo-hidrológicos,60060,Gestão de resíduos e limpeza pública,2015,,Presente,mid,Médio,#FFCD00,5179,Mamborê/PR,0.5
Desastres geo-hidrológicos,60060,Gestão de resíduos e limpeza pública,2015,,Presente,mid,Médio,#FFCD00,4090,Manaíra/PB,0.5
Desastres geo-hidrológicos,60060,Gestão de resíduos e limpeza pública,2015,,Presente,mid,Médio,#FFCD00,4307,Manari/PE,0.5
Desastres geo-hidrológicos,60060,Gestão de resíduos e limpeza pública,2015,,Presente,mid,Médio,#FFCD00,2830,Mâncio Lima/AC,0.5
Desastres geo-hidrológicos,60060,Gestão de resíduos e limpeza pública,2015,,Presente,mid,Médio,#FFCD00,5180,Mandaguaçu/PR,0.5
Desastres geo-hidrológicos,60060,Gestão de resíduos e limpeza pública,2015,,Presente,mid,Médio,#FFCD00,5181,Mandaguari/PR,0.5
Desastres geo-hidrológicos,60060,Gestão de resíduos e limpeza pública,2015,,Presente,mid,Médio,#FFCD00,2081,Manduri/SP,0.5
Desastres geo-hidrológicos,60060,Gestão de resíduos e limpeza pública,2015,,Presente,mid,Médio,#FFCD00,1206,Manga/MG,0.5
Desastres geo-hidrológicos,60060,Gestão de resíduos e limpeza pública,2015,,Presente,mid,Médio,#FFCD00,1723,Mangaratiba/RJ,0.5
Desastres geo-hidrológicos,60060,Gestão de resíduos e limpeza pública,2015,,Presente,mid,Médio,#FFCD00,5183,Mangueirinha/PR,0.5
Desastres geo-hidrológicos,60060,Gestão de resíduos e limpeza pública,2015,,Presente,mid,Médio,#FFCD00,1208,Manhumirim/MG,0.5
Desastres geo-hidrológicos,60060,Gestão de resíduos e limpeza pública,2015,,Presente,mid,Médio,#FFCD00,317,Manoel Viana/RS,0.5
Desastres geo-hidrológicos,60060,Gestão de resíduos e limpeza pública,2015,,Presente,mid,Médio,#FFCD00,4733,Mansidão/BA,0.5
Desastres geo-hidrológicos,60060,Gestão de resíduos e limpeza pública,2015,,Presente,mid,Médio,#FFCD00,1209,Mantena/MG,0.5
Desastres geo-hidrológicos,60060,Gestão de resíduos e limpeza pública,2015,,Presente,mid,Médio,#FFCD00,2600,Maquiné/RS,0.5
Desastres geo-hidrológicos,60060,Gestão de resíduos e limpeza pública,2015,,Presente,mid,Médio,#FFCD00,5498,Maraã/AM,0.5
Desastres geo-hidrológicos,60060,Gestão de resíduos e limpeza pública,2015,,Presente,mid,Médio,#FFCD00,2989,Maracanã/PA,0.5
Desastres geo-hidrológicos,60060,Gestão de resíduos e limpeza pública,2015,,Presente,mid,Médio,#FFCD00,3731,Maracanaú/CE,0.5
Desastres geo-hidrológicos,60060,Gestão de resíduos e limpeza pública,2015,,Presente,mid,Médio,#FFCD00,4734,Maracás/BA,0.5
Desastres geo-hidrológicos,60060,Gestão de resíduos e limpeza pública,2015,,Presente,mid,Médio,#FFCD00,4735,Maragogipe/BA,0.5
Desastres geo-hidrológicos,60060,Gestão de resíduos e limpeza pública,2015,,Presente,mid,Médio,#FFCD00,4308,Maraial/PE,0.5
Desastres geo-hidrológicos,60060,Gestão de resíduos e limpeza pública,2015,,Presente,mid,Médio,#FFCD00,3297,Marajá do Sena/MA,0.5
Desastres geo-hidrológicos,60060,Gestão de resíduos e limpeza pública,2015,,Presente,mid,Médio,#FFCD00,3732,Maranguape/CE,0.5
Desastres geo-hidrológicos,60060,Gestão de resíduos e limpeza pública,2015,,Presente,mid,Médio,#FFCD00,3298,Maranhãozinho/MA,0.5
Desastres geo-hidrológicos,60060,Gestão de resíduos e limpeza pública,2015,,Presente,mid,Médio,#FFCD00,2083,Marapoama/SP,0.5
Desastres geo-hidrológicos,60060,Gestão de resíduos e limpeza pública,2015,,Presente,mid,Médio,#FFCD00,318,Maratá/RS,0.5
Desastres geo-hidrológicos,60060,Gestão de resíduos e limpeza pública,2015,,Presente,mid,Médio,#FFCD00,4436,Maravilha/AL,0.5
Desastres geo-hidrológicos,60060,Gestão de resíduos e limpeza pública,2015,,Presente,mid,Médio,#FFCD00,2909,Marcelândia/MT,0.5
Desastres geo-hidrológicos,60060,Gestão de resíduos e limpeza pública,2015,,Presente,mid,Médio,#FFCD00,320,Marcelino Ramos/RS,0.5
Desastres geo-hidrológicos,60060,Gestão de resíduos e limpeza pública,2015,,Presente,mid,Médio,#FFCD00,3892,Marcelino Vieira/RN,0.5
Desastres geo-hidrológicos,60060,Gestão de resíduos e limpeza pública,2015,,Presente,mid,Médio,#FFCD00,3526,Marcolândia/PI,0.5
Desastres geo-hidrológicos,60060,Gestão de resíduos e limpeza pública,2015,,Presente,mid,Médio,#FFCD00,3527,Marcos Parente/PI,0.5
Desastres geo-hidrológicos,60060,Gestão de resíduos e limpeza pública,2015,,Presente,mid,Médio,#FFCD00,1651,Marechal Floriano/ES,0.5
Desastres geo-hidrológicos,60060,Gestão de resíduos e limpeza pública,2015,,Presente,mid,Médio,#FFCD00,2832,Marechal Thaumaturgo/AC,0.5
Desastres geo-hidrológicos,60060,Gestão de resíduos e limpeza pública,2015,,Presente,mid,Médio,#FFCD00,1212,Maria da Fé/MG,0.5
Desastres geo-hidrológicos,60060,Gestão de resíduos e limpeza pública,2015,,Presente,mid,Médio,#FFCD00,321,Mariana Pimentel/RS,0.5
Desastres geo-hidrológicos,60060,Gestão de resíduos e limpeza pública,2015,,Presente,mid,Médio,#FFCD00,4438,Maribondo/AL,0.5
Desastres geo-hidrológicos,60060,Gestão de resíduos e limpeza pública,2015,,Presente,mid,Médio,#FFCD00,1724,Maricá/RJ,0.5
Desastres geo-hidrológicos,60060,Gestão de resíduos e limpeza pública,2015,,Presente,mid,Médio,#FFCD00,2085,Marília/SP,0.5
Desastres geo-hidrológicos,60060,Gestão de resíduos e limpeza pública,2015,,Presente,mid,Médio,#FFCD00,1215,Mário Campos/MG,0.5
Desastres geo-hidrológicos,60060,Gestão de resíduos e limpeza pública,2015,,Presente,mid,Médio,#FFCD00,4093,Marizópolis/PB,0.5
Desastres geo-hidrológicos,60060,Gestão de resíduos e limpeza pública,2015,,Presente,mid,Médio,#FFCD00,5194,Marquinho/PR,0.5
Desastres geo-hidrológicos,60060,Gestão de resíduos e limpeza pública,2015,,Presente,mid,Médio,#FFCD00,5195,Marumbi/PR,0.5
Desastres geo-hidrológicos,60060,Gestão de resíduos e limpeza pública,2015,,Presente,mid,Médio,#FFCD00,3735,Massapê/CE,0.5
Desastres geo-hidrológicos,60060,Gestão de resíduos e limpeza pública,2015,,Presente,mid,Médio,#FFCD00,3528,Massapê do Piauí/PI,0.5
Desastres geo-hidrológicos,60060,Gestão de resíduos e limpeza pública,2015,,Presente,mid,Médio,#FFCD00,4094,Massaranduba/PB,0.5
Desastres geo-hidrológicos,60060,Gestão de resíduos e limpeza pública,2015,,Presente,mid,Médio,#FFCD00,4737,Mata de São João/BA,0.5
Desastres geo-hidrológicos,60060,Gestão de resíduos e limpeza pública,2015,,Presente,mid,Médio,#FFCD00,4440,Mata Grande/AL,0.5
Desastres geo-hidrológicos,60060,Gestão de resíduos e limpeza pública,2015,,Presente,mid,Médio,#FFCD00,4095,Mataraca/PB,0.5
Desastres geo-hidrológicos,60060,Gestão de resíduos e limpeza pública,2015,,Presente,mid,Médio,#FFCD00,324,Mata/RS,0.5
Desastres geo-hidrológicos,60060,Gestão de resíduos e limpeza pública,2015,,Presente,mid,Médio,#FFCD00,1221,Mata Verde/MG,0.5
Desastres geo-hidrológicos,60060,Gestão de resíduos e limpeza pública,2015,,Presente,mid,Médio,#FFCD00,3120,Mateiros/TO,0.5
Desastres geo-hidrológicos,60060,Gestão de resíduos e limpeza pública,2015,,Presente,mid,Médio,#FFCD00,1222,Materlândia/MG,0.5
Desastres geo-hidrológicos,60060,Gestão de resíduos e limpeza pública,2015,,Presente,mid,Médio,#FFCD00,1223,Mateus Leme/MG,0.5
Desastres geo-hidrológicos,60060,Gestão de resíduos e limpeza pública,2015,,Presente,mid,Médio,#FFCD00,3529,Matias Olímpio/PI,0.5
Desastres geo-hidrológicos,60060,Gestão de resíduos e limpeza pública,2015,,Presente,mid,Médio,#FFCD00,3300,Matinha/MA,0.5
Desastres geo-hidrológicos,60060,Gestão de resíduos e limpeza pública,2015,,Presente,mid,Médio,#FFCD00,4096,Matinhas/PB,0.5
Desastres geo-hidrológicos,60060,Gestão de resíduos e limpeza pública,2015,,Presente,mid,Médio,#FFCD00,3301,Matões/MA,0.5
Desastres geo-hidrológicos,60060,Gestão de resíduos e limpeza pública,2015,,Presente,mid,Médio,#FFCD00,4097,Mato Grosso/PB,0.5
Desastres geo-hidrológicos,60060,Gestão de resíduos e limpeza pública,2015,,Presente,mid,Médio,#FFCD00,5197,Mato Rico/PR,0.5
Desastres geo-hidrológicos,60060,Gestão de resíduos e limpeza pública,2015,,Presente,mid,Médio,#FFCD00,2477,Matos Costa/SC,0.5
Desastres geo-hidrológicos,60060,Gestão de resíduos e limpeza pública,2015,,Presente,mid,Médio,#FFCD00,1228,Matozinhos/MG,0.5
Desastres geo-hidrológicos,60060,Gestão de resíduos e limpeza pública,2015,,Presente,mid,Médio,#FFCD00,2746,Matrinchã/GO,0.5
Desastres geo-hidrológicos,60060,Gestão de resíduos e limpeza pública,2015,,Presente,mid,Médio,#FFCD00,4441,Matriz de Camaragibe/AL,0.5
Desastres geo-hidrológicos,60060,Gestão de resíduos e limpeza pública,2015,,Presente,mid,Médio,#FFCD00,4098,Maturéia/PB,0.5
Desastres geo-hidrológicos,60060,Gestão de resíduos e limpeza pública,2015,,Presente,mid,Médio,#FFCD00,2747,Maurilândia/GO,0.5
Desastres geo-hidrológicos,60060,Gestão de resíduos e limpeza pública,2015,,Presente,mid,Médio,#FFCD00,3736,Mauriti/CE,0.5
Desastres geo-hidrológicos,60060,Gestão de resíduos e limpeza pública,2015,,Presente,mid,Médio,#FFCD00,3894,Maxaranguape/RN,0.5
Desastres geo-hidrológicos,60060,Gestão de resíduos e limpeza pública,2015,,Presente,mid,Médio,#FFCD00,328,Maximiliano de Almeida/RS,0.5
Desastres geo-hidrológicos,60060,Gestão de resíduos e limpeza pública,2015,,Presente,mid,Médio,#FFCD00,5043,Mazagão/AP,0.5
Desastres geo-hidrológicos,60060,Gestão de resíduos e limpeza pública,2015,,Presente,mid,Médio,#FFCD00,1230,Medeiros/MG,0.5
Desastres geo-hidrológicos,60060,Gestão de resíduos e limpeza pública,2015,,Presente,mid,Médio,#FFCD00,2869,Medicilândia/PA,0.5
Desastres geo-hidrológicos,60060,Gestão de resíduos e limpeza pública,2015,,Presente,mid,Médio,#FFCD00,1231,Medina/MG,0.5
Desastres geo-hidrológicos,60060,Gestão de resíduos e limpeza pública,2015,,Presente,mid,Médio,#FFCD00,5033,Melgaço/PA,0.5
Desastres geo-hidrológicos,60060,Gestão de resíduos e limpeza pública,2015,,Presente,mid,Médio,#FFCD00,1725,Mendes/RJ,0.5
Desastres geo-hidrológicos,60060,Gestão de resíduos e limpeza pública,2015,,Presente,mid,Médio,#FFCD00,1233,Mercês/MG,0.5
Desastres geo-hidrológicos,60060,Gestão de resíduos e limpeza pública,2015,,Presente,mid,Médio,#FFCD00,1234,Mesquita/MG,0.5
Desastres geo-hidrológicos,60060,Gestão de resíduos e limpeza pública,2015,,Presente,mid,Médio,#FFCD00,1726,Mesquita/RJ,0.5
Desastres geo-hidrológicos,60060,Gestão de resíduos e limpeza pública,2015,,Presente,mid,Médio,#FFCD00,4442,Messias/AL,0.5
Desastres geo-hidrológicos,60060,Gestão de resíduos e limpeza pública,2015,,Presente,mid,Médio,#FFCD00,3895,Messias Targino/RN,0.5
Desastres geo-hidrológicos,60060,Gestão de resíduos e limpeza pública,2015,,Presente,mid,Médio,#FFCD00,3530,Miguel Alves/PI,0.5
Desastres geo-hidrológicos,60060,Gestão de resíduos e limpeza pública,2015,,Presente,mid,Médio,#FFCD00,4739,Miguel Calmon/BA,0.5
Desastres geo-hidrológicos,60060,Gestão de resíduos e limpeza pública,2015,,Presente,mid,Médio,#FFCD00,1727,Miguel Pereira/RJ,0.5
Desastres geo-hidrológicos,60060,Gestão de resíduos e limpeza pública,2015,,Presente,mid,Médio,#FFCD00,4740,Milagres/BA,0.5
Desastres geo-hidrológicos,60060,Gestão de resíduos e limpeza pública,2015,,Presente,mid,Médio,#FFCD00,3738,Milagres/CE,0.5
Desastres geo-hidrológicos,60060,Gestão de resíduos e limpeza pública,2015,,Presente,mid,Médio,#FFCD00,3532,Milton Brandão/PI,0.5
Desastres geo-hidrológicos,60060,Gestão de resíduos e limpeza pública,2015,,Presente,mid,Médio,#FFCD00,2748,Mimoso de Goiás/GO,0.5
Desastres geo-hidrológicos,60060,Gestão de resíduos e limpeza pública,2015,,Presente,mid,Médio,#FFCD00,4882,Minaçu/GO,0.5
Desastres geo-hidrológicos,60060,Gestão de resíduos e limpeza pública,2015,,Presente,mid,Médio,#FFCD00,4443,Minador do Negrão/AL,0.5
Desastres geo-hidrológicos,60060,Gestão de resíduos e limpeza pública,2015,,Presente,mid,Médio,#FFCD00,1235,Minas Novas/MG,0.5
Desastres geo-hidrológicos,60060,Gestão de resíduos e limpeza pública,2015,,Presente,mid,Médio,#FFCD00,664,Mineiros/GO,0.5
Desastres geo-hidrológicos,60060,Gestão de resíduos e limpeza pública,2015,,Presente,mid,Médio,#FFCD00,1237,Mirabela/MG,0.5
Desastres geo-hidrológicos,60060,Gestão de resíduos e limpeza pública,2015,,Presente,mid,Médio,#FFCD00,3122,Miracema do Tocantins/TO,0.5
Desastres geo-hidrológicos,60060,Gestão de resíduos e limpeza pública,2015,,Presente,mid,Médio,#FFCD00,1728,Miracema/RJ,0.5
Desastres geo-hidrológicos,60060,Gestão de resíduos e limpeza pública,2015,,Presente,mid,Médio,#FFCD00,5200,Mirador/PR,0.5
Desastres geo-hidrológicos,60060,Gestão de resíduos e limpeza pública,2015,,Presente,mid,Médio,#FFCD00,1238,Miradouro/MG,0.5
Desastres geo-hidrológicos,60060,Gestão de resíduos e limpeza pública,2015,,Presente,mid,Médio,#FFCD00,2096,Mira Estrela/SP,0.5
Desastres geo-hidrológicos,60060,Gestão de resíduos e limpeza pública,2015,,Presente,mid,Médio,#FFCD00,330,Miraguaí/RS,0.5
Desastres geo-hidrológicos,60060,Gestão de resíduos e limpeza pública,2015,,Presente,mid,Médio,#FFCD00,3740,Miraíma/CE,0.5
Desastres geo-hidrológicos,60060,Gestão de resíduos e limpeza pública,2015,,Presente,mid,Médio,#FFCD00,1239,Miraí/MG,0.5
Desastres geo-hidrológicos,60060,Gestão de resíduos e limpeza pública,2015,,Presente,mid,Médio,#FFCD00,4309,Mirandiba/PE,0.5
Desastres geo-hidrológicos,60060,Gestão de resíduos e limpeza pública,2015,,Presente,mid,Médio,#FFCD00,1240,Miravânia/MG,0.5
Desastres geo-hidrológicos,60060,Gestão de resíduos e limpeza pública,2015,,Presente,mid,Médio,#FFCD00,2479,Mirim Doce/SC,0.5
Desastres geo-hidrológicos,60060,Gestão de resíduos e limpeza pública,2015,,Presente,mid,Médio,#FFCD00,3741,Missão Velha/CE,0.5
Desastres geo-hidrológicos,60060,Gestão de resíduos e limpeza pública,2015,,Presente,mid,Médio,#FFCD00,1241,Moeda/MG,0.5
Desastres geo-hidrológicos,60060,Gestão de resíduos e limpeza pública,2015,,Presente,mid,Médio,#FFCD00,1242,Moema/MG,0.5
Desastres geo-hidrológicos,60060,Gestão de resíduos e limpeza pública,2015,,Presente,mid,Médio,#FFCD00,2103,Mogi Mirim/SP,0.5
Desastres geo-hidrológicos,60060,Gestão de resíduos e limpeza pública,2015,,Presente,mid,Médio,#FFCD00,2749,Moiporá/GO,0.5
Desastres geo-hidrológicos,60060,Gestão de resíduos e limpeza pública,2015,,Presente,mid,Médio,#FFCD00,3742,Mombaça/CE,0.5
Desastres geo-hidrológicos,60060,Gestão de resíduos e limpeza pública,2015,,Presente,mid,Médio,#FFCD00,2105,Monções/SP,0.5
Desastres geo-hidrológicos,60060,Gestão de resíduos e limpeza pública,2015,,Presente,mid,Médio,#FFCD00,81,Mondaí/SC,0.5
Desastres geo-hidrológicos,60060,Gestão de resíduos e limpeza pública,2015,,Presente,mid,Médio,#FFCD00,3533,Monsenhor Gil/PI,0.5
Desastres geo-hidrológicos,60060,Gestão de resíduos e limpeza pública,2015,,Presente,mid,Médio,#FFCD00,3534,Monsenhor Hipólito/PI,0.5
Desastres geo-hidrológicos,60060,Gestão de resíduos e limpeza pública,2015,,Presente,mid,Médio,#FFCD00,3743,Monsenhor Tabosa/CE,0.5
Desastres geo-hidrológicos,60060,Gestão de resíduos e limpeza pública,2015,,Presente,mid,Médio,#FFCD00,1245,Montalvânia/MG,0.5
Desastres geo-hidrológicos,60060,Gestão de resíduos e limpeza pública,2015,,Presente,mid,Médio,#FFCD00,3896,Montanhas/RN,0.5
Desastres geo-hidrológicos,60060,Gestão de resíduos e limpeza pública,2015,,Presente,mid,Médio,#FFCD00,331,Montauri/RS,0.5
Desastres geo-hidrológicos,60060,Gestão de resíduos e limpeza pública,2015,,Presente,mid,Médio,#FFCD00,2601,Monte Alegre dos Campos/RS,0.5
Desastres geo-hidrológicos,60060,Gestão de resíduos e limpeza pública,2015,,Presente,mid,Médio,#FFCD00,2107,Monte Alegre do Sul/SP,0.5
Desastres geo-hidrológicos,60060,Gestão de resíduos e limpeza pública,2015,,Presente,mid,Médio,#FFCD00,2871,Monte Alegre/PA,0.5
Desastres geo-hidrológicos,60060,Gestão de resíduos e limpeza pública,2015,,Presente,mid,Médio,#FFCD00,2109,Monte Aprazível/SP,0.5
Desastres geo-hidrológicos,60060,Gestão de resíduos e limpeza pública,2015,,Presente,mid,Médio,#FFCD00,1247,Monte Azul/MG,0.5
Desastres geo-hidrológicos,60060,Gestão de resíduos e limpeza pública,2015,,Presente,mid,Médio,#FFCD00,1248,Monte Belo/MG,0.5
Desastres geo-hidrológicos,60060,Gestão de resíduos e limpeza pública,2015,,Presente,mid,Médio,#FFCD00,2481,Monte Castelo/SC,0.5
Desastres geo-hidrológicos,60060,Gestão de resíduos e limpeza pública,2015,,Presente,mid,Médio,#FFCD00,4444,Monteirópolis/AL,0.5
Desastres geo-hidrológicos,60060,Gestão de resíduos e limpeza pública,2015,,Presente,mid,Médio,#FFCD00,5560,Monte Negro/RO,0.5
Desastres geo-hidrológicos,60060,Gestão de resíduos e limpeza pública,2015,,Presente,mid,Médio,#FFCD00,3308,Montes Altos/MA,0.5
Desastres geo-hidrológicos,60060,Gestão de resíduos e limpeza pública,2015,,Presente,mid,Médio,#FFCD00,4977,Montes Claros de Goiás/GO,0.5
Desastres geo-hidrológicos,60060,Gestão de resíduos e limpeza pública,2015,,Presente,mid,Médio,#FFCD00,1252,Montes Claros/MG,0.5
Desastres geo-hidrológicos,60060,Gestão de resíduos e limpeza pública,2015,,Presente,mid,Médio,#FFCD00,1254,Montezuma/MG,0.5
Desastres geo-hidrológicos,60060,Gestão de resíduos e limpeza pública,2015,,Presente,mid,Médio,#FFCD00,4884,Montividiu do Norte/GO,0.5
Desastres geo-hidrológicos,60060,Gestão de resíduos e limpeza pública,2015,,Presente,mid,Médio,#FFCD00,1255,Morada Nova de Minas/MG,0.5
Desastres geo-hidrológicos,60060,Gestão de resíduos e limpeza pública,2015,,Presente,mid,Médio,#FFCD00,4310,Moreno/PE,0.5
Desastres geo-hidrológicos,60060,Gestão de resíduos e limpeza pública,2015,,Presente,mid,Médio,#FFCD00,333,Mormaço/RS,0.5
Desastres geo-hidrológicos,60060,Gestão de resíduos e limpeza pública,2015,,Presente,mid,Médio,#FFCD00,5373,Morretes/PR,0.5
Desastres geo-hidrológicos,60060,Gestão de resíduos e limpeza pública,2015,,Presente,mid,Médio,#FFCD00,2602,Morrinhos do Sul/RS,0.5
Desastres geo-hidrológicos,60060,Gestão de resíduos e limpeza pública,2015,,Presente,mid,Médio,#FFCD00,2751,Morro Agudo de Goiás/GO,0.5
Desastres geo-hidrológicos,60060,Gestão de resíduos e limpeza pública,2015,,Presente,mid,Médio,#FFCD00,1256,Morro da Garça/MG,0.5
Desastres geo-hidrológicos,60060,Gestão de resíduos e limpeza pública,2015,,Presente,mid,Médio,#FFCD00,4744,Morro do Chapéu/BA,0.5
Desastres geo-hidrológicos,60060,Gestão de resíduos e limpeza pública,2015,,Presente,mid,Médio,#FFCD00,3537,Morro do Chapéu do Piauí/PI,0.5
Desastres geo-hidrológicos,60060,Gestão de resíduos e limpeza pública,2015,,Presente,mid,Médio,#FFCD00,1257,Morro do Pilar/MG,0.5
Desastres geo-hidrológicos,60060,Gestão de resíduos e limpeza pública,2015,,Presente,mid,Médio,#FFCD00,2483,Morro Grande/SC,0.5
Desastres geo-hidrológicos,60060,Gestão de resíduos e limpeza pública,2015,,Presente,mid,Médio,#FFCD00,728,Mortugaba/BA,0.5
Desastres geo-hidrológicos,60060,Gestão de resíduos e limpeza pública,2015,,Presente,mid,Médio,#FFCD00,2115,Motuca/SP,0.5
Desastres geo-hidrológicos,60060,Gestão de resíduos e limpeza pública,2015,,Presente,mid,Médio,#FFCD00,2851,Mucajaí/RR,0.5
Desastres geo-hidrológicos,60060,Gestão de resíduos e limpeza pública,2015,,Presente,mid,Médio,#FFCD00,4745,Mucugê/BA,0.5
Desastres geo-hidrológicos,60060,Gestão de resíduos e limpeza pública,2015,,Presente,mid,Médio,#FFCD00,335,Muçum/RS,0.5
Desastres geo-hidrológicos,60060,Gestão de resíduos e limpeza pública,2015,,Presente,mid,Médio,#FFCD00,729,Mucuri/BA,0.5
Desastres geo-hidrológicos,60060,Gestão de resíduos e limpeza pública,2015,,Presente,mid,Médio,#FFCD00,336,Muliterno/RS,0.5
Desastres geo-hidrológicos,60060,Gestão de resíduos e limpeza pública,2015,,Presente,mid,Médio,#FFCD00,4746,Mulungu do Morro/BA,0.5
Desastres geo-hidrológicos,60060,Gestão de resíduos e limpeza pública,2015,,Presente,mid,Médio,#FFCD00,4748,Muniz Ferreira/BA,0.5
Desastres geo-hidrológicos,60060,Gestão de resíduos e limpeza pública,2015,,Presente,mid,Médio,#FFCD00,1656,Muniz Freire/ES,0.5
Desastres geo-hidrológicos,60060,Gestão de resíduos e limpeza pública,2015,,Presente,mid,Médio,#FFCD00,4749,Muquém do São Francisco/BA,0.5
Desastres geo-hidrológicos,60060,Gestão de resíduos e limpeza pública,2015,,Presente,mid,Médio,#FFCD00,1259,Muriaé/MG,0.5
Desastres geo-hidrológicos,60060,Gestão de resíduos e limpeza pública,2015,,Presente,mid,Médio,#FFCD00,4529,Muribeca/SE,0.5
Desastres geo-hidrológicos,60060,Gestão de resíduos e limpeza pública,2015,,Presente,mid,Médio,#FFCD00,4750,Muritiba/BA,0.5
Desastres geo-hidrológicos,60060,Gestão de resíduos e limpeza pública,2015,,Presente,mid,Médio,#FFCD00,4751,Mutuípe/BA,0.5
Desastres geo-hidrológicos,60060,Gestão de resíduos e limpeza pública,2015,,Presente,mid,Médio,#FFCD00,4886,Mutunópolis/GO,0.5
Desastres geo-hidrológicos,60060,Gestão de resíduos e limpeza pública,2015,,Presente,mid,Médio,#FFCD00,1262,Nacip Raydan/MG,0.5
Desastres geo-hidrológicos,60060,Gestão de resíduos e limpeza pública,2015,,Presente,mid,Médio,#FFCD00,1264,Naque/MG,0.5
Desastres geo-hidrológicos,60060,Gestão de resíduos e limpeza pública,2015,,Presente,mid,Médio,#FFCD00,3128,Natividade/TO,0.5
Desastres geo-hidrológicos,60060,Gestão de resíduos e limpeza pública,2015,,Presente,mid,Médio,#FFCD00,4104,Natuba/PB,0.5
Desastres geo-hidrológicos,60060,Gestão de resíduos e limpeza pública,2015,,Presente,mid,Médio,#FFCD00,4752,Nazaré/BA,0.5
Desastres geo-hidrológicos,60060,Gestão de resíduos e limpeza pública,2015,,Presente,mid,Médio,#FFCD00,4311,Nazaré da Mata/PE,0.5
Desastres geo-hidrológicos,60060,Gestão de resíduos e limpeza pública,2015,,Presente,mid,Médio,#FFCD00,1267,Nazareno/MG,0.5
Desastres geo-hidrológicos,60060,Gestão de resíduos e limpeza pública,2015,,Presente,mid,Médio,#FFCD00,3129,Nazaré/TO,0.5
Desastres geo-hidrológicos,60060,Gestão de resíduos e limpeza pública,2015,,Presente,mid,Médio,#FFCD00,4105,Nazarezinho/PB,0.5
Desastres geo-hidrológicos,60060,Gestão de resíduos e limpeza pública,2015,,Presente,mid,Médio,#FFCD00,3540,Nazária/PI,0.5
Desastres geo-hidrológicos,60060,Gestão de resíduos e limpeza pública,2015,,Presente,mid,Médio,#FFCD00,2754,Nazário/GO,0.5
Desastres geo-hidrológicos,60060,Gestão de resíduos e limpeza pública,2015,,Presente,mid,Médio,#FFCD00,5500,Nhamundá/AM,0.5
Desastres geo-hidrológicos,60060,Gestão de resíduos e limpeza pública,2015,,Presente,mid,Médio,#FFCD00,338,Nicolau Vergueiro/RS,0.5
Desastres geo-hidrológicos,60060,Gestão de resíduos e limpeza pública,2015,,Presente,mid,Médio,#FFCD00,1730,Nilópolis/RJ,0.5
Desastres geo-hidrológicos,60060,Gestão de resíduos e limpeza pública,2015,,Presente,mid,Médio,#FFCD00,1269,Ninheira/MG,0.5
Desastres geo-hidrológicos,60060,Gestão de resíduos e limpeza pública,2015,,Presente,mid,Médio,#FFCD00,574,Nioaque/MS,0.5
Desastres geo-hidrológicos,60060,Gestão de resíduos e limpeza pública,2015,,Presente,mid,Médio,#FFCD00,3901,Nísia Floresta/RN,0.5
Desastres geo-hidrológicos,60060,Gestão de resíduos e limpeza pública,2015,,Presente,mid,Médio,#FFCD00,4956,Nobres/MT,0.5
Desastres geo-hidrológicos,60060,Gestão de resíduos e limpeza pública,2015,,Presente,mid,Médio,#FFCD00,4957,Nortelândia/MT,0.5
Desastres geo-hidrológicos,60060,Gestão de resíduos e limpeza pública,2015,,Presente,mid,Médio,#FFCD00,4531,Nossa Senhora Aparecida/SE,0.5
Desastres geo-hidrológicos,60060,Gestão de resíduos e limpeza pública,2015,,Presente,mid,Médio,#FFCD00,4533,Nossa Senhora das Dores/SE,0.5
Desastres geo-hidrológicos,60060,Gestão de resíduos e limpeza pública,2015,,Presente,mid,Médio,#FFCD00,629,Nossa Senhora do Livramento/MT,0.5
Desastres geo-hidrológicos,60060,Gestão de resíduos e limpeza pública,2015,,Presente,mid,Médio,#FFCD00,4535,Nossa Senhora do Socorro/SE,0.5
Desastres geo-hidrológicos,60060,Gestão de resíduos e limpeza pública,2015,,Presente,mid,Médio,#FFCD00,5374,Nova América da Colina/PR,0.5
Desastres geo-hidrológicos,60060,Gestão de resíduos e limpeza pública,2015,,Presente,mid,Médio,#FFCD00,2756,Nova América/GO,0.5
Desastres geo-hidrológicos,60060,Gestão de resíduos e limpeza pública,2015,,Presente,mid,Médio,#FFCD00,5207,Nova Aurora/PR,0.5
Desastres geo-hidrológicos,60060,Gestão de resíduos e limpeza pública,2015,,Presente,mid,Médio,#FFCD00,2911,Nova Bandeirantes/MT,0.5
Desastres geo-hidrológicos,60060,Gestão de resíduos e limpeza pública,2015,,Presente,mid,Médio,#FFCD00,1270,Nova Belém/MG,0.5
Desastres geo-hidrológicos,60060,Gestão de resíduos e limpeza pública,2015,,Presente,mid,Médio,#FFCD00,343,Nova Boa Vista/RS,0.5
Desastres geo-hidrológicos,60060,Gestão de resíduos e limpeza pública,2015,,Presente,mid,Médio,#FFCD00,630,Nova Brasilândia/MT,0.5
Desastres geo-hidrológicos,60060,Gestão de resíduos e limpeza pública,2015,,Presente,mid,Médio,#FFCD00,344,Nova Bréscia/RS,0.5
Desastres geo-hidrológicos,60060,Gestão de resíduos e limpeza pública,2015,,Presente,mid,Médio,#FFCD00,730,Nova Canaã/BA,0.5
Desastres geo-hidrológicos,60060,Gestão de resíduos e limpeza pública,2015,,Presente,mid,Médio,#FFCD00,2913,Nova Canaã do Norte/MT,0.5
Desastres geo-hidrológicos,60060,Gestão de resíduos e limpeza pública,2015,,Presente,mid,Médio,#FFCD00,3902,Nova Cruz/RN,0.5
Desastres geo-hidrológicos,60060,Gestão de resíduos e limpeza pública,2015,,Presente,mid,Médio,#FFCD00,1271,Nova Era/MG,0.5
Desastres geo-hidrológicos,60060,Gestão de resíduos e limpeza pública,2015,,Presente,mid,Médio,#FFCD00,2995,Nova Esperança do Piriá/PA,0.5
Desastres geo-hidrológicos,60060,Gestão de resíduos e limpeza pública,2015,,Presente,mid,Médio,#FFCD00,5210,Nova Esperança do Sudoeste/PR,0.5
Desastres geo-hidrológicos,60060,Gestão de resíduos e limpeza pública,2015,,Presente,mid,Médio,#FFCD00,4755,Nova Fátima/BA,0.5
Desastres geo-hidrológicos,60060,Gestão de resíduos e limpeza pública,2015,,Presente,mid,Médio,#FFCD00,4106,Nova Floresta/PB,0.5
Desastres geo-hidrológicos,60060,Gestão de resíduos e limpeza pública,2015,,Presente,mid,Médio,#FFCD00,2758,Nova Glória/GO,0.5
Desastres geo-hidrológicos,60060,Gestão de resíduos e limpeza pública,2015,,Presente,mid,Médio,#FFCD00,2935,Nova Guarita/MT,0.5
Desastres geo-hidrológicos,60060,Gestão de resíduos e limpeza pública,2015,,Presente,mid,Médio,#FFCD00,5022,Nova Iguaçu de Goiás/GO,0.5
Desastres geo-hidrológicos,60060,Gestão de resíduos e limpeza pública,2015,,Presente,mid,Médio,#FFCD00,1733,Nova Iguaçu/RJ,0.5
Desastres geo-hidrológicos,60060,Gestão de resíduos e limpeza pública,2015,,Presente,mid,Médio,#FFCD00,2996,Nova Ipixuna/PA,0.5
Desastres geo-hidrológicos,60060,Gestão de resíduos e limpeza pública,2015,,Presente,mid,Médio,#FFCD00,2129,Novais/SP,0.5
Desastres geo-hidrológicos,60060,Gestão de resíduos e limpeza pública,2015,,Presente,mid,Médio,#FFCD00,83,Nova Itaberaba/SC,0.5
Desastres geo-hidrológicos,60060,Gestão de resíduos e limpeza pública,2015,,Presente,mid,Médio,#FFCD00,4757,Nova Itarana/BA,0.5
Desastres geo-hidrológicos,60060,Gestão de resíduos e limpeza pública,2015,,Presente,mid,Médio,#FFCD00,4959,Nova Lacerda/MT,0.5
Desastres geo-hidrológicos,60060,Gestão de resíduos e limpeza pública,2015,,Presente,mid,Médio,#FFCD00,5211,Nova Laranjeiras/PR,0.5
Desastres geo-hidrológicos,60060,Gestão de resíduos e limpeza pública,2015,,Presente,mid,Médio,#FFCD00,1272,Nova Lima/MG,0.5
Desastres geo-hidrológicos,60060,Gestão de resíduos e limpeza pública,2015,,Presente,mid,Médio,#FFCD00,5544,Nova Mamoré/RO,0.5
Desastres geo-hidrológicos,60060,Gestão de resíduos e limpeza pública,2015,,Presente,mid,Médio,#FFCD00,4965,Nova Marilândia/MT,0.5
Desastres geo-hidrológicos,60060,Gestão de resíduos e limpeza pública,2015,,Presente,mid,Médio,#FFCD00,2936,Nova Maringá/MT,0.5
Desastres geo-hidrológicos,60060,Gestão de resíduos e limpeza pública,2015,,Presente,mid,Médio,#FFCD00,1273,Nova Módica/MG,0.5
Desastres geo-hidrológicos,60060,Gestão de resíduos e limpeza pública,2015,,Presente,mid,Médio,#FFCD00,2937,Nova Monte Verde/MT,0.5
Desastres geo-hidrológicos,60060,Gestão de resíduos e limpeza pública,2015,,Presente,mid,Médio,#FFCD00,4958,Nova Nazaré/MT,0.5
Desastres geo-hidrológicos,60060,Gestão de resíduos e limpeza pública,2015,,Presente,mid,Médio,#FFCD00,3749,Nova Olinda/CE,0.5
Desastres geo-hidrológicos,60060,Gestão de resíduos e limpeza pública,2015,,Presente,mid,Médio,#FFCD00,3313,Nova Olinda do Maranhão/MA,0.5
Desastres geo-hidrológicos,60060,Gestão de resíduos e limpeza pública,2015,,Presente,mid,Médio,#FFCD00,4108,Nova Palmeira/PB,0.5
Desastres geo-hidrológicos,60060,Gestão de resíduos e limpeza pública,2015,,Presente,mid,Médio,#FFCD00,349,Nova Ramada/RS,0.5
Desastres geo-hidrológicos,60060,Gestão de resíduos e limpeza pública,2015,,Presente,mid,Médio,#FFCD00,4758,Nova Redenção/BA,0.5
Desastres geo-hidrológicos,60060,Gestão de resíduos e limpeza pública,2015,,Presente,mid,Médio,#FFCD00,4938,Nova Roma do Sul/RS,0.5
Desastres geo-hidrológicos,60060,Gestão de resíduos e limpeza pública,2015,,Presente,mid,Médio,#FFCD00,4887,Nova Roma/GO,0.5
Desastres geo-hidrológicos,60060,Gestão de resíduos e limpeza pública,2015,,Presente,mid,Médio,#FFCD00,3750,Nova Russas/CE,0.5
Desastres geo-hidrológicos,60060,Gestão de resíduos e limpeza pública,2015,,Presente,mid,Médio,#FFCD00,2912,Nova Santa Helena/MT,0.5
Desastres geo-hidrológicos,60060,Gestão de resíduos e limpeza pública,2015,,Presente,mid,Médio,#FFCD00,1277,Nova Serrana/MG,0.5
Desastres geo-hidrológicos,60060,Gestão de resíduos e limpeza pública,2015,,Presente,mid,Médio,#FFCD00,2485,Nova Trento/SC,0.5
Desastres geo-hidrológicos,60060,Gestão de resíduos e limpeza pública,2015,,Presente,mid,Médio,#FFCD00,3133,Novo Alegre/TO,0.5
Desastres geo-hidrológicos,60060,Gestão de resíduos e limpeza pública,2015,,Presente,mid,Médio,#FFCD00,350,Novo Cabrais/RS,0.5
Desastres geo-hidrológicos,60060,Gestão de resíduos e limpeza pública,2015,,Presente,mid,Médio,#FFCD00,1278,Novo Cruzeiro/MG,0.5
Desastres geo-hidrológicos,60060,Gestão de resíduos e limpeza pública,2015,,Presente,mid,Médio,#FFCD00,4760,Novo Horizonte/BA,0.5
Desastres geo-hidrológicos,60060,Gestão de resíduos e limpeza pública,2015,,Presente,mid,Médio,#FFCD00,4446,Novo Lino/AL,0.5
Desastres geo-hidrológicos,60060,Gestão de resíduos e limpeza pública,2015,,Presente,mid,Médio,#FFCD00,2916,Novo Mundo/MT,0.5
Desastres geo-hidrológicos,60060,Gestão de resíduos e limpeza pública,2015,,Presente,mid,Médio,#FFCD00,3543,Novo Oriente do Piauí/PI,0.5
Desastres geo-hidrológicos,60060,Gestão de resíduos e limpeza pública,2015,,Presente,mid,Médio,#FFCD00,1280,Novorizonte/MG,0.5
Desastres geo-hidrológicos,60060,Gestão de resíduos e limpeza pública,2015,,Presente,mid,Médio,#FFCD00,4870,Novo Santo Antônio/MT,0.5
Desastres geo-hidrológicos,60060,Gestão de resíduos e limpeza pública,2015,,Presente,mid,Médio,#FFCD00,4761,Novo Triunfo/BA,0.5
Desastres geo-hidrológicos,60060,Gestão de resíduos e limpeza pública,2015,,Presente,mid,Médio,#FFCD00,2873,Óbidos/PA,0.5
Desastres geo-hidrológicos,60060,Gestão de resíduos e limpeza pública,2015,,Presente,mid,Médio,#FFCD00,2135,Óleo/SP,0.5
Desastres geo-hidrológicos,60060,Gestão de resíduos e limpeza pública,2015,,Presente,mid,Médio,#FFCD00,3903,Olho d'Água do Borges/RN,0.5
Desastres geo-hidrológicos,60060,Gestão de resíduos e limpeza pública,2015,,Presente,mid,Médio,#FFCD00,4448,Olho d'Água do Casado/AL,0.5
Desastres geo-hidrológicos,60060,Gestão de resíduos e limpeza pública,2015,,Presente,mid,Médio,#FFCD00,4109,Olho d'Água/PB,0.5
Desastres geo-hidrológicos,60060,Gestão de resíduos e limpeza pública,2015,,Presente,mid,Médio,#FFCD00,1283,Olímpio Noronha/MG,0.5
Desastres geo-hidrológicos,60060,Gestão de resíduos e limpeza pública,2015,,Presente,mid,Médio,#FFCD00,4312,Olinda/PE,0.5
Desastres geo-hidrológicos,60060,Gestão de resíduos e limpeza pública,2015,,Presente,mid,Médio,#FFCD00,4762,Olindina/BA,0.5
Desastres geo-hidrológicos,60060,Gestão de resíduos e limpeza pública,2015,,Presente,mid,Médio,#FFCD00,4110,Olivedos/PB,0.5
Desastres geo-hidrológicos,60060,Gestão de resíduos e limpeza pública,2015,,Presente,mid,Médio,#FFCD00,3135,Oliveira de Fátima/TO,0.5
Desastres geo-hidrológicos,60060,Gestão de resíduos e limpeza pública,2015,,Presente,mid,Médio,#FFCD00,4763,Oliveira dos Brejinhos/BA,0.5
Desastres geo-hidrológicos,60060,Gestão de resíduos e limpeza pública,2015,,Presente,mid,Médio,#FFCD00,1285,Oliveira Fortes/MG,0.5
Desastres geo-hidrológicos,60060,Gestão de resíduos e limpeza pública,2015,,Presente,mid,Médio,#FFCD00,1287,Oratórios/MG,0.5
Desastres geo-hidrológicos,60060,Gestão de resíduos e limpeza pública,2015,,Presente,mid,Médio,#FFCD00,2138,Oriente/SP,0.5
Desastres geo-hidrológicos,60060,Gestão de resíduos e limpeza pública,2015,,Presente,mid,Médio,#FFCD00,2139,Orindiúva/SP,0.5
Desastres geo-hidrológicos,60060,Gestão de resíduos e limpeza pública,2015,,Presente,mid,Médio,#FFCD00,2874,Oriximiná/PA,0.5
Desastres geo-hidrológicos,60060,Gestão de resíduos e limpeza pública,2015,,Presente,mid,Médio,#FFCD00,1288,Orizânia/MG,0.5
Desastres geo-hidrológicos,60060,Gestão de resíduos e limpeza pública,2015,,Presente,mid,Médio,#FFCD00,2140,Orlândia/SP,0.5
Desastres geo-hidrológicos,60060,Gestão de resíduos e limpeza pública,2015,,Presente,mid,Médio,#FFCD00,4313,Orobó/PE,0.5
Desastres geo-hidrológicos,60060,Gestão de resíduos e limpeza pública,2015,,Presente,mid,Médio,#FFCD00,4314,Orocó/PE,0.5
Desastres geo-hidrológicos,60060,Gestão de resíduos e limpeza pública,2015,,Presente,mid,Médio,#FFCD00,2141,Osasco/SP,0.5
Desastres geo-hidrológicos,60060,Gestão de resíduos e limpeza pública,2015,,Presente,mid,Médio,#FFCD00,2611,Osório/RS,0.5
Desastres geo-hidrológicos,60060,Gestão de resíduos e limpeza pública,2015,,Presente,mid,Médio,#FFCD00,4764,Ouriçangas/BA,0.5
Desastres geo-hidrológicos,60060,Gestão de resíduos e limpeza pública,2015,,Presente,mid,Médio,#FFCD00,5034,Ourilândia do Norte/PA,0.5
Desastres geo-hidrológicos,60060,Gestão de resíduos e limpeza pública,2015,,Presente,mid,Médio,#FFCD00,4765,Ourolândia/BA,0.5
Desastres geo-hidrológicos,60060,Gestão de resíduos e limpeza pública,2015,,Presente,mid,Médio,#FFCD00,1291,Ouro Preto/MG,0.5
Desastres geo-hidrológicos,60060,Gestão de resíduos e limpeza pública,2015,,Presente,mid,Médio,#FFCD00,2763,Ouro Verde de Goiás/GO,0.5
Desastres geo-hidrológicos,60060,Gestão de resíduos e limpeza pública,2015,,Presente,mid,Médio,#FFCD00,5219,Ouro Verde do Oeste/PR,0.5
Desastres geo-hidrológicos,60060,Gestão de resíduos e limpeza pública,2015,,Presente,mid,Médio,#FFCD00,86,Ouro Verde/SC,0.5
Desastres geo-hidrológicos,60060,Gestão de resíduos e limpeza pública,2015,,Presente,mid,Médio,#FFCD00,2853,Pacaraima/RR,0.5
Desastres geo-hidrológicos,60060,Gestão de resíduos e limpeza pública,2015,,Presente,mid,Médio,#FFCD00,3755,Pacatuba/CE,0.5
Desastres geo-hidrológicos,60060,Gestão de resíduos e limpeza pública,2015,,Presente,mid,Médio,#FFCD00,1294,Padre Paraíso/MG,0.5
Desastres geo-hidrológicos,60060,Gestão de resíduos e limpeza pública,2015,,Presente,mid,Médio,#FFCD00,1297,Pai Pedro/MG,0.5
Desastres geo-hidrológicos,60060,Gestão de resíduos e limpeza pública,2015,,Presente,mid,Médio,#FFCD00,2147,Palestina/SP,0.5
Desastres geo-hidrológicos,60060,Gestão de resíduos e limpeza pública,2015,,Presente,mid,Médio,#FFCD00,2612,Palmares do Sul/RS,0.5
Desastres geo-hidrológicos,60060,Gestão de resíduos e limpeza pública,2015,,Presente,mid,Médio,#FFCD00,2148,Palmares Paulista/SP,0.5
Desastres geo-hidrológicos,60060,Gestão de resíduos e limpeza pública,2015,,Presente,mid,Médio,#FFCD00,5005,Palmas de Monte Alto/BA,0.5
Desastres geo-hidrológicos,60060,Gestão de resíduos e limpeza pública,2015,,Presente,mid,Médio,#FFCD00,4453,Palmeira dos Índios/AL,0.5
Desastres geo-hidrológicos,60060,Gestão de resíduos e limpeza pública,2015,,Presente,mid,Médio,#FFCD00,3551,Palmeirais/PI,0.5
Desastres geo-hidrológicos,60060,Gestão de resíduos e limpeza pública,2015,,Presente,mid,Médio,#FFCD00,3136,Palmeirante/TO,0.5
Desastres geo-hidrológicos,60060,Gestão de resíduos e limpeza pública,2015,,Presente,mid,Médio,#FFCD00,2491,Palmeira/SC,0.5
Desastres geo-hidrológicos,60060,Gestão de resíduos e limpeza pública,2015,,Presente,mid,Médio,#FFCD00,2766,Palmeiras de Goiás/GO,0.5
Desastres geo-hidrológicos,60060,Gestão de resíduos e limpeza pública,2015,,Presente,mid,Médio,#FFCD00,3126,Palmeiras do Tocantins/TO,0.5
Desastres geo-hidrológicos,60060,Gestão de resíduos e limpeza pública,2015,,Presente,mid,Médio,#FFCD00,3137,Palmeirópolis/TO,0.5
Desastres geo-hidrológicos,60060,Gestão de resíduos e limpeza pública,2015,,Presente,mid,Médio,#FFCD00,2768,Palminópolis/GO,0.5
Desastres geo-hidrológicos,60060,Gestão de resíduos e limpeza pública,2015,,Presente,mid,Médio,#FFCD00,1300,Palmópolis/MG,0.5
Desastres geo-hidrológicos,60060,Gestão de resíduos e limpeza pública,2015,,Presente,mid,Médio,#FFCD00,5223,Palotina/PR,0.5
Desastres geo-hidrológicos,60060,Gestão de resíduos e limpeza pública,2015,,Presente,mid,Médio,#FFCD00,2769,Panamá/GO,0.5
Desastres geo-hidrológicos,60060,Gestão de resíduos e limpeza pública,2015,,Presente,mid,Médio,#FFCD00,4318,Panelas/PE,0.5
Desastres geo-hidrológicos,60060,Gestão de resíduos e limpeza pública,2015,,Presente,mid,Médio,#FFCD00,12,Panorama/SP,0.5
Desastres geo-hidrológicos,60060,Gestão de resíduos e limpeza pública,2015,,Presente,mid,Médio,#FFCD00,359,Pantano Grande/RS,0.5
Desastres geo-hidrológicos,60060,Gestão de resíduos e limpeza pública,2015,,Presente,mid,Médio,#FFCD00,1301,Papagaios/MG,0.5
Desastres geo-hidrológicos,60060,Gestão de resíduos e limpeza pública,2015,,Presente,mid,Médio,#FFCD00,3552,Paquetá/PI,0.5
Desastres geo-hidrológicos,60060,Gestão de resíduos e limpeza pública,2015,,Presente,mid,Médio,#FFCD00,1734,Paracambi/RJ,0.5
Desastres geo-hidrológicos,60060,Gestão de resíduos e limpeza pública,2015,,Presente,mid,Médio,#FFCD00,1302,Paracatu/MG,0.5
Desastres geo-hidrológicos,60060,Gestão de resíduos e limpeza pública,2015,,Presente,mid,Médio,#FFCD00,1304,Paraguaçu/MG,0.5
Desastres geo-hidrológicos,60060,Gestão de resíduos e limpeza pública,2015,,Presente,mid,Médio,#FFCD00,3761,Paraipaba/CE,0.5
Desastres geo-hidrológicos,60060,Gestão de resíduos e limpeza pública,2015,,Presente,mid,Médio,#FFCD00,3138,Paraíso do Tocantins/TO,0.5
Desastres geo-hidrológicos,60060,Gestão de resíduos e limpeza pública,2015,,Presente,mid,Médio,#FFCD00,90,Paraíso/SC,0.5
Desastres geo-hidrológicos,60060,Gestão de resíduos e limpeza pública,2015,,Presente,mid,Médio,#FFCD00,4767,Paramirim/BA,0.5
Desastres geo-hidrológicos,60060,Gestão de resíduos e limpeza pública,2015,,Presente,mid,Médio,#FFCD00,4946,Paranaíba/MS,0.5
Desastres geo-hidrológicos,60060,Gestão de resíduos e limpeza pública,2015,,Presente,mid,Médio,#FFCD00,2918,Paranaíta/MT,0.5
Desastres geo-hidrológicos,60060,Gestão de resíduos e limpeza pública,2015,,Presente,mid,Médio,#FFCD00,5227,Paranavaí/PR,0.5
Desastres geo-hidrológicos,60060,Gestão de resíduos e limpeza pública,2015,,Presente,mid,Médio,#FFCD00,1306,Paraopeba/MG,0.5
Desastres geo-hidrológicos,60060,Gestão de resíduos e limpeza pública,2015,,Presente,mid,Médio,#FFCD00,4112,Parari/PB,0.5
Desastres geo-hidrológicos,60060,Gestão de resíduos e limpeza pública,2015,,Presente,mid,Médio,#FFCD00,4768,Paratinga/BA,0.5
Desastres geo-hidrológicos,60060,Gestão de resíduos e limpeza pública,2015,,Presente,mid,Médio,#FFCD00,2771,Paraúna/GO,0.5
Desastres geo-hidrológicos,60060,Gestão de resíduos e limpeza pública,2015,,Presente,mid,Médio,#FFCD00,3906,Paraú/RN,0.5
Desastres geo-hidrológicos,60060,Gestão de resíduos e limpeza pública,2015,,Presente,mid,Médio,#FFCD00,3907,Parazinho/RN,0.5
Desastres geo-hidrológicos,60060,Gestão de resíduos e limpeza pública,2015,,Presente,mid,Médio,#FFCD00,5562,Parecis/RO,0.5
Desastres geo-hidrológicos,60060,Gestão de resíduos e limpeza pública,2015,,Presente,mid,Médio,#FFCD00,5504,Parintins/AM,0.5
Desastres geo-hidrológicos,60060,Gestão de resíduos e limpeza pública,2015,,Presente,mid,Médio,#FFCD00,4769,Paripiranga/BA,0.5
Desastres geo-hidrológicos,60060,Gestão de resíduos e limpeza pública,2015,,Presente,mid,Médio,#FFCD00,4456,Paripueira/AL,0.5
Desastres geo-hidrológicos,60060,Gestão de resíduos e limpeza pública,2015,,Presente,mid,Médio,#FFCD00,4320,Parnamirim/PE,0.5
Desastres geo-hidrológicos,60060,Gestão de resíduos e limpeza pública,2015,,Presente,mid,Médio,#FFCD00,2613,Parobé/RS,0.5
Desastres geo-hidrológicos,60060,Gestão de resíduos e limpeza pública,2015,,Presente,mid,Médio,#FFCD00,1307,Passabém/MG,0.5
Desastres geo-hidrológicos,60060,Gestão de resíduos e limpeza pública,2015,,Presente,mid,Médio,#FFCD00,3320,Passagem Franca/MA,0.5
Desastres geo-hidrológicos,60060,Gestão de resíduos e limpeza pública,2015,,Presente,mid,Médio,#FFCD00,4113,Passagem/PB,0.5
Desastres geo-hidrológicos,60060,Gestão de resíduos e limpeza pública,2015,,Presente,mid,Médio,#FFCD00,1308,Passa Quatro/MG,0.5
Desastres geo-hidrológicos,60060,Gestão de resíduos e limpeza pública,2015,,Presente,mid,Médio,#FFCD00,1309,Passa Tempo/MG,0.5
Desastres geo-hidrológicos,60060,Gestão de resíduos e limpeza pública,2015,,Presente,mid,Médio,#FFCD00,1310,Passa Vinte/MG,0.5
Desastres geo-hidrológicos,60060,Gestão de resíduos e limpeza pública,2015,,Presente,mid,Médio,#FFCD00,4321,Passira/PE,0.5
Desastres geo-hidrológicos,60060,Gestão de resíduos e limpeza pública,2015,,Presente,mid,Médio,#FFCD00,4457,Passo de Camaragibe/AL,0.5
Desastres geo-hidrológicos,60060,Gestão de resíduos e limpeza pública,2015,,Presente,mid,Médio,#FFCD00,5228,Pato Bragado/PR,0.5
Desastres geo-hidrológicos,60060,Gestão de resíduos e limpeza pública,2015,,Presente,mid,Médio,#FFCD00,1737,Paty do Alferes/RJ,0.5
Desastres geo-hidrológicos,60060,Gestão de resíduos e limpeza pública,2015,,Presente,mid,Médio,#FFCD00,732,Pau Brasil/BA,0.5
Desastres geo-hidrológicos,60060,Gestão de resíduos e limpeza pública,2015,,Presente,mid,Médio,#FFCD00,3557,Pau D'Arco do Piauí/PI,0.5
Desastres geo-hidrológicos,60060,Gestão de resíduos e limpeza pública,2015,,Presente,mid,Médio,#FFCD00,3005,Pau D'Arco/PA,0.5
Desastres geo-hidrológicos,60060,Gestão de resíduos e limpeza pública,2015,,Presente,mid,Médio,#FFCD00,1316,Paula Cândido/MG,0.5
Desastres geo-hidrológicos,60060,Gestão de resíduos e limpeza pública,2015,,Presente,mid,Médio,#FFCD00,13,Paulicéia/SP,0.5
Desastres geo-hidrológicos,60060,Gestão de resíduos e limpeza pública,2015,,Presente,mid,Médio,#FFCD00,4458,Paulo Jacinto/AL,0.5
Desastres geo-hidrológicos,60060,Gestão de resíduos e limpeza pública,2015,,Presente,mid,Médio,#FFCD00,2494,Paulo Lopes/SC,0.5
Desastres geo-hidrológicos,60060,Gestão de resíduos e limpeza pública,2015,,Presente,mid,Médio,#FFCD00,3323,Paulo Ramos/MA,0.5
Desastres geo-hidrológicos,60060,Gestão de resíduos e limpeza pública,2015,,Presente,mid,Médio,#FFCD00,1318,Pavão/MG,0.5
Desastres geo-hidrológicos,60060,Gestão de resíduos e limpeza pública,2015,,Presente,mid,Médio,#FFCD00,366,Paverama/RS,0.5
Desastres geo-hidrológicos,60060,Gestão de resíduos e limpeza pública,2015,,Presente,mid,Médio,#FFCD00,3559,Pavussu/PI,0.5
Desastres geo-hidrológicos,60060,Gestão de resíduos e limpeza pública,2015,,Presente,mid,Médio,#FFCD00,3764,Pedra Branca/CE,0.5
Desastres geo-hidrológicos,60060,Gestão de resíduos e limpeza pública,2015,,Presente,mid,Médio,#FFCD00,2885,Pedra Branca do Amapari/AP,0.5
Desastres geo-hidrológicos,60060,Gestão de resíduos e limpeza pública,2015,,Presente,mid,Médio,#FFCD00,4116,Pedra Branca/PB,0.5
Desastres geo-hidrológicos,60060,Gestão de resíduos e limpeza pública,2015,,Presente,mid,Médio,#FFCD00,1322,Pedra do Anta/MG,0.5
Desastres geo-hidrológicos,60060,Gestão de resíduos e limpeza pública,2015,,Presente,mid,Médio,#FFCD00,3915,Pedra Grande/RN,0.5
Desastres geo-hidrológicos,60060,Gestão de resíduos e limpeza pública,2015,,Presente,mid,Médio,#FFCD00,4117,Pedra Lavrada/PB,0.5
Desastres geo-hidrológicos,60060,Gestão de resíduos e limpeza pública,2015,,Presente,mid,Médio,#FFCD00,4537,Pedra Mole/SE,0.5
Desastres geo-hidrológicos,60060,Gestão de resíduos e limpeza pública,2015,,Presente,mid,Médio,#FFCD00,4324,Pedra/PE,0.5
Desastres geo-hidrológicos,60060,Gestão de resíduos e limpeza pública,2015,,Presente,mid,Médio,#FFCD00,633,Pedra Preta/MT,0.5
Desastres geo-hidrológicos,60060,Gestão de resíduos e limpeza pública,2015,,Presente,mid,Médio,#FFCD00,1326,Pedras de Maria da Cruz/MG,0.5
Desastres geo-hidrológicos,60060,Gestão de resíduos e limpeza pública,2015,,Presente,mid,Médio,#FFCD00,3141,Pedro Afonso/TO,0.5
Desastres geo-hidrológicos,60060,Gestão de resíduos e limpeza pública,2015,,Presente,mid,Médio,#FFCD00,3917,Pedro Avelino/RN,0.5
Desastres geo-hidrológicos,60060,Gestão de resíduos e limpeza pública,2015,,Presente,mid,Médio,#FFCD00,1660,Pedro Canário/ES,0.5
Desastres geo-hidrológicos,60060,Gestão de resíduos e limpeza pública,2015,,Presente,mid,Médio,#FFCD00,3918,Pedro Velho/RN,0.5
Desastres geo-hidrológicos,60060,Gestão de resíduos e limpeza pública,2015,,Presente,mid,Médio,#FFCD00,3006,Peixe-Boi/PA,0.5
Desastres geo-hidrológicos,60060,Gestão de resíduos e limpeza pública,2015,,Presente,mid,Médio,#FFCD00,369,Pejuçara/RS,0.5
Desastres geo-hidrológicos,60060,Gestão de resíduos e limpeza pública,2015,,Presente,mid,Médio,#FFCD00,3326,Penalva/MA,0.5
Desastres geo-hidrológicos,60060,Gestão de resíduos e limpeza pública,2015,,Presente,mid,Médio,#FFCD00,3919,Pendências/RN,0.5
Desastres geo-hidrológicos,60060,Gestão de resíduos e limpeza pública,2015,,Presente,mid,Médio,#FFCD00,2496,Penha/SC,0.5
Desastres geo-hidrológicos,60060,Gestão de resíduos e limpeza pública,2015,,Presente,mid,Médio,#FFCD00,1330,Pequeri/MG,0.5
Desastres geo-hidrológicos,60060,Gestão de resíduos e limpeza pública,2015,,Presente,mid,Médio,#FFCD00,1331,Pequi/MG,0.5
Desastres geo-hidrológicos,60060,Gestão de resíduos e limpeza pública,2015,,Presente,mid,Médio,#FFCD00,1332,Perdigão/MG,0.5
Desastres geo-hidrológicos,60060,Gestão de resíduos e limpeza pública,2015,,Presente,mid,Médio,#FFCD00,1334,Perdões/MG,0.5
Desastres geo-hidrológicos,60060,Gestão de resíduos e limpeza pública,2015,,Presente,mid,Médio,#FFCD00,3328,Peritoró/MA,0.5
Desastres geo-hidrológicos,60060,Gestão de resíduos e limpeza pública,2015,,Presente,mid,Médio,#FFCD00,5231,Perobal/PR,0.5
Desastres geo-hidrológicos,60060,Gestão de resíduos e limpeza pública,2015,,Presente,mid,Médio,#FFCD00,1336,Pescador/MG,0.5
Desastres geo-hidrológicos,60060,Gestão de resíduos e limpeza pública,2015,,Presente,mid,Médio,#FFCD00,4326,Petrolândia/PE,0.5
Desastres geo-hidrológicos,60060,Gestão de resíduos e limpeza pública,2015,,Presente,mid,Médio,#FFCD00,2498,Petrolândia/SC,0.5
Desastres geo-hidrológicos,60060,Gestão de resíduos e limpeza pública,2015,,Presente,mid,Médio,#FFCD00,2772,Petrolina de Goiás/GO,0.5
Desastres geo-hidrológicos,60060,Gestão de resíduos e limpeza pública,2015,,Presente,mid,Médio,#FFCD00,1738,Petrópolis/RJ,0.5
Desastres geo-hidrológicos,60060,Gestão de resíduos e limpeza pública,2015,,Presente,mid,Médio,#FFCD00,4460,Piaçabuçu/AL,0.5
Desastres geo-hidrológicos,60060,Gestão de resíduos e limpeza pública,2015,,Presente,mid,Médio,#FFCD00,1339,Piedade de Ponte Nova/MG,0.5
Desastres geo-hidrológicos,60060,Gestão de resíduos e limpeza pública,2015,,Presente,mid,Médio,#FFCD00,1340,Piedade do Rio Grande/MG,0.5
Desastres geo-hidrológicos,60060,Gestão de resíduos e limpeza pública,2015,,Presente,mid,Médio,#FFCD00,1341,Piedade dos Gerais/MG,0.5
Desastres geo-hidrológicos,60060,Gestão de resíduos e limpeza pública,2015,,Presente,mid,Médio,#FFCD00,2176,Piedade/SP,0.5
Desastres geo-hidrológicos,60060,Gestão de resíduos e limpeza pública,2015,,Presente,mid,Médio,#FFCD00,5023,Pilar de Goiás/GO,0.5
Desastres geo-hidrológicos,60060,Gestão de resíduos e limpeza pública,2015,,Presente,mid,Médio,#FFCD00,2177,Pilar do Sul/SP,0.5
Desastres geo-hidrológicos,60060,Gestão de resíduos e limpeza pública,2015,,Presente,mid,Médio,#FFCD00,4121,Pilar/PB,0.5
Desastres geo-hidrológicos,60060,Gestão de resíduos e limpeza pública,2015,,Presente,mid,Médio,#FFCD00,3920,Pilões/RN,0.5
Desastres geo-hidrológicos,60060,Gestão de resíduos e limpeza pública,2015,,Presente,mid,Médio,#FFCD00,4123,Pilõezinhos/PB,0.5
Desastres geo-hidrológicos,60060,Gestão de resíduos e limpeza pública,2015,,Presente,mid,Médio,#FFCD00,1342,Pimenta/MG,0.5
Desastres geo-hidrológicos,60060,Gestão de resíduos e limpeza pública,2015,,Presente,mid,Médio,#FFCD00,5563,Pimenteiras do Oeste/RO,0.5
Desastres geo-hidrológicos,60060,Gestão de resíduos e limpeza pública,2015,,Presente,mid,Médio,#FFCD00,733,Pindaí/BA,0.5
Desastres geo-hidrológicos,60060,Gestão de resíduos e limpeza pública,2015,,Presente,mid,Médio,#FFCD00,3329,Pindaré-Mirim/MA,0.5
Desastres geo-hidrológicos,60060,Gestão de resíduos e limpeza pública,2015,,Presente,mid,Médio,#FFCD00,4776,Pindobaçu/BA,0.5
Desastres geo-hidrológicos,60060,Gestão de resíduos e limpeza pública,2015,,Presente,mid,Médio,#FFCD00,3768,Pindoretama/CE,0.5
Desastres geo-hidrológicos,60060,Gestão de resíduos e limpeza pública,2015,,Presente,mid,Médio,#FFCD00,5384,Pinhalão/PR,0.5
Desastres geo-hidrológicos,60060,Gestão de resíduos e limpeza pública,2015,,Presente,mid,Médio,#FFCD00,2615,Pinhal da Serra/RS,0.5
Desastres geo-hidrológicos,60060,Gestão de resíduos e limpeza pública,2015,,Presente,mid,Médio,#FFCD00,372,Pinhal Grande/RS,0.5
Desastres geo-hidrológicos,60060,Gestão de resíduos e limpeza pública,2015,,Presente,mid,Médio,#FFCD00,5451,Pinhão/PR,0.5
Desastres geo-hidrológicos,60060,Gestão de resíduos e limpeza pública,2015,,Presente,mid,Médio,#FFCD00,1739,Pinheiral/RJ,0.5
Desastres geo-hidrológicos,60060,Gestão de resíduos e limpeza pública,2015,,Presente,mid,Médio,#FFCD00,4940,Pinto Bandeira/RS,0.5
Desastres geo-hidrológicos,60060,Gestão de resíduos e limpeza pública,2015,,Presente,mid,Médio,#FFCD00,1344,Pintópolis/MG,0.5
Desastres geo-hidrológicos,60060,Gestão de resíduos e limpeza pública,2015,,Presente,mid,Médio,#FFCD00,2182,Piracaia/SP,0.5
Desastres geo-hidrológicos,60060,Gestão de resíduos e limpeza pública,2015,,Presente,mid,Médio,#FFCD00,1740,Piraí/RJ,0.5
Desastres geo-hidrológicos,60060,Gestão de resíduos e limpeza pública,2015,,Presente,mid,Médio,#FFCD00,4540,Pirambu/SE,0.5
Desastres geo-hidrológicos,60060,Gestão de resíduos e limpeza pública,2015,,Presente,mid,Médio,#FFCD00,4463,Piranhas/AL,0.5
Desastres geo-hidrológicos,60060,Gestão de resíduos e limpeza pública,2015,,Presente,mid,Médio,#FFCD00,666,Piranhas/GO,0.5
Desastres geo-hidrológicos,60060,Gestão de resíduos e limpeza pública,2015,,Presente,mid,Médio,#FFCD00,1350,Pirapetinga/MG,0.5
Desastres geo-hidrológicos,60060,Gestão de resíduos e limpeza pública,2015,,Presente,mid,Médio,#FFCD00,2187,Pirapora do Bom Jesus/SP,0.5
Desastres geo-hidrológicos,60060,Gestão de resíduos e limpeza pública,2015,,Presente,mid,Médio,#FFCD00,3146,Piraquê/TO,0.5
Desastres geo-hidrológicos,60060,Gestão de resíduos e limpeza pública,2015,,Presente,mid,Médio,#FFCD00,2774,Pirenópolis/GO,0.5
Desastres geo-hidrológicos,60060,Gestão de resíduos e limpeza pública,2015,,Presente,mid,Médio,#FFCD00,3770,Pires Ferreira/CE,0.5
Desastres geo-hidrológicos,60060,Gestão de resíduos e limpeza pública,2015,,Presente,mid,Médio,#FFCD00,734,Piripá/BA,0.5
Desastres geo-hidrológicos,60060,Gestão de resíduos e limpeza pública,2015,,Presente,mid,Médio,#FFCD00,4779,Piritiba/BA,0.5
Desastres geo-hidrológicos,60060,Gestão de resíduos e limpeza pública,2015,,Presente,mid,Médio,#FFCD00,1354,Piumhi/MG,0.5
Desastres geo-hidrológicos,60060,Gestão de resíduos e limpeza pública,2015,,Presente,mid,Médio,#FFCD00,4780,Planaltino/BA,0.5
Desastres geo-hidrológicos,60060,Gestão de resíduos e limpeza pública,2015,,Presente,mid,Médio,#FFCD00,735,Planalto/BA,0.5
Desastres geo-hidrológicos,60060,Gestão de resíduos e limpeza pública,2015,,Presente,mid,Médio,#FFCD00,634,Planalto da Serra/MT,0.5
Desastres geo-hidrológicos,60060,Gestão de resíduos e limpeza pública,2015,,Presente,mid,Médio,#FFCD00,377,Planalto/RS,0.5
Desastres geo-hidrológicos,60060,Gestão de resíduos e limpeza pública,2015,,Presente,mid,Médio,#FFCD00,2191,Planalto/SP,0.5
Desastres geo-hidrológicos,60060,Gestão de resíduos e limpeza pública,2015,,Presente,mid,Médio,#FFCD00,1355,Planura/MG,0.5
Desastres geo-hidrológicos,60060,Gestão de resíduos e limpeza pública,2015,,Presente,mid,Médio,#FFCD00,3333,Poção de Pedras/MA,0.5
Desastres geo-hidrológicos,60060,Gestão de resíduos e limpeza pública,2015,,Presente,mid,Médio,#FFCD00,4328,Poção/PE,0.5
Desastres geo-hidrológicos,60060,Gestão de resíduos e limpeza pública,2015,,Presente,mid,Médio,#FFCD00,3921,Poço Branco/RN,0.5
Desastres geo-hidrológicos,60060,Gestão de resíduos e limpeza pública,2015,,Presente,mid,Médio,#FFCD00,4127,Poço Dantas/PB,0.5
Desastres geo-hidrológicos,60060,Gestão de resíduos e limpeza pública,2015,,Presente,mid,Médio,#FFCD00,4128,Poço de José de Moura/PB,0.5
Desastres geo-hidrológicos,60060,Gestão de resíduos e limpeza pública,2015,,Presente,mid,Médio,#FFCD00,736,Poções/BA,0.5
Desastres geo-hidrológicos,60060,Gestão de resíduos e limpeza pública,2015,,Presente,mid,Médio,#FFCD00,635,Poconé/MT,0.5
Desastres geo-hidrológicos,60060,Gestão de resíduos e limpeza pública,2015,,Presente,mid,Médio,#FFCD00,4329,Pombos/PE,0.5
Desastres geo-hidrológicos,60060,Gestão de resíduos e limpeza pública,2015,,Presente,mid,Médio,#FFCD00,5387,Ponta Grossa/PR,0.5
Desastres geo-hidrológicos,60060,Gestão de resíduos e limpeza pública,2015,,Presente,mid,Médio,#FFCD00,3149,Ponte Alta do Tocantins/TO,0.5
Desastres geo-hidrológicos,60060,Gestão de resíduos e limpeza pública,2015,,Presente,mid,Médio,#FFCD00,2502,Ponte Alta/SC,0.5
Desastres geo-hidrológicos,60060,Gestão de resíduos e limpeza pública,2015,,Presente,mid,Médio,#FFCD00,637,Ponte Branca/MT,0.5
Desastres geo-hidrológicos,60060,Gestão de resíduos e limpeza pública,2015,,Presente,mid,Médio,#FFCD00,1360,Ponte Nova/MG,0.5
Desastres geo-hidrológicos,60060,Gestão de resíduos e limpeza pública,2015,,Presente,mid,Médio,#FFCD00,96,Ponte Serrada/SC,0.5
Desastres geo-hidrológicos,60060,Gestão de resíduos e limpeza pública,2015,,Presente,mid,Médio,#FFCD00,2199,Pontes Gestal/SP,0.5
Desastres geo-hidrológicos,60060,Gestão de resíduos e limpeza pública,2015,,Presente,mid,Médio,#FFCD00,1361,Ponto Chique/MG,0.5
Desastres geo-hidrológicos,60060,Gestão de resíduos e limpeza pública,2015,,Presente,mid,Médio,#FFCD00,1362,Ponto dos Volantes/MG,0.5
Desastres geo-hidrológicos,60060,Gestão de resíduos e limpeza pública,2015,,Presente,mid,Médio,#FFCD00,4782,Ponto Novo/BA,0.5
Desastres geo-hidrológicos,60060,Gestão de resíduos e limpeza pública,2015,,Presente,mid,Médio,#FFCD00,2201,Porangaba/SP,0.5
Desastres geo-hidrológicos,60060,Gestão de resíduos e limpeza pública,2015,,Presente,mid,Médio,#FFCD00,3771,Poranga/CE,0.5
Desastres geo-hidrológicos,60060,Gestão de resíduos e limpeza pública,2015,,Presente,mid,Médio,#FFCD00,5452,Porecatu/PR,0.5
Desastres geo-hidrológicos,60060,Gestão de resíduos e limpeza pública,2015,,Presente,mid,Médio,#FFCD00,3922,Portalegre/RN,0.5
Desastres geo-hidrológicos,60060,Gestão de resíduos e limpeza pública,2015,,Presente,mid,Médio,#FFCD00,2616,Portão/RS,0.5
Desastres geo-hidrológicos,60060,Gestão de resíduos e limpeza pública,2015,,Presente,mid,Médio,#FFCD00,1363,Porteirinha/MG,0.5
Desastres geo-hidrológicos,60060,Gestão de resíduos e limpeza pública,2015,,Presente,mid,Médio,#FFCD00,5035,Portel/PA,0.5
Desastres geo-hidrológicos,60060,Gestão de resíduos e limpeza pública,2015,,Presente,mid,Médio,#FFCD00,2842,Porto Acre/AC,0.5
Desastres geo-hidrológicos,60060,Gestão de resíduos e limpeza pública,2015,,Presente,mid,Médio,#FFCD00,5055,Porto Alegre do Norte/MT,0.5
Desastres geo-hidrológicos,60060,Gestão de resíduos e limpeza pública,2015,,Presente,mid,Médio,#FFCD00,3569,Porto Alegre do Piauí/PI,0.5
Desastres geo-hidrológicos,60060,Gestão de resíduos e limpeza pública,2015,,Presente,mid,Médio,#FFCD00,5239,Porto Barreiro/PR,0.5
Desastres geo-hidrológicos,60060,Gestão de resíduos e limpeza pública,2015,,Presente,mid,Médio,#FFCD00,4543,Porto da Folha/SE,0.5
Desastres geo-hidrológicos,60060,Gestão de resíduos e limpeza pública,2015,,Presente,mid,Médio,#FFCD00,2876,Porto de Moz/PA,0.5
Desastres geo-hidrológicos,60060,Gestão de resíduos e limpeza pública,2015,,Presente,mid,Médio,#FFCD00,4466,Porto de Pedras/AL,0.5
Desastres geo-hidrológicos,60060,Gestão de resíduos e limpeza pública,2015,,Presente,mid,Médio,#FFCD00,2920,Porto dos Gaúchos/MT,0.5
Desastres geo-hidrológicos,60060,Gestão de resíduos e limpeza pública,2015,,Presente,mid,Médio,#FFCD00,1364,Porto Firme/MG,0.5
Desastres geo-hidrológicos,60060,Gestão de resíduos e limpeza pública,2015,,Presente,mid,Médio,#FFCD00,5045,Porto Grande/AP,0.5
Desastres geo-hidrológicos,60060,Gestão de resíduos e limpeza pública,2015,,Presente,mid,Médio,#FFCD00,381,Porto Lucena/RS,0.5
Desastres geo-hidrológicos,60060,Gestão de resíduos e limpeza pública,2015,,Presente,mid,Médio,#FFCD00,1742,Porto Real/RJ,0.5
Desastres geo-hidrológicos,60060,Gestão de resíduos e limpeza pública,2015,,Presente,mid,Médio,#FFCD00,737,Porto Seguro/BA,0.5
Desastres geo-hidrológicos,60060,Gestão de resíduos e limpeza pública,2015,,Presente,mid,Médio,#FFCD00,5024,Posse/GO,0.5
Desastres geo-hidrológicos,60060,Gestão de resíduos e limpeza pública,2015,,Presente,mid,Médio,#FFCD00,3773,Potengi/CE,0.5
Desastres geo-hidrológicos,60060,Gestão de resíduos e limpeza pública,2015,,Presente,mid,Médio,#FFCD00,738,Potiraguá/BA,0.5
Desastres geo-hidrológicos,60060,Gestão de resíduos e limpeza pública,2015,,Presente,mid,Médio,#FFCD00,2205,Potirendaba/SP,0.5
Desastres geo-hidrológicos,60060,Gestão de resíduos e limpeza pública,2015,,Presente,mid,Médio,#FFCD00,385,Pouso Novo/RS,0.5
Desastres geo-hidrológicos,60060,Gestão de resíduos e limpeza pública,2015,,Presente,mid,Médio,#FFCD00,641,Poxoréu/MT,0.5
Desastres geo-hidrológicos,60060,Gestão de resíduos e limpeza pública,2015,,Presente,mid,Médio,#FFCD00,2206,Pracinha/SP,0.5
Desastres geo-hidrológicos,60060,Gestão de resíduos e limpeza pública,2015,,Presente,mid,Médio,#FFCD00,5046,Pracuúba/AP,0.5
Desastres geo-hidrológicos,60060,Gestão de resíduos e limpeza pública,2015,,Presente,mid,Médio,#FFCD00,739,Prado/BA,0.5
Desastres geo-hidrológicos,60060,Gestão de resíduos e limpeza pública,2015,,Presente,mid,Médio,#FFCD00,2507,Praia Grande/SC,0.5
Desastres geo-hidrológicos,60060,Gestão de resíduos e limpeza pública,2015,,Presente,mid,Médio,#FFCD00,3570,Prata do Piauí/PI,0.5
Desastres geo-hidrológicos,60060,Gestão de resíduos e limpeza pública,2015,,Presente,mid,Médio,#FFCD00,4130,Prata/PB,0.5
Desastres geo-hidrológicos,60060,Gestão de resíduos e limpeza pública,2015,,Presente,mid,Médio,#FFCD00,1371,Pratinha/MG,0.5
Desastres geo-hidrológicos,60060,Gestão de resíduos e limpeza pública,2015,,Presente,mid,Médio,#FFCD00,2210,Presidente Alves/SP,0.5
Desastres geo-hidrológicos,60060,Gestão de resíduos e limpeza pública,2015,,Presente,mid,Médio,#FFCD00,1372,Presidente Bernardes/MG,0.5
Desastres geo-hidrológicos,60060,Gestão de resíduos e limpeza pública,2015,,Presente,mid,Médio,#FFCD00,15,Presidente Bernardes/SP,0.5
Desastres geo-hidrológicos,60060,Gestão de resíduos e limpeza pública,2015,,Presente,mid,Médio,#FFCD00,3336,Presidente Dutra/MA,0.5
Desastres geo-hidrológicos,60060,Gestão de resíduos e limpeza pública,2015,,Presente,mid,Médio,#FFCD00,16,Presidente Epitácio/SP,0.5
Desastres geo-hidrológicos,60060,Gestão de resíduos e limpeza pública,2015,,Presente,mid,Médio,#FFCD00,2508,Presidente Getúlio/SC,0.5
Desastres geo-hidrológicos,60060,Gestão de resíduos e limpeza pública,2015,,Presente,mid,Médio,#FFCD00,740,Presidente Jânio Quadros/BA,0.5
Desastres geo-hidrológicos,60060,Gestão de resíduos e limpeza pública,2015,,Presente,mid,Médio,#FFCD00,3337,Presidente Juscelino/MA,0.5
Desastres geo-hidrológicos,60060,Gestão de resíduos e limpeza pública,2015,,Presente,mid,Médio,#FFCD00,1373,Presidente Juscelino/MG,0.5
Desastres geo-hidrológicos,60060,Gestão de resíduos e limpeza pública,2015,,Presente,mid,Médio,#FFCD00,5538,Presidente Médici/RO,0.5
Desastres geo-hidrológicos,60060,Gestão de resíduos e limpeza pública,2015,,Presente,mid,Médio,#FFCD00,4784,Presidente Tancredo Neves/BA,0.5
Desastres geo-hidrológicos,60060,Gestão de resíduos e limpeza pública,2015,,Presente,mid,Médio,#FFCD00,3340,Presidente Vargas/MA,0.5
Desastres geo-hidrológicos,60060,Gestão de resíduos e limpeza pública,2015,,Presente,mid,Médio,#FFCD00,17,Presidente Venceslau/SP,0.5
Desastres geo-hidrológicos,60060,Gestão de resíduos e limpeza pública,2015,,Presente,mid,Médio,#FFCD00,5564,Primavera de Rondônia/RO,0.5
Desastres geo-hidrológicos,60060,Gestão de resíduos e limpeza pública,2015,,Presente,mid,Médio,#FFCD00,3009,Primavera/PA,0.5
Desastres geo-hidrológicos,60060,Gestão de resíduos e limpeza pública,2015,,Presente,mid,Médio,#FFCD00,5391,Primeiro de Maio/PR,0.5
Desastres geo-hidrológicos,60060,Gestão de resíduos e limpeza pública,2015,,Presente,mid,Médio,#FFCD00,4131,Princesa Isabel/PB,0.5
Desastres geo-hidrológicos,60060,Gestão de resíduos e limpeza pública,2015,,Presente,mid,Médio,#FFCD00,98,Princesa/SC,0.5
Desastres geo-hidrológicos,60060,Gestão de resíduos e limpeza pública,2015,,Presente,mid,Médio,#FFCD00,4544,Propriá/SE,0.5
Desastres geo-hidrológicos,60060,Gestão de resíduos e limpeza pública,2015,,Presente,mid,Médio,#FFCD00,4132,Puxinanã/PB,0.5
Desastres geo-hidrológicos,60060,Gestão de resíduos e limpeza pública,2015,,Presente,mid,Médio,#FFCD00,389,Quaraí/RS,0.5
Desastres geo-hidrológicos,60060,Gestão de resíduos e limpeza pública,2015,,Presente,mid,Médio,#FFCD00,3010,Quatipuru/PA,0.5
Desastres geo-hidrológicos,60060,Gestão de resíduos e limpeza pública,2015,,Presente,mid,Médio,#FFCD00,1743,Quatis/RJ,0.5
Desastres geo-hidrológicos,60060,Gestão de resíduos e limpeza pública,2015,,Presente,mid,Médio,#FFCD00,5394,Quatro Barras/PR,0.5
Desastres geo-hidrológicos,60060,Gestão de resíduos e limpeza pública,2015,,Presente,mid,Médio,#FFCD00,1379,Queluzito/MG,0.5
Desastres geo-hidrológicos,60060,Gestão de resíduos e limpeza pública,2015,,Presente,mid,Médio,#FFCD00,2215,Queluz/SP,0.5
Desastres geo-hidrológicos,60060,Gestão de resíduos e limpeza pública,2015,,Presente,mid,Médio,#FFCD00,5247,Quinta do Sol/PR,0.5
Desastres geo-hidrológicos,60060,Gestão de resíduos e limpeza pública,2015,,Presente,mid,Médio,#FFCD00,4331,Quipapá/PE,0.5
Desastres geo-hidrológicos,60060,Gestão de resíduos e limpeza pública,2015,,Presente,mid,Médio,#FFCD00,2780,Quirinópolis/GO,0.5
Desastres geo-hidrológicos,60060,Gestão de resíduos e limpeza pública,2015,,Presente,mid,Médio,#FFCD00,1745,Quissamã/RJ,0.5
Desastres geo-hidrológicos,60060,Gestão de resíduos e limpeza pública,2015,,Presente,mid,Médio,#FFCD00,5395,Quitandinha/PR,0.5
Desastres geo-hidrológicos,60060,Gestão de resíduos e limpeza pública,2015,,Presente,mid,Médio,#FFCD00,3775,Quiterianópolis/CE,0.5
Desastres geo-hidrológicos,60060,Gestão de resíduos e limpeza pública,2015,,Presente,mid,Médio,#FFCD00,4134,Quixaba/PB,0.5
Desastres geo-hidrológicos,60060,Gestão de resíduos e limpeza pública,2015,,Presente,mid,Médio,#FFCD00,4332,Quixaba/PE,0.5
Desastres geo-hidrológicos,60060,Gestão de resíduos e limpeza pública,2015,,Presente,mid,Médio,#FFCD00,3777,Quixelô/CE,0.5
Desastres geo-hidrológicos,60060,Gestão de resíduos e limpeza pública,2015,,Presente,mid,Médio,#FFCD00,3927,Rafael Godeiro/RN,0.5
Desastres geo-hidrológicos,60060,Gestão de resíduos e limpeza pública,2015,,Presente,mid,Médio,#FFCD00,5248,Ramilândia/PR,0.5
Desastres geo-hidrológicos,60060,Gestão de resíduos e limpeza pública,2015,,Presente,mid,Médio,#FFCD00,2218,Rancharia/SP,0.5
Desastres geo-hidrológicos,60060,Gestão de resíduos e limpeza pública,2015,,Presente,mid,Médio,#FFCD00,5249,Rancho Alegre D'Oeste/PR,0.5
Desastres geo-hidrológicos,60060,Gestão de resíduos e limpeza pública,2015,,Presente,mid,Médio,#FFCD00,5396,Rancho Alegre/PR,0.5
Desastres geo-hidrológicos,60060,Gestão de resíduos e limpeza pública,2015,,Presente,mid,Médio,#FFCD00,3342,Raposa/MA,0.5
Desastres geo-hidrológicos,60060,Gestão de resíduos e limpeza pública,2015,,Presente,mid,Médio,#FFCD00,1380,Raposos/MG,0.5
Desastres geo-hidrológicos,60060,Gestão de resíduos e limpeza pública,2015,,Presente,mid,Médio,#FFCD00,1382,Recreio/MG,0.5
Desastres geo-hidrológicos,60060,Gestão de resíduos e limpeza pública,2015,,Presente,mid,Médio,#FFCD00,3572,Redenção do Gurguéia/PI,0.5
Desastres geo-hidrológicos,60060,Gestão de resíduos e limpeza pública,2015,,Presente,mid,Médio,#FFCD00,2220,Regente Feijó/SP,0.5
Desastres geo-hidrológicos,60060,Gestão de resíduos e limpeza pública,2015,,Presente,mid,Médio,#FFCD00,4135,Remígio/PB,0.5
Desastres geo-hidrológicos,60060,Gestão de resíduos e limpeza pública,2015,,Presente,mid,Médio,#FFCD00,644,Reserva do Cabaçal/MT,0.5
Desastres geo-hidrológicos,60060,Gestão de resíduos e limpeza pública,2015,,Presente,mid,Médio,#FFCD00,1386,Ressaquinha/MG,0.5
Desastres geo-hidrológicos,60060,Gestão de resíduos e limpeza pública,2015,,Presente,mid,Médio,#FFCD00,4790,Retirolândia/BA,0.5
Desastres geo-hidrológicos,60060,Gestão de resíduos e limpeza pública,2015,,Presente,mid,Médio,#FFCD00,4791,Riachão das Neves/BA,0.5
Desastres geo-hidrológicos,60060,Gestão de resíduos e limpeza pública,2015,,Presente,mid,Médio,#FFCD00,4138,Riachão do Bacamarte/PB,0.5
Desastres geo-hidrológicos,60060,Gestão de resíduos e limpeza pública,2015,,Presente,mid,Médio,#FFCD00,4792,Riachão do Jacuípe/BA,0.5
Desastres geo-hidrológicos,60060,Gestão de resíduos e limpeza pública,2015,,Presente,mid,Médio,#FFCD00,4139,Riachão do Poço/PB,0.5
Desastres geo-hidrológicos,60060,Gestão de resíduos e limpeza pública,2015,,Presente,mid,Médio,#FFCD00,4137,Riachão/PB,0.5
Desastres geo-hidrológicos,60060,Gestão de resíduos e limpeza pública,2015,,Presente,mid,Médio,#FFCD00,4334,Riacho das Almas/PE,0.5
Desastres geo-hidrológicos,60060,Gestão de resíduos e limpeza pública,2015,,Presente,mid,Médio,#FFCD00,4793,Riacho de Santana/BA,0.5
Desastres geo-hidrológicos,60060,Gestão de resíduos e limpeza pública,2015,,Presente,mid,Médio,#FFCD00,3929,Riacho de Santana/RN,0.5
Desastres geo-hidrológicos,60060,Gestão de resíduos e limpeza pública,2015,,Presente,mid,Médio,#FFCD00,4141,Riacho dos Cavalos/PB,0.5
Desastres geo-hidrológicos,60060,Gestão de resíduos e limpeza pública,2015,,Presente,mid,Médio,#FFCD00,1388,Riacho dos Machados/MG,0.5
Desastres geo-hidrológicos,60060,Gestão de resíduos e limpeza pública,2015,,Presente,mid,Médio,#FFCD00,3574,Riacho Frio/PI,0.5
Desastres geo-hidrológicos,60060,Gestão de resíduos e limpeza pública,2015,,Presente,mid,Médio,#FFCD00,2782,Rianápolis/GO,0.5
Desastres geo-hidrológicos,60060,Gestão de resíduos e limpeza pública,2015,,Presente,mid,Médio,#FFCD00,583,Ribas do Rio Pardo/MS,0.5
Desastres geo-hidrológicos,60060,Gestão de resíduos e limpeza pública,2015,,Presente,mid,Médio,#FFCD00,4794,Ribeira do Amparo/BA,0.5
Desastres geo-hidrológicos,60060,Gestão de resíduos e limpeza pública,2015,,Presente,mid,Médio,#FFCD00,4795,Ribeira do Pombal/BA,0.5
Desastres geo-hidrológicos,60060,Gestão de resíduos e limpeza pública,2015,,Presente,mid,Médio,#FFCD00,2225,Ribeirão Bonito/SP,0.5
Desastres geo-hidrológicos,60060,Gestão de resíduos e limpeza pública,2015,,Presente,mid,Médio,#FFCD00,2226,Ribeirão Branco/SP,0.5
Desastres geo-hidrológicos,60060,Gestão de resíduos e limpeza pública,2015,,Presente,mid,Médio,#FFCD00,18,Ribeirão dos Índios/SP,0.5
Desastres geo-hidrológicos,60060,Gestão de resíduos e limpeza pública,2015,,Presente,mid,Médio,#FFCD00,2228,Ribeirão do Sul/SP,0.5
Desastres geo-hidrológicos,60060,Gestão de resíduos e limpeza pública,2015,,Presente,mid,Médio,#FFCD00,4335,Ribeirão/PE,0.5
Desastres geo-hidrológicos,60060,Gestão de resíduos e limpeza pública,2015,,Presente,mid,Médio,#FFCD00,1390,Ribeirão Vermelho/MG,0.5
Desastres geo-hidrológicos,60060,Gestão de resíduos e limpeza pública,2015,,Presente,mid,Médio,#FFCD00,3576,Ribeiro Gonçalves/PI,0.5
Desastres geo-hidrológicos,60060,Gestão de resíduos e limpeza pública,2015,,Presente,mid,Médio,#FFCD00,4547,Ribeirópolis/SE,0.5
Desastres geo-hidrológicos,60060,Gestão de resíduos e limpeza pública,2015,,Presente,mid,Médio,#FFCD00,1391,Rio Acima/MG,0.5
Desastres geo-hidrológicos,60060,Gestão de resíduos e limpeza pública,2015,,Presente,mid,Médio,#FFCD00,5401,Rio Azul/PR,0.5
Desastres geo-hidrológicos,60060,Gestão de resíduos e limpeza pública,2015,,Presente,mid,Médio,#FFCD00,1665,Rio Bananal/ES,0.5
Desastres geo-hidrológicos,60060,Gestão de resíduos e limpeza pública,2015,,Presente,mid,Médio,#FFCD00,1747,Rio Bonito/RJ,0.5
Desastres geo-hidrológicos,60060,Gestão de resíduos e limpeza pública,2015,,Presente,mid,Médio,#FFCD00,5402,Rio Branco do Sul/PR,0.5
Desastres geo-hidrológicos,60060,Gestão de resíduos e limpeza pública,2015,,Presente,mid,Médio,#FFCD00,646,Rio Branco/MT,0.5
Desastres geo-hidrológicos,60060,Gestão de resíduos e limpeza pública,2015,,Presente,mid,Médio,#FFCD00,584,Rio Brilhante/MS,0.5
Desastres geo-hidrológicos,60060,Gestão de resíduos e limpeza pública,2015,,Presente,mid,Médio,#FFCD00,1748,Rio Claro/RJ,0.5
Desastres geo-hidrológicos,60060,Gestão de resíduos e limpeza pública,2015,,Presente,mid,Médio,#FFCD00,5539,Rio Crespo/RO,0.5
Desastres geo-hidrológicos,60060,Gestão de resíduos e limpeza pública,2015,,Presente,mid,Médio,#FFCD00,3157,Rio da Conceição/TO,0.5
Desastres geo-hidrológicos,60060,Gestão de resíduos e limpeza pública,2015,,Presente,mid,Médio,#FFCD00,1749,Rio das Flores/RJ,0.5
Desastres geo-hidrológicos,60060,Gestão de resíduos e limpeza pública,2015,,Presente,mid,Médio,#FFCD00,1750,Rio das Ostras/RJ,0.5
Desastres geo-hidrológicos,60060,Gestão de resíduos e limpeza pública,2015,,Presente,mid,Médio,#FFCD00,4796,Rio de Contas/BA,0.5
Desastres geo-hidrológicos,60060,Gestão de resíduos e limpeza pública,2015,,Presente,mid,Médio,#FFCD00,5006,Rio do Antônio/BA,0.5
Desastres geo-hidrológicos,60060,Gestão de resíduos e limpeza pública,2015,,Presente,mid,Médio,#FFCD00,1394,Rio do Prado/MG,0.5
Desastres geo-hidrológicos,60060,Gestão de resíduos e limpeza pública,2015,,Presente,mid,Médio,#FFCD00,2514,Rio dos Cedros/SC,0.5
Desastres geo-hidrológicos,60060,Gestão de resíduos e limpeza pública,2015,,Presente,mid,Médio,#FFCD00,1395,Rio Espera/MG,0.5
Desastres geo-hidrológicos,60060,Gestão de resíduos e limpeza pública,2015,,Presente,mid,Médio,#FFCD00,2239,Riolândia/SP,0.5
Desastres geo-hidrológicos,60060,Gestão de resíduos e limpeza pública,2015,,Presente,mid,Médio,#FFCD00,1396,Rio Manso/MG,0.5
Desastres geo-hidrológicos,60060,Gestão de resíduos e limpeza pública,2015,,Presente,mid,Médio,#FFCD00,3012,Rio Maria/PA,0.5
Desastres geo-hidrológicos,60060,Gestão de resíduos e limpeza pública,2015,,Presente,mid,Médio,#FFCD00,2517,Rio Negrinho/SC,0.5
Desastres geo-hidrológicos,60060,Gestão de resíduos e limpeza pública,2015,,Presente,mid,Médio,#FFCD00,585,Rio Negro/MS,0.5
Desastres geo-hidrológicos,60060,Gestão de resíduos e limpeza pública,2015,,Presente,mid,Médio,#FFCD00,5403,Rio Negro/PR,0.5
Desastres geo-hidrológicos,60060,Gestão de resíduos e limpeza pública,2015,,Presente,mid,Médio,#FFCD00,1666,Rio Novo do Sul/ES,0.5
Desastres geo-hidrológicos,60060,Gestão de resíduos e limpeza pública,2015,,Presente,mid,Médio,#FFCD00,1399,Rio Pardo de Minas/MG,0.5
Desastres geo-hidrológicos,60060,Gestão de resíduos e limpeza pública,2015,,Presente,mid,Médio,#FFCD00,398,Rio Pardo/RS,0.5
Desastres geo-hidrológicos,60060,Gestão de resíduos e limpeza pública,2015,,Presente,mid,Médio,#FFCD00,1400,Rio Piracicaba/MG,0.5
Desastres geo-hidrológicos,60060,Gestão de resíduos e limpeza pública,2015,,Presente,mid,Médio,#FFCD00,4798,Rio Real/BA,0.5
Desastres geo-hidrológicos,60060,Gestão de resíduos e limpeza pública,2015,,Presente,mid,Médio,#FFCD00,3159,Rio Sono/TO,0.5
Desastres geo-hidrológicos,60060,Gestão de resíduos e limpeza pública,2015,,Presente,mid,Médio,#FFCD00,4142,Rio Tinto/PB,0.5
Desastres geo-hidrológicos,60060,Gestão de resíduos e limpeza pública,2015,,Presente,mid,Médio,#FFCD00,586,Rio Verde de Mato Grosso/MS,0.5
Desastres geo-hidrológicos,60060,Gestão de resíduos e limpeza pública,2015,,Presente,mid,Médio,#FFCD00,4980,Rio Verde/GO,0.5
Desastres geo-hidrológicos,60060,Gestão de resíduos e limpeza pública,2015,,Presente,mid,Médio,#FFCD00,100,Riqueza/SC,0.5
Desastres geo-hidrológicos,60060,Gestão de resíduos e limpeza pública,2015,,Presente,mid,Médio,#FFCD00,399,Roca Sales/RS,0.5
Desastres geo-hidrológicos,60060,Gestão de resíduos e limpeza pública,2015,,Presente,mid,Médio,#FFCD00,587,Rochedo/MS,0.5
Desastres geo-hidrológicos,60060,Gestão de resíduos e limpeza pública,2015,,Presente,mid,Médio,#FFCD00,1406,Rodeiro/MG,0.5
Desastres geo-hidrológicos,60060,Gestão de resíduos e limpeza pública,2015,,Presente,mid,Médio,#FFCD00,5540,Rolim de Moura/RO,0.5
Desastres geo-hidrológicos,60060,Gestão de resíduos e limpeza pública,2015,,Presente,mid,Médio,#FFCD00,101,Romelândia/SC,0.5
Desastres geo-hidrológicos,60060,Gestão de resíduos e limpeza pública,2015,,Presente,mid,Médio,#FFCD00,5254,Roncador/PR,0.5
Desastres geo-hidrológicos,60060,Gestão de resíduos e limpeza pública,2015,,Presente,mid,Médio,#FFCD00,2925,Rondolândia/MT,0.5
Desastres geo-hidrológicos,60060,Gestão de resíduos e limpeza pública,2015,,Presente,mid,Médio,#FFCD00,650,Rondonópolis/MT,0.5
Desastres geo-hidrológicos,60060,Gestão de resíduos e limpeza pública,2015,,Presente,mid,Médio,#FFCD00,2854,Rorainópolis/RR,0.5
Desastres geo-hidrológicos,60060,Gestão de resíduos e limpeza pública,2015,,Presente,mid,Médio,#FFCD00,405,Rosário do Sul/RS,0.5
Desastres geo-hidrológicos,60060,Gestão de resíduos e limpeza pública,2015,,Presente,mid,Médio,#FFCD00,4962,Rosário Oeste/MT,0.5
Desastres geo-hidrológicos,60060,Gestão de resíduos e limpeza pública,2015,,Presente,mid,Médio,#FFCD00,2240,Roseira/SP,0.5
Desastres geo-hidrológicos,60060,Gestão de resíduos e limpeza pública,2015,,Presente,mid,Médio,#FFCD00,2242,Rubinéia/SP,0.5
Desastres geo-hidrológicos,60060,Gestão de resíduos e limpeza pública,2015,,Presente,mid,Médio,#FFCD00,4800,Ruy Barbosa/BA,0.5
Desastres geo-hidrológicos,60060,Gestão de resíduos e limpeza pública,2015,,Presente,mid,Médio,#FFCD00,1411,Sabará/MG,0.5
Desastres geo-hidrológicos,60060,Gestão de resíduos e limpeza pública,2015,,Presente,mid,Médio,#FFCD00,5256,Sabáudia/PR,0.5
Desastres geo-hidrológicos,60060,Gestão de resíduos e limpeza pública,2015,,Presente,mid,Médio,#FFCD00,1412,Sabinópolis/MG,0.5
Desastres geo-hidrológicos,60060,Gestão de resíduos e limpeza pública,2015,,Presente,mid,Médio,#FFCD00,3783,Saboeiro/CE,0.5
Desastres geo-hidrológicos,60060,Gestão de resíduos e limpeza pública,2015,,Presente,mid,Médio,#FFCD00,406,Sagrada Família/RS,0.5
Desastres geo-hidrológicos,60060,Gestão de resíduos e limpeza pública,2015,,Presente,mid,Médio,#FFCD00,2244,Sagres/SP,0.5
Desastres geo-hidrológicos,60060,Gestão de resíduos e limpeza pública,2015,,Presente,mid,Médio,#FFCD00,4143,Salgadinho/PB,0.5
Desastres geo-hidrológicos,60060,Gestão de resíduos e limpeza pública,2015,,Presente,mid,Médio,#FFCD00,5257,Salgado Filho/PR,0.5
Desastres geo-hidrológicos,60060,Gestão de resíduos e limpeza pública,2015,,Presente,mid,Médio,#FFCD00,3014,Salinópolis/PA,0.5
Desastres geo-hidrológicos,60060,Gestão de resíduos e limpeza pública,2015,,Presente,mid,Médio,#FFCD00,3784,Salitre/CE,0.5
Desastres geo-hidrológicos,60060,Gestão de resíduos e limpeza pública,2015,,Presente,mid,Médio,#FFCD00,1415,Salto da Divisa/MG,0.5
Desastres geo-hidrológicos,60060,Gestão de resíduos e limpeza pública,2015,,Presente,mid,Médio,#FFCD00,5405,Salto do Itararé/PR,0.5
Desastres geo-hidrológicos,60060,Gestão de resíduos e limpeza pública,2015,,Presente,mid,Médio,#FFCD00,408,Salto do Jacuí/RS,0.5
Desastres geo-hidrológicos,60060,Gestão de resíduos e limpeza pública,2015,,Presente,mid,Médio,#FFCD00,5258,Salto do Lontra/PR,0.5
Desastres geo-hidrológicos,60060,Gestão de resíduos e limpeza pública,2015,,Presente,mid,Médio,#FFCD00,4802,Salvador/BA,0.5
Desastres geo-hidrológicos,60060,Gestão de resíduos e limpeza pública,2015,,Presente,mid,Médio,#FFCD00,410,Salvador do Sul/RS,0.5
Desastres geo-hidrológicos,60060,Gestão de resíduos e limpeza pública,2015,,Presente,mid,Médio,#FFCD00,3015,Salvaterra/PA,0.5
Desastres geo-hidrológicos,60060,Gestão de resíduos e limpeza pública,2015,,Presente,mid,Médio,#FFCD00,3346,Sambaíba/MA,0.5
Desastres geo-hidrológicos,60060,Gestão de resíduos e limpeza pública,2015,,Presente,mid,Médio,#FFCD00,411,Sananduva/RS,0.5
Desastres geo-hidrológicos,60060,Gestão de resíduos e limpeza pública,2015,,Presente,mid,Médio,#FFCD00,5406,Santa Amélia/PR,0.5
Desastres geo-hidrológicos,60060,Gestão de resíduos e limpeza pública,2015,,Presente,mid,Médio,#FFCD00,4803,Santa Bárbara/BA,0.5
Desastres geo-hidrológicos,60060,Gestão de resíduos e limpeza pública,2015,,Presente,mid,Médio,#FFCD00,2786,Santa Bárbara de Goiás/GO,0.5
Desastres geo-hidrológicos,60060,Gestão de resíduos e limpeza pública,2015,,Presente,mid,Médio,#FFCD00,1418,Santa Bárbara do Monte Verde/MG,0.5
Desastres geo-hidrológicos,60060,Gestão de resíduos e limpeza pública,2015,,Presente,mid,Médio,#FFCD00,1416,Santa Bárbara/MG,0.5
Desastres geo-hidrológicos,60060,Gestão de resíduos e limpeza pública,2015,,Presente,mid,Médio,#FFCD00,2256,Santa Branca/SP,0.5
Desastres geo-hidrológicos,60060,Gestão de resíduos e limpeza pública,2015,,Presente,mid,Médio,#FFCD00,4145,Santa Cecília/PB,0.5
Desastres geo-hidrológicos,60060,Gestão de resíduos e limpeza pública,2015,,Presente,mid,Médio,#FFCD00,2522,Santa Cecília/SC,0.5
Desastres geo-hidrológicos,60060,Gestão de resíduos e limpeza pública,2015,,Presente,mid,Médio,#FFCD00,742,Santa Cruz Cabrália/BA,0.5
Desastres geo-hidrológicos,60060,Gestão de resíduos e limpeza pública,2015,,Presente,mid,Médio,#FFCD00,4343,Santa Cruz da Baixa Verde/PE,0.5
Desastres geo-hidrológicos,60060,Gestão de resíduos e limpeza pública,2015,,Presente,mid,Médio,#FFCD00,743,Santa Cruz da Vitória/BA,0.5
Desastres geo-hidrológicos,60060,Gestão de resíduos e limpeza pública,2015,,Presente,mid,Médio,#FFCD00,1421,Santa Cruz de Salinas/MG,0.5
Desastres geo-hidrológicos,60060,Gestão de resíduos e limpeza pública,2015,,Presente,mid,Médio,#FFCD00,3017,Santa Cruz do Arari/PA,0.5
Desastres geo-hidrológicos,60060,Gestão de resíduos e limpeza pública,2015,,Presente,mid,Médio,#FFCD00,4344,Santa Cruz do Capibaribe/PE,0.5
Desastres geo-hidrológicos,60060,Gestão de resíduos e limpeza pública,2015,,Presente,mid,Médio,#FFCD00,3578,Santa Cruz do Piauí/PI,0.5
Desastres geo-hidrológicos,60060,Gestão de resíduos e limpeza pública,2015,,Presente,mid,Médio,#FFCD00,2261,Santa Cruz do Rio Pardo/SP,0.5
Desastres geo-hidrológicos,60060,Gestão de resíduos e limpeza pública,2015,,Presente,mid,Médio,#FFCD00,3579,Santa Cruz dos Milagres/PI,0.5
Desastres geo-hidrológicos,60060,Gestão de resíduos e limpeza pública,2015,,Presente,mid,Médio,#FFCD00,1423,Santa Efigênia de Minas/MG,0.5
Desastres geo-hidrológicos,60060,Gestão de resíduos e limpeza pública,2015,,Presente,mid,Médio,#FFCD00,4981,Santa Fé de Goiás/GO,0.5
Desastres geo-hidrológicos,60060,Gestão de resíduos e limpeza pública,2015,,Presente,mid,Médio,#FFCD00,1424,Santa Fé de Minas/MG,0.5
Desastres geo-hidrológicos,60060,Gestão de resíduos e limpeza pública,2015,,Presente,mid,Médio,#FFCD00,4345,Santa Filomena/PE,0.5
Desastres geo-hidrológicos,60060,Gestão de resíduos e limpeza pública,2015,,Presente,mid,Médio,#FFCD00,1425,Santa Helena de Minas/MG,0.5
Desastres geo-hidrológicos,60060,Gestão de resíduos e limpeza pública,2015,,Presente,mid,Médio,#FFCD00,4147,Santa Helena/PB,0.5
Desastres geo-hidrológicos,60060,Gestão de resíduos e limpeza pública,2015,,Presente,mid,Médio,#FFCD00,5261,Santa Helena/PR,0.5
Desastres geo-hidrológicos,60060,Gestão de resíduos e limpeza pública,2015,,Presente,mid,Médio,#FFCD00,103,Santa Helena/SC,0.5
Desastres geo-hidrológicos,60060,Gestão de resíduos e limpeza pública,2015,,Presente,mid,Médio,#FFCD00,3349,Santa Inês/MA,0.5
Desastres geo-hidrológicos,60060,Gestão de resíduos e limpeza pública,2015,,Presente,mid,Médio,#FFCD00,2789,Santa Isabel/GO,0.5
Desastres geo-hidrológicos,60060,Gestão de resíduos e limpeza pública,2015,,Presente,mid,Médio,#FFCD00,3018,Santa Izabel do Pará/PA,0.5
Desastres geo-hidrológicos,60060,Gestão de resíduos e limpeza pública,2015,,Presente,mid,Médio,#FFCD00,1667,Santa Leopoldina/ES,0.5
Desastres geo-hidrológicos,60060,Gestão de resíduos e limpeza pública,2015,,Presente,mid,Médio,#FFCD00,4806,Santaluz/BA,0.5
Desastres geo-hidrológicos,60060,Gestão de resíduos e limpeza pública,2015,,Presente,mid,Médio,#FFCD00,4550,Santa Luzia do Itanhy/SE,0.5
Desastres geo-hidrológicos,60060,Gestão de resíduos e limpeza pública,2015,,Presente,mid,Médio,#FFCD00,4471,Santa Luzia do Norte/AL,0.5
Desastres geo-hidrológicos,60060,Gestão de resíduos e limpeza pública,2015,,Presente,mid,Médio,#FFCD00,3019,Santa Luzia do Pará/PA,0.5
Desastres geo-hidrológicos,60060,Gestão de resíduos e limpeza pública,2015,,Presente,mid,Médio,#FFCD00,3351,Santa Luzia do Paruá/MA,0.5
Desastres geo-hidrológicos,60060,Gestão de resíduos e limpeza pública,2015,,Presente,mid,Médio,#FFCD00,1428,Santa Margarida/MG,0.5
Desastres geo-hidrológicos,60060,Gestão de resíduos e limpeza pública,2015,,Presente,mid,Médio,#FFCD00,4346,Santa Maria da Boa Vista/PE,0.5
Desastres geo-hidrológicos,60060,Gestão de resíduos e limpeza pública,2015,,Presente,mid,Médio,#FFCD00,1429,Santa Maria de Itabira/MG,0.5
Desastres geo-hidrológicos,60060,Gestão de resíduos e limpeza pública,2015,,Presente,mid,Médio,#FFCD00,2621,Santa Maria do Herval/RS,0.5
Desastres geo-hidrológicos,60060,Gestão de resíduos e limpeza pública,2015,,Presente,mid,Médio,#FFCD00,3021,Santa Maria do Pará/PA,0.5
Desastres geo-hidrológicos,60060,Gestão de resíduos e limpeza pública,2015,,Presente,mid,Médio,#FFCD00,1430,Santa Maria do Salto/MG,0.5
Desastres geo-hidrológicos,60060,Gestão de resíduos e limpeza pública,2015,,Presente,mid,Médio,#FFCD00,3913,Santa Maria/RN,0.5
Desastres geo-hidrológicos,60060,Gestão de resíduos e limpeza pública,2015,,Presente,mid,Médio,#FFCD00,416,Santa Maria/RS,0.5
Desastres geo-hidrológicos,60060,Gestão de resíduos e limpeza pública,2015,,Presente,mid,Médio,#FFCD00,21,Santa Mercedes/SP,0.5
Desastres geo-hidrológicos,60060,Gestão de resíduos e limpeza pública,2015,,Presente,mid,Médio,#FFCD00,2268,Santana da Ponte Pensa/SP,0.5
Desastres geo-hidrológicos,60060,Gestão de resíduos e limpeza pública,2015,,Presente,mid,Médio,#FFCD00,4150,Santana de Mangueira/PB,0.5
Desastres geo-hidrológicos,60060,Gestão de resíduos e limpeza pública,2015,,Presente,mid,Médio,#FFCD00,3022,Santana do Araguaia/PA,0.5
Desastres geo-hidrológicos,60060,Gestão de resíduos e limpeza pública,2015,,Presente,mid,Médio,#FFCD00,4472,Santana do Ipanema/AL,0.5
Desastres geo-hidrológicos,60060,Gestão de resíduos e limpeza pública,2015,,Presente,mid,Médio,#FFCD00,3354,Santana do Maranhão/MA,0.5
Desastres geo-hidrológicos,60060,Gestão de resíduos e limpeza pública,2015,,Presente,mid,Médio,#FFCD00,3935,Santana do Matos/RN,0.5
Desastres geo-hidrológicos,60060,Gestão de resíduos e limpeza pública,2015,,Presente,mid,Médio,#FFCD00,4473,Santana do Mundaú/AL,0.5
Desastres geo-hidrológicos,60060,Gestão de resíduos e limpeza pública,2015,,Presente,mid,Médio,#FFCD00,1439,Santana do Paraíso/MG,0.5
Desastres geo-hidrológicos,60060,Gestão de resíduos e limpeza pública,2015,,Presente,mid,Médio,#FFCD00,3582,Santana do Piauí/PI,0.5
Desastres geo-hidrológicos,60060,Gestão de resíduos e limpeza pública,2015,,Presente,mid,Médio,#FFCD00,1440,Santana do Riacho/MG,0.5
Desastres geo-hidrológicos,60060,Gestão de resíduos e limpeza pública,2015,,Presente,mid,Médio,#FFCD00,4809,Santanópolis/BA,0.5
Desastres geo-hidrológicos,60060,Gestão de resíduos e limpeza pública,2015,,Presente,mid,Médio,#FFCD00,3787,Santa Quitéria/CE,0.5
Desastres geo-hidrológicos,60060,Gestão de resíduos e limpeza pública,2015,,Presente,mid,Médio,#FFCD00,3023,Santarém Novo/PA,0.5
Desastres geo-hidrológicos,60060,Gestão de resíduos e limpeza pública,2015,,Presente,mid,Médio,#FFCD00,1442,Santa Rita de Caldas/MG,0.5
Desastres geo-hidrológicos,60060,Gestão de resíduos e limpeza pública,2015,,Presente,mid,Médio,#FFCD00,4810,Santa Rita de Cássia/BA,0.5
Desastres geo-hidrológicos,60060,Gestão de resíduos e limpeza pública,2015,,Presente,mid,Médio,#FFCD00,1445,Santa Rita de Ibitipoca/MG,0.5
Desastres geo-hidrológicos,60060,Gestão de resíduos e limpeza pública,2015,,Presente,mid,Médio,#FFCD00,1446,Santa Rita do Itueto/MG,0.5
Desastres geo-hidrológicos,60060,Gestão de resíduos e limpeza pública,2015,,Presente,mid,Médio,#FFCD00,2790,Santa Rita do Novo Destino/GO,0.5
Desastres geo-hidrológicos,60060,Gestão de resíduos e limpeza pública,2015,,Presente,mid,Médio,#FFCD00,4153,Santa Rita/PB,0.5
Desastres geo-hidrológicos,60060,Gestão de resíduos e limpeza pública,2015,,Presente,mid,Médio,#FFCD00,1448,Santa Rosa da Serra/MG,0.5
Desastres geo-hidrológicos,60060,Gestão de resíduos e limpeza pública,2015,,Presente,mid,Médio,#FFCD00,2523,Santa Rosa de Lima/SC,0.5
Desastres geo-hidrológicos,60060,Gestão de resíduos e limpeza pública,2015,,Presente,mid,Médio,#FFCD00,2837,Santa Rosa do Purus/AC,0.5
Desastres geo-hidrológicos,60060,Gestão de resíduos e limpeza pública,2015,,Presente,mid,Médio,#FFCD00,4890,Santa Tereza de Goiás/GO,0.5
Desastres geo-hidrológicos,60060,Gestão de resíduos e limpeza pública,2015,,Presente,mid,Médio,#FFCD00,3166,Santa Tereza do Tocantins/TO,0.5
Desastres geo-hidrológicos,60060,Gestão de resíduos e limpeza pública,2015,,Presente,mid,Médio,#FFCD00,421,Santa Tereza/RS,0.5
Desastres geo-hidrológicos,60060,Gestão de resíduos e limpeza pública,2015,,Presente,mid,Médio,#FFCD00,4811,Santa Terezinha/BA,0.5
Desastres geo-hidrológicos,60060,Gestão de resíduos e limpeza pública,2015,,Presente,mid,Médio,#FFCD00,5025,Santa Terezinha de Goiás/GO,0.5
Desastres geo-hidrológicos,60060,Gestão de resíduos e limpeza pública,2015,,Presente,mid,Médio,#FFCD00,104,Santa Terezinha do Progresso/SC,0.5
Desastres geo-hidrológicos,60060,Gestão de resíduos e limpeza pública,2015,,Presente,mid,Médio,#FFCD00,4871,Santa Terezinha/MT,0.5
Desastres geo-hidrológicos,60060,Gestão de resíduos e limpeza pública,2015,,Presente,mid,Médio,#FFCD00,4348,Santa Terezinha/PE,0.5
Desastres geo-hidrológicos,60060,Gestão de resíduos e limpeza pública,2015,,Presente,mid,Médio,#FFCD00,647,Santo Afonso/MT,0.5
Desastres geo-hidrológicos,60060,Gestão de resíduos e limpeza pública,2015,,Presente,mid,Médio,#FFCD00,4812,Santo Amaro/BA,0.5
Desastres geo-hidrológicos,60060,Gestão de resíduos e limpeza pública,2015,,Presente,mid,Médio,#FFCD00,3355,Santo Amaro do Maranhão/MA,0.5
Desastres geo-hidrológicos,60060,Gestão de resíduos e limpeza pública,2015,,Presente,mid,Médio,#FFCD00,4155,Santo André/PB,0.5
Desastres geo-hidrológicos,60060,Gestão de resíduos e limpeza pública,2015,,Presente,mid,Médio,#FFCD00,426,Santo Antônio das Missões/RS,0.5
Desastres geo-hidrológicos,60060,Gestão de resíduos e limpeza pública,2015,,Presente,mid,Médio,#FFCD00,2793,Santo Antônio de Goiás/GO,0.5
Desastres geo-hidrológicos,60060,Gestão de resíduos e limpeza pública,2015,,Presente,mid,Médio,#FFCD00,4813,Santo Antônio de Jesus/BA,0.5
Desastres geo-hidrológicos,60060,Gestão de resíduos e limpeza pública,2015,,Presente,mid,Médio,#FFCD00,3584,Santo Antônio de Lisboa/PI,0.5
Desastres geo-hidrológicos,60060,Gestão de resíduos e limpeza pública,2015,,Presente,mid,Médio,#FFCD00,1753,Santo Antônio de Pádua/RJ,0.5
Desastres geo-hidrológicos,60060,Gestão de resíduos e limpeza pública,2015,,Presente,mid,Médio,#FFCD00,2276,Santo Antônio de Posse/SP,0.5
Desastres geo-hidrológicos,60060,Gestão de resíduos e limpeza pública,2015,,Presente,mid,Médio,#FFCD00,1451,Santo Antônio do Aventureiro/MG,0.5
Desastres geo-hidrológicos,60060,Gestão de resíduos e limpeza pública,2015,,Presente,mid,Médio,#FFCD00,2794,Santo Antônio do Descoberto/GO,0.5
Desastres geo-hidrológicos,60060,Gestão de resíduos e limpeza pública,2015,,Presente,mid,Médio,#FFCD00,5509,Santo Antônio do Içá/AM,0.5
Desastres geo-hidrológicos,60060,Gestão de resíduos e limpeza pública,2015,,Presente,mid,Médio,#FFCD00,652,Santo Antônio do Leste/MT,0.5
Desastres geo-hidrológicos,60060,Gestão de resíduos e limpeza pública,2015,,Presente,mid,Médio,#FFCD00,653,Santo Antônio do Leverger/MT,0.5
Desastres geo-hidrológicos,60060,Gestão de resíduos e limpeza pública,2015,,Presente,mid,Médio,#FFCD00,425,Santo Antônio do Palma/RS,0.5
Desastres geo-hidrológicos,60060,Gestão de resíduos e limpeza pública,2015,,Presente,mid,Médio,#FFCD00,1456,Santo Antônio do Retiro/MG,0.5
Desastres geo-hidrológicos,60060,Gestão de resíduos e limpeza pública,2015,,Presente,mid,Médio,#FFCD00,3585,Santo Antônio dos Milagres/PI,0.5
Desastres geo-hidrológicos,60060,Gestão de resíduos e limpeza pública,2015,,Presente,mid,Médio,#FFCD00,3024,Santo Antônio do Tauá/PA,0.5
Desastres geo-hidrológicos,60060,Gestão de resíduos e limpeza pública,2015,,Presente,mid,Médio,#FFCD00,3937,Santo Antônio/RN,0.5
Desastres geo-hidrológicos,60060,Gestão de resíduos e limpeza pública,2015,,Presente,mid,Médio,#FFCD00,428,Santo Augusto/RS,0.5
Desastres geo-hidrológicos,60060,Gestão de resíduos e limpeza pública,2015,,Presente,mid,Médio,#FFCD00,430,Santo Expedito do Sul/RS,0.5
Desastres geo-hidrológicos,60060,Gestão de resíduos e limpeza pública,2015,,Presente,mid,Médio,#FFCD00,1458,Santo Hipólito/MG,0.5
Desastres geo-hidrológicos,60060,Gestão de resíduos e limpeza pública,2015,,Presente,mid,Médio,#FFCD00,5272,Santo Inácio/PR,0.5
Desastres geo-hidrológicos,60060,Gestão de resíduos e limpeza pública,2015,,Presente,mid,Médio,#FFCD00,1459,Santos Dumont/MG,0.5
Desastres geo-hidrológicos,60060,Gestão de resíduos e limpeza pública,2015,,Presente,mid,Médio,#FFCD00,3788,São Benedito/CE,0.5
Desastres geo-hidrológicos,60060,Gestão de resíduos e limpeza pública,2015,,Presente,mid,Médio,#FFCD00,4157,São Bentinho/PB,0.5
Desastres geo-hidrológicos,60060,Gestão de resíduos e limpeza pública,2015,,Presente,mid,Médio,#FFCD00,2282,São Bento do Sapucaí/SP,0.5
Desastres geo-hidrológicos,60060,Gestão de resíduos e limpeza pública,2015,,Presente,mid,Médio,#FFCD00,3939,São Bento do Trairí/RN,0.5
Desastres geo-hidrológicos,60060,Gestão de resíduos e limpeza pública,2015,,Presente,mid,Médio,#FFCD00,4156,São Bento/PB,0.5
Desastres geo-hidrológicos,60060,Gestão de resíduos e limpeza pública,2015,,Presente,mid,Médio,#FFCD00,3359,São Bernardo/MA,0.5
Desastres geo-hidrológicos,60060,Gestão de resíduos e limpeza pública,2015,,Presente,mid,Médio,#FFCD00,2528,São Bonifácio/SC,0.5
Desastres geo-hidrológicos,60060,Gestão de resíduos e limpeza pública,2015,,Presente,mid,Médio,#FFCD00,431,São Borja/RS,0.5
Desastres geo-hidrológicos,60060,Gestão de resíduos e limpeza pública,2015,,Presente,mid,Médio,#FFCD00,4474,São Brás/AL,0.5
Desastres geo-hidrológicos,60060,Gestão de resíduos e limpeza pública,2015,,Presente,mid,Médio,#FFCD00,3025,São Caetano de Odivelas/PA,0.5
Desastres geo-hidrológicos,60060,Gestão de resíduos e limpeza pública,2015,,Presente,mid,Médio,#FFCD00,5273,São Carlos do Ivaí/PR,0.5
Desastres geo-hidrológicos,60060,Gestão de resíduos e limpeza pública,2015,,Presente,mid,Médio,#FFCD00,2285,São Carlos/SP,0.5
Desastres geo-hidrológicos,60060,Gestão de resíduos e limpeza pública,2015,,Presente,mid,Médio,#FFCD00,4815,São Desidério/BA,0.5
Desastres geo-hidrológicos,60060,Gestão de resíduos e limpeza pública,2015,,Presente,mid,Médio,#FFCD00,4816,São Domingos/BA,0.5
Desastres geo-hidrológicos,60060,Gestão de resíduos e limpeza pública,2015,,Presente,mid,Médio,#FFCD00,3360,São Domingos do Azeitão/MA,0.5
Desastres geo-hidrológicos,60060,Gestão de resíduos e limpeza pública,2015,,Presente,mid,Médio,#FFCD00,3027,São Domingos do Capim/PA,0.5
Desastres geo-hidrológicos,60060,Gestão de resíduos e limpeza pública,2015,,Presente,mid,Médio,#FFCD00,1463,São Domingos do Prata/MG,0.5
Desastres geo-hidrológicos,60060,Gestão de resíduos e limpeza pública,2015,,Presente,mid,Médio,#FFCD00,4891,São Domingos/GO,0.5
Desastres geo-hidrológicos,60060,Gestão de resíduos e limpeza pública,2015,,Presente,mid,Médio,#FFCD00,108,São Domingos/SC,0.5
Desastres geo-hidrológicos,60060,Gestão de resíduos e limpeza pública,2015,,Presente,mid,Médio,#FFCD00,4555,São Domingos/SE,0.5
Desastres geo-hidrológicos,60060,Gestão de resíduos e limpeza pública,2015,,Presente,mid,Médio,#FFCD00,5565,São Felipe D'Oeste/RO,0.5
Desastres geo-hidrológicos,60060,Gestão de resíduos e limpeza pública,2015,,Presente,mid,Médio,#FFCD00,4817,São Félix/BA,0.5
Desastres geo-hidrológicos,60060,Gestão de resíduos e limpeza pública,2015,,Presente,mid,Médio,#FFCD00,5057,São Félix do Araguaia/MT,0.5
Desastres geo-hidrológicos,60060,Gestão de resíduos e limpeza pública,2015,,Presente,mid,Médio,#FFCD00,4818,São Félix do Coribe/BA,0.5
Desastres geo-hidrológicos,60060,Gestão de resíduos e limpeza pública,2015,,Presente,mid,Médio,#FFCD00,3169,São Félix do Tocantins/TO,0.5
Desastres geo-hidrológicos,60060,Gestão de resíduos e limpeza pública,2015,,Presente,mid,Médio,#FFCD00,1755,São Fidélis/RJ,0.5
Desastres geo-hidrológicos,60060,Gestão de resíduos e limpeza pública,2015,,Presente,mid,Médio,#FFCD00,1754,São Francisco de Itabapoana/RJ,0.5
Desastres geo-hidrológicos,60060,Gestão de resíduos e limpeza pública,2015,,Presente,mid,Médio,#FFCD00,1466,São Francisco de Paula/MG,0.5
Desastres geo-hidrológicos,60060,Gestão de resíduos e limpeza pública,2015,,Presente,mid,Médio,#FFCD00,5566,São Francisco do Guaporé/RO,0.5
Desastres geo-hidrológicos,60060,Gestão de resíduos e limpeza pública,2015,,Presente,mid,Médio,#FFCD00,3941,São Francisco do Oeste/RN,0.5
Desastres geo-hidrológicos,60060,Gestão de resíduos e limpeza pública,2015,,Presente,mid,Médio,#FFCD00,3028,São Francisco do Pará/PA,0.5
Desastres geo-hidrológicos,60060,Gestão de resíduos e limpeza pública,2015,,Presente,mid,Médio,#FFCD00,3590,São Francisco do Piauí/PI,0.5
Desastres geo-hidrológicos,60060,Gestão de resíduos e limpeza pública,2015,,Presente,mid,Médio,#FFCD00,4821,São Gabriel/BA,0.5
Desastres geo-hidrológicos,60060,Gestão de resíduos e limpeza pública,2015,,Presente,mid,Médio,#FFCD00,5510,São Gabriel da Cachoeira/AM,0.5
Desastres geo-hidrológicos,60060,Gestão de resíduos e limpeza pública,2015,,Presente,mid,Médio,#FFCD00,434,São Gabriel/RS,0.5
Desastres geo-hidrológicos,60060,Gestão de resíduos e limpeza pública,2015,,Presente,mid,Médio,#FFCD00,1470,São Geraldo da Piedade/MG,0.5
Desastres geo-hidrológicos,60060,Gestão de resíduos e limpeza pública,2015,,Presente,mid,Médio,#FFCD00,1471,São Geraldo do Baixio/MG,0.5
Desastres geo-hidrológicos,60060,Gestão de resíduos e limpeza pública,2015,,Presente,mid,Médio,#FFCD00,1469,São Geraldo/MG,0.5
Desastres geo-hidrológicos,60060,Gestão de resíduos e limpeza pública,2015,,Presente,mid,Médio,#FFCD00,3789,São Gonçalo do Amarante/CE,0.5
Desastres geo-hidrológicos,60060,Gestão de resíduos e limpeza pública,2015,,Presente,mid,Médio,#FFCD00,1037,São Gonçalo do Rio Preto/MG,0.5
Desastres geo-hidrológicos,60060,Gestão de resíduos e limpeza pública,2015,,Presente,mid,Médio,#FFCD00,2531,São João Batista/SC,0.5
Desastres geo-hidrológicos,60060,Gestão de resíduos e limpeza pública,2015,,Presente,mid,Médio,#FFCD00,2855,São João da Baliza/RR,0.5
Desastres geo-hidrológicos,60060,Gestão de resíduos e limpeza pública,2015,,Presente,mid,Médio,#FFCD00,1757,São João da Barra/RJ,0.5
Desastres geo-hidrológicos,60060,Gestão de resíduos e limpeza pública,2015,,Presente,mid,Médio,#FFCD00,2796,São João da Paraúna/GO,0.5
Desastres geo-hidrológicos,60060,Gestão de resíduos e limpeza pública,2015,,Presente,mid,Médio,#FFCD00,3030,São João da Ponta/PA,0.5
Desastres geo-hidrológicos,60060,Gestão de resíduos e limpeza pública,2015,,Presente,mid,Médio,#FFCD00,3595,São João da Serra/PI,0.5
Desastres geo-hidrológicos,60060,Gestão de resíduos e limpeza pública,2015,,Presente,mid,Médio,#FFCD00,3596,São João da Varjota/PI,0.5
Desastres geo-hidrológicos,60060,Gestão de resíduos e limpeza pública,2015,,Presente,mid,Médio,#FFCD00,1758,São João de Meriti/RJ,0.5
Desastres geo-hidrológicos,60060,Gestão de resíduos e limpeza pública,2015,,Presente,mid,Médio,#FFCD00,3597,São João do Arraial/PI,0.5
Desastres geo-hidrológicos,60060,Gestão de resíduos e limpeza pública,2015,,Presente,mid,Médio,#FFCD00,4161,São João do Cariri/PB,0.5
Desastres geo-hidrológicos,60060,Gestão de resíduos e limpeza pública,2015,,Presente,mid,Médio,#FFCD00,3366,São João do Carú/MA,0.5
Desastres geo-hidrológicos,60060,Gestão de resíduos e limpeza pública,2015,,Presente,mid,Médio,#FFCD00,1484,São João do Manteninha/MG,0.5
Desastres geo-hidrológicos,60060,Gestão de resíduos e limpeza pública,2015,,Presente,mid,Médio,#FFCD00,109,São João do Oeste/SC,0.5
Desastres geo-hidrológicos,60060,Gestão de resíduos e limpeza pública,2015,,Presente,mid,Médio,#FFCD00,1485,São João do Oriente/MG,0.5
Desastres geo-hidrológicos,60060,Gestão de resíduos e limpeza pública,2015,,Presente,mid,Médio,#FFCD00,1487,São João do Paraíso/MG,0.5
Desastres geo-hidrológicos,60060,Gestão de resíduos e limpeza pública,2015,,Presente,mid,Médio,#FFCD00,3598,São João do Piauí/PI,0.5
Desastres geo-hidrológicos,60060,Gestão de resíduos e limpeza pública,2015,,Presente,mid,Médio,#FFCD00,3943,São João do Sabugi/RN,0.5
Desastres geo-hidrológicos,60060,Gestão de resíduos e limpeza pública,2015,,Presente,mid,Médio,#FFCD00,3369,São João dos Patos/MA,0.5
Desastres geo-hidrológicos,60060,Gestão de resíduos e limpeza pública,2015,,Presente,mid,Médio,#FFCD00,5413,São João do Triunfo/PR,0.5
Desastres geo-hidrológicos,60060,Gestão de resíduos e limpeza pública,2015,,Presente,mid,Médio,#FFCD00,5279,São Jorge do Patrocínio/PR,0.5
Desastres geo-hidrológicos,60060,Gestão de resíduos e limpeza pública,2015,,Presente,mid,Médio,#FFCD00,4354,São José da Coroa Grande/PE,0.5
Desastres geo-hidrológicos,60060,Gestão de resíduos e limpeza pública,2015,,Presente,mid,Médio,#FFCD00,1492,São José da Lapa/MG,0.5
Desastres geo-hidrológicos,60060,Gestão de resíduos e limpeza pública,2015,,Presente,mid,Médio,#FFCD00,4476,São José da Tapera/AL,0.5
Desastres geo-hidrológicos,60060,Gestão de resíduos e limpeza pública,2015,,Presente,mid,Médio,#FFCD00,745,São José da Vitória/BA,0.5
Desastres geo-hidrológicos,60060,Gestão de resíduos e limpeza pública,2015,,Presente,mid,Médio,#FFCD00,4164,São José de Caiana/PB,0.5
Desastres geo-hidrológicos,60060,Gestão de resíduos e limpeza pública,2015,,Presente,mid,Médio,#FFCD00,3944,São José de Mipibu/RN,0.5
Desastres geo-hidrológicos,60060,Gestão de resíduos e limpeza pública,2015,,Presente,mid,Médio,#FFCD00,4167,São José de Piranhas/PB,0.5
Desastres geo-hidrológicos,60060,Gestão de resíduos e limpeza pública,2015,,Presente,mid,Médio,#FFCD00,1759,São José de Ubá/RJ,0.5
Desastres geo-hidrológicos,60060,Gestão de resíduos e limpeza pública,2015,,Presente,mid,Médio,#FFCD00,4355,São José do Belmonte/PE,0.5
Desastres geo-hidrológicos,60060,Gestão de resíduos e limpeza pública,2015,,Presente,mid,Médio,#FFCD00,4169,São José do Bonfim/PB,0.5
Desastres geo-hidrológicos,60060,Gestão de resíduos e limpeza pública,2015,,Presente,mid,Médio,#FFCD00,4170,São José do Brejo do Cruz/PB,0.5
Desastres geo-hidrológicos,60060,Gestão de resíduos e limpeza pública,2015,,Presente,mid,Médio,#FFCD00,3945,São José do Campestre/RN,0.5
Desastres geo-hidrológicos,60060,Gestão de resíduos e limpeza pública,2015,,Presente,mid,Médio,#FFCD00,3599,São José do Divino/PI,0.5
Desastres geo-hidrológicos,60060,Gestão de resíduos e limpeza pública,2015,,Presente,mid,Médio,#FFCD00,4356,São José do Egito/PE,0.5
Desastres geo-hidrológicos,60060,Gestão de resíduos e limpeza pública,2015,,Presente,mid,Médio,#FFCD00,4823,São José do Jacuípe/BA,0.5
Desastres geo-hidrológicos,60060,Gestão de resíduos e limpeza pública,2015,,Presente,mid,Médio,#FFCD00,4941,São José do Norte/RS,0.5
Desastres geo-hidrológicos,60060,Gestão de resíduos e limpeza pública,2015,,Presente,mid,Médio,#FFCD00,3600,São José do Peixe/PI,0.5
Desastres geo-hidrológicos,60060,Gestão de resíduos e limpeza pública,2015,,Presente,mid,Médio,#FFCD00,2923,São José do Rio Claro/MT,0.5
Desastres geo-hidrológicos,60060,Gestão de resíduos e limpeza pública,2015,,Presente,mid,Médio,#FFCD00,4171,São José do Sabugi/PB,0.5
Desastres geo-hidrológicos,60060,Gestão de resíduos e limpeza pública,2015,,Presente,mid,Médio,#FFCD00,2625,São José dos Ausentes/RS,0.5
Desastres geo-hidrológicos,60060,Gestão de resíduos e limpeza pública,2015,,Presente,mid,Médio,#FFCD00,4172,São José dos Cordeiros/PB,0.5
Desastres geo-hidrológicos,60060,Gestão de resíduos e limpeza pública,2015,,Presente,mid,Médio,#FFCD00,3946,São José do Seridó/RN,0.5
Desastres geo-hidrológicos,60060,Gestão de resíduos e limpeza pública,2015,,Presente,mid,Médio,#FFCD00,4166,São José dos Ramos/PB,0.5
Desastres geo-hidrológicos,60060,Gestão de resíduos e limpeza pública,2015,,Presente,mid,Médio,#FFCD00,1760,São José do Vale do Rio Preto/RJ,0.5
Desastres geo-hidrológicos,60060,Gestão de resíduos e limpeza pública,2015,,Presente,mid,Médio,#FFCD00,3602,São Julião/PI,0.5
Desastres geo-hidrológicos,60060,Gestão de resíduos e limpeza pública,2015,,Presente,mid,Médio,#FFCD00,2626,São Leopoldo/RS,0.5
Desastres geo-hidrológicos,60060,Gestão de resíduos e limpeza pública,2015,,Presente,mid,Médio,#FFCD00,4357,São Lourenço da Mata/PE,0.5
Desastres geo-hidrológicos,60060,Gestão de resíduos e limpeza pública,2015,,Presente,mid,Médio,#FFCD00,2537,São Ludgero/SC,0.5
Desastres geo-hidrológicos,60060,Gestão de resíduos e limpeza pública,2015,,Presente,mid,Médio,#FFCD00,3791,São Luís do Curu/CE,0.5
Desastres geo-hidrológicos,60060,Gestão de resíduos e limpeza pública,2015,,Presente,mid,Médio,#FFCD00,4477,São Luís do Quitunde/AL,0.5
Desastres geo-hidrológicos,60060,Gestão de resíduos e limpeza pública,2015,,Presente,mid,Médio,#FFCD00,3373,São Luís Gonzaga do Maranhão/MA,0.5
Desastres geo-hidrológicos,60060,Gestão de resíduos e limpeza pública,2015,,Presente,mid,Médio,#FFCD00,2798,São Luiz do Norte/GO,0.5
Desastres geo-hidrológicos,60060,Gestão de resíduos e limpeza pública,2015,,Presente,mid,Médio,#FFCD00,445,São Luiz Gonzaga/RS,0.5
Desastres geo-hidrológicos,60060,Gestão de resíduos e limpeza pública,2015,,Presente,mid,Médio,#FFCD00,2856,São Luiz/RR,0.5
Desastres geo-hidrológicos,60060,Gestão de resíduos e limpeza pública,2015,,Presente,mid,Médio,#FFCD00,4173,São Mamede/PB,0.5
Desastres geo-hidrológicos,60060,Gestão de resíduos e limpeza pública,2015,,Presente,mid,Médio,#FFCD00,2627,São Marcos/RS,0.5
Desastres geo-hidrológicos,60060,Gestão de resíduos e limpeza pública,2015,,Presente,mid,Médio,#FFCD00,2538,São Martinho/SC,0.5
Desastres geo-hidrológicos,60060,Gestão de resíduos e limpeza pública,2015,,Presente,mid,Médio,#FFCD00,3374,São Mateus do Maranhão/MA,0.5
Desastres geo-hidrológicos,60060,Gestão de resíduos e limpeza pública,2015,,Presente,mid,Médio,#FFCD00,112,São Miguel da Boa Vista/SC,0.5
Desastres geo-hidrológicos,60060,Gestão de resíduos e limpeza pública,2015,,Presente,mid,Médio,#FFCD00,4824,São Miguel das Matas/BA,0.5
Desastres geo-hidrológicos,60060,Gestão de resíduos e limpeza pública,2015,,Presente,mid,Médio,#FFCD00,448,São Miguel das Missões/RS,0.5
Desastres geo-hidrológicos,60060,Gestão de resíduos e limpeza pública,2015,,Presente,mid,Médio,#FFCD00,4174,São Miguel de Taipu/PB,0.5
Desastres geo-hidrológicos,60060,Gestão de resíduos e limpeza pública,2015,,Presente,mid,Médio,#FFCD00,1501,São Miguel do Anta/MG,0.5
Desastres geo-hidrológicos,60060,Gestão de resíduos e limpeza pública,2015,,Presente,mid,Médio,#FFCD00,4892,São Miguel do Araguaia/GO,0.5
Desastres geo-hidrológicos,60060,Gestão de resíduos e limpeza pública,2015,,Presente,mid,Médio,#FFCD00,3606,São Miguel do Fidalgo/PI,0.5
Desastres geo-hidrológicos,60060,Gestão de resíduos e limpeza pública,2015,,Presente,mid,Médio,#FFCD00,3948,São Miguel do Gostoso/RN,0.5
Desastres geo-hidrológicos,60060,Gestão de resíduos e limpeza pública,2015,,Presente,mid,Médio,#FFCD00,2799,São Miguel do Passa Quatro/GO,0.5
Desastres geo-hidrológicos,60060,Gestão de resíduos e limpeza pública,2015,,Presente,mid,Médio,#FFCD00,4479,São Miguel dos Milagres/AL,0.5
Desastres geo-hidrológicos,60060,Gestão de resíduos e limpeza pública,2015,,Presente,mid,Médio,#FFCD00,3607,São Miguel do Tapuio/PI,0.5
Desastres geo-hidrológicos,60060,Gestão de resíduos e limpeza pública,2015,,Presente,mid,Médio,#FFCD00,3947,São Miguel/RN,0.5
Desastres geo-hidrológicos,60060,Gestão de resíduos e limpeza pública,2015,,Presente,mid,Médio,#FFCD00,2800,São Patrício/GO,0.5
Desastres geo-hidrológicos,60060,Gestão de resíduos e limpeza pública,2015,,Presente,mid,Médio,#FFCD00,451,São Pedro da Serra/RS,0.5
Desastres geo-hidrológicos,60060,Gestão de resíduos e limpeza pública,2015,,Presente,mid,Médio,#FFCD00,5283,São Pedro do Iguaçu/PR,0.5
Desastres geo-hidrológicos,60060,Gestão de resíduos e limpeza pública,2015,,Presente,mid,Médio,#FFCD00,3608,São Pedro do Piauí/PI,0.5
Desastres geo-hidrológicos,60060,Gestão de resíduos e limpeza pública,2015,,Presente,mid,Médio,#FFCD00,3950,São Pedro/RN,0.5
Desastres geo-hidrológicos,60060,Gestão de resíduos e limpeza pública,2015,,Presente,mid,Médio,#FFCD00,2301,São Pedro/SP,0.5
Desastres geo-hidrológicos,60060,Gestão de resíduos e limpeza pública,2015,,Presente,mid,Médio,#FFCD00,3377,São Raimundo das Mangabeiras/MA,0.5
Desastres geo-hidrológicos,60060,Gestão de resíduos e limpeza pública,2015,,Presente,mid,Médio,#FFCD00,3378,São Raimundo do Doca Bezerra/MA,0.5
Desastres geo-hidrológicos,60060,Gestão de resíduos e limpeza pública,2015,,Presente,mid,Médio,#FFCD00,3379,São Roberto/MA,0.5
Desastres geo-hidrológicos,60060,Gestão de resíduos e limpeza pública,2015,,Presente,mid,Médio,#FFCD00,1506,São Roque de Minas/MG,0.5
Desastres geo-hidrológicos,60060,Gestão de resíduos e limpeza pública,2015,,Presente,mid,Médio,#FFCD00,1507,São Sebastião da Bela Vista/MG,0.5
Desastres geo-hidrológicos,60060,Gestão de resíduos e limpeza pública,2015,,Presente,mid,Médio,#FFCD00,1508,São Sebastião da Vargem Alegre/MG,0.5
Desastres geo-hidrológicos,60060,Gestão de resíduos e limpeza pública,2015,,Presente,mid,Médio,#FFCD00,1510,São Sebastião do Maranhão/MG,0.5
Desastres geo-hidrológicos,60060,Gestão de resíduos e limpeza pública,2015,,Presente,mid,Médio,#FFCD00,1511,São Sebastião do Oeste/MG,0.5
Desastres geo-hidrológicos,60060,Gestão de resíduos e limpeza pública,2015,,Presente,mid,Médio,#FFCD00,1513,São Sebastião do Rio Preto/MG,0.5
Desastres geo-hidrológicos,60060,Gestão de resíduos e limpeza pública,2015,,Presente,mid,Médio,#FFCD00,4176,São Sebastião do Umbuzeiro/PB,0.5
Desastres geo-hidrológicos,60060,Gestão de resíduos e limpeza pública,2015,,Presente,mid,Médio,#FFCD00,2304,São Sebastião/SP,0.5
Desastres geo-hidrológicos,60060,Gestão de resíduos e limpeza pública,2015,,Presente,mid,Médio,#FFCD00,5286,São Tomé/PR,0.5
Desastres geo-hidrológicos,60060,Gestão de resíduos e limpeza pública,2015,,Presente,mid,Médio,#FFCD00,3952,São Tomé/RN,0.5
Desastres geo-hidrológicos,60060,Gestão de resíduos e limpeza pública,2015,,Presente,mid,Médio,#FFCD00,457,São Valentim do Sul/RS,0.5
Desastres geo-hidrológicos,60060,Gestão de resíduos e limpeza pública,2015,,Presente,mid,Médio,#FFCD00,456,São Valentim/RS,0.5
Desastres geo-hidrológicos,60060,Gestão de resíduos e limpeza pública,2015,,Presente,mid,Médio,#FFCD00,4826,Sapeaçu/BA,0.5
Desastres geo-hidrológicos,60060,Gestão de resíduos e limpeza pública,2015,,Presente,mid,Médio,#FFCD00,2631,Sapucaia do Sul/RS,0.5
Desastres geo-hidrológicos,60060,Gestão de resíduos e limpeza pública,2015,,Presente,mid,Médio,#FFCD00,1764,Saquarema/RJ,0.5
Desastres geo-hidrológicos,60060,Gestão de resíduos e limpeza pública,2015,,Presente,mid,Médio,#FFCD00,460,Sarandi/RS,0.5
Desastres geo-hidrológicos,60060,Gestão de resíduos e limpeza pública,2015,,Presente,mid,Médio,#FFCD00,4827,Sátiro Dias/BA,0.5
Desastres geo-hidrológicos,60060,Gestão de resíduos e limpeza pública,2015,,Presente,mid,Médio,#FFCD00,4481,Satuba/AL,0.5
Desastres geo-hidrológicos,60060,Gestão de resíduos e limpeza pública,2015,,Presente,mid,Médio,#FFCD00,4828,Saubara/BA,0.5
Desastres geo-hidrológicos,60060,Gestão de resíduos e limpeza pública,2015,,Presente,mid,Médio,#FFCD00,5288,Saudade do Iguaçu/PR,0.5
Desastres geo-hidrológicos,60060,Gestão de resíduos e limpeza pública,2015,,Presente,mid,Médio,#FFCD00,114,Saudades/SC,0.5
Desastres geo-hidrológicos,60060,Gestão de resíduos e limpeza pública,2015,,Presente,mid,Médio,#FFCD00,3611,Sebastião Leal/PI,0.5
Desastres geo-hidrológicos,60060,Gestão de resíduos e limpeza pública,2015,,Presente,mid,Médio,#FFCD00,461,Seberi/RS,0.5
Desastres geo-hidrológicos,60060,Gestão de resíduos e limpeza pública,2015,,Presente,mid,Médio,#FFCD00,464,Selbach/RS,0.5
Desastres geo-hidrológicos,60060,Gestão de resíduos e limpeza pública,2015,,Presente,mid,Médio,#FFCD00,1526,Senador Firmino/MG,0.5
Desastres geo-hidrológicos,60060,Gestão de resíduos e limpeza pública,2015,,Presente,mid,Médio,#FFCD00,1527,Senador José Bento/MG,0.5
Desastres geo-hidrológicos,60060,Gestão de resíduos e limpeza pública,2015,,Presente,mid,Médio,#FFCD00,5037,Senador José Porfírio/PA,0.5
Desastres geo-hidrológicos,60060,Gestão de resíduos e limpeza pública,2015,,Presente,mid,Médio,#FFCD00,3383,Senador La Rocque/MA,0.5
Desastres geo-hidrológicos,60060,Gestão de resíduos e limpeza pública,2015,,Presente,mid,Médio,#FFCD00,1528,Senador Modestino Gonçalves/MG,0.5
Desastres geo-hidrológicos,60060,Gestão de resíduos e limpeza pública,2015,,Presente,mid,Médio,#FFCD00,3792,Senador Pompeu/CE,0.5
Desastres geo-hidrológicos,60060,Gestão de resíduos e limpeza pública,2015,,Presente,mid,Médio,#FFCD00,465,Senador Salgado Filho/RS,0.5
Desastres geo-hidrológicos,60060,Gestão de resíduos e limpeza pública,2015,,Presente,mid,Médio,#FFCD00,2839,Sena Madureira/AC,0.5
Desastres geo-hidrológicos,60060,Gestão de resíduos e limpeza pública,2015,,Presente,mid,Médio,#FFCD00,4831,Senhor do Bonfim/BA,0.5
Desastres geo-hidrológicos,60060,Gestão de resíduos e limpeza pública,2015,,Presente,mid,Médio,#FFCD00,466,Sentinela do Sul/RS,0.5
Desastres geo-hidrológicos,60060,Gestão de resíduos e limpeza pública,2015,,Presente,mid,Médio,#FFCD00,467,Serafina Corrêa/RS,0.5
Desastres geo-hidrológicos,60060,Gestão de resíduos e limpeza pública,2015,,Presente,mid,Médio,#FFCD00,1532,Sericita/MG,0.5
Desastres geo-hidrológicos,60060,Gestão de resíduos e limpeza pública,2015,,Presente,mid,Médio,#FFCD00,1533,Seritinga/MG,0.5
Desastres geo-hidrológicos,60060,Gestão de resíduos e limpeza pública,2015,,Presente,mid,Médio,#FFCD00,1534,Serra Azul de Minas/MG,0.5
Desastres geo-hidrológicos,60060,Gestão de resíduos e limpeza pública,2015,,Presente,mid,Médio,#FFCD00,4179,Serra Branca/PB,0.5
Desastres geo-hidrológicos,60060,Gestão de resíduos e limpeza pública,2015,,Presente,mid,Médio,#FFCD00,4180,Serra da Raiz/PB,0.5
Desastres geo-hidrológicos,60060,Gestão de resíduos e limpeza pública,2015,,Presente,mid,Médio,#FFCD00,1535,Serra da Saudade/MG,0.5
Desastres geo-hidrológicos,60060,Gestão de resíduos e limpeza pública,2015,,Presente,mid,Médio,#FFCD00,3957,Serra do Mel/RN,0.5
Desastres geo-hidrológicos,60060,Gestão de resíduos e limpeza pública,2015,,Presente,mid,Médio,#FFCD00,2884,Serra do Navio/AP,0.5
Desastres geo-hidrológicos,60060,Gestão de resíduos e limpeza pública,2015,,Presente,mid,Médio,#FFCD00,4181,Serra Grande/PB,0.5
Desastres geo-hidrológicos,60060,Gestão de resíduos e limpeza pública,2015,,Presente,mid,Médio,#FFCD00,2312,Serrana/SP,0.5
Desastres geo-hidrológicos,60060,Gestão de resíduos e limpeza pública,2015,,Presente,mid,Médio,#FFCD00,1538,Serrania/MG,0.5
Desastres geo-hidrológicos,60060,Gestão de resíduos e limpeza pública,2015,,Presente,mid,Médio,#FFCD00,1539,Serranópolis de Minas/MG,0.5
Desastres geo-hidrológicos,60060,Gestão de resíduos e limpeza pública,2015,,Presente,mid,Médio,#FFCD00,1540,Serranos/MG,0.5
Desastres geo-hidrológicos,60060,Gestão de resíduos e limpeza pública,2015,,Presente,mid,Médio,#FFCD00,4835,Serra Preta/BA,0.5
Desastres geo-hidrológicos,60060,Gestão de resíduos e limpeza pública,2015,,Presente,mid,Médio,#FFCD00,4183,Serraria/PB,0.5
Desastres geo-hidrológicos,60060,Gestão de resíduos e limpeza pública,2015,,Presente,mid,Médio,#FFCD00,4361,Sertânia/PE,0.5
Desastres geo-hidrológicos,60060,Gestão de resíduos e limpeza pública,2015,,Presente,mid,Médio,#FFCD00,469,Sertão/RS,0.5
Desastres geo-hidrológicos,60060,Gestão de resíduos e limpeza pública,2015,,Presente,mid,Médio,#FFCD00,470,Sertão Santana/RS,0.5
Desastres geo-hidrológicos,60060,Gestão de resíduos e limpeza pública,2015,,Presente,mid,Médio,#FFCD00,4184,Sertãozinho/PB,0.5
Desastres geo-hidrológicos,60060,Gestão de resíduos e limpeza pública,2015,,Presente,mid,Médio,#FFCD00,471,Sete de Setembro/RS,0.5
Desastres geo-hidrológicos,60060,Gestão de resíduos e limpeza pública,2015,,Presente,mid,Médio,#FFCD00,1522,Setubinha/MG,0.5
Desastres geo-hidrológicos,60060,Gestão de resíduos e limpeza pública,2015,,Presente,mid,Médio,#FFCD00,3961,Severiano Melo/RN,0.5
Desastres geo-hidrológicos,60060,Gestão de resíduos e limpeza pública,2015,,Presente,mid,Médio,#FFCD00,2316,Severínia/SP,0.5
Desastres geo-hidrológicos,60060,Gestão de resíduos e limpeza pública,2015,,Presente,mid,Médio,#FFCD00,3612,Sigefredo Pacheco/PI,0.5
Desastres geo-hidrológicos,60060,Gestão de resíduos e limpeza pública,2015,,Presente,mid,Médio,#FFCD00,1766,Silva Jardim/RJ,0.5
Desastres geo-hidrológicos,60060,Gestão de resíduos e limpeza pública,2015,,Presente,mid,Médio,#FFCD00,2803,Silvânia/GO,0.5
Desastres geo-hidrológicos,60060,Gestão de resíduos e limpeza pública,2015,,Presente,mid,Médio,#FFCD00,1543,Silveirânia/MG,0.5
Desastres geo-hidrológicos,60060,Gestão de resíduos e limpeza pública,2015,,Presente,mid,Médio,#FFCD00,2317,Silveiras/SP,0.5
Desastres geo-hidrológicos,60060,Gestão de resíduos e limpeza pública,2015,,Presente,mid,Médio,#FFCD00,1544,Silvianópolis/MG,0.5
Desastres geo-hidrológicos,60060,Gestão de resíduos e limpeza pública,2015,,Presente,mid,Médio,#FFCD00,1545,Simão Pereira/MG,0.5
Desastres geo-hidrológicos,60060,Gestão de resíduos e limpeza pública,2015,,Presente,mid,Médio,#FFCD00,4838,Simões Filho/BA,0.5
Desastres geo-hidrológicos,60060,Gestão de resíduos e limpeza pública,2015,,Presente,mid,Médio,#FFCD00,1546,Simonésia/MG,0.5
Desastres geo-hidrológicos,60060,Gestão de resíduos e limpeza pública,2015,,Presente,mid,Médio,#FFCD00,3614,Simplício Mendes/PI,0.5
Desastres geo-hidrológicos,60060,Gestão de resíduos e limpeza pública,2015,,Presente,mid,Médio,#FFCD00,474,Sinimbu/RS,0.5
Desastres geo-hidrológicos,60060,Gestão de resíduos e limpeza pública,2015,,Presente,mid,Médio,#FFCD00,3385,Sítio Novo/MA,0.5
Desastres geo-hidrológicos,60060,Gestão de resíduos e limpeza pública,2015,,Presente,mid,Médio,#FFCD00,3962,Sítio Novo/RN,0.5
Desastres geo-hidrológicos,60060,Gestão de resíduos e limpeza pública,2015,,Presente,mid,Médio,#FFCD00,4186,Solânea/PB,0.5
Desastres geo-hidrológicos,60060,Gestão de resíduos e limpeza pública,2015,,Presente,mid,Médio,#FFCD00,1548,Soledade de Minas/MG,0.5
Desastres geo-hidrológicos,60060,Gestão de resíduos e limpeza pública,2015,,Presente,mid,Médio,#FFCD00,592,Sonora/MS,0.5
Desastres geo-hidrológicos,60060,Gestão de resíduos e limpeza pública,2015,,Presente,mid,Médio,#FFCD00,2319,Sorocaba/SP,0.5
Desastres geo-hidrológicos,60060,Gestão de resíduos e limpeza pública,2015,,Presente,mid,Médio,#FFCD00,2929,Sorriso/MT,0.5
Desastres geo-hidrológicos,60060,Gestão de resíduos e limpeza pública,2015,,Presente,mid,Médio,#FFCD00,4188,Sossêgo/PB,0.5
Desastres geo-hidrológicos,60060,Gestão de resíduos e limpeza pública,2015,,Presente,mid,Médio,#FFCD00,3036,Soure/PA,0.5
Desastres geo-hidrológicos,60060,Gestão de resíduos e limpeza pública,2015,,Presente,mid,Médio,#FFCD00,4189,Sousa/PB,0.5
Desastres geo-hidrológicos,60060,Gestão de resíduos e limpeza pública,2015,,Presente,mid,Médio,#FFCD00,4842,Souto Soares/BA,0.5
Desastres geo-hidrológicos,60060,Gestão de resíduos e limpeza pública,2015,,Presente,mid,Médio,#FFCD00,3387,Sucupira do Riachão/MA,0.5
Desastres geo-hidrológicos,60060,Gestão de resíduos e limpeza pública,2015,,Presente,mid,Médio,#FFCD00,1767,Sumidouro/RJ,0.5
Desastres geo-hidrológicos,60060,Gestão de resíduos e limpeza pública,2015,,Presente,mid,Médio,#FFCD00,4365,Surubim/PE,0.5
Desastres geo-hidrológicos,60060,Gestão de resíduos e limpeza pública,2015,,Presente,mid,Médio,#FFCD00,477,Tabaí/RS,0.5
Desastres geo-hidrológicos,60060,Gestão de resíduos e limpeza pública,2015,,Presente,mid,Médio,#FFCD00,4366,Tabira/PE,0.5
Desastres geo-hidrológicos,60060,Gestão de resíduos e limpeza pública,2015,,Presente,mid,Médio,#FFCD00,4843,Tabocas do Brejo Velho/BA,0.5
Desastres geo-hidrológicos,60060,Gestão de resíduos e limpeza pública,2015,,Presente,mid,Médio,#FFCD00,4368,Tacaratu/PE,0.5
Desastres geo-hidrológicos,60060,Gestão de resíduos e limpeza pública,2015,,Presente,mid,Médio,#FFCD00,4191,Tacima/PB,0.5
Desastres geo-hidrológicos,60060,Gestão de resíduos e limpeza pública,2015,,Presente,mid,Médio,#FFCD00,593,Tacuru/MS,0.5
Desastres geo-hidrológicos,60060,Gestão de resíduos e limpeza pública,2015,,Presente,mid,Médio,#FFCD00,3037,Tailândia/PA,0.5
Desastres geo-hidrológicos,60060,Gestão de resíduos e limpeza pública,2015,,Presente,mid,Médio,#FFCD00,3179,Talismã/TO,0.5
Desastres geo-hidrológicos,60060,Gestão de resíduos e limpeza pública,2015,,Presente,mid,Médio,#FFCD00,5423,Tamarana/PR,0.5
Desastres geo-hidrológicos,60060,Gestão de resíduos e limpeza pública,2015,,Presente,mid,Médio,#FFCD00,3617,Tamboril do Piauí/PI,0.5
Desastres geo-hidrológicos,60060,Gestão de resíduos e limpeza pública,2015,,Presente,mid,Médio,#FFCD00,3965,Tangará/RN,0.5
Desastres geo-hidrológicos,60060,Gestão de resíduos e limpeza pública,2015,,Presente,mid,Médio,#FFCD00,1768,Tanguá/RJ,0.5
Desastres geo-hidrológicos,60060,Gestão de resíduos e limpeza pública,2015,,Presente,mid,Médio,#FFCD00,4483,Tanque d'Arca/AL,0.5
Desastres geo-hidrológicos,60060,Gestão de resíduos e limpeza pública,2015,,Presente,mid,Médio,#FFCD00,3618,Tanque do Piauí/PI,0.5
Desastres geo-hidrológicos,60060,Gestão de resíduos e limpeza pública,2015,,Presente,mid,Médio,#FFCD00,4845,Tanquinho/BA,0.5
Desastres geo-hidrológicos,60060,Gestão de resíduos e limpeza pública,2015,,Presente,mid,Médio,#FFCD00,1551,Taparuba/MG,0.5
Desastres geo-hidrológicos,60060,Gestão de resíduos e limpeza pública,2015,,Presente,mid,Médio,#FFCD00,478,Tapejara/RS,0.5
Desastres geo-hidrológicos,60060,Gestão de resíduos e limpeza pública,2015,,Presente,mid,Médio,#FFCD00,479,Tapera/RS,0.5
Desastres geo-hidrológicos,60060,Gestão de resíduos e limpeza pública,2015,,Presente,mid,Médio,#FFCD00,1553,Tapiraí/MG,0.5
Desastres geo-hidrológicos,60060,Gestão de resíduos e limpeza pública,2015,,Presente,mid,Médio,#FFCD00,1552,Tapira/MG,0.5
Desastres geo-hidrológicos,60060,Gestão de resíduos e limpeza pública,2015,,Presente,mid,Médio,#FFCD00,5293,Tapira/PR,0.5
Desastres geo-hidrológicos,60060,Gestão de resíduos e limpeza pública,2015,,Presente,mid,Médio,#FFCD00,2333,Tapiratiba/SP,0.5
Desastres geo-hidrológicos,60060,Gestão de resíduos e limpeza pública,2015,,Presente,mid,Médio,#FFCD00,2334,Taquaral/SP,0.5
Desastres geo-hidrológicos,60060,Gestão de resíduos e limpeza pública,2015,,Presente,mid,Médio,#FFCD00,4484,Taquarana/AL,0.5
Desastres geo-hidrológicos,60060,Gestão de resíduos e limpeza pública,2015,,Presente,mid,Médio,#FFCD00,2632,Taquara/RS,0.5
Desastres geo-hidrológicos,60060,Gestão de resíduos e limpeza pública,2015,,Presente,mid,Médio,#FFCD00,594,Taquarussu/MS,0.5
Desastres geo-hidrológicos,60060,Gestão de resíduos e limpeza pública,2015,,Presente,mid,Médio,#FFCD00,24,Tarabai/SP,0.5
Desastres geo-hidrológicos,60060,Gestão de resíduos e limpeza pública,2015,,Presente,mid,Médio,#FFCD00,2840,Tarauacá/AC,0.5
Desastres geo-hidrológicos,60060,Gestão de resíduos e limpeza pública,2015,,Presente,mid,Médio,#FFCD00,3798,Tarrafas/CE,0.5
Desastres geo-hidrológicos,60060,Gestão de resíduos e limpeza pública,2015,,Presente,mid,Médio,#FFCD00,5048,Tartarugalzinho/AP,0.5
Desastres geo-hidrológicos,60060,Gestão de resíduos e limpeza pública,2015,,Presente,mid,Médio,#FFCD00,1555,Tarumirim/MG,0.5
Desastres geo-hidrológicos,60060,Gestão de resíduos e limpeza pública,2015,,Presente,mid,Médio,#FFCD00,3799,Tauá/CE,0.5
Desastres geo-hidrológicos,60060,Gestão de resíduos e limpeza pública,2015,,Presente,mid,Médio,#FFCD00,4193,Tavares/PB,0.5
Desastres geo-hidrológicos,60060,Gestão de resíduos e limpeza pública,2015,,Presente,mid,Médio,#FFCD00,747,Teixeira de Freitas/BA,0.5
Desastres geo-hidrológicos,60060,Gestão de resíduos e limpeza pública,2015,,Presente,mid,Médio,#FFCD00,1556,Teixeiras/MG,0.5
Desastres geo-hidrológicos,60060,Gestão de resíduos e limpeza pública,2015,,Presente,mid,Médio,#FFCD00,5424,Teixeira Soares/PR,0.5
Desastres geo-hidrológicos,60060,Gestão de resíduos e limpeza pública,2015,,Presente,mid,Médio,#FFCD00,5568,Teixeirópolis/RO,0.5
Desastres geo-hidrológicos,60060,Gestão de resíduos e limpeza pública,2015,,Presente,mid,Médio,#FFCD00,4560,Telha/SE,0.5
Desastres geo-hidrológicos,60060,Gestão de resíduos e limpeza pública,2015,,Presente,mid,Médio,#FFCD00,3967,Tenente Laurentino Cruz/RN,0.5
Desastres geo-hidrológicos,60060,Gestão de resíduos e limpeza pública,2015,,Presente,mid,Médio,#FFCD00,4848,Teodoro Sampaio/BA,0.5
Desastres geo-hidrológicos,60060,Gestão de resíduos e limpeza pública,2015,,Presente,mid,Médio,#FFCD00,4849,Teofilândia/BA,0.5
Desastres geo-hidrológicos,60060,Gestão de resíduos e limpeza pública,2015,,Presente,mid,Médio,#FFCD00,4850,Teolândia/BA,0.5
Desastres geo-hidrológicos,60060,Gestão de resíduos e limpeza pública,2015,,Presente,mid,Médio,#FFCD00,4893,Teresina de Goiás/GO,0.5
Desastres geo-hidrológicos,60060,Gestão de resíduos e limpeza pública,2015,,Presente,mid,Médio,#FFCD00,4371,Terezinha/PE,0.5
Desastres geo-hidrológicos,60060,Gestão de resíduos e limpeza pública,2015,,Presente,mid,Médio,#FFCD00,2807,Terezópolis de Goiás/GO,0.5
Desastres geo-hidrológicos,60060,Gestão de resíduos e limpeza pública,2015,,Presente,mid,Médio,#FFCD00,3038,Terra Alta/PA,0.5
Desastres geo-hidrológicos,60060,Gestão de resíduos e limpeza pública,2015,,Presente,mid,Médio,#FFCD00,5294,Terra Boa/PR,0.5
Desastres geo-hidrológicos,60060,Gestão de resíduos e limpeza pública,2015,,Presente,mid,Médio,#FFCD00,2634,Terra de Areia/RS,0.5
Desastres geo-hidrológicos,60060,Gestão de resíduos e limpeza pública,2015,,Presente,mid,Médio,#FFCD00,5295,Terra Rica/PR,0.5
Desastres geo-hidrológicos,60060,Gestão de resíduos e limpeza pública,2015,,Presente,mid,Médio,#FFCD00,2880,Terra Santa/PA,0.5
Desastres geo-hidrológicos,60060,Gestão de resíduos e limpeza pública,2015,,Presente,mid,Médio,#FFCD00,3968,Tibau do Sul/RN,0.5
Desastres geo-hidrológicos,60060,Gestão de resíduos e limpeza pública,2015,,Presente,mid,Médio,#FFCD00,5427,Tijucas do Sul/PR,0.5
Desastres geo-hidrológicos,60060,Gestão de resíduos e limpeza pública,2015,,Presente,mid,Médio,#FFCD00,3969,Timbaúba dos Batistas/RN,0.5
Desastres geo-hidrológicos,60060,Gestão de resíduos e limpeza pública,2015,,Presente,mid,Médio,#FFCD00,3389,Timbiras/MA,0.5
Desastres geo-hidrológicos,60060,Gestão de resíduos e limpeza pública,2015,,Presente,mid,Médio,#FFCD00,2547,Timbó/SC,0.5
Desastres geo-hidrológicos,60060,Gestão de resíduos e limpeza pública,2015,,Presente,mid,Médio,#FFCD00,2344,Timburi/SP,0.5
Desastres geo-hidrológicos,60060,Gestão de resíduos e limpeza pública,2015,,Presente,mid,Médio,#FFCD00,484,Tio Hugo/RS,0.5
Desastres geo-hidrológicos,60060,Gestão de resíduos e limpeza pública,2015,,Presente,mid,Médio,#FFCD00,3181,Tocantínia/TO,0.5
Desastres geo-hidrológicos,60060,Gestão de resíduos e limpeza pública,2015,,Presente,mid,Médio,#FFCD00,1564,Tombos/MG,0.5
Desastres geo-hidrológicos,60060,Gestão de resíduos e limpeza pública,2015,,Presente,mid,Médio,#FFCD00,3039,Tomé-Açu/PA,0.5
Desastres geo-hidrológicos,60060,Gestão de resíduos e limpeza pública,2015,,Presente,mid,Médio,#FFCD00,655,Torixoréu/MT,0.5
Desastres geo-hidrológicos,60060,Gestão de resíduos e limpeza pública,2015,,Presente,mid,Médio,#FFCD00,486,Toropi/RS,0.5
Desastres geo-hidrológicos,60060,Gestão de resíduos e limpeza pública,2015,,Presente,mid,Médio,#FFCD00,3970,Touros/RN,0.5
Desastres geo-hidrológicos,60060,Gestão de resíduos e limpeza pública,2015,,Presente,mid,Médio,#FFCD00,4375,Tracunhaém/PE,0.5
Desastres geo-hidrológicos,60060,Gestão de resíduos e limpeza pública,2015,,Presente,mid,Médio,#FFCD00,2881,Trairão/PA,0.5
Desastres geo-hidrológicos,60060,Gestão de resíduos e limpeza pública,2015,,Presente,mid,Médio,#FFCD00,1770,Trajano de Moraes/RJ,0.5
Desastres geo-hidrológicos,60060,Gestão de resíduos e limpeza pública,2015,,Presente,mid,Médio,#FFCD00,488,Três Arroios/RS,0.5
Desastres geo-hidrológicos,60060,Gestão de resíduos e limpeza pública,2015,,Presente,mid,Médio,#FFCD00,2549,Três Barras/SC,0.5
Desastres geo-hidrológicos,60060,Gestão de resíduos e limpeza pública,2015,,Presente,mid,Médio,#FFCD00,2639,Três Forquilhas/RS,0.5
Desastres geo-hidrológicos,60060,Gestão de resíduos e limpeza pública,2015,,Presente,mid,Médio,#FFCD00,1566,Três Marias/MG,0.5
Desastres geo-hidrológicos,60060,Gestão de resíduos e limpeza pública,2015,,Presente,mid,Médio,#FFCD00,490,Três Palmeiras/RS,0.5
Desastres geo-hidrológicos,60060,Gestão de resíduos e limpeza pública,2015,,Presente,mid,Médio,#FFCD00,2551,Treze de Maio/SC,0.5
Desastres geo-hidrológicos,60060,Gestão de resíduos e limpeza pública,2015,,Presente,mid,Médio,#FFCD00,492,Trindade do Sul/RS,0.5
Desastres geo-hidrológicos,60060,Gestão de resíduos e limpeza pública,2015,,Presente,mid,Médio,#FFCD00,4196,Triunfo/PB,0.5
Desastres geo-hidrológicos,60060,Gestão de resíduos e limpeza pública,2015,,Presente,mid,Médio,#FFCD00,3971,Triunfo Potiguar/RN,0.5
Desastres geo-hidrológicos,60060,Gestão de resíduos e limpeza pública,2015,,Presente,mid,Médio,#FFCD00,4943,Triunfo/RS,0.5
Desastres geo-hidrológicos,60060,Gestão de resíduos e limpeza pública,2015,,Presente,mid,Médio,#FFCD00,4894,Trombas/GO,0.5
Desastres geo-hidrológicos,60060,Gestão de resíduos e limpeza pública,2015,,Presente,mid,Médio,#FFCD00,2552,Trombudo Central/SC,0.5
Desastres geo-hidrológicos,60060,Gestão de resíduos e limpeza pública,2015,,Presente,mid,Médio,#FFCD00,494,Tunas/RS,0.5
Desastres geo-hidrológicos,60060,Gestão de resíduos e limpeza pública,2015,,Presente,mid,Médio,#FFCD00,495,Tupanci do Sul/RS,0.5
Desastres geo-hidrológicos,60060,Gestão de resíduos e limpeza pública,2015,,Presente,mid,Médio,#FFCD00,5300,Tupãssi/PR,0.5
Desastres geo-hidrológicos,60060,Gestão de resíduos e limpeza pública,2015,,Presente,mid,Médio,#FFCD00,3183,Tupirama/TO,0.5
Desastres geo-hidrológicos,60060,Gestão de resíduos e limpeza pública,2015,,Presente,mid,Médio,#FFCD00,3184,Tupiratins/TO,0.5
Desastres geo-hidrológicos,60060,Gestão de resíduos e limpeza pública,2015,,Presente,mid,Médio,#FFCD00,1570,Turmalina/MG,0.5
Desastres geo-hidrológicos,60060,Gestão de resíduos e limpeza pública,2015,,Presente,mid,Médio,#FFCD00,3803,Tururu/CE,0.5
Desastres geo-hidrológicos,60060,Gestão de resíduos e limpeza pública,2015,,Presente,mid,Médio,#FFCD00,2810,Turvânia/GO,0.5
Desastres geo-hidrológicos,60060,Gestão de resíduos e limpeza pública,2015,,Presente,mid,Médio,#FFCD00,1571,Turvolândia/MG,0.5
Desastres geo-hidrológicos,60060,Gestão de resíduos e limpeza pública,2015,,Presente,mid,Médio,#FFCD00,4853,Uauá/BA,0.5
Desastres geo-hidrológicos,60060,Gestão de resíduos e limpeza pública,2015,,Presente,mid,Médio,#FFCD00,4854,Ubaíra/BA,0.5
Desastres geo-hidrológicos,60060,Gestão de resíduos e limpeza pública,2015,,Presente,mid,Médio,#FFCD00,5008,Ubaitaba/BA,0.5
Desastres geo-hidrológicos,60060,Gestão de resíduos e limpeza pública,2015,,Presente,mid,Médio,#FFCD00,4855,Ubatã/BA,0.5
Desastres geo-hidrológicos,60060,Gestão de resíduos e limpeza pública,2015,,Presente,mid,Médio,#FFCD00,1575,Uberaba/MG,0.5
Desastres geo-hidrológicos,60060,Gestão de resíduos e limpeza pública,2015,,Presente,mid,Médio,#FFCD00,2356,Ubirajara/SP,0.5
Desastres geo-hidrológicos,60060,Gestão de resíduos e limpeza pública,2015,,Presente,mid,Médio,#FFCD00,499,Ubiretama/RS,0.5
Desastres geo-hidrológicos,60060,Gestão de resíduos e limpeza pública,2015,,Presente,mid,Médio,#FFCD00,2357,Uchoa/SP,0.5
Desastres geo-hidrológicos,60060,Gestão de resíduos e limpeza pública,2015,,Presente,mid,Médio,#FFCD00,4856,Uibaí/BA,0.5
Desastres geo-hidrológicos,60060,Gestão de resíduos e limpeza pública,2015,,Presente,mid,Médio,#FFCD00,5027,Uirapuru/GO,0.5
Desastres geo-hidrológicos,60060,Gestão de resíduos e limpeza pública,2015,,Presente,mid,Médio,#FFCD00,3805,Umari/CE,0.5
Desastres geo-hidrológicos,60060,Gestão de resíduos e limpeza pública,2015,,Presente,mid,Médio,#FFCD00,1577,Umburatiba/MG,0.5
Desastres geo-hidrológicos,60060,Gestão de resíduos e limpeza pública,2015,,Presente,mid,Médio,#FFCD00,3806,Umirim/CE,0.5
Desastres geo-hidrológicos,60060,Gestão de resíduos e limpeza pública,2015,,Presente,mid,Médio,#FFCD00,5302,Umuarama/PR,0.5
Desastres geo-hidrológicos,60060,Gestão de resíduos e limpeza pública,2015,,Presente,mid,Médio,#FFCD00,749,Una/BA,0.5
Desastres geo-hidrológicos,60060,Gestão de resíduos e limpeza pública,2015,,Presente,mid,Médio,#FFCD00,2933,União do Sul/MT,0.5
Desastres geo-hidrológicos,60060,Gestão de resíduos e limpeza pública,2015,,Presente,mid,Médio,#FFCD00,2358,União Paulista/SP,0.5
Desastres geo-hidrológicos,60060,Gestão de resíduos e limpeza pública,2015,,Presente,mid,Médio,#FFCD00,3620,União/PI,0.5
Desastres geo-hidrológicos,60060,Gestão de resíduos e limpeza pública,2015,,Presente,mid,Médio,#FFCD00,3973,Upanema/RN,0.5
Desastres geo-hidrológicos,60060,Gestão de resíduos e limpeza pública,2015,,Presente,mid,Médio,#FFCD00,3397,Urbano Santos/MA,0.5
Desastres geo-hidrológicos,60060,Gestão de resíduos e limpeza pública,2015,,Presente,mid,Médio,#FFCD00,1580,Uruana de Minas/MG,0.5
Desastres geo-hidrológicos,60060,Gestão de resíduos e limpeza pública,2015,,Presente,mid,Médio,#FFCD00,2882,Uruará/PA,0.5
Desastres geo-hidrológicos,60060,Gestão de resíduos e limpeza pública,2015,,Presente,mid,Médio,#FFCD00,2555,Urubici/SC,0.5
Desastres geo-hidrológicos,60060,Gestão de resíduos e limpeza pública,2015,,Presente,mid,Médio,#FFCD00,1581,Urucânia/MG,0.5
Desastres geo-hidrológicos,60060,Gestão de resíduos e limpeza pública,2015,,Presente,mid,Médio,#FFCD00,1582,Urucuia/MG,0.5
Desastres geo-hidrológicos,60060,Gestão de resíduos e limpeza pública,2015,,Presente,mid,Médio,#FFCD00,5520,Urucurituba/AM,0.5
Desastres geo-hidrológicos,60060,Gestão de resíduos e limpeza pública,2015,,Presente,mid,Médio,#FFCD00,4858,Utinga/BA,0.5
Desastres geo-hidrológicos,60060,Gestão de resíduos e limpeza pública,2015,,Presente,mid,Médio,#FFCD00,2640,Vacaria/RS,0.5
Desastres geo-hidrológicos,60060,Gestão de resíduos e limpeza pública,2015,,Presente,mid,Médio,#FFCD00,656,Vale de São Domingos/MT,0.5
Desastres geo-hidrológicos,60060,Gestão de resíduos e limpeza pública,2015,,Presente,mid,Médio,#FFCD00,4859,Valença/BA,0.5
Desastres geo-hidrológicos,60060,Gestão de resíduos e limpeza pública,2015,,Presente,mid,Médio,#FFCD00,3622,Valença do Piauí/PI,0.5
Desastres geo-hidrológicos,60060,Gestão de resíduos e limpeza pública,2015,,Presente,mid,Médio,#FFCD00,1772,Valença/RJ,0.5
Desastres geo-hidrológicos,60060,Gestão de resíduos e limpeza pública,2015,,Presente,mid,Médio,#FFCD00,505,Vanini/RS,0.5
Desastres geo-hidrológicos,60060,Gestão de resíduos e limpeza pública,2015,,Presente,mid,Médio,#FFCD00,1583,Vargem Alegre/MG,0.5
Desastres geo-hidrológicos,60060,Gestão de resíduos e limpeza pública,2015,,Presente,mid,Médio,#FFCD00,1677,Vargem Alta/ES,0.5
Desastres geo-hidrológicos,60060,Gestão de resíduos e limpeza pública,2015,,Presente,mid,Médio,#FFCD00,1584,Vargem Bonita/MG,0.5
Desastres geo-hidrológicos,60060,Gestão de resíduos e limpeza pública,2015,,Presente,mid,Médio,#FFCD00,2366,Vargem Grande do Sul/SP,0.5
Desastres geo-hidrológicos,60060,Gestão de resíduos e limpeza pública,2015,,Presente,mid,Médio,#FFCD00,4863,Várzea Nova/BA,0.5
Desastres geo-hidrológicos,60060,Gestão de resíduos e limpeza pública,2015,,Presente,mid,Médio,#FFCD00,4199,Várzea/PB,0.5
Desastres geo-hidrológicos,60060,Gestão de resíduos e limpeza pública,2015,,Presente,mid,Médio,#FFCD00,3974,Várzea/RN,0.5
Desastres geo-hidrológicos,60060,Gestão de resíduos e limpeza pública,2015,,Presente,mid,Médio,#FFCD00,4864,Varzedo/BA,0.5
Desastres geo-hidrológicos,60060,Gestão de resíduos e limpeza pública,2015,,Presente,mid,Médio,#FFCD00,506,Venâncio Aires/RS,0.5
Desastres geo-hidrológicos,60060,Gestão de resíduos e limpeza pública,2015,,Presente,mid,Médio,#FFCD00,5433,Ventania/PR,0.5
Desastres geo-hidrológicos,60060,Gestão de resíduos e limpeza pública,2015,,Presente,mid,Médio,#FFCD00,4380,Venturosa/PE,0.5
Desastres geo-hidrológicos,60060,Gestão de resíduos e limpeza pública,2015,,Presente,mid,Médio,#FFCD00,3976,Vera Cruz/RN,0.5
Desastres geo-hidrológicos,60060,Gestão de resíduos e limpeza pública,2015,,Presente,mid,Médio,#FFCD00,2369,Vera Cruz/SP,0.5
Desastres geo-hidrológicos,60060,Gestão de resíduos e limpeza pública,2015,,Presente,mid,Médio,#FFCD00,2934,Vera/MT,0.5
Desastres geo-hidrológicos,60060,Gestão de resíduos e limpeza pública,2015,,Presente,mid,Médio,#FFCD00,752,Vereda/BA,0.5
Desastres geo-hidrológicos,60060,Gestão de resíduos e limpeza pública,2015,,Presente,mid,Médio,#FFCD00,1592,Veredinha/MG,0.5
Desastres geo-hidrológicos,60060,Gestão de resíduos e limpeza pública,2015,,Presente,mid,Médio,#FFCD00,1593,Veríssimo/MG,0.5
Desastres geo-hidrológicos,60060,Gestão de resíduos e limpeza pública,2015,,Presente,mid,Médio,#FFCD00,4382,Vertente do Lério/PE,0.5
Desastres geo-hidrológicos,60060,Gestão de resíduos e limpeza pública,2015,,Presente,mid,Médio,#FFCD00,4383,Vertentes/PE,0.5
Desastres geo-hidrológicos,60060,Gestão de resíduos e limpeza pública,2015,,Presente,mid,Médio,#FFCD00,4488,Viçosa/AL,0.5
Desastres geo-hidrológicos,60060,Gestão de resíduos e limpeza pública,2015,,Presente,mid,Médio,#FFCD00,3977,Viçosa/RN,0.5
Desastres geo-hidrológicos,60060,Gestão de resíduos e limpeza pública,2015,,Presente,mid,Médio,#FFCD00,512,Victor Graeff/RS,0.5
Desastres geo-hidrológicos,60060,Gestão de resíduos e limpeza pública,2015,,Presente,mid,Médio,#FFCD00,4200,Vieirópolis/PB,0.5
Desastres geo-hidrológicos,60060,Gestão de resíduos e limpeza pública,2015,,Presente,mid,Médio,#FFCD00,3043,Vigia/PA,0.5
Desastres geo-hidrológicos,60060,Gestão de resíduos e limpeza pública,2015,,Presente,mid,Médio,#FFCD00,3400,Vila Nova dos Martírios/MA,0.5
Desastres geo-hidrológicos,60060,Gestão de resíduos e limpeza pública,2015,,Presente,mid,Médio,#FFCD00,5059,Vila Rica/MT,0.5
Desastres geo-hidrológicos,60060,Gestão de resíduos e limpeza pública,2015,,Presente,mid,Médio,#FFCD00,1681,Vila Valério/ES,0.5
Desastres geo-hidrológicos,60060,Gestão de resíduos e limpeza pública,2015,,Presente,mid,Médio,#FFCD00,5542,Vilhena/RO,0.5
Desastres geo-hidrológicos,60060,Gestão de resíduos e limpeza pública,2015,,Presente,mid,Médio,#FFCD00,1599,Virgem da Lapa/MG,0.5
Desastres geo-hidrológicos,60060,Gestão de resíduos e limpeza pública,2015,,Presente,mid,Médio,#FFCD00,1600,Virgínia/MG,0.5
Desastres geo-hidrológicos,60060,Gestão de resíduos e limpeza pública,2015,,Presente,mid,Médio,#FFCD00,1601,Virginópolis/MG,0.5
Desastres geo-hidrológicos,60060,Gestão de resíduos e limpeza pública,2015,,Presente,mid,Médio,#FFCD00,5307,Virmond/PR,0.5
Desastres geo-hidrológicos,60060,Gestão de resíduos e limpeza pública,2015,,Presente,mid,Médio,#FFCD00,1603,Visconde do Rio Branco/MG,0.5
Desastres geo-hidrológicos,60060,Gestão de resíduos e limpeza pública,2015,,Presente,mid,Médio,#FFCD00,3044,Viseu/PA,0.5
Desastres geo-hidrológicos,60060,Gestão de resíduos e limpeza pública,2015,,Presente,mid,Médio,#FFCD00,2372,Vista Alegre do Alto/SP,0.5
Desastres geo-hidrológicos,60060,Gestão de resíduos e limpeza pública,2015,,Presente,mid,Médio,#FFCD00,518,Vista Alegre do Prata/RS,0.5
Desastres geo-hidrológicos,60060,Gestão de resíduos e limpeza pública,2015,,Presente,mid,Médio,#FFCD00,517,Vista Alegre/RS,0.5
Desastres geo-hidrológicos,60060,Gestão de resíduos e limpeza pública,2015,,Presente,mid,Médio,#FFCD00,2373,Vitória Brasil/SP,0.5
Desastres geo-hidrológicos,60060,Gestão de resíduos e limpeza pública,2015,,Presente,mid,Médio,#FFCD00,753,Vitória da Conquista/BA,0.5
Desastres geo-hidrológicos,60060,Gestão de resíduos e limpeza pública,2015,,Presente,mid,Médio,#FFCD00,2887,Vitória do Jari/AP,0.5
Desastres geo-hidrológicos,60060,Gestão de resíduos e limpeza pública,2015,,Presente,mid,Médio,#FFCD00,3402,Vitorino Freire/MA,0.5
Desastres geo-hidrológicos,60060,Gestão de resíduos e limpeza pública,2015,,Presente,mid,Médio,#FFCD00,1604,Volta Grande/MG,0.5
Desastres geo-hidrológicos,60060,Gestão de resíduos e limpeza pública,2015,,Presente,mid,Médio,#FFCD00,3627,Wall Ferraz/PI,0.5
Desastres geo-hidrológicos,60060,Gestão de resíduos e limpeza pública,2015,,Presente,mid,Médio,#FFCD00,3185,Wanderlândia/TO,0.5
Desastres geo-hidrológicos,60060,Gestão de resíduos e limpeza pública,2015,,Presente,mid,Médio,#FFCD00,4868,Wenceslau Guimarães/BA,0.5
Desastres geo-hidrológicos,60060,Gestão de resíduos e limpeza pública,2015,,Presente,mid,Médio,#FFCD00,2643,Xangri-lá/RS,0.5
Desastres geo-hidrológicos,60060,Gestão de resíduos e limpeza pública,2015,,Presente,mid,Médio,#FFCD00,2841,Xapuri/AC,0.5
Desastres geo-hidrológicos,60060,Gestão de resíduos e limpeza pública,2015,,Presente,mid,Médio,#FFCD00,4386,Xexéu/PE,0.5
Desastres geo-hidrológicos,60060,Gestão de resíduos e limpeza pública,2015,,Presente,mid,Médio,#FFCD00,4869,Xique-Xique/BA,0.5
Desastres geo-hidrológicos,60060,Gestão de resíduos e limpeza pública,2015,,Presente,mid,Médio,#FFCD00,3403,Zé Doca/MA,0.5
Desastres geo-hidrológicos,60060,Gestão de resíduos e limpeza pública,2015,,Presente,veryhigh,Muito alto,#02C650,2644,Abadia de Goiás/GO,1.0
Desastres geo-hidrológicos,60060,Gestão de resíduos e limpeza pública,2015,,Presente,veryhigh,Muito alto,#02C650,754,Abadia dos Dourados/MG,1.0
Desastres geo-hidrológicos,60060,Gestão de resíduos e limpeza pública,2015,,Presente,veryhigh,Muito alto,#02C650,755,Abaeté/MG,1.0
Desastres geo-hidrológicos,60060,Gestão de resíduos e limpeza pública,2015,,Presente,veryhigh,Muito alto,#02C650,5310,Abatiá/PR,1.0
Desastres geo-hidrológicos,60060,Gestão de resíduos e limpeza pública,2015,,Presente,veryhigh,Muito alto,#02C650,2379,Abdon Batista/SC,1.0
Desastres geo-hidrológicos,60060,Gestão de resíduos e limpeza pública,2015,,Presente,veryhigh,Muito alto,#02C650,27,Abelardo Luz/SC,1.0
Desastres geo-hidrológicos,60060,Gestão de resíduos e limpeza pública,2015,,Presente,veryhigh,Muito alto,#02C650,2939,Abel Figueiredo/PA,1.0
Desastres geo-hidrológicos,60060,Gestão de resíduos e limpeza pública,2015,,Presente,veryhigh,Muito alto,#02C650,756,Abre Campo/MG,1.0
Desastres geo-hidrológicos,60060,Gestão de resíduos e limpeza pública,2015,,Presente,veryhigh,Muito alto,#02C650,4202,Abreu e Lima/PE,1.0
Desastres geo-hidrológicos,60060,Gestão de resíduos e limpeza pública,2015,,Presente,veryhigh,Muito alto,#02C650,3629,Acarape/CE,1.0
Desastres geo-hidrológicos,60060,Gestão de resíduos e limpeza pública,2015,,Presente,veryhigh,Muito alto,#02C650,3812,Acari/RN,1.0
Desastres geo-hidrológicos,60060,Gestão de resíduos e limpeza pública,2015,,Presente,veryhigh,Muito alto,#02C650,128,Aceguá/RS,1.0
Desastres geo-hidrológicos,60060,Gestão de resíduos e limpeza pública,2015,,Presente,veryhigh,Muito alto,#02C650,3813,Açu/RN,1.0
Desastres geo-hidrológicos,60060,Gestão de resíduos e limpeza pública,2015,,Presente,veryhigh,Muito alto,#02C650,5311,Adrianópolis/PR,1.0
Desastres geo-hidrológicos,60060,Gestão de resíduos e limpeza pública,2015,,Presente,veryhigh,Muito alto,#02C650,4203,Afogados da Ingazeira/PE,1.0
Desastres geo-hidrológicos,60060,Gestão de resíduos e limpeza pública,2015,,Presente,veryhigh,Muito alto,#02C650,1606,Afonso Cláudio/ES,1.0
Desastres geo-hidrológicos,60060,Gestão de resíduos e limpeza pública,2015,,Presente,veryhigh,Muito alto,#02C650,4204,Afrânio/PE,1.0
Desastres geo-hidrológicos,60060,Gestão de resíduos e limpeza pública,2015,,Presente,veryhigh,Muito alto,#02C650,4205,Agrestina/PE,1.0
Desastres geo-hidrológicos,60060,Gestão de resíduos e limpeza pública,2015,,Presente,veryhigh,Muito alto,#02C650,2381,Agronômica/SC,1.0
Desastres geo-hidrológicos,60060,Gestão de resíduos e limpeza pública,2015,,Presente,veryhigh,Muito alto,#02C650,759,Água Boa/MG,1.0
Desastres geo-hidrológicos,60060,Gestão de resíduos e limpeza pública,2015,,Presente,veryhigh,Muito alto,#02C650,760,Água Comprida/MG,1.0
Desastres geo-hidrológicos,60060,Gestão de resíduos e limpeza pública,2015,,Presente,veryhigh,Muito alto,#02C650,1608,Água Doce do Norte/ES,1.0
Desastres geo-hidrológicos,60060,Gestão de resíduos e limpeza pública,2015,,Presente,veryhigh,Muito alto,#02C650,4911,Água Doce/SC,1.0
Desastres geo-hidrológicos,60060,Gestão de resíduos e limpeza pública,2015,,Presente,veryhigh,Muito alto,#02C650,2648,Água Fria de Goiás/GO,1.0
Desastres geo-hidrológicos,60060,Gestão de resíduos e limpeza pública,2015,,Presente,veryhigh,Muito alto,#02C650,2649,Água Limpa/GO,1.0
Desastres geo-hidrológicos,60060,Gestão de resíduos e limpeza pública,2015,,Presente,veryhigh,Muito alto,#02C650,3815,Água Nova/RN,1.0
Desastres geo-hidrológicos,60060,Gestão de resíduos e limpeza pública,2015,,Presente,veryhigh,Muito alto,#02C650,129,Água Santa/RS,1.0
Desastres geo-hidrológicos,60060,Gestão de resíduos e limpeza pública,2015,,Presente,veryhigh,Muito alto,#02C650,1779,Águas da Prata/SP,1.0
Desastres geo-hidrológicos,60060,Gestão de resíduos e limpeza pública,2015,,Presente,veryhigh,Muito alto,#02C650,28,Águas de Chapecó/SC,1.0
Desastres geo-hidrológicos,60060,Gestão de resíduos e limpeza pública,2015,,Presente,veryhigh,Muito alto,#02C650,1780,Águas de Lindóia/SP,1.0
Desastres geo-hidrológicos,60060,Gestão de resíduos e limpeza pública,2015,,Presente,veryhigh,Muito alto,#02C650,1782,Águas de São Pedro/SP,1.0
Desastres geo-hidrológicos,60060,Gestão de resíduos e limpeza pública,2015,,Presente,veryhigh,Muito alto,#02C650,762,Águas Formosas/MG,1.0
Desastres geo-hidrológicos,60060,Gestão de resíduos e limpeza pública,2015,,Presente,veryhigh,Muito alto,#02C650,2382,Águas Mornas/SC,1.0
Desastres geo-hidrológicos,60060,Gestão de resíduos e limpeza pública,2015,,Presente,veryhigh,Muito alto,#02C650,130,Agudo/RS,1.0
Desastres geo-hidrológicos,60060,Gestão de resíduos e limpeza pública,2015,,Presente,veryhigh,Muito alto,#02C650,5312,Agudos do Sul/PR,1.0
Desastres geo-hidrológicos,60060,Gestão de resíduos e limpeza pública,2015,,Presente,veryhigh,Muito alto,#02C650,1783,Agudos/SP,1.0
Desastres geo-hidrológicos,60060,Gestão de resíduos e limpeza pública,2015,,Presente,veryhigh,Muito alto,#02C650,1607,Águia Branca/ES,1.0
Desastres geo-hidrológicos,60060,Gestão de resíduos e limpeza pública,2015,,Presente,veryhigh,Muito alto,#02C650,764,Aimorés/MG,1.0
Desastres geo-hidrológicos,60060,Gestão de resíduos e limpeza pública,2015,,Presente,veryhigh,Muito alto,#02C650,765,Aiuruoca/MG,1.0
Desastres geo-hidrológicos,60060,Gestão de resíduos e limpeza pública,2015,,Presente,veryhigh,Muito alto,#02C650,131,Ajuricaba/RS,1.0
Desastres geo-hidrológicos,60060,Gestão de resíduos e limpeza pública,2015,,Presente,veryhigh,Muito alto,#02C650,3981,Alagoa Grande/PB,1.0
Desastres geo-hidrológicos,60060,Gestão de resíduos e limpeza pública,2015,,Presente,veryhigh,Muito alto,#02C650,766,Alagoa/MG,1.0
Desastres geo-hidrológicos,60060,Gestão de resíduos e limpeza pública,2015,,Presente,veryhigh,Muito alto,#02C650,3407,Alagoinha do Piauí/PI,1.0
Desastres geo-hidrológicos,60060,Gestão de resíduos e limpeza pública,2015,,Presente,veryhigh,Muito alto,#02C650,3983,Alagoinha/PB,1.0
Desastres geo-hidrológicos,60060,Gestão de resíduos e limpeza pública,2015,,Presente,veryhigh,Muito alto,#02C650,3633,Alcântaras/CE,1.0
Desastres geo-hidrológicos,60060,Gestão de resíduos e limpeza pública,2015,,Presente,veryhigh,Muito alto,#02C650,523,Alcinópolis/MS,1.0
Desastres geo-hidrológicos,60060,Gestão de resíduos e limpeza pública,2015,,Presente,veryhigh,Muito alto,#02C650,670,Alcobaça/BA,1.0
Desastres geo-hidrológicos,60060,Gestão de resíduos e limpeza pública,2015,,Presente,veryhigh,Muito alto,#02C650,132,Alecrim/RS,1.0
Desastres geo-hidrológicos,60060,Gestão de resíduos e limpeza pública,2015,,Presente,veryhigh,Muito alto,#02C650,1609,Alegre/ES,1.0
Desastres geo-hidrológicos,60060,Gestão de resíduos e limpeza pública,2015,,Presente,veryhigh,Muito alto,#02C650,3408,Alegrete do Piauí/PI,1.0
Desastres geo-hidrológicos,60060,Gestão de resíduos e limpeza pública,2015,,Presente,veryhigh,Muito alto,#02C650,768,Além Paraíba/MG,1.0
Desastres geo-hidrológicos,60060,Gestão de resíduos e limpeza pública,2015,,Presente,veryhigh,Muito alto,#02C650,3816,Alexandria/RN,1.0
Desastres geo-hidrológicos,60060,Gestão de resíduos e limpeza pública,2015,,Presente,veryhigh,Muito alto,#02C650,769,Alfenas/MG,1.0
Desastres geo-hidrológicos,60060,Gestão de resíduos e limpeza pública,2015,,Presente,veryhigh,Muito alto,#02C650,1610,Alfredo Chaves/ES,1.0
Desastres geo-hidrológicos,60060,Gestão de resíduos e limpeza pública,2015,,Presente,veryhigh,Muito alto,#02C650,4895,Alfredo Marcondes/SP,1.0
Desastres geo-hidrológicos,60060,Gestão de resíduos e limpeza pública,2015,,Presente,veryhigh,Muito alto,#02C650,3986,Alhandra/PB,1.0
Desastres geo-hidrológicos,60060,Gestão de resíduos e limpeza pública,2015,,Presente,veryhigh,Muito alto,#02C650,3051,Almas/TO,1.0
Desastres geo-hidrológicos,60060,Gestão de resíduos e limpeza pública,2015,,Presente,veryhigh,Muito alto,#02C650,2859,Almeirim/PA,1.0
Desastres geo-hidrológicos,60060,Gestão de resíduos e limpeza pública,2015,,Presente,veryhigh,Muito alto,#02C650,771,Almenara/MG,1.0
Desastres geo-hidrológicos,60060,Gestão de resíduos e limpeza pública,2015,,Presente,veryhigh,Muito alto,#02C650,5313,Almirante Tamandaré/PR,1.0
Desastres geo-hidrológicos,60060,Gestão de resíduos e limpeza pública,2015,,Presente,veryhigh,Muito alto,#02C650,772,Alpercata/MG,1.0
Desastres geo-hidrológicos,60060,Gestão de resíduos e limpeza pública,2015,,Presente,veryhigh,Muito alto,#02C650,136,Alpestre/RS,1.0
Desastres geo-hidrológicos,60060,Gestão de resíduos e limpeza pública,2015,,Presente,veryhigh,Muito alto,#02C650,773,Alpinópolis/MG,1.0
Desastres geo-hidrológicos,60060,Gestão de resíduos e limpeza pública,2015,,Presente,veryhigh,Muito alto,#02C650,5521,Alta Floresta D'Oeste/RO,1.0
Desastres geo-hidrológicos,60060,Gestão de resíduos e limpeza pública,2015,,Presente,veryhigh,Muito alto,#02C650,1785,Altair/SP,1.0
Desastres geo-hidrológicos,60060,Gestão de resíduos e limpeza pública,2015,,Presente,veryhigh,Muito alto,#02C650,2860,Altamira/PA,1.0
Desastres geo-hidrológicos,60060,Gestão de resíduos e limpeza pública,2015,,Presente,veryhigh,Muito alto,#02C650,774,Alterosa/MG,1.0
Desastres geo-hidrológicos,60060,Gestão de resíduos e limpeza pública,2015,,Presente,veryhigh,Muito alto,#02C650,1786,Altinópolis/SP,1.0
Desastres geo-hidrológicos,60060,Gestão de resíduos e limpeza pública,2015,,Presente,veryhigh,Muito alto,#02C650,3194,Alto Alegre do Pindaré/MA,1.0
Desastres geo-hidrológicos,60060,Gestão de resíduos e limpeza pública,2015,,Presente,veryhigh,Muito alto,#02C650,137,Alto Alegre/RS,1.0
Desastres geo-hidrológicos,60060,Gestão de resíduos e limpeza pública,2015,,Presente,veryhigh,Muito alto,#02C650,1787,Alto Alegre/SP,1.0
Desastres geo-hidrológicos,60060,Gestão de resíduos e limpeza pública,2015,,Presente,veryhigh,Muito alto,#02C650,30,Alto Bela Vista/SC,1.0
Desastres geo-hidrológicos,60060,Gestão de resíduos e limpeza pública,2015,,Presente,veryhigh,Muito alto,#02C650,2564,Alto Feliz/RS,1.0
Desastres geo-hidrológicos,60060,Gestão de resíduos e limpeza pública,2015,,Presente,veryhigh,Muito alto,#02C650,5010,Alto Horizonte/GO,1.0
Desastres geo-hidrológicos,60060,Gestão de resíduos e limpeza pública,2015,,Presente,veryhigh,Muito alto,#02C650,5061,Altônia/PR,1.0
Desastres geo-hidrológicos,60060,Gestão de resíduos e limpeza pública,2015,,Presente,veryhigh,Muito alto,#02C650,601,Alto Paraguai/MT,1.0
Desastres geo-hidrológicos,60060,Gestão de resíduos e limpeza pública,2015,,Presente,veryhigh,Muito alto,#02C650,5306,Alto Paraíso/PR,1.0
Desastres geo-hidrológicos,60060,Gestão de resíduos e limpeza pública,2015,,Presente,veryhigh,Muito alto,#02C650,5062,Alto Paraná/PR,1.0
Desastres geo-hidrológicos,60060,Gestão de resíduos e limpeza pública,2015,,Presente,veryhigh,Muito alto,#02C650,3195,Alto Parnaíba/MA,1.0
Desastres geo-hidrológicos,60060,Gestão de resíduos e limpeza pública,2015,,Presente,veryhigh,Muito alto,#02C650,5063,Alto Piquiri/PR,1.0
Desastres geo-hidrológicos,60060,Gestão de resíduos e limpeza pública,2015,,Presente,veryhigh,Muito alto,#02C650,776,Alto Rio Doce/MG,1.0
Desastres geo-hidrológicos,60060,Gestão de resíduos e limpeza pública,2015,,Presente,veryhigh,Muito alto,#02C650,1611,Alto Rio Novo/ES,1.0
Desastres geo-hidrológicos,60060,Gestão de resíduos e limpeza pública,2015,,Presente,veryhigh,Muito alto,#02C650,1788,Alumínio/SP,1.0
Desastres geo-hidrológicos,60060,Gestão de resíduos e limpeza pública,2015,,Presente,veryhigh,Muito alto,#02C650,777,Alvarenga/MG,1.0
Desastres geo-hidrológicos,60060,Gestão de resíduos e limpeza pública,2015,,Presente,veryhigh,Muito alto,#02C650,1789,Álvares Florence/SP,1.0
Desastres geo-hidrológicos,60060,Gestão de resíduos e limpeza pública,2015,,Presente,veryhigh,Muito alto,#02C650,1791,Alvinlândia/SP,1.0
Desastres geo-hidrológicos,60060,Gestão de resíduos e limpeza pública,2015,,Presente,veryhigh,Muito alto,#02C650,778,Alvinópolis/MG,1.0
Desastres geo-hidrológicos,60060,Gestão de resíduos e limpeza pública,2015,,Presente,veryhigh,Muito alto,#02C650,2653,Alvorada do Norte/GO,1.0
Desastres geo-hidrológicos,60060,Gestão de resíduos e limpeza pública,2015,,Presente,veryhigh,Muito alto,#02C650,5314,Alvorada do Sul/PR,1.0
Desastres geo-hidrológicos,60060,Gestão de resíduos e limpeza pública,2015,,Presente,veryhigh,Muito alto,#02C650,524,Amambai/MS,1.0
Desastres geo-hidrológicos,60060,Gestão de resíduos e limpeza pública,2015,,Presente,veryhigh,Muito alto,#02C650,3196,Amapá do Maranhão/MA,1.0
Desastres geo-hidrológicos,60060,Gestão de resíduos e limpeza pública,2015,,Presente,veryhigh,Muito alto,#02C650,5064,Amaporã/PR,1.0
Desastres geo-hidrológicos,60060,Gestão de resíduos e limpeza pública,2015,,Presente,veryhigh,Muito alto,#02C650,138,Amaral Ferrador/RS,1.0
Desastres geo-hidrológicos,60060,Gestão de resíduos e limpeza pública,2015,,Presente,veryhigh,Muito alto,#02C650,5460,Amaturá/AM,1.0
Desastres geo-hidrológicos,60060,Gestão de resíduos e limpeza pública,2015,,Presente,veryhigh,Muito alto,#02C650,1792,Americana/SP,1.0
Desastres geo-hidrológicos,60060,Gestão de resíduos e limpeza pública,2015,,Presente,veryhigh,Muito alto,#02C650,1793,Américo Brasiliense/SP,1.0
Desastres geo-hidrológicos,60060,Gestão de resíduos e limpeza pública,2015,,Presente,veryhigh,Muito alto,#02C650,1794,Américo de Campos/SP,1.0
Desastres geo-hidrológicos,60060,Gestão de resíduos e limpeza pública,2015,,Presente,veryhigh,Muito alto,#02C650,139,Ametista do Sul/RS,1.0
Desastres geo-hidrológicos,60060,Gestão de resíduos e limpeza pública,2015,,Presente,veryhigh,Muito alto,#02C650,2655,Amorinópolis/GO,1.0
Desastres geo-hidrológicos,60060,Gestão de resíduos e limpeza pública,2015,,Presente,veryhigh,Muito alto,#02C650,780,Amparo do Serra/MG,1.0
Desastres geo-hidrológicos,60060,Gestão de resíduos e limpeza pública,2015,,Presente,veryhigh,Muito alto,#02C650,5065,Ampére/PR,1.0
Desastres geo-hidrológicos,60060,Gestão de resíduos e limpeza pública,2015,,Presente,veryhigh,Muito alto,#02C650,5066,Anahy/PR,1.0
Desastres geo-hidrológicos,60060,Gestão de resíduos e limpeza pública,2015,,Presente,veryhigh,Muito alto,#02C650,5461,Anamã/AM,1.0
Desastres geo-hidrológicos,60060,Gestão de resíduos e limpeza pública,2015,,Presente,veryhigh,Muito alto,#02C650,3053,Ananás/TO,1.0
Desastres geo-hidrológicos,60060,Gestão de resíduos e limpeza pública,2015,,Presente,veryhigh,Muito alto,#02C650,2656,Anápolis/GO,1.0
Desastres geo-hidrológicos,60060,Gestão de resíduos e limpeza pública,2015,,Presente,veryhigh,Muito alto,#02C650,5030,Anapu/PA,1.0
Desastres geo-hidrológicos,60060,Gestão de resíduos e limpeza pública,2015,,Presente,veryhigh,Muito alto,#02C650,525,Anastácio/MS,1.0
Desastres geo-hidrológicos,60060,Gestão de resíduos e limpeza pública,2015,,Presente,veryhigh,Muito alto,#02C650,526,Anaurilândia/MS,1.0
Desastres geo-hidrológicos,60060,Gestão de resíduos e limpeza pública,2015,,Presente,veryhigh,Muito alto,#02C650,1612,Anchieta/ES,1.0
Desastres geo-hidrológicos,60060,Gestão de resíduos e limpeza pública,2015,,Presente,veryhigh,Muito alto,#02C650,4575,Andaraí/BA,1.0
Desastres geo-hidrológicos,60060,Gestão de resíduos e limpeza pública,2015,,Presente,veryhigh,Muito alto,#02C650,5315,Andirá/PR,1.0
Desastres geo-hidrológicos,60060,Gestão de resíduos e limpeza pública,2015,,Presente,veryhigh,Muito alto,#02C650,781,Andradas/MG,1.0
Desastres geo-hidrológicos,60060,Gestão de resíduos e limpeza pública,2015,,Presente,veryhigh,Muito alto,#02C650,4897,Andradina/SP,1.0
Desastres geo-hidrológicos,60060,Gestão de resíduos e limpeza pública,2015,,Presente,veryhigh,Muito alto,#02C650,4922,André da Rocha/RS,1.0
Desastres geo-hidrológicos,60060,Gestão de resíduos e limpeza pública,2015,,Presente,veryhigh,Muito alto,#02C650,1797,Angatuba/SP,1.0
Desastres geo-hidrológicos,60060,Gestão de resíduos e limpeza pública,2015,,Presente,veryhigh,Muito alto,#02C650,4577,Angical/BA,1.0
Desastres geo-hidrológicos,60060,Gestão de resíduos e limpeza pública,2015,,Presente,veryhigh,Muito alto,#02C650,3819,Angicos/RN,1.0
Desastres geo-hidrológicos,60060,Gestão de resíduos e limpeza pública,2015,,Presente,veryhigh,Muito alto,#02C650,3054,Angico/TO,1.0
Desastres geo-hidrológicos,60060,Gestão de resíduos e limpeza pública,2015,,Presente,veryhigh,Muito alto,#02C650,1684,Angra dos Reis/RJ,1.0
Desastres geo-hidrológicos,60060,Gestão de resíduos e limpeza pública,2015,,Presente,veryhigh,Muito alto,#02C650,5067,Ângulo/PR,1.0
Desastres geo-hidrológicos,60060,Gestão de resíduos e limpeza pública,2015,,Presente,veryhigh,Muito alto,#02C650,1798,Anhembi/SP,1.0
Desastres geo-hidrológicos,60060,Gestão de resíduos e limpeza pública,2015,,Presente,veryhigh,Muito alto,#02C650,4898,Anhumas/SP,1.0
Desastres geo-hidrológicos,60060,Gestão de resíduos e limpeza pública,2015,,Presente,veryhigh,Muito alto,#02C650,2658,Anicuns/GO,1.0
Desastres geo-hidrológicos,60060,Gestão de resíduos e limpeza pública,2015,,Presente,veryhigh,Muito alto,#02C650,5462,Anori/AM,1.0
Desastres geo-hidrológicos,60060,Gestão de resíduos e limpeza pública,2015,,Presente,veryhigh,Muito alto,#02C650,140,Anta Gorda/RS,1.0
Desastres geo-hidrológicos,60060,Gestão de resíduos e limpeza pública,2015,,Presente,veryhigh,Muito alto,#02C650,3637,Antonina do Norte/CE,1.0
Desastres geo-hidrológicos,60060,Gestão de resíduos e limpeza pública,2015,,Presente,veryhigh,Muito alto,#02C650,5316,Antonina/PR,1.0
Desastres geo-hidrológicos,60060,Gestão de resíduos e limpeza pública,2015,,Presente,veryhigh,Muito alto,#02C650,4580,Antônio Cardoso/BA,1.0
Desastres geo-hidrológicos,60060,Gestão de resíduos e limpeza pública,2015,,Presente,veryhigh,Muito alto,#02C650,785,Antônio Carlos/MG,1.0
Desastres geo-hidrológicos,60060,Gestão de resíduos e limpeza pública,2015,,Presente,veryhigh,Muito alto,#02C650,786,Antônio Dias/MG,1.0
Desastres geo-hidrológicos,60060,Gestão de resíduos e limpeza pública,2015,,Presente,veryhigh,Muito alto,#02C650,528,Antônio João/MS,1.0
Desastres geo-hidrológicos,60060,Gestão de resíduos e limpeza pública,2015,,Presente,veryhigh,Muito alto,#02C650,5317,Antônio Olinto/PR,1.0
Desastres geo-hidrológicos,60060,Gestão de resíduos e limpeza pública,2015,,Presente,veryhigh,Muito alto,#02C650,2659,Aparecida de Goiânia/GO,1.0
Desastres geo-hidrológicos,60060,Gestão de resíduos e limpeza pública,2015,,Presente,veryhigh,Muito alto,#02C650,4945,Aparecida do Taboado/MS,1.0
Desastres geo-hidrológicos,60060,Gestão de resíduos e limpeza pública,2015,,Presente,veryhigh,Muito alto,#02C650,3989,Aparecida/PB,1.0
Desastres geo-hidrológicos,60060,Gestão de resíduos e limpeza pública,2015,,Presente,veryhigh,Muito alto,#02C650,1799,Aparecida/SP,1.0
Desastres geo-hidrológicos,60060,Gestão de resíduos e limpeza pública,2015,,Presente,veryhigh,Muito alto,#02C650,1613,Apiacá/ES,1.0
Desastres geo-hidrológicos,60060,Gestão de resíduos e limpeza pública,2015,,Presente,veryhigh,Muito alto,#02C650,1801,Apiaí/SP,1.0
Desastres geo-hidrológicos,60060,Gestão de resíduos e limpeza pública,2015,,Presente,veryhigh,Muito alto,#02C650,3821,Apodi/RN,1.0
Desastres geo-hidrológicos,60060,Gestão de resíduos e limpeza pública,2015,,Presente,veryhigh,Muito alto,#02C650,5435,Apucarana/PR,1.0
Desastres geo-hidrológicos,60060,Gestão de resíduos e limpeza pública,2015,,Presente,veryhigh,Muito alto,#02C650,3638,Apuiarés/CE,1.0
Desastres geo-hidrológicos,60060,Gestão de resíduos e limpeza pública,2015,,Presente,veryhigh,Muito alto,#02C650,4490,Aquidabã/SE,1.0
Desastres geo-hidrológicos,60060,Gestão de resíduos e limpeza pública,2015,,Presente,veryhigh,Muito alto,#02C650,529,Aquidauana/MS,1.0
Desastres geo-hidrológicos,60060,Gestão de resíduos e limpeza pública,2015,,Presente,veryhigh,Muito alto,#02C650,3639,Aquiraz/CE,1.0
Desastres geo-hidrológicos,60060,Gestão de resíduos e limpeza pública,2015,,Presente,veryhigh,Muito alto,#02C650,32,Arabutã/SC,1.0
Desastres geo-hidrológicos,60060,Gestão de resíduos e limpeza pública,2015,,Presente,veryhigh,Muito alto,#02C650,3990,Araçagi/PB,1.0
Desastres geo-hidrológicos,60060,Gestão de resíduos e limpeza pública,2015,,Presente,veryhigh,Muito alto,#02C650,4491,Aracaju/SE,1.0
Desastres geo-hidrológicos,60060,Gestão de resíduos e limpeza pública,2015,,Presente,veryhigh,Muito alto,#02C650,3640,Aracati/CE,1.0
Desastres geo-hidrológicos,60060,Gestão de resíduos e limpeza pública,2015,,Presente,veryhigh,Muito alto,#02C650,1803,Araçatuba/SP,1.0
Desastres geo-hidrológicos,60060,Gestão de resíduos e limpeza pública,2015,,Presente,veryhigh,Muito alto,#02C650,789,Aracitaba/MG,1.0
Desastres geo-hidrológicos,60060,Gestão de resíduos e limpeza pública,2015,,Presente,veryhigh,Muito alto,#02C650,3641,Aracoiaba/CE,1.0
Desastres geo-hidrológicos,60060,Gestão de resíduos e limpeza pública,2015,,Presente,veryhigh,Muito alto,#02C650,4213,Araçoiaba/PE,1.0
Desastres geo-hidrológicos,60060,Gestão de resíduos e limpeza pública,2015,,Presente,veryhigh,Muito alto,#02C650,1614,Aracruz/ES,1.0
Desastres geo-hidrológicos,60060,Gestão de resíduos e limpeza pública,2015,,Presente,veryhigh,Muito alto,#02C650,790,Araçuaí/MG,1.0
Desastres geo-hidrológicos,60060,Gestão de resíduos e limpeza pública,2015,,Presente,veryhigh,Muito alto,#02C650,2660,Araçu/GO,1.0
Desastres geo-hidrológicos,60060,Gestão de resíduos e limpeza pública,2015,,Presente,veryhigh,Muito alto,#02C650,3057,Araguacema/TO,1.0
Desastres geo-hidrológicos,60060,Gestão de resíduos e limpeza pública,2015,,Presente,veryhigh,Muito alto,#02C650,3059,Araguaína/TO,1.0
Desastres geo-hidrológicos,60060,Gestão de resíduos e limpeza pública,2015,,Presente,veryhigh,Muito alto,#02C650,791,Araguari/MG,1.0
Desastres geo-hidrológicos,60060,Gestão de resíduos e limpeza pública,2015,,Presente,veryhigh,Muito alto,#02C650,530,Aral Moreira/MS,1.0
Desastres geo-hidrológicos,60060,Gestão de resíduos e limpeza pública,2015,,Presente,veryhigh,Muito alto,#02C650,141,Arambaré/RS,1.0
Desastres geo-hidrológicos,60060,Gestão de resíduos e limpeza pública,2015,,Presente,veryhigh,Muito alto,#02C650,3203,Arame/MA,1.0
Desastres geo-hidrológicos,60060,Gestão de resíduos e limpeza pública,2015,,Presente,veryhigh,Muito alto,#02C650,1805,Aramina/SP,1.0
Desastres geo-hidrológicos,60060,Gestão de resíduos e limpeza pública,2015,,Presente,veryhigh,Muito alto,#02C650,1806,Arandu/SP,1.0
Desastres geo-hidrológicos,60060,Gestão de resíduos e limpeza pública,2015,,Presente,veryhigh,Muito alto,#02C650,4389,Arapiraca/AL,1.0
Desastres geo-hidrológicos,60060,Gestão de resíduos e limpeza pública,2015,,Presente,veryhigh,Muito alto,#02C650,3062,Arapoema/TO,1.0
Desastres geo-hidrológicos,60060,Gestão de resíduos e limpeza pública,2015,,Presente,veryhigh,Muito alto,#02C650,5436,Arapongas/PR,1.0
Desastres geo-hidrológicos,60060,Gestão de resíduos e limpeza pública,2015,,Presente,veryhigh,Muito alto,#02C650,794,Araporã/MG,1.0
Desastres geo-hidrológicos,60060,Gestão de resíduos e limpeza pública,2015,,Presente,veryhigh,Muito alto,#02C650,5318,Arapoti/PR,1.0
Desastres geo-hidrológicos,60060,Gestão de resíduos e limpeza pública,2015,,Presente,veryhigh,Muito alto,#02C650,5068,Arapuã/PR,1.0
Desastres geo-hidrológicos,60060,Gestão de resíduos e limpeza pública,2015,,Presente,veryhigh,Muito alto,#02C650,604,Araputanga/MT,1.0
Desastres geo-hidrológicos,60060,Gestão de resíduos e limpeza pública,2015,,Presente,veryhigh,Muito alto,#02C650,2389,Araquari/SC,1.0
Desastres geo-hidrológicos,60060,Gestão de resíduos e limpeza pública,2015,,Presente,veryhigh,Muito alto,#02C650,2390,Araranguá/SC,1.0
Desastres geo-hidrológicos,60060,Gestão de resíduos e limpeza pública,2015,,Presente,veryhigh,Muito alto,#02C650,1808,Araraquara/SP,1.0
Desastres geo-hidrológicos,60060,Gestão de resíduos e limpeza pública,2015,,Presente,veryhigh,Muito alto,#02C650,1809,Araras/SP,1.0
Desastres geo-hidrológicos,60060,Gestão de resíduos e limpeza pública,2015,,Presente,veryhigh,Muito alto,#02C650,3642,Ararendá/CE,1.0
Desastres geo-hidrológicos,60060,Gestão de resíduos e limpeza pública,2015,,Presente,veryhigh,Muito alto,#02C650,2566,Araricá/RS,1.0
Desastres geo-hidrológicos,60060,Gestão de resíduos e limpeza pública,2015,,Presente,veryhigh,Muito alto,#02C650,3643,Araripe/CE,1.0
Desastres geo-hidrológicos,60060,Gestão de resíduos e limpeza pública,2015,,Presente,veryhigh,Muito alto,#02C650,1686,Araruama/RJ,1.0
Desastres geo-hidrológicos,60060,Gestão de resíduos e limpeza pública,2015,,Presente,veryhigh,Muito alto,#02C650,5069,Araruna/PR,1.0
Desastres geo-hidrológicos,60060,Gestão de resíduos e limpeza pública,2015,,Presente,veryhigh,Muito alto,#02C650,3644,Aratuba/CE,1.0
Desastres geo-hidrológicos,60060,Gestão de resíduos e limpeza pública,2015,,Presente,veryhigh,Muito alto,#02C650,4492,Arauá/SE,1.0
Desastres geo-hidrológicos,60060,Gestão de resíduos e limpeza pública,2015,,Presente,veryhigh,Muito alto,#02C650,5319,Araucária/PR,1.0
Desastres geo-hidrológicos,60060,Gestão de resíduos e limpeza pública,2015,,Presente,veryhigh,Muito alto,#02C650,796,Araújos/MG,1.0
Desastres geo-hidrológicos,60060,Gestão de resíduos e limpeza pública,2015,,Presente,veryhigh,Muito alto,#02C650,1810,Arco-Íris/SP,1.0
Desastres geo-hidrológicos,60060,Gestão de resíduos e limpeza pública,2015,,Presente,veryhigh,Muito alto,#02C650,799,Arcos/MG,1.0
Desastres geo-hidrológicos,60060,Gestão de resíduos e limpeza pública,2015,,Presente,veryhigh,Muito alto,#02C650,4493,Areia Branca/SE,1.0
Desastres geo-hidrológicos,60060,Gestão de resíduos e limpeza pública,2015,,Presente,veryhigh,Muito alto,#02C650,1813,Areiópolis/SP,1.0
Desastres geo-hidrológicos,60060,Gestão de resíduos e limpeza pública,2015,,Presente,veryhigh,Muito alto,#02C650,605,Arenápolis/MT,1.0
Desastres geo-hidrológicos,60060,Gestão de resíduos e limpeza pública,2015,,Presente,veryhigh,Muito alto,#02C650,5070,Ariranha do Ivaí/PR,1.0
Desastres geo-hidrológicos,60060,Gestão de resíduos e limpeza pública,2015,,Presente,veryhigh,Muito alto,#02C650,1814,Ariranha/SP,1.0
Desastres geo-hidrológicos,60060,Gestão de resíduos e limpeza pública,2015,,Presente,veryhigh,Muito alto,#02C650,1688,Armação dos Búzios/RJ,1.0
Desastres geo-hidrológicos,60060,Gestão de resíduos e limpeza pública,2015,,Presente,veryhigh,Muito alto,#02C650,3996,Aroeiras/PB,1.0
Desastres geo-hidrológicos,60060,Gestão de resíduos e limpeza pública,2015,,Presente,veryhigh,Muito alto,#02C650,143,Arroio do Meio/RS,1.0
Desastres geo-hidrológicos,60060,Gestão de resíduos e limpeza pública,2015,,Presente,veryhigh,Muito alto,#02C650,144,Arroio do Padre/RS,1.0
Desastres geo-hidrológicos,60060,Gestão de resíduos e limpeza pública,2015,,Presente,veryhigh,Muito alto,#02C650,145,Arroio dos Ratos/RS,1.0
Desastres geo-hidrológicos,60060,Gestão de resíduos e limpeza pública,2015,,Presente,veryhigh,Muito alto,#02C650,146,Arroio do Tigre/RS,1.0
Desastres geo-hidrológicos,60060,Gestão de resíduos e limpeza pública,2015,,Presente,veryhigh,Muito alto,#02C650,2392,Arroio Trinta/SC,1.0
Desastres geo-hidrológicos,60060,Gestão de resíduos e limpeza pública,2015,,Presente,veryhigh,Muito alto,#02C650,1815,Artur Nogueira/SP,1.0
Desastres geo-hidrológicos,60060,Gestão de resíduos e limpeza pública,2015,,Presente,veryhigh,Muito alto,#02C650,33,Arvoredo/SC,1.0
Desastres geo-hidrológicos,60060,Gestão de resíduos e limpeza pública,2015,,Presente,veryhigh,Muito alto,#02C650,2393,Ascurra/SC,1.0
Desastres geo-hidrológicos,60060,Gestão de resíduos e limpeza pública,2015,,Presente,veryhigh,Muito alto,#02C650,1818,Assis/SP,1.0
Desastres geo-hidrológicos,60060,Gestão de resíduos e limpeza pública,2015,,Presente,veryhigh,Muito alto,#02C650,3997,Assunção/PB,1.0
Desastres geo-hidrológicos,60060,Gestão de resíduos e limpeza pública,2015,,Presente,veryhigh,Muito alto,#02C650,804,Astolfo Dutra/MG,1.0
Desastres geo-hidrológicos,60060,Gestão de resíduos e limpeza pública,2015,,Presente,veryhigh,Muito alto,#02C650,5072,Astorga/PR,1.0
Desastres geo-hidrológicos,60060,Gestão de resíduos e limpeza pública,2015,,Presente,veryhigh,Muito alto,#02C650,4390,Atalaia/AL,1.0
Desastres geo-hidrológicos,60060,Gestão de resíduos e limpeza pública,2015,,Presente,veryhigh,Muito alto,#02C650,2394,Atalanta/SC,1.0
Desastres geo-hidrológicos,60060,Gestão de resíduos e limpeza pública,2015,,Presente,veryhigh,Muito alto,#02C650,1819,Atibaia/SP,1.0
Desastres geo-hidrológicos,60060,Gestão de resíduos e limpeza pública,2015,,Presente,veryhigh,Muito alto,#02C650,1615,Atílio Vivacqua/ES,1.0
Desastres geo-hidrológicos,60060,Gestão de resíduos e limpeza pública,2015,,Presente,veryhigh,Muito alto,#02C650,674,Aurelino Leal/BA,1.0
Desastres geo-hidrológicos,60060,Gestão de resíduos e limpeza pública,2015,,Presente,veryhigh,Muito alto,#02C650,3647,Aurora/CE,1.0
Desastres geo-hidrológicos,60060,Gestão de resíduos e limpeza pública,2015,,Presente,veryhigh,Muito alto,#02C650,2945,Aurora do Pará/PA,1.0
Desastres geo-hidrológicos,60060,Gestão de resíduos e limpeza pública,2015,,Presente,veryhigh,Muito alto,#02C650,3065,Aurora do Tocantins/TO,1.0
Desastres geo-hidrológicos,60060,Gestão de resíduos e limpeza pública,2015,,Presente,veryhigh,Muito alto,#02C650,1821,Avaí/SP,1.0
Desastres geo-hidrológicos,60060,Gestão de resíduos e limpeza pública,2015,,Presente,veryhigh,Muito alto,#02C650,1822,Avanhandava/SP,1.0
Desastres geo-hidrológicos,60060,Gestão de resíduos e limpeza pública,2015,,Presente,veryhigh,Muito alto,#02C650,3067,Babaçulândia/TO,1.0
Desastres geo-hidrológicos,60060,Gestão de resíduos e limpeza pública,2015,,Presente,veryhigh,Muito alto,#02C650,3207,Bacabeira/MA,1.0
Desastres geo-hidrológicos,60060,Gestão de resíduos e limpeza pública,2015,,Presente,veryhigh,Muito alto,#02C650,151,Bagé/RS,1.0
Desastres geo-hidrológicos,60060,Gestão de resíduos e limpeza pública,2015,,Presente,veryhigh,Muito alto,#02C650,3648,Baixio/CE,1.0
Desastres geo-hidrológicos,60060,Gestão de resíduos e limpeza pública,2015,,Presente,veryhigh,Muito alto,#02C650,1616,Baixo Guandu/ES,1.0
Desastres geo-hidrológicos,60060,Gestão de resíduos e limpeza pública,2015,,Presente,veryhigh,Muito alto,#02C650,1825,Balbinos/SP,1.0
Desastres geo-hidrológicos,60060,Gestão de resíduos e limpeza pública,2015,,Presente,veryhigh,Muito alto,#02C650,2396,Balneário Arroio do Silva/SC,1.0
Desastres geo-hidrológicos,60060,Gestão de resíduos e limpeza pública,2015,,Presente,veryhigh,Muito alto,#02C650,2398,Balneário Barra do Sul/SC,1.0
Desastres geo-hidrológicos,60060,Gestão de resíduos e limpeza pública,2015,,Presente,veryhigh,Muito alto,#02C650,2399,Balneário Gaivota/SC,1.0
Desastres geo-hidrológicos,60060,Gestão de resíduos e limpeza pública,2015,,Presente,veryhigh,Muito alto,#02C650,5321,Balsa Nova/PR,1.0
Desastres geo-hidrológicos,60060,Gestão de resíduos e limpeza pública,2015,,Presente,veryhigh,Muito alto,#02C650,3210,Balsas/MA,1.0
Desastres geo-hidrológicos,60060,Gestão de resíduos e limpeza pública,2015,,Presente,veryhigh,Muito alto,#02C650,809,Bambuí/MG,1.0
Desastres geo-hidrológicos,60060,Gestão de resíduos e limpeza pública,2015,,Presente,veryhigh,Muito alto,#02C650,810,Bandeira/MG,1.0
Desastres geo-hidrológicos,60060,Gestão de resíduos e limpeza pública,2015,,Presente,veryhigh,Muito alto,#02C650,3068,Bandeirantes do Tocantins/TO,1.0
Desastres geo-hidrológicos,60060,Gestão de resíduos e limpeza pública,2015,,Presente,veryhigh,Muito alto,#02C650,5322,Bandeirantes/PR,1.0
Desastres geo-hidrológicos,60060,Gestão de resíduos e limpeza pública,2015,,Presente,veryhigh,Muito alto,#02C650,1828,Barão de Antonina/SP,1.0
Desastres geo-hidrológicos,60060,Gestão de resíduos e limpeza pública,2015,,Presente,veryhigh,Muito alto,#02C650,152,Barão de Cotegipe/RS,1.0
Desastres geo-hidrológicos,60060,Gestão de resíduos e limpeza pública,2015,,Presente,veryhigh,Muito alto,#02C650,153,Barão do Triunfo/RS,1.0
Desastres geo-hidrológicos,60060,Gestão de resíduos e limpeza pública,2015,,Presente,veryhigh,Muito alto,#02C650,4924,Barão/RS,1.0
Desastres geo-hidrológicos,60060,Gestão de resíduos e limpeza pública,2015,,Presente,veryhigh,Muito alto,#02C650,3650,Barbalha/CE,1.0
Desastres geo-hidrológicos,60060,Gestão de resíduos e limpeza pública,2015,,Presente,veryhigh,Muito alto,#02C650,1829,Barbosa/SP,1.0
Desastres geo-hidrológicos,60060,Gestão de resíduos e limpeza pública,2015,,Presente,veryhigh,Muito alto,#02C650,1830,Bariri/SP,1.0
Desastres geo-hidrológicos,60060,Gestão de resíduos e limpeza pública,2015,,Presente,veryhigh,Muito alto,#02C650,1831,Barra Bonita/SP,1.0
Desastres geo-hidrológicos,60060,Gestão de resíduos e limpeza pública,2015,,Presente,veryhigh,Muito alto,#02C650,4001,Barra de Santana/PB,1.0
Desastres geo-hidrológicos,60060,Gestão de resíduos e limpeza pública,2015,,Presente,veryhigh,Muito alto,#02C650,4391,Barra de Santo Antônio/AL,1.0
Desastres geo-hidrológicos,60060,Gestão de resíduos e limpeza pública,2015,,Presente,veryhigh,Muito alto,#02C650,4392,Barra de São Miguel/AL,1.0
Desastres geo-hidrológicos,60060,Gestão de resíduos e limpeza pública,2015,,Presente,veryhigh,Muito alto,#02C650,4003,Barra de São Miguel/PB,1.0
Desastres geo-hidrológicos,60060,Gestão de resíduos e limpeza pública,2015,,Presente,veryhigh,Muito alto,#02C650,608,Barra do Garças/MT,1.0
Desastres geo-hidrológicos,60060,Gestão de resíduos e limpeza pública,2015,,Presente,veryhigh,Muito alto,#02C650,154,Barra do Guarita/RS,1.0
Desastres geo-hidrológicos,60060,Gestão de resíduos e limpeza pública,2015,,Presente,veryhigh,Muito alto,#02C650,155,Barra do Quaraí/RS,1.0
Desastres geo-hidrológicos,60060,Gestão de resíduos e limpeza pública,2015,,Presente,veryhigh,Muito alto,#02C650,157,Barra Funda/RS,1.0
Desastres geo-hidrológicos,60060,Gestão de resíduos e limpeza pública,2015,,Presente,veryhigh,Muito alto,#02C650,815,Barra Longa/MG,1.0
Desastres geo-hidrológicos,60060,Gestão de resíduos e limpeza pública,2015,,Presente,veryhigh,Muito alto,#02C650,3651,Barreira/CE,1.0
Desastres geo-hidrológicos,60060,Gestão de resíduos e limpeza pública,2015,,Presente,veryhigh,Muito alto,#02C650,4595,Barreiras/BA,1.0
Desastres geo-hidrológicos,60060,Gestão de resíduos e limpeza pública,2015,,Presente,veryhigh,Muito alto,#02C650,5467,Barreirinha/AM,1.0
Desastres geo-hidrológicos,60060,Gestão de resíduos e limpeza pública,2015,,Presente,veryhigh,Muito alto,#02C650,4217,Barreiros/PE,1.0
Desastres geo-hidrológicos,60060,Gestão de resíduos e limpeza pública,2015,,Presente,veryhigh,Muito alto,#02C650,1834,Barretos/SP,1.0
Desastres geo-hidrológicos,60060,Gestão de resíduos e limpeza pública,2015,,Presente,veryhigh,Muito alto,#02C650,1835,Barrinha/SP,1.0
Desastres geo-hidrológicos,60060,Gestão de resíduos e limpeza pública,2015,,Presente,veryhigh,Muito alto,#02C650,3652,Barro/CE,1.0
Desastres geo-hidrológicos,60060,Gestão de resíduos e limpeza pública,2015,,Presente,veryhigh,Muito alto,#02C650,158,Barros Cassal/RS,1.0
Desastres geo-hidrológicos,60060,Gestão de resíduos e limpeza pública,2015,,Presente,veryhigh,Muito alto,#02C650,816,Barroso/MG,1.0
Desastres geo-hidrológicos,60060,Gestão de resíduos e limpeza pública,2015,,Presente,veryhigh,Muito alto,#02C650,1837,Bastos/SP,1.0
Desastres geo-hidrológicos,60060,Gestão de resíduos e limpeza pública,2015,,Presente,veryhigh,Muito alto,#02C650,532,Bataguassu/MS,1.0
Desastres geo-hidrológicos,60060,Gestão de resíduos e limpeza pública,2015,,Presente,veryhigh,Muito alto,#02C650,4393,Batalha/AL,1.0
Desastres geo-hidrológicos,60060,Gestão de resíduos e limpeza pública,2015,,Presente,veryhigh,Muito alto,#02C650,3426,Batalha/PI,1.0
Desastres geo-hidrológicos,60060,Gestão de resíduos e limpeza pública,2015,,Presente,veryhigh,Muito alto,#02C650,3654,Baturité/CE,1.0
Desastres geo-hidrológicos,60060,Gestão de resíduos e limpeza pública,2015,,Presente,veryhigh,Muito alto,#02C650,1839,Bauru/SP,1.0
Desastres geo-hidrológicos,60060,Gestão de resíduos e limpeza pública,2015,,Presente,veryhigh,Muito alto,#02C650,3656,Bela Cruz/CE,1.0
Desastres geo-hidrológicos,60060,Gestão de resíduos e limpeza pública,2015,,Presente,veryhigh,Muito alto,#02C650,3214,Belágua/MA,1.0
Desastres geo-hidrológicos,60060,Gestão de resíduos e limpeza pública,2015,,Presente,veryhigh,Muito alto,#02C650,5076,Bela Vista da Caroba/PR,1.0
Desastres geo-hidrológicos,60060,Gestão de resíduos e limpeza pública,2015,,Presente,veryhigh,Muito alto,#02C650,2666,Bela Vista de Goiás/GO,1.0
Desastres geo-hidrológicos,60060,Gestão de resíduos e limpeza pública,2015,,Presente,veryhigh,Muito alto,#02C650,817,Bela Vista de Minas/MG,1.0
Desastres geo-hidrológicos,60060,Gestão de resíduos e limpeza pública,2015,,Presente,veryhigh,Muito alto,#02C650,3215,Bela Vista do Maranhão/MA,1.0
Desastres geo-hidrológicos,60060,Gestão de resíduos e limpeza pública,2015,,Presente,veryhigh,Muito alto,#02C650,2401,Bela Vista do Toldo/SC,1.0
Desastres geo-hidrológicos,60060,Gestão de resíduos e limpeza pública,2015,,Presente,veryhigh,Muito alto,#02C650,534,Bela Vista/MS,1.0
Desastres geo-hidrológicos,60060,Gestão de resíduos e limpeza pública,2015,,Presente,veryhigh,Muito alto,#02C650,4218,Belém de Maria/PE,1.0
Desastres geo-hidrológicos,60060,Gestão de resíduos e limpeza pública,2015,,Presente,veryhigh,Muito alto,#02C650,2950,Belém/PA,1.0
Desastres geo-hidrológicos,60060,Gestão de resíduos e limpeza pública,2015,,Presente,veryhigh,Muito alto,#02C650,818,Belmiro Braga/MG,1.0
Desastres geo-hidrológicos,60060,Gestão de resíduos e limpeza pública,2015,,Presente,veryhigh,Muito alto,#02C650,819,Belo Horizonte/MG,1.0
Desastres geo-hidrológicos,60060,Gestão de resíduos e limpeza pública,2015,,Presente,veryhigh,Muito alto,#02C650,4220,Belo Jardim/PE,1.0
Desastres geo-hidrológicos,60060,Gestão de resíduos e limpeza pública,2015,,Presente,veryhigh,Muito alto,#02C650,821,Belo Vale/MG,1.0
Desastres geo-hidrológicos,60060,Gestão de resíduos e limpeza pública,2015,,Presente,veryhigh,Muito alto,#02C650,2951,Benevides/PA,1.0
Desastres geo-hidrológicos,60060,Gestão de resíduos e limpeza pública,2015,,Presente,veryhigh,Muito alto,#02C650,4927,Bento Gonçalves/RS,1.0
Desastres geo-hidrológicos,60060,Gestão de resíduos e limpeza pública,2015,,Presente,veryhigh,Muito alto,#02C650,1842,Bernardino de Campos/SP,1.0
Desastres geo-hidrológicos,60060,Gestão de resíduos e limpeza pública,2015,,Presente,veryhigh,Muito alto,#02C650,3218,Bernardo do Mearim/MA,1.0
Desastres geo-hidrológicos,60060,Gestão de resíduos e limpeza pública,2015,,Presente,veryhigh,Muito alto,#02C650,823,Bertópolis/MG,1.0
Desastres geo-hidrológicos,60060,Gestão de resíduos e limpeza pública,2015,,Presente,veryhigh,Muito alto,#02C650,3431,Betânia do Piauí/PI,1.0
Desastres geo-hidrológicos,60060,Gestão de resíduos e limpeza pública,2015,,Presente,veryhigh,Muito alto,#02C650,825,Betim/MG,1.0
Desastres geo-hidrológicos,60060,Gestão de resíduos e limpeza pública,2015,,Presente,veryhigh,Muito alto,#02C650,1844,Bilac/SP,1.0
Desastres geo-hidrológicos,60060,Gestão de resíduos e limpeza pública,2015,,Presente,veryhigh,Muito alto,#02C650,1845,Birigui/SP,1.0
Desastres geo-hidrológicos,60060,Gestão de resíduos e limpeza pública,2015,,Presente,veryhigh,Muito alto,#02C650,5437,Bituruna/PR,1.0
Desastres geo-hidrológicos,60060,Gestão de resíduos e limpeza pública,2015,,Presente,veryhigh,Muito alto,#02C650,5078,Boa Esperança do Iguaçu/PR,1.0
Desastres geo-hidrológicos,60060,Gestão de resíduos e limpeza pública,2015,,Presente,veryhigh,Muito alto,#02C650,1847,Boa Esperança do Sul/SP,1.0
Desastres geo-hidrológicos,60060,Gestão de resíduos e limpeza pública,2015,,Presente,veryhigh,Muito alto,#02C650,1618,Boa Esperança/ES,1.0
Desastres geo-hidrológicos,60060,Gestão de resíduos e limpeza pública,2015,,Presente,veryhigh,Muito alto,#02C650,5077,Boa Esperança/PR,1.0
Desastres geo-hidrológicos,60060,Gestão de resíduos e limpeza pública,2015,,Presente,veryhigh,Muito alto,#02C650,5438,Boa Ventura de São Roque/PR,1.0
Desastres geo-hidrológicos,60060,Gestão de resíduos e limpeza pública,2015,,Presente,veryhigh,Muito alto,#02C650,5079,Boa Vista da Aparecida/PR,1.0
Desastres geo-hidrológicos,60060,Gestão de resíduos e limpeza pública,2015,,Presente,veryhigh,Muito alto,#02C650,161,Boa Vista do Buricá/RS,1.0
Desastres geo-hidrológicos,60060,Gestão de resíduos e limpeza pública,2015,,Presente,veryhigh,Muito alto,#02C650,162,Boa Vista do Cadeado/RS,1.0
Desastres geo-hidrológicos,60060,Gestão de resíduos e limpeza pública,2015,,Presente,veryhigh,Muito alto,#02C650,163,Boa Vista do Incra/RS,1.0
Desastres geo-hidrológicos,60060,Gestão de resíduos e limpeza pública,2015,,Presente,veryhigh,Muito alto,#02C650,2845,Boa Vista/RR,1.0
Desastres geo-hidrológicos,60060,Gestão de resíduos e limpeza pública,2015,,Presente,veryhigh,Muito alto,#02C650,2405,Bocaina do Sul/SC,1.0
Desastres geo-hidrológicos,60060,Gestão de resíduos e limpeza pública,2015,,Presente,veryhigh,Muito alto,#02C650,1848,Bocaina/SP,1.0
Desastres geo-hidrológicos,60060,Gestão de resíduos e limpeza pública,2015,,Presente,veryhigh,Muito alto,#02C650,5325,Bocaiúva do Sul/PR,1.0
Desastres geo-hidrológicos,60060,Gestão de resíduos e limpeza pública,2015,,Presente,veryhigh,Muito alto,#02C650,3829,Bodó/RN,1.0
Desastres geo-hidrológicos,60060,Gestão de resíduos e limpeza pública,2015,,Presente,veryhigh,Muito alto,#02C650,1849,Bofete/SP,1.0
Desastres geo-hidrológicos,60060,Gestão de resíduos e limpeza pública,2015,,Presente,veryhigh,Muito alto,#02C650,1850,Boituva/SP,1.0
Desastres geo-hidrológicos,60060,Gestão de resíduos e limpeza pública,2015,,Presente,veryhigh,Muito alto,#02C650,832,Bom Despacho/MG,1.0
Desastres geo-hidrológicos,60060,Gestão de resíduos e limpeza pública,2015,,Presente,veryhigh,Muito alto,#02C650,2407,Bom Jardim da Serra/SC,1.0
Desastres geo-hidrológicos,60060,Gestão de resíduos e limpeza pública,2015,,Presente,veryhigh,Muito alto,#02C650,3220,Bom Jardim/MA,1.0
Desastres geo-hidrológicos,60060,Gestão de resíduos e limpeza pública,2015,,Presente,veryhigh,Muito alto,#02C650,2667,Bom Jesus de Goiás/GO,1.0
Desastres geo-hidrológicos,60060,Gestão de resíduos e limpeza pública,2015,,Presente,veryhigh,Muito alto,#02C650,38,Bom Jesus do Oeste/SC,1.0
Desastres geo-hidrológicos,60060,Gestão de resíduos e limpeza pública,2015,,Presente,veryhigh,Muito alto,#02C650,5080,Bom Jesus do Sul/PR,1.0
Desastres geo-hidrológicos,60060,Gestão de resíduos e limpeza pública,2015,,Presente,veryhigh,Muito alto,#02C650,2952,Bom Jesus do Tocantins/PA,1.0
Desastres geo-hidrológicos,60060,Gestão de resíduos e limpeza pública,2015,,Presente,veryhigh,Muito alto,#02C650,3434,Bom Jesus/PI,1.0
Desastres geo-hidrológicos,60060,Gestão de resíduos e limpeza pública,2015,,Presente,veryhigh,Muito alto,#02C650,37,Bom Jesus/SC,1.0
Desastres geo-hidrológicos,60060,Gestão de resíduos e limpeza pública,2015,,Presente,veryhigh,Muito alto,#02C650,2570,Bom Princípio/RS,1.0
Desastres geo-hidrológicos,60060,Gestão de resíduos e limpeza pública,2015,,Presente,veryhigh,Muito alto,#02C650,165,Bom Progresso/RS,1.0
Desastres geo-hidrológicos,60060,Gestão de resíduos e limpeza pública,2015,,Presente,veryhigh,Muito alto,#02C650,166,Bom Retiro do Sul/RS,1.0
Desastres geo-hidrológicos,60060,Gestão de resíduos e limpeza pública,2015,,Presente,veryhigh,Muito alto,#02C650,2408,Bom Retiro/SC,1.0
Desastres geo-hidrológicos,60060,Gestão de resíduos e limpeza pública,2015,,Presente,veryhigh,Muito alto,#02C650,1852,Bom Sucesso de Itararé/SP,1.0
Desastres geo-hidrológicos,60060,Gestão de resíduos e limpeza pública,2015,,Presente,veryhigh,Muito alto,#02C650,5082,Bom Sucesso do Sul/PR,1.0
Desastres geo-hidrológicos,60060,Gestão de resíduos e limpeza pública,2015,,Presente,veryhigh,Muito alto,#02C650,838,Bom Sucesso/MG,1.0
Desastres geo-hidrológicos,60060,Gestão de resíduos e limpeza pública,2015,,Presente,veryhigh,Muito alto,#02C650,839,Bonfim/MG,1.0
Desastres geo-hidrológicos,60060,Gestão de resíduos e limpeza pública,2015,,Presente,veryhigh,Muito alto,#02C650,840,Bonfinópolis de Minas/MG,1.0
Desastres geo-hidrológicos,60060,Gestão de resíduos e limpeza pública,2015,,Presente,veryhigh,Muito alto,#02C650,2668,Bonfinópolis/GO,1.0
Desastres geo-hidrológicos,60060,Gestão de resíduos e limpeza pública,2015,,Presente,veryhigh,Muito alto,#02C650,4012,Bonito de Santa Fé/PB,1.0
Desastres geo-hidrológicos,60060,Gestão de resíduos e limpeza pública,2015,,Presente,veryhigh,Muito alto,#02C650,536,Bonito/MS,1.0
Desastres geo-hidrológicos,60060,Gestão de resíduos e limpeza pública,2015,,Presente,veryhigh,Muito alto,#02C650,4226,Bonito/PE,1.0
Desastres geo-hidrológicos,60060,Gestão de resíduos e limpeza pública,2015,,Presente,veryhigh,Muito alto,#02C650,4013,Boqueirão/PB,1.0
Desastres geo-hidrológicos,60060,Gestão de resíduos e limpeza pública,2015,,Presente,veryhigh,Muito alto,#02C650,4495,Boquim/SE,1.0
Desastres geo-hidrológicos,60060,Gestão de resíduos e limpeza pública,2015,,Presente,veryhigh,Muito alto,#02C650,1854,Boracéia/SP,1.0
Desastres geo-hidrológicos,60060,Gestão de resíduos e limpeza pública,2015,,Presente,veryhigh,Muito alto,#02C650,5472,Borba/AM,1.0
Desastres geo-hidrológicos,60060,Gestão de resíduos e limpeza pública,2015,,Presente,veryhigh,Muito alto,#02C650,4015,Borborema/PB,1.0
Desastres geo-hidrológicos,60060,Gestão de resíduos e limpeza pública,2015,,Presente,veryhigh,Muito alto,#02C650,1855,Borborema/SP,1.0
Desastres geo-hidrológicos,60060,Gestão de resíduos e limpeza pública,2015,,Presente,veryhigh,Muito alto,#02C650,5083,Borrazópolis/PR,1.0
Desastres geo-hidrológicos,60060,Gestão de resíduos e limpeza pública,2015,,Presente,veryhigh,Muito alto,#02C650,168,Bossoroca/RS,1.0
Desastres geo-hidrológicos,60060,Gestão de resíduos e limpeza pública,2015,,Presente,veryhigh,Muito alto,#02C650,843,Botelhos/MG,1.0
Desastres geo-hidrológicos,60060,Gestão de resíduos e limpeza pública,2015,,Presente,veryhigh,Muito alto,#02C650,1857,Botucatu/SP,1.0
Desastres geo-hidrológicos,60060,Gestão de resíduos e limpeza pública,2015,,Presente,veryhigh,Muito alto,#02C650,844,Botumirim/MG,1.0
Desastres geo-hidrológicos,60060,Gestão de resíduos e limpeza pública,2015,,Presente,veryhigh,Muito alto,#02C650,169,Bozano/RS,1.0
Desastres geo-hidrológicos,60060,Gestão de resíduos e limpeza pública,2015,,Presente,veryhigh,Muito alto,#02C650,2410,Braço do Norte/SC,1.0
Desastres geo-hidrológicos,60060,Gestão de resíduos e limpeza pública,2015,,Presente,veryhigh,Muito alto,#02C650,1858,Bragança Paulista/SP,1.0
Desastres geo-hidrológicos,60060,Gestão de resíduos e limpeza pública,2015,,Presente,veryhigh,Muito alto,#02C650,5084,Braganey/PR,1.0
Desastres geo-hidrológicos,60060,Gestão de resíduos e limpeza pública,2015,,Presente,veryhigh,Muito alto,#02C650,170,Braga/RS,1.0
Desastres geo-hidrológicos,60060,Gestão de resíduos e limpeza pública,2015,,Presente,veryhigh,Muito alto,#02C650,845,Brasilândia de Minas/MG,1.0
Desastres geo-hidrológicos,60060,Gestão de resíduos e limpeza pública,2015,,Presente,veryhigh,Muito alto,#02C650,5085,Brasilândia do Sul/PR,1.0
Desastres geo-hidrológicos,60060,Gestão de resíduos e limpeza pública,2015,,Presente,veryhigh,Muito alto,#02C650,537,Brasilândia/MS,1.0
Desastres geo-hidrológicos,60060,Gestão de resíduos e limpeza pública,2015,,Presente,veryhigh,Muito alto,#02C650,2823,Brasiléia/AC,1.0
Desastres geo-hidrológicos,60060,Gestão de resíduos e limpeza pública,2015,,Presente,veryhigh,Muito alto,#02C650,846,Brasília de Minas/MG,1.0
Desastres geo-hidrológicos,60060,Gestão de resíduos e limpeza pública,2015,,Presente,veryhigh,Muito alto,#02C650,2820,Brasília/DF,1.0
Desastres geo-hidrológicos,60060,Gestão de resíduos e limpeza pública,2015,,Presente,veryhigh,Muito alto,#02C650,847,Brás Pires/MG,1.0
Desastres geo-hidrológicos,60060,Gestão de resíduos e limpeza pública,2015,,Presente,veryhigh,Muito alto,#02C650,1859,Braúna/SP,1.0
Desastres geo-hidrológicos,60060,Gestão de resíduos e limpeza pública,2015,,Presente,veryhigh,Muito alto,#02C650,1860,Brejo Alegre/SP,1.0
Desastres geo-hidrológicos,60060,Gestão de resíduos e limpeza pública,2015,,Presente,veryhigh,Muito alto,#02C650,4229,Brejo da Madre de Deus/PE,1.0
Desastres geo-hidrológicos,60060,Gestão de resíduos e limpeza pública,2015,,Presente,veryhigh,Muito alto,#02C650,2955,Brejo Grande do Araguaia/PA,1.0
Desastres geo-hidrológicos,60060,Gestão de resíduos e limpeza pública,2015,,Presente,veryhigh,Muito alto,#02C650,3223,Brejo/MA,1.0
Desastres geo-hidrológicos,60060,Gestão de resíduos e limpeza pública,2015,,Presente,veryhigh,Muito alto,#02C650,2957,Breves/PA,1.0
Desastres geo-hidrológicos,60060,Gestão de resíduos e limpeza pública,2015,,Presente,veryhigh,Muito alto,#02C650,171,Brochier/RS,1.0
Desastres geo-hidrológicos,60060,Gestão de resíduos e limpeza pública,2015,,Presente,veryhigh,Muito alto,#02C650,1861,Brodowski/SP,1.0
Desastres geo-hidrológicos,60060,Gestão de resíduos e limpeza pública,2015,,Presente,veryhigh,Muito alto,#02C650,2412,Brunópolis/SC,1.0
Desastres geo-hidrológicos,60060,Gestão de resíduos e limpeza pública,2015,,Presente,veryhigh,Muito alto,#02C650,2413,Brusque/SC,1.0
Desastres geo-hidrológicos,60060,Gestão de resíduos e limpeza pública,2015,,Presente,veryhigh,Muito alto,#02C650,1863,Buri/SP,1.0
Desastres geo-hidrológicos,60060,Gestão de resíduos e limpeza pública,2015,,Presente,veryhigh,Muito alto,#02C650,1864,Buritama/SP,1.0
Desastres geo-hidrológicos,60060,Gestão de resíduos e limpeza pública,2015,,Presente,veryhigh,Muito alto,#02C650,2671,Buriti Alegre/GO,1.0
Desastres geo-hidrológicos,60060,Gestão de resíduos e limpeza pública,2015,,Presente,veryhigh,Muito alto,#02C650,2672,Buriti de Goiás/GO,1.0
Desastres geo-hidrológicos,60060,Gestão de resíduos e limpeza pública,2015,,Presente,veryhigh,Muito alto,#02C650,3440,Buriti dos Lopes/PI,1.0
Desastres geo-hidrológicos,60060,Gestão de resíduos e limpeza pública,2015,,Presente,veryhigh,Muito alto,#02C650,2673,Buritinópolis/GO,1.0
Desastres geo-hidrológicos,60060,Gestão de resíduos e limpeza pública,2015,,Presente,veryhigh,Muito alto,#02C650,4608,Buritirama/BA,1.0
Desastres geo-hidrológicos,60060,Gestão de resíduos e limpeza pública,2015,,Presente,veryhigh,Muito alto,#02C650,5548,Buritis/RO,1.0
Desastres geo-hidrológicos,60060,Gestão de resíduos e limpeza pública,2015,,Presente,veryhigh,Muito alto,#02C650,1865,Buritizal/SP,1.0
Desastres geo-hidrológicos,60060,Gestão de resíduos e limpeza pública,2015,,Presente,veryhigh,Muito alto,#02C650,855,Buritizeiro/MG,1.0
Desastres geo-hidrológicos,60060,Gestão de resíduos e limpeza pública,2015,,Presente,veryhigh,Muito alto,#02C650,172,Butiá/RS,1.0
Desastres geo-hidrológicos,60060,Gestão de resíduos e limpeza pública,2015,,Presente,veryhigh,Muito alto,#02C650,5473,Caapiranga/AM,1.0
Desastres geo-hidrológicos,60060,Gestão de resíduos e limpeza pública,2015,,Presente,veryhigh,Muito alto,#02C650,538,Caarapó/MS,1.0
Desastres geo-hidrológicos,60060,Gestão de resíduos e limpeza pública,2015,,Presente,veryhigh,Muito alto,#02C650,4019,Cabaceiras/PB,1.0
Desastres geo-hidrológicos,60060,Gestão de resíduos e limpeza pública,2015,,Presente,veryhigh,Muito alto,#02C650,857,Cabo Verde/MG,1.0
Desastres geo-hidrológicos,60060,Gestão de resíduos e limpeza pública,2015,,Presente,veryhigh,Muito alto,#02C650,1867,Cabreúva/SP,1.0
Desastres geo-hidrológicos,60060,Gestão de resíduos e limpeza pública,2015,,Presente,veryhigh,Muito alto,#02C650,5550,Cacaulândia/RO,1.0
Desastres geo-hidrológicos,60060,Gestão de resíduos e limpeza pública,2015,,Presente,veryhigh,Muito alto,#02C650,174,Cacequi/RS,1.0
Desastres geo-hidrológicos,60060,Gestão de resíduos e limpeza pública,2015,,Presente,veryhigh,Muito alto,#02C650,609,Cáceres/MT,1.0
Desastres geo-hidrológicos,60060,Gestão de resíduos e limpeza pública,2015,,Presente,veryhigh,Muito alto,#02C650,2675,Cachoeira Alta/GO,1.0
Desastres geo-hidrológicos,60060,Gestão de resíduos e limpeza pública,2015,,Presente,veryhigh,Muito alto,#02C650,4610,Cachoeira/BA,1.0
Desastres geo-hidrológicos,60060,Gestão de resíduos e limpeza pública,2015,,Presente,veryhigh,Muito alto,#02C650,2960,Cachoeira do Arari/PA,1.0
Desastres geo-hidrológicos,60060,Gestão de resíduos e limpeza pública,2015,,Presente,veryhigh,Muito alto,#02C650,4021,Cachoeira dos Índios/PB,1.0
Desastres geo-hidrológicos,60060,Gestão de resíduos e limpeza pública,2015,,Presente,veryhigh,Muito alto,#02C650,175,Cachoeira do Sul/RS,1.0
Desastres geo-hidrológicos,60060,Gestão de resíduos e limpeza pública,2015,,Presente,veryhigh,Muito alto,#02C650,860,Cachoeira Dourada/MG,1.0
Desastres geo-hidrológicos,60060,Gestão de resíduos e limpeza pública,2015,,Presente,veryhigh,Muito alto,#02C650,1696,Cachoeiras de Macacu/RJ,1.0
Desastres geo-hidrológicos,60060,Gestão de resíduos e limpeza pública,2015,,Presente,veryhigh,Muito alto,#02C650,4234,Cachoeirinha/PE,1.0
Desastres geo-hidrológicos,60060,Gestão de resíduos e limpeza pública,2015,,Presente,veryhigh,Muito alto,#02C650,2571,Cachoeirinha/RS,1.0
Desastres geo-hidrológicos,60060,Gestão de resíduos e limpeza pública,2015,,Presente,veryhigh,Muito alto,#02C650,176,Cacique Doble/RS,1.0
Desastres geo-hidrológicos,60060,Gestão de resíduos e limpeza pública,2015,,Presente,veryhigh,Muito alto,#02C650,5524,Cacoal/RO,1.0
Desastres geo-hidrológicos,60060,Gestão de resíduos e limpeza pública,2015,,Presente,veryhigh,Muito alto,#02C650,4968,Caçu/GO,1.0
Desastres geo-hidrológicos,60060,Gestão de resíduos e limpeza pública,2015,,Presente,veryhigh,Muito alto,#02C650,4235,Caetés/PE,1.0
Desastres geo-hidrológicos,60060,Gestão de resíduos e limpeza pública,2015,,Presente,veryhigh,Muito alto,#02C650,5086,Cafeara/PR,1.0
Desastres geo-hidrológicos,60060,Gestão de resíduos e limpeza pública,2015,,Presente,veryhigh,Muito alto,#02C650,1872,Caiabu/SP,1.0
Desastres geo-hidrológicos,60060,Gestão de resíduos e limpeza pública,2015,,Presente,veryhigh,Muito alto,#02C650,4025,Caiçara/PB,1.0
Desastres geo-hidrológicos,60060,Gestão de resíduos e limpeza pública,2015,,Presente,veryhigh,Muito alto,#02C650,3834,Caicó/RN,1.0
Desastres geo-hidrológicos,60060,Gestão de resíduos e limpeza pública,2015,,Presente,veryhigh,Muito alto,#02C650,1873,Caieiras/SP,1.0
Desastres geo-hidrológicos,60060,Gestão de resíduos e limpeza pública,2015,,Presente,veryhigh,Muito alto,#02C650,1,Caiuá/SP,1.0
Desastres geo-hidrológicos,60060,Gestão de resíduos e limpeza pública,2015,,Presente,veryhigh,Muito alto,#02C650,1874,Cajamar/SP,1.0
Desastres geo-hidrológicos,60060,Gestão de resíduos e limpeza pública,2015,,Presente,veryhigh,Muito alto,#02C650,1875,Cajati/SP,1.0
Desastres geo-hidrológicos,60060,Gestão de resíduos e limpeza pública,2015,,Presente,veryhigh,Muito alto,#02C650,4026,Cajazeiras/PB,1.0
Desastres geo-hidrológicos,60060,Gestão de resíduos e limpeza pública,2015,,Presente,veryhigh,Muito alto,#02C650,4399,Cajueiro/AL,1.0
Desastres geo-hidrológicos,60060,Gestão de resíduos e limpeza pública,2015,,Presente,veryhigh,Muito alto,#02C650,864,Cajuri/MG,1.0
Desastres geo-hidrológicos,60060,Gestão de resíduos e limpeza pública,2015,,Presente,veryhigh,Muito alto,#02C650,4614,Caldeirão Grande/BA,1.0
Desastres geo-hidrológicos,60060,Gestão de resíduos e limpeza pública,2015,,Presente,veryhigh,Muito alto,#02C650,3445,Caldeirão Grande do Piauí/PI,1.0
Desastres geo-hidrológicos,60060,Gestão de resíduos e limpeza pública,2015,,Presente,veryhigh,Muito alto,#02C650,2414,Calmon/SC,1.0
Desastres geo-hidrológicos,60060,Gestão de resíduos e limpeza pública,2015,,Presente,veryhigh,Muito alto,#02C650,4237,Calumbi/PE,1.0
Desastres geo-hidrológicos,60060,Gestão de resíduos e limpeza pública,2015,,Presente,veryhigh,Muito alto,#02C650,4615,Camaçari/BA,1.0
Desastres geo-hidrológicos,60060,Gestão de resíduos e limpeza pública,2015,,Presente,veryhigh,Muito alto,#02C650,4029,Camalaú/PB,1.0
Desastres geo-hidrológicos,60060,Gestão de resíduos e limpeza pública,2015,,Presente,veryhigh,Muito alto,#02C650,4616,Camamu/BA,1.0
Desastres geo-hidrológicos,60060,Gestão de resíduos e limpeza pública,2015,,Presente,veryhigh,Muito alto,#02C650,867,Camanducaia/MG,1.0
Desastres geo-hidrológicos,60060,Gestão de resíduos e limpeza pública,2015,,Presente,veryhigh,Muito alto,#02C650,179,Camaquã/RS,1.0
Desastres geo-hidrológicos,60060,Gestão de resíduos e limpeza pública,2015,,Presente,veryhigh,Muito alto,#02C650,2572,Cambará do Sul/RS,1.0
Desastres geo-hidrológicos,60060,Gestão de resíduos e limpeza pública,2015,,Presente,veryhigh,Muito alto,#02C650,5326,Cambará/PR,1.0
Desastres geo-hidrológicos,60060,Gestão de resíduos e limpeza pública,2015,,Presente,veryhigh,Muito alto,#02C650,5440,Cambé/PR,1.0
Desastres geo-hidrológicos,60060,Gestão de resíduos e limpeza pública,2015,,Presente,veryhigh,Muito alto,#02C650,868,Cambuí/MG,1.0
Desastres geo-hidrológicos,60060,Gestão de resíduos e limpeza pública,2015,,Presente,veryhigh,Muito alto,#02C650,869,Cambuquira/MG,1.0
Desastres geo-hidrológicos,60060,Gestão de resíduos e limpeza pública,2015,,Presente,veryhigh,Muito alto,#02C650,3659,Camocim/CE,1.0
Desastres geo-hidrológicos,60060,Gestão de resíduos e limpeza pública,2015,,Presente,veryhigh,Muito alto,#02C650,2573,Campestre da Serra/RS,1.0
Desastres geo-hidrológicos,60060,Gestão de resíduos e limpeza pública,2015,,Presente,veryhigh,Muito alto,#02C650,5090,Campina da Lagoa/PR,1.0
Desastres geo-hidrológicos,60060,Gestão de resíduos e limpeza pública,2015,,Presente,veryhigh,Muito alto,#02C650,181,Campina das Missões/RS,1.0
Desastres geo-hidrológicos,60060,Gestão de resíduos e limpeza pública,2015,,Presente,veryhigh,Muito alto,#02C650,5327,Campina Grande do Sul/PR,1.0
Desastres geo-hidrológicos,60060,Gestão de resíduos e limpeza pública,2015,,Presente,veryhigh,Muito alto,#02C650,4030,Campina Grande/PB,1.0
Desastres geo-hidrológicos,60060,Gestão de resíduos e limpeza pública,2015,,Presente,veryhigh,Muito alto,#02C650,4950,Campinápolis/MT,1.0
Desastres geo-hidrológicos,60060,Gestão de resíduos e limpeza pública,2015,,Presente,veryhigh,Muito alto,#02C650,3446,Campinas do Piauí/PI,1.0
Desastres geo-hidrológicos,60060,Gestão de resíduos e limpeza pública,2015,,Presente,veryhigh,Muito alto,#02C650,182,Campinas do Sul/RS,1.0
Desastres geo-hidrológicos,60060,Gestão de resíduos e limpeza pública,2015,,Presente,veryhigh,Muito alto,#02C650,1879,Campinas/SP,1.0
Desastres geo-hidrológicos,60060,Gestão de resíduos e limpeza pública,2015,,Presente,veryhigh,Muito alto,#02C650,873,Campina Verde/MG,1.0
Desastres geo-hidrológicos,60060,Gestão de resíduos e limpeza pública,2015,,Presente,veryhigh,Muito alto,#02C650,4401,Campo Alegre/AL,1.0
Desastres geo-hidrológicos,60060,Gestão de resíduos e limpeza pública,2015,,Presente,veryhigh,Muito alto,#02C650,2681,Campo Alegre de Goiás/GO,1.0
Desastres geo-hidrológicos,60060,Gestão de resíduos e limpeza pública,2015,,Presente,veryhigh,Muito alto,#02C650,3447,Campo Alegre do Fidalgo/PI,1.0
Desastres geo-hidrológicos,60060,Gestão de resíduos e limpeza pública,2015,,Presente,veryhigh,Muito alto,#02C650,2417,Campo Alegre/SC,1.0
Desastres geo-hidrológicos,60060,Gestão de resíduos e limpeza pública,2015,,Presente,veryhigh,Muito alto,#02C650,875,Campo Belo/MG,1.0
Desastres geo-hidrológicos,60060,Gestão de resíduos e limpeza pública,2015,,Presente,veryhigh,Muito alto,#02C650,2574,Campo Bom/RS,1.0
Desastres geo-hidrológicos,60060,Gestão de resíduos e limpeza pública,2015,,Presente,veryhigh,Muito alto,#02C650,5092,Campo Bonito/PR,1.0
Desastres geo-hidrológicos,60060,Gestão de resíduos e limpeza pública,2015,,Presente,veryhigh,Muito alto,#02C650,4497,Campo do Brito/SE,1.0
Desastres geo-hidrológicos,60060,Gestão de resíduos e limpeza pública,2015,,Presente,veryhigh,Muito alto,#02C650,876,Campo do Meio/MG,1.0
Desastres geo-hidrológicos,60060,Gestão de resíduos e limpeza pública,2015,,Presente,veryhigh,Muito alto,#02C650,5328,Campo do Tenente/PR,1.0
Desastres geo-hidrológicos,60060,Gestão de resíduos e limpeza pública,2015,,Presente,veryhigh,Muito alto,#02C650,40,Campo Erê/SC,1.0
Desastres geo-hidrológicos,60060,Gestão de resíduos e limpeza pública,2015,,Presente,veryhigh,Muito alto,#02C650,877,Campo Florido/MG,1.0
Desastres geo-hidrológicos,60060,Gestão de resíduos e limpeza pública,2015,,Presente,veryhigh,Muito alto,#02C650,4402,Campo Grande/AL,1.0
Desastres geo-hidrológicos,60060,Gestão de resíduos e limpeza pública,2015,,Presente,veryhigh,Muito alto,#02C650,540,Campo Grande/MS,1.0
Desastres geo-hidrológicos,60060,Gestão de resíduos e limpeza pública,2015,,Presente,veryhigh,Muito alto,#02C650,3824,Campo Grande/RN,1.0
Desastres geo-hidrológicos,60060,Gestão de resíduos e limpeza pública,2015,,Presente,veryhigh,Muito alto,#02C650,1880,Campo Limpo Paulista/SP,1.0
Desastres geo-hidrológicos,60060,Gestão de resíduos e limpeza pública,2015,,Presente,veryhigh,Muito alto,#02C650,5330,Campo Magro/PR,1.0
Desastres geo-hidrológicos,60060,Gestão de resíduos e limpeza pública,2015,,Presente,veryhigh,Muito alto,#02C650,3450,Campo Maior/PI,1.0
Desastres geo-hidrológicos,60060,Gestão de resíduos e limpeza pública,2015,,Presente,veryhigh,Muito alto,#02C650,5093,Campo Mourão/PR,1.0
Desastres geo-hidrológicos,60060,Gestão de resíduos e limpeza pública,2015,,Presente,veryhigh,Muito alto,#02C650,5551,Campo Novo de Rondônia/RO,1.0
Desastres geo-hidrológicos,60060,Gestão de resíduos e limpeza pública,2015,,Presente,veryhigh,Muito alto,#02C650,183,Campo Novo/RS,1.0
Desastres geo-hidrológicos,60060,Gestão de resíduos e limpeza pública,2015,,Presente,veryhigh,Muito alto,#02C650,878,Campos Altos/MG,1.0
Desastres geo-hidrológicos,60060,Gestão de resíduos e limpeza pública,2015,,Presente,veryhigh,Muito alto,#02C650,4875,Campos Belos/GO,1.0
Desastres geo-hidrológicos,60060,Gestão de resíduos e limpeza pública,2015,,Presente,veryhigh,Muito alto,#02C650,4952,Campos de Júlio/MT,1.0
Desastres geo-hidrológicos,60060,Gestão de resíduos e limpeza pública,2015,,Presente,veryhigh,Muito alto,#02C650,1881,Campos do Jordão/SP,1.0
Desastres geo-hidrológicos,60060,Gestão de resíduos e limpeza pública,2015,,Presente,veryhigh,Muito alto,#02C650,879,Campos Gerais/MG,1.0
Desastres geo-hidrológicos,60060,Gestão de resíduos e limpeza pública,2015,,Presente,veryhigh,Muito alto,#02C650,4913,Campos Novos/SC,1.0
Desastres geo-hidrológicos,60060,Gestão de resíduos e limpeza pública,2015,,Presente,veryhigh,Muito alto,#02C650,4240,Camutanga/PE,1.0
Desastres geo-hidrológicos,60060,Gestão de resíduos e limpeza pública,2015,,Presente,veryhigh,Muito alto,#02C650,2962,Canaã dos Carajás/PA,1.0
Desastres geo-hidrológicos,60060,Gestão de resíduos e limpeza pública,2015,,Presente,veryhigh,Muito alto,#02C650,880,Canaã/MG,1.0
Desastres geo-hidrológicos,60060,Gestão de resíduos e limpeza pública,2015,,Presente,veryhigh,Muito alto,#02C650,1883,Cananéia/SP,1.0
Desastres geo-hidrológicos,60060,Gestão de resíduos e limpeza pública,2015,,Presente,veryhigh,Muito alto,#02C650,881,Canápolis/MG,1.0
Desastres geo-hidrológicos,60060,Gestão de resíduos e limpeza pública,2015,,Presente,veryhigh,Muito alto,#02C650,4620,Canarana/BA,1.0
Desastres geo-hidrológicos,60060,Gestão de resíduos e limpeza pública,2015,,Presente,veryhigh,Muito alto,#02C650,5052,Canarana/MT,1.0
Desastres geo-hidrológicos,60060,Gestão de resíduos e limpeza pública,2015,,Presente,veryhigh,Muito alto,#02C650,1884,Canas/SP,1.0
Desastres geo-hidrológicos,60060,Gestão de resíduos e limpeza pública,2015,,Presente,veryhigh,Muito alto,#02C650,185,Candelária/RS,1.0
Desastres geo-hidrológicos,60060,Gestão de resíduos e limpeza pública,2015,,Presente,veryhigh,Muito alto,#02C650,186,Cândido Godói/RS,1.0
Desastres geo-hidrológicos,60060,Gestão de resíduos e limpeza pública,2015,,Presente,veryhigh,Muito alto,#02C650,1885,Cândido Mota/SP,1.0
Desastres geo-hidrológicos,60060,Gestão de resíduos e limpeza pública,2015,,Presente,veryhigh,Muito alto,#02C650,5094,Candói/PR,1.0
Desastres geo-hidrológicos,60060,Gestão de resíduos e limpeza pública,2015,,Presente,veryhigh,Muito alto,#02C650,2575,Canela/RS,1.0
Desastres geo-hidrológicos,60060,Gestão de resíduos e limpeza pública,2015,,Presente,veryhigh,Muito alto,#02C650,2419,Canelinha/SC,1.0
Desastres geo-hidrológicos,60060,Gestão de resíduos e limpeza pública,2015,,Presente,veryhigh,Muito alto,#02C650,188,Canguçu/RS,1.0
Desastres geo-hidrológicos,60060,Gestão de resíduos e limpeza pública,2015,,Presente,veryhigh,Muito alto,#02C650,4499,Canindé de São Francisco/SE,1.0
Desastres geo-hidrológicos,60060,Gestão de resíduos e limpeza pública,2015,,Presente,veryhigh,Muito alto,#02C650,1887,Canitar/SP,1.0
Desastres geo-hidrológicos,60060,Gestão de resíduos e limpeza pública,2015,,Presente,veryhigh,Muito alto,#02C650,2576,Canoas/RS,1.0
Desastres geo-hidrológicos,60060,Gestão de resíduos e limpeza pública,2015,,Presente,veryhigh,Muito alto,#02C650,884,Cantagalo/MG,1.0
Desastres geo-hidrológicos,60060,Gestão de resíduos e limpeza pública,2015,,Presente,veryhigh,Muito alto,#02C650,1701,Cantagalo/RJ,1.0
Desastres geo-hidrológicos,60060,Gestão de resíduos e limpeza pública,2015,,Presente,veryhigh,Muito alto,#02C650,3234,Cantanhede/MA,1.0
Desastres geo-hidrológicos,60060,Gestão de resíduos e limpeza pública,2015,,Presente,veryhigh,Muito alto,#02C650,2963,Capanema/PA,1.0
Desastres geo-hidrológicos,60060,Gestão de resíduos e limpeza pública,2015,,Presente,veryhigh,Muito alto,#02C650,5096,Capanema/PR,1.0
Desastres geo-hidrológicos,60060,Gestão de resíduos e limpeza pública,2015,,Presente,veryhigh,Muito alto,#02C650,4928,Capão Bonito do Sul/RS,1.0
Desastres geo-hidrológicos,60060,Gestão de resíduos e limpeza pública,2015,,Presente,veryhigh,Muito alto,#02C650,1888,Capão Bonito/SP,1.0
Desastres geo-hidrológicos,60060,Gestão de resíduos e limpeza pública,2015,,Presente,veryhigh,Muito alto,#02C650,2577,Capão da Canoa/RS,1.0
Desastres geo-hidrológicos,60060,Gestão de resíduos e limpeza pública,2015,,Presente,veryhigh,Muito alto,#02C650,4404,Capela/AL,1.0
Desastres geo-hidrológicos,60060,Gestão de resíduos e limpeza pública,2015,,Presente,veryhigh,Muito alto,#02C650,4929,Capela de Santana/RS,1.0
Desastres geo-hidrológicos,60060,Gestão de resíduos e limpeza pública,2015,,Presente,veryhigh,Muito alto,#02C650,1889,Capela do Alto/SP,1.0
Desastres geo-hidrológicos,60060,Gestão de resíduos e limpeza pública,2015,,Presente,veryhigh,Muito alto,#02C650,886,Capela Nova/MG,1.0
Desastres geo-hidrológicos,60060,Gestão de resíduos e limpeza pública,2015,,Presente,veryhigh,Muito alto,#02C650,4500,Capela/SE,1.0
Desastres geo-hidrológicos,60060,Gestão de resíduos e limpeza pública,2015,,Presente,veryhigh,Muito alto,#02C650,887,Capelinha/MG,1.0
Desastres geo-hidrológicos,60060,Gestão de resíduos e limpeza pública,2015,,Presente,veryhigh,Muito alto,#02C650,890,Capinópolis/MG,1.0
Desastres geo-hidrológicos,60060,Gestão de resíduos e limpeza pública,2015,,Presente,veryhigh,Muito alto,#02C650,3235,Capinzal do Norte/MA,1.0
Desastres geo-hidrológicos,60060,Gestão de resíduos e limpeza pública,2015,,Presente,veryhigh,Muito alto,#02C650,41,Capinzal/SC,1.0
Desastres geo-hidrológicos,60060,Gestão de resíduos e limpeza pública,2015,,Presente,veryhigh,Muito alto,#02C650,3662,Capistrano/CE,1.0
Desastres geo-hidrológicos,60060,Gestão de resíduos e limpeza pública,2015,,Presente,veryhigh,Muito alto,#02C650,891,Capitão Andrade/MG,1.0
Desastres geo-hidrológicos,60060,Gestão de resíduos e limpeza pública,2015,,Presente,veryhigh,Muito alto,#02C650,892,Capitão Enéas/MG,1.0
Desastres geo-hidrológicos,60060,Gestão de resíduos e limpeza pública,2015,,Presente,veryhigh,Muito alto,#02C650,5097,Capitão Leônidas Marques/PR,1.0
Desastres geo-hidrológicos,60060,Gestão de resíduos e limpeza pública,2015,,Presente,veryhigh,Muito alto,#02C650,2421,Capivari de Baixo/SC,1.0
Desastres geo-hidrológicos,60060,Gestão de resíduos e limpeza pública,2015,,Presente,veryhigh,Muito alto,#02C650,2578,Capivari do Sul/RS,1.0
Desastres geo-hidrológicos,60060,Gestão de resíduos e limpeza pública,2015,,Presente,veryhigh,Muito alto,#02C650,1890,Capivari/SP,1.0
Desastres geo-hidrológicos,60060,Gestão de resíduos e limpeza pública,2015,,Presente,veryhigh,Muito alto,#02C650,2848,Caracaraí/RR,1.0
Desastres geo-hidrológicos,60060,Gestão de resíduos e limpeza pública,2015,,Presente,veryhigh,Muito alto,#02C650,541,Caracol/MS,1.0
Desastres geo-hidrológicos,60060,Gestão de resíduos e limpeza pública,2015,,Presente,veryhigh,Muito alto,#02C650,1891,Caraguatatuba/SP,1.0
Desastres geo-hidrológicos,60060,Gestão de resíduos e limpeza pública,2015,,Presente,veryhigh,Muito alto,#02C650,5331,Carambeí/PR,1.0
Desastres geo-hidrológicos,60060,Gestão de resíduos e limpeza pública,2015,,Presente,veryhigh,Muito alto,#02C650,897,Carandaí/MG,1.0
Desastres geo-hidrológicos,60060,Gestão de resíduos e limpeza pública,2015,,Presente,veryhigh,Muito alto,#02C650,1892,Carapicuíba/SP,1.0
Desastres geo-hidrológicos,60060,Gestão de resíduos e limpeza pública,2015,,Presente,veryhigh,Muito alto,#02C650,5475,Carauari/AM,1.0
Desastres geo-hidrológicos,60060,Gestão de resíduos e limpeza pública,2015,,Presente,veryhigh,Muito alto,#02C650,4032,Caraúbas/PB,1.0
Desastres geo-hidrológicos,60060,Gestão de resíduos e limpeza pública,2015,,Presente,veryhigh,Muito alto,#02C650,3837,Caraúbas/RN,1.0
Desastres geo-hidrológicos,60060,Gestão de resíduos e limpeza pública,2015,,Presente,veryhigh,Muito alto,#02C650,688,Caravelas/BA,1.0
Desastres geo-hidrológicos,60060,Gestão de resíduos e limpeza pública,2015,,Presente,veryhigh,Muito alto,#02C650,193,Carazinho/RS,1.0
Desastres geo-hidrológicos,60060,Gestão de resíduos e limpeza pública,2015,,Presente,veryhigh,Muito alto,#02C650,1893,Cardoso/SP,1.0
Desastres geo-hidrológicos,60060,Gestão de resíduos e limpeza pública,2015,,Presente,veryhigh,Muito alto,#02C650,901,Careaçu/MG,1.0
Desastres geo-hidrológicos,60060,Gestão de resíduos e limpeza pública,2015,,Presente,veryhigh,Muito alto,#02C650,5476,Careiro/AM,1.0
Desastres geo-hidrológicos,60060,Gestão de resíduos e limpeza pública,2015,,Presente,veryhigh,Muito alto,#02C650,5477,Careiro da Várzea/AM,1.0
Desastres geo-hidrológicos,60060,Gestão de resíduos e limpeza pública,2015,,Presente,veryhigh,Muito alto,#02C650,1622,Cariacica/ES,1.0
Desastres geo-hidrológicos,60060,Gestão de resíduos e limpeza pública,2015,,Presente,veryhigh,Muito alto,#02C650,4930,Carlos Barbosa/RS,1.0
Desastres geo-hidrológicos,60060,Gestão de resíduos e limpeza pública,2015,,Presente,veryhigh,Muito alto,#02C650,194,Carlos Gomes/RS,1.0
Desastres geo-hidrológicos,60060,Gestão de resíduos e limpeza pública,2015,,Presente,veryhigh,Muito alto,#02C650,904,Carmo da Cachoeira/MG,1.0
Desastres geo-hidrológicos,60060,Gestão de resíduos e limpeza pública,2015,,Presente,veryhigh,Muito alto,#02C650,905,Carmo da Mata/MG,1.0
Desastres geo-hidrológicos,60060,Gestão de resíduos e limpeza pública,2015,,Presente,veryhigh,Muito alto,#02C650,907,Carmo do Cajuru/MG,1.0
Desastres geo-hidrológicos,60060,Gestão de resíduos e limpeza pública,2015,,Presente,veryhigh,Muito alto,#02C650,908,Carmo do Paranaíba/MG,1.0
Desastres geo-hidrológicos,60060,Gestão de resíduos e limpeza pública,2015,,Presente,veryhigh,Muito alto,#02C650,910,Carmópolis de Minas/MG,1.0
Desastres geo-hidrológicos,60060,Gestão de resíduos e limpeza pública,2015,,Presente,veryhigh,Muito alto,#02C650,4502,Carmópolis/SE,1.0
Desastres geo-hidrológicos,60060,Gestão de resíduos e limpeza pública,2015,,Presente,veryhigh,Muito alto,#02C650,4243,Carnaíba/PE,1.0
Desastres geo-hidrológicos,60060,Gestão de resíduos e limpeza pública,2015,,Presente,veryhigh,Muito alto,#02C650,2849,Caroebe/RR,1.0
Desastres geo-hidrológicos,60060,Gestão de resíduos e limpeza pública,2015,,Presente,veryhigh,Muito alto,#02C650,4245,Carpina/PE,1.0
Desastres geo-hidrológicos,60060,Gestão de resíduos e limpeza pública,2015,,Presente,veryhigh,Muito alto,#02C650,912,Carrancas/MG,1.0
Desastres geo-hidrológicos,60060,Gestão de resíduos e limpeza pública,2015,,Presente,veryhigh,Muito alto,#02C650,3080,Carrasco Bonito/TO,1.0
Desastres geo-hidrológicos,60060,Gestão de resíduos e limpeza pública,2015,,Presente,veryhigh,Muito alto,#02C650,4246,Caruaru/PE,1.0
Desastres geo-hidrológicos,60060,Gestão de resíduos e limpeza pública,2015,,Presente,veryhigh,Muito alto,#02C650,913,Carvalhópolis/MG,1.0
Desastres geo-hidrológicos,60060,Gestão de resíduos e limpeza pública,2015,,Presente,veryhigh,Muito alto,#02C650,5098,Cascavel/PR,1.0
Desastres geo-hidrológicos,60060,Gestão de resíduos e limpeza pública,2015,,Presente,veryhigh,Muito alto,#02C650,196,Caseiros/RS,1.0
Desastres geo-hidrológicos,60060,Gestão de resíduos e limpeza pública,2015,,Presente,veryhigh,Muito alto,#02C650,4247,Casinhas/PE,1.0
Desastres geo-hidrológicos,60060,Gestão de resíduos e limpeza pública,2015,,Presente,veryhigh,Muito alto,#02C650,4034,Casserengue/PB,1.0
Desastres geo-hidrológicos,60060,Gestão de resíduos e limpeza pública,2015,,Presente,veryhigh,Muito alto,#02C650,1895,Cássia dos Coqueiros/SP,1.0
Desastres geo-hidrológicos,60060,Gestão de resíduos e limpeza pública,2015,,Presente,veryhigh,Muito alto,#02C650,917,Cássia/MG,1.0
Desastres geo-hidrológicos,60060,Gestão de resíduos e limpeza pública,2015,,Presente,veryhigh,Muito alto,#02C650,542,Cassilândia/MS,1.0
Desastres geo-hidrológicos,60060,Gestão de resíduos e limpeza pública,2015,,Presente,veryhigh,Muito alto,#02C650,2893,Castanheira/MT,1.0
Desastres geo-hidrológicos,60060,Gestão de resíduos e limpeza pública,2015,,Presente,veryhigh,Muito alto,#02C650,1623,Castelo/ES,1.0
Desastres geo-hidrológicos,60060,Gestão de resíduos e limpeza pública,2015,,Presente,veryhigh,Muito alto,#02C650,2,Castilho/SP,1.0
Desastres geo-hidrológicos,60060,Gestão de resíduos e limpeza pública,2015,,Presente,veryhigh,Muito alto,#02C650,4629,Castro Alves/BA,1.0
Desastres geo-hidrológicos,60060,Gestão de resíduos e limpeza pública,2015,,Presente,veryhigh,Muito alto,#02C650,2685,Catalão/GO,1.0
Desastres geo-hidrológicos,60060,Gestão de resíduos e limpeza pública,2015,,Presente,veryhigh,Muito alto,#02C650,1896,Catanduva/SP,1.0
Desastres geo-hidrológicos,60060,Gestão de resíduos e limpeza pública,2015,,Presente,veryhigh,Muito alto,#02C650,5099,Catanduvas/PR,1.0
Desastres geo-hidrológicos,60060,Gestão de resíduos e limpeza pública,2015,,Presente,veryhigh,Muito alto,#02C650,42,Catanduvas/SC,1.0
Desastres geo-hidrológicos,60060,Gestão de resíduos e limpeza pública,2015,,Presente,veryhigh,Muito alto,#02C650,3669,Catarina/CE,1.0
Desastres geo-hidrológicos,60060,Gestão de resíduos e limpeza pública,2015,,Presente,veryhigh,Muito alto,#02C650,1897,Catiguá/SP,1.0
Desastres geo-hidrológicos,60060,Gestão de resíduos e limpeza pública,2015,,Presente,veryhigh,Muito alto,#02C650,197,Catuípe/RS,1.0
Desastres geo-hidrológicos,60060,Gestão de resíduos e limpeza pública,2015,,Presente,veryhigh,Muito alto,#02C650,3671,Caucaia/CE,1.0
Desastres geo-hidrológicos,60060,Gestão de resíduos e limpeza pública,2015,,Presente,veryhigh,Muito alto,#02C650,43,Caxambu do Sul/SC,1.0
Desastres geo-hidrológicos,60060,Gestão de resíduos e limpeza pública,2015,,Presente,veryhigh,Muito alto,#02C650,2580,Caxias do Sul/RS,1.0
Desastres geo-hidrológicos,60060,Gestão de resíduos e limpeza pública,2015,,Presente,veryhigh,Muito alto,#02C650,3238,Caxias/MA,1.0
Desastres geo-hidrológicos,60060,Gestão de resíduos e limpeza pública,2015,,Presente,veryhigh,Muito alto,#02C650,4914,Celso Ramos/SC,1.0
Desastres geo-hidrológicos,60060,Gestão de resíduos e limpeza pública,2015,,Presente,veryhigh,Muito alto,#02C650,5100,Centenário do Sul/PR,1.0
Desastres geo-hidrológicos,60060,Gestão de resíduos e limpeza pública,2015,,Presente,veryhigh,Muito alto,#02C650,927,Centralina/MG,1.0
Desastres geo-hidrológicos,60060,Gestão de resíduos e limpeza pública,2015,,Presente,veryhigh,Muito alto,#02C650,3241,Centro do Guilherme/MA,1.0
Desastres geo-hidrológicos,60060,Gestão de resíduos e limpeza pública,2015,,Presente,veryhigh,Muito alto,#02C650,5525,Cerejeiras/RO,1.0
Desastres geo-hidrológicos,60060,Gestão de resíduos e limpeza pública,2015,,Presente,veryhigh,Muito alto,#02C650,2687,Ceres/GO,1.0
Desastres geo-hidrológicos,60060,Gestão de resíduos e limpeza pública,2015,,Presente,veryhigh,Muito alto,#02C650,1900,Cerquilho/SP,1.0
Desastres geo-hidrológicos,60060,Gestão de resíduos e limpeza pública,2015,,Presente,veryhigh,Muito alto,#02C650,200,Cerro Branco/RS,1.0
Desastres geo-hidrológicos,60060,Gestão de resíduos e limpeza pública,2015,,Presente,veryhigh,Muito alto,#02C650,3841,Cerro Corá/RN,1.0
Desastres geo-hidrológicos,60060,Gestão de resíduos e limpeza pública,2015,,Presente,veryhigh,Muito alto,#02C650,1901,Cesário Lange/SP,1.0
Desastres geo-hidrológicos,60060,Gestão de resíduos e limpeza pública,2015,,Presente,veryhigh,Muito alto,#02C650,5101,Céu Azul/PR,1.0
Desastres geo-hidrológicos,60060,Gestão de resíduos e limpeza pública,2015,,Presente,veryhigh,Muito alto,#02C650,928,Chácara/MG,1.0
Desastres geo-hidrológicos,60060,Gestão de resíduos e limpeza pública,2015,,Presente,veryhigh,Muito alto,#02C650,4251,Chã Grande/PE,1.0
Desastres geo-hidrológicos,60060,Gestão de resíduos e limpeza pública,2015,,Presente,veryhigh,Muito alto,#02C650,930,Chapada do Norte/MG,1.0
Desastres geo-hidrológicos,60060,Gestão de resíduos e limpeza pública,2015,,Presente,veryhigh,Muito alto,#02C650,931,Chapada Gaúcha/MG,1.0
Desastres geo-hidrológicos,60060,Gestão de resíduos e limpeza pública,2015,,Presente,veryhigh,Muito alto,#02C650,662,Chapadão do Céu/GO,1.0
Desastres geo-hidrológicos,60060,Gestão de resíduos e limpeza pública,2015,,Presente,veryhigh,Muito alto,#02C650,2423,Chapadão do Lageado/SC,1.0
Desastres geo-hidrológicos,60060,Gestão de resíduos e limpeza pública,2015,,Presente,veryhigh,Muito alto,#02C650,543,Chapadão do Sul/MS,1.0
Desastres geo-hidrológicos,60060,Gestão de resíduos e limpeza pública,2015,,Presente,veryhigh,Muito alto,#02C650,204,Chapada/RS,1.0
Desastres geo-hidrológicos,60060,Gestão de resíduos e limpeza pública,2015,,Presente,veryhigh,Muito alto,#02C650,44,Chapecó/SC,1.0
Desastres geo-hidrológicos,60060,Gestão de resíduos e limpeza pública,2015,,Presente,veryhigh,Muito alto,#02C650,1902,Charqueada/SP,1.0
Desastres geo-hidrológicos,60060,Gestão de resíduos e limpeza pública,2015,,Presente,veryhigh,Muito alto,#02C650,205,Charqueadas/RS,1.0
Desastres geo-hidrológicos,60060,Gestão de resíduos e limpeza pública,2015,,Presente,veryhigh,Muito alto,#02C650,206,Charrua/RS,1.0
Desastres geo-hidrológicos,60060,Gestão de resíduos e limpeza pública,2015,,Presente,veryhigh,Muito alto,#02C650,3673,Chaval/CE,1.0
Desastres geo-hidrológicos,60060,Gestão de resíduos e limpeza pública,2015,,Presente,veryhigh,Muito alto,#02C650,2377,Chavantes/SP,1.0
Desastres geo-hidrológicos,60060,Gestão de resíduos e limpeza pública,2015,,Presente,veryhigh,Muito alto,#02C650,207,Chiapetta/RS,1.0
Desastres geo-hidrológicos,60060,Gestão de resíduos e limpeza pública,2015,,Presente,veryhigh,Muito alto,#02C650,5102,Chopinzinho/PR,1.0
Desastres geo-hidrológicos,60060,Gestão de resíduos e limpeza pública,2015,,Presente,veryhigh,Muito alto,#02C650,3674,Choró/CE,1.0
Desastres geo-hidrológicos,60060,Gestão de resíduos e limpeza pública,2015,,Presente,veryhigh,Muito alto,#02C650,3675,Chorozinho/CE,1.0
Desastres geo-hidrológicos,60060,Gestão de resíduos e limpeza pública,2015,,Presente,veryhigh,Muito alto,#02C650,208,Chuí/RS,1.0
Desastres geo-hidrológicos,60060,Gestão de resíduos e limpeza pública,2015,,Presente,veryhigh,Muito alto,#02C650,5103,Cianorte/PR,1.0
Desastres geo-hidrológicos,60060,Gestão de resíduos e limpeza pública,2015,,Presente,veryhigh,Muito alto,#02C650,5104,Cidade Gaúcha/PR,1.0
Desastres geo-hidrológicos,60060,Gestão de resíduos e limpeza pública,2015,,Presente,veryhigh,Muito alto,#02C650,933,Cipotânea/MG,1.0
Desastres geo-hidrológicos,60060,Gestão de resíduos e limpeza pública,2015,,Presente,veryhigh,Muito alto,#02C650,2894,Cláudia/MT,1.0
Desastres geo-hidrológicos,60060,Gestão de resíduos e limpeza pública,2015,,Presente,veryhigh,Muito alto,#02C650,1903,Clementina/SP,1.0
Desastres geo-hidrológicos,60060,Gestão de resíduos e limpeza pública,2015,,Presente,veryhigh,Muito alto,#02C650,689,Coaraci/BA,1.0
Desastres geo-hidrológicos,60060,Gestão de resíduos e limpeza pública,2015,,Presente,veryhigh,Muito alto,#02C650,3461,Cocal de Telha/PI,1.0
Desastres geo-hidrológicos,60060,Gestão de resíduos e limpeza pública,2015,,Presente,veryhigh,Muito alto,#02C650,2424,Cocal do Sul/SC,1.0
Desastres geo-hidrológicos,60060,Gestão de resíduos e limpeza pública,2015,,Presente,veryhigh,Muito alto,#02C650,3460,Cocal/PI,1.0
Desastres geo-hidrológicos,60060,Gestão de resíduos e limpeza pública,2015,,Presente,veryhigh,Muito alto,#02C650,2690,Cocalzinho de Goiás/GO,1.0
Desastres geo-hidrológicos,60060,Gestão de resíduos e limpeza pública,2015,,Presente,veryhigh,Muito alto,#02C650,5479,Codajás/AM,1.0
Desastres geo-hidrológicos,60060,Gestão de resíduos e limpeza pública,2015,,Presente,veryhigh,Muito alto,#02C650,3246,Coelho Neto/MA,1.0
Desastres geo-hidrológicos,60060,Gestão de resíduos e limpeza pública,2015,,Presente,veryhigh,Muito alto,#02C650,1624,Colatina/ES,1.0
Desastres geo-hidrológicos,60060,Gestão de resíduos e limpeza pública,2015,,Presente,veryhigh,Muito alto,#02C650,2895,Colíder/MT,1.0
Desastres geo-hidrológicos,60060,Gestão de resíduos e limpeza pública,2015,,Presente,veryhigh,Muito alto,#02C650,3085,Colinas do Tocantins/TO,1.0
Desastres geo-hidrológicos,60060,Gestão de resíduos e limpeza pública,2015,,Presente,veryhigh,Muito alto,#02C650,3247,Colinas/MA,1.0
Desastres geo-hidrológicos,60060,Gestão de resíduos e limpeza pública,2015,,Presente,veryhigh,Muito alto,#02C650,1904,Colina/SP,1.0
Desastres geo-hidrológicos,60060,Gestão de resíduos e limpeza pública,2015,,Presente,veryhigh,Muito alto,#02C650,211,Colinas/RS,1.0
Desastres geo-hidrológicos,60060,Gestão de resíduos e limpeza pública,2015,,Presente,veryhigh,Muito alto,#02C650,1905,Colômbia/SP,1.0
Desastres geo-hidrológicos,60060,Gestão de resíduos e limpeza pública,2015,,Presente,veryhigh,Muito alto,#02C650,5335,Colombo/PR,1.0
Desastres geo-hidrológicos,60060,Gestão de resíduos e limpeza pública,2015,,Presente,veryhigh,Muito alto,#02C650,4408,Colônia Leopoldina/AL,1.0
Desastres geo-hidrológicos,60060,Gestão de resíduos e limpeza pública,2015,,Presente,veryhigh,Muito alto,#02C650,5106,Colorado/PR,1.0
Desastres geo-hidrológicos,60060,Gestão de resíduos e limpeza pública,2015,,Presente,veryhigh,Muito alto,#02C650,938,Coluna/MG,1.0
Desastres geo-hidrológicos,60060,Gestão de resíduos e limpeza pública,2015,,Presente,veryhigh,Muito alto,#02C650,3086,Combinado/TO,1.0
Desastres geo-hidrológicos,60060,Gestão de resíduos e limpeza pública,2015,,Presente,veryhigh,Muito alto,#02C650,1699,Comendador Levy Gasparian/RJ,1.0
Desastres geo-hidrológicos,60060,Gestão de resíduos e limpeza pública,2015,,Presente,veryhigh,Muito alto,#02C650,1625,Conceição da Barra/ES,1.0
Desastres geo-hidrológicos,60060,Gestão de resíduos e limpeza pública,2015,,Presente,veryhigh,Muito alto,#02C650,943,Conceição das Alagoas/MG,1.0
Desastres geo-hidrológicos,60060,Gestão de resíduos e limpeza pública,2015,,Presente,veryhigh,Muito alto,#02C650,944,Conceição de Ipanema/MG,1.0
Desastres geo-hidrológicos,60060,Gestão de resíduos e limpeza pública,2015,,Presente,veryhigh,Muito alto,#02C650,1626,Conceição do Castelo/ES,1.0
Desastres geo-hidrológicos,60060,Gestão de resíduos e limpeza pública,2015,,Presente,veryhigh,Muito alto,#02C650,3248,Conceição do Lago-Açu/MA,1.0
Desastres geo-hidrológicos,60060,Gestão de resíduos e limpeza pública,2015,,Presente,veryhigh,Muito alto,#02C650,946,Conceição do Pará/MG,1.0
Desastres geo-hidrológicos,60060,Gestão de resíduos e limpeza pública,2015,,Presente,veryhigh,Muito alto,#02C650,1907,Conchas/SP,1.0
Desastres geo-hidrológicos,60060,Gestão de resíduos e limpeza pública,2015,,Presente,veryhigh,Muito alto,#02C650,45,Concórdia/SC,1.0
Desastres geo-hidrológicos,60060,Gestão de resíduos e limpeza pública,2015,,Presente,veryhigh,Muito alto,#02C650,4039,Condado/PB,1.0
Desastres geo-hidrológicos,60060,Gestão de resíduos e limpeza pública,2015,,Presente,veryhigh,Muito alto,#02C650,4040,Conde/PB,1.0
Desastres geo-hidrológicos,60060,Gestão de resíduos e limpeza pública,2015,,Presente,veryhigh,Muito alto,#02C650,213,Condor/RS,1.0
Desastres geo-hidrológicos,60060,Gestão de resíduos e limpeza pública,2015,,Presente,veryhigh,Muito alto,#02C650,5053,Confresa/MT,1.0
Desastres geo-hidrológicos,60060,Gestão de resíduos e limpeza pública,2015,,Presente,veryhigh,Muito alto,#02C650,953,Congonhas do Norte/MG,1.0
Desastres geo-hidrológicos,60060,Gestão de resíduos e limpeza pública,2015,,Presente,veryhigh,Muito alto,#02C650,952,Congonhas/MG,1.0
Desastres geo-hidrológicos,60060,Gestão de resíduos e limpeza pública,2015,,Presente,veryhigh,Muito alto,#02C650,5336,Congonhinhas/PR,1.0
Desastres geo-hidrológicos,60060,Gestão de resíduos e limpeza pública,2015,,Presente,veryhigh,Muito alto,#02C650,954,Conquista/MG,1.0
Desastres geo-hidrológicos,60060,Gestão de resíduos e limpeza pública,2015,,Presente,veryhigh,Muito alto,#02C650,955,Conselheiro Lafaiete/MG,1.0
Desastres geo-hidrológicos,60060,Gestão de resíduos e limpeza pública,2015,,Presente,veryhigh,Muito alto,#02C650,5337,Conselheiro Mairinck/PR,1.0
Desastres geo-hidrológicos,60060,Gestão de resíduos e limpeza pública,2015,,Presente,veryhigh,Muito alto,#02C650,956,Conselheiro Pena/MG,1.0
Desastres geo-hidrológicos,60060,Gestão de resíduos e limpeza pública,2015,,Presente,veryhigh,Muito alto,#02C650,958,Contagem/MG,1.0
Desastres geo-hidrológicos,60060,Gestão de resíduos e limpeza pública,2015,,Presente,veryhigh,Muito alto,#02C650,5338,Contenda/PR,1.0
Desastres geo-hidrológicos,60060,Gestão de resíduos e limpeza pública,2015,,Presente,veryhigh,Muito alto,#02C650,215,Coqueiro Baixo/RS,1.0
Desastres geo-hidrológicos,60060,Gestão de resíduos e limpeza pública,2015,,Presente,veryhigh,Muito alto,#02C650,216,Coqueiros do Sul/RS,1.0
Desastres geo-hidrológicos,60060,Gestão de resíduos e limpeza pública,2015,,Presente,veryhigh,Muito alto,#02C650,4409,Coqueiro Seco/AL,1.0
Desastres geo-hidrológicos,60060,Gestão de resíduos e limpeza pública,2015,,Presente,veryhigh,Muito alto,#02C650,4643,Coração de Maria/BA,1.0
Desastres geo-hidrológicos,60060,Gestão de resíduos e limpeza pública,2015,,Presente,veryhigh,Muito alto,#02C650,5107,Corbélia/PR,1.0
Desastres geo-hidrológicos,60060,Gestão de resíduos e limpeza pública,2015,,Presente,veryhigh,Muito alto,#02C650,1908,Cordeirópolis/SP,1.0
Desastres geo-hidrológicos,60060,Gestão de resíduos e limpeza pública,2015,,Presente,veryhigh,Muito alto,#02C650,1706,Cordeiro/RJ,1.0
Desastres geo-hidrológicos,60060,Gestão de resíduos e limpeza pública,2015,,Presente,veryhigh,Muito alto,#02C650,46,Cordilheira Alta/SC,1.0
Desastres geo-hidrológicos,60060,Gestão de resíduos e limpeza pública,2015,,Presente,veryhigh,Muito alto,#02C650,544,Corguinho/MS,1.0
Desastres geo-hidrológicos,60060,Gestão de resíduos e limpeza pública,2015,,Presente,veryhigh,Muito alto,#02C650,963,Corinto/MG,1.0
Desastres geo-hidrológicos,60060,Gestão de resíduos e limpeza pública,2015,,Presente,veryhigh,Muito alto,#02C650,964,Coroaci/MG,1.0
Desastres geo-hidrológicos,60060,Gestão de resíduos e limpeza pública,2015,,Presente,veryhigh,Muito alto,#02C650,1909,Coroados/SP,1.0
Desastres geo-hidrológicos,60060,Gestão de resíduos e limpeza pública,2015,,Presente,veryhigh,Muito alto,#02C650,965,Coromandel/MG,1.0
Desastres geo-hidrológicos,60060,Gestão de resíduos e limpeza pública,2015,,Presente,veryhigh,Muito alto,#02C650,217,Coronel Barros/RS,1.0
Desastres geo-hidrológicos,60060,Gestão de resíduos e limpeza pública,2015,,Presente,veryhigh,Muito alto,#02C650,218,Coronel Bicaco/RS,1.0
Desastres geo-hidrológicos,60060,Gestão de resíduos e limpeza pública,2015,,Presente,veryhigh,Muito alto,#02C650,47,Coronel Freitas/SC,1.0
Desastres geo-hidrológicos,60060,Gestão de resíduos e limpeza pública,2015,,Presente,veryhigh,Muito alto,#02C650,1910,Coronel Macedo/SP,1.0
Desastres geo-hidrológicos,60060,Gestão de resíduos e limpeza pública,2015,,Presente,veryhigh,Muito alto,#02C650,48,Coronel Martins/SC,1.0
Desastres geo-hidrológicos,60060,Gestão de resíduos e limpeza pública,2015,,Presente,veryhigh,Muito alto,#02C650,967,Coronel Murta/MG,1.0
Desastres geo-hidrológicos,60060,Gestão de resíduos e limpeza pública,2015,,Presente,veryhigh,Muito alto,#02C650,545,Coronel Sapucaia/MS,1.0
Desastres geo-hidrológicos,60060,Gestão de resíduos e limpeza pública,2015,,Presente,veryhigh,Muito alto,#02C650,5109,Coronel Vivida/PR,1.0
Desastres geo-hidrológicos,60060,Gestão de resíduos e limpeza pública,2015,,Presente,veryhigh,Muito alto,#02C650,969,Coronel Xavier Chaves/MG,1.0
Desastres geo-hidrológicos,60060,Gestão de resíduos e limpeza pública,2015,,Presente,veryhigh,Muito alto,#02C650,971,Córrego do Bom Jesus/MG,1.0
Desastres geo-hidrológicos,60060,Gestão de resíduos e limpeza pública,2015,,Presente,veryhigh,Muito alto,#02C650,2691,Córrego do Ouro/GO,1.0
Desastres geo-hidrológicos,60060,Gestão de resíduos e limpeza pública,2015,,Presente,veryhigh,Muito alto,#02C650,973,Córrego Novo/MG,1.0
Desastres geo-hidrológicos,60060,Gestão de resíduos e limpeza pública,2015,,Presente,veryhigh,Muito alto,#02C650,2426,Correia Pinto/SC,1.0
Desastres geo-hidrológicos,60060,Gestão de resíduos e limpeza pública,2015,,Presente,veryhigh,Muito alto,#02C650,4253,Correntes/PE,1.0
Desastres geo-hidrológicos,60060,Gestão de resíduos e limpeza pública,2015,,Presente,veryhigh,Muito alto,#02C650,4646,Correntina/BA,1.0
Desastres geo-hidrológicos,60060,Gestão de resíduos e limpeza pública,2015,,Presente,veryhigh,Muito alto,#02C650,4254,Cortês/PE,1.0
Desastres geo-hidrológicos,60060,Gestão de resíduos e limpeza pública,2015,,Presente,veryhigh,Muito alto,#02C650,2693,Corumbaíba/GO,1.0
Desastres geo-hidrológicos,60060,Gestão de resíduos e limpeza pública,2015,,Presente,veryhigh,Muito alto,#02C650,546,Corumbá/MS,1.0
Desastres geo-hidrológicos,60060,Gestão de resíduos e limpeza pública,2015,,Presente,veryhigh,Muito alto,#02C650,5110,Corumbataí do Sul/PR,1.0
Desastres geo-hidrológicos,60060,Gestão de resíduos e limpeza pública,2015,,Presente,veryhigh,Muito alto,#02C650,1911,Corumbataí/SP,1.0
Desastres geo-hidrológicos,60060,Gestão de resíduos e limpeza pública,2015,,Presente,veryhigh,Muito alto,#02C650,2425,Corupá/SC,1.0
Desastres geo-hidrológicos,60060,Gestão de resíduos e limpeza pública,2015,,Presente,veryhigh,Muito alto,#02C650,4410,Coruripe/AL,1.0
Desastres geo-hidrológicos,60060,Gestão de resíduos e limpeza pública,2015,,Presente,veryhigh,Muito alto,#02C650,1912,Cosmópolis/SP,1.0
Desastres geo-hidrológicos,60060,Gestão de resíduos e limpeza pública,2015,,Presente,veryhigh,Muito alto,#02C650,1913,Cosmorama/SP,1.0
Desastres geo-hidrológicos,60060,Gestão de resíduos e limpeza pública,2015,,Presente,veryhigh,Muito alto,#02C650,547,Costa Rica/MS,1.0
Desastres geo-hidrológicos,60060,Gestão de resíduos e limpeza pública,2015,,Presente,veryhigh,Muito alto,#02C650,221,Coxilha/RS,1.0
Desastres geo-hidrológicos,60060,Gestão de resíduos e limpeza pública,2015,,Presente,veryhigh,Muito alto,#02C650,4411,Craíbas/AL,1.0
Desastres geo-hidrológicos,60060,Gestão de resíduos e limpeza pública,2015,,Presente,veryhigh,Muito alto,#02C650,3678,Crato/CE,1.0
Desastres geo-hidrológicos,60060,Gestão de resíduos e limpeza pública,2015,,Presente,veryhigh,Muito alto,#02C650,1915,Cravinhos/SP,1.0
Desastres geo-hidrológicos,60060,Gestão de resíduos e limpeza pública,2015,,Presente,veryhigh,Muito alto,#02C650,2427,Criciúma/SC,1.0
Desastres geo-hidrológicos,60060,Gestão de resíduos e limpeza pública,2015,,Presente,veryhigh,Muito alto,#02C650,222,Crissiumal/RS,1.0
Desastres geo-hidrológicos,60060,Gestão de resíduos e limpeza pública,2015,,Presente,veryhigh,Muito alto,#02C650,1916,Cristais Paulista/SP,1.0
Desastres geo-hidrológicos,60060,Gestão de resíduos e limpeza pública,2015,,Presente,veryhigh,Muito alto,#02C650,224,Cristal do Sul/RS,1.0
Desastres geo-hidrológicos,60060,Gestão de resíduos e limpeza pública,2015,,Presente,veryhigh,Muito alto,#02C650,223,Cristal/RS,1.0
Desastres geo-hidrológicos,60060,Gestão de resíduos e limpeza pública,2015,,Presente,veryhigh,Muito alto,#02C650,978,Cristiano Otoni/MG,1.0
Desastres geo-hidrológicos,60060,Gestão de resíduos e limpeza pública,2015,,Presente,veryhigh,Muito alto,#02C650,2695,Cristianópolis/GO,1.0
Desastres geo-hidrológicos,60060,Gestão de resíduos e limpeza pública,2015,,Presente,veryhigh,Muito alto,#02C650,979,Cristina/MG,1.0
Desastres geo-hidrológicos,60060,Gestão de resíduos e limpeza pública,2015,,Presente,veryhigh,Muito alto,#02C650,4504,Cristinápolis/SE,1.0
Desastres geo-hidrológicos,60060,Gestão de resíduos e limpeza pública,2015,,Presente,veryhigh,Muito alto,#02C650,3679,Croatá/CE,1.0
Desastres geo-hidrológicos,60060,Gestão de resíduos e limpeza pública,2015,,Presente,veryhigh,Muito alto,#02C650,2696,Cromínia/GO,1.0
Desastres geo-hidrológicos,60060,Gestão de resíduos e limpeza pública,2015,,Presente,veryhigh,Muito alto,#02C650,1917,Cruzália/SP,1.0
Desastres geo-hidrológicos,60060,Gestão de resíduos e limpeza pública,2015,,Presente,veryhigh,Muito alto,#02C650,225,Cruz Alta/RS,1.0
Desastres geo-hidrológicos,60060,Gestão de resíduos e limpeza pública,2015,,Presente,veryhigh,Muito alto,#02C650,226,Cruzaltense/RS,1.0
Desastres geo-hidrológicos,60060,Gestão de resíduos e limpeza pública,2015,,Presente,veryhigh,Muito alto,#02C650,3680,Cruz/CE,1.0
Desastres geo-hidrológicos,60060,Gestão de resíduos e limpeza pública,2015,,Presente,veryhigh,Muito alto,#02C650,4651,Cruz das Almas/BA,1.0
Desastres geo-hidrológicos,60060,Gestão de resíduos e limpeza pública,2015,,Presente,veryhigh,Muito alto,#02C650,4044,Cruz do Espírito Santo/PB,1.0
Desastres geo-hidrológicos,60060,Gestão de resíduos e limpeza pública,2015,,Presente,veryhigh,Muito alto,#02C650,2826,Cruzeiro do Sul/AC,1.0
Desastres geo-hidrológicos,60060,Gestão de resíduos e limpeza pública,2015,,Presente,veryhigh,Muito alto,#02C650,5113,Cruzeiro do Sul/PR,1.0
Desastres geo-hidrológicos,60060,Gestão de resíduos e limpeza pública,2015,,Presente,veryhigh,Muito alto,#02C650,3844,Cruzeta/RN,1.0
Desastres geo-hidrológicos,60060,Gestão de resíduos e limpeza pública,2015,,Presente,veryhigh,Muito alto,#02C650,5442,Cruz Machado/PR,1.0
Desastres geo-hidrológicos,60060,Gestão de resíduos e limpeza pública,2015,,Presente,veryhigh,Muito alto,#02C650,5443,Cruzmaltina/PR,1.0
Desastres geo-hidrológicos,60060,Gestão de resíduos e limpeza pública,2015,,Presente,veryhigh,Muito alto,#02C650,1919,Cubatão/SP,1.0
Desastres geo-hidrológicos,60060,Gestão de resíduos e limpeza pública,2015,,Presente,veryhigh,Muito alto,#02C650,613,Cuiabá/MT,1.0
Desastres geo-hidrológicos,60060,Gestão de resíduos e limpeza pública,2015,,Presente,veryhigh,Muito alto,#02C650,4047,Cuitegi/PB,1.0
Desastres geo-hidrológicos,60060,Gestão de resíduos e limpeza pública,2015,,Presente,veryhigh,Muito alto,#02C650,5555,Cujubim/RO,1.0
Desastres geo-hidrológicos,60060,Gestão de resíduos e limpeza pública,2015,,Presente,veryhigh,Muito alto,#02C650,4255,Cumaru/PE,1.0
Desastres geo-hidrológicos,60060,Gestão de resíduos e limpeza pública,2015,,Presente,veryhigh,Muito alto,#02C650,49,Cunha Porã/SC,1.0
Desastres geo-hidrológicos,60060,Gestão de resíduos e limpeza pública,2015,,Presente,veryhigh,Muito alto,#02C650,50,Cunhataí/SC,1.0
Desastres geo-hidrológicos,60060,Gestão de resíduos e limpeza pública,2015,,Presente,veryhigh,Muito alto,#02C650,4256,Cupira/PE,1.0
Desastres geo-hidrológicos,60060,Gestão de resíduos e limpeza pública,2015,,Presente,veryhigh,Muito alto,#02C650,4652,Curaçá/BA,1.0
Desastres geo-hidrológicos,60060,Gestão de resíduos e limpeza pública,2015,,Presente,veryhigh,Muito alto,#02C650,5340,Curitiba/PR,1.0
Desastres geo-hidrológicos,60060,Gestão de resíduos e limpeza pública,2015,,Presente,veryhigh,Muito alto,#02C650,3845,Currais Novos/RN,1.0
Desastres geo-hidrológicos,60060,Gestão de resíduos e limpeza pública,2015,,Presente,veryhigh,Muito alto,#02C650,2972,Curuçá/PA,1.0
Desastres geo-hidrológicos,60060,Gestão de resíduos e limpeza pública,2015,,Presente,veryhigh,Muito alto,#02C650,2698,Damianópolis/GO,1.0
Desastres geo-hidrológicos,60060,Gestão de resíduos e limpeza pública,2015,,Presente,veryhigh,Muito alto,#02C650,3091,Darcinópolis/TO,1.0
Desastres geo-hidrológicos,60060,Gestão de resíduos e limpeza pública,2015,,Presente,veryhigh,Muito alto,#02C650,986,Datas/MG,1.0
Desastres geo-hidrológicos,60060,Gestão de resíduos e limpeza pública,2015,,Presente,veryhigh,Muito alto,#02C650,228,David Canabarro/RS,1.0
Desastres geo-hidrológicos,60060,Gestão de resíduos e limpeza pública,2015,,Presente,veryhigh,Muito alto,#02C650,3251,Davinópolis/MA,1.0
Desastres geo-hidrológicos,60060,Gestão de resíduos e limpeza pública,2015,,Presente,veryhigh,Muito alto,#02C650,987,Delfim Moreira/MG,1.0
Desastres geo-hidrológicos,60060,Gestão de resíduos e limpeza pública,2015,,Presente,veryhigh,Muito alto,#02C650,4412,Delmiro Gouveia/AL,1.0
Desastres geo-hidrológicos,60060,Gestão de resíduos e limpeza pública,2015,,Presente,veryhigh,Muito alto,#02C650,3475,Demerval Lobão/PI,1.0
Desastres geo-hidrológicos,60060,Gestão de resíduos e limpeza pública,2015,,Presente,veryhigh,Muito alto,#02C650,549,Deodápolis/MS,1.0
Desastres geo-hidrológicos,60060,Gestão de resíduos e limpeza pública,2015,,Presente,veryhigh,Muito alto,#02C650,3681,Deputado Irapuan Pinheiro/CE,1.0
Desastres geo-hidrológicos,60060,Gestão de resíduos e limpeza pública,2015,,Presente,veryhigh,Muito alto,#02C650,229,Derrubadas/RS,1.0
Desastres geo-hidrológicos,60060,Gestão de resíduos e limpeza pública,2015,,Presente,veryhigh,Muito alto,#02C650,1922,Diadema/SP,1.0
Desastres geo-hidrológicos,60060,Gestão de resíduos e limpeza pública,2015,,Presente,veryhigh,Muito alto,#02C650,5116,Diamante D'Oeste/PR,1.0
Desastres geo-hidrológicos,60060,Gestão de resíduos e limpeza pública,2015,,Presente,veryhigh,Muito alto,#02C650,5114,Diamante do Norte/PR,1.0
Desastres geo-hidrológicos,60060,Gestão de resíduos e limpeza pública,2015,,Presente,veryhigh,Muito alto,#02C650,4054,Diamante/PB,1.0
Desastres geo-hidrológicos,60060,Gestão de resíduos e limpeza pública,2015,,Presente,veryhigh,Muito alto,#02C650,3092,Dianópolis/TO,1.0
Desastres geo-hidrológicos,60060,Gestão de resíduos e limpeza pública,2015,,Presente,veryhigh,Muito alto,#02C650,4653,Dias d'Ávila/BA,1.0
Desastres geo-hidrológicos,60060,Gestão de resíduos e limpeza pública,2015,,Presente,veryhigh,Muito alto,#02C650,994,Diogo de Vasconcelos/MG,1.0
Desastres geo-hidrológicos,60060,Gestão de resíduos e limpeza pública,2015,,Presente,veryhigh,Muito alto,#02C650,995,Dionísio/MG,1.0
Desastres geo-hidrológicos,60060,Gestão de resíduos e limpeza pública,2015,,Presente,veryhigh,Muito alto,#02C650,4970,Diorama/GO,1.0
Desastres geo-hidrológicos,60060,Gestão de resíduos e limpeza pública,2015,,Presente,veryhigh,Muito alto,#02C650,1923,Dirce Reis/SP,1.0
Desastres geo-hidrológicos,60060,Gestão de resíduos e limpeza pública,2015,,Presente,veryhigh,Muito alto,#02C650,998,Divino das Laranjeiras/MG,1.0
Desastres geo-hidrológicos,60060,Gestão de resíduos e limpeza pública,2015,,Presente,veryhigh,Muito alto,#02C650,1627,Divino de São Lourenço/ES,1.0
Desastres geo-hidrológicos,60060,Gestão de resíduos e limpeza pública,2015,,Presente,veryhigh,Muito alto,#02C650,999,Divinolândia de Minas/MG,1.0
Desastres geo-hidrológicos,60060,Gestão de resíduos e limpeza pública,2015,,Presente,veryhigh,Muito alto,#02C650,1924,Divinolândia/SP,1.0
Desastres geo-hidrológicos,60060,Gestão de resíduos e limpeza pública,2015,,Presente,veryhigh,Muito alto,#02C650,997,Divino/MG,1.0
Desastres geo-hidrológicos,60060,Gestão de resíduos e limpeza pública,2015,,Presente,veryhigh,Muito alto,#02C650,3093,Divinópolis do Tocantins/TO,1.0
Desastres geo-hidrológicos,60060,Gestão de resíduos e limpeza pública,2015,,Presente,veryhigh,Muito alto,#02C650,1000,Divinópolis/MG,1.0
Desastres geo-hidrológicos,60060,Gestão de resíduos e limpeza pública,2015,,Presente,veryhigh,Muito alto,#02C650,1002,Divisa Nova/MG,1.0
Desastres geo-hidrológicos,60060,Gestão de resíduos e limpeza pública,2015,,Presente,veryhigh,Muito alto,#02C650,1926,Dois Córregos/SP,1.0
Desastres geo-hidrológicos,60060,Gestão de resíduos e limpeza pública,2015,,Presente,veryhigh,Muito alto,#02C650,2582,Dois Irmãos/RS,1.0
Desastres geo-hidrológicos,60060,Gestão de resíduos e limpeza pública,2015,,Presente,veryhigh,Muito alto,#02C650,5117,Dois Vizinhos/PR,1.0
Desastres geo-hidrológicos,60060,Gestão de resíduos e limpeza pública,2015,,Presente,veryhigh,Muito alto,#02C650,1927,Dolcinópolis/SP,1.0
Desastres geo-hidrológicos,60060,Gestão de resíduos e limpeza pública,2015,,Presente,veryhigh,Muito alto,#02C650,1005,Dom Cavati/MG,1.0
Desastres geo-hidrológicos,60060,Gestão de resíduos e limpeza pública,2015,,Presente,veryhigh,Muito alto,#02C650,234,Dom Feliciano/RS,1.0
Desastres geo-hidrológicos,60060,Gestão de resíduos e limpeza pública,2015,,Presente,veryhigh,Muito alto,#02C650,1628,Domingos Martins/ES,1.0
Desastres geo-hidrológicos,60060,Gestão de resíduos e limpeza pública,2015,,Presente,veryhigh,Muito alto,#02C650,235,Dom Pedrito/RS,1.0
Desastres geo-hidrológicos,60060,Gestão de resíduos e limpeza pública,2015,,Presente,veryhigh,Muito alto,#02C650,1007,Dom Silvério/MG,1.0
Desastres geo-hidrológicos,60060,Gestão de resíduos e limpeza pública,2015,,Presente,veryhigh,Muito alto,#02C650,236,Dona Francisca/RS,1.0
Desastres geo-hidrológicos,60060,Gestão de resíduos e limpeza pública,2015,,Presente,veryhigh,Muito alto,#02C650,4055,Dona Inês/PB,1.0
Desastres geo-hidrológicos,60060,Gestão de resíduos e limpeza pública,2015,,Presente,veryhigh,Muito alto,#02C650,1010,Dores de Campos/MG,1.0
Desastres geo-hidrológicos,60060,Gestão de resíduos e limpeza pública,2015,,Presente,veryhigh,Muito alto,#02C650,1629,Dores do Rio Preto/ES,1.0
Desastres geo-hidrológicos,60060,Gestão de resíduos e limpeza pública,2015,,Presente,veryhigh,Muito alto,#02C650,551,Douradina/MS,1.0
Desastres geo-hidrológicos,60060,Gestão de resíduos e limpeza pública,2015,,Presente,veryhigh,Muito alto,#02C650,1015,Douradoquara/MG,1.0
Desastres geo-hidrológicos,60060,Gestão de resíduos e limpeza pública,2015,,Presente,veryhigh,Muito alto,#02C650,5119,Doutor Camargo/PR,1.0
Desastres geo-hidrológicos,60060,Gestão de resíduos e limpeza pública,2015,,Presente,veryhigh,Muito alto,#02C650,237,Doutor Maurício Cardoso/RS,1.0
Desastres geo-hidrológicos,60060,Gestão de resíduos e limpeza pública,2015,,Presente,veryhigh,Muito alto,#02C650,2430,Doutor Pedrinho/SC,1.0
Desastres geo-hidrológicos,60060,Gestão de resíduos e limpeza pública,2015,,Presente,veryhigh,Muito alto,#02C650,238,Doutor Ricardo/RS,1.0
Desastres geo-hidrológicos,60060,Gestão de resíduos e limpeza pública,2015,,Presente,veryhigh,Muito alto,#02C650,5434,Doutor Ulysses/PR,1.0
Desastres geo-hidrológicos,60060,Gestão de resíduos e limpeza pública,2015,,Presente,veryhigh,Muito alto,#02C650,3,Dracena/SP,1.0
Desastres geo-hidrológicos,60060,Gestão de resíduos e limpeza pública,2015,,Presente,veryhigh,Muito alto,#02C650,1929,Duartina/SP,1.0
Desastres geo-hidrológicos,60060,Gestão de resíduos e limpeza pública,2015,,Presente,veryhigh,Muito alto,#02C650,1707,Duas Barras/RJ,1.0
Desastres geo-hidrológicos,60060,Gestão de resíduos e limpeza pública,2015,,Presente,veryhigh,Muito alto,#02C650,3095,Dueré/TO,1.0
Desastres geo-hidrológicos,60060,Gestão de resíduos e limpeza pública,2015,,Presente,veryhigh,Muito alto,#02C650,3253,Duque Bacelar/MA,1.0
Desastres geo-hidrológicos,60060,Gestão de resíduos e limpeza pública,2015,,Presente,veryhigh,Muito alto,#02C650,1708,Duque de Caxias/RJ,1.0
Desastres geo-hidrológicos,60060,Gestão de resíduos e limpeza pública,2015,,Presente,veryhigh,Muito alto,#02C650,1931,Echaporã/SP,1.0
Desastres geo-hidrológicos,60060,Gestão de resíduos e limpeza pública,2015,,Presente,veryhigh,Muito alto,#02C650,1630,Ecoporanga/ES,1.0
Desastres geo-hidrológicos,60060,Gestão de resíduos e limpeza pública,2015,,Presente,veryhigh,Muito alto,#02C650,2702,Edéia/GO,1.0
Desastres geo-hidrológicos,60060,Gestão de resíduos e limpeza pública,2015,,Presente,veryhigh,Muito alto,#02C650,4931,Eldorado do Sul/RS,1.0
Desastres geo-hidrológicos,60060,Gestão de resíduos e limpeza pública,2015,,Presente,veryhigh,Muito alto,#02C650,1933,Elias Fausto/SP,1.0
Desastres geo-hidrológicos,60060,Gestão de resíduos e limpeza pública,2015,,Presente,veryhigh,Muito alto,#02C650,1934,Elisiário/SP,1.0
Desastres geo-hidrológicos,60060,Gestão de resíduos e limpeza pública,2015,,Presente,veryhigh,Muito alto,#02C650,4057,Emas/PB,1.0
Desastres geo-hidrológicos,60060,Gestão de resíduos e limpeza pública,2015,,Presente,veryhigh,Muito alto,#02C650,1935,Embaúba/SP,1.0
Desastres geo-hidrológicos,60060,Gestão de resíduos e limpeza pública,2015,,Presente,veryhigh,Muito alto,#02C650,1936,Embu das Artes/SP,1.0
Desastres geo-hidrológicos,60060,Gestão de resíduos e limpeza pública,2015,,Presente,veryhigh,Muito alto,#02C650,4899,Emilianópolis/SP,1.0
Desastres geo-hidrológicos,60060,Gestão de resíduos e limpeza pública,2015,,Presente,veryhigh,Muito alto,#02C650,239,Encantado/RS,1.0
Desastres geo-hidrológicos,60060,Gestão de resíduos e limpeza pública,2015,,Presente,veryhigh,Muito alto,#02C650,240,Encruzilhada do Sul/RS,1.0
Desastres geo-hidrológicos,60060,Gestão de resíduos e limpeza pública,2015,,Presente,veryhigh,Muito alto,#02C650,5120,Enéas Marques/PR,1.0
Desastres geo-hidrológicos,60060,Gestão de resíduos e limpeza pública,2015,,Presente,veryhigh,Muito alto,#02C650,5121,Engenheiro Beltrão/PR,1.0
Desastres geo-hidrológicos,60060,Gestão de resíduos e limpeza pública,2015,,Presente,veryhigh,Muito alto,#02C650,1018,Engenheiro Caldas/MG,1.0
Desastres geo-hidrológicos,60060,Gestão de resíduos e limpeza pública,2015,,Presente,veryhigh,Muito alto,#02C650,1938,Engenheiro Coelho/SP,1.0
Desastres geo-hidrológicos,60060,Gestão de resíduos e limpeza pública,2015,,Presente,veryhigh,Muito alto,#02C650,1020,Entre Folhas/MG,1.0
Desastres geo-hidrológicos,60060,Gestão de resíduos e limpeza pública,2015,,Presente,veryhigh,Muito alto,#02C650,242,Entre-Ijuís/RS,1.0
Desastres geo-hidrológicos,60060,Gestão de resíduos e limpeza pública,2015,,Presente,veryhigh,Muito alto,#02C650,5123,Entre Rios do Oeste/PR,1.0
Desastres geo-hidrológicos,60060,Gestão de resíduos e limpeza pública,2015,,Presente,veryhigh,Muito alto,#02C650,243,Entre Rios do Sul/RS,1.0
Desastres geo-hidrológicos,60060,Gestão de resíduos e limpeza pública,2015,,Presente,veryhigh,Muito alto,#02C650,5481,Envira/AM,1.0
Desastres geo-hidrológicos,60060,Gestão de resíduos e limpeza pública,2015,,Presente,veryhigh,Muito alto,#02C650,3849,Equador/RN,1.0
Desastres geo-hidrológicos,60060,Gestão de resíduos e limpeza pública,2015,,Presente,veryhigh,Muito alto,#02C650,245,Erechim/RS,1.0
Desastres geo-hidrológicos,60060,Gestão de resíduos e limpeza pública,2015,,Presente,veryhigh,Muito alto,#02C650,249,Erval Seco/RS,1.0
Desastres geo-hidrológicos,60060,Gestão de resíduos e limpeza pública,2015,,Presente,veryhigh,Muito alto,#02C650,4915,Erval Velho/SC,1.0
Desastres geo-hidrológicos,60060,Gestão de resíduos e limpeza pública,2015,,Presente,veryhigh,Muito alto,#02C650,4259,Escada/PE,1.0
Desastres geo-hidrológicos,60060,Gestão de resíduos e limpeza pública,2015,,Presente,veryhigh,Muito alto,#02C650,250,Esperança do Sul/RS,1.0
Desastres geo-hidrológicos,60060,Gestão de resíduos e limpeza pública,2015,,Presente,veryhigh,Muito alto,#02C650,5122,Esperança Nova/PR,1.0
Desastres geo-hidrológicos,60060,Gestão de resíduos e limpeza pública,2015,,Presente,veryhigh,Muito alto,#02C650,4058,Esperança/PB,1.0
Desastres geo-hidrológicos,60060,Gestão de resíduos e limpeza pública,2015,,Presente,veryhigh,Muito alto,#02C650,3482,Esperantina/PI,1.0
Desastres geo-hidrológicos,60060,Gestão de resíduos e limpeza pública,2015,,Presente,veryhigh,Muito alto,#02C650,3254,Esperantinópolis/MA,1.0
Desastres geo-hidrológicos,60060,Gestão de resíduos e limpeza pública,2015,,Presente,veryhigh,Muito alto,#02C650,5529,Espigão D'Oeste/RO,1.0
Desastres geo-hidrológicos,60060,Gestão de resíduos e limpeza pública,2015,,Presente,veryhigh,Muito alto,#02C650,1939,Espírito Santo do Pinhal/SP,1.0
Desastres geo-hidrológicos,60060,Gestão de resíduos e limpeza pública,2015,,Presente,veryhigh,Muito alto,#02C650,1940,Espírito Santo do Turvo/SP,1.0
Desastres geo-hidrológicos,60060,Gestão de resíduos e limpeza pública,2015,,Presente,veryhigh,Muito alto,#02C650,252,Estação/RS,1.0
Desastres geo-hidrológicos,60060,Gestão de resíduos e limpeza pública,2015,,Presente,veryhigh,Muito alto,#02C650,4507,Estância/SE,1.0
Desastres geo-hidrológicos,60060,Gestão de resíduos e limpeza pública,2015,,Presente,veryhigh,Muito alto,#02C650,2585,Estância Velha/RS,1.0
Desastres geo-hidrológicos,60060,Gestão de resíduos e limpeza pública,2015,,Presente,veryhigh,Muito alto,#02C650,2586,Esteio/RS,1.0
Desastres geo-hidrológicos,60060,Gestão de resíduos e limpeza pública,2015,,Presente,veryhigh,Muito alto,#02C650,2378,Estiva Gerbi/SP,1.0
Desastres geo-hidrológicos,60060,Gestão de resíduos e limpeza pública,2015,,Presente,veryhigh,Muito alto,#02C650,3255,Estreito/MA,1.0
Desastres geo-hidrológicos,60060,Gestão de resíduos e limpeza pública,2015,,Presente,veryhigh,Muito alto,#02C650,1028,Estrela Dalva/MG,1.0
Desastres geo-hidrológicos,60060,Gestão de resíduos e limpeza pública,2015,,Presente,veryhigh,Muito alto,#02C650,4,Estrela do Norte/SP,1.0
Desastres geo-hidrológicos,60060,Gestão de resíduos e limpeza pública,2015,,Presente,veryhigh,Muito alto,#02C650,1030,Estrela do Sul/MG,1.0
Desastres geo-hidrológicos,60060,Gestão de resíduos e limpeza pública,2015,,Presente,veryhigh,Muito alto,#02C650,253,Estrela/RS,1.0
Desastres geo-hidrológicos,60060,Gestão de resíduos e limpeza pública,2015,,Presente,veryhigh,Muito alto,#02C650,4659,Euclides da Cunha/BA,1.0
Desastres geo-hidrológicos,60060,Gestão de resíduos e limpeza pública,2015,,Presente,veryhigh,Muito alto,#02C650,1031,Eugenópolis/MG,1.0
Desastres geo-hidrológicos,60060,Gestão de resíduos e limpeza pública,2015,,Presente,veryhigh,Muito alto,#02C650,1032,Ewbank da Câmara/MG,1.0
Desastres geo-hidrológicos,60060,Gestão de resíduos e limpeza pública,2015,,Presente,veryhigh,Muito alto,#02C650,1033,Extrema/MG,1.0
Desastres geo-hidrológicos,60060,Gestão de resíduos e limpeza pública,2015,,Presente,veryhigh,Muito alto,#02C650,4260,Exu/PE,1.0
Desastres geo-hidrológicos,60060,Gestão de resíduos e limpeza pública,2015,,Presente,veryhigh,Muito alto,#02C650,256,Fagundes Varela/RS,1.0
Desastres geo-hidrológicos,60060,Gestão de resíduos e limpeza pública,2015,,Presente,veryhigh,Muito alto,#02C650,1034,Fama/MG,1.0
Desastres geo-hidrológicos,60060,Gestão de resíduos e limpeza pública,2015,,Presente,veryhigh,Muito alto,#02C650,5125,Farol/PR,1.0
Desastres geo-hidrológicos,60060,Gestão de resíduos e limpeza pública,2015,,Presente,veryhigh,Muito alto,#02C650,1942,Fartura/SP,1.0
Desastres geo-hidrológicos,60060,Gestão de resíduos e limpeza pública,2015,,Presente,veryhigh,Muito alto,#02C650,554,Fátima do Sul/MS,1.0
Desastres geo-hidrológicos,60060,Gestão de resíduos e limpeza pública,2015,,Presente,veryhigh,Muito alto,#02C650,3097,Fátima/TO,1.0
Desastres geo-hidrológicos,60060,Gestão de resíduos e limpeza pública,2015,,Presente,veryhigh,Muito alto,#02C650,54,Faxinal dos Guedes/SC,1.0
Desastres geo-hidrológicos,60060,Gestão de resíduos e limpeza pública,2015,,Presente,veryhigh,Muito alto,#02C650,257,Faxinal do Soturno/RS,1.0
Desastres geo-hidrológicos,60060,Gestão de resíduos e limpeza pública,2015,,Presente,veryhigh,Muito alto,#02C650,5444,Faxinal/PR,1.0
Desastres geo-hidrológicos,60060,Gestão de resíduos e limpeza pública,2015,,Presente,veryhigh,Muito alto,#02C650,2704,Fazenda Nova/GO,1.0
Desastres geo-hidrológicos,60060,Gestão de resíduos e limpeza pública,2015,,Presente,veryhigh,Muito alto,#02C650,2828,Feijó/AC,1.0
Desastres geo-hidrológicos,60060,Gestão de resíduos e limpeza pública,2015,,Presente,veryhigh,Muito alto,#02C650,4661,Feira de Santana/BA,1.0
Desastres geo-hidrológicos,60060,Gestão de resíduos e limpeza pública,2015,,Presente,veryhigh,Muito alto,#02C650,4415,Feira Grande/AL,1.0
Desastres geo-hidrológicos,60060,Gestão de resíduos e limpeza pública,2015,,Presente,veryhigh,Muito alto,#02C650,4261,Feira Nova/PE,1.0
Desastres geo-hidrológicos,60060,Gestão de resíduos e limpeza pública,2015,,Presente,veryhigh,Muito alto,#02C650,4508,Feira Nova/SE,1.0
Desastres geo-hidrológicos,60060,Gestão de resíduos e limpeza pública,2015,,Presente,veryhigh,Muito alto,#02C650,1036,Felício dos Santos/MG,1.0
Desastres geo-hidrológicos,60060,Gestão de resíduos e limpeza pública,2015,,Presente,veryhigh,Muito alto,#02C650,4416,Feliz Deserto/AL,1.0
Desastres geo-hidrológicos,60060,Gestão de resíduos e limpeza pública,2015,,Presente,veryhigh,Muito alto,#02C650,2899,Feliz Natal/MT,1.0
Desastres geo-hidrológicos,60060,Gestão de resíduos e limpeza pública,2015,,Presente,veryhigh,Muito alto,#02C650,2587,Feliz/RS,1.0
Desastres geo-hidrológicos,60060,Gestão de resíduos e limpeza pública,2015,,Presente,veryhigh,Muito alto,#02C650,5126,Fênix/PR,1.0
Desastres geo-hidrológicos,60060,Gestão de resíduos e limpeza pública,2015,,Presente,veryhigh,Muito alto,#02C650,5343,Fernandes Pinheiro/PR,1.0
Desastres geo-hidrológicos,60060,Gestão de resíduos e limpeza pública,2015,,Presente,veryhigh,Muito alto,#02C650,1040,Fernandes Tourinho/MG,1.0
Desastres geo-hidrológicos,60060,Gestão de resíduos e limpeza pública,2015,,Presente,veryhigh,Muito alto,#02C650,4262,Fernando de Noronha/PE,1.0
Desastres geo-hidrológicos,60060,Gestão de resíduos e limpeza pública,2015,,Presente,veryhigh,Muito alto,#02C650,1943,Fernandópolis/SP,1.0
Desastres geo-hidrológicos,60060,Gestão de resíduos e limpeza pública,2015,,Presente,veryhigh,Muito alto,#02C650,1944,Fernando Prestes/SP,1.0
Desastres geo-hidrológicos,60060,Gestão de resíduos e limpeza pública,2015,,Presente,veryhigh,Muito alto,#02C650,1945,Fernão/SP,1.0
Desastres geo-hidrológicos,60060,Gestão de resíduos e limpeza pública,2015,,Presente,veryhigh,Muito alto,#02C650,555,Figueirão/MS,1.0
Desastres geo-hidrológicos,60060,Gestão de resíduos e limpeza pública,2015,,Presente,veryhigh,Muito alto,#02C650,5344,Figueira/PR,1.0
Desastres geo-hidrológicos,60060,Gestão de resíduos e limpeza pública,2015,,Presente,veryhigh,Muito alto,#02C650,3099,Filadélfia/TO,1.0
Desastres geo-hidrológicos,60060,Gestão de resíduos e limpeza pública,2015,,Presente,veryhigh,Muito alto,#02C650,2705,Firminópolis/GO,1.0
Desastres geo-hidrológicos,60060,Gestão de resíduos e limpeza pública,2015,,Presente,veryhigh,Muito alto,#02C650,4417,Flexeiras/AL,1.0
Desastres geo-hidrológicos,60060,Gestão de resíduos e limpeza pública,2015,,Presente,veryhigh,Muito alto,#02C650,5127,Floraí/PR,1.0
Desastres geo-hidrológicos,60060,Gestão de resíduos e limpeza pública,2015,,Presente,veryhigh,Muito alto,#02C650,4900,Flora Rica/SP,1.0
Desastres geo-hidrológicos,60060,Gestão de resíduos e limpeza pública,2015,,Presente,veryhigh,Muito alto,#02C650,5128,Flor da Serra do Sul/PR,1.0
Desastres geo-hidrológicos,60060,Gestão de resíduos e limpeza pública,2015,,Presente,veryhigh,Muito alto,#02C650,1947,Floreal/SP,1.0
Desastres geo-hidrológicos,60060,Gestão de resíduos e limpeza pública,2015,,Presente,veryhigh,Muito alto,#02C650,2588,Flores da Cunha/RS,1.0
Desastres geo-hidrológicos,60060,Gestão de resíduos e limpeza pública,2015,,Presente,veryhigh,Muito alto,#02C650,1043,Florestal/MG,1.0
Desastres geo-hidrológicos,60060,Gestão de resíduos e limpeza pública,2015,,Presente,veryhigh,Muito alto,#02C650,4265,Floresta/PE,1.0
Desastres geo-hidrológicos,60060,Gestão de resíduos e limpeza pública,2015,,Presente,veryhigh,Muito alto,#02C650,5445,Florestópolis/PR,1.0
Desastres geo-hidrológicos,60060,Gestão de resíduos e limpeza pública,2015,,Presente,veryhigh,Muito alto,#02C650,2432,Florianópolis/SC,1.0
Desastres geo-hidrológicos,60060,Gestão de resíduos e limpeza pública,2015,,Presente,veryhigh,Muito alto,#02C650,1948,Flórida Paulista/SP,1.0
Desastres geo-hidrológicos,60060,Gestão de resíduos e limpeza pública,2015,,Presente,veryhigh,Muito alto,#02C650,5130,Flórida/PR,1.0
Desastres geo-hidrológicos,60060,Gestão de resíduos e limpeza pública,2015,,Presente,veryhigh,Muito alto,#02C650,1949,Florínea/SP,1.0
Desastres geo-hidrológicos,60060,Gestão de resíduos e limpeza pública,2015,,Presente,veryhigh,Muito alto,#02C650,5482,Fonte Boa/AM,1.0
Desastres geo-hidrológicos,60060,Gestão de resíduos e limpeza pública,2015,,Presente,veryhigh,Muito alto,#02C650,1044,Formiga/MG,1.0
Desastres geo-hidrológicos,60060,Gestão de resíduos e limpeza pública,2015,,Presente,veryhigh,Muito alto,#02C650,262,Formigueiro/RS,1.0
Desastres geo-hidrológicos,60060,Gestão de resíduos e limpeza pública,2015,,Presente,veryhigh,Muito alto,#02C650,3258,Formosa da Serra Negra/MA,1.0
Desastres geo-hidrológicos,60060,Gestão de resíduos e limpeza pública,2015,,Presente,veryhigh,Muito alto,#02C650,5131,Formosa do Oeste/PR,1.0
Desastres geo-hidrológicos,60060,Gestão de resíduos e limpeza pública,2015,,Presente,veryhigh,Muito alto,#02C650,2706,Formosa/GO,1.0
Desastres geo-hidrológicos,60060,Gestão de resíduos e limpeza pública,2015,,Presente,veryhigh,Muito alto,#02C650,263,Forquetinha/RS,1.0
Desastres geo-hidrológicos,60060,Gestão de resíduos e limpeza pública,2015,,Presente,veryhigh,Muito alto,#02C650,3685,Forquilha/CE,1.0
Desastres geo-hidrológicos,60060,Gestão de resíduos e limpeza pública,2015,,Presente,veryhigh,Muito alto,#02C650,2433,Forquilhinha/SC,1.0
Desastres geo-hidrológicos,60060,Gestão de resíduos e limpeza pública,2015,,Presente,veryhigh,Muito alto,#02C650,3686,Fortaleza/CE,1.0
Desastres geo-hidrológicos,60060,Gestão de resíduos e limpeza pública,2015,,Presente,veryhigh,Muito alto,#02C650,1046,Fortaleza de Minas/MG,1.0
Desastres geo-hidrológicos,60060,Gestão de resíduos e limpeza pública,2015,,Presente,veryhigh,Muito alto,#02C650,264,Fortaleza dos Valos/RS,1.0
Desastres geo-hidrológicos,60060,Gestão de resíduos e limpeza pública,2015,,Presente,veryhigh,Muito alto,#02C650,3687,Fortim/CE,1.0
Desastres geo-hidrológicos,60060,Gestão de resíduos e limpeza pública,2015,,Presente,veryhigh,Muito alto,#02C650,5458,Foz do Iguaçu/PR,1.0
Desastres geo-hidrológicos,60060,Gestão de resíduos e limpeza pública,2015,,Presente,veryhigh,Muito alto,#02C650,2434,Fraiburgo/SC,1.0
Desastres geo-hidrológicos,60060,Gestão de resíduos e limpeza pública,2015,,Presente,veryhigh,Muito alto,#02C650,1950,Franca/SP,1.0
Desastres geo-hidrológicos,60060,Gestão de resíduos e limpeza pública,2015,,Presente,veryhigh,Muito alto,#02C650,5132,Francisco Alves/PR,1.0
Desastres geo-hidrológicos,60060,Gestão de resíduos e limpeza pública,2015,,Presente,veryhigh,Muito alto,#02C650,5133,Francisco Beltrão/PR,1.0
Desastres geo-hidrológicos,60060,Gestão de resíduos e limpeza pública,2015,,Presente,veryhigh,Muito alto,#02C650,1951,Francisco Morato/SP,1.0
Desastres geo-hidrológicos,60060,Gestão de resíduos e limpeza pública,2015,,Presente,veryhigh,Muito alto,#02C650,3490,Francisco Santos/PI,1.0
Desastres geo-hidrológicos,60060,Gestão de resíduos e limpeza pública,2015,,Presente,veryhigh,Muito alto,#02C650,1952,Franco da Rocha/SP,1.0
Desastres geo-hidrológicos,60060,Gestão de resíduos e limpeza pública,2015,,Presente,veryhigh,Muito alto,#02C650,3688,Frecheirinha/CE,1.0
Desastres geo-hidrológicos,60060,Gestão de resíduos e limpeza pública,2015,,Presente,veryhigh,Muito alto,#02C650,265,Frederico Westphalen/RS,1.0
Desastres geo-hidrológicos,60060,Gestão de resíduos e limpeza pública,2015,,Presente,veryhigh,Muito alto,#02C650,1054,Frei Lagonegro/MG,1.0
Desastres geo-hidrológicos,60060,Gestão de resíduos e limpeza pública,2015,,Presente,veryhigh,Muito alto,#02C650,4060,Frei Martinho/PB,1.0
Desastres geo-hidrológicos,60060,Gestão de resíduos e limpeza pública,2015,,Presente,veryhigh,Muito alto,#02C650,4509,Frei Paulo/SE,1.0
Desastres geo-hidrológicos,60060,Gestão de resíduos e limpeza pública,2015,,Presente,veryhigh,Muito alto,#02C650,1058,Frutal/MG,1.0
Desastres geo-hidrológicos,60060,Gestão de resíduos e limpeza pública,2015,,Presente,veryhigh,Muito alto,#02C650,1059,Funilândia/MG,1.0
Desastres geo-hidrológicos,60060,Gestão de resíduos e limpeza pública,2015,,Presente,veryhigh,Muito alto,#02C650,1953,Gabriel Monteiro/SP,1.0
Desastres geo-hidrológicos,60060,Gestão de resíduos e limpeza pública,2015,,Presente,veryhigh,Muito alto,#02C650,2707,Gameleira de Goiás/GO,1.0
Desastres geo-hidrológicos,60060,Gestão de resíduos e limpeza pública,2015,,Presente,veryhigh,Muito alto,#02C650,4267,Gameleira/PE,1.0
Desastres geo-hidrológicos,60060,Gestão de resíduos e limpeza pública,2015,,Presente,veryhigh,Muito alto,#02C650,4510,Gararu/SE,1.0
Desastres geo-hidrológicos,60060,Gestão de resíduos e limpeza pública,2015,,Presente,veryhigh,Muito alto,#02C650,266,Garibaldi/RS,1.0
Desastres geo-hidrológicos,60060,Gestão de resíduos e limpeza pública,2015,,Presente,veryhigh,Muito alto,#02C650,2976,Garrafão do Norte/PA,1.0
Desastres geo-hidrológicos,60060,Gestão de resíduos e limpeza pública,2015,,Presente,veryhigh,Muito alto,#02C650,2438,Gaspar/SC,1.0
Desastres geo-hidrológicos,60060,Gestão de resíduos e limpeza pública,2015,,Presente,veryhigh,Muito alto,#02C650,1956,Gastão Vidigal/SP,1.0
Desastres geo-hidrológicos,60060,Gestão de resíduos e limpeza pública,2015,,Presente,veryhigh,Muito alto,#02C650,1957,Gavião Peixoto/SP,1.0
Desastres geo-hidrológicos,60060,Gestão de resíduos e limpeza pública,2015,,Presente,veryhigh,Muito alto,#02C650,3492,Geminiano/PI,1.0
Desastres geo-hidrológicos,60060,Gestão de resíduos e limpeza pública,2015,,Presente,veryhigh,Muito alto,#02C650,269,General Câmara/RS,1.0
Desastres geo-hidrológicos,60060,Gestão de resíduos e limpeza pública,2015,,Presente,veryhigh,Muito alto,#02C650,5446,General Carneiro/PR,1.0
Desastres geo-hidrológicos,60060,Gestão de resíduos e limpeza pública,2015,,Presente,veryhigh,Muito alto,#02C650,4511,General Maynard/SE,1.0
Desastres geo-hidrológicos,60060,Gestão de resíduos e limpeza pública,2015,,Presente,veryhigh,Muito alto,#02C650,1958,General Salgado/SP,1.0
Desastres geo-hidrológicos,60060,Gestão de resíduos e limpeza pública,2015,,Presente,veryhigh,Muito alto,#02C650,3689,General Sampaio/CE,1.0
Desastres geo-hidrológicos,60060,Gestão de resíduos e limpeza pública,2015,,Presente,veryhigh,Muito alto,#02C650,1959,Getulina/SP,1.0
Desastres geo-hidrológicos,60060,Gestão de resíduos e limpeza pública,2015,,Presente,veryhigh,Muito alto,#02C650,1960,Glicério/SP,1.0
Desastres geo-hidrológicos,60060,Gestão de resíduos e limpeza pública,2015,,Presente,veryhigh,Muito alto,#02C650,556,Glória de Dourados/MS,1.0
Desastres geo-hidrológicos,60060,Gestão de resíduos e limpeza pública,2015,,Presente,veryhigh,Muito alto,#02C650,4269,Glória do Goitá/PE,1.0
Desastres geo-hidrológicos,60060,Gestão de resíduos e limpeza pública,2015,,Presente,veryhigh,Muito alto,#02C650,2589,Glorinha/RS,1.0
Desastres geo-hidrológicos,60060,Gestão de resíduos e limpeza pública,2015,,Presente,veryhigh,Muito alto,#02C650,1063,Goiabeira/MG,1.0
Desastres geo-hidrológicos,60060,Gestão de resíduos e limpeza pública,2015,,Presente,veryhigh,Muito alto,#02C650,2709,Goiandira/GO,1.0
Desastres geo-hidrológicos,60060,Gestão de resíduos e limpeza pública,2015,,Presente,veryhigh,Muito alto,#02C650,2710,Goianésia/GO,1.0
Desastres geo-hidrológicos,60060,Gestão de resíduos e limpeza pública,2015,,Presente,veryhigh,Muito alto,#02C650,2711,Goiânia/GO,1.0
Desastres geo-hidrológicos,60060,Gestão de resíduos e limpeza pública,2015,,Presente,veryhigh,Muito alto,#02C650,2712,Goianira/GO,1.0
Desastres geo-hidrológicos,60060,Gestão de resíduos e limpeza pública,2015,,Presente,veryhigh,Muito alto,#02C650,3102,Goianorte/TO,1.0
Desastres geo-hidrológicos,60060,Gestão de resíduos e limpeza pública,2015,,Presente,veryhigh,Muito alto,#02C650,2714,Goiatuba/GO,1.0
Desastres geo-hidrológicos,60060,Gestão de resíduos e limpeza pública,2015,,Presente,veryhigh,Muito alto,#02C650,1065,Gonçalves/MG,1.0
Desastres geo-hidrológicos,60060,Gestão de resíduos e limpeza pública,2015,,Presente,veryhigh,Muito alto,#02C650,5556,Governador Jorge Teixeira/RO,1.0
Desastres geo-hidrológicos,60060,Gestão de resíduos e limpeza pública,2015,,Presente,veryhigh,Muito alto,#02C650,1632,Governador Lindenberg/ES,1.0
Desastres geo-hidrológicos,60060,Gestão de resíduos e limpeza pública,2015,,Presente,veryhigh,Muito alto,#02C650,3268,Governador Nunes Freire/MA,1.0
Desastres geo-hidrológicos,60060,Gestão de resíduos e limpeza pública,2015,,Presente,veryhigh,Muito alto,#02C650,1068,Governador Valadares/MG,1.0
Desastres geo-hidrológicos,60060,Gestão de resíduos e limpeza pública,2015,,Presente,veryhigh,Muito alto,#02C650,3269,Graça Aranha/MA,1.0
Desastres geo-hidrológicos,60060,Gestão de resíduos e limpeza pública,2015,,Presente,veryhigh,Muito alto,#02C650,4512,Gracho Cardoso/SE,1.0
Desastres geo-hidrológicos,60060,Gestão de resíduos e limpeza pública,2015,,Presente,veryhigh,Muito alto,#02C650,3270,Grajaú/MA,1.0
Desastres geo-hidrológicos,60060,Gestão de resíduos e limpeza pública,2015,,Presente,veryhigh,Muito alto,#02C650,2440,Grão Pará/SC,1.0
Desastres geo-hidrológicos,60060,Gestão de resíduos e limpeza pública,2015,,Presente,veryhigh,Muito alto,#02C650,2591,Gravataí/RS,1.0
Desastres geo-hidrológicos,60060,Gestão de resíduos e limpeza pública,2015,,Presente,veryhigh,Muito alto,#02C650,4272,Gravatá/PE,1.0
Desastres geo-hidrológicos,60060,Gestão de resíduos e limpeza pública,2015,,Presente,veryhigh,Muito alto,#02C650,3693,Groaíras/CE,1.0
Desastres geo-hidrológicos,60060,Gestão de resíduos e limpeza pública,2015,,Presente,veryhigh,Muito alto,#02C650,1070,Grupiara/MG,1.0
Desastres geo-hidrológicos,60060,Gestão de resíduos e limpeza pública,2015,,Presente,veryhigh,Muito alto,#02C650,2442,Guabiruba/SC,1.0
Desastres geo-hidrológicos,60060,Gestão de resíduos e limpeza pública,2015,,Presente,veryhigh,Muito alto,#02C650,1633,Guaçuí/ES,1.0
Desastres geo-hidrológicos,60060,Gestão de resíduos e limpeza pública,2015,,Presente,veryhigh,Muito alto,#02C650,1961,Guaiçara/SP,1.0
Desastres geo-hidrológicos,60060,Gestão de resíduos e limpeza pública,2015,,Presente,veryhigh,Muito alto,#02C650,5138,Guaíra/PR,1.0
Desastres geo-hidrológicos,60060,Gestão de resíduos e limpeza pública,2015,,Presente,veryhigh,Muito alto,#02C650,1963,Guaíra/SP,1.0
Desastres geo-hidrológicos,60060,Gestão de resíduos e limpeza pública,2015,,Presente,veryhigh,Muito alto,#02C650,3694,Guaiúba/CE,1.0
Desastres geo-hidrológicos,60060,Gestão de resíduos e limpeza pública,2015,,Presente,veryhigh,Muito alto,#02C650,5345,Guamiranga/PR,1.0
Desastres geo-hidrológicos,60060,Gestão de resíduos e limpeza pública,2015,,Presente,veryhigh,Muito alto,#02C650,4991,Guanambi/BA,1.0
Desastres geo-hidrológicos,60060,Gestão de resíduos e limpeza pública,2015,,Presente,veryhigh,Muito alto,#02C650,1071,Guanhães/MG,1.0
Desastres geo-hidrológicos,60060,Gestão de resíduos e limpeza pública,2015,,Presente,veryhigh,Muito alto,#02C650,1965,Guapiara/SP,1.0
Desastres geo-hidrológicos,60060,Gestão de resíduos e limpeza pública,2015,,Presente,veryhigh,Muito alto,#02C650,5140,Guaporema/PR,1.0
Desastres geo-hidrológicos,60060,Gestão de resíduos e limpeza pública,2015,,Presente,veryhigh,Muito alto,#02C650,276,Guaporé/RS,1.0
Desastres geo-hidrológicos,60060,Gestão de resíduos e limpeza pública,2015,,Presente,veryhigh,Muito alto,#02C650,4062,Guarabira/PB,1.0
Desastres geo-hidrológicos,60060,Gestão de resíduos e limpeza pública,2015,,Presente,veryhigh,Muito alto,#02C650,4901,Guaraçaí/SP,1.0
Desastres geo-hidrológicos,60060,Gestão de resíduos e limpeza pública,2015,,Presente,veryhigh,Muito alto,#02C650,1073,Guaraciaba/MG,1.0
Desastres geo-hidrológicos,60060,Gestão de resíduos e limpeza pública,2015,,Presente,veryhigh,Muito alto,#02C650,58,Guaraciaba/SC,1.0
Desastres geo-hidrológicos,60060,Gestão de resíduos e limpeza pública,2015,,Presente,veryhigh,Muito alto,#02C650,3104,Guaraí/TO,1.0
Desastres geo-hidrológicos,60060,Gestão de resíduos e limpeza pública,2015,,Presente,veryhigh,Muito alto,#02C650,3696,Guaramiranga/CE,1.0
Desastres geo-hidrológicos,60060,Gestão de resíduos e limpeza pública,2015,,Presente,veryhigh,Muito alto,#02C650,277,Guarani das Missões/RS,1.0
Desastres geo-hidrológicos,60060,Gestão de resíduos e limpeza pública,2015,,Presente,veryhigh,Muito alto,#02C650,4880,Guarani de Goiás/GO,1.0
Desastres geo-hidrológicos,60060,Gestão de resíduos e limpeza pública,2015,,Presente,veryhigh,Muito alto,#02C650,1968,Guarani d'Oeste/SP,1.0
Desastres geo-hidrológicos,60060,Gestão de resíduos e limpeza pública,2015,,Presente,veryhigh,Muito alto,#02C650,1969,Guarantã/SP,1.0
Desastres geo-hidrológicos,60060,Gestão de resíduos e limpeza pública,2015,,Presente,veryhigh,Muito alto,#02C650,1634,Guarapari/ES,1.0
Desastres geo-hidrológicos,60060,Gestão de resíduos e limpeza pública,2015,,Presente,veryhigh,Muito alto,#02C650,5448,Guarapuava/PR,1.0
Desastres geo-hidrológicos,60060,Gestão de resíduos e limpeza pública,2015,,Presente,veryhigh,Muito alto,#02C650,1077,Guarará/MG,1.0
Desastres geo-hidrológicos,60060,Gestão de resíduos e limpeza pública,2015,,Presente,veryhigh,Muito alto,#02C650,1971,Guararema/SP,1.0
Desastres geo-hidrológicos,60060,Gestão de resíduos e limpeza pública,2015,,Presente,veryhigh,Muito alto,#02C650,1966,Guará/SP,1.0
Desastres geo-hidrológicos,60060,Gestão de resíduos e limpeza pública,2015,,Presente,veryhigh,Muito alto,#02C650,698,Guaratinga/BA,1.0
Desastres geo-hidrológicos,60060,Gestão de resíduos e limpeza pública,2015,,Presente,veryhigh,Muito alto,#02C650,1972,Guaratinguetá/SP,1.0
Desastres geo-hidrológicos,60060,Gestão de resíduos e limpeza pública,2015,,Presente,veryhigh,Muito alto,#02C650,1973,Guareí/SP,1.0
Desastres geo-hidrológicos,60060,Gestão de resíduos e limpeza pública,2015,,Presente,veryhigh,Muito alto,#02C650,1974,Guariba/SP,1.0
Desastres geo-hidrológicos,60060,Gestão de resíduos e limpeza pública,2015,,Presente,veryhigh,Muito alto,#02C650,1975,Guarujá/SP,1.0
Desastres geo-hidrológicos,60060,Gestão de resíduos e limpeza pública,2015,,Presente,veryhigh,Muito alto,#02C650,1976,Guarulhos/SP,1.0
Desastres geo-hidrológicos,60060,Gestão de resíduos e limpeza pública,2015,,Presente,veryhigh,Muito alto,#02C650,1977,Guatapará/SP,1.0
Desastres geo-hidrológicos,60060,Gestão de resíduos e limpeza pública,2015,,Presente,veryhigh,Muito alto,#02C650,1079,Guaxupé/MG,1.0
Desastres geo-hidrológicos,60060,Gestão de resíduos e limpeza pública,2015,,Presente,veryhigh,Muito alto,#02C650,557,Guia Lopes da Laguna/MS,1.0
Desastres geo-hidrológicos,60060,Gestão de resíduos e limpeza pública,2015,,Presente,veryhigh,Muito alto,#02C650,1081,Guimarânia/MG,1.0
Desastres geo-hidrológicos,60060,Gestão de resíduos e limpeza pública,2015,,Presente,veryhigh,Muito alto,#02C650,1082,Guiricema/MG,1.0
Desastres geo-hidrológicos,60060,Gestão de resíduos e limpeza pública,2015,,Presente,veryhigh,Muito alto,#02C650,1083,Gurinhatã/MG,1.0
Desastres geo-hidrológicos,60060,Gestão de resíduos e limpeza pública,2015,,Presente,veryhigh,Muito alto,#02C650,4063,Gurinhém/PB,1.0
Desastres geo-hidrológicos,60060,Gestão de resíduos e limpeza pública,2015,,Presente,veryhigh,Muito alto,#02C650,4934,Harmonia/RS,1.0
Desastres geo-hidrológicos,60060,Gestão de resíduos e limpeza pública,2015,,Presente,veryhigh,Muito alto,#02C650,1979,Herculândia/SP,1.0
Desastres geo-hidrológicos,60060,Gestão de resíduos e limpeza pública,2015,,Presente,veryhigh,Muito alto,#02C650,278,Herveiras/RS,1.0
Desastres geo-hidrológicos,60060,Gestão de resíduos e limpeza pública,2015,,Presente,veryhigh,Muito alto,#02C650,2720,Hidrolândia/GO,1.0
Desastres geo-hidrológicos,60060,Gestão de resíduos e limpeza pública,2015,,Presente,veryhigh,Muito alto,#02C650,2721,Hidrolina/GO,1.0
Desastres geo-hidrológicos,60060,Gestão de resíduos e limpeza pública,2015,,Presente,veryhigh,Muito alto,#02C650,1980,Holambra/SP,1.0
Desastres geo-hidrológicos,60060,Gestão de resíduos e limpeza pública,2015,,Presente,veryhigh,Muito alto,#02C650,5143,Honório Serpa/PR,1.0
Desastres geo-hidrológicos,60060,Gestão de resíduos e limpeza pública,2015,,Presente,veryhigh,Muito alto,#02C650,3698,Horizonte/CE,1.0
Desastres geo-hidrológicos,60060,Gestão de resíduos e limpeza pública,2015,,Presente,veryhigh,Muito alto,#02C650,279,Horizontina/RS,1.0
Desastres geo-hidrológicos,60060,Gestão de resíduos e limpeza pública,2015,,Presente,veryhigh,Muito alto,#02C650,1981,Hortolândia/SP,1.0
Desastres geo-hidrológicos,60060,Gestão de resíduos e limpeza pública,2015,,Presente,veryhigh,Muito alto,#02C650,280,Hulha Negra/RS,1.0
Desastres geo-hidrológicos,60060,Gestão de resíduos e limpeza pública,2015,,Presente,veryhigh,Muito alto,#02C650,5484,Humaitá/AM,1.0
Desastres geo-hidrológicos,60060,Gestão de resíduos e limpeza pública,2015,,Presente,veryhigh,Muito alto,#02C650,281,Humaitá/RS,1.0
Desastres geo-hidrológicos,60060,Gestão de resíduos e limpeza pública,2015,,Presente,veryhigh,Muito alto,#02C650,1982,Iacanga/SP,1.0
Desastres geo-hidrológicos,60060,Gestão de resíduos e limpeza pública,2015,,Presente,veryhigh,Muito alto,#02C650,1983,Iacri/SP,1.0
Desastres geo-hidrológicos,60060,Gestão de resíduos e limpeza pública,2015,,Presente,veryhigh,Muito alto,#02C650,1085,Iapu/MG,1.0
Desastres geo-hidrológicos,60060,Gestão de resíduos e limpeza pública,2015,,Presente,veryhigh,Muito alto,#02C650,4273,Iati/PE,1.0
Desastres geo-hidrológicos,60060,Gestão de resíduos e limpeza pública,2015,,Presente,veryhigh,Muito alto,#02C650,282,Ibarama/RS,1.0
Desastres geo-hidrológicos,60060,Gestão de resíduos e limpeza pública,2015,,Presente,veryhigh,Muito alto,#02C650,4419,Ibateguara/AL,1.0
Desastres geo-hidrológicos,60060,Gestão de resíduos e limpeza pública,2015,,Presente,veryhigh,Muito alto,#02C650,1985,Ibaté/SP,1.0
Desastres geo-hidrológicos,60060,Gestão de resíduos e limpeza pública,2015,,Presente,veryhigh,Muito alto,#02C650,1635,Ibatiba/ES,1.0
Desastres geo-hidrológicos,60060,Gestão de resíduos e limpeza pública,2015,,Presente,veryhigh,Muito alto,#02C650,5144,Ibema/PR,1.0
Desastres geo-hidrológicos,60060,Gestão de resíduos e limpeza pública,2015,,Presente,veryhigh,Muito alto,#02C650,1087,Ibiá/MG,1.0
Desastres geo-hidrológicos,60060,Gestão de resíduos e limpeza pública,2015,,Presente,veryhigh,Muito alto,#02C650,2444,Ibiam/SC,1.0
Desastres geo-hidrológicos,60060,Gestão de resíduos e limpeza pública,2015,,Presente,veryhigh,Muito alto,#02C650,699,Ibicaraí/BA,1.0
Desastres geo-hidrológicos,60060,Gestão de resíduos e limpeza pública,2015,,Presente,veryhigh,Muito alto,#02C650,4917,Ibicaré/SC,1.0
Desastres geo-hidrológicos,60060,Gestão de resíduos e limpeza pública,2015,,Presente,veryhigh,Muito alto,#02C650,700,Ibicuí/BA,1.0
Desastres geo-hidrológicos,60060,Gestão de resíduos e limpeza pública,2015,,Presente,veryhigh,Muito alto,#02C650,3701,Ibicuitinga/CE,1.0
Desastres geo-hidrológicos,60060,Gestão de resíduos e limpeza pública,2015,,Presente,veryhigh,Muito alto,#02C650,4274,Ibimirim/PE,1.0
Desastres geo-hidrológicos,60060,Gestão de resíduos e limpeza pública,2015,,Presente,veryhigh,Muito alto,#02C650,5350,Ibiporã/PR,1.0
Desastres geo-hidrológicos,60060,Gestão de resíduos e limpeza pública,2015,,Presente,veryhigh,Muito alto,#02C650,4674,Ibiquera/BA,1.0
Desastres geo-hidrológicos,60060,Gestão de resíduos e limpeza pública,2015,,Presente,veryhigh,Muito alto,#02C650,1089,Ibiracatu/MG,1.0
Desastres geo-hidrológicos,60060,Gestão de resíduos e limpeza pública,2015,,Presente,veryhigh,Muito alto,#02C650,1090,Ibiraci/MG,1.0
Desastres geo-hidrológicos,60060,Gestão de resíduos e limpeza pública,2015,,Presente,veryhigh,Muito alto,#02C650,1636,Ibiraçu/ES,1.0
Desastres geo-hidrológicos,60060,Gestão de resíduos e limpeza pública,2015,,Presente,veryhigh,Muito alto,#02C650,284,Ibiraiaras/RS,1.0
Desastres geo-hidrológicos,60060,Gestão de resíduos e limpeza pública,2015,,Presente,veryhigh,Muito alto,#02C650,4275,Ibirajuba/PE,1.0
Desastres geo-hidrológicos,60060,Gestão de resíduos e limpeza pública,2015,,Presente,veryhigh,Muito alto,#02C650,2445,Ibirama/SC,1.0
Desastres geo-hidrológicos,60060,Gestão de resíduos e limpeza pública,2015,,Presente,veryhigh,Muito alto,#02C650,1987,Ibirarema/SP,1.0
Desastres geo-hidrológicos,60060,Gestão de resíduos e limpeza pública,2015,,Presente,veryhigh,Muito alto,#02C650,1986,Ibirá/SP,1.0
Desastres geo-hidrológicos,60060,Gestão de resíduos e limpeza pública,2015,,Presente,veryhigh,Muito alto,#02C650,286,Ibirubá/RS,1.0
Desastres geo-hidrológicos,60060,Gestão de resíduos e limpeza pública,2015,,Presente,veryhigh,Muito alto,#02C650,1988,Ibitinga/SP,1.0
Desastres geo-hidrológicos,60060,Gestão de resíduos e limpeza pública,2015,,Presente,veryhigh,Muito alto,#02C650,1637,Ibitirama/ES,1.0
Desastres geo-hidrológicos,60060,Gestão de resíduos e limpeza pública,2015,,Presente,veryhigh,Muito alto,#02C650,1092,Ibitiúra de Minas/MG,1.0
Desastres geo-hidrológicos,60060,Gestão de resíduos e limpeza pública,2015,,Presente,veryhigh,Muito alto,#02C650,1093,Ibituruna/MG,1.0
Desastres geo-hidrológicos,60060,Gestão de resíduos e limpeza pública,2015,,Presente,veryhigh,Muito alto,#02C650,4678,Ibotirama/BA,1.0
Desastres geo-hidrológicos,60060,Gestão de resíduos e limpeza pública,2015,,Presente,veryhigh,Muito alto,#02C650,5145,Icaraíma/PR,1.0
Desastres geo-hidrológicos,60060,Gestão de resíduos e limpeza pública,2015,,Presente,veryhigh,Muito alto,#02C650,2446,Içara/SC,1.0
Desastres geo-hidrológicos,60060,Gestão de resíduos e limpeza pública,2015,,Presente,veryhigh,Muito alto,#02C650,1990,Icém/SP,1.0
Desastres geo-hidrológicos,60060,Gestão de resíduos e limpeza pública,2015,,Presente,veryhigh,Muito alto,#02C650,3703,Icó/CE,1.0
Desastres geo-hidrológicos,60060,Gestão de resíduos e limpeza pública,2015,,Presente,veryhigh,Muito alto,#02C650,1991,Iepê/SP,1.0
Desastres geo-hidrológicos,60060,Gestão de resíduos e limpeza pública,2015,,Presente,veryhigh,Muito alto,#02C650,4014,Igaracy/PB,1.0
Desastres geo-hidrológicos,60060,Gestão de resíduos e limpeza pública,2015,,Presente,veryhigh,Muito alto,#02C650,1993,Igarapava/SP,1.0
Desastres geo-hidrológicos,60060,Gestão de resíduos e limpeza pública,2015,,Presente,veryhigh,Muito alto,#02C650,3275,Igarapé Grande/MA,1.0
Desastres geo-hidrológicos,60060,Gestão de resíduos e limpeza pública,2015,,Presente,veryhigh,Muito alto,#02C650,1095,Igarapé/MG,1.0
Desastres geo-hidrológicos,60060,Gestão de resíduos e limpeza pública,2015,,Presente,veryhigh,Muito alto,#02C650,1096,Igaratinga/MG,1.0
Desastres geo-hidrológicos,60060,Gestão de resíduos e limpeza pública,2015,,Presente,veryhigh,Muito alto,#02C650,4681,Igrapiúna/BA,1.0
Desastres geo-hidrológicos,60060,Gestão de resíduos e limpeza pública,2015,,Presente,veryhigh,Muito alto,#02C650,4421,Igreja Nova/AL,1.0
Desastres geo-hidrológicos,60060,Gestão de resíduos e limpeza pública,2015,,Presente,veryhigh,Muito alto,#02C650,1711,Iguaba Grande/RJ,1.0
Desastres geo-hidrológicos,60060,Gestão de resíduos e limpeza pública,2015,,Presente,veryhigh,Muito alto,#02C650,1995,Iguape/SP,1.0
Desastres geo-hidrológicos,60060,Gestão de resíduos e limpeza pública,2015,,Presente,veryhigh,Muito alto,#02C650,5146,Iguaraçu/PR,1.0
Desastres geo-hidrológicos,60060,Gestão de resíduos e limpeza pública,2015,,Presente,veryhigh,Muito alto,#02C650,4277,Iguaracy/PE,1.0
Desastres geo-hidrológicos,60060,Gestão de resíduos e limpeza pública,2015,,Presente,veryhigh,Muito alto,#02C650,558,Iguatemi/MS,1.0
Desastres geo-hidrológicos,60060,Gestão de resíduos e limpeza pública,2015,,Presente,veryhigh,Muito alto,#02C650,3704,Iguatu/CE,1.0
Desastres geo-hidrológicos,60060,Gestão de resíduos e limpeza pública,2015,,Presente,veryhigh,Muito alto,#02C650,5147,Iguatu/PR,1.0
Desastres geo-hidrológicos,60060,Gestão de resíduos e limpeza pública,2015,,Presente,veryhigh,Muito alto,#02C650,1098,Ijaci/MG,1.0
Desastres geo-hidrológicos,60060,Gestão de resíduos e limpeza pública,2015,,Presente,veryhigh,Muito alto,#02C650,287,Ijuí/RS,1.0
Desastres geo-hidrológicos,60060,Gestão de resíduos e limpeza pública,2015,,Presente,veryhigh,Muito alto,#02C650,1996,Ilhabela/SP,1.0
Desastres geo-hidrológicos,60060,Gestão de resíduos e limpeza pública,2015,,Presente,veryhigh,Muito alto,#02C650,1997,Ilha Comprida/SP,1.0
Desastres geo-hidrológicos,60060,Gestão de resíduos e limpeza pública,2015,,Presente,veryhigh,Muito alto,#02C650,4513,Ilha das Flores/SE,1.0
Desastres geo-hidrológicos,60060,Gestão de resíduos e limpeza pública,2015,,Presente,veryhigh,Muito alto,#02C650,4284,Ilha de Itamaracá/PE,1.0
Desastres geo-hidrológicos,60060,Gestão de resíduos e limpeza pública,2015,,Presente,veryhigh,Muito alto,#02C650,3497,Ilha Grande/PI,1.0
Desastres geo-hidrológicos,60060,Gestão de resíduos e limpeza pública,2015,,Presente,veryhigh,Muito alto,#02C650,4902,Ilha Solteira/SP,1.0
Desastres geo-hidrológicos,60060,Gestão de resíduos e limpeza pública,2015,,Presente,veryhigh,Muito alto,#02C650,2447,Ilhota/SC,1.0
Desastres geo-hidrológicos,60060,Gestão de resíduos e limpeza pública,2015,,Presente,veryhigh,Muito alto,#02C650,4066,Imaculada/PB,1.0
Desastres geo-hidrológicos,60060,Gestão de resíduos e limpeza pública,2015,,Presente,veryhigh,Muito alto,#02C650,1100,Imbé de Minas/MG,1.0
Desastres geo-hidrológicos,60060,Gestão de resíduos e limpeza pública,2015,,Presente,veryhigh,Muito alto,#02C650,2593,Imbé/RS,1.0
Desastres geo-hidrológicos,60060,Gestão de resíduos e limpeza pública,2015,,Presente,veryhigh,Muito alto,#02C650,5352,Imbituva/PR,1.0
Desastres geo-hidrológicos,60060,Gestão de resíduos e limpeza pública,2015,,Presente,veryhigh,Muito alto,#02C650,3276,Imperatriz/MA,1.0
Desastres geo-hidrológicos,60060,Gestão de resíduos e limpeza pública,2015,,Presente,veryhigh,Muito alto,#02C650,5353,Inácio Martins/PR,1.0
Desastres geo-hidrológicos,60060,Gestão de resíduos e limpeza pública,2015,,Presente,veryhigh,Muito alto,#02C650,5148,Inajá/PR,1.0
Desastres geo-hidrológicos,60060,Gestão de resíduos e limpeza pública,2015,,Presente,veryhigh,Muito alto,#02C650,1101,Inconfidentes/MG,1.0
Desastres geo-hidrológicos,60060,Gestão de resíduos e limpeza pública,2015,,Presente,veryhigh,Muito alto,#02C650,2451,Indaial/SC,1.0
Desastres geo-hidrológicos,60060,Gestão de resíduos e limpeza pública,2015,,Presente,veryhigh,Muito alto,#02C650,1998,Indaiatuba/SP,1.0
Desastres geo-hidrológicos,60060,Gestão de resíduos e limpeza pública,2015,,Presente,veryhigh,Muito alto,#02C650,1999,Indiana/SP,1.0
Desastres geo-hidrológicos,60060,Gestão de resíduos e limpeza pública,2015,,Presente,veryhigh,Muito alto,#02C650,1103,Indianópolis/MG,1.0
Desastres geo-hidrológicos,60060,Gestão de resíduos e limpeza pública,2015,,Presente,veryhigh,Muito alto,#02C650,5149,Indianópolis/PR,1.0
Desastres geo-hidrológicos,60060,Gestão de resíduos e limpeza pública,2015,,Presente,veryhigh,Muito alto,#02C650,2000,Indiaporã/SP,1.0
Desastres geo-hidrológicos,60060,Gestão de resíduos e limpeza pública,2015,,Presente,veryhigh,Muito alto,#02C650,4279,Ingazeira/PE,1.0
Desastres geo-hidrológicos,60060,Gestão de resíduos e limpeza pública,2015,,Presente,veryhigh,Muito alto,#02C650,2980,Inhangapi/PA,1.0
Desastres geo-hidrológicos,60060,Gestão de resíduos e limpeza pública,2015,,Presente,veryhigh,Muito alto,#02C650,4422,Inhapi/AL,1.0
Desastres geo-hidrológicos,60060,Gestão de resíduos e limpeza pública,2015,,Presente,veryhigh,Muito alto,#02C650,1107,Inimutaba/MG,1.0
Desastres geo-hidrológicos,60060,Gestão de resíduos e limpeza pública,2015,,Presente,veryhigh,Muito alto,#02C650,559,Inocência/MS,1.0
Desastres geo-hidrológicos,60060,Gestão de resíduos e limpeza pública,2015,,Presente,veryhigh,Muito alto,#02C650,2001,Inúbia Paulista/SP,1.0
Desastres geo-hidrológicos,60060,Gestão de resíduos e limpeza pública,2015,,Presente,veryhigh,Muito alto,#02C650,2452,Iomerê/SC,1.0
Desastres geo-hidrológicos,60060,Gestão de resíduos e limpeza pública,2015,,Presente,veryhigh,Muito alto,#02C650,2725,Ipameri/GO,1.0
Desastres geo-hidrológicos,60060,Gestão de resíduos e limpeza pública,2015,,Presente,veryhigh,Muito alto,#02C650,1109,Ipanema/MG,1.0
Desastres geo-hidrológicos,60060,Gestão de resíduos e limpeza pública,2015,,Presente,veryhigh,Muito alto,#02C650,3706,Ipaporanga/CE,1.0
Desastres geo-hidrológicos,60060,Gestão de resíduos e limpeza pública,2015,,Presente,veryhigh,Muito alto,#02C650,1110,Ipatinga/MG,1.0
Desastres geo-hidrológicos,60060,Gestão de resíduos e limpeza pública,2015,,Presente,veryhigh,Muito alto,#02C650,3707,Ipaumirim/CE,1.0
Desastres geo-hidrológicos,60060,Gestão de resíduos e limpeza pública,2015,,Presente,veryhigh,Muito alto,#02C650,2002,Ipaussu/SP,1.0
Desastres geo-hidrológicos,60060,Gestão de resíduos e limpeza pública,2015,,Presente,veryhigh,Muito alto,#02C650,2003,Iperó/SP,1.0
Desastres geo-hidrológicos,60060,Gestão de resíduos e limpeza pública,2015,,Presente,veryhigh,Muito alto,#02C650,2004,Ipeúna/SP,1.0
Desastres geo-hidrológicos,60060,Gestão de resíduos e limpeza pública,2015,,Presente,veryhigh,Muito alto,#02C650,2726,Ipiranga de Goiás/GO,1.0
Desastres geo-hidrológicos,60060,Gestão de resíduos e limpeza pública,2015,,Presente,veryhigh,Muito alto,#02C650,2902,Ipiranga do Norte/MT,1.0
Desastres geo-hidrológicos,60060,Gestão de resíduos e limpeza pública,2015,,Presente,veryhigh,Muito alto,#02C650,292,Ipiranga do Sul/RS,1.0
Desastres geo-hidrológicos,60060,Gestão de resíduos e limpeza pública,2015,,Presente,veryhigh,Muito alto,#02C650,61,Ipira/SC,1.0
Desastres geo-hidrológicos,60060,Gestão de resíduos e limpeza pública,2015,,Presente,veryhigh,Muito alto,#02C650,5485,Ipixuna/AM,1.0
Desastres geo-hidrológicos,60060,Gestão de resíduos e limpeza pública,2015,,Presente,veryhigh,Muito alto,#02C650,4280,Ipojuca/PE,1.0
Desastres geo-hidrológicos,60060,Gestão de resíduos e limpeza pública,2015,,Presente,veryhigh,Muito alto,#02C650,5150,Iporã/PR,1.0
Desastres geo-hidrológicos,60060,Gestão de resíduos e limpeza pública,2015,,Presente,veryhigh,Muito alto,#02C650,63,Ipuaçu/SC,1.0
Desastres geo-hidrológicos,60060,Gestão de resíduos e limpeza pública,2015,,Presente,veryhigh,Muito alto,#02C650,2007,Ipuã/SP,1.0
Desastres geo-hidrológicos,60060,Gestão de resíduos e limpeza pública,2015,,Presente,veryhigh,Muito alto,#02C650,3708,Ipu/CE,1.0
Desastres geo-hidrológicos,60060,Gestão de resíduos e limpeza pública,2015,,Presente,veryhigh,Muito alto,#02C650,3709,Ipueiras/CE,1.0
Desastres geo-hidrológicos,60060,Gestão de resíduos e limpeza pública,2015,,Presente,veryhigh,Muito alto,#02C650,5151,Iracema do Oeste/PR,1.0
Desastres geo-hidrológicos,60060,Gestão de resíduos e limpeza pública,2015,,Presente,veryhigh,Muito alto,#02C650,65,Iraceminha/SC,1.0
Desastres geo-hidrológicos,60060,Gestão de resíduos e limpeza pública,2015,,Presente,veryhigh,Muito alto,#02C650,66,Irani/SC,1.0
Desastres geo-hidrológicos,60060,Gestão de resíduos e limpeza pública,2015,,Presente,veryhigh,Muito alto,#02C650,4903,Irapuru/SP,1.0
Desastres geo-hidrológicos,60060,Gestão de resíduos e limpeza pública,2015,,Presente,veryhigh,Muito alto,#02C650,4690,Irará/BA,1.0
Desastres geo-hidrológicos,60060,Gestão de resíduos e limpeza pública,2015,,Presente,veryhigh,Muito alto,#02C650,2453,Irineópolis/SC,1.0
Desastres geo-hidrológicos,60060,Gestão de resíduos e limpeza pública,2015,,Presente,veryhigh,Muito alto,#02C650,1639,Irupi/ES,1.0
Desastres geo-hidrológicos,60060,Gestão de resíduos e limpeza pública,2015,,Presente,veryhigh,Muito alto,#02C650,294,Itaara/RS,1.0
Desastres geo-hidrológicos,60060,Gestão de resíduos e limpeza pública,2015,,Presente,veryhigh,Muito alto,#02C650,4068,Itabaiana/PB,1.0
Desastres geo-hidrológicos,60060,Gestão de resíduos e limpeza pública,2015,,Presente,veryhigh,Muito alto,#02C650,4516,Itabaianinha/SE,1.0
Desastres geo-hidrológicos,60060,Gestão de resíduos e limpeza pública,2015,,Presente,veryhigh,Muito alto,#02C650,4692,Itaberaba/BA,1.0
Desastres geo-hidrológicos,60060,Gestão de resíduos e limpeza pública,2015,,Presente,veryhigh,Muito alto,#02C650,2728,Itaberaí/GO,1.0
Desastres geo-hidrológicos,60060,Gestão de resíduos e limpeza pública,2015,,Presente,veryhigh,Muito alto,#02C650,2010,Itaberá/SP,1.0
Desastres geo-hidrológicos,60060,Gestão de resíduos e limpeza pública,2015,,Presente,veryhigh,Muito alto,#02C650,1114,Itabira/MG,1.0
Desastres geo-hidrológicos,60060,Gestão de resíduos e limpeza pública,2015,,Presente,veryhigh,Muito alto,#02C650,1116,Itabirito/MG,1.0
Desastres geo-hidrológicos,60060,Gestão de resíduos e limpeza pública,2015,,Presente,veryhigh,Muito alto,#02C650,4517,Itabi/SE,1.0
Desastres geo-hidrológicos,60060,Gestão de resíduos e limpeza pública,2015,,Presente,veryhigh,Muito alto,#02C650,1712,Itaboraí/RJ,1.0
Desastres geo-hidrológicos,60060,Gestão de resíduos e limpeza pública,2015,,Presente,veryhigh,Muito alto,#02C650,5487,Itacoatiara/AM,1.0
Desastres geo-hidrológicos,60060,Gestão de resíduos e limpeza pública,2015,,Presente,veryhigh,Muito alto,#02C650,4693,Itaeté/BA,1.0
Desastres geo-hidrológicos,60060,Gestão de resíduos e limpeza pública,2015,,Presente,veryhigh,Muito alto,#02C650,1640,Itaguaçu/ES,1.0
Desastres geo-hidrológicos,60060,Gestão de resíduos e limpeza pública,2015,,Presente,veryhigh,Muito alto,#02C650,1713,Itaguaí/RJ,1.0
Desastres geo-hidrológicos,60060,Gestão de resíduos e limpeza pública,2015,,Presente,veryhigh,Muito alto,#02C650,2729,Itaguari/GO,1.0
Desastres geo-hidrológicos,60060,Gestão de resíduos e limpeza pública,2015,,Presente,veryhigh,Muito alto,#02C650,2730,Itaguaru/GO,1.0
Desastres geo-hidrológicos,60060,Gestão de resíduos e limpeza pública,2015,,Presente,veryhigh,Muito alto,#02C650,3501,Itainópolis/PI,1.0
Desastres geo-hidrológicos,60060,Gestão de resíduos e limpeza pública,2015,,Presente,veryhigh,Muito alto,#02C650,3277,Itaipava do Grajaú/MA,1.0
Desastres geo-hidrológicos,60060,Gestão de resíduos e limpeza pública,2015,,Presente,veryhigh,Muito alto,#02C650,1120,Itaipé/MG,1.0
Desastres geo-hidrológicos,60060,Gestão de resíduos e limpeza pública,2015,,Presente,veryhigh,Muito alto,#02C650,5154,Itaipulândia/PR,1.0
Desastres geo-hidrológicos,60060,Gestão de resíduos e limpeza pública,2015,,Presente,veryhigh,Muito alto,#02C650,2011,Itaí/SP,1.0
Desastres geo-hidrológicos,60060,Gestão de resíduos e limpeza pública,2015,,Presente,veryhigh,Muito alto,#02C650,2012,Itajobi/SP,1.0
Desastres geo-hidrológicos,60060,Gestão de resíduos e limpeza pública,2015,,Presente,veryhigh,Muito alto,#02C650,1121,Itajubá/MG,1.0
Desastres geo-hidrológicos,60060,Gestão de resíduos e limpeza pública,2015,,Presente,veryhigh,Muito alto,#02C650,707,Itaju do Colônia/BA,1.0
Desastres geo-hidrológicos,60060,Gestão de resíduos e limpeza pública,2015,,Presente,veryhigh,Muito alto,#02C650,2013,Itaju/SP,1.0
Desastres geo-hidrológicos,60060,Gestão de resíduos e limpeza pública,2015,,Presente,veryhigh,Muito alto,#02C650,1122,Itamarandiba/MG,1.0
Desastres geo-hidrológicos,60060,Gestão de resíduos e limpeza pública,2015,,Presente,veryhigh,Muito alto,#02C650,1123,Itamarati de Minas/MG,1.0
Desastres geo-hidrológicos,60060,Gestão de resíduos e limpeza pública,2015,,Presente,veryhigh,Muito alto,#02C650,1124,Itambacuri/MG,1.0
Desastres geo-hidrológicos,60060,Gestão de resíduos e limpeza pública,2015,,Presente,veryhigh,Muito alto,#02C650,5356,Itambaracá/PR,1.0
Desastres geo-hidrológicos,60060,Gestão de resíduos e limpeza pública,2015,,Presente,veryhigh,Muito alto,#02C650,710,Itambé/BA,1.0
Desastres geo-hidrológicos,60060,Gestão de resíduos e limpeza pública,2015,,Presente,veryhigh,Muito alto,#02C650,1125,Itambé do Mato Dentro/MG,1.0
Desastres geo-hidrológicos,60060,Gestão de resíduos e limpeza pública,2015,,Presente,veryhigh,Muito alto,#02C650,4285,Itambé/PE,1.0
Desastres geo-hidrológicos,60060,Gestão de resíduos e limpeza pública,2015,,Presente,veryhigh,Muito alto,#02C650,5155,Itambé/PR,1.0
Desastres geo-hidrológicos,60060,Gestão de resíduos e limpeza pública,2015,,Presente,veryhigh,Muito alto,#02C650,1126,Itamogi/MG,1.0
Desastres geo-hidrológicos,60060,Gestão de resíduos e limpeza pública,2015,,Presente,veryhigh,Muito alto,#02C650,1127,Itamonte/MG,1.0
Desastres geo-hidrológicos,60060,Gestão de resíduos e limpeza pública,2015,,Presente,veryhigh,Muito alto,#02C650,2014,Itanhaém/SP,1.0
Desastres geo-hidrológicos,60060,Gestão de resíduos e limpeza pública,2015,,Presente,veryhigh,Muito alto,#02C650,1128,Itanhandu/MG,1.0
Desastres geo-hidrológicos,60060,Gestão de resíduos e limpeza pública,2015,,Presente,veryhigh,Muito alto,#02C650,2015,Itaoca/SP,1.0
Desastres geo-hidrológicos,60060,Gestão de resíduos e limpeza pública,2015,,Presente,veryhigh,Muito alto,#02C650,3714,Itapajé/CE,1.0
Desastres geo-hidrológicos,60060,Gestão de resíduos e limpeza pública,2015,,Presente,veryhigh,Muito alto,#02C650,4697,Itaparica/BA,1.0
Desastres geo-hidrológicos,60060,Gestão de resíduos e limpeza pública,2015,,Presente,veryhigh,Muito alto,#02C650,2016,Itapecerica da Serra/SP,1.0
Desastres geo-hidrológicos,60060,Gestão de resíduos e limpeza pública,2015,,Presente,veryhigh,Muito alto,#02C650,1132,Itapecerica/MG,1.0
Desastres geo-hidrológicos,60060,Gestão de resíduos e limpeza pública,2015,,Presente,veryhigh,Muito alto,#02C650,5156,Itapejara d'Oeste/PR,1.0
Desastres geo-hidrológicos,60060,Gestão de resíduos e limpeza pública,2015,,Presente,veryhigh,Muito alto,#02C650,2456,Itapema/SC,1.0
Desastres geo-hidrológicos,60060,Gestão de resíduos e limpeza pública,2015,,Presente,veryhigh,Muito alto,#02C650,1641,Itapemirim/ES,1.0
Desastres geo-hidrológicos,60060,Gestão de resíduos e limpeza pública,2015,,Presente,veryhigh,Muito alto,#02C650,5357,Itaperuçu/PR,1.0
Desastres geo-hidrológicos,60060,Gestão de resíduos e limpeza pública,2015,,Presente,veryhigh,Muito alto,#02C650,2017,Itapetininga/SP,1.0
Desastres geo-hidrológicos,60060,Gestão de resíduos e limpeza pública,2015,,Presente,veryhigh,Muito alto,#02C650,1133,Itapeva/MG,1.0
Desastres geo-hidrológicos,60060,Gestão de resíduos e limpeza pública,2015,,Presente,veryhigh,Muito alto,#02C650,2019,Itapevi/SP,1.0
Desastres geo-hidrológicos,60060,Gestão de resíduos e limpeza pública,2015,,Presente,veryhigh,Muito alto,#02C650,3715,Itapipoca/CE,1.0
Desastres geo-hidrológicos,60060,Gestão de resíduos e limpeza pública,2015,,Presente,veryhigh,Muito alto,#02C650,69,Itapiranga/SC,1.0
Desastres geo-hidrológicos,60060,Gestão de resíduos e limpeza pública,2015,,Presente,veryhigh,Muito alto,#02C650,2732,Itapirapuã/GO,1.0
Desastres geo-hidrológicos,60060,Gestão de resíduos e limpeza pública,2015,,Presente,veryhigh,Muito alto,#02C650,2020,Itapira/SP,1.0
Desastres geo-hidrológicos,60060,Gestão de resíduos e limpeza pública,2015,,Presente,veryhigh,Muito alto,#02C650,3716,Itapiúna/CE,1.0
Desastres geo-hidrológicos,60060,Gestão de resíduos e limpeza pública,2015,,Presente,veryhigh,Muito alto,#02C650,2457,Itapoá/SC,1.0
Desastres geo-hidrológicos,60060,Gestão de resíduos e limpeza pública,2015,,Presente,veryhigh,Muito alto,#02C650,2022,Itápolis/SP,1.0
Desastres geo-hidrológicos,60060,Gestão de resíduos e limpeza pública,2015,,Presente,veryhigh,Muito alto,#02C650,4518,Itaporanga d'Ajuda/SE,1.0
Desastres geo-hidrológicos,60060,Gestão de resíduos e limpeza pública,2015,,Presente,veryhigh,Muito alto,#02C650,2023,Itaporanga/SP,1.0
Desastres geo-hidrológicos,60060,Gestão de resíduos e limpeza pública,2015,,Presente,veryhigh,Muito alto,#02C650,296,Itapuca/RS,1.0
Desastres geo-hidrológicos,60060,Gestão de resíduos e limpeza pública,2015,,Presente,veryhigh,Muito alto,#02C650,2024,Itapuí/SP,1.0
Desastres geo-hidrológicos,60060,Gestão de resíduos e limpeza pública,2015,,Presente,veryhigh,Muito alto,#02C650,2733,Itapuranga/GO,1.0
Desastres geo-hidrológicos,60060,Gestão de resíduos e limpeza pública,2015,,Presente,veryhigh,Muito alto,#02C650,2025,Itaquaquecetuba/SP,1.0
Desastres geo-hidrológicos,60060,Gestão de resíduos e limpeza pública,2015,,Presente,veryhigh,Muito alto,#02C650,561,Itaquiraí/MS,1.0
Desastres geo-hidrológicos,60060,Gestão de resíduos e limpeza pública,2015,,Presente,veryhigh,Muito alto,#02C650,2026,Itararé/SP,1.0
Desastres geo-hidrológicos,60060,Gestão de resíduos e limpeza pública,2015,,Presente,veryhigh,Muito alto,#02C650,3717,Itarema/CE,1.0
Desastres geo-hidrológicos,60060,Gestão de resíduos e limpeza pública,2015,,Presente,veryhigh,Muito alto,#02C650,2027,Itariri/SP,1.0
Desastres geo-hidrológicos,60060,Gestão de resíduos e limpeza pública,2015,,Presente,veryhigh,Muito alto,#02C650,4973,Itarumã/GO,1.0
Desastres geo-hidrológicos,60060,Gestão de resíduos e limpeza pública,2015,,Presente,veryhigh,Muito alto,#02C650,68,Itá/SC,1.0
Desastres geo-hidrológicos,60060,Gestão de resíduos e limpeza pública,2015,,Presente,veryhigh,Muito alto,#02C650,1717,Itatiaia/RJ,1.0
Desastres geo-hidrológicos,60060,Gestão de resíduos e limpeza pública,2015,,Presente,veryhigh,Muito alto,#02C650,2028,Itatiba/SP,1.0
Desastres geo-hidrológicos,60060,Gestão de resíduos e limpeza pública,2015,,Presente,veryhigh,Muito alto,#02C650,4700,Itatim/BA,1.0
Desastres geo-hidrológicos,60060,Gestão de resíduos e limpeza pública,2015,,Presente,veryhigh,Muito alto,#02C650,2029,Itatinga/SP,1.0
Desastres geo-hidrológicos,60060,Gestão de resíduos e limpeza pública,2015,,Presente,veryhigh,Muito alto,#02C650,2734,Itauçu/GO,1.0
Desastres geo-hidrológicos,60060,Gestão de resíduos e limpeza pública,2015,,Presente,veryhigh,Muito alto,#02C650,1135,Itaú de Minas/MG,1.0
Desastres geo-hidrológicos,60060,Gestão de resíduos e limpeza pública,2015,,Presente,veryhigh,Muito alto,#02C650,5157,Itaúna do Sul/PR,1.0
Desastres geo-hidrológicos,60060,Gestão de resíduos e limpeza pública,2015,,Presente,veryhigh,Muito alto,#02C650,1136,Itaúna/MG,1.0
Desastres geo-hidrológicos,60060,Gestão de resíduos e limpeza pública,2015,,Presente,veryhigh,Muito alto,#02C650,3866,Itaú/RN,1.0
Desastres geo-hidrológicos,60060,Gestão de resíduos e limpeza pública,2015,,Presente,veryhigh,Muito alto,#02C650,1138,Itinga/MG,1.0
Desastres geo-hidrológicos,60060,Gestão de resíduos e limpeza pública,2015,,Presente,veryhigh,Muito alto,#02C650,2030,Itirapina/SP,1.0
Desastres geo-hidrológicos,60060,Gestão de resíduos e limpeza pública,2015,,Presente,veryhigh,Muito alto,#02C650,2032,Itobi/SP,1.0
Desastres geo-hidrológicos,60060,Gestão de resíduos e limpeza pública,2015,,Presente,veryhigh,Muito alto,#02C650,4703,Ituaçu/BA,1.0
Desastres geo-hidrológicos,60060,Gestão de resíduos e limpeza pública,2015,,Presente,veryhigh,Muito alto,#02C650,4704,Ituberá/BA,1.0
Desastres geo-hidrológicos,60060,Gestão de resíduos e limpeza pública,2015,,Presente,veryhigh,Muito alto,#02C650,1139,Itueta/MG,1.0
Desastres geo-hidrológicos,60060,Gestão de resíduos e limpeza pública,2015,,Presente,veryhigh,Muito alto,#02C650,1140,Ituiutaba/MG,1.0
Desastres geo-hidrológicos,60060,Gestão de resíduos e limpeza pública,2015,,Presente,veryhigh,Muito alto,#02C650,2735,Itumbiara/GO,1.0
Desastres geo-hidrológicos,60060,Gestão de resíduos e limpeza pública,2015,,Presente,veryhigh,Muito alto,#02C650,2034,Itupeva/SP,1.0
Desastres geo-hidrológicos,60060,Gestão de resíduos e limpeza pública,2015,,Presente,veryhigh,Muito alto,#02C650,1143,Itutinga/MG,1.0
Desastres geo-hidrológicos,60060,Gestão de resíduos e limpeza pública,2015,,Presente,veryhigh,Muito alto,#02C650,2035,Ituverava/SP,1.0
Desastres geo-hidrológicos,60060,Gestão de resíduos e limpeza pública,2015,,Presente,veryhigh,Muito alto,#02C650,5158,Ivaiporã/PR,1.0
Desastres geo-hidrológicos,60060,Gestão de resíduos e limpeza pública,2015,,Presente,veryhigh,Muito alto,#02C650,5358,Ivaí/PR,1.0
Desastres geo-hidrológicos,60060,Gestão de resíduos e limpeza pública,2015,,Presente,veryhigh,Muito alto,#02C650,5159,Ivaté/PR,1.0
Desastres geo-hidrológicos,60060,Gestão de resíduos e limpeza pública,2015,,Presente,veryhigh,Muito alto,#02C650,2736,Ivolândia/GO,1.0
Desastres geo-hidrológicos,60060,Gestão de resíduos e limpeza pública,2015,,Presente,veryhigh,Muito alto,#02C650,4289,Jaboatão dos Guararapes/PE,1.0
Desastres geo-hidrológicos,60060,Gestão de resíduos e limpeza pública,2015,,Presente,veryhigh,Muito alto,#02C650,4998,Jaborandi/BA,1.0
Desastres geo-hidrológicos,60060,Gestão de resíduos e limpeza pública,2015,,Presente,veryhigh,Muito alto,#02C650,2036,Jaborandi/SP,1.0
Desastres geo-hidrológicos,60060,Gestão de resíduos e limpeza pública,2015,,Presente,veryhigh,Muito alto,#02C650,70,Jaborá/SC,1.0
Desastres geo-hidrológicos,60060,Gestão de resíduos e limpeza pública,2015,,Presente,veryhigh,Muito alto,#02C650,2037,Jaboticabal/SP,1.0
Desastres geo-hidrológicos,60060,Gestão de resíduos e limpeza pública,2015,,Presente,veryhigh,Muito alto,#02C650,300,Jaboticaba/RS,1.0
Desastres geo-hidrológicos,60060,Gestão de resíduos e limpeza pública,2015,,Presente,veryhigh,Muito alto,#02C650,5359,Jaboti/PR,1.0
Desastres geo-hidrológicos,60060,Gestão de resíduos e limpeza pública,2015,,Presente,veryhigh,Muito alto,#02C650,4072,Jacaraú/PB,1.0
Desastres geo-hidrológicos,60060,Gestão de resíduos e limpeza pública,2015,,Presente,veryhigh,Muito alto,#02C650,4423,Jacaré dos Homens/AL,1.0
Desastres geo-hidrológicos,60060,Gestão de resíduos e limpeza pública,2015,,Presente,veryhigh,Muito alto,#02C650,2038,Jacareí/SP,1.0
Desastres geo-hidrológicos,60060,Gestão de resíduos e limpeza pública,2015,,Presente,veryhigh,Muito alto,#02C650,5360,Jacarezinho/PR,1.0
Desastres geo-hidrológicos,60060,Gestão de resíduos e limpeza pública,2015,,Presente,veryhigh,Muito alto,#02C650,2459,Jacinto Machado/SC,1.0
Desastres geo-hidrológicos,60060,Gestão de resíduos e limpeza pública,2015,,Presente,veryhigh,Muito alto,#02C650,2039,Jaci/SP,1.0
Desastres geo-hidrológicos,60060,Gestão de resíduos e limpeza pública,2015,,Presente,veryhigh,Muito alto,#02C650,1146,Jacuí/MG,1.0
Desastres geo-hidrológicos,60060,Gestão de resíduos e limpeza pública,2015,,Presente,veryhigh,Muito alto,#02C650,4424,Jacuípe/AL,1.0
Desastres geo-hidrológicos,60060,Gestão de resíduos e limpeza pública,2015,,Presente,veryhigh,Muito alto,#02C650,301,Jacuizinho/RS,1.0
Desastres geo-hidrológicos,60060,Gestão de resíduos e limpeza pública,2015,,Presente,veryhigh,Muito alto,#02C650,1147,Jacutinga/MG,1.0
Desastres geo-hidrológicos,60060,Gestão de resíduos e limpeza pública,2015,,Presente,veryhigh,Muito alto,#02C650,302,Jacutinga/RS,1.0
Desastres geo-hidrológicos,60060,Gestão de resíduos e limpeza pública,2015,,Presente,veryhigh,Muito alto,#02C650,5449,Jaguapitã/PR,1.0
Desastres geo-hidrológicos,60060,Gestão de resíduos e limpeza pública,2015,,Presente,veryhigh,Muito alto,#02C650,1148,Jaguaraçu/MG,1.0
Desastres geo-hidrológicos,60060,Gestão de resíduos e limpeza pública,2015,,Presente,veryhigh,Muito alto,#02C650,303,Jaguarão/RS,1.0
Desastres geo-hidrológicos,60060,Gestão de resíduos e limpeza pública,2015,,Presente,veryhigh,Muito alto,#02C650,1644,Jaguaré/ES,1.0
Desastres geo-hidrológicos,60060,Gestão de resíduos e limpeza pública,2015,,Presente,veryhigh,Muito alto,#02C650,3719,Jaguaretama/CE,1.0
Desastres geo-hidrológicos,60060,Gestão de resíduos e limpeza pública,2015,,Presente,veryhigh,Muito alto,#02C650,5361,Jaguariaíva/PR,1.0
Desastres geo-hidrológicos,60060,Gestão de resíduos e limpeza pública,2015,,Presente,veryhigh,Muito alto,#02C650,3721,Jaguaribe/CE,1.0
Desastres geo-hidrológicos,60060,Gestão de resíduos e limpeza pública,2015,,Presente,veryhigh,Muito alto,#02C650,4708,Jaguaripe/BA,1.0
Desastres geo-hidrológicos,60060,Gestão de resíduos e limpeza pública,2015,,Presente,veryhigh,Muito alto,#02C650,304,Jaguari/RS,1.0
Desastres geo-hidrológicos,60060,Gestão de resíduos e limpeza pública,2015,,Presente,veryhigh,Muito alto,#02C650,2041,Jaguariúna/SP,1.0
Desastres geo-hidrológicos,60060,Gestão de resíduos e limpeza pública,2015,,Presente,veryhigh,Muito alto,#02C650,3722,Jaguaruana/CE,1.0
Desastres geo-hidrológicos,60060,Gestão de resíduos e limpeza pública,2015,,Presente,veryhigh,Muito alto,#02C650,2460,Jaguaruna/SC,1.0
Desastres geo-hidrológicos,60060,Gestão de resíduos e limpeza pública,2015,,Presente,veryhigh,Muito alto,#02C650,5161,Jandaia do Sul/PR,1.0
Desastres geo-hidrológicos,60060,Gestão de resíduos e limpeza pública,2015,,Presente,veryhigh,Muito alto,#02C650,2044,Jandira/SP,1.0
Desastres geo-hidrológicos,60060,Gestão de resíduos e limpeza pública,2015,,Presente,veryhigh,Muito alto,#02C650,1152,Januária/MG,1.0
Desastres geo-hidrológicos,60060,Gestão de resíduos e limpeza pública,2015,,Presente,veryhigh,Muito alto,#02C650,1153,Japaraíba/MG,1.0
Desastres geo-hidrológicos,60060,Gestão de resíduos e limpeza pública,2015,,Presente,veryhigh,Muito alto,#02C650,5362,Japira/PR,1.0
Desastres geo-hidrológicos,60060,Gestão de resíduos e limpeza pública,2015,,Presente,veryhigh,Muito alto,#02C650,4520,Japoatã/SE,1.0
Desastres geo-hidrológicos,60060,Gestão de resíduos e limpeza pública,2015,,Presente,veryhigh,Muito alto,#02C650,563,Japorã/MS,1.0
Desastres geo-hidrológicos,60060,Gestão de resíduos e limpeza pública,2015,,Presente,veryhigh,Muito alto,#02C650,5163,Japurá/PR,1.0
Desastres geo-hidrológicos,60060,Gestão de resíduos e limpeza pública,2015,,Presente,veryhigh,Muito alto,#02C650,2461,Jaraguá do Sul/SC,1.0
Desastres geo-hidrológicos,60060,Gestão de resíduos e limpeza pública,2015,,Presente,veryhigh,Muito alto,#02C650,564,Jaraguari/MS,1.0
Desastres geo-hidrológicos,60060,Gestão de resíduos e limpeza pública,2015,,Presente,veryhigh,Muito alto,#02C650,4426,Jaramataia/AL,1.0
Desastres geo-hidrológicos,60060,Gestão de resíduos e limpeza pública,2015,,Presente,veryhigh,Muito alto,#02C650,5164,Jardim Alegre/PR,1.0
Desastres geo-hidrológicos,60060,Gestão de resíduos e limpeza pública,2015,,Presente,veryhigh,Muito alto,#02C650,3723,Jardim/CE,1.0
Desastres geo-hidrológicos,60060,Gestão de resíduos e limpeza pública,2015,,Presente,veryhigh,Muito alto,#02C650,3873,Jardim de Piranhas/RN,1.0
Desastres geo-hidrológicos,60060,Gestão de resíduos e limpeza pública,2015,,Presente,veryhigh,Muito alto,#02C650,3505,Jardim do Mulato/PI,1.0
Desastres geo-hidrológicos,60060,Gestão de resíduos e limpeza pública,2015,,Presente,veryhigh,Muito alto,#02C650,565,Jardim/MS,1.0
Desastres geo-hidrológicos,60060,Gestão de resíduos e limpeza pública,2015,,Presente,veryhigh,Muito alto,#02C650,71,Jardinópolis/SC,1.0
Desastres geo-hidrológicos,60060,Gestão de resíduos e limpeza pública,2015,,Presente,veryhigh,Muito alto,#02C650,2046,Jarinu/SP,1.0
Desastres geo-hidrológicos,60060,Gestão de resíduos e limpeza pública,2015,,Presente,veryhigh,Muito alto,#02C650,305,Jari/RS,1.0
Desastres geo-hidrológicos,60060,Gestão de resíduos e limpeza pública,2015,,Presente,veryhigh,Muito alto,#02C650,5531,Jaru/RO,1.0
Desastres geo-hidrológicos,60060,Gestão de resíduos e limpeza pública,2015,,Presente,veryhigh,Muito alto,#02C650,566,Jateí/MS,1.0
Desastres geo-hidrológicos,60060,Gestão de resíduos e limpeza pública,2015,,Presente,veryhigh,Muito alto,#02C650,3724,Jati/CE,1.0
Desastres geo-hidrológicos,60060,Gestão de resíduos e limpeza pública,2015,,Presente,veryhigh,Muito alto,#02C650,625,Jauru/MT,1.0
Desastres geo-hidrológicos,60060,Gestão de resíduos e limpeza pública,2015,,Presente,veryhigh,Muito alto,#02C650,2047,Jaú/SP,1.0
Desastres geo-hidrológicos,60060,Gestão de resíduos e limpeza pública,2015,,Presente,veryhigh,Muito alto,#02C650,1156,Jenipapo de Minas/MG,1.0
Desastres geo-hidrológicos,60060,Gestão de resíduos e limpeza pública,2015,,Presente,veryhigh,Muito alto,#02C650,3281,Jenipapo dos Vieiras/MA,1.0
Desastres geo-hidrológicos,60060,Gestão de resíduos e limpeza pública,2015,,Presente,veryhigh,Muito alto,#02C650,1157,Jequeri/MG,1.0
Desastres geo-hidrológicos,60060,Gestão de resíduos e limpeza pública,2015,,Presente,veryhigh,Muito alto,#02C650,4427,Jequiá da Praia/AL,1.0
Desastres geo-hidrológicos,60060,Gestão de resíduos e limpeza pública,2015,,Presente,veryhigh,Muito alto,#02C650,1160,Jequitinhonha/MG,1.0
Desastres geo-hidrológicos,60060,Gestão de resíduos e limpeza pública,2015,,Presente,veryhigh,Muito alto,#02C650,4710,Jeremoabo/BA,1.0
Desastres geo-hidrológicos,60060,Gestão de resíduos e limpeza pública,2015,,Presente,veryhigh,Muito alto,#02C650,2048,Jeriquara/SP,1.0
Desastres geo-hidrológicos,60060,Gestão de resíduos e limpeza pública,2015,,Presente,veryhigh,Muito alto,#02C650,1645,Jerônimo Monteiro/ES,1.0
Desastres geo-hidrológicos,60060,Gestão de resíduos e limpeza pública,2015,,Presente,veryhigh,Muito alto,#02C650,1161,Jesuânia/MG,1.0
Desastres geo-hidrológicos,60060,Gestão de resíduos e limpeza pública,2015,,Presente,veryhigh,Muito alto,#02C650,3725,Jijoca de Jericoacoara/CE,1.0
Desastres geo-hidrológicos,60060,Gestão de resíduos e limpeza pública,2015,,Presente,veryhigh,Muito alto,#02C650,5532,Ji-Paraná/RO,1.0
Desastres geo-hidrológicos,60060,Gestão de resíduos e limpeza pública,2015,,Presente,veryhigh,Muito alto,#02C650,4711,Jiquiriçá/BA,1.0
Desastres geo-hidrológicos,60060,Gestão de resíduos e limpeza pública,2015,,Presente,veryhigh,Muito alto,#02C650,1163,Joanésia/MG,1.0
Desastres geo-hidrológicos,60060,Gestão de resíduos e limpeza pública,2015,,Presente,veryhigh,Muito alto,#02C650,2049,Joanópolis/SP,1.0
Desastres geo-hidrológicos,60060,Gestão de resíduos e limpeza pública,2015,,Presente,veryhigh,Muito alto,#02C650,3875,João Câmara/RN,1.0
Desastres geo-hidrológicos,60060,Gestão de resíduos e limpeza pública,2015,,Presente,veryhigh,Muito alto,#02C650,3508,João Costa/PI,1.0
Desastres geo-hidrológicos,60060,Gestão de resíduos e limpeza pública,2015,,Presente,veryhigh,Muito alto,#02C650,4713,João Dourado/BA,1.0
Desastres geo-hidrológicos,60060,Gestão de resíduos e limpeza pública,2015,,Presente,veryhigh,Muito alto,#02C650,3282,João Lisboa/MA,1.0
Desastres geo-hidrológicos,60060,Gestão de resíduos e limpeza pública,2015,,Presente,veryhigh,Muito alto,#02C650,1164,João Monlevade/MG,1.0
Desastres geo-hidrológicos,60060,Gestão de resíduos e limpeza pública,2015,,Presente,veryhigh,Muito alto,#02C650,4074,João Pessoa/PB,1.0
Desastres geo-hidrológicos,60060,Gestão de resíduos e limpeza pública,2015,,Presente,veryhigh,Muito alto,#02C650,1165,João Pinheiro/MG,1.0
Desastres geo-hidrológicos,60060,Gestão de resíduos e limpeza pública,2015,,Presente,veryhigh,Muito alto,#02C650,4294,Joaquim Nabuco/PE,1.0
Desastres geo-hidrológicos,60060,Gestão de resíduos e limpeza pública,2015,,Presente,veryhigh,Muito alto,#02C650,5364,Joaquim Távora/PR,1.0
Desastres geo-hidrológicos,60060,Gestão de resíduos e limpeza pública,2015,,Presente,veryhigh,Muito alto,#02C650,2462,Joinville/SC,1.0
Desastres geo-hidrológicos,60060,Gestão de resíduos e limpeza pública,2015,,Presente,veryhigh,Muito alto,#02C650,1167,Jordânia/MG,1.0
Desastres geo-hidrológicos,60060,Gestão de resíduos e limpeza pública,2015,,Presente,veryhigh,Muito alto,#02C650,3511,José de Freitas/PI,1.0
Desastres geo-hidrológicos,60060,Gestão de resíduos e limpeza pública,2015,,Presente,veryhigh,Muito alto,#02C650,1168,José Gonçalves de Minas/MG,1.0
Desastres geo-hidrológicos,60060,Gestão de resíduos e limpeza pública,2015,,Presente,veryhigh,Muito alto,#02C650,1170,Josenópolis/MG,1.0
Desastres geo-hidrológicos,60060,Gestão de resíduos e limpeza pública,2015,,Presente,veryhigh,Muito alto,#02C650,1169,José Raydan/MG,1.0
Desastres geo-hidrológicos,60060,Gestão de resíduos e limpeza pública,2015,,Presente,veryhigh,Muito alto,#02C650,2741,Joviânia/GO,1.0
Desastres geo-hidrológicos,60060,Gestão de resíduos e limpeza pública,2015,,Presente,veryhigh,Muito alto,#02C650,2905,Juara/MT,1.0
Desastres geo-hidrológicos,60060,Gestão de resíduos e limpeza pública,2015,,Presente,veryhigh,Muito alto,#02C650,4075,Juarez Távora/PB,1.0
Desastres geo-hidrológicos,60060,Gestão de resíduos e limpeza pública,2015,,Presente,veryhigh,Muito alto,#02C650,3112,Juarina/TO,1.0
Desastres geo-hidrológicos,60060,Gestão de resíduos e limpeza pública,2015,,Presente,veryhigh,Muito alto,#02C650,3512,Juazeiro do Piauí/PI,1.0
Desastres geo-hidrológicos,60060,Gestão de resíduos e limpeza pública,2015,,Presente,veryhigh,Muito alto,#02C650,2906,Juína/MT,1.0
Desastres geo-hidrológicos,60060,Gestão de resíduos e limpeza pública,2015,,Presente,veryhigh,Muito alto,#02C650,2052,Júlio Mesquita/SP,1.0
Desastres geo-hidrológicos,60060,Gestão de resíduos e limpeza pública,2015,,Presente,veryhigh,Muito alto,#02C650,2053,Jumirim/SP,1.0
Desastres geo-hidrológicos,60060,Gestão de resíduos e limpeza pública,2015,,Presente,veryhigh,Muito alto,#02C650,3284,Junco do Maranhão/MA,1.0
Desastres geo-hidrológicos,60060,Gestão de resíduos e limpeza pública,2015,,Presente,veryhigh,Muito alto,#02C650,4077,Junco do Seridó/PB,1.0
Desastres geo-hidrológicos,60060,Gestão de resíduos e limpeza pública,2015,,Presente,veryhigh,Muito alto,#02C650,5365,Jundiaí do Sul/PR,1.0
Desastres geo-hidrológicos,60060,Gestão de resíduos e limpeza pública,2015,,Presente,veryhigh,Muito alto,#02C650,2054,Jundiaí/SP,1.0
Desastres geo-hidrológicos,60060,Gestão de resíduos e limpeza pública,2015,,Presente,veryhigh,Muito alto,#02C650,4905,Junqueirópolis/SP,1.0
Desastres geo-hidrológicos,60060,Gestão de resíduos e limpeza pública,2015,,Presente,veryhigh,Muito alto,#02C650,2055,Juquiá/SP,1.0
Desastres geo-hidrológicos,60060,Gestão de resíduos e limpeza pública,2015,,Presente,veryhigh,Muito alto,#02C650,2056,Juquitiba/SP,1.0
Desastres geo-hidrológicos,60060,Gestão de resíduos e limpeza pública,2015,,Presente,veryhigh,Muito alto,#02C650,5167,Juranda/PR,1.0
Desastres geo-hidrológicos,60060,Gestão de resíduos e limpeza pública,2015,,Presente,veryhigh,Muito alto,#02C650,4078,Juripiranga/PB,1.0
Desastres geo-hidrológicos,60060,Gestão de resíduos e limpeza pública,2015,,Presente,veryhigh,Muito alto,#02C650,1175,Juruaia/MG,1.0
Desastres geo-hidrológicos,60060,Gestão de resíduos e limpeza pública,2015,,Presente,veryhigh,Muito alto,#02C650,2868,Juruti/PA,1.0
Desastres geo-hidrológicos,60060,Gestão de resíduos e limpeza pública,2015,,Presente,veryhigh,Muito alto,#02C650,720,Jussari/BA,1.0
Desastres geo-hidrológicos,60060,Gestão de resíduos e limpeza pública,2015,,Presente,veryhigh,Muito alto,#02C650,5492,Jutaí/AM,1.0
Desastres geo-hidrológicos,60060,Gestão de resíduos e limpeza pública,2015,,Presente,veryhigh,Muito alto,#02C650,567,Juti/MS,1.0
Desastres geo-hidrológicos,60060,Gestão de resíduos e limpeza pública,2015,,Presente,veryhigh,Muito alto,#02C650,5009,Juvenília/MG,1.0
Desastres geo-hidrológicos,60060,Gestão de resíduos e limpeza pública,2015,,Presente,veryhigh,Muito alto,#02C650,5493,Lábrea/AM,1.0
Desastres geo-hidrológicos,60060,Gestão de resíduos e limpeza pública,2015,,Presente,veryhigh,Muito alto,#02C650,74,Lacerdópolis/SC,1.0
Desastres geo-hidrológicos,60060,Gestão de resíduos e limpeza pública,2015,,Presente,veryhigh,Muito alto,#02C650,1176,Ladainha/MG,1.0
Desastres geo-hidrológicos,60060,Gestão de resíduos e limpeza pública,2015,,Presente,veryhigh,Muito alto,#02C650,568,Ladário/MS,1.0
Desastres geo-hidrológicos,60060,Gestão de resíduos e limpeza pública,2015,,Presente,veryhigh,Muito alto,#02C650,308,Lagoa Bonita do Sul/RS,1.0
Desastres geo-hidrológicos,60060,Gestão de resíduos e limpeza pública,2015,,Presente,veryhigh,Muito alto,#02C650,1178,Lagoa da Prata/MG,1.0
Desastres geo-hidrológicos,60060,Gestão de resíduos e limpeza pública,2015,,Presente,veryhigh,Muito alto,#02C650,3882,Lagoa de Velhos/RN,1.0
Desastres geo-hidrológicos,60060,Gestão de resíduos e limpeza pública,2015,,Presente,veryhigh,Muito alto,#02C650,3517,Lagoa do Barro do Piauí/PI,1.0
Desastres geo-hidrológicos,60060,Gestão de resíduos e limpeza pública,2015,,Presente,veryhigh,Muito alto,#02C650,3288,Lagoa do Mato/MA,1.0
Desastres geo-hidrológicos,60060,Gestão de resíduos e limpeza pública,2015,,Presente,veryhigh,Muito alto,#02C650,4301,Lagoa dos Gatos/PE,1.0
Desastres geo-hidrológicos,60060,Gestão de resíduos e limpeza pública,2015,,Presente,veryhigh,Muito alto,#02C650,310,Lagoa dos Três Cantos/RS,1.0
Desastres geo-hidrológicos,60060,Gestão de resíduos e limpeza pública,2015,,Presente,veryhigh,Muito alto,#02C650,1180,Lagoa Dourada/MG,1.0
Desastres geo-hidrológicos,60060,Gestão de resíduos e limpeza pública,2015,,Presente,veryhigh,Muito alto,#02C650,1181,Lagoa Formosa/MG,1.0
Desastres geo-hidrológicos,60060,Gestão de resíduos e limpeza pública,2015,,Presente,veryhigh,Muito alto,#02C650,3290,Lagoa Grande do Maranhão/MA,1.0
Desastres geo-hidrológicos,60060,Gestão de resíduos e limpeza pública,2015,,Presente,veryhigh,Muito alto,#02C650,3883,Lagoa Nova/RN,1.0
Desastres geo-hidrológicos,60060,Gestão de resíduos e limpeza pública,2015,,Presente,veryhigh,Muito alto,#02C650,309,Lagoão/RS,1.0
Desastres geo-hidrológicos,60060,Gestão de resíduos e limpeza pública,2015,,Presente,veryhigh,Muito alto,#02C650,4976,Lagoa Santa/GO,1.0
Desastres geo-hidrológicos,60060,Gestão de resíduos e limpeza pública,2015,,Presente,veryhigh,Muito alto,#02C650,4936,Lagoa Vermelha/RS,1.0
Desastres geo-hidrológicos,60060,Gestão de resíduos e limpeza pública,2015,,Presente,veryhigh,Muito alto,#02C650,3285,Lago da Pedra/MA,1.0
Desastres geo-hidrológicos,60060,Gestão de resíduos e limpeza pública,2015,,Presente,veryhigh,Muito alto,#02C650,3286,Lago do Junco/MA,1.0
Desastres geo-hidrológicos,60060,Gestão de resíduos e limpeza pública,2015,,Presente,veryhigh,Muito alto,#02C650,3289,Lago dos Rodrigues/MA,1.0
Desastres geo-hidrológicos,60060,Gestão de resíduos e limpeza pública,2015,,Presente,veryhigh,Muito alto,#02C650,2057,Lagoinha/SP,1.0
Desastres geo-hidrológicos,60060,Gestão de resíduos e limpeza pública,2015,,Presente,veryhigh,Muito alto,#02C650,569,Laguna Carapã/MS,1.0
Desastres geo-hidrológicos,60060,Gestão de resíduos e limpeza pública,2015,,Presente,veryhigh,Muito alto,#02C650,75,Lajeado Grande/SC,1.0
Desastres geo-hidrológicos,60060,Gestão de resíduos e limpeza pública,2015,,Presente,veryhigh,Muito alto,#02C650,721,Lajedão/BA,1.0
Desastres geo-hidrológicos,60060,Gestão de resíduos e limpeza pública,2015,,Presente,veryhigh,Muito alto,#02C650,4303,Lajedo/PE,1.0
Desastres geo-hidrológicos,60060,Gestão de resíduos e limpeza pública,2015,,Presente,veryhigh,Muito alto,#02C650,1184,Lajinha/MG,1.0
Desastres geo-hidrológicos,60060,Gestão de resíduos e limpeza pública,2015,,Presente,veryhigh,Muito alto,#02C650,1186,Lamim/MG,1.0
Desastres geo-hidrológicos,60060,Gestão de resíduos e limpeza pública,2015,,Presente,veryhigh,Muito alto,#02C650,4723,Lapão/BA,1.0
Desastres geo-hidrológicos,60060,Gestão de resíduos e limpeza pública,2015,,Presente,veryhigh,Muito alto,#02C650,1647,Laranja da Terra/ES,1.0
Desastres geo-hidrológicos,60060,Gestão de resíduos e limpeza pública,2015,,Presente,veryhigh,Muito alto,#02C650,2886,Laranjal do Jari/AP,1.0
Desastres geo-hidrológicos,60060,Gestão de resíduos e limpeza pública,2015,,Presente,veryhigh,Muito alto,#02C650,2058,Laranjal Paulista/SP,1.0
Desastres geo-hidrológicos,60060,Gestão de resíduos e limpeza pública,2015,,Presente,veryhigh,Muito alto,#02C650,5170,Laranjal/PR,1.0
Desastres geo-hidrológicos,60060,Gestão de resíduos e limpeza pública,2015,,Presente,veryhigh,Muito alto,#02C650,5171,Laranjeiras do Sul/PR,1.0
Desastres geo-hidrológicos,60060,Gestão de resíduos e limpeza pública,2015,,Presente,veryhigh,Muito alto,#02C650,4522,Laranjeiras/SE,1.0
Desastres geo-hidrológicos,60060,Gestão de resíduos e limpeza pública,2015,,Presente,veryhigh,Muito alto,#02C650,1188,Lassance/MG,1.0
Desastres geo-hidrológicos,60060,Gestão de resíduos e limpeza pública,2015,,Presente,veryhigh,Muito alto,#02C650,2466,Laurentino/SC,1.0
Desastres geo-hidrológicos,60060,Gestão de resíduos e limpeza pública,2015,,Presente,veryhigh,Muito alto,#02C650,4724,Lauro de Freitas/BA,1.0
Desastres geo-hidrológicos,60060,Gestão de resíduos e limpeza pública,2015,,Presente,veryhigh,Muito alto,#02C650,2467,Lauro Müller/SC,1.0
Desastres geo-hidrológicos,60060,Gestão de resíduos e limpeza pública,2015,,Presente,veryhigh,Muito alto,#02C650,2059,Lavínia/SP,1.0
Desastres geo-hidrológicos,60060,Gestão de resíduos e limpeza pública,2015,,Presente,veryhigh,Muito alto,#02C650,313,Lavras do Sul/RS,1.0
Desastres geo-hidrológicos,60060,Gestão de resíduos e limpeza pública,2015,,Presente,veryhigh,Muito alto,#02C650,1189,Lavras/MG,1.0
Desastres geo-hidrológicos,60060,Gestão de resíduos e limpeza pública,2015,,Presente,veryhigh,Muito alto,#02C650,2060,Lavrinhas/SP,1.0
Desastres geo-hidrológicos,60060,Gestão de resíduos e limpeza pública,2015,,Presente,veryhigh,Muito alto,#02C650,2468,Lebon Régis/SC,1.0
Desastres geo-hidrológicos,60060,Gestão de resíduos e limpeza pública,2015,,Presente,veryhigh,Muito alto,#02C650,2061,Leme/SP,1.0
Desastres geo-hidrológicos,60060,Gestão de resíduos e limpeza pública,2015,,Presente,veryhigh,Muito alto,#02C650,2062,Lençóis Paulista/SP,1.0
Desastres geo-hidrológicos,60060,Gestão de resíduos e limpeza pública,2015,,Presente,veryhigh,Muito alto,#02C650,1192,Leopoldina/MG,1.0
Desastres geo-hidrológicos,60060,Gestão de resíduos e limpeza pública,2015,,Presente,veryhigh,Muito alto,#02C650,2742,Leopoldo de Bulhões/GO,1.0
Desastres geo-hidrológicos,60060,Gestão de resíduos e limpeza pública,2015,,Presente,veryhigh,Muito alto,#02C650,5367,Leópolis/PR,1.0
Desastres geo-hidrológicos,60060,Gestão de resíduos e limpeza pública,2015,,Presente,veryhigh,Muito alto,#02C650,5172,Lidianópolis/PR,1.0
Desastres geo-hidrológicos,60060,Gestão de resíduos e limpeza pública,2015,,Presente,veryhigh,Muito alto,#02C650,1195,Limeira do Oeste/MG,1.0
Desastres geo-hidrológicos,60060,Gestão de resíduos e limpeza pública,2015,,Presente,veryhigh,Muito alto,#02C650,2063,Limeira/SP,1.0
Desastres geo-hidrológicos,60060,Gestão de resíduos e limpeza pública,2015,,Presente,veryhigh,Muito alto,#02C650,4432,Limoeiro de Anadia/AL,1.0
Desastres geo-hidrológicos,60060,Gestão de resíduos e limpeza pública,2015,,Presente,veryhigh,Muito alto,#02C650,3729,Limoeiro do Norte/CE,1.0
Desastres geo-hidrológicos,60060,Gestão de resíduos e limpeza pública,2015,,Presente,veryhigh,Muito alto,#02C650,4304,Limoeiro/PE,1.0
Desastres geo-hidrológicos,60060,Gestão de resíduos e limpeza pública,2015,,Presente,veryhigh,Muito alto,#02C650,5173,Lindoeste/PR,1.0
Desastres geo-hidrológicos,60060,Gestão de resíduos e limpeza pública,2015,,Presente,veryhigh,Muito alto,#02C650,76,Lindóia do Sul/SC,1.0
Desastres geo-hidrológicos,60060,Gestão de resíduos e limpeza pública,2015,,Presente,veryhigh,Muito alto,#02C650,2064,Lindóia/SP,1.0
Desastres geo-hidrológicos,60060,Gestão de resíduos e limpeza pública,2015,,Presente,veryhigh,Muito alto,#02C650,2598,Linha Nova/RS,1.0
Desastres geo-hidrológicos,60060,Gestão de resíduos e limpeza pública,2015,,Presente,veryhigh,Muito alto,#02C650,1648,Linhares/ES,1.0
Desastres geo-hidrológicos,60060,Gestão de resíduos e limpeza pública,2015,,Presente,veryhigh,Muito alto,#02C650,2065,Lins/SP,1.0
Desastres geo-hidrológicos,60060,Gestão de resíduos e limpeza pública,2015,,Presente,veryhigh,Muito alto,#02C650,4084,Livramento/PB,1.0
Desastres geo-hidrológicos,60060,Gestão de resíduos e limpeza pública,2015,,Presente,veryhigh,Muito alto,#02C650,5174,Loanda/PR,1.0
Desastres geo-hidrológicos,60060,Gestão de resíduos e limpeza pública,2015,,Presente,veryhigh,Muito alto,#02C650,5175,Lobato/PR,1.0
Desastres geo-hidrológicos,60060,Gestão de resíduos e limpeza pública,2015,,Presente,veryhigh,Muito alto,#02C650,5368,Londrina/PR,1.0
Desastres geo-hidrológicos,60060,Gestão de resíduos e limpeza pública,2015,,Presente,veryhigh,Muito alto,#02C650,2066,Lorena/SP,1.0
Desastres geo-hidrológicos,60060,Gestão de resíduos e limpeza pública,2015,,Presente,veryhigh,Muito alto,#02C650,2067,Lourdes/SP,1.0
Desastres geo-hidrológicos,60060,Gestão de resíduos e limpeza pública,2015,,Presente,veryhigh,Muito alto,#02C650,2068,Louveira/SP,1.0
Desastres geo-hidrológicos,60060,Gestão de resíduos e limpeza pública,2015,,Presente,veryhigh,Muito alto,#02C650,2908,Lucas do Rio Verde/MT,1.0
Desastres geo-hidrológicos,60060,Gestão de resíduos e limpeza pública,2015,,Presente,veryhigh,Muito alto,#02C650,2069,Lucélia/SP,1.0
Desastres geo-hidrológicos,60060,Gestão de resíduos e limpeza pública,2015,,Presente,veryhigh,Muito alto,#02C650,2070,Lucianópolis/SP,1.0
Desastres geo-hidrológicos,60060,Gestão de resíduos e limpeza pública,2015,,Presente,veryhigh,Muito alto,#02C650,2071,Luís Antônio/SP,1.0
Desastres geo-hidrológicos,60060,Gestão de resíduos e limpeza pública,2015,,Presente,veryhigh,Muito alto,#02C650,3522,Luís Correia/PI,1.0
Desastres geo-hidrológicos,60060,Gestão de resíduos e limpeza pública,2015,,Presente,veryhigh,Muito alto,#02C650,3294,Luís Domingues/MA,1.0
Desastres geo-hidrológicos,60060,Gestão de resíduos e limpeza pública,2015,,Presente,veryhigh,Muito alto,#02C650,4727,Luís Eduardo Magalhães/BA,1.0
Desastres geo-hidrológicos,60060,Gestão de resíduos e limpeza pública,2015,,Presente,veryhigh,Muito alto,#02C650,5176,Luiziana/PR,1.0
Desastres geo-hidrológicos,60060,Gestão de resíduos e limpeza pública,2015,,Presente,veryhigh,Muito alto,#02C650,1199,Luminárias/MG,1.0
Desastres geo-hidrológicos,60060,Gestão de resíduos e limpeza pública,2015,,Presente,veryhigh,Muito alto,#02C650,5177,Lunardelli/PR,1.0
Desastres geo-hidrológicos,60060,Gestão de resíduos e limpeza pública,2015,,Presente,veryhigh,Muito alto,#02C650,2073,Lupércio/SP,1.0
Desastres geo-hidrológicos,60060,Gestão de resíduos e limpeza pública,2015,,Presente,veryhigh,Muito alto,#02C650,5178,Lupionópolis/PR,1.0
Desastres geo-hidrológicos,60060,Gestão de resíduos e limpeza pública,2015,,Presente,veryhigh,Muito alto,#02C650,2074,Lutécia/SP,1.0
Desastres geo-hidrológicos,60060,Gestão de resíduos e limpeza pública,2015,,Presente,veryhigh,Muito alto,#02C650,2743,Luziânia/GO,1.0
Desastres geo-hidrológicos,60060,Gestão de resíduos e limpeza pública,2015,,Presente,veryhigh,Muito alto,#02C650,3118,Luzinópolis/TO,1.0
Desastres geo-hidrológicos,60060,Gestão de resíduos e limpeza pública,2015,,Presente,veryhigh,Muito alto,#02C650,1720,Macaé/RJ,1.0
Desastres geo-hidrológicos,60060,Gestão de resíduos e limpeza pública,2015,,Presente,veryhigh,Muito alto,#02C650,5042,Macapá/AP,1.0
Desastres geo-hidrológicos,60060,Gestão de resíduos e limpeza pública,2015,,Presente,veryhigh,Muito alto,#02C650,4305,Macaparana/PE,1.0
Desastres geo-hidrológicos,60060,Gestão de resíduos e limpeza pública,2015,,Presente,veryhigh,Muito alto,#02C650,2075,Macatuba/SP,1.0
Desastres geo-hidrológicos,60060,Gestão de resíduos e limpeza pública,2015,,Presente,veryhigh,Muito alto,#02C650,2076,Macaubal/SP,1.0
Desastres geo-hidrológicos,60060,Gestão de resíduos e limpeza pública,2015,,Presente,veryhigh,Muito alto,#02C650,4729,Macaúbas/BA,1.0
Desastres geo-hidrológicos,60060,Gestão de resíduos e limpeza pública,2015,,Presente,veryhigh,Muito alto,#02C650,3890,Macau/RN,1.0
Desastres geo-hidrológicos,60060,Gestão de resíduos e limpeza pública,2015,,Presente,veryhigh,Muito alto,#02C650,2077,Macedônia/SP,1.0
Desastres geo-hidrológicos,60060,Gestão de resíduos e limpeza pública,2015,,Presente,veryhigh,Muito alto,#02C650,4433,Maceió/AL,1.0
Desastres geo-hidrológicos,60060,Gestão de resíduos e limpeza pública,2015,,Presente,veryhigh,Muito alto,#02C650,4306,Machados/PE,1.0
Desastres geo-hidrológicos,60060,Gestão de resíduos e limpeza pública,2015,,Presente,veryhigh,Muito alto,#02C650,4918,Macieira/SC,1.0
Desastres geo-hidrológicos,60060,Gestão de resíduos e limpeza pública,2015,,Presente,veryhigh,Muito alto,#02C650,1721,Macuco/RJ,1.0
Desastres geo-hidrológicos,60060,Gestão de resíduos e limpeza pública,2015,,Presente,veryhigh,Muito alto,#02C650,3524,Madeiro/PI,1.0
Desastres geo-hidrológicos,60060,Gestão de resíduos e limpeza pública,2015,,Presente,veryhigh,Muito alto,#02C650,1203,Madre de Deus de Minas/MG,1.0
Desastres geo-hidrológicos,60060,Gestão de resíduos e limpeza pública,2015,,Presente,veryhigh,Muito alto,#02C650,4087,Mãe d'Água/PB,1.0
Desastres geo-hidrológicos,60060,Gestão de resíduos e limpeza pública,2015,,Presente,veryhigh,Muito alto,#02C650,2986,Mãe do Rio/PA,1.0
Desastres geo-hidrológicos,60060,Gestão de resíduos e limpeza pública,2015,,Presente,veryhigh,Muito alto,#02C650,2987,Magalhães Barata/PA,1.0
Desastres geo-hidrológicos,60060,Gestão de resíduos e limpeza pública,2015,,Presente,veryhigh,Muito alto,#02C650,2078,Magda/SP,1.0
Desastres geo-hidrológicos,60060,Gestão de resíduos e limpeza pública,2015,,Presente,veryhigh,Muito alto,#02C650,725,Maiquinique/BA,1.0
Desastres geo-hidrológicos,60060,Gestão de resíduos e limpeza pública,2015,,Presente,veryhigh,Muito alto,#02C650,2080,Mairiporã/SP,1.0
Desastres geo-hidrológicos,60060,Gestão de resíduos e limpeza pública,2015,,Presente,veryhigh,Muito alto,#02C650,2744,Mairipotaba/GO,1.0
Desastres geo-hidrológicos,60060,Gestão de resíduos e limpeza pública,2015,,Presente,veryhigh,Muito alto,#02C650,2473,Major Gercino/SC,1.0
Desastres geo-hidrológicos,60060,Gestão de resíduos e limpeza pública,2015,,Presente,veryhigh,Muito alto,#02C650,4434,Major Isidoro/AL,1.0
Desastres geo-hidrológicos,60060,Gestão de resíduos e limpeza pública,2015,,Presente,veryhigh,Muito alto,#02C650,3891,Major Sales/RN,1.0
Desastres geo-hidrológicos,60060,Gestão de resíduos e limpeza pública,2015,,Presente,veryhigh,Muito alto,#02C650,1204,Malacacheta/MG,1.0
Desastres geo-hidrológicos,60060,Gestão de resíduos e limpeza pública,2015,,Presente,veryhigh,Muito alto,#02C650,4525,Malhador/SE,1.0
Desastres geo-hidrológicos,60060,Gestão de resíduos e limpeza pública,2015,,Presente,veryhigh,Muito alto,#02C650,4089,Mamanguape/PB,1.0
Desastres geo-hidrológicos,60060,Gestão de resíduos e limpeza pública,2015,,Presente,veryhigh,Muito alto,#02C650,5019,Mambaí/GO,1.0
Desastres geo-hidrológicos,60060,Gestão de resíduos e limpeza pública,2015,,Presente,veryhigh,Muito alto,#02C650,5494,Manacapuru/AM,1.0
Desastres geo-hidrológicos,60060,Gestão de resíduos e limpeza pública,2015,,Presente,veryhigh,Muito alto,#02C650,5495,Manaquiri/AM,1.0
Desastres geo-hidrológicos,60060,Gestão de resíduos e limpeza pública,2015,,Presente,veryhigh,Muito alto,#02C650,5496,Manaus/AM,1.0
Desastres geo-hidrológicos,60060,Gestão de resíduos e limpeza pública,2015,,Presente,veryhigh,Muito alto,#02C650,5370,Mandirituba/PR,1.0
Desastres geo-hidrológicos,60060,Gestão de resíduos e limpeza pública,2015,,Presente,veryhigh,Muito alto,#02C650,1207,Manhuaçu/MG,1.0
Desastres geo-hidrológicos,60060,Gestão de resíduos e limpeza pública,2015,,Presente,veryhigh,Muito alto,#02C650,5497,Manicoré/AM,1.0
Desastres geo-hidrológicos,60060,Gestão de resíduos e limpeza pública,2015,,Presente,veryhigh,Muito alto,#02C650,5184,Manoel Ribas/PR,1.0
Desastres geo-hidrológicos,60060,Gestão de resíduos e limpeza pública,2015,,Presente,veryhigh,Muito alto,#02C650,1649,Mantenópolis/ES,1.0
Desastres geo-hidrológicos,60060,Gestão de resíduos e limpeza pública,2015,,Presente,veryhigh,Muito alto,#02C650,2988,Marabá/PA,1.0
Desastres geo-hidrológicos,60060,Gestão de resíduos e limpeza pública,2015,,Presente,veryhigh,Muito alto,#02C650,6,Marabá Paulista/SP,1.0
Desastres geo-hidrológicos,60060,Gestão de resíduos e limpeza pública,2015,,Presente,veryhigh,Muito alto,#02C650,2082,Maracaí/SP,1.0
Desastres geo-hidrológicos,60060,Gestão de resíduos e limpeza pública,2015,,Presente,veryhigh,Muito alto,#02C650,2475,Maracajá/SC,1.0
Desastres geo-hidrológicos,60060,Gestão de resíduos e limpeza pública,2015,,Presente,veryhigh,Muito alto,#02C650,570,Maracaju/MS,1.0
Desastres geo-hidrológicos,60060,Gestão de resíduos e limpeza pública,2015,,Presente,veryhigh,Muito alto,#02C650,4435,Maragogi/AL,1.0
Desastres geo-hidrológicos,60060,Gestão de resíduos e limpeza pública,2015,,Presente,veryhigh,Muito alto,#02C650,2990,Marapanim/PA,1.0
Desastres geo-hidrológicos,60060,Gestão de resíduos e limpeza pública,2015,,Presente,veryhigh,Muito alto,#02C650,4881,Mara Rosa/GO,1.0
Desastres geo-hidrológicos,60060,Gestão de resíduos e limpeza pública,2015,,Presente,veryhigh,Muito alto,#02C650,1650,Marataízes/ES,1.0
Desastres geo-hidrológicos,60060,Gestão de resíduos e limpeza pública,2015,,Presente,veryhigh,Muito alto,#02C650,5003,Maraú/BA,1.0
Desastres geo-hidrológicos,60060,Gestão de resíduos e limpeza pública,2015,,Presente,veryhigh,Muito alto,#02C650,319,Marau/RS,1.0
Desastres geo-hidrológicos,60060,Gestão de resíduos e limpeza pública,2015,,Presente,veryhigh,Muito alto,#02C650,78,Maravilha/SC,1.0
Desastres geo-hidrológicos,60060,Gestão de resíduos e limpeza pública,2015,,Presente,veryhigh,Muito alto,#02C650,1210,Maravilhas/MG,1.0
Desastres geo-hidrológicos,60060,Gestão de resíduos e limpeza pública,2015,,Presente,veryhigh,Muito alto,#02C650,4091,Marcação/PB,1.0
Desastres geo-hidrológicos,60060,Gestão de resíduos e limpeza pública,2015,,Presente,veryhigh,Muito alto,#02C650,3733,Marco/CE,1.0
Desastres geo-hidrológicos,60060,Gestão de resíduos e limpeza pública,2015,,Presente,veryhigh,Muito alto,#02C650,1211,Mar de Espanha/MG,1.0
Desastres geo-hidrológicos,60060,Gestão de resíduos e limpeza pública,2015,,Presente,veryhigh,Muito alto,#02C650,5185,Marechal Cândido Rondon/PR,1.0
Desastres geo-hidrológicos,60060,Gestão de resíduos e limpeza pública,2015,,Presente,veryhigh,Muito alto,#02C650,4437,Marechal Deodoro/AL,1.0
Desastres geo-hidrológicos,60060,Gestão de resíduos e limpeza pública,2015,,Presente,veryhigh,Muito alto,#02C650,79,Marema/SC,1.0
Desastres geo-hidrológicos,60060,Gestão de resíduos e limpeza pública,2015,,Presente,veryhigh,Muito alto,#02C650,5186,Maria Helena/PR,1.0
Desastres geo-hidrológicos,60060,Gestão de resíduos e limpeza pública,2015,,Presente,veryhigh,Muito alto,#02C650,5187,Marialva/PR,1.0
Desastres geo-hidrológicos,60060,Gestão de resíduos e limpeza pública,2015,,Presente,veryhigh,Muito alto,#02C650,1213,Mariana/MG,1.0
Desastres geo-hidrológicos,60060,Gestão de resíduos e limpeza pública,2015,,Presente,veryhigh,Muito alto,#02C650,322,Mariano Moro/RS,1.0
Desastres geo-hidrológicos,60060,Gestão de resíduos e limpeza pública,2015,,Presente,veryhigh,Muito alto,#02C650,2084,Mariápolis/SP,1.0
Desastres geo-hidrológicos,60060,Gestão de resíduos e limpeza pública,2015,,Presente,veryhigh,Muito alto,#02C650,1214,Marilac/MG,1.0
Desastres geo-hidrológicos,60060,Gestão de resíduos e limpeza pública,2015,,Presente,veryhigh,Muito alto,#02C650,5450,Marilândia do Sul/PR,1.0
Desastres geo-hidrológicos,60060,Gestão de resíduos e limpeza pública,2015,,Presente,veryhigh,Muito alto,#02C650,1652,Marilândia/ES,1.0
Desastres geo-hidrológicos,60060,Gestão de resíduos e limpeza pública,2015,,Presente,veryhigh,Muito alto,#02C650,5188,Marilena/PR,1.0
Desastres geo-hidrológicos,60060,Gestão de resíduos e limpeza pública,2015,,Presente,veryhigh,Muito alto,#02C650,5189,Mariluz/PR,1.0
Desastres geo-hidrológicos,60060,Gestão de resíduos e limpeza pública,2015,,Presente,veryhigh,Muito alto,#02C650,5190,Maringá/PR,1.0
Desastres geo-hidrológicos,60060,Gestão de resíduos e limpeza pública,2015,,Presente,veryhigh,Muito alto,#02C650,2086,Marinópolis/SP,1.0
Desastres geo-hidrológicos,60060,Gestão de resíduos e limpeza pública,2015,,Presente,veryhigh,Muito alto,#02C650,5191,Mariópolis/PR,1.0
Desastres geo-hidrológicos,60060,Gestão de resíduos e limpeza pública,2015,,Presente,veryhigh,Muito alto,#02C650,1216,Maripá de Minas/MG,1.0
Desastres geo-hidrológicos,60060,Gestão de resíduos e limpeza pública,2015,,Presente,veryhigh,Muito alto,#02C650,5192,Maripá/PR,1.0
Desastres geo-hidrológicos,60060,Gestão de resíduos e limpeza pública,2015,,Presente,veryhigh,Muito alto,#02C650,4092,Mari/PB,1.0
Desastres geo-hidrológicos,60060,Gestão de resíduos e limpeza pública,2015,,Presente,veryhigh,Muito alto,#02C650,2991,Marituba/PA,1.0
Desastres geo-hidrológicos,60060,Gestão de resíduos e limpeza pública,2015,,Presente,veryhigh,Muito alto,#02C650,1217,Marliéria/MG,1.0
Desastres geo-hidrológicos,60060,Gestão de resíduos e limpeza pública,2015,,Presente,veryhigh,Muito alto,#02C650,5193,Marmeleiro/PR,1.0
Desastres geo-hidrológicos,60060,Gestão de resíduos e limpeza pública,2015,,Presente,veryhigh,Muito alto,#02C650,1218,Marmelópolis/MG,1.0
Desastres geo-hidrológicos,60060,Gestão de resíduos e limpeza pública,2015,,Presente,veryhigh,Muito alto,#02C650,323,Marques de Souza/RS,1.0
Desastres geo-hidrológicos,60060,Gestão de resíduos e limpeza pública,2015,,Presente,veryhigh,Muito alto,#02C650,2087,Martinópolis/SP,1.0
Desastres geo-hidrológicos,60060,Gestão de resíduos e limpeza pública,2015,,Presente,veryhigh,Muito alto,#02C650,3893,Martins/RN,1.0
Desastres geo-hidrológicos,60060,Gestão de resíduos e limpeza pública,2015,,Presente,veryhigh,Muito alto,#02C650,4526,Maruim/SE,1.0
Desastres geo-hidrológicos,60060,Gestão de resíduos e limpeza pública,2015,,Presente,veryhigh,Muito alto,#02C650,4439,Mar Vermelho/AL,1.0
Desastres geo-hidrológicos,60060,Gestão de resíduos e limpeza pública,2015,,Presente,veryhigh,Muito alto,#02C650,2476,Massaranduba/SC,1.0
Desastres geo-hidrológicos,60060,Gestão de resíduos e limpeza pública,2015,,Presente,veryhigh,Muito alto,#02C650,2088,Matão/SP,1.0
Desastres geo-hidrológicos,60060,Gestão de resíduos e limpeza pública,2015,,Presente,veryhigh,Muito alto,#02C650,5196,Matelândia/PR,1.0
Desastres geo-hidrológicos,60060,Gestão de resíduos e limpeza pública,2015,,Presente,veryhigh,Muito alto,#02C650,1224,Matias Barbosa/MG,1.0
Desastres geo-hidrológicos,60060,Gestão de resíduos e limpeza pública,2015,,Presente,veryhigh,Muito alto,#02C650,5371,Matinhos/PR,1.0
Desastres geo-hidrológicos,60060,Gestão de resíduos e limpeza pública,2015,,Presente,veryhigh,Muito alto,#02C650,1226,Matipó/MG,1.0
Desastres geo-hidrológicos,60060,Gestão de resíduos e limpeza pública,2015,,Presente,veryhigh,Muito alto,#02C650,325,Mato Castelhano/RS,1.0
Desastres geo-hidrológicos,60060,Gestão de resíduos e limpeza pública,2015,,Presente,veryhigh,Muito alto,#02C650,3302,Matões do Norte/MA,1.0
Desastres geo-hidrológicos,60060,Gestão de resíduos e limpeza pública,2015,,Presente,veryhigh,Muito alto,#02C650,326,Mato Leitão/RS,1.0
Desastres geo-hidrológicos,60060,Gestão de resíduos e limpeza pública,2015,,Presente,veryhigh,Muito alto,#02C650,327,Mato Queimado/RS,1.0
Desastres geo-hidrológicos,60060,Gestão de resíduos e limpeza pública,2015,,Presente,veryhigh,Muito alto,#02C650,1227,Mato Verde/MG,1.0
Desastres geo-hidrológicos,60060,Gestão de resíduos e limpeza pública,2015,,Presente,veryhigh,Muito alto,#02C650,2910,Matupá/MT,1.0
Desastres geo-hidrológicos,60060,Gestão de resíduos e limpeza pública,2015,,Presente,veryhigh,Muito alto,#02C650,1229,Matutina/MG,1.0
Desastres geo-hidrológicos,60060,Gestão de resíduos e limpeza pública,2015,,Presente,veryhigh,Muito alto,#02C650,5372,Mauá da Serra/PR,1.0
Desastres geo-hidrológicos,60060,Gestão de resíduos e limpeza pública,2015,,Presente,veryhigh,Muito alto,#02C650,2089,Mauá/SP,1.0
Desastres geo-hidrológicos,60060,Gestão de resíduos e limpeza pública,2015,,Presente,veryhigh,Muito alto,#02C650,5499,Maués/AM,1.0
Desastres geo-hidrológicos,60060,Gestão de resíduos e limpeza pública,2015,,Presente,veryhigh,Muito alto,#02C650,727,Medeiros Neto/BA,1.0
Desastres geo-hidrológicos,60060,Gestão de resíduos e limpeza pública,2015,,Presente,veryhigh,Muito alto,#02C650,5198,Medianeira/PR,1.0
Desastres geo-hidrológicos,60060,Gestão de resíduos e limpeza pública,2015,,Presente,veryhigh,Muito alto,#02C650,2478,Meleiro/SC,1.0
Desastres geo-hidrológicos,60060,Gestão de resíduos e limpeza pública,2015,,Presente,veryhigh,Muito alto,#02C650,1232,Mendes Pimentel/MG,1.0
Desastres geo-hidrológicos,60060,Gestão de resíduos e limpeza pública,2015,,Presente,veryhigh,Muito alto,#02C650,2090,Mendonça/SP,1.0
Desastres geo-hidrológicos,60060,Gestão de resíduos e limpeza pública,2015,,Presente,veryhigh,Muito alto,#02C650,5199,Mercedes/PR,1.0
Desastres geo-hidrológicos,60060,Gestão de resíduos e limpeza pública,2015,,Presente,veryhigh,Muito alto,#02C650,3737,Meruoca/CE,1.0
Desastres geo-hidrológicos,60060,Gestão de resíduos e limpeza pública,2015,,Presente,veryhigh,Muito alto,#02C650,2092,Mesópolis/SP,1.0
Desastres geo-hidrológicos,60060,Gestão de resíduos e limpeza pública,2015,,Presente,veryhigh,Muito alto,#02C650,3531,Miguel Leão/PI,1.0
Desastres geo-hidrológicos,60060,Gestão de resíduos e limpeza pública,2015,,Presente,veryhigh,Muito alto,#02C650,2093,Miguelópolis/SP,1.0
Desastres geo-hidrológicos,60060,Gestão de resíduos e limpeza pública,2015,,Presente,veryhigh,Muito alto,#02C650,3739,Milhã/CE,1.0
Desastres geo-hidrológicos,60060,Gestão de resíduos e limpeza pública,2015,,Presente,veryhigh,Muito alto,#02C650,1653,Mimoso do Sul/ES,1.0
Desastres geo-hidrológicos,60060,Gestão de resíduos e limpeza pública,2015,,Presente,veryhigh,Muito alto,#02C650,329,Minas do Leão/RS,1.0
Desastres geo-hidrológicos,60060,Gestão de resíduos e limpeza pública,2015,,Presente,veryhigh,Muito alto,#02C650,1236,Minduri/MG,1.0
Desastres geo-hidrológicos,60060,Gestão de resíduos e limpeza pública,2015,,Presente,veryhigh,Muito alto,#02C650,2094,Mineiros do Tietê/SP,1.0
Desastres geo-hidrológicos,60060,Gestão de resíduos e limpeza pública,2015,,Presente,veryhigh,Muito alto,#02C650,5558,Ministro Andreazza/RO,1.0
Desastres geo-hidrológicos,60060,Gestão de resíduos e limpeza pública,2015,,Presente,veryhigh,Muito alto,#02C650,2095,Miracatu/SP,1.0
Desastres geo-hidrológicos,60060,Gestão de resíduos e limpeza pública,2015,,Presente,veryhigh,Muito alto,#02C650,3305,Miranda do Norte/MA,1.0
Desastres geo-hidrológicos,60060,Gestão de resíduos e limpeza pública,2015,,Presente,veryhigh,Muito alto,#02C650,571,Miranda/MS,1.0
Desastres geo-hidrológicos,60060,Gestão de resíduos e limpeza pública,2015,,Presente,veryhigh,Muito alto,#02C650,2097,Mirandópolis/SP,1.0
Desastres geo-hidrológicos,60060,Gestão de resíduos e limpeza pública,2015,,Presente,veryhigh,Muito alto,#02C650,4741,Mirangaba/BA,1.0
Desastres geo-hidrológicos,60060,Gestão de resíduos e limpeza pública,2015,,Presente,veryhigh,Muito alto,#02C650,5559,Mirante da Serra/RO,1.0
Desastres geo-hidrológicos,60060,Gestão de resíduos e limpeza pública,2015,,Presente,veryhigh,Muito alto,#02C650,7,Mirante do Paranapanema/SP,1.0
Desastres geo-hidrológicos,60060,Gestão de resíduos e limpeza pública,2015,,Presente,veryhigh,Muito alto,#02C650,5201,Miraselva/PR,1.0
Desastres geo-hidrológicos,60060,Gestão de resíduos e limpeza pública,2015,,Presente,veryhigh,Muito alto,#02C650,2099,Mirassolândia/SP,1.0
Desastres geo-hidrológicos,60060,Gestão de resíduos e limpeza pública,2015,,Presente,veryhigh,Muito alto,#02C650,628,Mirassol d'Oeste/MT,1.0
Desastres geo-hidrológicos,60060,Gestão de resíduos e limpeza pública,2015,,Presente,veryhigh,Muito alto,#02C650,2098,Mirassol/SP,1.0
Desastres geo-hidrológicos,60060,Gestão de resíduos e limpeza pública,2015,,Presente,veryhigh,Muito alto,#02C650,5202,Missal/PR,1.0
Desastres geo-hidrológicos,60060,Gestão de resíduos e limpeza pública,2015,,Presente,veryhigh,Muito alto,#02C650,80,Modelo/SC,1.0
Desastres geo-hidrológicos,60060,Gestão de resíduos e limpeza pública,2015,,Presente,veryhigh,Muito alto,#02C650,2101,Mogi das Cruzes/SP,1.0
Desastres geo-hidrológicos,60060,Gestão de resíduos e limpeza pública,2015,,Presente,veryhigh,Muito alto,#02C650,2102,Mogi Guaçu/SP,1.0
Desastres geo-hidrológicos,60060,Gestão de resíduos e limpeza pública,2015,,Presente,veryhigh,Muito alto,#02C650,4527,Moita Bonita/SE,1.0
Desastres geo-hidrológicos,60060,Gestão de resíduos e limpeza pública,2015,,Presente,veryhigh,Muito alto,#02C650,2993,Moju/PA,1.0
Desastres geo-hidrológicos,60060,Gestão de resíduos e limpeza pública,2015,,Presente,veryhigh,Muito alto,#02C650,2104,Mombuca/SP,1.0
Desastres geo-hidrológicos,60060,Gestão de resíduos e limpeza pública,2015,,Presente,veryhigh,Muito alto,#02C650,2106,Mongaguá/SP,1.0
Desastres geo-hidrológicos,60060,Gestão de resíduos e limpeza pública,2015,,Presente,veryhigh,Muito alto,#02C650,1243,Monjolos/MG,1.0
Desastres geo-hidrológicos,60060,Gestão de resíduos e limpeza pública,2015,,Presente,veryhigh,Muito alto,#02C650,1244,Monsenhor Paulo/MG,1.0
Desastres geo-hidrológicos,60060,Gestão de resíduos e limpeza pública,2015,,Presente,veryhigh,Muito alto,#02C650,4100,Montadas/PB,1.0
Desastres geo-hidrológicos,60060,Gestão de resíduos e limpeza pública,2015,,Presente,veryhigh,Muito alto,#02C650,1654,Montanha/ES,1.0
Desastres geo-hidrológicos,60060,Gestão de resíduos e limpeza pública,2015,,Presente,veryhigh,Muito alto,#02C650,4883,Monte Alegre de Goiás/GO,1.0
Desastres geo-hidrológicos,60060,Gestão de resíduos e limpeza pública,2015,,Presente,veryhigh,Muito alto,#02C650,1246,Monte Alegre de Minas/MG,1.0
Desastres geo-hidrológicos,60060,Gestão de resíduos e limpeza pública,2015,,Presente,veryhigh,Muito alto,#02C650,4528,Monte Alegre de Sergipe/SE,1.0
Desastres geo-hidrológicos,60060,Gestão de resíduos e limpeza pública,2015,,Presente,veryhigh,Muito alto,#02C650,3535,Monte Alegre do Piauí/PI,1.0
Desastres geo-hidrológicos,60060,Gestão de resíduos e limpeza pública,2015,,Presente,veryhigh,Muito alto,#02C650,3897,Monte Alegre/RN,1.0
Desastres geo-hidrológicos,60060,Gestão de resíduos e limpeza pública,2015,,Presente,veryhigh,Muito alto,#02C650,2108,Monte Alto/SP,1.0
Desastres geo-hidrológicos,60060,Gestão de resíduos e limpeza pública,2015,,Presente,veryhigh,Muito alto,#02C650,2110,Monte Azul Paulista/SP,1.0
Desastres geo-hidrológicos,60060,Gestão de resíduos e limpeza pública,2015,,Presente,veryhigh,Muito alto,#02C650,332,Monte Belo do Sul/RS,1.0
Desastres geo-hidrológicos,60060,Gestão de resíduos e limpeza pública,2015,,Presente,veryhigh,Muito alto,#02C650,1249,Monte Carmelo/MG,1.0
Desastres geo-hidrológicos,60060,Gestão de resíduos e limpeza pública,2015,,Presente,veryhigh,Muito alto,#02C650,8,Monte Castelo/SP,1.0
Desastres geo-hidrológicos,60060,Gestão de resíduos e limpeza pública,2015,,Presente,veryhigh,Muito alto,#02C650,3124,Monte do Carmo/TO,1.0
Desastres geo-hidrológicos,60060,Gestão de resíduos e limpeza pública,2015,,Presente,veryhigh,Muito alto,#02C650,2111,Monteiro Lobato/SP,1.0
Desastres geo-hidrológicos,60060,Gestão de resíduos e limpeza pública,2015,,Presente,veryhigh,Muito alto,#02C650,4102,Monteiro/PB,1.0
Desastres geo-hidrológicos,60060,Gestão de resíduos e limpeza pública,2015,,Presente,veryhigh,Muito alto,#02C650,2112,Monte Mor/SP,1.0
Desastres geo-hidrológicos,60060,Gestão de resíduos e limpeza pública,2015,,Presente,veryhigh,Muito alto,#02C650,4937,Montenegro/RS,1.0
Desastres geo-hidrológicos,60060,Gestão de resíduos e limpeza pública,2015,,Presente,veryhigh,Muito alto,#02C650,1251,Monte Santo de Minas/MG,1.0
Desastres geo-hidrológicos,60060,Gestão de resíduos e limpeza pública,2015,,Presente,veryhigh,Muito alto,#02C650,1253,Monte Sião/MG,1.0
Desastres geo-hidrológicos,60060,Gestão de resíduos e limpeza pública,2015,,Presente,veryhigh,Muito alto,#02C650,4978,Montividiu/GO,1.0
Desastres geo-hidrológicos,60060,Gestão de resíduos e limpeza pública,2015,,Presente,veryhigh,Muito alto,#02C650,3744,Morada Nova/CE,1.0
Desastres geo-hidrológicos,60060,Gestão de resíduos e limpeza pública,2015,,Presente,veryhigh,Muito alto,#02C650,3745,Moraújo/CE,1.0
Desastres geo-hidrológicos,60060,Gestão de resíduos e limpeza pública,2015,,Presente,veryhigh,Muito alto,#02C650,5203,Moreira Sales/PR,1.0
Desastres geo-hidrológicos,60060,Gestão de resíduos e limpeza pública,2015,,Presente,veryhigh,Muito alto,#02C650,3746,Morrinhos/CE,1.0
Desastres geo-hidrológicos,60060,Gestão de resíduos e limpeza pública,2015,,Presente,veryhigh,Muito alto,#02C650,2750,Morrinhos/GO,1.0
Desastres geo-hidrológicos,60060,Gestão de resíduos e limpeza pública,2015,,Presente,veryhigh,Muito alto,#02C650,2113,Morro Agudo/SP,1.0
Desastres geo-hidrológicos,60060,Gestão de resíduos e limpeza pública,2015,,Presente,veryhigh,Muito alto,#02C650,2482,Morro da Fumaça/SC,1.0
Desastres geo-hidrológicos,60060,Gestão de resíduos e limpeza pública,2015,,Presente,veryhigh,Muito alto,#02C650,334,Morro Redondo/RS,1.0
Desastres geo-hidrológicos,60060,Gestão de resíduos e limpeza pública,2015,,Presente,veryhigh,Muito alto,#02C650,2603,Morro Reuter/RS,1.0
Desastres geo-hidrológicos,60060,Gestão de resíduos e limpeza pública,2015,,Presente,veryhigh,Muito alto,#02C650,3309,Morros/MA,1.0
Desastres geo-hidrológicos,60060,Gestão de resíduos e limpeza pública,2015,,Presente,veryhigh,Muito alto,#02C650,2114,Morungaba/SP,1.0
Desastres geo-hidrológicos,60060,Gestão de resíduos e limpeza pública,2015,,Presente,veryhigh,Muito alto,#02C650,2752,Mossâmedes/GO,1.0
Desastres geo-hidrológicos,60060,Gestão de resíduos e limpeza pública,2015,,Presente,veryhigh,Muito alto,#02C650,3899,Mossoró/RN,1.0
Desastres geo-hidrológicos,60060,Gestão de resíduos e limpeza pública,2015,,Presente,veryhigh,Muito alto,#02C650,2604,Mostardas/RS,1.0
Desastres geo-hidrológicos,60060,Gestão de resíduos e limpeza pública,2015,,Presente,veryhigh,Muito alto,#02C650,2753,Mozarlândia/GO,1.0
Desastres geo-hidrológicos,60060,Gestão de resíduos e limpeza pública,2015,,Presente,veryhigh,Muito alto,#02C650,2994,Muaná/PA,1.0
Desastres geo-hidrológicos,60060,Gestão de resíduos e limpeza pública,2015,,Presente,veryhigh,Muito alto,#02C650,3747,Mucambo/CE,1.0
Desastres geo-hidrológicos,60060,Gestão de resíduos e limpeza pública,2015,,Presente,veryhigh,Muito alto,#02C650,1655,Mucurici/ES,1.0
Desastres geo-hidrológicos,60060,Gestão de resíduos e limpeza pública,2015,,Presente,veryhigh,Muito alto,#02C650,2605,Muitos Capões/RS,1.0
Desastres geo-hidrológicos,60060,Gestão de resíduos e limpeza pública,2015,,Presente,veryhigh,Muito alto,#02C650,3748,Mulungu/CE,1.0
Desastres geo-hidrológicos,60060,Gestão de resíduos e limpeza pública,2015,,Presente,veryhigh,Muito alto,#02C650,4103,Mulungu/PB,1.0
Desastres geo-hidrológicos,60060,Gestão de resíduos e limpeza pública,2015,,Presente,veryhigh,Muito alto,#02C650,4747,Mundo Novo/BA,1.0
Desastres geo-hidrológicos,60060,Gestão de resíduos e limpeza pública,2015,,Presente,veryhigh,Muito alto,#02C650,5204,Munhoz de Melo/PR,1.0
Desastres geo-hidrológicos,60060,Gestão de resíduos e limpeza pública,2015,,Presente,veryhigh,Muito alto,#02C650,1657,Muqui/ES,1.0
Desastres geo-hidrológicos,60060,Gestão de resíduos e limpeza pública,2015,,Presente,veryhigh,Muito alto,#02C650,4445,Murici/AL,1.0
Desastres geo-hidrológicos,60060,Gestão de resíduos e limpeza pública,2015,,Presente,veryhigh,Muito alto,#02C650,3538,Murici dos Portelas/PI,1.0
Desastres geo-hidrológicos,60060,Gestão de resíduos e limpeza pública,2015,,Presente,veryhigh,Muito alto,#02C650,2116,Murutinga do Sul/SP,1.0
Desastres geo-hidrológicos,60060,Gestão de resíduos e limpeza pública,2015,,Presente,veryhigh,Muito alto,#02C650,1260,Mutum/MG,1.0
Desastres geo-hidrológicos,60060,Gestão de resíduos e limpeza pública,2015,,Presente,veryhigh,Muito alto,#02C650,1261,Muzambinho/MG,1.0
Desastres geo-hidrológicos,60060,Gestão de resíduos e limpeza pública,2015,,Presente,veryhigh,Muito alto,#02C650,2117,Nantes/SP,1.0
Desastres geo-hidrológicos,60060,Gestão de resíduos e limpeza pública,2015,,Presente,veryhigh,Muito alto,#02C650,1263,Nanuque/MG,1.0
Desastres geo-hidrológicos,60060,Gestão de resíduos e limpeza pública,2015,,Presente,veryhigh,Muito alto,#02C650,337,Não-Me-Toque/RS,1.0
Desastres geo-hidrológicos,60060,Gestão de resíduos e limpeza pública,2015,,Presente,veryhigh,Muito alto,#02C650,9,Narandiba/SP,1.0
Desastres geo-hidrológicos,60060,Gestão de resíduos e limpeza pública,2015,,Presente,veryhigh,Muito alto,#02C650,1265,Natalândia/MG,1.0
Desastres geo-hidrológicos,60060,Gestão de resíduos e limpeza pública,2015,,Presente,veryhigh,Muito alto,#02C650,3900,Natal/RN,1.0
Desastres geo-hidrológicos,60060,Gestão de resíduos e limpeza pública,2015,,Presente,veryhigh,Muito alto,#02C650,1266,Natércia/MG,1.0
Desastres geo-hidrológicos,60060,Gestão de resíduos e limpeza pública,2015,,Presente,veryhigh,Muito alto,#02C650,2118,Natividade da Serra/SP,1.0
Desastres geo-hidrológicos,60060,Gestão de resíduos e limpeza pública,2015,,Presente,veryhigh,Muito alto,#02C650,1729,Natividade/RJ,1.0
Desastres geo-hidrológicos,60060,Gestão de resíduos e limpeza pública,2015,,Presente,veryhigh,Muito alto,#02C650,2484,Navegantes/SC,1.0
Desastres geo-hidrológicos,60060,Gestão de resíduos e limpeza pública,2015,,Presente,veryhigh,Muito alto,#02C650,573,Naviraí/MS,1.0
Desastres geo-hidrológicos,60060,Gestão de resíduos e limpeza pública,2015,,Presente,veryhigh,Muito alto,#02C650,3539,Nazaré do Piauí/PI,1.0
Desastres geo-hidrológicos,60060,Gestão de resíduos e limpeza pública,2015,,Presente,veryhigh,Muito alto,#02C650,4530,Neópolis/SE,1.0
Desastres geo-hidrológicos,60060,Gestão de resíduos e limpeza pública,2015,,Presente,veryhigh,Muito alto,#02C650,2755,Nerópolis/GO,1.0
Desastres geo-hidrológicos,60060,Gestão de resíduos e limpeza pública,2015,,Presente,veryhigh,Muito alto,#02C650,2120,Neves Paulista/SP,1.0
Desastres geo-hidrológicos,60060,Gestão de resíduos e limpeza pública,2015,,Presente,veryhigh,Muito alto,#02C650,2121,Nhandeara/SP,1.0
Desastres geo-hidrológicos,60060,Gestão de resíduos e limpeza pública,2015,,Presente,veryhigh,Muito alto,#02C650,3310,Nina Rodrigues/MA,1.0
Desastres geo-hidrológicos,60060,Gestão de resíduos e limpeza pública,2015,,Presente,veryhigh,Muito alto,#02C650,2122,Nipoã/SP,1.0
Desastres geo-hidrológicos,60060,Gestão de resíduos e limpeza pública,2015,,Presente,veryhigh,Muito alto,#02C650,5020,Niquelândia/GO,1.0
Desastres geo-hidrológicos,60060,Gestão de resíduos e limpeza pública,2015,,Presente,veryhigh,Muito alto,#02C650,1731,Niterói/RJ,1.0
Desastres geo-hidrológicos,60060,Gestão de resíduos e limpeza pública,2015,,Presente,veryhigh,Muito alto,#02C650,339,Nonoai/RS,1.0
Desastres geo-hidrológicos,60060,Gestão de resíduos e limpeza pública,2015,,Presente,veryhigh,Muito alto,#02C650,4532,Nossa Senhora da Glória/SE,1.0
Desastres geo-hidrológicos,60060,Gestão de resíduos e limpeza pública,2015,,Presente,veryhigh,Muito alto,#02C650,5205,Nossa Senhora das Graças/PR,1.0
Desastres geo-hidrológicos,60060,Gestão de resíduos e limpeza pública,2015,,Presente,veryhigh,Muito alto,#02C650,4534,Nossa Senhora de Lourdes/SE,1.0
Desastres geo-hidrológicos,60060,Gestão de resíduos e limpeza pública,2015,,Presente,veryhigh,Muito alto,#02C650,5206,Nova Aliança do Ivaí/PR,1.0
Desastres geo-hidrológicos,60060,Gestão de resíduos e limpeza pública,2015,,Presente,veryhigh,Muito alto,#02C650,2123,Nova Aliança/SP,1.0
Desastres geo-hidrológicos,60060,Gestão de resíduos e limpeza pública,2015,,Presente,veryhigh,Muito alto,#02C650,575,Nova Alvorada do Sul/MS,1.0
Desastres geo-hidrológicos,60060,Gestão de resíduos e limpeza pública,2015,,Presente,veryhigh,Muito alto,#02C650,340,Nova Alvorada/RS,1.0
Desastres geo-hidrológicos,60060,Gestão de resíduos e limpeza pública,2015,,Presente,veryhigh,Muito alto,#02C650,576,Nova Andradina/MS,1.0
Desastres geo-hidrológicos,60060,Gestão de resíduos e limpeza pública,2015,,Presente,veryhigh,Muito alto,#02C650,341,Nova Araçá/RS,1.0
Desastres geo-hidrológicos,60060,Gestão de resíduos e limpeza pública,2015,,Presente,veryhigh,Muito alto,#02C650,2757,Nova Aurora/GO,1.0
Desastres geo-hidrológicos,60060,Gestão de resíduos e limpeza pública,2015,,Presente,veryhigh,Muito alto,#02C650,342,Nova Bassano/RS,1.0
Desastres geo-hidrológicos,60060,Gestão de resíduos e limpeza pública,2015,,Presente,veryhigh,Muito alto,#02C650,2124,Nova Campina/SP,1.0
Desastres geo-hidrológicos,60060,Gestão de resíduos e limpeza pública,2015,,Presente,veryhigh,Muito alto,#02C650,2125,Nova Canaã Paulista/SP,1.0
Desastres geo-hidrológicos,60060,Gestão de resíduos e limpeza pública,2015,,Presente,veryhigh,Muito alto,#02C650,345,Nova Candelária/RS,1.0
Desastres geo-hidrológicos,60060,Gestão de resíduos e limpeza pública,2015,,Presente,veryhigh,Muito alto,#02C650,5208,Nova Cantu/PR,1.0
Desastres geo-hidrológicos,60060,Gestão de resíduos e limpeza pública,2015,,Presente,veryhigh,Muito alto,#02C650,2126,Nova Castilho/SP,1.0
Desastres geo-hidrológicos,60060,Gestão de resíduos e limpeza pública,2015,,Presente,veryhigh,Muito alto,#02C650,5021,Nova Crixás/GO,1.0
Desastres geo-hidrológicos,60060,Gestão de resíduos e limpeza pública,2015,,Presente,veryhigh,Muito alto,#02C650,82,Nova Erechim/SC,1.0
Desastres geo-hidrológicos,60060,Gestão de resíduos e limpeza pública,2015,,Presente,veryhigh,Muito alto,#02C650,346,Nova Esperança do Sul/RS,1.0
Desastres geo-hidrológicos,60060,Gestão de resíduos e limpeza pública,2015,,Presente,veryhigh,Muito alto,#02C650,5209,Nova Esperança/PR,1.0
Desastres geo-hidrológicos,60060,Gestão de resíduos e limpeza pública,2015,,Presente,veryhigh,Muito alto,#02C650,2127,Nova Europa/SP,1.0
Desastres geo-hidrológicos,60060,Gestão de resíduos e limpeza pública,2015,,Presente,veryhigh,Muito alto,#02C650,5375,Nova Fátima/PR,1.0
Desastres geo-hidrológicos,60060,Gestão de resíduos e limpeza pública,2015,,Presente,veryhigh,Muito alto,#02C650,1732,Nova Friburgo/RJ,1.0
Desastres geo-hidrológicos,60060,Gestão de resíduos e limpeza pública,2015,,Presente,veryhigh,Muito alto,#02C650,2128,Nova Granada/SP,1.0
Desastres geo-hidrológicos,60060,Gestão de resíduos e limpeza pública,2015,,Presente,veryhigh,Muito alto,#02C650,10,Nova Guataporanga/SP,1.0
Desastres geo-hidrológicos,60060,Gestão de resíduos e limpeza pública,2015,,Presente,veryhigh,Muito alto,#02C650,4906,Nova Independência/SP,1.0
Desastres geo-hidrológicos,60060,Gestão de resíduos e limpeza pública,2015,,Presente,veryhigh,Muito alto,#02C650,5212,Nova Londrina/PR,1.0
Desastres geo-hidrológicos,60060,Gestão de resíduos e limpeza pública,2015,,Presente,veryhigh,Muito alto,#02C650,2130,Nova Luzitânia/SP,1.0
Desastres geo-hidrológicos,60060,Gestão de resíduos e limpeza pública,2015,,Presente,veryhigh,Muito alto,#02C650,2131,Nova Odessa/SP,1.0
Desastres geo-hidrológicos,60060,Gestão de resíduos e limpeza pública,2015,,Presente,veryhigh,Muito alto,#02C650,631,Nova Olímpia/MT,1.0
Desastres geo-hidrológicos,60060,Gestão de resíduos e limpeza pública,2015,,Presente,veryhigh,Muito alto,#02C650,5213,Nova Olímpia/PR,1.0
Desastres geo-hidrológicos,60060,Gestão de resíduos e limpeza pública,2015,,Presente,veryhigh,Muito alto,#02C650,5501,Nova Olinda do Norte/AM,1.0
Desastres geo-hidrológicos,60060,Gestão de resíduos e limpeza pública,2015,,Presente,veryhigh,Muito alto,#02C650,2607,Nova Pádua/RS,1.0
Desastres geo-hidrológicos,60060,Gestão de resíduos e limpeza pública,2015,,Presente,veryhigh,Muito alto,#02C650,347,Nova Palma/RS,1.0
Desastres geo-hidrológicos,60060,Gestão de resíduos e limpeza pública,2015,,Presente,veryhigh,Muito alto,#02C650,2608,Nova Petrópolis/RS,1.0
Desastres geo-hidrológicos,60060,Gestão de resíduos e limpeza pública,2015,,Presente,veryhigh,Muito alto,#02C650,1274,Nova Ponte/MG,1.0
Desastres geo-hidrológicos,60060,Gestão de resíduos e limpeza pública,2015,,Presente,veryhigh,Muito alto,#02C650,5215,Nova Prata do Iguaçu/PR,1.0
Desastres geo-hidrológicos,60060,Gestão de resíduos e limpeza pública,2015,,Presente,veryhigh,Muito alto,#02C650,348,Nova Prata/RS,1.0
Desastres geo-hidrológicos,60060,Gestão de resíduos e limpeza pública,2015,,Presente,veryhigh,Muito alto,#02C650,1276,Nova Resende/MG,1.0
Desastres geo-hidrológicos,60060,Gestão de resíduos e limpeza pública,2015,,Presente,veryhigh,Muito alto,#02C650,5376,Nova Santa Bárbara/PR,1.0
Desastres geo-hidrológicos,60060,Gestão de resíduos e limpeza pública,2015,,Presente,veryhigh,Muito alto,#02C650,2609,Nova Santa Rita/RS,1.0
Desastres geo-hidrológicos,60060,Gestão de resíduos e limpeza pública,2015,,Presente,veryhigh,Muito alto,#02C650,5214,Nova Santa Rosa/PR,1.0
Desastres geo-hidrológicos,60060,Gestão de resíduos e limpeza pública,2015,,Presente,veryhigh,Muito alto,#02C650,5216,Nova Tebas/PR,1.0
Desastres geo-hidrológicos,60060,Gestão de resíduos e limpeza pública,2015,,Presente,veryhigh,Muito alto,#02C650,1171,Nova União/MG,1.0
Desastres geo-hidrológicos,60060,Gestão de resíduos e limpeza pública,2015,,Presente,veryhigh,Muito alto,#02C650,5561,Nova União/RO,1.0
Desastres geo-hidrológicos,60060,Gestão de resíduos e limpeza pública,2015,,Presente,veryhigh,Muito alto,#02C650,1658,Nova Venécia/ES,1.0
Desastres geo-hidrológicos,60060,Gestão de resíduos e limpeza pública,2015,,Presente,veryhigh,Muito alto,#02C650,2759,Nova Veneza/GO,1.0
Desastres geo-hidrológicos,60060,Gestão de resíduos e limpeza pública,2015,,Presente,veryhigh,Muito alto,#02C650,2486,Nova Veneza/SC,1.0
Desastres geo-hidrológicos,60060,Gestão de resíduos e limpeza pública,2015,,Presente,veryhigh,Muito alto,#02C650,731,Nova Viçosa/BA,1.0
Desastres geo-hidrológicos,60060,Gestão de resíduos e limpeza pública,2015,,Presente,veryhigh,Muito alto,#02C650,4960,Nova Xavantina/MT,1.0
Desastres geo-hidrológicos,60060,Gestão de resíduos e limpeza pública,2015,,Presente,veryhigh,Muito alto,#02C650,5503,Novo Aripuanã/AM,1.0
Desastres geo-hidrológicos,60060,Gestão de resíduos e limpeza pública,2015,,Presente,veryhigh,Muito alto,#02C650,354,Novo Barreiro/RS,1.0
Desastres geo-hidrológicos,60060,Gestão de resíduos e limpeza pública,2015,,Presente,veryhigh,Muito alto,#02C650,2760,Novo Brasil/GO,1.0
Desastres geo-hidrológicos,60060,Gestão de resíduos e limpeza pública,2015,,Presente,veryhigh,Muito alto,#02C650,2761,Novo Gama/GO,1.0
Desastres geo-hidrológicos,60060,Gestão de resíduos e limpeza pública,2015,,Presente,veryhigh,Muito alto,#02C650,2610,Novo Hamburgo/RS,1.0
Desastres geo-hidrológicos,60060,Gestão de resíduos e limpeza pública,2015,,Presente,veryhigh,Muito alto,#02C650,577,Novo Horizonte do Sul/MS,1.0
Desastres geo-hidrológicos,60060,Gestão de resíduos e limpeza pública,2015,,Presente,veryhigh,Muito alto,#02C650,84,Novo Horizonte/SC,1.0
Desastres geo-hidrológicos,60060,Gestão de resíduos e limpeza pública,2015,,Presente,veryhigh,Muito alto,#02C650,2132,Novo Horizonte/SP,1.0
Desastres geo-hidrológicos,60060,Gestão de resíduos e limpeza pública,2015,,Presente,veryhigh,Muito alto,#02C650,5217,Novo Itacolomi/PR,1.0
Desastres geo-hidrológicos,60060,Gestão de resíduos e limpeza pública,2015,,Presente,veryhigh,Muito alto,#02C650,351,Novo Machado/RS,1.0
Desastres geo-hidrológicos,60060,Gestão de resíduos e limpeza pública,2015,,Presente,veryhigh,Muito alto,#02C650,3751,Novo Oriente/CE,1.0
Desastres geo-hidrológicos,60060,Gestão de resíduos e limpeza pública,2015,,Presente,veryhigh,Muito alto,#02C650,1279,Novo Oriente de Minas/MG,1.0
Desastres geo-hidrológicos,60060,Gestão de resíduos e limpeza pública,2015,,Presente,veryhigh,Muito alto,#02C650,2872,Novo Progresso/PA,1.0
Desastres geo-hidrológicos,60060,Gestão de resíduos e limpeza pública,2015,,Presente,veryhigh,Muito alto,#02C650,2998,Novo Repartimento/PA,1.0
Desastres geo-hidrológicos,60060,Gestão de resíduos e limpeza pública,2015,,Presente,veryhigh,Muito alto,#02C650,352,Novo Tiradentes/RS,1.0
Desastres geo-hidrológicos,60060,Gestão de resíduos e limpeza pública,2015,,Presente,veryhigh,Muito alto,#02C650,353,Novo Xingu/RS,1.0
Desastres geo-hidrológicos,60060,Gestão de resíduos e limpeza pública,2015,,Presente,veryhigh,Muito alto,#02C650,2133,Nuporanga/SP,1.0
Desastres geo-hidrológicos,60060,Gestão de resíduos e limpeza pública,2015,,Presente,veryhigh,Muito alto,#02C650,3752,Ocara/CE,1.0
Desastres geo-hidrológicos,60060,Gestão de resíduos e limpeza pública,2015,,Presente,veryhigh,Muito alto,#02C650,2134,Ocauçu/SP,1.0
Desastres geo-hidrológicos,60060,Gestão de resíduos e limpeza pública,2015,,Presente,veryhigh,Muito alto,#02C650,3545,Oeiras/PI,1.0
Desastres geo-hidrológicos,60060,Gestão de resíduos e limpeza pública,2015,,Presente,veryhigh,Muito alto,#02C650,5044,Oiapoque/AP,1.0
Desastres geo-hidrológicos,60060,Gestão de resíduos e limpeza pública,2015,,Presente,veryhigh,Muito alto,#02C650,1281,Olaria/MG,1.0
Desastres geo-hidrológicos,60060,Gestão de resíduos e limpeza pública,2015,,Presente,veryhigh,Muito alto,#02C650,4447,Olho d'Água das Flores/AL,1.0
Desastres geo-hidrológicos,60060,Gestão de resíduos e limpeza pública,2015,,Presente,veryhigh,Muito alto,#02C650,3546,Olho D'Água do Piauí/PI,1.0
Desastres geo-hidrológicos,60060,Gestão de resíduos e limpeza pública,2015,,Presente,veryhigh,Muito alto,#02C650,1282,Olhos-d'Água/MG,1.0
Desastres geo-hidrológicos,60060,Gestão de resíduos e limpeza pública,2015,,Presente,veryhigh,Muito alto,#02C650,2136,Olímpia/SP,1.0
Desastres geo-hidrológicos,60060,Gestão de resíduos e limpeza pública,2015,,Presente,veryhigh,Muito alto,#02C650,1284,Oliveira/MG,1.0
Desastres geo-hidrológicos,60060,Gestão de resíduos e limpeza pública,2015,,Presente,veryhigh,Muito alto,#02C650,4450,Olivença/AL,1.0
Desastres geo-hidrológicos,60060,Gestão de resíduos e limpeza pública,2015,,Presente,veryhigh,Muito alto,#02C650,1286,Onça de Pitangui/MG,1.0
Desastres geo-hidrológicos,60060,Gestão de resíduos e limpeza pública,2015,,Presente,veryhigh,Muito alto,#02C650,2762,Orizona/GO,1.0
Desastres geo-hidrológicos,60060,Gestão de resíduos e limpeza pública,2015,,Presente,veryhigh,Muito alto,#02C650,3753,Orós/CE,1.0
Desastres geo-hidrológicos,60060,Gestão de resíduos e limpeza pública,2015,,Presente,veryhigh,Muito alto,#02C650,5377,Ortigueira/PR,1.0
Desastres geo-hidrológicos,60060,Gestão de resíduos e limpeza pública,2015,,Presente,veryhigh,Muito alto,#02C650,2142,Oscar Bressane/SP,1.0
Desastres geo-hidrológicos,60060,Gestão de resíduos e limpeza pública,2015,,Presente,veryhigh,Muito alto,#02C650,2143,Osvaldo Cruz/SP,1.0
Desastres geo-hidrológicos,60060,Gestão de resíduos e limpeza pública,2015,,Presente,veryhigh,Muito alto,#02C650,2488,Otacílio Costa/SC,1.0
Desastres geo-hidrológicos,60060,Gestão de resíduos e limpeza pública,2015,,Presente,veryhigh,Muito alto,#02C650,3000,Ourém/PA,1.0
Desastres geo-hidrológicos,60060,Gestão de resíduos e limpeza pública,2015,,Presente,veryhigh,Muito alto,#02C650,2144,Ourinhos/SP,1.0
Desastres geo-hidrológicos,60060,Gestão de resíduos e limpeza pública,2015,,Presente,veryhigh,Muito alto,#02C650,5218,Ourizona/PR,1.0
Desastres geo-hidrológicos,60060,Gestão de resíduos e limpeza pública,2015,,Presente,veryhigh,Muito alto,#02C650,4451,Ouro Branco/AL,1.0
Desastres geo-hidrológicos,60060,Gestão de resíduos e limpeza pública,2015,,Presente,veryhigh,Muito alto,#02C650,1289,Ouro Branco/MG,1.0
Desastres geo-hidrológicos,60060,Gestão de resíduos e limpeza pública,2015,,Presente,veryhigh,Muito alto,#02C650,3904,Ouro Branco/RN,1.0
Desastres geo-hidrológicos,60060,Gestão de resíduos e limpeza pública,2015,,Presente,veryhigh,Muito alto,#02C650,2145,Ouroeste/SP,1.0
Desastres geo-hidrológicos,60060,Gestão de resíduos e limpeza pública,2015,,Presente,veryhigh,Muito alto,#02C650,1290,Ouro Fino/MG,1.0
Desastres geo-hidrológicos,60060,Gestão de resíduos e limpeza pública,2015,,Presente,veryhigh,Muito alto,#02C650,5535,Ouro Preto do Oeste/RO,1.0
Desastres geo-hidrológicos,60060,Gestão de resíduos e limpeza pública,2015,,Presente,veryhigh,Muito alto,#02C650,85,Ouro/SC,1.0
Desastres geo-hidrológicos,60060,Gestão de resíduos e limpeza pública,2015,,Presente,veryhigh,Muito alto,#02C650,4111,Ouro Velho/PB,1.0
Desastres geo-hidrológicos,60060,Gestão de resíduos e limpeza pública,2015,,Presente,veryhigh,Muito alto,#02C650,11,Ouro Verde/SP,1.0
Desastres geo-hidrológicos,60060,Gestão de resíduos e limpeza pública,2015,,Presente,veryhigh,Muito alto,#02C650,2764,Ouvidor/GO,1.0
Desastres geo-hidrológicos,60060,Gestão de resíduos e limpeza pública,2015,,Presente,veryhigh,Muito alto,#02C650,2146,Pacaembu/SP,1.0
Desastres geo-hidrológicos,60060,Gestão de resíduos e limpeza pública,2015,,Presente,veryhigh,Muito alto,#02C650,3001,Pacajá/PA,1.0
Desastres geo-hidrológicos,60060,Gestão de resíduos e limpeza pública,2015,,Presente,veryhigh,Muito alto,#02C650,3754,Pacajus/CE,1.0
Desastres geo-hidrológicos,60060,Gestão de resíduos e limpeza pública,2015,,Presente,veryhigh,Muito alto,#02C650,4536,Pacatuba/SE,1.0
Desastres geo-hidrológicos,60060,Gestão de resíduos e limpeza pública,2015,,Presente,veryhigh,Muito alto,#02C650,3316,Paço do Lumiar/MA,1.0
Desastres geo-hidrológicos,60060,Gestão de resíduos e limpeza pública,2015,,Presente,veryhigh,Muito alto,#02C650,3756,Pacoti/CE,1.0
Desastres geo-hidrológicos,60060,Gestão de resíduos e limpeza pública,2015,,Presente,veryhigh,Muito alto,#02C650,3757,Pacujá/CE,1.0
Desastres geo-hidrológicos,60060,Gestão de resíduos e limpeza pública,2015,,Presente,veryhigh,Muito alto,#02C650,2765,Padre Bernardo/GO,1.0
Desastres geo-hidrológicos,60060,Gestão de resíduos e limpeza pública,2015,,Presente,veryhigh,Muito alto,#02C650,3547,Padre Marcos/PI,1.0
Desastres geo-hidrológicos,60060,Gestão de resíduos e limpeza pública,2015,,Presente,veryhigh,Muito alto,#02C650,87,Paial/SC,1.0
Desastres geo-hidrológicos,60060,Gestão de resíduos e limpeza pública,2015,,Presente,veryhigh,Muito alto,#02C650,5220,Paiçandu/PR,1.0
Desastres geo-hidrológicos,60060,Gestão de resíduos e limpeza pública,2015,,Presente,veryhigh,Muito alto,#02C650,355,Paim Filho/RS,1.0
Desastres geo-hidrológicos,60060,Gestão de resíduos e limpeza pública,2015,,Presente,veryhigh,Muito alto,#02C650,2489,Painel/SC,1.0
Desastres geo-hidrológicos,60060,Gestão de resíduos e limpeza pública,2015,,Presente,veryhigh,Muito alto,#02C650,1296,Pains/MG,1.0
Desastres geo-hidrológicos,60060,Gestão de resíduos e limpeza pública,2015,,Presente,veryhigh,Muito alto,#02C650,1298,Paiva/MG,1.0
Desastres geo-hidrológicos,60060,Gestão de resíduos e limpeza pública,2015,,Presente,veryhigh,Muito alto,#02C650,4452,Palestina/AL,1.0
Desastres geo-hidrológicos,60060,Gestão de resíduos e limpeza pública,2015,,Presente,veryhigh,Muito alto,#02C650,3758,Palhano/CE,1.0
Desastres geo-hidrológicos,60060,Gestão de resíduos e limpeza pública,2015,,Presente,veryhigh,Muito alto,#02C650,3759,Palmácia/CE,1.0
Desastres geo-hidrológicos,60060,Gestão de resíduos e limpeza pública,2015,,Presente,veryhigh,Muito alto,#02C650,1299,Palma/MG,1.0
Desastres geo-hidrológicos,60060,Gestão de resíduos e limpeza pública,2015,,Presente,veryhigh,Muito alto,#02C650,4316,Palmares/PE,1.0
Desastres geo-hidrológicos,60060,Gestão de resíduos e limpeza pública,2015,,Presente,veryhigh,Muito alto,#02C650,5221,Palmas/PR,1.0
Desastres geo-hidrológicos,60060,Gestão de resíduos e limpeza pública,2015,,Presente,veryhigh,Muito alto,#02C650,3180,Palmas/TO,1.0
Desastres geo-hidrológicos,60060,Gestão de resíduos e limpeza pública,2015,,Presente,veryhigh,Muito alto,#02C650,356,Palmeira das Missões/RS,1.0
Desastres geo-hidrológicos,60060,Gestão de resíduos e limpeza pública,2015,,Presente,veryhigh,Muito alto,#02C650,2149,Palmeira d'Oeste/SP,1.0
Desastres geo-hidrológicos,60060,Gestão de resíduos e limpeza pública,2015,,Presente,veryhigh,Muito alto,#02C650,5378,Palmeira/PR,1.0
Desastres geo-hidrológicos,60060,Gestão de resíduos e limpeza pública,2015,,Presente,veryhigh,Muito alto,#02C650,4766,Palmeiras/BA,1.0
Desastres geo-hidrológicos,60060,Gestão de resíduos e limpeza pública,2015,,Presente,veryhigh,Muito alto,#02C650,2767,Palmelo/GO,1.0
Desastres geo-hidrológicos,60060,Gestão de resíduos e limpeza pública,2015,,Presente,veryhigh,Muito alto,#02C650,5222,Palmital/PR,1.0
Desastres geo-hidrológicos,60060,Gestão de resíduos e limpeza pública,2015,,Presente,veryhigh,Muito alto,#02C650,2150,Palmital/SP,1.0
Desastres geo-hidrológicos,60060,Gestão de resíduos e limpeza pública,2015,,Presente,veryhigh,Muito alto,#02C650,357,Palmitinho/RS,1.0
Desastres geo-hidrológicos,60060,Gestão de resíduos e limpeza pública,2015,,Presente,veryhigh,Muito alto,#02C650,89,Palmitos/SC,1.0
Desastres geo-hidrológicos,60060,Gestão de resíduos e limpeza pública,2015,,Presente,veryhigh,Muito alto,#02C650,358,Panambi/RS,1.0
Desastres geo-hidrológicos,60060,Gestão de resíduos e limpeza pública,2015,,Presente,veryhigh,Muito alto,#02C650,1659,Pancas/ES,1.0
Desastres geo-hidrológicos,60060,Gestão de resíduos e limpeza pública,2015,,Presente,veryhigh,Muito alto,#02C650,4454,Pão de Açúcar/AL,1.0
Desastres geo-hidrológicos,60060,Gestão de resíduos e limpeza pública,2015,,Presente,veryhigh,Muito alto,#02C650,2492,Papanduva/SC,1.0
Desastres geo-hidrológicos,60060,Gestão de resíduos e limpeza pública,2015,,Presente,veryhigh,Muito alto,#02C650,1303,Pará de Minas/MG,1.0
Desastres geo-hidrológicos,60060,Gestão de resíduos e limpeza pública,2015,,Presente,veryhigh,Muito alto,#02C650,3003,Paragominas/PA,1.0
Desastres geo-hidrológicos,60060,Gestão de resíduos e limpeza pública,2015,,Presente,veryhigh,Muito alto,#02C650,2151,Paraguaçu Paulista/SP,1.0
Desastres geo-hidrológicos,60060,Gestão de resíduos e limpeza pública,2015,,Presente,veryhigh,Muito alto,#02C650,360,Paraí/RS,1.0
Desastres geo-hidrológicos,60060,Gestão de resíduos e limpeza pública,2015,,Presente,veryhigh,Muito alto,#02C650,578,Paraíso das Águas/MS,1.0
Desastres geo-hidrológicos,60060,Gestão de resíduos e limpeza pública,2015,,Presente,veryhigh,Muito alto,#02C650,5224,Paraíso do Norte/PR,1.0
Desastres geo-hidrológicos,60060,Gestão de resíduos e limpeza pública,2015,,Presente,veryhigh,Muito alto,#02C650,361,Paraíso do Sul/RS,1.0
Desastres geo-hidrológicos,60060,Gestão de resíduos e limpeza pública,2015,,Presente,veryhigh,Muito alto,#02C650,1305,Paraisópolis/MG,1.0
Desastres geo-hidrológicos,60060,Gestão de resíduos e limpeza pública,2015,,Presente,veryhigh,Muito alto,#02C650,2153,Paraíso/SP,1.0
Desastres geo-hidrológicos,60060,Gestão de resíduos e limpeza pública,2015,,Presente,veryhigh,Muito alto,#02C650,3762,Parambu/CE,1.0
Desastres geo-hidrológicos,60060,Gestão de resíduos e limpeza pública,2015,,Presente,veryhigh,Muito alto,#02C650,3763,Paramoti/CE,1.0
Desastres geo-hidrológicos,60060,Gestão de resíduos e limpeza pública,2015,,Presente,veryhigh,Muito alto,#02C650,5379,Paranaguá/PR,1.0
Desastres geo-hidrológicos,60060,Gestão de resíduos e limpeza pública,2015,,Presente,veryhigh,Muito alto,#02C650,2154,Paranapanema/SP,1.0
Desastres geo-hidrológicos,60060,Gestão de resíduos e limpeza pública,2015,,Presente,veryhigh,Muito alto,#02C650,3905,Paraná/RN,1.0
Desastres geo-hidrológicos,60060,Gestão de resíduos e limpeza pública,2015,,Presente,veryhigh,Muito alto,#02C650,4319,Paranatama/PE,1.0
Desastres geo-hidrológicos,60060,Gestão de resíduos e limpeza pública,2015,,Presente,veryhigh,Muito alto,#02C650,3139,Paranã/TO,1.0
Desastres geo-hidrológicos,60060,Gestão de resíduos e limpeza pública,2015,,Presente,veryhigh,Muito alto,#02C650,579,Paranhos/MS,1.0
Desastres geo-hidrológicos,60060,Gestão de resíduos e limpeza pública,2015,,Presente,veryhigh,Muito alto,#02C650,2156,Parapuã/SP,1.0
Desastres geo-hidrológicos,60060,Gestão de resíduos e limpeza pública,2015,,Presente,veryhigh,Muito alto,#02C650,1736,Paraty/RJ,1.0
Desastres geo-hidrológicos,60060,Gestão de resíduos e limpeza pública,2015,,Presente,veryhigh,Muito alto,#02C650,3004,Parauapebas/PA,1.0
Desastres geo-hidrológicos,60060,Gestão de resíduos e limpeza pública,2015,,Presente,veryhigh,Muito alto,#02C650,2157,Pardinho/SP,1.0
Desastres geo-hidrológicos,60060,Gestão de resíduos e limpeza pública,2015,,Presente,veryhigh,Muito alto,#02C650,4939,Pareci Novo/RS,1.0
Desastres geo-hidrológicos,60060,Gestão de resíduos e limpeza pública,2015,,Presente,veryhigh,Muito alto,#02C650,3908,Parelhas/RN,1.0
Desastres geo-hidrológicos,60060,Gestão de resíduos e limpeza pública,2015,,Presente,veryhigh,Muito alto,#02C650,4455,Pariconha/AL,1.0
Desastres geo-hidrológicos,60060,Gestão de resíduos e limpeza pública,2015,,Presente,veryhigh,Muito alto,#02C650,2158,Pariquera-Açu/SP,1.0
Desastres geo-hidrológicos,60060,Gestão de resíduos e limpeza pública,2015,,Presente,veryhigh,Muito alto,#02C650,2159,Parisi/SP,1.0
Desastres geo-hidrológicos,60060,Gestão de resíduos e limpeza pública,2015,,Presente,veryhigh,Muito alto,#02C650,3554,Parnaíba/PI,1.0
Desastres geo-hidrológicos,60060,Gestão de resíduos e limpeza pública,2015,,Presente,veryhigh,Muito alto,#02C650,3847,Parnamirim/RN,1.0
Desastres geo-hidrológicos,60060,Gestão de resíduos e limpeza pública,2015,,Presente,veryhigh,Muito alto,#02C650,3910,Passa e Fica/RN,1.0
Desastres geo-hidrológicos,60060,Gestão de resíduos e limpeza pública,2015,,Presente,veryhigh,Muito alto,#02C650,3911,Passagem/RN,1.0
Desastres geo-hidrológicos,60060,Gestão de resíduos e limpeza pública,2015,,Presente,veryhigh,Muito alto,#02C650,362,Passa Sete/RS,1.0
Desastres geo-hidrológicos,60060,Gestão de resíduos e limpeza pública,2015,,Presente,veryhigh,Muito alto,#02C650,363,Passo do Sobrado/RS,1.0
Desastres geo-hidrológicos,60060,Gestão de resíduos e limpeza pública,2015,,Presente,veryhigh,Muito alto,#02C650,364,Passo Fundo/RS,1.0
Desastres geo-hidrológicos,60060,Gestão de resíduos e limpeza pública,2015,,Presente,veryhigh,Muito alto,#02C650,91,Passos Maia/SC,1.0
Desastres geo-hidrológicos,60060,Gestão de resíduos e limpeza pública,2015,,Presente,veryhigh,Muito alto,#02C650,1311,Passos/MG,1.0
Desastres geo-hidrológicos,60060,Gestão de resíduos e limpeza pública,2015,,Presente,veryhigh,Muito alto,#02C650,3321,Pastos Bons/MA,1.0
Desastres geo-hidrológicos,60060,Gestão de resíduos e limpeza pública,2015,,Presente,veryhigh,Muito alto,#02C650,5229,Pato Branco/PR,1.0
Desastres geo-hidrológicos,60060,Gestão de resíduos e limpeza pública,2015,,Presente,veryhigh,Muito alto,#02C650,1313,Patos de Minas/MG,1.0
Desastres geo-hidrológicos,60060,Gestão de resíduos e limpeza pública,2015,,Presente,veryhigh,Muito alto,#02C650,4114,Patos/PB,1.0
Desastres geo-hidrológicos,60060,Gestão de resíduos e limpeza pública,2015,,Presente,veryhigh,Muito alto,#02C650,1315,Patrocínio do Muriaé/MG,1.0
Desastres geo-hidrológicos,60060,Gestão de resíduos e limpeza pública,2015,,Presente,veryhigh,Muito alto,#02C650,1314,Patrocínio/MG,1.0
Desastres geo-hidrológicos,60060,Gestão de resíduos e limpeza pública,2015,,Presente,veryhigh,Muito alto,#02C650,2160,Patrocínio Paulista/SP,1.0
Desastres geo-hidrológicos,60060,Gestão de resíduos e limpeza pública,2015,,Presente,veryhigh,Muito alto,#02C650,3912,Patu/RN,1.0
Desastres geo-hidrológicos,60060,Gestão de resíduos e limpeza pública,2015,,Presente,veryhigh,Muito alto,#02C650,4322,Paudalho/PE,1.0
Desastres geo-hidrológicos,60060,Gestão de resíduos e limpeza pública,2015,,Presente,veryhigh,Muito alto,#02C650,3140,Pau D'Arco/TO,1.0
Desastres geo-hidrológicos,60060,Gestão de resíduos e limpeza pública,2015,,Presente,veryhigh,Muito alto,#02C650,5505,Pauini/AM,1.0
Desastres geo-hidrológicos,60060,Gestão de resíduos e limpeza pública,2015,,Presente,veryhigh,Muito alto,#02C650,5380,Paula Freitas/PR,1.0
Desastres geo-hidrológicos,60060,Gestão de resíduos e limpeza pública,2015,,Presente,veryhigh,Muito alto,#02C650,2161,Paulínia/SP,1.0
Desastres geo-hidrológicos,60060,Gestão de resíduos e limpeza pública,2015,,Presente,veryhigh,Muito alto,#02C650,3322,Paulino Neves/MA,1.0
Desastres geo-hidrológicos,60060,Gestão de resíduos e limpeza pública,2015,,Presente,veryhigh,Muito alto,#02C650,2162,Paulistânia/SP,1.0
Desastres geo-hidrológicos,60060,Gestão de resíduos e limpeza pública,2015,,Presente,veryhigh,Muito alto,#02C650,4115,Paulista/PB,1.0
Desastres geo-hidrológicos,60060,Gestão de resíduos e limpeza pública,2015,,Presente,veryhigh,Muito alto,#02C650,4323,Paulista/PE,1.0
Desastres geo-hidrológicos,60060,Gestão de resíduos e limpeza pública,2015,,Presente,veryhigh,Muito alto,#02C650,1317,Paulistas/MG,1.0
Desastres geo-hidrológicos,60060,Gestão de resíduos e limpeza pública,2015,,Presente,veryhigh,Muito alto,#02C650,4770,Paulo Afonso/BA,1.0
Desastres geo-hidrológicos,60060,Gestão de resíduos e limpeza pública,2015,,Presente,veryhigh,Muito alto,#02C650,365,Paulo Bento/RS,1.0
Desastres geo-hidrológicos,60060,Gestão de resíduos e limpeza pública,2015,,Presente,veryhigh,Muito alto,#02C650,2163,Paulo de Faria/SP,1.0
Desastres geo-hidrológicos,60060,Gestão de resíduos e limpeza pública,2015,,Presente,veryhigh,Muito alto,#02C650,5381,Paulo Frontin/PR,1.0
Desastres geo-hidrológicos,60060,Gestão de resíduos e limpeza pública,2015,,Presente,veryhigh,Muito alto,#02C650,5230,Peabiru/PR,1.0
Desastres geo-hidrológicos,60060,Gestão de resíduos e limpeza pública,2015,,Presente,veryhigh,Muito alto,#02C650,1319,Peçanha/MG,1.0
Desastres geo-hidrológicos,60060,Gestão de resíduos e limpeza pública,2015,,Presente,veryhigh,Muito alto,#02C650,2164,Pederneiras/SP,1.0
Desastres geo-hidrológicos,60060,Gestão de resíduos e limpeza pública,2015,,Presente,veryhigh,Muito alto,#02C650,1320,Pedra Azul/MG,1.0
Desastres geo-hidrológicos,60060,Gestão de resíduos e limpeza pública,2015,,Presente,veryhigh,Muito alto,#02C650,2165,Pedra Bela/SP,1.0
Desastres geo-hidrológicos,60060,Gestão de resíduos e limpeza pública,2015,,Presente,veryhigh,Muito alto,#02C650,1321,Pedra Bonita/MG,1.0
Desastres geo-hidrológicos,60060,Gestão de resíduos e limpeza pública,2015,,Presente,veryhigh,Muito alto,#02C650,1323,Pedra do Indaiá/MG,1.0
Desastres geo-hidrológicos,60060,Gestão de resíduos e limpeza pública,2015,,Presente,veryhigh,Muito alto,#02C650,1324,Pedra Dourada/MG,1.0
Desastres geo-hidrológicos,60060,Gestão de resíduos e limpeza pública,2015,,Presente,veryhigh,Muito alto,#02C650,1325,Pedralva/MG,1.0
Desastres geo-hidrológicos,60060,Gestão de resíduos e limpeza pública,2015,,Presente,veryhigh,Muito alto,#02C650,2166,Pedranópolis/SP,1.0
Desastres geo-hidrológicos,60060,Gestão de resíduos e limpeza pública,2015,,Presente,veryhigh,Muito alto,#02C650,367,Pedras Altas/RS,1.0
Desastres geo-hidrológicos,60060,Gestão de resíduos e limpeza pública,2015,,Presente,veryhigh,Muito alto,#02C650,4118,Pedras de Fogo/PB,1.0
Desastres geo-hidrológicos,60060,Gestão de resíduos e limpeza pública,2015,,Presente,veryhigh,Muito alto,#02C650,2495,Pedras Grandes/SC,1.0
Desastres geo-hidrológicos,60060,Gestão de resíduos e limpeza pública,2015,,Presente,veryhigh,Muito alto,#02C650,2167,Pedregulho/SP,1.0
Desastres geo-hidrológicos,60060,Gestão de resíduos e limpeza pública,2015,,Presente,veryhigh,Muito alto,#02C650,3324,Pedreiras/MA,1.0
Desastres geo-hidrológicos,60060,Gestão de resíduos e limpeza pública,2015,,Presente,veryhigh,Muito alto,#02C650,2168,Pedreira/SP,1.0
Desastres geo-hidrológicos,60060,Gestão de resíduos e limpeza pública,2015,,Presente,veryhigh,Muito alto,#02C650,2169,Pedrinhas Paulista/SP,1.0
Desastres geo-hidrológicos,60060,Gestão de resíduos e limpeza pública,2015,,Presente,veryhigh,Muito alto,#02C650,1327,Pedrinópolis/MG,1.0
Desastres geo-hidrológicos,60060,Gestão de resíduos e limpeza pública,2015,,Presente,veryhigh,Muito alto,#02C650,2170,Pedro de Toledo/SP,1.0
Desastres geo-hidrológicos,60060,Gestão de resíduos e limpeza pública,2015,,Presente,veryhigh,Muito alto,#02C650,580,Pedro Gomes/MS,1.0
Desastres geo-hidrológicos,60060,Gestão de resíduos e limpeza pública,2015,,Presente,veryhigh,Muito alto,#02C650,3560,Pedro II/PI,1.0
Desastres geo-hidrológicos,60060,Gestão de resíduos e limpeza pública,2015,,Presente,veryhigh,Muito alto,#02C650,1328,Pedro Leopoldo/MG,1.0
Desastres geo-hidrológicos,60060,Gestão de resíduos e limpeza pública,2015,,Presente,veryhigh,Muito alto,#02C650,368,Pedro Osório/RS,1.0
Desastres geo-hidrológicos,60060,Gestão de resíduos e limpeza pública,2015,,Presente,veryhigh,Muito alto,#02C650,4136,Pedro Régis/PB,1.0
Desastres geo-hidrológicos,60060,Gestão de resíduos e limpeza pública,2015,,Presente,veryhigh,Muito alto,#02C650,1329,Pedro Teixeira/MG,1.0
Desastres geo-hidrológicos,60060,Gestão de resíduos e limpeza pública,2015,,Presente,veryhigh,Muito alto,#02C650,3142,Peixe/TO,1.0
Desastres geo-hidrológicos,60060,Gestão de resíduos e limpeza pública,2015,,Presente,veryhigh,Muito alto,#02C650,2919,Peixoto de Azevedo/MT,1.0
Desastres geo-hidrológicos,60060,Gestão de resíduos e limpeza pública,2015,,Presente,veryhigh,Muito alto,#02C650,370,Pelotas/RS,1.0
Desastres geo-hidrológicos,60060,Gestão de resíduos e limpeza pública,2015,,Presente,veryhigh,Muito alto,#02C650,2171,Penápolis/SP,1.0
Desastres geo-hidrológicos,60060,Gestão de resíduos e limpeza pública,2015,,Presente,veryhigh,Muito alto,#02C650,3766,Pentecoste/CE,1.0
Desastres geo-hidrológicos,60060,Gestão de resíduos e limpeza pública,2015,,Presente,veryhigh,Muito alto,#02C650,1333,Perdizes/MG,1.0
Desastres geo-hidrológicos,60060,Gestão de resíduos e limpeza pública,2015,,Presente,veryhigh,Muito alto,#02C650,2172,Pereira Barreto/SP,1.0
Desastres geo-hidrológicos,60060,Gestão de resíduos e limpeza pública,2015,,Presente,veryhigh,Muito alto,#02C650,2173,Pereiras/SP,1.0
Desastres geo-hidrológicos,60060,Gestão de resíduos e limpeza pública,2015,,Presente,veryhigh,Muito alto,#02C650,3767,Pereiro/CE,1.0
Desastres geo-hidrológicos,60060,Gestão de resíduos e limpeza pública,2015,,Presente,veryhigh,Muito alto,#02C650,1335,Periquito/MG,1.0
Desastres geo-hidrológicos,60060,Gestão de resíduos e limpeza pública,2015,,Presente,veryhigh,Muito alto,#02C650,92,Peritiba/SC,1.0
Desastres geo-hidrológicos,60060,Gestão de resíduos e limpeza pública,2015,,Presente,veryhigh,Muito alto,#02C650,5233,Pérola d'Oeste/PR,1.0
Desastres geo-hidrológicos,60060,Gestão de resíduos e limpeza pública,2015,,Presente,veryhigh,Muito alto,#02C650,665,Perolândia/GO,1.0
Desastres geo-hidrológicos,60060,Gestão de resíduos e limpeza pública,2015,,Presente,veryhigh,Muito alto,#02C650,5232,Pérola/PR,1.0
Desastres geo-hidrológicos,60060,Gestão de resíduos e limpeza pública,2015,,Presente,veryhigh,Muito alto,#02C650,2174,Peruíbe/SP,1.0
Desastres geo-hidrológicos,60060,Gestão de resíduos e limpeza pública,2015,,Presente,veryhigh,Muito alto,#02C650,2497,Pescaria Brava/SC,1.0
Desastres geo-hidrológicos,60060,Gestão de resíduos e limpeza pública,2015,,Presente,veryhigh,Muito alto,#02C650,4325,Pesqueira/PE,1.0
Desastres geo-hidrológicos,60060,Gestão de resíduos e limpeza pública,2015,,Presente,veryhigh,Muito alto,#02C650,4327,Petrolina/PE,1.0
Desastres geo-hidrológicos,60060,Gestão de resíduos e limpeza pública,2015,,Presente,veryhigh,Muito alto,#02C650,2175,Piacatu/SP,1.0
Desastres geo-hidrológicos,60060,Gestão de resíduos e limpeza pública,2015,,Presente,veryhigh,Muito alto,#02C650,4119,Piancó/PB,1.0
Desastres geo-hidrológicos,60060,Gestão de resíduos e limpeza pública,2015,,Presente,veryhigh,Muito alto,#02C650,1337,Piau/MG,1.0
Desastres geo-hidrológicos,60060,Gestão de resíduos e limpeza pública,2015,,Presente,veryhigh,Muito alto,#02C650,2614,Picada Café/RS,1.0
Desastres geo-hidrológicos,60060,Gestão de resíduos e limpeza pública,2015,,Presente,veryhigh,Muito alto,#02C650,3007,Piçarra/PA,1.0
Desastres geo-hidrológicos,60060,Gestão de resíduos e limpeza pública,2015,,Presente,veryhigh,Muito alto,#02C650,3563,Picos/PI,1.0
Desastres geo-hidrológicos,60060,Gestão de resíduos e limpeza pública,2015,,Presente,veryhigh,Muito alto,#02C650,4120,Picuí/PB,1.0
Desastres geo-hidrológicos,60060,Gestão de resíduos e limpeza pública,2015,,Presente,veryhigh,Muito alto,#02C650,1338,Piedade de Caratinga/MG,1.0
Desastres geo-hidrológicos,60060,Gestão de resíduos e limpeza pública,2015,,Presente,veryhigh,Muito alto,#02C650,5382,Piên/PR,1.0
Desastres geo-hidrológicos,60060,Gestão de resíduos e limpeza pública,2015,,Presente,veryhigh,Muito alto,#02C650,4461,Pilar/AL,1.0
Desastres geo-hidrológicos,60060,Gestão de resíduos e limpeza pública,2015,,Presente,veryhigh,Muito alto,#02C650,4122,Pilões/PB,1.0
Desastres geo-hidrológicos,60060,Gestão de resíduos e limpeza pública,2015,,Presente,veryhigh,Muito alto,#02C650,2178,Pindamonhangaba/SP,1.0
Desastres geo-hidrológicos,60060,Gestão de resíduos e limpeza pública,2015,,Presente,veryhigh,Muito alto,#02C650,4462,Pindoba/AL,1.0
Desastres geo-hidrológicos,60060,Gestão de resíduos e limpeza pública,2015,,Presente,veryhigh,Muito alto,#02C650,3145,Pindorama do Tocantins/TO,1.0
Desastres geo-hidrológicos,60060,Gestão de resíduos e limpeza pública,2015,,Presente,veryhigh,Muito alto,#02C650,2179,Pindorama/SP,1.0
Desastres geo-hidrológicos,60060,Gestão de resíduos e limpeza pública,2015,,Presente,veryhigh,Muito alto,#02C650,1343,Pingo d'Água/MG,1.0
Desastres geo-hidrológicos,60060,Gestão de resíduos e limpeza pública,2015,,Presente,veryhigh,Muito alto,#02C650,5383,Pinhais/PR,1.0
Desastres geo-hidrológicos,60060,Gestão de resíduos e limpeza pública,2015,,Presente,veryhigh,Muito alto,#02C650,371,Pinhal/RS,1.0
Desastres geo-hidrológicos,60060,Gestão de resíduos e limpeza pública,2015,,Presente,veryhigh,Muito alto,#02C650,93,Pinhalzinho/SC,1.0
Desastres geo-hidrológicos,60060,Gestão de resíduos e limpeza pública,2015,,Presente,veryhigh,Muito alto,#02C650,2180,Pinhalzinho/SP,1.0
Desastres geo-hidrológicos,60060,Gestão de resíduos e limpeza pública,2015,,Presente,veryhigh,Muito alto,#02C650,4539,Pinhão/SE,1.0
Desastres geo-hidrológicos,60060,Gestão de resíduos e limpeza pública,2015,,Presente,veryhigh,Muito alto,#02C650,373,Pinheirinho do Vale/RS,1.0
Desastres geo-hidrológicos,60060,Gestão de resíduos e limpeza pública,2015,,Presente,veryhigh,Muito alto,#02C650,3330,Pinheiro/MA,1.0
Desastres geo-hidrológicos,60060,Gestão de resíduos e limpeza pública,2015,,Presente,veryhigh,Muito alto,#02C650,374,Pinheiro Machado/RS,1.0
Desastres geo-hidrológicos,60060,Gestão de resíduos e limpeza pública,2015,,Presente,veryhigh,Muito alto,#02C650,2500,Pinheiro Preto/SC,1.0
Desastres geo-hidrológicos,60060,Gestão de resíduos e limpeza pública,2015,,Presente,veryhigh,Muito alto,#02C650,1661,Pinheiros/ES,1.0
Desastres geo-hidrológicos,60060,Gestão de resíduos e limpeza pública,2015,,Presente,veryhigh,Muito alto,#02C650,3565,Pio IX/PI,1.0
Desastres geo-hidrológicos,60060,Gestão de resíduos e limpeza pública,2015,,Presente,veryhigh,Muito alto,#02C650,14,Piquerobi/SP,1.0
Desastres geo-hidrológicos,60060,Gestão de resíduos e limpeza pública,2015,,Presente,veryhigh,Muito alto,#02C650,3769,Piquet Carneiro/CE,1.0
Desastres geo-hidrológicos,60060,Gestão de resíduos e limpeza pública,2015,,Presente,veryhigh,Muito alto,#02C650,2181,Piquete/SP,1.0
Desastres geo-hidrológicos,60060,Gestão de resíduos e limpeza pública,2015,,Presente,veryhigh,Muito alto,#02C650,1345,Piracema/MG,1.0
Desastres geo-hidrológicos,60060,Gestão de resíduos e limpeza pública,2015,,Presente,veryhigh,Muito alto,#02C650,2183,Piracicaba/SP,1.0
Desastres geo-hidrológicos,60060,Gestão de resíduos e limpeza pública,2015,,Presente,veryhigh,Muito alto,#02C650,3566,Piracuruca/PI,1.0
Desastres geo-hidrológicos,60060,Gestão de resíduos e limpeza pública,2015,,Presente,veryhigh,Muito alto,#02C650,5385,Piraí do Sul/PR,1.0
Desastres geo-hidrológicos,60060,Gestão de resíduos e limpeza pública,2015,,Presente,veryhigh,Muito alto,#02C650,1346,Pirajuba/MG,1.0
Desastres geo-hidrológicos,60060,Gestão de resíduos e limpeza pública,2015,,Presente,veryhigh,Muito alto,#02C650,2185,Pirajuí/SP,1.0
Desastres geo-hidrológicos,60060,Gestão de resíduos e limpeza pública,2015,,Presente,veryhigh,Muito alto,#02C650,2186,Pirangi/SP,1.0
Desastres geo-hidrológicos,60060,Gestão de resíduos e limpeza pública,2015,,Presente,veryhigh,Muito alto,#02C650,1348,Piranguçu/MG,1.0
Desastres geo-hidrológicos,60060,Gestão de resíduos e limpeza pública,2015,,Presente,veryhigh,Muito alto,#02C650,1349,Piranguinho/MG,1.0
Desastres geo-hidrológicos,60060,Gestão de resíduos e limpeza pública,2015,,Presente,veryhigh,Muito alto,#02C650,3332,Pirapemas/MA,1.0
Desastres geo-hidrológicos,60060,Gestão de resíduos e limpeza pública,2015,,Presente,veryhigh,Muito alto,#02C650,1351,Pirapora/MG,1.0
Desastres geo-hidrológicos,60060,Gestão de resíduos e limpeza pública,2015,,Presente,veryhigh,Muito alto,#02C650,375,Pirapó/RS,1.0
Desastres geo-hidrológicos,60060,Gestão de resíduos e limpeza pública,2015,,Presente,veryhigh,Muito alto,#02C650,4907,Pirapozinho/SP,1.0
Desastres geo-hidrológicos,60060,Gestão de resíduos e limpeza pública,2015,,Presente,veryhigh,Muito alto,#02C650,5386,Piraquara/PR,1.0
Desastres geo-hidrológicos,60060,Gestão de resíduos e limpeza pública,2015,,Presente,veryhigh,Muito alto,#02C650,2188,Pirassununga/SP,1.0
Desastres geo-hidrológicos,60060,Gestão de resíduos e limpeza pública,2015,,Presente,veryhigh,Muito alto,#02C650,2189,Piratininga/SP,1.0
Desastres geo-hidrológicos,60060,Gestão de resíduos e limpeza pública,2015,,Presente,veryhigh,Muito alto,#02C650,376,Piratini/RS,1.0
Desastres geo-hidrológicos,60060,Gestão de resíduos e limpeza pública,2015,,Presente,veryhigh,Muito alto,#02C650,94,Piratuba/SC,1.0
Desastres geo-hidrológicos,60060,Gestão de resíduos e limpeza pública,2015,,Presente,veryhigh,Muito alto,#02C650,1352,Piraúba/MG,1.0
Desastres geo-hidrológicos,60060,Gestão de resíduos e limpeza pública,2015,,Presente,veryhigh,Muito alto,#02C650,3567,Piripiri/PI,1.0
Desastres geo-hidrológicos,60060,Gestão de resíduos e limpeza pública,2015,,Presente,veryhigh,Muito alto,#02C650,4124,Pirpirituba/PB,1.0
Desastres geo-hidrológicos,60060,Gestão de resíduos e limpeza pública,2015,,Presente,veryhigh,Muito alto,#02C650,5235,Pitanga/PR,1.0
Desastres geo-hidrológicos,60060,Gestão de resíduos e limpeza pública,2015,,Presente,veryhigh,Muito alto,#02C650,5236,Pitangueiras/PR,1.0
Desastres geo-hidrológicos,60060,Gestão de resíduos e limpeza pública,2015,,Presente,veryhigh,Muito alto,#02C650,2190,Pitangueiras/SP,1.0
Desastres geo-hidrológicos,60060,Gestão de resíduos e limpeza pública,2015,,Presente,veryhigh,Muito alto,#02C650,1353,Pitangui/MG,1.0
Desastres geo-hidrológicos,60060,Gestão de resíduos e limpeza pública,2015,,Presente,veryhigh,Muito alto,#02C650,4125,Pitimbu/PB,1.0
Desastres geo-hidrológicos,60060,Gestão de resíduos e limpeza pública,2015,,Presente,veryhigh,Muito alto,#02C650,1662,Piúma/ES,1.0
Desastres geo-hidrológicos,60060,Gestão de resíduos e limpeza pública,2015,,Presente,veryhigh,Muito alto,#02C650,5237,Planaltina do Paraná/PR,1.0
Desastres geo-hidrológicos,60060,Gestão de resíduos e limpeza pública,2015,,Presente,veryhigh,Muito alto,#02C650,2776,Planaltina/GO,1.0
Desastres geo-hidrológicos,60060,Gestão de resíduos e limpeza pública,2015,,Presente,veryhigh,Muito alto,#02C650,95,Planalto Alegre/SC,1.0
Desastres geo-hidrológicos,60060,Gestão de resíduos e limpeza pública,2015,,Presente,veryhigh,Muito alto,#02C650,5238,Planalto/PR,1.0
Desastres geo-hidrológicos,60060,Gestão de resíduos e limpeza pública,2015,,Presente,veryhigh,Muito alto,#02C650,2192,Platina/SP,1.0
Desastres geo-hidrológicos,60060,Gestão de resíduos e limpeza pública,2015,,Presente,veryhigh,Muito alto,#02C650,2193,Poá/SP,1.0
Desastres geo-hidrológicos,60060,Gestão de resíduos e limpeza pública,2015,,Presente,veryhigh,Muito alto,#02C650,4126,Pocinhos/PB,1.0
Desastres geo-hidrológicos,60060,Gestão de resíduos e limpeza pública,2015,,Presente,veryhigh,Muito alto,#02C650,4464,Poço das Trincheiras/AL,1.0
Desastres geo-hidrológicos,60060,Gestão de resíduos e limpeza pública,2015,,Presente,veryhigh,Muito alto,#02C650,1356,Poço Fundo/MG,1.0
Desastres geo-hidrológicos,60060,Gestão de resíduos e limpeza pública,2015,,Presente,veryhigh,Muito alto,#02C650,4541,Poço Redondo/SE,1.0
Desastres geo-hidrológicos,60060,Gestão de resíduos e limpeza pública,2015,,Presente,veryhigh,Muito alto,#02C650,1357,Poços de Caldas/MG,1.0
Desastres geo-hidrológicos,60060,Gestão de resíduos e limpeza pública,2015,,Presente,veryhigh,Muito alto,#02C650,4542,Poço Verde/SE,1.0
Desastres geo-hidrológicos,60060,Gestão de resíduos e limpeza pública,2015,,Presente,veryhigh,Muito alto,#02C650,4781,Pojuca/BA,1.0
Desastres geo-hidrológicos,60060,Gestão de resíduos e limpeza pública,2015,,Presente,veryhigh,Muito alto,#02C650,4129,Pombal/PB,1.0
Desastres geo-hidrológicos,60060,Gestão de resíduos e limpeza pública,2015,,Presente,veryhigh,Muito alto,#02C650,2501,Pomerode/SC,1.0
Desastres geo-hidrológicos,60060,Gestão de resíduos e limpeza pública,2015,,Presente,veryhigh,Muito alto,#02C650,2195,Pompéia/SP,1.0
Desastres geo-hidrológicos,60060,Gestão de resíduos e limpeza pública,2015,,Presente,veryhigh,Muito alto,#02C650,1359,Pompéu/MG,1.0
Desastres geo-hidrológicos,60060,Gestão de resíduos e limpeza pública,2015,,Presente,veryhigh,Muito alto,#02C650,2196,Pongaí/SP,1.0
Desastres geo-hidrológicos,60060,Gestão de resíduos e limpeza pública,2015,,Presente,veryhigh,Muito alto,#02C650,3008,Ponta de Pedras/PA,1.0
Desastres geo-hidrológicos,60060,Gestão de resíduos e limpeza pública,2015,,Presente,veryhigh,Muito alto,#02C650,636,Pontal do Araguaia/MT,1.0
Desastres geo-hidrológicos,60060,Gestão de resíduos e limpeza pública,2015,,Presente,veryhigh,Muito alto,#02C650,5388,Pontal do Paraná/PR,1.0
Desastres geo-hidrológicos,60060,Gestão de resíduos e limpeza pública,2015,,Presente,veryhigh,Muito alto,#02C650,2777,Pontalina/GO,1.0
Desastres geo-hidrológicos,60060,Gestão de resíduos e limpeza pública,2015,,Presente,veryhigh,Muito alto,#02C650,2198,Pontalinda/SP,1.0
Desastres geo-hidrológicos,60060,Gestão de resíduos e limpeza pública,2015,,Presente,veryhigh,Muito alto,#02C650,2197,Pontal/SP,1.0
Desastres geo-hidrológicos,60060,Gestão de resíduos e limpeza pública,2015,,Presente,veryhigh,Muito alto,#02C650,379,Pontão/RS,1.0
Desastres geo-hidrológicos,60060,Gestão de resíduos e limpeza pública,2015,,Presente,veryhigh,Muito alto,#02C650,581,Ponta Porã/MS,1.0
Desastres geo-hidrológicos,60060,Gestão de resíduos e limpeza pública,2015,,Presente,veryhigh,Muito alto,#02C650,380,Ponte Preta/RS,1.0
Desastres geo-hidrológicos,60060,Gestão de resíduos e limpeza pública,2015,,Presente,veryhigh,Muito alto,#02C650,1663,Ponto Belo/ES,1.0
Desastres geo-hidrológicos,60060,Gestão de resíduos e limpeza pública,2015,,Presente,veryhigh,Muito alto,#02C650,2200,Populina/SP,1.0
Desastres geo-hidrológicos,60060,Gestão de resíduos e limpeza pública,2015,,Presente,veryhigh,Muito alto,#02C650,4889,Porangatu/GO,1.0
Desastres geo-hidrológicos,60060,Gestão de resíduos e limpeza pública,2015,,Presente,veryhigh,Muito alto,#02C650,1741,Porciúncula/RJ,1.0
Desastres geo-hidrológicos,60060,Gestão de resíduos e limpeza pública,2015,,Presente,veryhigh,Muito alto,#02C650,2778,Porteirão/GO,1.0
Desastres geo-hidrológicos,60060,Gestão de resíduos e limpeza pública,2015,,Presente,veryhigh,Muito alto,#02C650,3772,Porteiras/CE,1.0
Desastres geo-hidrológicos,60060,Gestão de resíduos e limpeza pública,2015,,Presente,veryhigh,Muito alto,#02C650,3150,Porto Alegre do Tocantins/TO,1.0
Desastres geo-hidrológicos,60060,Gestão de resíduos e limpeza pública,2015,,Presente,veryhigh,Muito alto,#02C650,2617,Porto Alegre/RS,1.0
Desastres geo-hidrológicos,60060,Gestão de resíduos e limpeza pública,2015,,Presente,veryhigh,Muito alto,#02C650,5389,Porto Amazonas/PR,1.0
Desastres geo-hidrológicos,60060,Gestão de resíduos e limpeza pública,2015,,Presente,veryhigh,Muito alto,#02C650,2504,Porto Belo/SC,1.0
Desastres geo-hidrológicos,60060,Gestão de resíduos e limpeza pública,2015,,Presente,veryhigh,Muito alto,#02C650,4465,Porto Calvo/AL,1.0
Desastres geo-hidrológicos,60060,Gestão de resíduos e limpeza pública,2015,,Presente,veryhigh,Muito alto,#02C650,639,Porto Esperidião/MT,1.0
Desastres geo-hidrológicos,60060,Gestão de resíduos e limpeza pública,2015,,Presente,veryhigh,Muito alto,#02C650,2202,Porto Feliz/SP,1.0
Desastres geo-hidrológicos,60060,Gestão de resíduos e limpeza pública,2015,,Presente,veryhigh,Muito alto,#02C650,2203,Porto Ferreira/SP,1.0
Desastres geo-hidrológicos,60060,Gestão de resíduos e limpeza pública,2015,,Presente,veryhigh,Muito alto,#02C650,3334,Porto Franco/MA,1.0
Desastres geo-hidrológicos,60060,Gestão de resíduos e limpeza pública,2015,,Presente,veryhigh,Muito alto,#02C650,382,Porto Mauá/RS,1.0
Desastres geo-hidrológicos,60060,Gestão de resíduos e limpeza pública,2015,,Presente,veryhigh,Muito alto,#02C650,582,Porto Murtinho/MS,1.0
Desastres geo-hidrológicos,60060,Gestão de resíduos e limpeza pública,2015,,Presente,veryhigh,Muito alto,#02C650,3151,Porto Nacional/TO,1.0
Desastres geo-hidrológicos,60060,Gestão de resíduos e limpeza pública,2015,,Presente,veryhigh,Muito alto,#02C650,4467,Porto Real do Colégio/AL,1.0
Desastres geo-hidrológicos,60060,Gestão de resíduos e limpeza pública,2015,,Presente,veryhigh,Muito alto,#02C650,5240,Porto Rico/PR,1.0
Desastres geo-hidrológicos,60060,Gestão de resíduos e limpeza pública,2015,,Presente,veryhigh,Muito alto,#02C650,2505,Porto União/SC,1.0
Desastres geo-hidrológicos,60060,Gestão de resíduos e limpeza pública,2015,,Presente,veryhigh,Muito alto,#02C650,5537,Porto Velho/RO,1.0
Desastres geo-hidrológicos,60060,Gestão de resíduos e limpeza pública,2015,,Presente,veryhigh,Muito alto,#02C650,383,Porto Vera Cruz/RS,1.0
Desastres geo-hidrológicos,60060,Gestão de resíduos e limpeza pública,2015,,Presente,veryhigh,Muito alto,#02C650,5390,Porto Vitória/PR,1.0
Desastres geo-hidrológicos,60060,Gestão de resíduos e limpeza pública,2015,,Presente,veryhigh,Muito alto,#02C650,2834,Porto Walter/AC,1.0
Desastres geo-hidrológicos,60060,Gestão de resíduos e limpeza pública,2015,,Presente,veryhigh,Muito alto,#02C650,384,Porto Xavier/RS,1.0
Desastres geo-hidrológicos,60060,Gestão de resíduos e limpeza pública,2015,,Presente,veryhigh,Muito alto,#02C650,1365,Poté/MG,1.0
Desastres geo-hidrológicos,60060,Gestão de resíduos e limpeza pública,2015,,Presente,veryhigh,Muito alto,#02C650,2204,Potim/SP,1.0
Desastres geo-hidrológicos,60060,Gestão de resíduos e limpeza pública,2015,,Presente,veryhigh,Muito alto,#02C650,3774,Potiretama/CE,1.0
Desastres geo-hidrológicos,60060,Gestão de resíduos e limpeza pública,2015,,Presente,veryhigh,Muito alto,#02C650,1366,Pouso Alegre/MG,1.0
Desastres geo-hidrológicos,60060,Gestão de resíduos e limpeza pública,2015,,Presente,veryhigh,Muito alto,#02C650,1367,Pouso Alto/MG,1.0
Desastres geo-hidrológicos,60060,Gestão de resíduos e limpeza pública,2015,,Presente,veryhigh,Muito alto,#02C650,2506,Pouso Redondo/SC,1.0
Desastres geo-hidrológicos,60060,Gestão de resíduos e limpeza pública,2015,,Presente,veryhigh,Muito alto,#02C650,5453,Prado Ferreira/PR,1.0
Desastres geo-hidrológicos,60060,Gestão de resíduos e limpeza pública,2015,,Presente,veryhigh,Muito alto,#02C650,2207,Pradópolis/SP,1.0
Desastres geo-hidrológicos,60060,Gestão de resíduos e limpeza pública,2015,,Presente,veryhigh,Muito alto,#02C650,1368,Prados/MG,1.0
Desastres geo-hidrológicos,60060,Gestão de resíduos e limpeza pública,2015,,Presente,veryhigh,Muito alto,#02C650,2208,Praia Grande/SP,1.0
Desastres geo-hidrológicos,60060,Gestão de resíduos e limpeza pública,2015,,Presente,veryhigh,Muito alto,#02C650,3152,Praia Norte/TO,1.0
Desastres geo-hidrológicos,60060,Gestão de resíduos e limpeza pública,2015,,Presente,veryhigh,Muito alto,#02C650,5241,Pranchita/PR,1.0
Desastres geo-hidrológicos,60060,Gestão de resíduos e limpeza pública,2015,,Presente,veryhigh,Muito alto,#02C650,1369,Prata/MG,1.0
Desastres geo-hidrológicos,60060,Gestão de resíduos e limpeza pública,2015,,Presente,veryhigh,Muito alto,#02C650,1370,Pratápolis/MG,1.0
Desastres geo-hidrológicos,60060,Gestão de resíduos e limpeza pública,2015,,Presente,veryhigh,Muito alto,#02C650,97,Presidente Castello Branco/SC,1.0
Desastres geo-hidrológicos,60060,Gestão de resíduos e limpeza pública,2015,,Presente,veryhigh,Muito alto,#02C650,5242,Presidente Castelo Branco/PR,1.0
Desastres geo-hidrológicos,60060,Gestão de resíduos e limpeza pública,2015,,Presente,veryhigh,Muito alto,#02C650,4783,Presidente Dutra/BA,1.0
Desastres geo-hidrológicos,60060,Gestão de resíduos e limpeza pública,2015,,Presente,veryhigh,Muito alto,#02C650,5506,Presidente Figueiredo/AM,1.0
Desastres geo-hidrológicos,60060,Gestão de resíduos e limpeza pública,2015,,Presente,veryhigh,Muito alto,#02C650,1664,Presidente Kennedy/ES,1.0
Desastres geo-hidrológicos,60060,Gestão de resíduos e limpeza pública,2015,,Presente,veryhigh,Muito alto,#02C650,3153,Presidente Kennedy/TO,1.0
Desastres geo-hidrológicos,60060,Gestão de resíduos e limpeza pública,2015,,Presente,veryhigh,Muito alto,#02C650,1374,Presidente Kubitschek/MG,1.0
Desastres geo-hidrológicos,60060,Gestão de resíduos e limpeza pública,2015,,Presente,veryhigh,Muito alto,#02C650,2618,Presidente Lucena/RS,1.0
Desastres geo-hidrológicos,60060,Gestão de resíduos e limpeza pública,2015,,Presente,veryhigh,Muito alto,#02C650,3338,Presidente Médici/MA,1.0
Desastres geo-hidrológicos,60060,Gestão de resíduos e limpeza pública,2015,,Presente,veryhigh,Muito alto,#02C650,2509,Presidente Nereu/SC,1.0
Desastres geo-hidrológicos,60060,Gestão de resíduos e limpeza pública,2015,,Presente,veryhigh,Muito alto,#02C650,1375,Presidente Olegário/MG,1.0
Desastres geo-hidrológicos,60060,Gestão de resíduos e limpeza pública,2015,,Presente,veryhigh,Muito alto,#02C650,4908,Presidente Prudente/SP,1.0
Desastres geo-hidrológicos,60060,Gestão de resíduos e limpeza pública,2015,,Presente,veryhigh,Muito alto,#02C650,642,Primavera do Leste/MT,1.0
Desastres geo-hidrológicos,60060,Gestão de resíduos e limpeza pública,2015,,Presente,veryhigh,Muito alto,#02C650,4330,Primavera/PE,1.0
Desastres geo-hidrológicos,60060,Gestão de resíduos e limpeza pública,2015,,Presente,veryhigh,Muito alto,#02C650,3341,Primeira Cruz/MA,1.0
Desastres geo-hidrológicos,60060,Gestão de resíduos e limpeza pública,2015,,Presente,veryhigh,Muito alto,#02C650,2779,Professor Jamil/GO,1.0
Desastres geo-hidrológicos,60060,Gestão de resíduos e limpeza pública,2015,,Presente,veryhigh,Muito alto,#02C650,386,Progresso/RS,1.0
Desastres geo-hidrológicos,60060,Gestão de resíduos e limpeza pública,2015,,Presente,veryhigh,Muito alto,#02C650,2211,Promissão/SP,1.0
Desastres geo-hidrológicos,60060,Gestão de resíduos e limpeza pública,2015,,Presente,veryhigh,Muito alto,#02C650,387,Protásio Alves/RS,1.0
Desastres geo-hidrológicos,60060,Gestão de resíduos e limpeza pública,2015,,Presente,veryhigh,Muito alto,#02C650,1377,Prudente de Morais/MG,1.0
Desastres geo-hidrológicos,60060,Gestão de resíduos e limpeza pública,2015,,Presente,veryhigh,Muito alto,#02C650,5392,Prudentópolis/PR,1.0
Desastres geo-hidrológicos,60060,Gestão de resíduos e limpeza pública,2015,,Presente,veryhigh,Muito alto,#02C650,388,Putinga/RS,1.0
Desastres geo-hidrológicos,60060,Gestão de resíduos e limpeza pública,2015,,Presente,veryhigh,Muito alto,#02C650,2212,Quadra/SP,1.0
Desastres geo-hidrológicos,60060,Gestão de resíduos e limpeza pública,2015,,Presente,veryhigh,Muito alto,#02C650,1378,Quartel Geral/MG,1.0
Desastres geo-hidrológicos,60060,Gestão de resíduos e limpeza pública,2015,,Presente,veryhigh,Muito alto,#02C650,5243,Quarto Centenário/PR,1.0
Desastres geo-hidrológicos,60060,Gestão de resíduos e limpeza pública,2015,,Presente,veryhigh,Muito alto,#02C650,2213,Quatá/SP,1.0
Desastres geo-hidrológicos,60060,Gestão de resíduos e limpeza pública,2015,,Presente,veryhigh,Muito alto,#02C650,5393,Quatiguá/PR,1.0
Desastres geo-hidrológicos,60060,Gestão de resíduos e limpeza pública,2015,,Presente,veryhigh,Muito alto,#02C650,390,Quatro Irmãos/RS,1.0
Desastres geo-hidrológicos,60060,Gestão de resíduos e limpeza pública,2015,,Presente,veryhigh,Muito alto,#02C650,5244,Quatro Pontes/PR,1.0
Desastres geo-hidrológicos,60060,Gestão de resíduos e limpeza pública,2015,,Presente,veryhigh,Muito alto,#02C650,4468,Quebrangulo/AL,1.0
Desastres geo-hidrológicos,60060,Gestão de resíduos e limpeza pública,2015,,Presente,veryhigh,Muito alto,#02C650,5245,Quedas do Iguaçu/PR,1.0
Desastres geo-hidrológicos,60060,Gestão de resíduos e limpeza pública,2015,,Presente,veryhigh,Muito alto,#02C650,3571,Queimada Nova/PI,1.0
Desastres geo-hidrológicos,60060,Gestão de resíduos e limpeza pública,2015,,Presente,veryhigh,Muito alto,#02C650,4785,Queimadas/BA,1.0
Desastres geo-hidrológicos,60060,Gestão de resíduos e limpeza pública,2015,,Presente,veryhigh,Muito alto,#02C650,4133,Queimadas/PB,1.0
Desastres geo-hidrológicos,60060,Gestão de resíduos e limpeza pública,2015,,Presente,veryhigh,Muito alto,#02C650,2214,Queiroz/SP,1.0
Desastres geo-hidrológicos,60060,Gestão de resíduos e limpeza pública,2015,,Presente,veryhigh,Muito alto,#02C650,5246,Querência do Norte/PR,1.0
Desastres geo-hidrológicos,60060,Gestão de resíduos e limpeza pública,2015,,Presente,veryhigh,Muito alto,#02C650,391,Quevedos/RS,1.0
Desastres geo-hidrológicos,60060,Gestão de resíduos e limpeza pública,2015,,Presente,veryhigh,Muito alto,#02C650,99,Quilombo/SC,1.0
Desastres geo-hidrológicos,60060,Gestão de resíduos e limpeza pública,2015,,Presente,veryhigh,Muito alto,#02C650,2216,Quintana/SP,1.0
Desastres geo-hidrológicos,60060,Gestão de resíduos e limpeza pública,2015,,Presente,veryhigh,Muito alto,#02C650,392,Quinze de Novembro/RS,1.0
Desastres geo-hidrológicos,60060,Gestão de resíduos e limpeza pública,2015,,Presente,veryhigh,Muito alto,#02C650,3776,Quixadá/CE,1.0
Desastres geo-hidrológicos,60060,Gestão de resíduos e limpeza pública,2015,,Presente,veryhigh,Muito alto,#02C650,3778,Quixeramobim/CE,1.0
Desastres geo-hidrológicos,60060,Gestão de resíduos e limpeza pública,2015,,Presente,veryhigh,Muito alto,#02C650,3779,Quixeré/CE,1.0
Desastres geo-hidrológicos,60060,Gestão de resíduos e limpeza pública,2015,,Presente,veryhigh,Muito alto,#02C650,2217,Rafard/SP,1.0
Desastres geo-hidrológicos,60060,Gestão de resíduos e limpeza pública,2015,,Presente,veryhigh,Muito alto,#02C650,2510,Rancho Queimado/SC,1.0
Desastres geo-hidrológicos,60060,Gestão de resíduos e limpeza pública,2015,,Presente,veryhigh,Muito alto,#02C650,1381,Raul Soares/MG,1.0
Desastres geo-hidrológicos,60060,Gestão de resíduos e limpeza pública,2015,,Presente,veryhigh,Muito alto,#02C650,5250,Realeza/PR,1.0
Desastres geo-hidrológicos,60060,Gestão de resíduos e limpeza pública,2015,,Presente,veryhigh,Muito alto,#02C650,5397,Rebouças/PR,1.0
Desastres geo-hidrológicos,60060,Gestão de resíduos e limpeza pública,2015,,Presente,veryhigh,Muito alto,#02C650,4333,Recife/PE,1.0
Desastres geo-hidrológicos,60060,Gestão de resíduos e limpeza pública,2015,,Presente,veryhigh,Muito alto,#02C650,3155,Recursolândia/TO,1.0
Desastres geo-hidrológicos,60060,Gestão de resíduos e limpeza pública,2015,,Presente,veryhigh,Muito alto,#02C650,3780,Redenção/CE,1.0
Desastres geo-hidrológicos,60060,Gestão de resíduos e limpeza pública,2015,,Presente,veryhigh,Muito alto,#02C650,2219,Redenção da Serra/SP,1.0
Desastres geo-hidrológicos,60060,Gestão de resíduos e limpeza pública,2015,,Presente,veryhigh,Muito alto,#02C650,3011,Redenção/PA,1.0
Desastres geo-hidrológicos,60060,Gestão de resíduos e limpeza pública,2015,,Presente,veryhigh,Muito alto,#02C650,393,Redentora/RS,1.0
Desastres geo-hidrológicos,60060,Gestão de resíduos e limpeza pública,2015,,Presente,veryhigh,Muito alto,#02C650,2221,Reginópolis/SP,1.0
Desastres geo-hidrológicos,60060,Gestão de resíduos e limpeza pública,2015,,Presente,veryhigh,Muito alto,#02C650,2222,Registro/SP,1.0
Desastres geo-hidrológicos,60060,Gestão de resíduos e limpeza pública,2015,,Presente,veryhigh,Muito alto,#02C650,394,Relvado/RS,1.0
Desastres geo-hidrológicos,60060,Gestão de resíduos e limpeza pública,2015,,Presente,veryhigh,Muito alto,#02C650,4789,Remanso/BA,1.0
Desastres geo-hidrológicos,60060,Gestão de resíduos e limpeza pública,2015,,Presente,veryhigh,Muito alto,#02C650,5251,Renascença/PR,1.0
Desastres geo-hidrológicos,60060,Gestão de resíduos e limpeza pública,2015,,Presente,veryhigh,Muito alto,#02C650,3781,Reriutaba/CE,1.0
Desastres geo-hidrológicos,60060,Gestão de resíduos e limpeza pública,2015,,Presente,veryhigh,Muito alto,#02C650,1384,Resende Costa/MG,1.0
Desastres geo-hidrológicos,60060,Gestão de resíduos e limpeza pública,2015,,Presente,veryhigh,Muito alto,#02C650,1746,Resende/RJ,1.0
Desastres geo-hidrológicos,60060,Gestão de resíduos e limpeza pública,2015,,Presente,veryhigh,Muito alto,#02C650,5252,Reserva do Iguaçu/PR,1.0
Desastres geo-hidrológicos,60060,Gestão de resíduos e limpeza pública,2015,,Presente,veryhigh,Muito alto,#02C650,5398,Reserva/PR,1.0
Desastres geo-hidrológicos,60060,Gestão de resíduos e limpeza pública,2015,,Presente,veryhigh,Muito alto,#02C650,1385,Resplendor/MG,1.0
Desastres geo-hidrológicos,60060,Gestão de resíduos e limpeza pública,2015,,Presente,veryhigh,Muito alto,#02C650,395,Restinga Sêca/RS,1.0
Desastres geo-hidrológicos,60060,Gestão de resíduos e limpeza pública,2015,,Presente,veryhigh,Muito alto,#02C650,2223,Restinga/SP,1.0
Desastres geo-hidrológicos,60060,Gestão de resíduos e limpeza pública,2015,,Presente,veryhigh,Muito alto,#02C650,3343,Riachão/MA,1.0
Desastres geo-hidrológicos,60060,Gestão de resíduos e limpeza pública,2015,,Presente,veryhigh,Muito alto,#02C650,3928,Riacho da Cruz/RN,1.0
Desastres geo-hidrológicos,60060,Gestão de resíduos e limpeza pública,2015,,Presente,veryhigh,Muito alto,#02C650,4140,Riacho de Santo Antônio/PB,1.0
Desastres geo-hidrológicos,60060,Gestão de resíduos e limpeza pública,2015,,Presente,veryhigh,Muito alto,#02C650,3930,Riachuelo/RN,1.0
Desastres geo-hidrológicos,60060,Gestão de resíduos e limpeza pública,2015,,Presente,veryhigh,Muito alto,#02C650,4546,Riachuelo/SE,1.0
Desastres geo-hidrológicos,60060,Gestão de resíduos e limpeza pública,2015,,Presente,veryhigh,Muito alto,#02C650,2781,Rialma/GO,1.0
Desastres geo-hidrológicos,60060,Gestão de resíduos e limpeza pública,2015,,Presente,veryhigh,Muito alto,#02C650,5399,Ribeirão Claro/PR,1.0
Desastres geo-hidrológicos,60060,Gestão de resíduos e limpeza pública,2015,,Presente,veryhigh,Muito alto,#02C650,2227,Ribeirão Corrente/SP,1.0
Desastres geo-hidrológicos,60060,Gestão de resíduos e limpeza pública,2015,,Presente,veryhigh,Muito alto,#02C650,1389,Ribeirão das Neves/MG,1.0
Desastres geo-hidrológicos,60060,Gestão de resíduos e limpeza pública,2015,,Presente,veryhigh,Muito alto,#02C650,5400,Ribeirão do Pinhal/PR,1.0
Desastres geo-hidrológicos,60060,Gestão de resíduos e limpeza pública,2015,,Presente,veryhigh,Muito alto,#02C650,2229,Ribeirão Grande/SP,1.0
Desastres geo-hidrológicos,60060,Gestão de resíduos e limpeza pública,2015,,Presente,veryhigh,Muito alto,#02C650,2230,Ribeirão Pires/SP,1.0
Desastres geo-hidrológicos,60060,Gestão de resíduos e limpeza pública,2015,,Presente,veryhigh,Muito alto,#02C650,2231,Ribeirão Preto/SP,1.0
Desastres geo-hidrológicos,60060,Gestão de resíduos e limpeza pública,2015,,Presente,veryhigh,Muito alto,#02C650,2224,Ribeira/SP,1.0
Desastres geo-hidrológicos,60060,Gestão de resíduos e limpeza pública,2015,,Presente,veryhigh,Muito alto,#02C650,2233,Rifaina/SP,1.0
Desastres geo-hidrológicos,60060,Gestão de resíduos e limpeza pública,2015,,Presente,veryhigh,Muito alto,#02C650,2234,Rincão/SP,1.0
Desastres geo-hidrológicos,60060,Gestão de resíduos e limpeza pública,2015,,Presente,veryhigh,Muito alto,#02C650,2235,Rinópolis/SP,1.0
Desastres geo-hidrológicos,60060,Gestão de resíduos e limpeza pública,2015,,Presente,veryhigh,Muito alto,#02C650,5454,Rio Bom/PR,1.0
Desastres geo-hidrológicos,60060,Gestão de resíduos e limpeza pública,2015,,Presente,veryhigh,Muito alto,#02C650,5253,Rio Bonito do Iguaçu/PR,1.0
Desastres geo-hidrológicos,60060,Gestão de resíduos e limpeza pública,2015,,Presente,veryhigh,Muito alto,#02C650,2835,Rio Branco/AC,1.0
Desastres geo-hidrológicos,60060,Gestão de resíduos e limpeza pública,2015,,Presente,veryhigh,Muito alto,#02C650,5455,Rio Branco do Ivaí/PR,1.0
Desastres geo-hidrológicos,60060,Gestão de resíduos e limpeza pública,2015,,Presente,veryhigh,Muito alto,#02C650,1392,Rio Casca/MG,1.0
Desastres geo-hidrológicos,60060,Gestão de resíduos e limpeza pública,2015,,Presente,veryhigh,Muito alto,#02C650,2236,Rio Claro/SP,1.0
Desastres geo-hidrológicos,60060,Gestão de resíduos e limpeza pública,2015,,Presente,veryhigh,Muito alto,#02C650,2511,Rio das Antas/SC,1.0
Desastres geo-hidrológicos,60060,Gestão de resíduos e limpeza pública,2015,,Presente,veryhigh,Muito alto,#02C650,2237,Rio das Pedras/SP,1.0
Desastres geo-hidrológicos,60060,Gestão de resíduos e limpeza pública,2015,,Presente,veryhigh,Muito alto,#02C650,1751,Rio de Janeiro/RJ,1.0
Desastres geo-hidrológicos,60060,Gestão de resíduos e limpeza pública,2015,,Presente,veryhigh,Muito alto,#02C650,2512,Rio do Campo/SC,1.0
Desastres geo-hidrológicos,60060,Gestão de resíduos e limpeza pública,2015,,Presente,veryhigh,Muito alto,#02C650,1393,Rio Doce/MG,1.0
Desastres geo-hidrológicos,60060,Gestão de resíduos e limpeza pública,2015,,Presente,veryhigh,Muito alto,#02C650,2513,Rio do Oeste/SC,1.0
Desastres geo-hidrológicos,60060,Gestão de resíduos e limpeza pública,2015,,Presente,veryhigh,Muito alto,#02C650,4797,Rio do Pires/BA,1.0
Desastres geo-hidrológicos,60060,Gestão de resíduos e limpeza pública,2015,,Presente,veryhigh,Muito alto,#02C650,396,Rio dos Índios/RS,1.0
Desastres geo-hidrológicos,60060,Gestão de resíduos e limpeza pública,2015,,Presente,veryhigh,Muito alto,#02C650,2515,Rio do Sul/SC,1.0
Desastres geo-hidrológicos,60060,Gestão de resíduos e limpeza pública,2015,,Presente,veryhigh,Muito alto,#02C650,4336,Rio Formoso/PE,1.0
Desastres geo-hidrológicos,60060,Gestão de resíduos e limpeza pública,2015,,Presente,veryhigh,Muito alto,#02C650,2516,Rio Fortuna/SC,1.0
Desastres geo-hidrológicos,60060,Gestão de resíduos e limpeza pública,2015,,Presente,veryhigh,Muito alto,#02C650,2238,Rio Grande da Serra/SP,1.0
Desastres geo-hidrológicos,60060,Gestão de resíduos e limpeza pública,2015,,Presente,veryhigh,Muito alto,#02C650,397,Rio Grande/RS,1.0
Desastres geo-hidrológicos,60060,Gestão de resíduos e limpeza pública,2015,,Presente,veryhigh,Muito alto,#02C650,4469,Rio Largo/AL,1.0
Desastres geo-hidrológicos,60060,Gestão de resíduos e limpeza pública,2015,,Presente,veryhigh,Muito alto,#02C650,1397,Rio Novo/MG,1.0
Desastres geo-hidrológicos,60060,Gestão de resíduos e limpeza pública,2015,,Presente,veryhigh,Muito alto,#02C650,1398,Rio Paranaíba/MG,1.0
Desastres geo-hidrológicos,60060,Gestão de resíduos e limpeza pública,2015,,Presente,veryhigh,Muito alto,#02C650,1401,Rio Pomba/MG,1.0
Desastres geo-hidrológicos,60060,Gestão de resíduos e limpeza pública,2015,,Presente,veryhigh,Muito alto,#02C650,5507,Rio Preto da Eva/AM,1.0
Desastres geo-hidrológicos,60060,Gestão de resíduos e limpeza pública,2015,,Presente,veryhigh,Muito alto,#02C650,1402,Rio Preto/MG,1.0
Desastres geo-hidrológicos,60060,Gestão de resíduos e limpeza pública,2015,,Presente,veryhigh,Muito alto,#02C650,2783,Rio Quente/GO,1.0
Desastres geo-hidrológicos,60060,Gestão de resíduos e limpeza pública,2015,,Presente,veryhigh,Muito alto,#02C650,2518,Rio Rufino/SC,1.0
Desastres geo-hidrológicos,60060,Gestão de resíduos e limpeza pública,2015,,Presente,veryhigh,Muito alto,#02C650,1403,Rio Vermelho/MG,1.0
Desastres geo-hidrológicos,60060,Gestão de resíduos e limpeza pública,2015,,Presente,veryhigh,Muito alto,#02C650,2619,Riozinho/RS,1.0
Desastres geo-hidrológicos,60060,Gestão de resíduos e limpeza pública,2015,,Presente,veryhigh,Muito alto,#02C650,1404,Ritápolis/MG,1.0
Desastres geo-hidrológicos,60060,Gestão de resíduos e limpeza pública,2015,,Presente,veryhigh,Muito alto,#02C650,2232,Riversul/SP,1.0
Desastres geo-hidrológicos,60060,Gestão de resíduos e limpeza pública,2015,,Presente,veryhigh,Muito alto,#02C650,400,Rodeio Bonito/RS,1.0
Desastres geo-hidrológicos,60060,Gestão de resíduos e limpeza pública,2015,,Presente,veryhigh,Muito alto,#02C650,2519,Rodeio/SC,1.0
Desastres geo-hidrológicos,60060,Gestão de resíduos e limpeza pública,2015,,Presente,veryhigh,Muito alto,#02C650,2836,Rodrigues Alves/AC,1.0
Desastres geo-hidrológicos,60060,Gestão de resíduos e limpeza pública,2015,,Presente,veryhigh,Muito alto,#02C650,401,Rolador/RS,1.0
Desastres geo-hidrológicos,60060,Gestão de resíduos e limpeza pública,2015,,Presente,veryhigh,Muito alto,#02C650,5456,Rolândia/PR,1.0
Desastres geo-hidrológicos,60060,Gestão de resíduos e limpeza pública,2015,,Presente,veryhigh,Muito alto,#02C650,2620,Rolante/RS,1.0
Desastres geo-hidrológicos,60060,Gestão de resíduos e limpeza pública,2015,,Presente,veryhigh,Muito alto,#02C650,402,Ronda Alta/RS,1.0
Desastres geo-hidrológicos,60060,Gestão de resíduos e limpeza pública,2015,,Presente,veryhigh,Muito alto,#02C650,403,Rondinha/RS,1.0
Desastres geo-hidrológicos,60060,Gestão de resíduos e limpeza pública,2015,,Presente,veryhigh,Muito alto,#02C650,3013,Rondon do Pará/PA,1.0
Desastres geo-hidrológicos,60060,Gestão de resíduos e limpeza pública,2015,,Presente,veryhigh,Muito alto,#02C650,5255,Rondon/PR,1.0
Desastres geo-hidrológicos,60060,Gestão de resíduos e limpeza pública,2015,,Presente,veryhigh,Muito alto,#02C650,404,Roque Gonzales/RS,1.0
Desastres geo-hidrológicos,60060,Gestão de resíduos e limpeza pública,2015,,Presente,veryhigh,Muito alto,#02C650,19,Rosana/SP,1.0
Desastres geo-hidrológicos,60060,Gestão de resíduos e limpeza pública,2015,,Presente,veryhigh,Muito alto,#02C650,1408,Rosário da Limeira/MG,1.0
Desastres geo-hidrológicos,60060,Gestão de resíduos e limpeza pública,2015,,Presente,veryhigh,Muito alto,#02C650,5404,Rosário do Ivaí/PR,1.0
Desastres geo-hidrológicos,60060,Gestão de resíduos e limpeza pública,2015,,Presente,veryhigh,Muito alto,#02C650,3345,Rosário/MA,1.0
Desastres geo-hidrológicos,60060,Gestão de resíduos e limpeza pública,2015,,Presente,veryhigh,Muito alto,#02C650,4470,Roteiro/AL,1.0
Desastres geo-hidrológicos,60060,Gestão de resíduos e limpeza pública,2015,,Presente,veryhigh,Muito alto,#02C650,1409,Rubelita/MG,1.0
Desastres geo-hidrológicos,60060,Gestão de resíduos e limpeza pública,2015,,Presente,veryhigh,Muito alto,#02C650,2241,Rubiácea/SP,1.0
Desastres geo-hidrológicos,60060,Gestão de resíduos e limpeza pública,2015,,Presente,veryhigh,Muito alto,#02C650,2784,Rubiataba/GO,1.0
Desastres geo-hidrológicos,60060,Gestão de resíduos e limpeza pública,2015,,Presente,veryhigh,Muito alto,#02C650,1410,Rubim/MG,1.0
Desastres geo-hidrológicos,60060,Gestão de resíduos e limpeza pública,2015,,Presente,veryhigh,Muito alto,#02C650,3782,Russas/CE,1.0
Desastres geo-hidrológicos,60060,Gestão de resíduos e limpeza pública,2015,,Presente,veryhigh,Muito alto,#02C650,2243,Sabino/SP,1.0
Desastres geo-hidrológicos,60060,Gestão de resíduos e limpeza pública,2015,,Presente,veryhigh,Muito alto,#02C650,1413,Sacramento/MG,1.0
Desastres geo-hidrológicos,60060,Gestão de resíduos e limpeza pública,2015,,Presente,veryhigh,Muito alto,#02C650,4337,Sairé/PE,1.0
Desastres geo-hidrológicos,60060,Gestão de resíduos e limpeza pública,2015,,Presente,veryhigh,Muito alto,#02C650,407,Saldanha Marinho/RS,1.0
Desastres geo-hidrológicos,60060,Gestão de resíduos e limpeza pública,2015,,Presente,veryhigh,Muito alto,#02C650,2246,Sales Oliveira/SP,1.0
Desastres geo-hidrológicos,60060,Gestão de resíduos e limpeza pública,2015,,Presente,veryhigh,Muito alto,#02C650,2247,Salesópolis/SP,1.0
Desastres geo-hidrológicos,60060,Gestão de resíduos e limpeza pública,2015,,Presente,veryhigh,Muito alto,#02C650,2245,Sales/SP,1.0
Desastres geo-hidrológicos,60060,Gestão de resíduos e limpeza pública,2015,,Presente,veryhigh,Muito alto,#02C650,2520,Salete/SC,1.0
Desastres geo-hidrológicos,60060,Gestão de resíduos e limpeza pública,2015,,Presente,veryhigh,Muito alto,#02C650,4338,Salgadinho/PE,1.0
Desastres geo-hidrológicos,60060,Gestão de resíduos e limpeza pública,2015,,Presente,veryhigh,Muito alto,#02C650,4144,Salgado de São Félix/PB,1.0
Desastres geo-hidrológicos,60060,Gestão de resíduos e limpeza pública,2015,,Presente,veryhigh,Muito alto,#02C650,4549,Salgado/SE,1.0
Desastres geo-hidrológicos,60060,Gestão de resíduos e limpeza pública,2015,,Presente,veryhigh,Muito alto,#02C650,4339,Salgueiro/PE,1.0
Desastres geo-hidrológicos,60060,Gestão de resíduos e limpeza pública,2015,,Presente,veryhigh,Muito alto,#02C650,4801,Salinas da Margarida/BA,1.0
Desastres geo-hidrológicos,60060,Gestão de resíduos e limpeza pública,2015,,Presente,veryhigh,Muito alto,#02C650,1414,Salinas/MG,1.0
Desastres geo-hidrológicos,60060,Gestão de resíduos e limpeza pública,2015,,Presente,veryhigh,Muito alto,#02C650,2248,Salmourão/SP,1.0
Desastres geo-hidrológicos,60060,Gestão de resíduos e limpeza pública,2015,,Presente,veryhigh,Muito alto,#02C650,4340,Saloá/PE,1.0
Desastres geo-hidrológicos,60060,Gestão de resíduos e limpeza pública,2015,,Presente,veryhigh,Muito alto,#02C650,102,Saltinho/SC,1.0
Desastres geo-hidrológicos,60060,Gestão de resíduos e limpeza pública,2015,,Presente,veryhigh,Muito alto,#02C650,2249,Saltinho/SP,1.0
Desastres geo-hidrológicos,60060,Gestão de resíduos e limpeza pública,2015,,Presente,veryhigh,Muito alto,#02C650,2251,Salto de Pirapora/SP,1.0
Desastres geo-hidrológicos,60060,Gestão de resíduos e limpeza pública,2015,,Presente,veryhigh,Muito alto,#02C650,651,Salto do Céu/MT,1.0
Desastres geo-hidrológicos,60060,Gestão de resíduos e limpeza pública,2015,,Presente,veryhigh,Muito alto,#02C650,2252,Salto Grande/SP,1.0
Desastres geo-hidrológicos,60060,Gestão de resíduos e limpeza pública,2015,,Presente,veryhigh,Muito alto,#02C650,2250,Salto/SP,1.0
Desastres geo-hidrológicos,60060,Gestão de resíduos e limpeza pública,2015,,Presente,veryhigh,Muito alto,#02C650,4919,Salto Veloso/SC,1.0
Desastres geo-hidrológicos,60060,Gestão de resíduos e limpeza pública,2015,,Presente,veryhigh,Muito alto,#02C650,3160,Sampaio/TO,1.0
Desastres geo-hidrológicos,60060,Gestão de resíduos e limpeza pública,2015,,Presente,veryhigh,Muito alto,#02C650,2785,Sanclerlândia/GO,1.0
Desastres geo-hidrológicos,60060,Gestão de resíduos e limpeza pública,2015,,Presente,veryhigh,Muito alto,#02C650,20,Sandovalina/SP,1.0
Desastres geo-hidrológicos,60060,Gestão de resíduos e limpeza pública,2015,,Presente,veryhigh,Muito alto,#02C650,2521,Sangão/SC,1.0
Desastres geo-hidrológicos,60060,Gestão de resíduos e limpeza pública,2015,,Presente,veryhigh,Muito alto,#02C650,4341,Sanharó/PE,1.0
Desastres geo-hidrológicos,60060,Gestão de resíduos e limpeza pública,2015,,Presente,veryhigh,Muito alto,#02C650,2253,Santa Adélia/SP,1.0
Desastres geo-hidrológicos,60060,Gestão de resíduos e limpeza pública,2015,,Presente,veryhigh,Muito alto,#02C650,2254,Santa Albertina/SP,1.0
Desastres geo-hidrológicos,60060,Gestão de resíduos e limpeza pública,2015,,Presente,veryhigh,Muito alto,#02C650,2255,Santa Bárbara d'Oeste/SP,1.0
Desastres geo-hidrológicos,60060,Gestão de resíduos e limpeza pública,2015,,Presente,veryhigh,Muito alto,#02C650,1417,Santa Bárbara do Leste/MG,1.0
Desastres geo-hidrológicos,60060,Gestão de resíduos e limpeza pública,2015,,Presente,veryhigh,Muito alto,#02C650,412,Santa Bárbara do Sul/RS,1.0
Desastres geo-hidrológicos,60060,Gestão de resíduos e limpeza pública,2015,,Presente,veryhigh,Muito alto,#02C650,1419,Santa Bárbara do Tugúrio/MG,1.0
Desastres geo-hidrológicos,60060,Gestão de resíduos e limpeza pública,2015,,Presente,veryhigh,Muito alto,#02C650,2922,Santa Carmem/MT,1.0
Desastres geo-hidrológicos,60060,Gestão de resíduos e limpeza pública,2015,,Presente,veryhigh,Muito alto,#02C650,5407,Santa Cecília do Pavão/PR,1.0
Desastres geo-hidrológicos,60060,Gestão de resíduos e limpeza pública,2015,,Presente,veryhigh,Muito alto,#02C650,413,Santa Cecília do Sul/RS,1.0
Desastres geo-hidrológicos,60060,Gestão de resíduos e limpeza pública,2015,,Presente,veryhigh,Muito alto,#02C650,2257,Santa Clara d'Oeste/SP,1.0
Desastres geo-hidrológicos,60060,Gestão de resíduos e limpeza pública,2015,,Presente,veryhigh,Muito alto,#02C650,414,Santa Clara do Sul/RS,1.0
Desastres geo-hidrológicos,60060,Gestão de resíduos e limpeza pública,2015,,Presente,veryhigh,Muito alto,#02C650,2258,Santa Cruz da Conceição/SP,1.0
Desastres geo-hidrológicos,60060,Gestão de resíduos e limpeza pública,2015,,Presente,veryhigh,Muito alto,#02C650,2259,Santa Cruz da Esperança/SP,1.0
Desastres geo-hidrológicos,60060,Gestão de resíduos e limpeza pública,2015,,Presente,veryhigh,Muito alto,#02C650,2260,Santa Cruz das Palmeiras/SP,1.0
Desastres geo-hidrológicos,60060,Gestão de resíduos e limpeza pública,2015,,Presente,veryhigh,Muito alto,#02C650,1420,Santa Cruz de Minas/MG,1.0
Desastres geo-hidrológicos,60060,Gestão de resíduos e limpeza pública,2015,,Presente,veryhigh,Muito alto,#02C650,5259,Santa Cruz de Monte Castelo/PR,1.0
Desastres geo-hidrológicos,60060,Gestão de resíduos e limpeza pública,2015,,Presente,veryhigh,Muito alto,#02C650,415,Santa Cruz do Sul/RS,1.0
Desastres geo-hidrológicos,60060,Gestão de resíduos e limpeza pública,2015,,Presente,veryhigh,Muito alto,#02C650,4146,Santa Cruz/PB,1.0
Desastres geo-hidrológicos,60060,Gestão de resíduos e limpeza pública,2015,,Presente,veryhigh,Muito alto,#02C650,4342,Santa Cruz/PE,1.0
Desastres geo-hidrológicos,60060,Gestão de resíduos e limpeza pública,2015,,Presente,veryhigh,Muito alto,#02C650,3934,Santa Cruz/RN,1.0
Desastres geo-hidrológicos,60060,Gestão de resíduos e limpeza pública,2015,,Presente,veryhigh,Muito alto,#02C650,2262,Santa Ernestina/SP,1.0
Desastres geo-hidrológicos,60060,Gestão de resíduos e limpeza pública,2015,,Presente,veryhigh,Muito alto,#02C650,2263,Santa Fé do Sul/SP,1.0
Desastres geo-hidrológicos,60060,Gestão de resíduos e limpeza pública,2015,,Presente,veryhigh,Muito alto,#02C650,5260,Santa Fé/PR,1.0
Desastres geo-hidrológicos,60060,Gestão de resíduos e limpeza pública,2015,,Presente,veryhigh,Muito alto,#02C650,2264,Santa Gertrudes/SP,1.0
Desastres geo-hidrológicos,60060,Gestão de resíduos e limpeza pública,2015,,Presente,veryhigh,Muito alto,#02C650,2788,Santa Helena de Goiás/GO,1.0
Desastres geo-hidrológicos,60060,Gestão de resíduos e limpeza pública,2015,,Presente,veryhigh,Muito alto,#02C650,4805,Santa Inês/BA,1.0
Desastres geo-hidrológicos,60060,Gestão de resíduos e limpeza pública,2015,,Presente,veryhigh,Muito alto,#02C650,4148,Santa Inês/PB,1.0
Desastres geo-hidrológicos,60060,Gestão de resíduos e limpeza pública,2015,,Presente,veryhigh,Muito alto,#02C650,5262,Santa Inês/PR,1.0
Desastres geo-hidrológicos,60060,Gestão de resíduos e limpeza pública,2015,,Presente,veryhigh,Muito alto,#02C650,5263,Santa Isabel do Ivaí/PR,1.0
Desastres geo-hidrológicos,60060,Gestão de resíduos e limpeza pública,2015,,Presente,veryhigh,Muito alto,#02C650,5508,Santa Isabel do Rio Negro/AM,1.0
Desastres geo-hidrológicos,60060,Gestão de resíduos e limpeza pública,2015,,Presente,veryhigh,Muito alto,#02C650,2265,Santa Isabel/SP,1.0
Desastres geo-hidrológicos,60060,Gestão de resíduos e limpeza pública,2015,,Presente,veryhigh,Muito alto,#02C650,5264,Santa Izabel do Oeste/PR,1.0
Desastres geo-hidrológicos,60060,Gestão de resíduos e limpeza pública,2015,,Presente,veryhigh,Muito alto,#02C650,1426,Santa Juliana/MG,1.0
Desastres geo-hidrológicos,60060,Gestão de resíduos e limpeza pública,2015,,Presente,veryhigh,Muito alto,#02C650,5265,Santa Lúcia/PR,1.0
Desastres geo-hidrológicos,60060,Gestão de resíduos e limpeza pública,2015,,Presente,veryhigh,Muito alto,#02C650,2266,Santa Lúcia/SP,1.0
Desastres geo-hidrológicos,60060,Gestão de resíduos e limpeza pública,2015,,Presente,veryhigh,Muito alto,#02C650,744,Santa Luzia/BA,1.0
Desastres geo-hidrológicos,60060,Gestão de resíduos e limpeza pública,2015,,Presente,veryhigh,Muito alto,#02C650,5541,Santa Luzia D'Oeste/RO,1.0
Desastres geo-hidrológicos,60060,Gestão de resíduos e limpeza pública,2015,,Presente,veryhigh,Muito alto,#02C650,3350,Santa Luzia/MA,1.0
Desastres geo-hidrológicos,60060,Gestão de resíduos e limpeza pública,2015,,Presente,veryhigh,Muito alto,#02C650,1427,Santa Luzia/MG,1.0
Desastres geo-hidrológicos,60060,Gestão de resíduos e limpeza pública,2015,,Presente,veryhigh,Muito alto,#02C650,4149,Santa Luzia/PB,1.0
Desastres geo-hidrológicos,60060,Gestão de resíduos e limpeza pública,2015,,Presente,veryhigh,Muito alto,#02C650,417,Santa Margarida do Sul/RS,1.0
Desastres geo-hidrológicos,60060,Gestão de resíduos e limpeza pública,2015,,Presente,veryhigh,Muito alto,#02C650,3020,Santa Maria das Barreiras/PA,1.0
Desastres geo-hidrológicos,60060,Gestão de resíduos e limpeza pública,2015,,Presente,veryhigh,Muito alto,#02C650,2267,Santa Maria da Serra/SP,1.0
Desastres geo-hidrológicos,60060,Gestão de resíduos e limpeza pública,2015,,Presente,veryhigh,Muito alto,#02C650,4807,Santa Maria da Vitória/BA,1.0
Desastres geo-hidrológicos,60060,Gestão de resíduos e limpeza pública,2015,,Presente,veryhigh,Muito alto,#02C650,1668,Santa Maria de Jetibá/ES,1.0
Desastres geo-hidrológicos,60060,Gestão de resíduos e limpeza pública,2015,,Presente,veryhigh,Muito alto,#02C650,4347,Santa Maria do Cambucá/PE,1.0
Desastres geo-hidrológicos,60060,Gestão de resíduos e limpeza pública,2015,,Presente,veryhigh,Muito alto,#02C650,5266,Santa Maria do Oeste/PR,1.0
Desastres geo-hidrológicos,60060,Gestão de resíduos e limpeza pública,2015,,Presente,veryhigh,Muito alto,#02C650,1431,Santa Maria do Suaçuí/MG,1.0
Desastres geo-hidrológicos,60060,Gestão de resíduos e limpeza pública,2015,,Presente,veryhigh,Muito alto,#02C650,1752,Santa Maria Madalena/RJ,1.0
Desastres geo-hidrológicos,60060,Gestão de resíduos e limpeza pública,2015,,Presente,veryhigh,Muito alto,#02C650,5408,Santa Mariana/PR,1.0
Desastres geo-hidrológicos,60060,Gestão de resíduos e limpeza pública,2015,,Presente,veryhigh,Muito alto,#02C650,5267,Santa Mônica/PR,1.0
Desastres geo-hidrológicos,60060,Gestão de resíduos e limpeza pública,2015,,Presente,veryhigh,Muito alto,#02C650,5047,Santana/AP,1.0
Desastres geo-hidrológicos,60060,Gestão de resíduos e limpeza pública,2015,,Presente,veryhigh,Muito alto,#02C650,4808,Santana/BA,1.0
Desastres geo-hidrológicos,60060,Gestão de resíduos e limpeza pública,2015,,Presente,veryhigh,Muito alto,#02C650,418,Santana da Boa Vista/RS,1.0
Desastres geo-hidrológicos,60060,Gestão de resíduos e limpeza pública,2015,,Presente,veryhigh,Muito alto,#02C650,1432,Santana da Vargem/MG,1.0
Desastres geo-hidrológicos,60060,Gestão de resíduos e limpeza pública,2015,,Presente,veryhigh,Muito alto,#02C650,1433,Santana de Cataguases/MG,1.0
Desastres geo-hidrológicos,60060,Gestão de resíduos e limpeza pública,2015,,Presente,veryhigh,Muito alto,#02C650,2269,Santana de Parnaíba/SP,1.0
Desastres geo-hidrológicos,60060,Gestão de resíduos e limpeza pública,2015,,Presente,veryhigh,Muito alto,#02C650,3785,Santana do Acaraú/CE,1.0
Desastres geo-hidrológicos,60060,Gestão de resíduos e limpeza pública,2015,,Presente,veryhigh,Muito alto,#02C650,3786,Santana do Cariri/CE,1.0
Desastres geo-hidrológicos,60060,Gestão de resíduos e limpeza pública,2015,,Presente,veryhigh,Muito alto,#02C650,5409,Santana do Itararé/PR,1.0
Desastres geo-hidrológicos,60060,Gestão de resíduos e limpeza pública,2015,,Presente,veryhigh,Muito alto,#02C650,1437,Santana do Jacaré/MG,1.0
Desastres geo-hidrológicos,60060,Gestão de resíduos e limpeza pública,2015,,Presente,veryhigh,Muito alto,#02C650,419,Sant'Ana do Livramento/RS,1.0
Desastres geo-hidrológicos,60060,Gestão de resíduos e limpeza pública,2015,,Presente,veryhigh,Muito alto,#02C650,4551,Santana do São Francisco/SE,1.0
Desastres geo-hidrológicos,60060,Gestão de resíduos e limpeza pública,2015,,Presente,veryhigh,Muito alto,#02C650,3936,Santana do Seridó/RN,1.0
Desastres geo-hidrológicos,60060,Gestão de resíduos e limpeza pública,2015,,Presente,veryhigh,Muito alto,#02C650,4151,Santana dos Garrotes/PB,1.0
Desastres geo-hidrológicos,60060,Gestão de resíduos e limpeza pública,2015,,Presente,veryhigh,Muito alto,#02C650,1441,Santana dos Montes/MG,1.0
Desastres geo-hidrológicos,60060,Gestão de resíduos e limpeza pública,2015,,Presente,veryhigh,Muito alto,#02C650,3352,Santa Quitéria do Maranhão/MA,1.0
Desastres geo-hidrológicos,60060,Gestão de resíduos e limpeza pública,2015,,Presente,veryhigh,Muito alto,#02C650,2879,Santarém/PA,1.0
Desastres geo-hidrológicos,60060,Gestão de resíduos e limpeza pública,2015,,Presente,veryhigh,Muito alto,#02C650,1443,Santa Rita de Jacutinga/MG,1.0
Desastres geo-hidrológicos,60060,Gestão de resíduos e limpeza pública,2015,,Presente,veryhigh,Muito alto,#02C650,668,Santa Rita do Araguaia/GO,1.0
Desastres geo-hidrológicos,60060,Gestão de resíduos e limpeza pública,2015,,Presente,veryhigh,Muito alto,#02C650,2270,Santa Rita d'Oeste/SP,1.0
Desastres geo-hidrológicos,60060,Gestão de resíduos e limpeza pública,2015,,Presente,veryhigh,Muito alto,#02C650,588,Santa Rita do Pardo/MS,1.0
Desastres geo-hidrológicos,60060,Gestão de resíduos e limpeza pública,2015,,Presente,veryhigh,Muito alto,#02C650,2271,Santa Rita do Passa Quatro/SP,1.0
Desastres geo-hidrológicos,60060,Gestão de resíduos e limpeza pública,2015,,Presente,veryhigh,Muito alto,#02C650,1447,Santa Rita do Sapucaí/MG,1.0
Desastres geo-hidrológicos,60060,Gestão de resíduos e limpeza pública,2015,,Presente,veryhigh,Muito alto,#02C650,3164,Santa Rita do Tocantins/TO,1.0
Desastres geo-hidrológicos,60060,Gestão de resíduos e limpeza pública,2015,,Presente,veryhigh,Muito alto,#02C650,3353,Santa Rita/MA,1.0
Desastres geo-hidrológicos,60060,Gestão de resíduos e limpeza pública,2015,,Presente,veryhigh,Muito alto,#02C650,4552,Santa Rosa de Lima/SE,1.0
Desastres geo-hidrológicos,60060,Gestão de resíduos e limpeza pública,2015,,Presente,veryhigh,Muito alto,#02C650,2272,Santa Rosa de Viterbo/SP,1.0
Desastres geo-hidrológicos,60060,Gestão de resíduos e limpeza pública,2015,,Presente,veryhigh,Muito alto,#02C650,2524,Santa Rosa do Sul/SC,1.0
Desastres geo-hidrológicos,60060,Gestão de resíduos e limpeza pública,2015,,Presente,veryhigh,Muito alto,#02C650,3165,Santa Rosa do Tocantins/TO,1.0
Desastres geo-hidrológicos,60060,Gestão de resíduos e limpeza pública,2015,,Presente,veryhigh,Muito alto,#02C650,420,Santa Rosa/RS,1.0
Desastres geo-hidrológicos,60060,Gestão de resíduos e limpeza pública,2015,,Presente,veryhigh,Muito alto,#02C650,2273,Santa Salete/SP,1.0
Desastres geo-hidrológicos,60060,Gestão de resíduos e limpeza pública,2015,,Presente,veryhigh,Muito alto,#02C650,1669,Santa Teresa/ES,1.0
Desastres geo-hidrológicos,60060,Gestão de resíduos e limpeza pública,2015,,Presente,veryhigh,Muito alto,#02C650,5268,Santa Tereza do Oeste/PR,1.0
Desastres geo-hidrológicos,60060,Gestão de resíduos e limpeza pública,2015,,Presente,veryhigh,Muito alto,#02C650,5269,Santa Terezinha de Itaipu/PR,1.0
Desastres geo-hidrológicos,60060,Gestão de resíduos e limpeza pública,2015,,Presente,veryhigh,Muito alto,#02C650,3167,Santa Terezinha do Tocantins/TO,1.0
Desastres geo-hidrológicos,60060,Gestão de resíduos e limpeza pública,2015,,Presente,veryhigh,Muito alto,#02C650,2525,Santa Terezinha/SC,1.0
Desastres geo-hidrológicos,60060,Gestão de resíduos e limpeza pública,2015,,Presente,veryhigh,Muito alto,#02C650,422,Santa Vitória do Palmar/RS,1.0
Desastres geo-hidrológicos,60060,Gestão de resíduos e limpeza pública,2015,,Presente,veryhigh,Muito alto,#02C650,1449,Santa Vitória/MG,1.0
Desastres geo-hidrológicos,60060,Gestão de resíduos e limpeza pública,2015,,Presente,veryhigh,Muito alto,#02C650,105,Santiago do Sul/SC,1.0
Desastres geo-hidrológicos,60060,Gestão de resíduos e limpeza pública,2015,,Presente,veryhigh,Muito alto,#02C650,423,Santiago/RS,1.0
Desastres geo-hidrológicos,60060,Gestão de resíduos e limpeza pública,2015,,Presente,veryhigh,Muito alto,#02C650,2526,Santo Amaro da Imperatriz/SC,1.0
Desastres geo-hidrológicos,60060,Gestão de resíduos e limpeza pública,2015,,Presente,veryhigh,Muito alto,#02C650,4553,Santo Amaro das Brotas/SE,1.0
Desastres geo-hidrológicos,60060,Gestão de resíduos e limpeza pública,2015,,Presente,veryhigh,Muito alto,#02C650,22,Santo Anastácio/SP,1.0
Desastres geo-hidrológicos,60060,Gestão de resíduos e limpeza pública,2015,,Presente,veryhigh,Muito alto,#02C650,2274,Santo André/SP,1.0
Desastres geo-hidrológicos,60060,Gestão de resíduos e limpeza pública,2015,,Presente,veryhigh,Muito alto,#02C650,424,Santo Ângelo/RS,1.0
Desastres geo-hidrológicos,60060,Gestão de resíduos e limpeza pública,2015,,Presente,veryhigh,Muito alto,#02C650,2275,Santo Antônio da Alegria/SP,1.0
Desastres geo-hidrológicos,60060,Gestão de resíduos e limpeza pública,2015,,Presente,veryhigh,Muito alto,#02C650,2622,Santo Antônio da Patrulha/RS,1.0
Desastres geo-hidrológicos,60060,Gestão de resíduos e limpeza pública,2015,,Presente,veryhigh,Muito alto,#02C650,5410,Santo Antônio da Platina/PR,1.0
Desastres geo-hidrológicos,60060,Gestão de resíduos e limpeza pública,2015,,Presente,veryhigh,Muito alto,#02C650,1450,Santo Antônio do Amparo/MG,1.0
Desastres geo-hidrológicos,60060,Gestão de resíduos e limpeza pública,2015,,Presente,veryhigh,Muito alto,#02C650,2277,Santo Antônio do Aracanguá/SP,1.0
Desastres geo-hidrológicos,60060,Gestão de resíduos e limpeza pública,2015,,Presente,veryhigh,Muito alto,#02C650,1452,Santo Antônio do Grama/MG,1.0
Desastres geo-hidrológicos,60060,Gestão de resíduos e limpeza pública,2015,,Presente,veryhigh,Muito alto,#02C650,1453,Santo Antônio do Itambé/MG,1.0
Desastres geo-hidrológicos,60060,Gestão de resíduos e limpeza pública,2015,,Presente,veryhigh,Muito alto,#02C650,1454,Santo Antônio do Jacinto/MG,1.0
Desastres geo-hidrológicos,60060,Gestão de resíduos e limpeza pública,2015,,Presente,veryhigh,Muito alto,#02C650,2278,Santo Antônio do Jardim/SP,1.0
Desastres geo-hidrológicos,60060,Gestão de resíduos e limpeza pública,2015,,Presente,veryhigh,Muito alto,#02C650,1455,Santo Antônio do Monte/MG,1.0
Desastres geo-hidrológicos,60060,Gestão de resíduos e limpeza pública,2015,,Presente,veryhigh,Muito alto,#02C650,5411,Santo Antônio do Paraíso/PR,1.0
Desastres geo-hidrológicos,60060,Gestão de resíduos e limpeza pública,2015,,Presente,veryhigh,Muito alto,#02C650,2279,Santo Antônio do Pinhal/SP,1.0
Desastres geo-hidrológicos,60060,Gestão de resíduos e limpeza pública,2015,,Presente,veryhigh,Muito alto,#02C650,427,Santo Antônio do Planalto/RS,1.0
Desastres geo-hidrológicos,60060,Gestão de resíduos e limpeza pública,2015,,Presente,veryhigh,Muito alto,#02C650,1457,Santo Antônio do Rio Abaixo/MG,1.0
Desastres geo-hidrológicos,60060,Gestão de resíduos e limpeza pública,2015,,Presente,veryhigh,Muito alto,#02C650,5271,Santo Antônio do Sudoeste/PR,1.0
Desastres geo-hidrológicos,60060,Gestão de resíduos e limpeza pública,2015,,Presente,veryhigh,Muito alto,#02C650,429,Santo Cristo/RS,1.0
Desastres geo-hidrológicos,60060,Gestão de resíduos e limpeza pública,2015,,Presente,veryhigh,Muito alto,#02C650,4814,Santo Estêvão/BA,1.0
Desastres geo-hidrológicos,60060,Gestão de resíduos e limpeza pública,2015,,Presente,veryhigh,Muito alto,#02C650,4909,Santo Expedito/SP,1.0
Desastres geo-hidrológicos,60060,Gestão de resíduos e limpeza pública,2015,,Presente,veryhigh,Muito alto,#02C650,2280,Santópolis do Aguapeí/SP,1.0
Desastres geo-hidrológicos,60060,Gestão de resíduos e limpeza pública,2015,,Presente,veryhigh,Muito alto,#02C650,2281,Santos/SP,1.0
Desastres geo-hidrológicos,60060,Gestão de resíduos e limpeza pública,2015,,Presente,veryhigh,Muito alto,#02C650,4349,São Benedito do Sul/PE,1.0
Desastres geo-hidrológicos,60060,Gestão de resíduos e limpeza pública,2015,,Presente,veryhigh,Muito alto,#02C650,1460,São Bento Abade/MG,1.0
Desastres geo-hidrológicos,60060,Gestão de resíduos e limpeza pública,2015,,Presente,veryhigh,Muito alto,#02C650,2527,São Bento do Sul/SC,1.0
Desastres geo-hidrológicos,60060,Gestão de resíduos e limpeza pública,2015,,Presente,veryhigh,Muito alto,#02C650,4350,São Bento do Una/PE,1.0
Desastres geo-hidrológicos,60060,Gestão de resíduos e limpeza pública,2015,,Presente,veryhigh,Muito alto,#02C650,106,São Bernardino/SC,1.0
Desastres geo-hidrológicos,60060,Gestão de resíduos e limpeza pública,2015,,Presente,veryhigh,Muito alto,#02C650,2283,São Bernardo do Campo/SP,1.0
Desastres geo-hidrológicos,60060,Gestão de resíduos e limpeza pública,2015,,Presente,veryhigh,Muito alto,#02C650,1461,São Brás do Suaçuí/MG,1.0
Desastres geo-hidrológicos,60060,Gestão de resíduos e limpeza pública,2015,,Presente,veryhigh,Muito alto,#02C650,2284,São Caetano do Sul/SP,1.0
Desastres geo-hidrológicos,60060,Gestão de resíduos e limpeza pública,2015,,Presente,veryhigh,Muito alto,#02C650,4351,São Caitano/PE,1.0
Desastres geo-hidrológicos,60060,Gestão de resíduos e limpeza pública,2015,,Presente,veryhigh,Muito alto,#02C650,107,São Carlos/SC,1.0
Desastres geo-hidrológicos,60060,Gestão de resíduos e limpeza pública,2015,,Presente,veryhigh,Muito alto,#02C650,2529,São Cristóvão do Sul/SC,1.0
Desastres geo-hidrológicos,60060,Gestão de resíduos e limpeza pública,2015,,Presente,veryhigh,Muito alto,#02C650,4554,São Cristóvão/SE,1.0
Desastres geo-hidrológicos,60060,Gestão de resíduos e limpeza pública,2015,,Presente,veryhigh,Muito alto,#02C650,1462,São Domingos das Dores/MG,1.0
Desastres geo-hidrológicos,60060,Gestão de resíduos e limpeza pública,2015,,Presente,veryhigh,Muito alto,#02C650,4158,São Domingos do Cariri/PB,1.0
Desastres geo-hidrológicos,60060,Gestão de resíduos e limpeza pública,2015,,Presente,veryhigh,Muito alto,#02C650,1670,São Domingos do Norte/ES,1.0
Desastres geo-hidrológicos,60060,Gestão de resíduos e limpeza pública,2015,,Presente,veryhigh,Muito alto,#02C650,432,São Domingos do Sul/RS,1.0
Desastres geo-hidrológicos,60060,Gestão de resíduos e limpeza pública,2015,,Presente,veryhigh,Muito alto,#02C650,4159,São Domingos/PB,1.0
Desastres geo-hidrológicos,60060,Gestão de resíduos e limpeza pública,2015,,Presente,veryhigh,Muito alto,#02C650,1464,São Félix de Minas/MG,1.0
Desastres geo-hidrológicos,60060,Gestão de resíduos e limpeza pública,2015,,Presente,veryhigh,Muito alto,#02C650,3588,São Félix do Piauí/PI,1.0
Desastres geo-hidrológicos,60060,Gestão de resíduos e limpeza pública,2015,,Presente,veryhigh,Muito alto,#02C650,5036,São Félix do Xingu/PA,1.0
Desastres geo-hidrológicos,60060,Gestão de resíduos e limpeza pública,2015,,Presente,veryhigh,Muito alto,#02C650,3940,São Fernando/RN,1.0
Desastres geo-hidrológicos,60060,Gestão de resíduos e limpeza pública,2015,,Presente,veryhigh,Muito alto,#02C650,433,São Francisco de Assis/RS,1.0
Desastres geo-hidrológicos,60060,Gestão de resíduos e limpeza pública,2015,,Presente,veryhigh,Muito alto,#02C650,2795,São Francisco de Goiás/GO,1.0
Desastres geo-hidrológicos,60060,Gestão de resíduos e limpeza pública,2015,,Presente,veryhigh,Muito alto,#02C650,2623,São Francisco de Paula/RS,1.0
Desastres geo-hidrológicos,60060,Gestão de resíduos e limpeza pública,2015,,Presente,veryhigh,Muito alto,#02C650,4820,São Francisco do Conde/BA,1.0
Desastres geo-hidrológicos,60060,Gestão de resíduos e limpeza pública,2015,,Presente,veryhigh,Muito alto,#02C650,1468,São Francisco do Glória/MG,1.0
Desastres geo-hidrológicos,60060,Gestão de resíduos e limpeza pública,2015,,Presente,veryhigh,Muito alto,#02C650,2530,São Francisco do Sul/SC,1.0
Desastres geo-hidrológicos,60060,Gestão de resíduos e limpeza pública,2015,,Presente,veryhigh,Muito alto,#02C650,4160,São Francisco/PB,1.0
Desastres geo-hidrológicos,60060,Gestão de resíduos e limpeza pública,2015,,Presente,veryhigh,Muito alto,#02C650,2286,São Francisco/SP,1.0
Desastres geo-hidrológicos,60060,Gestão de resíduos e limpeza pública,2015,,Presente,veryhigh,Muito alto,#02C650,1671,São Gabriel da Palha/ES,1.0
Desastres geo-hidrológicos,60060,Gestão de resíduos e limpeza pública,2015,,Presente,veryhigh,Muito alto,#02C650,589,São Gabriel do Oeste/MS,1.0
Desastres geo-hidrológicos,60060,Gestão de resíduos e limpeza pública,2015,,Presente,veryhigh,Muito alto,#02C650,1472,São Gonçalo do Abaeté/MG,1.0
Desastres geo-hidrológicos,60060,Gestão de resíduos e limpeza pública,2015,,Presente,veryhigh,Muito alto,#02C650,3942,São Gonçalo do Amarante/RN,1.0
Desastres geo-hidrológicos,60060,Gestão de resíduos e limpeza pública,2015,,Presente,veryhigh,Muito alto,#02C650,3592,São Gonçalo do Piauí/PI,1.0
Desastres geo-hidrológicos,60060,Gestão de resíduos e limpeza pública,2015,,Presente,veryhigh,Muito alto,#02C650,1475,São Gonçalo do Sapucaí/MG,1.0
Desastres geo-hidrológicos,60060,Gestão de resíduos e limpeza pública,2015,,Presente,veryhigh,Muito alto,#02C650,4822,São Gonçalo dos Campos/BA,1.0
Desastres geo-hidrológicos,60060,Gestão de resíduos e limpeza pública,2015,,Presente,veryhigh,Muito alto,#02C650,1756,São Gonçalo/RJ,1.0
Desastres geo-hidrológicos,60060,Gestão de resíduos e limpeza pública,2015,,Presente,veryhigh,Muito alto,#02C650,5412,São Jerônimo da Serra/PR,1.0
Desastres geo-hidrológicos,60060,Gestão de resíduos e limpeza pública,2015,,Presente,veryhigh,Muito alto,#02C650,435,São Jerônimo/RS,1.0
Desastres geo-hidrológicos,60060,Gestão de resíduos e limpeza pública,2015,,Presente,veryhigh,Muito alto,#02C650,1477,São João Batista do Glória/MG,1.0
Desastres geo-hidrológicos,60060,Gestão de resíduos e limpeza pública,2015,,Presente,veryhigh,Muito alto,#02C650,2287,São João da Boa Vista/SP,1.0
Desastres geo-hidrológicos,60060,Gestão de resíduos e limpeza pública,2015,,Presente,veryhigh,Muito alto,#02C650,3593,São João da Canabrava/PI,1.0
Desastres geo-hidrológicos,60060,Gestão de resíduos e limpeza pública,2015,,Presente,veryhigh,Muito alto,#02C650,5026,São João d'Aliança/GO,1.0
Desastres geo-hidrológicos,60060,Gestão de resíduos e limpeza pública,2015,,Presente,veryhigh,Muito alto,#02C650,1479,São João da Mata/MG,1.0
Desastres geo-hidrológicos,60060,Gestão de resíduos e limpeza pública,2015,,Presente,veryhigh,Muito alto,#02C650,2288,São João das Duas Pontes/SP,1.0
Desastres geo-hidrológicos,60060,Gestão de resíduos e limpeza pública,2015,,Presente,veryhigh,Muito alto,#02C650,436,São João da Urtiga/RS,1.0
Desastres geo-hidrológicos,60060,Gestão de resíduos e limpeza pública,2015,,Presente,veryhigh,Muito alto,#02C650,2289,São João de Iracema/SP,1.0
Desastres geo-hidrológicos,60060,Gestão de resíduos e limpeza pública,2015,,Presente,veryhigh,Muito alto,#02C650,1482,São João del Rei/MG,1.0
Desastres geo-hidrológicos,60060,Gestão de resíduos e limpeza pública,2015,,Presente,veryhigh,Muito alto,#02C650,3031,São João de Pirabas/PA,1.0
Desastres geo-hidrológicos,60060,Gestão de resíduos e limpeza pública,2015,,Presente,veryhigh,Muito alto,#02C650,5275,São João do Caiuá/PR,1.0
Desastres geo-hidrológicos,60060,Gestão de resíduos e limpeza pública,2015,,Presente,veryhigh,Muito alto,#02C650,2532,São João do Itaperiú/SC,1.0
Desastres geo-hidrológicos,60060,Gestão de resíduos e limpeza pública,2015,,Presente,veryhigh,Muito alto,#02C650,5276,São João do Ivaí/PR,1.0
Desastres geo-hidrológicos,60060,Gestão de resíduos e limpeza pública,2015,,Presente,veryhigh,Muito alto,#02C650,3790,São João do Jaguaribe/CE,1.0
Desastres geo-hidrológicos,60060,Gestão de resíduos e limpeza pública,2015,,Presente,veryhigh,Muito alto,#02C650,1486,São João do Pacuí/MG,1.0
Desastres geo-hidrológicos,60060,Gestão de resíduos e limpeza pública,2015,,Presente,veryhigh,Muito alto,#02C650,23,São João do Pau d'Alho/SP,1.0
Desastres geo-hidrológicos,60060,Gestão de resíduos e limpeza pública,2015,,Presente,veryhigh,Muito alto,#02C650,437,São João do Polêsine/RS,1.0
Desastres geo-hidrológicos,60060,Gestão de resíduos e limpeza pública,2015,,Presente,veryhigh,Muito alto,#02C650,3987,São João do Rio do Peixe/PB,1.0
Desastres geo-hidrológicos,60060,Gestão de resíduos e limpeza pública,2015,,Presente,veryhigh,Muito alto,#02C650,3368,São João do Soter/MA,1.0
Desastres geo-hidrológicos,60060,Gestão de resíduos e limpeza pública,2015,,Presente,veryhigh,Muito alto,#02C650,2533,São João do Sul/SC,1.0
Desastres geo-hidrológicos,60060,Gestão de resíduos e limpeza pública,2015,,Presente,veryhigh,Muito alto,#02C650,4162,São João do Tigre/PB,1.0
Desastres geo-hidrológicos,60060,Gestão de resíduos e limpeza pública,2015,,Presente,veryhigh,Muito alto,#02C650,1488,São João Evangelista/MG,1.0
Desastres geo-hidrológicos,60060,Gestão de resíduos e limpeza pública,2015,,Presente,veryhigh,Muito alto,#02C650,1489,São João Nepomuceno/MG,1.0
Desastres geo-hidrológicos,60060,Gestão de resíduos e limpeza pública,2015,,Presente,veryhigh,Muito alto,#02C650,5274,São João/PR,1.0
Desastres geo-hidrológicos,60060,Gestão de resíduos e limpeza pública,2015,,Presente,veryhigh,Muito alto,#02C650,2290,São Joaquim da Barra/SP,1.0
Desastres geo-hidrológicos,60060,Gestão de resíduos e limpeza pública,2015,,Presente,veryhigh,Muito alto,#02C650,1490,São Joaquim de Bicas/MG,1.0
Desastres geo-hidrológicos,60060,Gestão de resíduos e limpeza pública,2015,,Presente,veryhigh,Muito alto,#02C650,4353,São Joaquim do Monte/PE,1.0
Desastres geo-hidrológicos,60060,Gestão de resíduos e limpeza pública,2015,,Presente,veryhigh,Muito alto,#02C650,2534,São Joaquim/SC,1.0
Desastres geo-hidrológicos,60060,Gestão de resíduos e limpeza pública,2015,,Presente,veryhigh,Muito alto,#02C650,5277,São Jorge d'Oeste/PR,1.0
Desastres geo-hidrológicos,60060,Gestão de resíduos e limpeza pública,2015,,Presente,veryhigh,Muito alto,#02C650,5278,São Jorge do Ivaí/PR,1.0
Desastres geo-hidrológicos,60060,Gestão de resíduos e limpeza pública,2015,,Presente,veryhigh,Muito alto,#02C650,2291,São José da Bela Vista/SP,1.0
Desastres geo-hidrológicos,60060,Gestão de resíduos e limpeza pública,2015,,Presente,veryhigh,Muito alto,#02C650,5414,São José da Boa Vista/PR,1.0
Desastres geo-hidrológicos,60060,Gestão de resíduos e limpeza pública,2015,,Presente,veryhigh,Muito alto,#02C650,4163,São José da Lagoa Tapada/PB,1.0
Desastres geo-hidrológicos,60060,Gestão de resíduos e limpeza pública,2015,,Presente,veryhigh,Muito alto,#02C650,4475,São José da Laje/AL,1.0
Desastres geo-hidrológicos,60060,Gestão de resíduos e limpeza pública,2015,,Presente,veryhigh,Muito alto,#02C650,439,São José das Missões/RS,1.0
Desastres geo-hidrológicos,60060,Gestão de resíduos e limpeza pública,2015,,Presente,veryhigh,Muito alto,#02C650,5280,São José das Palmeiras/PR,1.0
Desastres geo-hidrológicos,60060,Gestão de resíduos e limpeza pública,2015,,Presente,veryhigh,Muito alto,#02C650,1494,São José da Varginha/MG,1.0
Desastres geo-hidrológicos,60060,Gestão de resíduos e limpeza pública,2015,,Presente,veryhigh,Muito alto,#02C650,4165,São José de Espinharas/PB,1.0
Desastres geo-hidrológicos,60060,Gestão de resíduos e limpeza pública,2015,,Presente,veryhigh,Muito alto,#02C650,4168,São José de Princesa/PB,1.0
Desastres geo-hidrológicos,60060,Gestão de resíduos e limpeza pública,2015,,Presente,veryhigh,Muito alto,#02C650,3370,São José de Ribamar/MA,1.0
Desastres geo-hidrológicos,60060,Gestão de resíduos e limpeza pública,2015,,Presente,veryhigh,Muito alto,#02C650,1495,São José do Alegre/MG,1.0
Desastres geo-hidrológicos,60060,Gestão de resíduos e limpeza pública,2015,,Presente,veryhigh,Muito alto,#02C650,2292,São José do Barreiro/SP,1.0
Desastres geo-hidrológicos,60060,Gestão de resíduos e limpeza pública,2015,,Presente,veryhigh,Muito alto,#02C650,1672,São José do Calçado/ES,1.0
Desastres geo-hidrológicos,60060,Gestão de resíduos e limpeza pública,2015,,Presente,veryhigh,Muito alto,#02C650,110,São José do Cedro/SC,1.0
Desastres geo-hidrológicos,60060,Gestão de resíduos e limpeza pública,2015,,Presente,veryhigh,Muito alto,#02C650,2536,São José do Cerrito/SC,1.0
Desastres geo-hidrológicos,60060,Gestão de resíduos e limpeza pública,2015,,Presente,veryhigh,Muito alto,#02C650,1496,São José do Divino/MG,1.0
Desastres geo-hidrológicos,60060,Gestão de resíduos e limpeza pública,2015,,Presente,veryhigh,Muito alto,#02C650,1497,São José do Goiabal/MG,1.0
Desastres geo-hidrológicos,60060,Gestão de resíduos e limpeza pública,2015,,Presente,veryhigh,Muito alto,#02C650,440,São José do Herval/RS,1.0
Desastres geo-hidrológicos,60060,Gestão de resíduos e limpeza pública,2015,,Presente,veryhigh,Muito alto,#02C650,441,São José do Inhacorá/RS,1.0
Desastres geo-hidrológicos,60060,Gestão de resíduos e limpeza pública,2015,,Presente,veryhigh,Muito alto,#02C650,1498,São José do Jacuri/MG,1.0
Desastres geo-hidrológicos,60060,Gestão de resíduos e limpeza pública,2015,,Presente,veryhigh,Muito alto,#02C650,442,São José do Ouro/RS,1.0
Desastres geo-hidrológicos,60060,Gestão de resíduos e limpeza pública,2015,,Presente,veryhigh,Muito alto,#02C650,3601,São José do Piauí/PI,1.0
Desastres geo-hidrológicos,60060,Gestão de resíduos e limpeza pública,2015,,Presente,veryhigh,Muito alto,#02C650,2293,São José do Rio Pardo/SP,1.0
Desastres geo-hidrológicos,60060,Gestão de resíduos e limpeza pública,2015,,Presente,veryhigh,Muito alto,#02C650,2294,São José do Rio Preto/SP,1.0
Desastres geo-hidrológicos,60060,Gestão de resíduos e limpeza pública,2015,,Presente,veryhigh,Muito alto,#02C650,3371,São José dos Basílios/MA,1.0
Desastres geo-hidrológicos,60060,Gestão de resíduos e limpeza pública,2015,,Presente,veryhigh,Muito alto,#02C650,2295,São José dos Campos/SP,1.0
Desastres geo-hidrológicos,60060,Gestão de resíduos e limpeza pública,2015,,Presente,veryhigh,Muito alto,#02C650,5415,São José dos Pinhais/PR,1.0
Desastres geo-hidrológicos,60060,Gestão de resíduos e limpeza pública,2015,,Presente,veryhigh,Muito alto,#02C650,643,São José dos Quatro Marcos/MT,1.0
Desastres geo-hidrológicos,60060,Gestão de resíduos e limpeza pública,2015,,Presente,veryhigh,Muito alto,#02C650,2535,São José/SC,1.0
Desastres geo-hidrológicos,60060,Gestão de resíduos e limpeza pública,2015,,Presente,veryhigh,Muito alto,#02C650,2296,São Lourenço da Serra/SP,1.0
Desastres geo-hidrológicos,60060,Gestão de resíduos e limpeza pública,2015,,Presente,veryhigh,Muito alto,#02C650,111,São Lourenço do Oeste/SC,1.0
Desastres geo-hidrológicos,60060,Gestão de resíduos e limpeza pública,2015,,Presente,veryhigh,Muito alto,#02C650,444,São Lourenço do Sul/RS,1.0
Desastres geo-hidrológicos,60060,Gestão de resíduos e limpeza pública,2015,,Presente,veryhigh,Muito alto,#02C650,1500,São Lourenço/MG,1.0
Desastres geo-hidrológicos,60060,Gestão de resíduos e limpeza pública,2015,,Presente,veryhigh,Muito alto,#02C650,2797,São Luís de Montes Belos/GO,1.0
Desastres geo-hidrológicos,60060,Gestão de resíduos e limpeza pública,2015,,Presente,veryhigh,Muito alto,#02C650,3372,São Luís/MA,1.0
Desastres geo-hidrológicos,60060,Gestão de resíduos e limpeza pública,2015,,Presente,veryhigh,Muito alto,#02C650,2297,São Luiz do Paraitinga/SP,1.0
Desastres geo-hidrológicos,60060,Gestão de resíduos e limpeza pública,2015,,Presente,veryhigh,Muito alto,#02C650,5281,São Manoel do Paraná/PR,1.0
Desastres geo-hidrológicos,60060,Gestão de resíduos e limpeza pública,2015,,Presente,veryhigh,Muito alto,#02C650,2298,São Manuel/SP,1.0
Desastres geo-hidrológicos,60060,Gestão de resíduos e limpeza pública,2015,,Presente,veryhigh,Muito alto,#02C650,447,São Martinho da Serra/RS,1.0
Desastres geo-hidrológicos,60060,Gestão de resíduos e limpeza pública,2015,,Presente,veryhigh,Muito alto,#02C650,446,São Martinho/RS,1.0
Desastres geo-hidrológicos,60060,Gestão de resíduos e limpeza pública,2015,,Presente,veryhigh,Muito alto,#02C650,5416,São Mateus do Sul/PR,1.0
Desastres geo-hidrológicos,60060,Gestão de resíduos e limpeza pública,2015,,Presente,veryhigh,Muito alto,#02C650,1673,São Mateus/ES,1.0
Desastres geo-hidrológicos,60060,Gestão de resíduos e limpeza pública,2015,,Presente,veryhigh,Muito alto,#02C650,2299,São Miguel Arcanjo/SP,1.0
Desastres geo-hidrológicos,60060,Gestão de resíduos e limpeza pública,2015,,Presente,veryhigh,Muito alto,#02C650,3605,São Miguel da Baixa Grande/PI,1.0
Desastres geo-hidrológicos,60060,Gestão de resíduos e limpeza pública,2015,,Presente,veryhigh,Muito alto,#02C650,4557,São Miguel do Aleixo/SE,1.0
Desastres geo-hidrológicos,60060,Gestão de resíduos e limpeza pública,2015,,Presente,veryhigh,Muito alto,#02C650,3033,São Miguel do Guamá/PA,1.0
Desastres geo-hidrológicos,60060,Gestão de resíduos e limpeza pública,2015,,Presente,veryhigh,Muito alto,#02C650,5282,São Miguel do Iguaçu/PR,1.0
Desastres geo-hidrológicos,60060,Gestão de resíduos e limpeza pública,2015,,Presente,veryhigh,Muito alto,#02C650,113,São Miguel do Oeste/SC,1.0
Desastres geo-hidrológicos,60060,Gestão de resíduos e limpeza pública,2015,,Presente,veryhigh,Muito alto,#02C650,4478,São Miguel dos Campos/AL,1.0
Desastres geo-hidrológicos,60060,Gestão de resíduos e limpeza pública,2015,,Presente,veryhigh,Muito alto,#02C650,3170,São Miguel do Tocantins/TO,1.0
Desastres geo-hidrológicos,60060,Gestão de resíduos e limpeza pública,2015,,Presente,veryhigh,Muito alto,#02C650,449,São Nicolau/RS,1.0
Desastres geo-hidrológicos,60060,Gestão de resíduos e limpeza pública,2015,,Presente,veryhigh,Muito alto,#02C650,450,São Paulo das Missões/RS,1.0
Desastres geo-hidrológicos,60060,Gestão de resíduos e limpeza pública,2015,,Presente,veryhigh,Muito alto,#02C650,5511,São Paulo de Olivença/AM,1.0
Desastres geo-hidrológicos,60060,Gestão de resíduos e limpeza pública,2015,,Presente,veryhigh,Muito alto,#02C650,2300,São Paulo/SP,1.0
Desastres geo-hidrológicos,60060,Gestão de resíduos e limpeza pública,2015,,Presente,veryhigh,Muito alto,#02C650,1761,São Pedro da Aldeia/RJ,1.0
Desastres geo-hidrológicos,60060,Gestão de resíduos e limpeza pública,2015,,Presente,veryhigh,Muito alto,#02C650,649,São Pedro da Cipa/MT,1.0
Desastres geo-hidrológicos,60060,Gestão de resíduos e limpeza pública,2015,,Presente,veryhigh,Muito alto,#02C650,452,São Pedro das Missões/RS,1.0
Desastres geo-hidrológicos,60060,Gestão de resíduos e limpeza pública,2015,,Presente,veryhigh,Muito alto,#02C650,1502,São Pedro da União/MG,1.0
Desastres geo-hidrológicos,60060,Gestão de resíduos e limpeza pública,2015,,Presente,veryhigh,Muito alto,#02C650,453,São Pedro do Butiá/RS,1.0
Desastres geo-hidrológicos,60060,Gestão de resíduos e limpeza pública,2015,,Presente,veryhigh,Muito alto,#02C650,5284,São Pedro do Ivaí/PR,1.0
Desastres geo-hidrológicos,60060,Gestão de resíduos e limpeza pública,2015,,Presente,veryhigh,Muito alto,#02C650,5285,São Pedro do Paraná/PR,1.0
Desastres geo-hidrológicos,60060,Gestão de resíduos e limpeza pública,2015,,Presente,veryhigh,Muito alto,#02C650,1504,São Pedro do Suaçuí/MG,1.0
Desastres geo-hidrológicos,60060,Gestão de resíduos e limpeza pública,2015,,Presente,veryhigh,Muito alto,#02C650,454,São Pedro do Sul/RS,1.0
Desastres geo-hidrológicos,60060,Gestão de resíduos e limpeza pública,2015,,Presente,veryhigh,Muito alto,#02C650,2302,São Pedro do Turvo/SP,1.0
Desastres geo-hidrológicos,60060,Gestão de resíduos e limpeza pública,2015,,Presente,veryhigh,Muito alto,#02C650,3609,São Raimundo Nonato/PI,1.0
Desastres geo-hidrológicos,60060,Gestão de resíduos e limpeza pública,2015,,Presente,veryhigh,Muito alto,#02C650,1674,São Roque do Canaã/ES,1.0
Desastres geo-hidrológicos,60060,Gestão de resíduos e limpeza pública,2015,,Presente,veryhigh,Muito alto,#02C650,2303,São Roque/SP,1.0
Desastres geo-hidrológicos,60060,Gestão de resíduos e limpeza pública,2015,,Presente,veryhigh,Muito alto,#02C650,5417,São Sebastião da Amoreira/PR,1.0
Desastres geo-hidrológicos,60060,Gestão de resíduos e limpeza pública,2015,,Presente,veryhigh,Muito alto,#02C650,3034,São Sebastião da Boa Vista/PA,1.0
Desastres geo-hidrológicos,60060,Gestão de resíduos e limpeza pública,2015,,Presente,veryhigh,Muito alto,#02C650,2305,São Sebastião da Grama/SP,1.0
Desastres geo-hidrológicos,60060,Gestão de resíduos e limpeza pública,2015,,Presente,veryhigh,Muito alto,#02C650,4175,São Sebastião de Lagoa de Roça/PB,1.0
Desastres geo-hidrológicos,60060,Gestão de resíduos e limpeza pública,2015,,Presente,veryhigh,Muito alto,#02C650,1762,São Sebastião do Alto/RJ,1.0
Desastres geo-hidrológicos,60060,Gestão de resíduos e limpeza pública,2015,,Presente,veryhigh,Muito alto,#02C650,1509,São Sebastião do Anta/MG,1.0
Desastres geo-hidrológicos,60060,Gestão de resíduos e limpeza pública,2015,,Presente,veryhigh,Muito alto,#02C650,2628,São Sebastião do Caí/RS,1.0
Desastres geo-hidrológicos,60060,Gestão de resíduos e limpeza pública,2015,,Presente,veryhigh,Muito alto,#02C650,1512,São Sebastião do Paraíso/MG,1.0
Desastres geo-hidrológicos,60060,Gestão de resíduos e limpeza pública,2015,,Presente,veryhigh,Muito alto,#02C650,4825,São Sebastião do Passé/BA,1.0
Desastres geo-hidrológicos,60060,Gestão de resíduos e limpeza pública,2015,,Presente,veryhigh,Muito alto,#02C650,3172,São Sebastião do Tocantins/TO,1.0
Desastres geo-hidrológicos,60060,Gestão de resíduos e limpeza pública,2015,,Presente,veryhigh,Muito alto,#02C650,455,São Sepé/RS,1.0
Desastres geo-hidrológicos,60060,Gestão de resíduos e limpeza pública,2015,,Presente,veryhigh,Muito alto,#02C650,2306,São Simão/SP,1.0
Desastres geo-hidrológicos,60060,Gestão de resíduos e limpeza pública,2015,,Presente,veryhigh,Muito alto,#02C650,1516,São Tomás de Aquino/MG,1.0
Desastres geo-hidrológicos,60060,Gestão de resíduos e limpeza pública,2015,,Presente,veryhigh,Muito alto,#02C650,1517,São Tomé das Letras/MG,1.0
Desastres geo-hidrológicos,60060,Gestão de resíduos e limpeza pública,2015,,Presente,veryhigh,Muito alto,#02C650,2629,São Vendelino/RS,1.0
Desastres geo-hidrológicos,60060,Gestão de resíduos e limpeza pública,2015,,Presente,veryhigh,Muito alto,#02C650,1518,São Vicente de Minas/MG,1.0
Desastres geo-hidrológicos,60060,Gestão de resíduos e limpeza pública,2015,,Presente,veryhigh,Muito alto,#02C650,459,São Vicente do Sul/RS,1.0
Desastres geo-hidrológicos,60060,Gestão de resíduos e limpeza pública,2015,,Presente,veryhigh,Muito alto,#02C650,4358,São Vicente Férrer/PE,1.0
Desastres geo-hidrológicos,60060,Gestão de resíduos e limpeza pública,2015,,Presente,veryhigh,Muito alto,#02C650,2307,São Vicente/SP,1.0
Desastres geo-hidrológicos,60060,Gestão de resíduos e limpeza pública,2015,,Presente,veryhigh,Muito alto,#02C650,4177,Sapé/PB,1.0
Desastres geo-hidrológicos,60060,Gestão de resíduos e limpeza pública,2015,,Presente,veryhigh,Muito alto,#02C650,2927,Sapezal/MT,1.0
Desastres geo-hidrológicos,60060,Gestão de resíduos e limpeza pública,2015,,Presente,veryhigh,Muito alto,#02C650,2630,Sapiranga/RS,1.0
Desastres geo-hidrológicos,60060,Gestão de resíduos e limpeza pública,2015,,Presente,veryhigh,Muito alto,#02C650,5418,Sapopema/PR,1.0
Desastres geo-hidrológicos,60060,Gestão de resíduos e limpeza pública,2015,,Presente,veryhigh,Muito alto,#02C650,3035,Sapucaia/PA,1.0
Desastres geo-hidrológicos,60060,Gestão de resíduos e limpeza pública,2015,,Presente,veryhigh,Muito alto,#02C650,1763,Sapucaia/RJ,1.0
Desastres geo-hidrológicos,60060,Gestão de resíduos e limpeza pública,2015,,Presente,veryhigh,Muito alto,#02C650,1519,Sapucaí-Mirim/MG,1.0
Desastres geo-hidrológicos,60060,Gestão de resíduos e limpeza pública,2015,,Presente,veryhigh,Muito alto,#02C650,5287,Sarandi/PR,1.0
Desastres geo-hidrológicos,60060,Gestão de resíduos e limpeza pública,2015,,Presente,veryhigh,Muito alto,#02C650,2308,Sarapuí/SP,1.0
Desastres geo-hidrológicos,60060,Gestão de resíduos e limpeza pública,2015,,Presente,veryhigh,Muito alto,#02C650,1520,Sardoá/MG,1.0
Desastres geo-hidrológicos,60060,Gestão de resíduos e limpeza pública,2015,,Presente,veryhigh,Muito alto,#02C650,2309,Sarutaiá/SP,1.0
Desastres geo-hidrológicos,60060,Gestão de resíduos e limpeza pública,2015,,Presente,veryhigh,Muito alto,#02C650,1521,Sarzedo/MG,1.0
Desastres geo-hidrológicos,60060,Gestão de resíduos e limpeza pública,2015,,Presente,veryhigh,Muito alto,#02C650,2540,Schroeder/SC,1.0
Desastres geo-hidrológicos,60060,Gestão de resíduos e limpeza pública,2015,,Presente,veryhigh,Muito alto,#02C650,4830,Seabra/BA,1.0
Desastres geo-hidrológicos,60060,Gestão de resíduos e limpeza pública,2015,,Presente,veryhigh,Muito alto,#02C650,115,Seara/SC,1.0
Desastres geo-hidrológicos,60060,Gestão de resíduos e limpeza pública,2015,,Presente,veryhigh,Muito alto,#02C650,2310,Sebastianópolis do Sul/SP,1.0
Desastres geo-hidrológicos,60060,Gestão de resíduos e limpeza pública,2015,,Presente,veryhigh,Muito alto,#02C650,462,Sede Nova/RS,1.0
Desastres geo-hidrológicos,60060,Gestão de resíduos e limpeza pública,2015,,Presente,veryhigh,Muito alto,#02C650,463,Segredo/RS,1.0
Desastres geo-hidrológicos,60060,Gestão de resíduos e limpeza pública,2015,,Presente,veryhigh,Muito alto,#02C650,4947,Selvíria/MS,1.0
Desastres geo-hidrológicos,60060,Gestão de resíduos e limpeza pública,2015,,Presente,veryhigh,Muito alto,#02C650,1523,Sem-Peixe/MG,1.0
Desastres geo-hidrológicos,60060,Gestão de resíduos e limpeza pública,2015,,Presente,veryhigh,Muito alto,#02C650,2802,Senador Canedo/GO,1.0
Desastres geo-hidrológicos,60060,Gestão de resíduos e limpeza pública,2015,,Presente,veryhigh,Muito alto,#02C650,1525,Senador Cortes/MG,1.0
Desastres geo-hidrológicos,60060,Gestão de resíduos e limpeza pública,2015,,Presente,veryhigh,Muito alto,#02C650,4482,Senador Rui Palmeira/AL,1.0
Desastres geo-hidrológicos,60060,Gestão de resíduos e limpeza pública,2015,,Presente,veryhigh,Muito alto,#02C650,5419,Sengés/PR,1.0
Desastres geo-hidrológicos,60060,Gestão de resíduos e limpeza pública,2015,,Presente,veryhigh,Muito alto,#02C650,1529,Senhora de Oliveira/MG,1.0
Desastres geo-hidrológicos,60060,Gestão de resíduos e limpeza pública,2015,,Presente,veryhigh,Muito alto,#02C650,1530,Senhora do Porto/MG,1.0
Desastres geo-hidrológicos,60060,Gestão de resíduos e limpeza pública,2015,,Presente,veryhigh,Muito alto,#02C650,1531,Senhora dos Remédios/MG,1.0
Desastres geo-hidrológicos,60060,Gestão de resíduos e limpeza pública,2015,,Presente,veryhigh,Muito alto,#02C650,4833,Sento Sé/BA,1.0
Desastres geo-hidrológicos,60060,Gestão de resíduos e limpeza pública,2015,,Presente,veryhigh,Muito alto,#02C650,468,Sério/RS,1.0
Desastres geo-hidrológicos,60060,Gestão de resíduos e limpeza pública,2015,,Presente,veryhigh,Muito alto,#02C650,1765,Seropédica/RJ,1.0
Desastres geo-hidrológicos,60060,Gestão de resíduos e limpeza pública,2015,,Presente,veryhigh,Muito alto,#02C650,116,Serra Alta/SC,1.0
Desastres geo-hidrológicos,60060,Gestão de resíduos e limpeza pública,2015,,Presente,veryhigh,Muito alto,#02C650,2311,Serra Azul/SP,1.0
Desastres geo-hidrológicos,60060,Gestão de resíduos e limpeza pública,2015,,Presente,veryhigh,Muito alto,#02C650,3924,Serra Caiada/RN,1.0
Desastres geo-hidrológicos,60060,Gestão de resíduos e limpeza pública,2015,,Presente,veryhigh,Muito alto,#02C650,1537,Serra do Salitre/MG,1.0
Desastres geo-hidrológicos,60060,Gestão de resíduos e limpeza pública,2015,,Presente,veryhigh,Muito alto,#02C650,1675,Serra/ES,1.0
Desastres geo-hidrológicos,60060,Gestão de resíduos e limpeza pública,2015,,Presente,veryhigh,Muito alto,#02C650,3958,Serra Negra do Norte/RN,1.0
Desastres geo-hidrológicos,60060,Gestão de resíduos e limpeza pública,2015,,Presente,veryhigh,Muito alto,#02C650,2313,Serra Negra/SP,1.0
Desastres geo-hidrológicos,60060,Gestão de resíduos e limpeza pública,2015,,Presente,veryhigh,Muito alto,#02C650,5289,Serranópolis do Iguaçu/PR,1.0
Desastres geo-hidrológicos,60060,Gestão de resíduos e limpeza pública,2015,,Presente,veryhigh,Muito alto,#02C650,4182,Serra Redonda/PB,1.0
Desastres geo-hidrológicos,60060,Gestão de resíduos e limpeza pública,2015,,Presente,veryhigh,Muito alto,#02C650,4359,Serra Talhada/PE,1.0
Desastres geo-hidrológicos,60060,Gestão de resíduos e limpeza pública,2015,,Presente,veryhigh,Muito alto,#02C650,3959,Serrinha/RN,1.0
Desastres geo-hidrológicos,60060,Gestão de resíduos e limpeza pública,2015,,Presente,veryhigh,Muito alto,#02C650,1541,Serro/MG,1.0
Desastres geo-hidrológicos,60060,Gestão de resíduos e limpeza pública,2015,,Presente,veryhigh,Muito alto,#02C650,5420,Sertaneja/PR,1.0
Desastres geo-hidrológicos,60060,Gestão de resíduos e limpeza pública,2015,,Presente,veryhigh,Muito alto,#02C650,5421,Sertanópolis/PR,1.0
Desastres geo-hidrológicos,60060,Gestão de resíduos e limpeza pública,2015,,Presente,veryhigh,Muito alto,#02C650,2314,Sertãozinho/SP,1.0
Desastres geo-hidrológicos,60060,Gestão de resíduos e limpeza pública,2015,,Presente,veryhigh,Muito alto,#02C650,2315,Sete Barras/SP,1.0
Desastres geo-hidrológicos,60060,Gestão de resíduos e limpeza pública,2015,,Presente,veryhigh,Muito alto,#02C650,1542,Sete Lagoas/MG,1.0
Desastres geo-hidrológicos,60060,Gestão de resíduos e limpeza pública,2015,,Presente,veryhigh,Muito alto,#02C650,590,Sete Quedas/MS,1.0
Desastres geo-hidrológicos,60060,Gestão de resíduos e limpeza pública,2015,,Presente,veryhigh,Muito alto,#02C650,472,Severiano de Almeida/RS,1.0
Desastres geo-hidrológicos,60060,Gestão de resíduos e limpeza pública,2015,,Presente,veryhigh,Muito alto,#02C650,2541,Siderópolis/SC,1.0
Desastres geo-hidrológicos,60060,Gestão de resíduos e limpeza pública,2015,,Presente,veryhigh,Muito alto,#02C650,3174,Silvanópolis/TO,1.0
Desastres geo-hidrológicos,60060,Gestão de resíduos e limpeza pública,2015,,Presente,veryhigh,Muito alto,#02C650,473,Silveira Martins/RS,1.0
Desastres geo-hidrológicos,60060,Gestão de resíduos e limpeza pública,2015,,Presente,veryhigh,Muito alto,#02C650,5513,Silves/AM,1.0
Desastres geo-hidrológicos,60060,Gestão de resíduos e limpeza pública,2015,,Presente,veryhigh,Muito alto,#02C650,3613,Simões/PI,1.0
Desastres geo-hidrológicos,60060,Gestão de resíduos e limpeza pública,2015,,Presente,veryhigh,Muito alto,#02C650,2804,Simolândia/GO,1.0
Desastres geo-hidrológicos,60060,Gestão de resíduos e limpeza pública,2015,,Presente,veryhigh,Muito alto,#02C650,2928,Sinop/MT,1.0
Desastres geo-hidrológicos,60060,Gestão de resíduos e limpeza pública,2015,,Presente,veryhigh,Muito alto,#02C650,5422,Siqueira Campos/PR,1.0
Desastres geo-hidrológicos,60060,Gestão de resíduos e limpeza pública,2015,,Presente,veryhigh,Muito alto,#02C650,4362,Sirinhaém/PE,1.0
Desastres geo-hidrológicos,60060,Gestão de resíduos e limpeza pública,2015,,Presente,veryhigh,Muito alto,#02C650,4559,Siriri/SE,1.0
Desastres geo-hidrológicos,60060,Gestão de resíduos e limpeza pública,2015,,Presente,veryhigh,Muito alto,#02C650,2805,Sítio d'Abadia/GO,1.0
Desastres geo-hidrológicos,60060,Gestão de resíduos e limpeza pública,2015,,Presente,veryhigh,Muito alto,#02C650,475,Sobradinho/RS,1.0
Desastres geo-hidrológicos,60060,Gestão de resíduos e limpeza pública,2015,,Presente,veryhigh,Muito alto,#02C650,3794,Sobral/CE,1.0
Desastres geo-hidrológicos,60060,Gestão de resíduos e limpeza pública,2015,,Presente,veryhigh,Muito alto,#02C650,1547,Sobrália/MG,1.0
Desastres geo-hidrológicos,60060,Gestão de resíduos e limpeza pública,2015,,Presente,veryhigh,Muito alto,#02C650,3615,Socorro do Piauí/PI,1.0
Desastres geo-hidrológicos,60060,Gestão de resíduos e limpeza pública,2015,,Presente,veryhigh,Muito alto,#02C650,2318,Socorro/SP,1.0
Desastres geo-hidrológicos,60060,Gestão de resíduos e limpeza pública,2015,,Presente,veryhigh,Muito alto,#02C650,4187,Soledade/PB,1.0
Desastres geo-hidrológicos,60060,Gestão de resíduos e limpeza pública,2015,,Presente,veryhigh,Muito alto,#02C650,476,Soledade/RS,1.0
Desastres geo-hidrológicos,60060,Gestão de resíduos e limpeza pública,2015,,Presente,veryhigh,Muito alto,#02C650,4364,Solidão/PE,1.0
Desastres geo-hidrológicos,60060,Gestão de resíduos e limpeza pública,2015,,Presente,veryhigh,Muito alto,#02C650,3795,Solonópole/CE,1.0
Desastres geo-hidrológicos,60060,Gestão de resíduos e limpeza pública,2015,,Presente,veryhigh,Muito alto,#02C650,2542,Sombrio/SC,1.0
Desastres geo-hidrológicos,60060,Gestão de resíduos e limpeza pública,2015,,Presente,veryhigh,Muito alto,#02C650,1676,Sooretama/ES,1.0
Desastres geo-hidrológicos,60060,Gestão de resíduos e limpeza pública,2015,,Presente,veryhigh,Muito alto,#02C650,2320,Sud Mennucci/SP,1.0
Desastres geo-hidrológicos,60060,Gestão de resíduos e limpeza pública,2015,,Presente,veryhigh,Muito alto,#02C650,117,Sul Brasil/SC,1.0
Desastres geo-hidrológicos,60060,Gestão de resíduos e limpeza pública,2015,,Presente,veryhigh,Muito alto,#02C650,5290,Sulina/PR,1.0
Desastres geo-hidrológicos,60060,Gestão de resíduos e limpeza pública,2015,,Presente,veryhigh,Muito alto,#02C650,2321,Sumaré/SP,1.0
Desastres geo-hidrológicos,60060,Gestão de resíduos e limpeza pública,2015,,Presente,veryhigh,Muito alto,#02C650,4190,Sumé/PB,1.0
Desastres geo-hidrológicos,60060,Gestão de resíduos e limpeza pública,2015,,Presente,veryhigh,Muito alto,#02C650,3616,Sussuapara/PI,1.0
Desastres geo-hidrológicos,60060,Gestão de resíduos e limpeza pública,2015,,Presente,veryhigh,Muito alto,#02C650,2323,Suzanápolis/SP,1.0
Desastres geo-hidrológicos,60060,Gestão de resíduos e limpeza pública,2015,,Presente,veryhigh,Muito alto,#02C650,2322,Suzano/SP,1.0
Desastres geo-hidrológicos,60060,Gestão de resíduos e limpeza pública,2015,,Presente,veryhigh,Muito alto,#02C650,2324,Tabapuã/SP,1.0
Desastres geo-hidrológicos,60060,Gestão de resíduos e limpeza pública,2015,,Presente,veryhigh,Muito alto,#02C650,5514,Tabatinga/AM,1.0
Desastres geo-hidrológicos,60060,Gestão de resíduos e limpeza pública,2015,,Presente,veryhigh,Muito alto,#02C650,2325,Tabatinga/SP,1.0
Desastres geo-hidrológicos,60060,Gestão de resíduos e limpeza pública,2015,,Presente,veryhigh,Muito alto,#02C650,2326,Taboão da Serra/SP,1.0
Desastres geo-hidrológicos,60060,Gestão de resíduos e limpeza pública,2015,,Presente,veryhigh,Muito alto,#02C650,3101,Tabocão/TO,1.0
Desastres geo-hidrológicos,60060,Gestão de resíduos e limpeza pública,2015,,Presente,veryhigh,Muito alto,#02C650,3963,Taboleiro Grande/RN,1.0
Desastres geo-hidrológicos,60060,Gestão de resíduos e limpeza pública,2015,,Presente,veryhigh,Muito alto,#02C650,3796,Tabuleiro do Norte/CE,1.0
Desastres geo-hidrológicos,60060,Gestão de resíduos e limpeza pública,2015,,Presente,veryhigh,Muito alto,#02C650,1549,Tabuleiro/MG,1.0
Desastres geo-hidrológicos,60060,Gestão de resíduos e limpeza pública,2015,,Presente,veryhigh,Muito alto,#02C650,4910,Taciba/SP,1.0
Desastres geo-hidrológicos,60060,Gestão de resíduos e limpeza pública,2015,,Presente,veryhigh,Muito alto,#02C650,2327,Taguaí/SP,1.0
Desastres geo-hidrológicos,60060,Gestão de resíduos e limpeza pública,2015,,Presente,veryhigh,Muito alto,#02C650,1550,Taiobeiras/MG,1.0
Desastres geo-hidrológicos,60060,Gestão de resíduos e limpeza pública,2015,,Presente,veryhigh,Muito alto,#02C650,2543,Taió/SC,1.0
Desastres geo-hidrológicos,60060,Gestão de resíduos e limpeza pública,2015,,Presente,veryhigh,Muito alto,#02C650,3964,Taipu/RN,1.0
Desastres geo-hidrológicos,60060,Gestão de resíduos e limpeza pública,2015,,Presente,veryhigh,Muito alto,#02C650,2329,Taiúva/SP,1.0
Desastres geo-hidrológicos,60060,Gestão de resíduos e limpeza pública,2015,,Presente,veryhigh,Muito alto,#02C650,4369,Tamandaré/PE,1.0
Desastres geo-hidrológicos,60060,Gestão de resíduos e limpeza pública,2015,,Presente,veryhigh,Muito alto,#02C650,2330,Tambaú/SP,1.0
Desastres geo-hidrológicos,60060,Gestão de resíduos e limpeza pública,2015,,Presente,veryhigh,Muito alto,#02C650,3797,Tamboril/CE,1.0
Desastres geo-hidrológicos,60060,Gestão de resíduos e limpeza pública,2015,,Presente,veryhigh,Muito alto,#02C650,2331,Tanabi/SP,1.0
Desastres geo-hidrológicos,60060,Gestão de resíduos e limpeza pública,2015,,Presente,veryhigh,Muito alto,#02C650,4964,Tangará da Serra/MT,1.0
Desastres geo-hidrológicos,60060,Gestão de resíduos e limpeza pública,2015,,Presente,veryhigh,Muito alto,#02C650,2544,Tangará/SC,1.0
Desastres geo-hidrológicos,60060,Gestão de resíduos e limpeza pública,2015,,Presente,veryhigh,Muito alto,#02C650,5292,Tapejara/PR,1.0
Desastres geo-hidrológicos,60060,Gestão de resíduos e limpeza pública,2015,,Presente,veryhigh,Muito alto,#02C650,4192,Taperoá/PB,1.0
Desastres geo-hidrológicos,60060,Gestão de resíduos e limpeza pública,2015,,Presente,veryhigh,Muito alto,#02C650,4942,Tapes/RS,1.0
Desastres geo-hidrológicos,60060,Gestão de resíduos e limpeza pública,2015,,Presente,veryhigh,Muito alto,#02C650,2332,Tapiraí/SP,1.0
Desastres geo-hidrológicos,60060,Gestão de resíduos e limpeza pública,2015,,Presente,veryhigh,Muito alto,#02C650,2931,Tapurah/MT,1.0
Desastres geo-hidrológicos,60060,Gestão de resíduos e limpeza pública,2015,,Presente,veryhigh,Muito alto,#02C650,2806,Taquaral de Goiás/GO,1.0
Desastres geo-hidrológicos,60060,Gestão de resíduos e limpeza pública,2015,,Presente,veryhigh,Muito alto,#02C650,480,Taquari/RS,1.0
Desastres geo-hidrológicos,60060,Gestão de resíduos e limpeza pública,2015,,Presente,veryhigh,Muito alto,#02C650,4370,Taquaritinga do Norte/PE,1.0
Desastres geo-hidrológicos,60060,Gestão de resíduos e limpeza pública,2015,,Presente,veryhigh,Muito alto,#02C650,2335,Taquaritinga/SP,1.0
Desastres geo-hidrológicos,60060,Gestão de resíduos e limpeza pública,2015,,Presente,veryhigh,Muito alto,#02C650,2336,Taquarituba/SP,1.0
Desastres geo-hidrológicos,60060,Gestão de resíduos e limpeza pública,2015,,Presente,veryhigh,Muito alto,#02C650,2337,Taquarivaí/SP,1.0
Desastres geo-hidrológicos,60060,Gestão de resíduos e limpeza pública,2015,,Presente,veryhigh,Muito alto,#02C650,481,Taquaruçu do Sul/RS,1.0
Desastres geo-hidrológicos,60060,Gestão de resíduos e limpeza pública,2015,,Presente,veryhigh,Muito alto,#02C650,2338,Tarumã/SP,1.0
Desastres geo-hidrológicos,60060,Gestão de resíduos e limpeza pública,2015,,Presente,veryhigh,Muito alto,#02C650,3388,Tasso Fragoso/MA,1.0
Desastres geo-hidrológicos,60060,Gestão de resíduos e limpeza pública,2015,,Presente,veryhigh,Muito alto,#02C650,2339,Tatuí/SP,1.0
Desastres geo-hidrológicos,60060,Gestão de resíduos e limpeza pública,2015,,Presente,veryhigh,Muito alto,#02C650,2340,Taubaté/SP,1.0
Desastres geo-hidrológicos,60060,Gestão de resíduos e limpeza pública,2015,,Presente,veryhigh,Muito alto,#02C650,2633,Tavares/RS,1.0
Desastres geo-hidrológicos,60060,Gestão de resíduos e limpeza pública,2015,,Presente,veryhigh,Muito alto,#02C650,5516,Tefé/AM,1.0
Desastres geo-hidrológicos,60060,Gestão de resíduos e limpeza pública,2015,,Presente,veryhigh,Muito alto,#02C650,3800,Tejuçuoca/CE,1.0
Desastres geo-hidrológicos,60060,Gestão de resíduos e limpeza pública,2015,,Presente,veryhigh,Muito alto,#02C650,2341,Tejupá/SP,1.0
Desastres geo-hidrológicos,60060,Gestão de resíduos e limpeza pública,2015,,Presente,veryhigh,Muito alto,#02C650,5425,Telêmaco Borba/PR,1.0
Desastres geo-hidrológicos,60060,Gestão de resíduos e limpeza pública,2015,,Presente,veryhigh,Muito alto,#02C650,3966,Tenente Ananias/RN,1.0
Desastres geo-hidrológicos,60060,Gestão de resíduos e limpeza pública,2015,,Presente,veryhigh,Muito alto,#02C650,482,Tenente Portela/RS,1.0
Desastres geo-hidrológicos,60060,Gestão de resíduos e limpeza pública,2015,,Presente,veryhigh,Muito alto,#02C650,25,Teodoro Sampaio/SP,1.0
Desastres geo-hidrológicos,60060,Gestão de resíduos e limpeza pública,2015,,Presente,veryhigh,Muito alto,#02C650,1557,Teófilo Otoni/MG,1.0
Desastres geo-hidrológicos,60060,Gestão de resíduos e limpeza pública,2015,,Presente,veryhigh,Muito alto,#02C650,4485,Teotônio Vilela/AL,1.0
Desastres geo-hidrológicos,60060,Gestão de resíduos e limpeza pública,2015,,Presente,veryhigh,Muito alto,#02C650,595,Terenos/MS,1.0
Desastres geo-hidrológicos,60060,Gestão de resíduos e limpeza pública,2015,,Presente,veryhigh,Muito alto,#02C650,3619,Teresina/PI,1.0
Desastres geo-hidrológicos,60060,Gestão de resíduos e limpeza pública,2015,,Presente,veryhigh,Muito alto,#02C650,1769,Teresópolis/RJ,1.0
Desastres geo-hidrológicos,60060,Gestão de resíduos e limpeza pública,2015,,Presente,veryhigh,Muito alto,#02C650,2932,Terra Nova do Norte/MT,1.0
Desastres geo-hidrológicos,60060,Gestão de resíduos e limpeza pública,2015,,Presente,veryhigh,Muito alto,#02C650,4372,Terra Nova/PE,1.0
Desastres geo-hidrológicos,60060,Gestão de resíduos e limpeza pública,2015,,Presente,veryhigh,Muito alto,#02C650,5296,Terra Roxa/PR,1.0
Desastres geo-hidrológicos,60060,Gestão de resíduos e limpeza pública,2015,,Presente,veryhigh,Muito alto,#02C650,2342,Terra Roxa/SP,1.0
Desastres geo-hidrológicos,60060,Gestão de resíduos e limpeza pública,2015,,Presente,veryhigh,Muito alto,#02C650,5569,Theobroma/RO,1.0
Desastres geo-hidrológicos,60060,Gestão de resíduos e limpeza pública,2015,,Presente,veryhigh,Muito alto,#02C650,3801,Tianguá/CE,1.0
Desastres geo-hidrológicos,60060,Gestão de resíduos e limpeza pública,2015,,Presente,veryhigh,Muito alto,#02C650,5426,Tibagi/PR,1.0
Desastres geo-hidrológicos,60060,Gestão de resíduos e limpeza pública,2015,,Presente,veryhigh,Muito alto,#02C650,2343,Tietê/SP,1.0
Desastres geo-hidrológicos,60060,Gestão de resíduos e limpeza pública,2015,,Presente,veryhigh,Muito alto,#02C650,118,Tigrinhos/SC,1.0
Desastres geo-hidrológicos,60060,Gestão de resíduos e limpeza pública,2015,,Presente,veryhigh,Muito alto,#02C650,2545,Tijucas/SC,1.0
Desastres geo-hidrológicos,60060,Gestão de resíduos e limpeza pública,2015,,Presente,veryhigh,Muito alto,#02C650,2546,Timbé do Sul/SC,1.0
Desastres geo-hidrológicos,60060,Gestão de resíduos e limpeza pública,2015,,Presente,veryhigh,Muito alto,#02C650,2548,Timbó Grande/SC,1.0
Desastres geo-hidrológicos,60060,Gestão de resíduos e limpeza pública,2015,,Presente,veryhigh,Muito alto,#02C650,3390,Timon/MA,1.0
Desastres geo-hidrológicos,60060,Gestão de resíduos e limpeza pública,2015,,Presente,veryhigh,Muito alto,#02C650,1558,Timóteo/MG,1.0
Desastres geo-hidrológicos,60060,Gestão de resíduos e limpeza pública,2015,,Presente,veryhigh,Muito alto,#02C650,485,Tiradentes do Sul/RS,1.0
Desastres geo-hidrológicos,60060,Gestão de resíduos e limpeza pública,2015,,Presente,veryhigh,Muito alto,#02C650,1559,Tiradentes/MG,1.0
Desastres geo-hidrológicos,60060,Gestão de resíduos e limpeza pública,2015,,Presente,veryhigh,Muito alto,#02C650,1560,Tiros/MG,1.0
Desastres geo-hidrológicos,60060,Gestão de resíduos e limpeza pública,2015,,Presente,veryhigh,Muito alto,#02C650,3182,Tocantinópolis/TO,1.0
Desastres geo-hidrológicos,60060,Gestão de resíduos e limpeza pública,2015,,Presente,veryhigh,Muito alto,#02C650,1562,Tocos do Moji/MG,1.0
Desastres geo-hidrológicos,60060,Gestão de resíduos e limpeza pública,2015,,Presente,veryhigh,Muito alto,#02C650,1563,Toledo/MG,1.0
Desastres geo-hidrológicos,60060,Gestão de resíduos e limpeza pública,2015,,Presente,veryhigh,Muito alto,#02C650,5297,Toledo/PR,1.0
Desastres geo-hidrológicos,60060,Gestão de resíduos e limpeza pública,2015,,Presente,veryhigh,Muito alto,#02C650,5428,Tomazina/PR,1.0
Desastres geo-hidrológicos,60060,Gestão de resíduos e limpeza pública,2015,,Presente,veryhigh,Muito alto,#02C650,5517,Tonantins/AM,1.0
Desastres geo-hidrológicos,60060,Gestão de resíduos e limpeza pública,2015,,Presente,veryhigh,Muito alto,#02C650,4374,Toritama/PE,1.0
Desastres geo-hidrológicos,60060,Gestão de resíduos e limpeza pública,2015,,Presente,veryhigh,Muito alto,#02C650,2345,Torre de Pedra/SP,1.0
Desastres geo-hidrológicos,60060,Gestão de resíduos e limpeza pública,2015,,Presente,veryhigh,Muito alto,#02C650,2635,Torres/RS,1.0
Desastres geo-hidrológicos,60060,Gestão de resíduos e limpeza pública,2015,,Presente,veryhigh,Muito alto,#02C650,2346,Torrinha/SP,1.0
Desastres geo-hidrológicos,60060,Gestão de resíduos e limpeza pública,2015,,Presente,veryhigh,Muito alto,#02C650,2347,Trabiju/SP,1.0
Desastres geo-hidrológicos,60060,Gestão de resíduos e limpeza pública,2015,,Presente,veryhigh,Muito alto,#02C650,3040,Tracuateua/PA,1.0
Desastres geo-hidrológicos,60060,Gestão de resíduos e limpeza pública,2015,,Presente,veryhigh,Muito alto,#02C650,4486,Traipu/AL,1.0
Desastres geo-hidrológicos,60060,Gestão de resíduos e limpeza pública,2015,,Presente,veryhigh,Muito alto,#02C650,2636,Tramandaí/RS,1.0
Desastres geo-hidrológicos,60060,Gestão de resíduos e limpeza pública,2015,,Presente,veryhigh,Muito alto,#02C650,487,Travesseiro/RS,1.0
Desastres geo-hidrológicos,60060,Gestão de resíduos e limpeza pública,2015,,Presente,veryhigh,Muito alto,#02C650,2348,Tremembé/SP,1.0
Desastres geo-hidrológicos,60060,Gestão de resíduos e limpeza pública,2015,,Presente,veryhigh,Muito alto,#02C650,5298,Três Barras do Paraná/PR,1.0
Desastres geo-hidrológicos,60060,Gestão de resíduos e limpeza pública,2015,,Presente,veryhigh,Muito alto,#02C650,2637,Três Cachoeiras/RS,1.0
Desastres geo-hidrológicos,60060,Gestão de resíduos e limpeza pública,2015,,Presente,veryhigh,Muito alto,#02C650,1565,Três Corações/MG,1.0
Desastres geo-hidrológicos,60060,Gestão de resíduos e limpeza pública,2015,,Presente,veryhigh,Muito alto,#02C650,2638,Três Coroas/RS,1.0
Desastres geo-hidrológicos,60060,Gestão de resíduos e limpeza pública,2015,,Presente,veryhigh,Muito alto,#02C650,489,Três de Maio/RS,1.0
Desastres geo-hidrológicos,60060,Gestão de resíduos e limpeza pública,2015,,Presente,veryhigh,Muito alto,#02C650,2349,Três Fronteiras/SP,1.0
Desastres geo-hidrológicos,60060,Gestão de resíduos e limpeza pública,2015,,Presente,veryhigh,Muito alto,#02C650,596,Três Lagoas/MS,1.0
Desastres geo-hidrológicos,60060,Gestão de resíduos e limpeza pública,2015,,Presente,veryhigh,Muito alto,#02C650,491,Três Passos/RS,1.0
Desastres geo-hidrológicos,60060,Gestão de resíduos e limpeza pública,2015,,Presente,veryhigh,Muito alto,#02C650,1567,Três Pontas/MG,1.0
Desastres geo-hidrológicos,60060,Gestão de resíduos e limpeza pública,2015,,Presente,veryhigh,Muito alto,#02C650,2808,Três Ranchos/GO,1.0
Desastres geo-hidrológicos,60060,Gestão de resíduos e limpeza pública,2015,,Presente,veryhigh,Muito alto,#02C650,1771,Três Rios/RJ,1.0
Desastres geo-hidrológicos,60060,Gestão de resíduos e limpeza pública,2015,,Presente,veryhigh,Muito alto,#02C650,2550,Treviso/SC,1.0
Desastres geo-hidrológicos,60060,Gestão de resíduos e limpeza pública,2015,,Presente,veryhigh,Muito alto,#02C650,4920,Treze Tílias/SC,1.0
Desastres geo-hidrológicos,60060,Gestão de resíduos e limpeza pública,2015,,Presente,veryhigh,Muito alto,#02C650,2809,Trindade/GO,1.0
Desastres geo-hidrológicos,60060,Gestão de resíduos e limpeza pública,2015,,Presente,veryhigh,Muito alto,#02C650,4376,Trindade/PE,1.0
Desastres geo-hidrológicos,60060,Gestão de resíduos e limpeza pública,2015,,Presente,veryhigh,Muito alto,#02C650,4377,Triunfo/PE,1.0
Desastres geo-hidrológicos,60060,Gestão de resíduos e limpeza pública,2015,,Presente,veryhigh,Muito alto,#02C650,3391,Trizidela do Vale/MA,1.0
Desastres geo-hidrológicos,60060,Gestão de resíduos e limpeza pública,2015,,Presente,veryhigh,Muito alto,#02C650,2553,Tubarão/SC,1.0
Desastres geo-hidrológicos,60060,Gestão de resíduos e limpeza pública,2015,,Presente,veryhigh,Muito alto,#02C650,493,Tucunduva/RS,1.0
Desastres geo-hidrológicos,60060,Gestão de resíduos e limpeza pública,2015,,Presente,veryhigh,Muito alto,#02C650,3041,Tucuruí/PA,1.0
Desastres geo-hidrológicos,60060,Gestão de resíduos e limpeza pública,2015,,Presente,veryhigh,Muito alto,#02C650,2350,Tuiuti/SP,1.0
Desastres geo-hidrológicos,60060,Gestão de resíduos e limpeza pública,2015,,Presente,veryhigh,Muito alto,#02C650,1568,Tumiritinga/MG,1.0
Desastres geo-hidrológicos,60060,Gestão de resíduos e limpeza pública,2015,,Presente,veryhigh,Muito alto,#02C650,119,Tunápolis/SC,1.0
Desastres geo-hidrológicos,60060,Gestão de resíduos e limpeza pública,2015,,Presente,veryhigh,Muito alto,#02C650,5429,Tunas do Paraná/PR,1.0
Desastres geo-hidrológicos,60060,Gestão de resíduos e limpeza pública,2015,,Presente,veryhigh,Muito alto,#02C650,5299,Tuneiras do Oeste/PR,1.0
Desastres geo-hidrológicos,60060,Gestão de resíduos e limpeza pública,2015,,Presente,veryhigh,Muito alto,#02C650,3393,Tuntum/MA,1.0
Desastres geo-hidrológicos,60060,Gestão de resíduos e limpeza pública,2015,,Presente,veryhigh,Muito alto,#02C650,1569,Tupaciguara/MG,1.0
Desastres geo-hidrológicos,60060,Gestão de resíduos e limpeza pública,2015,,Presente,veryhigh,Muito alto,#02C650,4378,Tupanatinga/PE,1.0
Desastres geo-hidrológicos,60060,Gestão de resíduos e limpeza pública,2015,,Presente,veryhigh,Muito alto,#02C650,496,Tupanciretã/RS,1.0
Desastres geo-hidrológicos,60060,Gestão de resíduos e limpeza pública,2015,,Presente,veryhigh,Muito alto,#02C650,4944,Tupandi/RS,1.0
Desastres geo-hidrológicos,60060,Gestão de resíduos e limpeza pública,2015,,Presente,veryhigh,Muito alto,#02C650,497,Tuparendi/RS,1.0
Desastres geo-hidrológicos,60060,Gestão de resíduos e limpeza pública,2015,,Presente,veryhigh,Muito alto,#02C650,2351,Tupã/SP,1.0
Desastres geo-hidrológicos,60060,Gestão de resíduos e limpeza pública,2015,,Presente,veryhigh,Muito alto,#02C650,26,Tupi Paulista/SP,1.0
Desastres geo-hidrológicos,60060,Gestão de resíduos e limpeza pública,2015,,Presente,veryhigh,Muito alto,#02C650,2352,Turiúba/SP,1.0
Desastres geo-hidrológicos,60060,Gestão de resíduos e limpeza pública,2015,,Presente,veryhigh,Muito alto,#02C650,2353,Turmalina/SP,1.0
Desastres geo-hidrológicos,60060,Gestão de resíduos e limpeza pública,2015,,Presente,veryhigh,Muito alto,#02C650,498,Turuçu/RS,1.0
Desastres geo-hidrológicos,60060,Gestão de resíduos e limpeza pública,2015,,Presente,veryhigh,Muito alto,#02C650,2811,Turvelândia/GO,1.0
Desastres geo-hidrológicos,60060,Gestão de resíduos e limpeza pública,2015,,Presente,veryhigh,Muito alto,#02C650,5457,Turvo/PR,1.0
Desastres geo-hidrológicos,60060,Gestão de resíduos e limpeza pública,2015,,Presente,veryhigh,Muito alto,#02C650,2554,Turvo/SC,1.0
Desastres geo-hidrológicos,60060,Gestão de resíduos e limpeza pública,2015,,Presente,veryhigh,Muito alto,#02C650,5518,Uarini/AM,1.0
Desastres geo-hidrológicos,60060,Gestão de resíduos e limpeza pública,2015,,Presente,veryhigh,Muito alto,#02C650,1573,Ubaí/MG,1.0
Desastres geo-hidrológicos,60060,Gestão de resíduos e limpeza pública,2015,,Presente,veryhigh,Muito alto,#02C650,3804,Ubajara/CE,1.0
Desastres geo-hidrológicos,60060,Gestão de resíduos e limpeza pública,2015,,Presente,veryhigh,Muito alto,#02C650,1572,Ubá/MG,1.0
Desastres geo-hidrológicos,60060,Gestão de resíduos e limpeza pública,2015,,Presente,veryhigh,Muito alto,#02C650,2354,Ubarana/SP,1.0
Desastres geo-hidrológicos,60060,Gestão de resíduos e limpeza pública,2015,,Presente,veryhigh,Muito alto,#02C650,2355,Ubatuba/SP,1.0
Desastres geo-hidrológicos,60060,Gestão de resíduos e limpeza pública,2015,,Presente,veryhigh,Muito alto,#02C650,1576,Uberlândia/MG,1.0
Desastres geo-hidrológicos,60060,Gestão de resíduos e limpeza pública,2015,,Presente,veryhigh,Muito alto,#02C650,5301,Ubiratã/PR,1.0
Desastres geo-hidrológicos,60060,Gestão de resíduos e limpeza pública,2015,,Presente,veryhigh,Muito alto,#02C650,4197,Uiraúna/PB,1.0
Desastres geo-hidrológicos,60060,Gestão de resíduos e limpeza pública,2015,,Presente,veryhigh,Muito alto,#02C650,3042,Ulianópolis/PA,1.0
Desastres geo-hidrológicos,60060,Gestão de resíduos e limpeza pública,2015,,Presente,veryhigh,Muito alto,#02C650,3972,Umarizal/RN,1.0
Desastres geo-hidrológicos,60060,Gestão de resíduos e limpeza pública,2015,,Presente,veryhigh,Muito alto,#02C650,4563,Umbaúba/SE,1.0
Desastres geo-hidrológicos,60060,Gestão de resíduos e limpeza pública,2015,,Presente,veryhigh,Muito alto,#02C650,4857,Umburanas/BA,1.0
Desastres geo-hidrológicos,60060,Gestão de resíduos e limpeza pública,2015,,Presente,veryhigh,Muito alto,#02C650,4198,Umbuzeiro/PB,1.0
Desastres geo-hidrológicos,60060,Gestão de resíduos e limpeza pública,2015,,Presente,veryhigh,Muito alto,#02C650,1578,Unaí/MG,1.0
Desastres geo-hidrológicos,60060,Gestão de resíduos e limpeza pública,2015,,Presente,veryhigh,Muito alto,#02C650,500,União da Serra/RS,1.0
Desastres geo-hidrológicos,60060,Gestão de resíduos e limpeza pública,2015,,Presente,veryhigh,Muito alto,#02C650,5430,União da Vitória/PR,1.0
Desastres geo-hidrológicos,60060,Gestão de resíduos e limpeza pública,2015,,Presente,veryhigh,Muito alto,#02C650,1579,União de Minas/MG,1.0
Desastres geo-hidrológicos,60060,Gestão de resíduos e limpeza pública,2015,,Presente,veryhigh,Muito alto,#02C650,4487,União dos Palmares/AL,1.0
Desastres geo-hidrológicos,60060,Gestão de resíduos e limpeza pública,2015,,Presente,veryhigh,Muito alto,#02C650,5303,Uniflor/PR,1.0
Desastres geo-hidrológicos,60060,Gestão de resíduos e limpeza pública,2015,,Presente,veryhigh,Muito alto,#02C650,501,Unistalda/RS,1.0
Desastres geo-hidrológicos,60060,Gestão de resíduos e limpeza pública,2015,,Presente,veryhigh,Muito alto,#02C650,5431,Uraí/PR,1.0
Desastres geo-hidrológicos,60060,Gestão de resíduos e limpeza pública,2015,,Presente,veryhigh,Muito alto,#02C650,750,Urandi/BA,1.0
Desastres geo-hidrológicos,60060,Gestão de resíduos e limpeza pública,2015,,Presente,veryhigh,Muito alto,#02C650,5028,Uruaçu/GO,1.0
Desastres geo-hidrológicos,60060,Gestão de resíduos e limpeza pública,2015,,Presente,veryhigh,Muito alto,#02C650,3807,Uruburetama/CE,1.0
Desastres geo-hidrológicos,60060,Gestão de resíduos e limpeza pública,2015,,Presente,veryhigh,Muito alto,#02C650,5519,Urucará/AM,1.0
Desastres geo-hidrológicos,60060,Gestão de resíduos e limpeza pública,2015,,Presente,veryhigh,Muito alto,#02C650,751,Uruçuca/BA,1.0
Desastres geo-hidrológicos,60060,Gestão de resíduos e limpeza pública,2015,,Presente,veryhigh,Muito alto,#02C650,3621,Uruçuí/PI,1.0
Desastres geo-hidrológicos,60060,Gestão de resíduos e limpeza pública,2015,,Presente,veryhigh,Muito alto,#02C650,502,Uruguaiana/RS,1.0
Desastres geo-hidrológicos,60060,Gestão de resíduos e limpeza pública,2015,,Presente,veryhigh,Muito alto,#02C650,3808,Uruoca/CE,1.0
Desastres geo-hidrológicos,60060,Gestão de resíduos e limpeza pública,2015,,Presente,veryhigh,Muito alto,#02C650,5570,Urupá/RO,1.0
Desastres geo-hidrológicos,60060,Gestão de resíduos e limpeza pública,2015,,Presente,veryhigh,Muito alto,#02C650,2556,Urupema/SC,1.0
Desastres geo-hidrológicos,60060,Gestão de resíduos e limpeza pública,2015,,Presente,veryhigh,Muito alto,#02C650,2361,Urupês/SP,1.0
Desastres geo-hidrológicos,60060,Gestão de resíduos e limpeza pública,2015,,Presente,veryhigh,Muito alto,#02C650,2360,Uru/SP,1.0
Desastres geo-hidrológicos,60060,Gestão de resíduos e limpeza pública,2015,,Presente,veryhigh,Muito alto,#02C650,2557,Urussanga/SC,1.0
Desastres geo-hidrológicos,60060,Gestão de resíduos e limpeza pública,2015,,Presente,veryhigh,Muito alto,#02C650,2813,Urutaí/GO,1.0
Desastres geo-hidrológicos,60060,Gestão de resíduos e limpeza pública,2015,,Presente,veryhigh,Muito alto,#02C650,504,Vale do Sol/RS,1.0
Desastres geo-hidrológicos,60060,Gestão de resíduos e limpeza pública,2015,,Presente,veryhigh,Muito alto,#02C650,2362,Valentim Gentil/SP,1.0
Desastres geo-hidrológicos,60060,Gestão de resíduos e limpeza pública,2015,,Presente,veryhigh,Muito alto,#02C650,2641,Vale Real/RS,1.0
Desastres geo-hidrológicos,60060,Gestão de resíduos e limpeza pública,2015,,Presente,veryhigh,Muito alto,#02C650,503,Vale Verde/RS,1.0
Desastres geo-hidrológicos,60060,Gestão de resíduos e limpeza pública,2015,,Presente,veryhigh,Muito alto,#02C650,2363,Valinhos/SP,1.0
Desastres geo-hidrológicos,60060,Gestão de resíduos e limpeza pública,2015,,Presente,veryhigh,Muito alto,#02C650,2814,Valparaíso de Goiás/GO,1.0
Desastres geo-hidrológicos,60060,Gestão de resíduos e limpeza pública,2015,,Presente,veryhigh,Muito alto,#02C650,2364,Valparaíso/SP,1.0
Desastres geo-hidrológicos,60060,Gestão de resíduos e limpeza pública,2015,,Presente,veryhigh,Muito alto,#02C650,121,Vargeão/SC,1.0
Desastres geo-hidrológicos,60060,Gestão de resíduos e limpeza pública,2015,,Presente,veryhigh,Muito alto,#02C650,122,Vargem Bonita/SC,1.0
Desastres geo-hidrológicos,60060,Gestão de resíduos e limpeza pública,2015,,Presente,veryhigh,Muito alto,#02C650,1585,Vargem Grande do Rio Pardo/MG,1.0
Desastres geo-hidrológicos,60060,Gestão de resíduos e limpeza pública,2015,,Presente,veryhigh,Muito alto,#02C650,3398,Vargem Grande/MA,1.0
Desastres geo-hidrológicos,60060,Gestão de resíduos e limpeza pública,2015,,Presente,veryhigh,Muito alto,#02C650,2367,Vargem Grande Paulista/SP,1.0
Desastres geo-hidrológicos,60060,Gestão de resíduos e limpeza pública,2015,,Presente,veryhigh,Muito alto,#02C650,2558,Vargem/SC,1.0
Desastres geo-hidrológicos,60060,Gestão de resíduos e limpeza pública,2015,,Presente,veryhigh,Muito alto,#02C650,2365,Vargem/SP,1.0
Desastres geo-hidrológicos,60060,Gestão de resíduos e limpeza pública,2015,,Presente,veryhigh,Muito alto,#02C650,1586,Varginha/MG,1.0
Desastres geo-hidrológicos,60060,Gestão de resíduos e limpeza pública,2015,,Presente,veryhigh,Muito alto,#02C650,2815,Varjão/GO,1.0
Desastres geo-hidrológicos,60060,Gestão de resíduos e limpeza pública,2015,,Presente,veryhigh,Muito alto,#02C650,3809,Varjota/CE,1.0
Desastres geo-hidrológicos,60060,Gestão de resíduos e limpeza pública,2015,,Presente,veryhigh,Muito alto,#02C650,3810,Várzea Alegre/CE,1.0
Desastres geo-hidrológicos,60060,Gestão de resíduos e limpeza pública,2015,,Presente,veryhigh,Muito alto,#02C650,1588,Várzea da Palma/MG,1.0
Desastres geo-hidrológicos,60060,Gestão de resíduos e limpeza pública,2015,,Presente,veryhigh,Muito alto,#02C650,3624,Várzea Grande/PI,1.0
Desastres geo-hidrológicos,60060,Gestão de resíduos e limpeza pública,2015,,Presente,veryhigh,Muito alto,#02C650,2368,Várzea Paulista/SP,1.0
Desastres geo-hidrológicos,60060,Gestão de resíduos e limpeza pública,2015,,Presente,veryhigh,Muito alto,#02C650,1589,Varzelândia/MG,1.0
Desastres geo-hidrológicos,60060,Gestão de resíduos e limpeza pública,2015,,Presente,veryhigh,Muito alto,#02C650,1590,Vazante/MG,1.0
Desastres geo-hidrológicos,60060,Gestão de resíduos e limpeza pública,2015,,Presente,veryhigh,Muito alto,#02C650,1678,Venda Nova do Imigrante/ES,1.0
Desastres geo-hidrológicos,60060,Gestão de resíduos e limpeza pública,2015,,Presente,veryhigh,Muito alto,#02C650,4865,Vera Cruz/BA,1.0
Desastres geo-hidrológicos,60060,Gestão de resíduos e limpeza pública,2015,,Presente,veryhigh,Muito alto,#02C650,5304,Vera Cruz do Oeste/PR,1.0
Desastres geo-hidrológicos,60060,Gestão de resíduos e limpeza pública,2015,,Presente,veryhigh,Muito alto,#02C650,507,Vera Cruz/RS,1.0
Desastres geo-hidrológicos,60060,Gestão de resíduos e limpeza pública,2015,,Presente,veryhigh,Muito alto,#02C650,3625,Vera Mendes/PI,1.0
Desastres geo-hidrológicos,60060,Gestão de resíduos e limpeza pública,2015,,Presente,veryhigh,Muito alto,#02C650,508,Veranópolis/RS,1.0
Desastres geo-hidrológicos,60060,Gestão de resíduos e limpeza pública,2015,,Presente,veryhigh,Muito alto,#02C650,1591,Verdelândia/MG,1.0
Desastres geo-hidrológicos,60060,Gestão de resíduos e limpeza pública,2015,,Presente,veryhigh,Muito alto,#02C650,5305,Verê/PR,1.0
Desastres geo-hidrológicos,60060,Gestão de resíduos e limpeza pública,2015,,Presente,veryhigh,Muito alto,#02C650,1594,Vermelho Novo/MG,1.0
Desastres geo-hidrológicos,60060,Gestão de resíduos e limpeza pública,2015,,Presente,veryhigh,Muito alto,#02C650,509,Vespasiano Corrêa/RS,1.0
Desastres geo-hidrológicos,60060,Gestão de resíduos e limpeza pública,2015,,Presente,veryhigh,Muito alto,#02C650,1595,Vespasiano/MG,1.0
Desastres geo-hidrológicos,60060,Gestão de resíduos e limpeza pública,2015,,Presente,veryhigh,Muito alto,#02C650,510,Viadutos/RS,1.0
Desastres geo-hidrológicos,60060,Gestão de resíduos e limpeza pública,2015,,Presente,veryhigh,Muito alto,#02C650,2642,Viamão/RS,1.0
Desastres geo-hidrológicos,60060,Gestão de resíduos e limpeza pública,2015,,Presente,veryhigh,Muito alto,#02C650,1679,Viana/ES,1.0
Desastres geo-hidrológicos,60060,Gestão de resíduos e limpeza pública,2015,,Presente,veryhigh,Muito alto,#02C650,2816,Vianópolis/GO,1.0
Desastres geo-hidrológicos,60060,Gestão de resíduos e limpeza pública,2015,,Presente,veryhigh,Muito alto,#02C650,4384,Vicência/PE,1.0
Desastres geo-hidrológicos,60060,Gestão de resíduos e limpeza pública,2015,,Presente,veryhigh,Muito alto,#02C650,511,Vicente Dutra/RS,1.0
Desastres geo-hidrológicos,60060,Gestão de resíduos e limpeza pública,2015,,Presente,veryhigh,Muito alto,#02C650,597,Vicentina/MS,1.0
Desastres geo-hidrológicos,60060,Gestão de resíduos e limpeza pública,2015,,Presente,veryhigh,Muito alto,#02C650,2817,Vicentinópolis/GO,1.0
Desastres geo-hidrológicos,60060,Gestão de resíduos e limpeza pública,2015,,Presente,veryhigh,Muito alto,#02C650,3811,Viçosa do Ceará/CE,1.0
Desastres geo-hidrológicos,60060,Gestão de resíduos e limpeza pública,2015,,Presente,veryhigh,Muito alto,#02C650,1596,Viçosa/MG,1.0
Desastres geo-hidrológicos,60060,Gestão de resíduos e limpeza pública,2015,,Presente,veryhigh,Muito alto,#02C650,2559,Vidal Ramos/SC,1.0
Desastres geo-hidrológicos,60060,Gestão de resíduos e limpeza pública,2015,,Presente,veryhigh,Muito alto,#02C650,2560,Videira/SC,1.0
Desastres geo-hidrológicos,60060,Gestão de resíduos e limpeza pública,2015,,Presente,veryhigh,Muito alto,#02C650,2818,Vila Boa/GO,1.0
Desastres geo-hidrológicos,60060,Gestão de resíduos e limpeza pública,2015,,Presente,veryhigh,Muito alto,#02C650,513,Vila Flores/RS,1.0
Desastres geo-hidrológicos,60060,Gestão de resíduos e limpeza pública,2015,,Presente,veryhigh,Muito alto,#02C650,514,Vila Lângaro/RS,1.0
Desastres geo-hidrológicos,60060,Gestão de resíduos e limpeza pública,2015,,Presente,veryhigh,Muito alto,#02C650,3626,Vila Nova do Piauí/PI,1.0
Desastres geo-hidrológicos,60060,Gestão de resíduos e limpeza pública,2015,,Presente,veryhigh,Muito alto,#02C650,516,Vila Nova do Sul/RS,1.0
Desastres geo-hidrológicos,60060,Gestão de resíduos e limpeza pública,2015,,Presente,veryhigh,Muito alto,#02C650,1680,Vila Pavão/ES,1.0
Desastres geo-hidrológicos,60060,Gestão de resíduos e limpeza pública,2015,,Presente,veryhigh,Muito alto,#02C650,1682,Vila Velha/ES,1.0
Desastres geo-hidrológicos,60060,Gestão de resíduos e limpeza pública,2015,,Presente,veryhigh,Muito alto,#02C650,2370,Vinhedo/SP,1.0
Desastres geo-hidrológicos,60060,Gestão de resíduos e limpeza pública,2015,,Presente,veryhigh,Muito alto,#02C650,2371,Viradouro/SP,1.0
Desastres geo-hidrológicos,60060,Gestão de resíduos e limpeza pública,2015,,Presente,veryhigh,Muito alto,#02C650,519,Vista Gaúcha/RS,1.0
Desastres geo-hidrológicos,60060,Gestão de resíduos e limpeza pública,2015,,Presente,veryhigh,Muito alto,#02C650,4053,Vista Serrana/PB,1.0
Desastres geo-hidrológicos,60060,Gestão de resíduos e limpeza pública,2015,,Presente,veryhigh,Muito alto,#02C650,4385,Vitória de Santo Antão/PE,1.0
Desastres geo-hidrológicos,60060,Gestão de resíduos e limpeza pública,2015,,Presente,veryhigh,Muito alto,#02C650,3401,Vitória do Mearim/MA,1.0
Desastres geo-hidrológicos,60060,Gestão de resíduos e limpeza pública,2015,,Presente,veryhigh,Muito alto,#02C650,2883,Vitória do Xingu/PA,1.0
Desastres geo-hidrológicos,60060,Gestão de resíduos e limpeza pública,2015,,Presente,veryhigh,Muito alto,#02C650,1683,Vitória/ES,1.0
Desastres geo-hidrológicos,60060,Gestão de resíduos e limpeza pública,2015,,Presente,veryhigh,Muito alto,#02C650,5308,Vitorino/PR,1.0
Desastres geo-hidrológicos,60060,Gestão de resíduos e limpeza pública,2015,,Presente,veryhigh,Muito alto,#02C650,2561,Vitor Meireles/SC,1.0
Desastres geo-hidrológicos,60060,Gestão de resíduos e limpeza pública,2015,,Presente,veryhigh,Muito alto,#02C650,1775,Volta Redonda/RJ,1.0
Desastres geo-hidrológicos,60060,Gestão de resíduos e limpeza pública,2015,,Presente,veryhigh,Muito alto,#02C650,2374,Votorantim/SP,1.0
Desastres geo-hidrológicos,60060,Gestão de resíduos e limpeza pública,2015,,Presente,veryhigh,Muito alto,#02C650,2375,Votuporanga/SP,1.0
Desastres geo-hidrológicos,60060,Gestão de resíduos e limpeza pública,2015,,Presente,veryhigh,Muito alto,#02C650,4867,Wanderley/BA,1.0
Desastres geo-hidrológicos,60060,Gestão de resíduos e limpeza pública,2015,,Presente,veryhigh,Muito alto,#02C650,1605,Wenceslau Braz/MG,1.0
Desastres geo-hidrológicos,60060,Gestão de resíduos e limpeza pública,2015,,Presente,veryhigh,Muito alto,#02C650,5432,Wenceslau Braz/PR,1.0
Desastres geo-hidrológicos,60060,Gestão de resíduos e limpeza pública,2015,,Presente,veryhigh,Muito alto,#02C650,521,Westfália/RS,1.0
Desastres geo-hidrológicos,60060,Gestão de resíduos e limpeza pública,2015,,Presente,veryhigh,Muito alto,#02C650,2562,Witmarsum/SC,1.0
Desastres geo-hidrológicos,60060,Gestão de resíduos e limpeza pública,2015,,Presente,veryhigh,Muito alto,#02C650,3186,Xambioá/TO,1.0
Desastres geo-hidrológicos,60060,Gestão de resíduos e limpeza pública,2015,,Presente,veryhigh,Muito alto,#02C650,5309,Xambrê/PR,1.0
Desastres geo-hidrológicos,60060,Gestão de resíduos e limpeza pública,2015,,Presente,veryhigh,Muito alto,#02C650,123,Xanxerê/SC,1.0
Desastres geo-hidrológicos,60060,Gestão de resíduos e limpeza pública,2015,,Presente,veryhigh,Muito alto,#02C650,124,Xavantina/SC,1.0
Desastres geo-hidrológicos,60060,Gestão de resíduos e limpeza pública,2015,,Presente,veryhigh,Muito alto,#02C650,125,Xaxim/SC,1.0
Desastres geo-hidrológicos,60060,Gestão de resíduos e limpeza pública,2015,,Presente,veryhigh,Muito alto,#02C650,3045,Xinguara/PA,1.0
Desastres geo-hidrológicos,60060,Gestão de resíduos e limpeza pública,2015,,Presente,veryhigh,Muito alto,#02C650,4201,Zabelê/PB,1.0
Desastres geo-hidrológicos,60060,Gestão de resíduos e limpeza pública,2015,,Presente,veryhigh,Muito alto,#02C650,2376,Zacarias/SP,1.0
Desastres geo-hidrológicos,60060,Gestão de resíduos e limpeza pública,2015,,Presente,veryhigh,Muito alto,#02C650,126,Zortéa/SC,1.0
