"code_muni";"name_muni";"abbrev_state";"name_region";"populacao";"pop_urbana";"pop_rural";"perc_urbana";"perc_rural";"area_plantada_ha";"lat";"lon";"perc_inseg_total_2023";"perc_inseg_grave_2023";"perc_inseg_total_2024";"perc_inseg_grave_2024"
"1100015";"Alta Floresta D'oeste";"RO";"Norte";21494;12971;8523;60,35;39,65;9190;-12,4696338041123;-62,2744734281073;20,2;2,9;18,5;1,9
"1100023";"Ariquemes";"RO";"Norte";96833;83952;12881;86,7;13,3;25342;-9,9519975135205;-62,9572422506783;20,2;2,9;18,5;1,9
"1100031";"Cabixi";"RO";"Norte";5351;2846;2505;53,19;46,81;54895;-13,4748944209315;-60,6397987294105;20,2;2,9;18,5;1,9
"1100049";"Cacoal";"RO";"Norte";86887;71907;14980;82,76;17,24;15868;-11,3012278290206;-61,3246446488871;20,2;2,9;18,5;1,9
"1100056";"Cerejeiras";"RO";"Norte";15890;14116;1774;88,84;11,16;67615;-13,2036619510727;-61,2609435377984;20,2;2,9;18,5;1,9
"1100064";"Colorado do Oeste";"RO";"Norte";15663;11709;3954;74,76;25,24;4557;-13,15909154761;-60,5502261078111;20,2;2,9;18,5;1,9
"1100072";"Corumbiara";"RO";"Norte";7519;2780;4739;36,97;63,03;89734;-12,9267054416087;-61,0916659998777;20,2;2,9;18,5;1,9
"1100080";"Costa Marques";"RO";"Norte";12627;6670;5957;52,82;47,18;12015;-12,1471021284415;-64,0586150405023;20,2;2,9;18,5;1,9
"1100098";"Espigão D'oeste";"RO";"Norte";29414;21452;7962;72,93;27,07;4317;-11,3511675265574;-60,7847836300776;20,2;2,9;18,5;1,9
"1100106";"Guajará-Mirim";"RO";"Norte";39387;31737;7650;80,58;19,42;12209;-11,3054807341064;-64,5377577973865;20,2;2,9;18,5;1,9
"1100114";"Jaru";"RO";"Norte";50591;39807;10784;78,68;21,32;2938;-10,5922945158157;-62,5844877841147;20,2;2,9;18,5;1,9
"1100122";"Ji-Paraná";"RO";"Norte";124333;112983;11350;90,87;9,13;1393;-10,4618671158702;-61,757187117715;20,2;2,9;18,5;1,9
"1100130";"Machadinho D'oeste";"RO";"Norte";30707;16634;14073;54,17;45,83;26511;-9,20393152533283;-62,0102380156385;20,2;2,9;18,5;1,9
"1100148";"Nova Brasilândia D'oeste";"RO";"Norte";15679;7309;8370;46,62;53,38;10194;-11,64316272578;-62,2802010506106;20,2;2,9;18,5;1,9
"1100155";"Ouro Preto do Oeste";"RO";"Norte";35044;27701;7343;79,05;20,95;5137;-10,6104566506918;-62,1725075317072;20,2;2,9;18,5;1,9
"1100189";"Pimenta Bueno";"RO";"Norte";35079;28710;6369;81,84;18,16;4114;-11,8945489885658;-60,8305252043547;20,2;2,9;18,5;1,9
"1100205";"Porto Velho";"RO";"Norte";460434;426299;34135;92,59;7,41;89945;-9,15416038359361;-64,3042722713187;20,2;2,9;18,5;1,9
"1100254";"Presidente Médici";"RO";"Norte";19327;12381;6946;64,06;35,94;710;-11,1662582949916;-61,8779826742095;20,2;2,9;18,5;1,9
"1100262";"Rio Crespo";"RO";"Norte";3471;1438;2033;41,43;58,57;52577;-9,64518179587571;-62,7900804994806;20,2;2,9;18,5;1,9
"1100288";"Rolim de Moura";"RO";"Norte";56406;47264;9142;83,79;16,21;14185;-11,7325684688034;-61,7715369809129;20,2;2,9;18,5;1,9
"1100296";"Santa Luzia D'oeste";"RO";"Norte";7419;3256;4163;43,89;56,11;12514;-12,027147308003;-61,7009671912947;20,2;2,9;18,5;1,9
"1100304";"Vilhena";"RO";"Norte";95832;90305;5527;94,23;5,77;81432;-12,0944846288781;-60,2483475355416;20,2;2,9;18,5;1,9
"1100320";"São Miguel do Guaporé";"RO";"Norte";21635;11961;9674;55,29;44,71;54470;-11,6147063644396;-62,9837846725255;20,2;2,9;18,5;1,9
"1100338";"Nova Mamoré";"RO";"Norte";25444;14719;10725;57,85;42,15;14301;-10,382266600883;-64,62940710263;20,2;2,9;18,5;1,9
"1100346";"Alvorada D'oeste";"RO";"Norte";13117;7750;5367;59,08;40,92;2719;-11,3115130904781;-62,5450047867083;20,2;2,9;18,5;1,9
"1100379";"Alto Alegre dos Parecis";"RO";"Norte";11479;4986;6493;43,44;56,56;11782;-12,5933622130877;-61,8806310446209;20,2;2,9;18,5;1,9
"1100403";"Alto Paraíso";"RO";"Norte";16320;8158;8162;49,99;50,01;44810;-9,6494938645863;-63,3941592057942;20,2;2,9;18,5;1,9
"1100452";"Buritis";"RO";"Norte";27992;19414;8578;69,36;30,64;9118;-10,0520948928435;-63,9412273287957;20,2;2,9;18,5;1,9
"1100502";"Novo Horizonte do Oeste";"RO";"Norte";7667;3309;4358;43,16;56,84;6822;-11,68099816872;-62,0831761128788;20,2;2,9;18,5;1,9
"1100601";"Cacaulândia";"RO";"Norte";4150;1932;2218;46,55;53,45;1740;-10,331732609246;-62,9872625333351;20,2;2,9;18,5;1,9
"1100700";"Campo Novo de Rondônia";"RO";"Norte";8844;2731;6113;30,88;69,12;2567;-10,4848827373879;-63,7997971538334;20,2;2,9;18,5;1,9
"1100809";"Candeias do Jamari";"RO";"Norte";22310;17059;5251;76,46;23,54;47125;-8,8870291795582;-63,3254203883422;20,2;2,9;18,5;1,9
"1100908";"Castanheiras";"RO";"Norte";3233;767;2466;23,72;76,28;10056;-11,4707899864081;-61,8800843050571;20,2;2,9;18,5;1,9
"1100924";"Chupinguaia";"RO";"Norte";9324;5302;4022;56,86;43,14;73272;-12,5372967683531;-60,8984899392472;20,2;2,9;18,5;1,9
"1100940";"Cujubim";"RO";"Norte";14863;9723;5140;65,42;34,58;44206;-9,17098636716928;-62,5652673147021;20,2;2,9;18,5;1,9
"1101005";"Governador Jorge Teixeira";"RO";"Norte";8001;2543;5458;31,78;68,22;1419;-10,7479961471006;-63,1838876349619;20,2;2,9;18,5;1,9
"1101104";"Itapuã do Oeste";"RO";"Norte";8548;5916;2632;69,21;30,79;34157;-9,17019330765764;-63,0449545410378;20,2;2,9;18,5;1,9
"1101203";"Ministro Andreazza";"RO";"Norte";6466;2965;3501;45,86;54,14;2018;-11,1602807895759;-61,5689713362487;20,2;2,9;18,5;1,9
"1101302";"Mirante da Serra";"RO";"Norte";9235;4987;4248;54;46;3802;-11,0768038110761;-62,8479298045302;20,2;2,9;18,5;1,9
"1101401";"Monte Negro";"RO";"Norte";11548;5267;6281;45,61;54,39;1188;-10,2109437535529;-63,3724145607347;20,2;2,9;18,5;1,9
"1101435";"Nova União";"RO";"Norte";6200;1687;4513;27,21;72,79;1004;-10,8894275202268;-62,5324218872068;20,2;2,9;18,5;1,9
"1101450";"Parecis";"RO";"Norte";4125;1454;2671;35,25;64,75;8759;-12,2622735776861;-61,4152279360351;20,2;2,9;18,5;1,9
"1101468";"Pimenteiras do Oeste";"RO";"Norte";2156;1223;933;56,73;43,27;114024;-13,1737006937662;-61,5455474140885;20,2;2,9;18,5;1,9
"1101476";"Primavera de Rondônia";"RO";"Norte";3076;1390;1686;45,19;54,81;1078;-11,8787404495352;-61,3153516602219;20,2;2,9;18,5;1,9
"1101484";"São Felipe D'oeste";"RO";"Norte";5258;2164;3094;41,16;58,84;6277;-11,9047031852006;-61,4670347310606;20,2;2,9;18,5;1,9
"1101492";"São Francisco do Guaporé";"RO";"Norte";16286;9260;7026;56,86;43,14;17557;-12,3685390826175;-63,1226992456559;20,2;2,9;18,5;1,9
"1101500";"Seringueiras";"RO";"Norte";11171;5086;6085;45,53;54,47;10393;-11,8071550763829;-63,2307453715416;20,2;2,9;18,5;1,9
"1101559";"Teixeirópolis";"RO";"Norte";4256;1641;2615;38,56;61,44;180;-10,9436468012124;-62,2798593654749;20,2;2,9;18,5;1,9
"1101609";"Theobroma";"RO";"Norte";8113;2491;5622;30,7;69,3;4378;-10,1217412979569;-62,3423746351651;20,2;2,9;18,5;1,9
"1101708";"Urupá";"RO";"Norte";10725;5497;5228;51,25;48,75;404;-11,1040611116868;-62,4245554446615;20,2;2,9;18,5;1,9
"1101757";"Vale do Anari";"RO";"Norte";7788;3513;4275;45,11;54,89;7027;-9,73245338342107;-61,93902859517;20,2;2,9;18,5;1,9
"1101807";"Vale do Paraíso";"RO";"Norte";6479;2550;3929;39,36;60,64;302;-10,3841392272025;-62,0939842187382;20,2;2,9;18,5;1,9
"1200013";"Acrelândia";"AC";"Norte";14021;7765;6256;55,38;44,62;3849;-9,93388665437848;-66,9501637215239;30,6;5,8;23,5;5,9
"1200054";"Assis Brasil";"AC";"Norte";8100;4818;3282;59,48;40,52;1709;-10,77984804132;-70,005541942147;30,6;5,8;23,5;5,9
"1200104";"Brasiléia";"AC";"Norte";26000;16744;9256;64,4;35,6;3793;-10,74737901487;-69,207564825148;30,6;5,8;23,5;5,9
"1200138";"Bujari";"AC";"Norte";12917;5942;6975;46;54;2775;-9,61402285792024;-68,173707447477;30,6;5,8;23,5;5,9
"1200179";"Capixaba";"AC";"Norte";10392;4225;6167;40,66;59,34;7938;-10,4742070159741;-67,835857242209;30,6;5,8;23,5;5,9
"1200203";"Cruzeiro do Sul";"AC";"Norte";91888;68215;23673;74,24;25,76;4633;-7,97198071687863;-72,7545074960578;30,6;5,8;23,5;5,9
"1200252";"Epitaciolândia";"AC";"Norte";18757;12921;5836;68,89;31,11;3697;-10,8891320776741;-68,6183044510978;30,6;5,8;23,5;5,9
"1200302";"Feijó";"AC";"Norte";35426;18113;17313;51,13;48,87;6084;-8,92420173108959;-70,7431701826106;30,6;5,8;23,5;5,9
"1200328";"Jordão";"AC";"Norte";9222;3674;5548;39,84;60,16;1221;-9,24246362802933;-71,9058994207825;30,6;5,8;23,5;5,9
"1200336";"Mâncio Lima";"AC";"Norte";19294;12727;6567;65,96;34,04;3100;-7,50455345528177;-73,439146894489;30,6;5,8;23,5;5,9
"1200344";"Manoel Urbano";"AC";"Norte";11996;6725;5271;56,06;43,94;1747;-9,38041692067968;-69,8524459621602;30,6;5,8;23,5;5,9
"1200351";"Marechal Thaumaturgo";"AC";"Norte";17093;5894;11199;34,48;65,52;3068;-9,09630153486207;-72,5592092269941;30,6;5,8;23,5;5,9
"1200385";"Plácido de Castro";"AC";"Norte";16560;10739;5821;64,85;35,15;11571;-10,2490546646633;-67,3402011759597;30,6;5,8;23,5;5,9
"1200393";"Porto Walter";"AC";"Norte";10735;4951;5784;46,12;53,88;1412;-8,49200492064335;-72,733514103609;30,6;5,8;23,5;5,9
"1200401";"Rio Branco";"AC";"Norte";364756;341025;23731;93,49;6,51;7429;-10,0661779472625;-68,3708018081231;30,6;5,8;23,5;5,9
"1200427";"Rodrigues Alves";"AC";"Norte";14938;5688;9250;38,08;61,92;3045;-7,84392613350779;-73,2234729155961;30,6;5,8;23,5;5,9
"1200435";"Santa Rosa do Purus";"AC";"Norte";6723;3291;3432;48,95;51,05;913;-9,41058364416749;-70,3955563420288;30,6;5,8;23,5;5,9
"1200450";"Senador Guiomard";"AC";"Norte";21454;13355;8099;62,25;37,75;9222;-9,99718908036841;-67,4274451763416;30,6;5,8;23,5;5,9
"1200500";"Sena Madureira";"AC";"Norte";41343;26943;14400;65,17;34,83;4908;-9,77113453208172;-69,3807775636869;30,6;5,8;23,5;5,9
"1200609";"Tarauacá";"AC";"Norte";43467;24414;19053;56,17;43,83;6014;-8,23956692333576;-71,4449520777844;30,6;5,8;23,5;5,9
"1200708";"Xapuri";"AC";"Norte";18243;10308;7935;56,5;43,5;6146;-10,5755789797012;-68,5049579128556;30,6;5,8;23,5;5,9
"1200807";"Porto Acre";"AC";"Norte";16693;9465;7228;56,7;43,3;5022;-9,62950002783129;-67,6986234991149;30,6;5,8;23,5;5,9
"1300029";"Alvarães";"AM";"Norte";15866;8730;7136;55,02;44,98;1051;-3,69460492175945;-65,3242152361464;42,6;9,1;38,9;7,2
"1300060";"Amaturá";"AM";"Norte";10819;7771;3048;71,83;28,17;816;-3,41840196807143;-68,286536975085;42,6;9,1;38,9;7,2
"1300086";"Anamã";"AM";"Norte";9962;4811;5151;48,29;51,71;404;-3,50191872395321;-61,718065915729;42,6;9,1;38,9;7,2
"1300102";"Anori";"AM";"Norte";17194;10850;6344;63,1;36,9;620;-4,19871204872585;-62,0951386051286;42,6;9,1;38,9;7,2
"1300144";"Apuí";"AM";"Norte";20647;10940;9707;52,99;47,01;2404;-7,75950947685034;-59,432103614895;42,6;9,1;38,9;7,2
"1300201";"Atalaia do Norte";"AM";"Norte";15314;7933;7381;51,8;48,2;493;-5,71036049489756;-71,7397390942476;42,6;9,1;38,9;7,2
"1300300";"Autazes";"AM";"Norte";41564;18585;22979;44,71;55,29;4733;-3,78717905199793;-59,5252477045719;42,6;9,1;38,9;7,2
"1300409";"Barcelos";"AM";"Norte";18834;10460;8374;55,54;44,46;204;-0,465065235718901;-63,4347240855963;42,6;9,1;38,9;7,2
"1300508";"Barreirinha";"AM";"Norte";31051;16978;14073;54,68;45,32;177;-3,12899932037585;-57,1724371849855;42,6;9,1;38,9;7,2
"1300607";"Benjamin Constant";"AM";"Norte";37648;28794;8854;76,48;23,52;1034;-5,42436753698363;-70,2749745316578;42,6;9,1;38,9;7,2
"1300631";"Beruri";"AM";"Norte";20718;12080;8638;58,31;41,69;427;-4,60622453599418;-61,8039411254388;42,6;9,1;38,9;7,2
"1300680";"Boa Vista do Ramos";"AM";"Norte";23785;11873;11912;49,92;50,08;565;-3,13782946994251;-57,6700810382892;42,6;9,1;38,9;7,2
"1300706";"Boca do Acre";"AM";"Norte";35447;22125;13322;62,42;37,58;3634;-8,77330369100458;-68,0481365052434;42,6;9,1;38,9;7,2
"1300805";"Borba";"AM";"Norte";33080;20416;12664;61,72;38,28;3361;-4,95735108664396;-59,5348872545912;42,6;9,1;38,9;7,2
"1300839";"Caapiranga";"AM";"Norte";13469;6965;6504;51,71;48,29;407;-3,0820712545847;-61,8777691540851;42,6;9,1;38,9;7,2
"1300904";"Canutama";"AM";"Norte";16869;10088;6781;59,8;40,2;4887;-7,29996412613844;-64,0619370281286;42,6;9,1;38,9;7,2
"1301001";"Carauari";"AM";"Norte";28742;22681;6061;78,91;21,09;1301;-5,11846979830223;-67,3369683925393;42,6;9,1;38,9;7,2
"1301100";"Careiro";"AM";"Norte";30792;12940;17852;42,02;57,98;1290;-3,77045545075416;-60,1832149766199;42,6;9,1;38,9;7,2
"1301159";"Careiro da Várzea";"AM";"Norte";19637;2960;16677;15,07;84,93;413;-3,28605991601385;-59,5986790554922;42,6;9,1;38,9;7,2
"1301209";"Coari";"AM";"Norte";70616;52896;17720;74,91;25,09;3470;-4,43602595719707;-64,1245289292905;42,6;9,1;38,9;7,2
"1301308";"Codajás";"AM";"Norte";23549;17837;5712;75,74;24,26;3747;-3,28898721595141;-62,9737967243465;42,6;9,1;38,9;7,2
"1301407";"Eirunepé";"AM";"Norte";33170;25892;7278;78,06;21,94;1906;-7,022021962238;-70,2177719326151;42,6;9,1;38,9;7,2
"1301506";"Envira";"AM";"Norte";17186;12797;4389;74,46;25,54;1991;-7,57341708520634;-70,0551206248493;42,6;9,1;38,9;7,2
"1301605";"Fonte Boa";"AM";"Norte";25871;18064;7807;69,82;30,18;331;-2,49101715354853;-66,3579069156015;42,6;9,1;38,9;7,2
"1301654";"Guajará";"AM";"Norte";13815;9257;4558;67,01;32,99;449;-7,23001184702718;-72,8450356386631;42,6;9,1;38,9;7,2
"1301704";"Humaitá";"AM";"Norte";57473;42212;15261;73,45;26,55;28120;-7,36066504111805;-62,4863434095751;42,6;9,1;38,9;7,2
"1301803";"Ipixuna";"AM";"Norte";24311;16517;7794;67,94;32,06;340;-7,18051865766928;-71,4126757833441;42,6;9,1;38,9;7,2
"1301852";"Iranduba";"AM";"Norte";61163;46642;14521;76,26;23,74;2923;-3,09527624148339;-60,4797674542322;42,6;9,1;38,9;7,2
"1301902";"Itacoatiara";"AM";"Norte";103598;73023;30575;70,49;29,51;5447;-3,17408980524521;-58,7754360759886;42,6;9,1;38,9;7,2
"1301951";"Itamarati";"AM";"Norte";10937;7401;3536;67,67;32,33;457;-6,68314951954777;-68,1127900784409;42,6;9,1;38,9;7,2
"1302009";"Itapiranga";"AM";"Norte";10162;7953;2209;78,26;21,74;455;-2,49729113352037;-58,6133196930972;42,6;9,1;38,9;7,2
"1302108";"Japurá";"AM";"Norte";8858;4995;3863;56,39;43,61;213;-1,69714783277971;-68,3213097480872;42,6;9,1;38,9;7,2
"1302207";"Juruá";"AM";"Norte";10742;7215;3527;67,17;32,83;157;-3,52440972585441;-66,3076101751977;42,6;9,1;38,9;7,2
"1302306";"Jutaí";"AM";"Norte";25172;16163;9009;64,21;35,79;515;-4,71428655432053;-68,4039127688392;42,6;9,1;38,9;7,2
"1302405";"Lábrea";"AM";"Norte";45448;27687;17761;60,92;39,08;7915;-8,37517157669827;-65,8108678703434;42,6;9,1;38,9;7,2
"1302504";"Manacapuru";"AM";"Norte";101883;66353;35530;65,13;34,87;14034;-3,29147391468684;-60,9587893227853;42,6;9,1;38,9;7,2
"1302553";"Manaquiri";"AM";"Norte";17107;6603;10504;38,6;61,4;2283;-3,77903256136084;-60,697168855153;42,6;9,1;38,9;7,2
"1302603";"Manaus";"AM";"Norte";2063689;2043677;20012;99,03;0,97;664;-2,62596313434458;-60,259647227666;42,6;9,1;38,9;7,2
"1302702";"Manicoré";"AM";"Norte";53914;30694;23220;56,93;43,07;11135;-6,45822072200987;-61,4464708360678;42,6;9,1;38,9;7,2
"1302801";"Maraã";"AM";"Norte";15529;7926;7603;51,04;48,96;90;-2,4266721438761;-65,039982607508;42,6;9,1;38,9;7,2
"1302900";"Maués";"AM";"Norte";61204;29196;32008;47,7;52,3;2760;-4,98318305295072;-58,0598979451491;42,6;9,1;38,9;7,2
"1303007";"Nhamundá";"AM";"Norte";20136;7496;12640;37,23;62,77;671;-1,68063926742675;-57,6564051131805;42,6;9,1;38,9;7,2
"1303106";"Nova Olinda do Norte";"AM";"Norte";27062;16463;10599;60,83;39,17;1827;-3,98945026382585;-58,599780983721;42,6;9,1;38,9;7,2
"1303205";"Novo Airão";"AM";"Norte";15761;11836;3925;75,1;24,9;464;-2,0481768612367;-61,702987091443;42,6;9,1;38,9;7,2
"1303304";"Novo Aripuanã";"AM";"Norte";23818;17907;5911;75,18;24,82;2330;-6,82119851231745;-60,4752490644003;42,6;9,1;38,9;7,2
"1303403";"Parintins";"AM";"Norte";96372;79675;16697;82,67;17,33;3321;-2,68795375446255;-56,8546063644621;42,6;9,1;38,9;7,2
"1303502";"Pauini";"AM";"Norte";19373;11898;7475;61,42;38,58;1517;-7,75839062477356;-68,1972762162894;42,6;9,1;38,9;7,2
"1303536";"Presidente Figueiredo";"AM";"Norte";30668;16772;13896;54,69;45,31;7165;-1,37090072387939;-59,989649184776;42,6;9,1;38,9;7,2
"1303569";"Rio Preto da Eva";"AM";"Norte";24936;14145;10791;56,73;43,27;2393;-2,52978289122624;-59,6384054849903;42,6;9,1;38,9;7,2
"1303601";"Santa Isabel do Rio Negro";"AM";"Norte";14164;6902;7262;48,73;51,27;225;-0,318346180847578;-65,5212359054951;42,6;9,1;38,9;7,2
"1303700";"Santo Antônio do Içá";"AM";"Norte";28211;21900;6311;77,63;22,37;645;-3,05298543492367;-69,0893288643376;42,6;9,1;38,9;7,2
"1303809";"São Gabriel da Cachoeira";"AM";"Norte";51795;26600;25195;51,36;48,64;1384;0,374453393722568;-67,997071436886;42,6;9,1;38,9;7,2
"1303908";"São Paulo de Olivença";"AM";"Norte";32967;24118;8849;73,16;26,84;703;-4,50065911962658;-69,4502031679215;42,6;9,1;38,9;7,2
"1303957";"São Sebastião do Uatumã";"AM";"Norte";11670;9527;2143;81,64;18,36;597;-1,94176329246187;-58,705409315333;42,6;9,1;38,9;7,2
"1304005";"Silves";"AM";"Norte";11559;5142;6417;44,48;55,52;322;-2,82056582534305;-58,5370621989568;42,6;9,1;38,9;7,2
"1304062";"Tabatinga";"AM";"Norte";66764;55680;11084;83,4;16,6;280;-4,02822643875045;-69,6775980476765;42,6;9,1;38,9;7,2
"1304104";"Tapauá";"AM";"Norte";19599;11339;8260;57,85;42,15;3036;-6,09530726008171;-64,9542840092628;42,6;9,1;38,9;7,2
"1304203";"Tefé";"AM";"Norte";73669;59584;14085;80,88;19,12;10387;-4,4699714214363;-65,5305165544972;42,6;9,1;38,9;7,2
"1304237";"Tonantins";"AM";"Norte";19247;11347;7900;58,95;41,05;380;-2,6918800798499;-67,8260738085559;42,6;9,1;38,9;7,2
"1304260";"Uarini";"AM";"Norte";14431;9764;4667;67,66;32,34;1209;-3,16561142975047;-65,4106588000088;42,6;9,1;38,9;7,2
"1304302";"Urucará";"AM";"Norte";18631;12336;6295;66,21;33,79;1163;-0,894225215334118;-59,0299195344658;42,6;9,1;38,9;7,2
"1304401";"Urucurituba";"AM";"Norte";23945;15563;8382;64,99;35,01;405;-2,81372546444298;-57,7711862966153;42,6;9,1;38,9;7,2
"1400027";"Amajari";"RR";"Norte";13927;2213;11714;15,89;84,11;3535;3,73345440993638;-62,4369309064473;36,4;6,7;43,6;6,7
"1400050";"Alto Alegre";"RR";"Norte";21096;4763;16333;22,58;77,42;43043;3,07249990109248;-62,7423237447006;36,4;6,7;43,6;6,7
"1400100";"Boa Vista";"RR";"Norte";413486;402169;11317;97,26;2,74;26585;3,11784770497658;-60,7179929396532;36,4;6,7;43,6;6,7
"1400159";"Bonfim";"RR";"Norte";13923;5067;8856;36,39;63,61;55995;2,78747719958296;-60,1006285385406;36,4;6,7;43,6;6,7
"1400175";"Cantá";"RR";"Norte";18682;4628;14054;24,77;75,23;6800;2,27278209331018;-60,5422355137962;36,4;6,7;43,6;6,7
"1400209";"Caracaraí";"RR";"Norte";20957;11113;9844;53,03;46,97;1945;0,990725674108713;-61,4717378709397;36,4;6,7;43,6;6,7
"1400233";"Caroebe";"RR";"Norte";10656;4945;5711;46,41;53,59;3544;0,914673015018627;-59,3381097569267;36,4;6,7;43,6;6,7
"1400282";"Iracema";"RR";"Norte";10023;4265;5758;42,55;57,45;4463;2,1819482851153;-62,4014581180136;36,4;6,7;43,6;6,7
"1400308";"Mucajaí";"RR";"Norte";18095;10121;7974;55,93;44,07;8018;2,51110813030303;-61,9968729693629;36,4;6,7;43,6;6,7
"1400407";"Normandia";"RR";"Norte";13986;3234;10752;23,12;76,88;4626;3,87884027864149;-60,0654345002476;36,4;6,7;43,6;6,7
"1400456";"Pacaraima";"RR";"Norte";19305;9251;10054;47,92;52,08;904;4,16842667106512;-60,8393334657988;36,4;6,7;43,6;6,7
"1400472";"Rorainópolis";"RR";"Norte";32647;24295;8352;74,42;25,58;3416;0,0380618066129852;-61,0111355796963;36,4;6,7;43,6;6,7
"1400506";"São João da Baliza";"RR";"Norte";8858;6287;2571;70,98;29,02;4600;0,63577991733198;-59,8449847867408;36,4;6,7;43,6;6,7
"1400605";"São Luiz";"RR";"Norte";7315;4363;2952;59,64;40,36;1107;0,884528200782627;-60,1518430223238;36,4;6,7;43,6;6,7
"1400704";"Uiramutã";"RR";"Norte";13751;1056;12695;7,68;92,32;784;4,68532413024876;-60,2792754268574;36,4;6,7;43,6;6,7
"1500107";"Abaetetuba";"PA";"Norte";158188;98390;59798;62,2;37,8;28075;-1,73026847464813;-48,8830284828231;47,8;9,6;44,6;7
"1500131";"Abel Figueiredo";"PA";"Norte";6136;5366;770;87,45;12,55;6405;-4,95729103807215;-48,4246300709672;47,8;9,6;44,6;7
"1500206";"Acará";"PA";"Norte";59023;13079;45944;22,16;77,84;54932;-2,03531312795925;-48,4114113197637;47,8;9,6;44,6;7
"1500305";"Afuá";"PA";"Norte";37765;11875;25890;31,44;68,56;150;-0,262863048552887;-50,7259278641832;47,8;9,6;44,6;7
"1500347";"Água Azul do Norte";"PA";"Norte";18080;9302;8778;51,45;48,55;6943;-6,77300468361487;-50,4302949446344;47,8;9,6;44,6;7
"1500404";"Alenquer";"PA";"Norte";69377;35153;34224;50,67;49,33;16385;-0,604331361970037;-55,0392196843107;47,8;9,6;44,6;7
"1500503";"Almeirim";"PA";"Norte";34280;22500;11780;65,64;34,36;787;0,284366752677592;-53,8934294437655;47,8;9,6;44,6;7
"1500602";"Altamira";"PA";"Norte";126279;104202;22077;82,52;17,48;36264;-6,48108239981528;-53,885263616676;47,8;9,6;44,6;7
"1500701";"Anajás";"PA";"Norte";28011;12306;15705;43,93;56,07;12667;-0,827086328008146;-49,9613192002656;47,8;9,6;44,6;7
"1500800";"Ananindeua";"PA";"Norte";478778;477298;1480;99,69;0,31;38;-1,33412401068346;-48,3834890323131;47,8;9,6;44,6;7
"1500859";"Anapu";"PA";"Norte";31850;15840;16010;49,73;50,27;13555;-3,99661008285001;-51,3015072335134;47,8;9,6;44,6;7
"1500909";"Augusto Corrêa";"PA";"Norte";44573;22944;21629;51,48;48,52;2925;-1,10487443606208;-46,5074814693176;47,8;9,6;44,6;7
"1500958";"Aurora do Pará";"PA";"Norte";23774;10136;13638;42,63;57,37;7978;-2,23113238266685;-47,7263169427528;47,8;9,6;44,6;7
"1501006";"Aveiro";"PA";"Norte";18290;4417;13873;24,15;75,85;1877;-3,6672992036122;-56,01631683055;47,8;9,6;44,6;7
"1501105";"Bagre";"PA";"Norte";31892;13003;18889;40,77;59,23;11825;-2,37312301301807;-50,1818044252689;47,8;9,6;44,6;7
"1501204";"Baião";"PA";"Norte";51641;27311;24330;52,89;47,11;25400;-3,12999776534074;-49,6990019713979;47,8;9,6;44,6;7
"1501253";"Bannach";"PA";"Norte";4031;1611;2420;39,97;60,03;2151;-7,48634582397812;-50,6344245473122;47,8;9,6;44,6;7
"1501303";"Barcarena";"PA";"Norte";126650;104487;22163;82,5;17,5;14114;-1,49846592815976;-48,6342438384072;47,8;9,6;44,6;7
"1501402";"Belém";"PA";"Norte";1303403;1296633;6770;99,48;0,52;170;-1,24072192695673;-48,4598714746137;47,8;9,6;44,6;7
"1501451";"Belterra";"PA";"Norte";18099;8778;9321;48,5;51,5;47688;-3,19108308554204;-54,9928187880834;47,8;9,6;44,6;7
"1501501";"Benevides";"PA";"Norte";63567;60298;3269;94,86;5,14;793;-1,33959311794008;-48,2756399144447;47,8;9,6;44,6;7
"1501576";"Bom Jesus do Tocantins";"PA";"Norte";18005;10333;7672;57,39;42,61;609;-5,054339837148;-48,7635665395891;47,8;9,6;44,6;7
"1501600";"Bonito";"PA";"Norte";12622;6925;5697;54,86;45,14;9740;-1,38740221425952;-47,3022989808647;47,8;9,6;44,6;7
"1501709";"Bragança";"PA";"Norte";123082;87608;35474;71,18;28,82;5539;-1,1931902917905;-46,7635855332351;47,8;9,6;44,6;7
"1501725";"Brasil Novo";"PA";"Norte";24718;13404;11314;54,23;45,77;11045;-3,29206888207183;-52,6853339963432;47,8;9,6;44,6;7
"1501758";"Brejo Grande do Araguaia";"PA";"Norte";6783;3792;2991;55,9;44,1;1820;-5,73561277745386;-48,4319119817065;47,8;9,6;44,6;7
"1501782";"Breu Branco";"PA";"Norte";45712;28500;17212;62,35;37,65;6993;-3,73348497391561;-49,3711537267842;47,8;9,6;44,6;7
"1501808";"Breves";"PA";"Norte";106968;55509;51459;51,89;48,11;3386;-1,12089809411548;-50,6280955469344;47,8;9,6;44,6;7
"1501907";"Bujaru";"PA";"Norte";24383;8660;15723;35,52;64,48;8677;-1,63298388569775;-48,0897614186986;47,8;9,6;44,6;7
"1501956";"Cachoeira do Piriá";"PA";"Norte";19630;7152;12478;36,43;63,57;2151;-1,98871246043834;-46,4431814548316;47,8;9,6;44,6;7
"1502004";"Cachoeira do Arari";"PA";"Norte";23981;11363;12618;47,38;52,62;12750;-0,869307404343265;-48,8773191734527;47,8;9,6;44,6;7
"1502103";"Cametá";"PA";"Norte";134184;68213;65971;50,84;49,16;44855;-2,25298714836431;-49,5135589033529;47,8;9,6;44,6;7
"1502152";"Canaã dos Carajás";"PA";"Norte";77079;69332;7747;89,95;10,05;4891;-6,42409599363579;-50,0859349486872;47,8;9,6;44,6;7
"1502202";"Capanema";"PA";"Norte";70394;59704;10690;84,81;15,19;8311;-1,14208905404747;-47,1178949550125;47,8;9,6;44,6;7
"1502301";"Capitão Poço";"PA";"Norte";56506;31205;25301;55,22;44,78;19805;-2,04216547138102;-47,233389965326;47,8;9,6;44,6;7
"1502400";"Castanhal";"PA";"Norte";192256;177867;14389;92,52;7,48;12354;-1,26854412660024;-47,8770658009268;47,8;9,6;44,6;7
"1502509";"Chaves";"PA";"Norte";20757;4686;16071;22,58;77,42;70;-0,0324137897489442;-49,8380310335801;47,8;9,6;44,6;7
"1502608";"Colares";"PA";"Norte";12868;5093;7775;39,58;60,42;415;-0,935790934500574;-48,2737694754522;47,8;9,6;44,6;7
"1502707";"Conceição do Araguaia";"PA";"Norte";44617;33157;11460;74,31;25,69;32117;-8,18238204757716;-49,5126410970448;47,8;9,6;44,6;7
"1502756";"Concórdia do Pará";"PA";"Norte";26881;16492;10389;61,35;38,65;28840;-1,88166206599047;-47,9746233812425;47,8;9,6;44,6;7
"1502764";"Cumaru do Norte";"PA";"Norte";14036;5001;9035;35,63;64,37;81800;-8,45756165505204;-51,2206547247372;47,8;9,6;44,6;7
"1502772";"Curionópolis";"PA";"Norte";19950;17905;2045;89,75;10,25;6031;-6,22889983931263;-49,6246199374387;47,8;9,6;44,6;7
"1502806";"Curralinho";"PA";"Norte";33903;13515;20388;39,86;60,14;3124;-1,58350389535222;-49,9881386589014;47,8;9,6;44,6;7
"1502855";"Curuá";"PA";"Norte";14117;7358;6759;52,12;47,88;677;-1,84599030711173;-55,113250466061;47,8;9,6;44,6;7
"1502905";"Curuçá";"PA";"Norte";41262;24716;16546;59,9;40,1;1435;-0,742840068413716;-47,8638597727562;47,8;9,6;44,6;7
"1502939";"Dom Eliseu";"PA";"Norte";58484;49321;9163;84,33;15,67;201644;-4,18656122145332;-47,8981779814328;47,8;9,6;44,6;7
"1502954";"Eldorado do Carajás";"PA";"Norte";28192;17253;10939;61,2;38,8;5802;-6,06956868087026;-49,2454373910757;47,8;9,6;44,6;7
"1503002";"Faro";"PA";"Norte";8728;7198;1530;82,47;17,53;102;-1,15909600723317;-57,8061833332521;47,8;9,6;44,6;7
"1503044";"Floresta do Araguaia";"PA";"Norte";17898;10449;7449;58,38;41,62;17369;-7,54832459386634;-49,5760147588471;47,8;9,6;44,6;7
"1503077";"Garrafão do Norte";"PA";"Norte";24703;14188;10515;57,43;42,57;8360;-2,16827709568363;-47,0759633140872;47,8;9,6;44,6;7
"1503093";"Goianésia do Pará";"PA";"Norte";26362;16790;9572;63,69;36,31;14310;-4,02720869921641;-49,005638411588;47,8;9,6;44,6;7
"1503101";"Gurupá";"PA";"Norte";31786;13228;18558;41,62;58,38;1077;-1,14941092379235;-51,5538909839746;47,8;9,6;44,6;7
"1503200";"Igarapé-Açu";"PA";"Norte";35797;24862;10935;69,45;30,55;10540;-1,14491663151824;-47,5659140971889;47,8;9,6;44,6;7
"1503309";"Igarapé-Miri";"PA";"Norte";64831;28911;35920;44,59;55,41;54814;-2,06255876292774;-49,1307157911621;47,8;9,6;44,6;7
"1503408";"Inhangapi";"PA";"Norte";10325;3659;6666;35,44;64,56;5193;-1,46467138607006;-47,9228592640311;47,8;9,6;44,6;7
"1503457";"Ipixuna do Pará";"PA";"Norte";30329;15532;14797;51,21;48,79;15302;-2,80579461790761;-47,9213709405389;47,8;9,6;44,6;7
"1503507";"Irituia";"PA";"Norte";30955;8958;21997;28,94;71,06;4208;-1,81155741630093;-47,3998747494351;47,8;9,6;44,6;7
"1503606";"Itaituba";"PA";"Norte";123314;107284;16030;87;13;3014;-5,86894047917949;-56,4969689195743;47,8;9,6;44,6;7
"1503705";"Itupiranga";"PA";"Norte";49754;28558;21196;57,4;42,6;8360;-5,11491146923275;-49,869679240355;47,8;9,6;44,6;7
"1503754";"Jacareacanga";"PA";"Norte";24042;10150;13892;42,22;57,78;5002;-7,4430775809455;-57,3042488873183;47,8;9,6;44,6;7
"1503804";"Jacundá";"PA";"Norte";37707;33701;4006;89,38;10,62;450;-4,59856793874731;-49,1810429210646;47,8;9,6;44,6;7
"1503903";"Juruti";"PA";"Norte";50881;29791;21090;58,55;41,45;5226;-2,62305107597753;-56,2213338556552;47,8;9,6;44,6;7
"1504000";"Limoeiro do Ajuru";"PA";"Norte";29569;8735;20834;29,54;70,46;9861;-1,86425448727294;-49,4691854759236;47,8;9,6;44,6;7
"1504059";"Mãe do Rio";"PA";"Norte";34353;27834;6519;81,02;18,98;3048;-1,99095570270856;-47,512755091439;47,8;9,6;44,6;7
"1504109";"Magalhães Barata";"PA";"Norte";8115;3857;4258;47,53;52,47;1193;-0,809899787500238;-47,6352041551791;47,8;9,6;44,6;7
"1504208";"Marabá";"PA";"Norte";266533;239719;26814;89,94;10,06;17737;-5,63011967165483;-50,0168884016225;47,8;9,6;44,6;7
"1504307";"Maracanã";"PA";"Norte";25971;10813;15158;41,63;58,37;2527;-0,809982789918288;-47,4973929644954;47,8;9,6;44,6;7
"1504406";"Marapanim";"PA";"Norte";26573;15249;11324;57,39;42,61;1508;-0,83761539708512;-47,7098821629087;47,8;9,6;44,6;7
"1504422";"Marituba";"PA";"Norte";111785;111479;306;99,73;0,27;NA;-1,39743656127436;-48,3197964428076;47,8;9,6;44,6;7
"1504455";"Medicilândia";"PA";"Norte";27094;10745;16349;39,66;60,34;57764;-3,160176612475;-53,1950140715891;47,8;9,6;44,6;7
"1504505";"Melgaço";"PA";"Norte";27881;9657;18224;34,64;65,36;6804;-1,60765151423725;-51,103930348115;47,8;9,6;44,6;7
"1504604";"Mocajuba";"PA";"Norte";27198;19424;7774;71,42;28,58;18098;-2,57669844942349;-49,4664024153;47,8;9,6;44,6;7
"1504703";"Moju";"PA";"Norte";84094;33208;50886;39,49;60,51;42665;-2,68378909080839;-49,0739189178583;47,8;9,6;44,6;7
"1504752";"Mojuí dos Campos";"PA";"Norte";23501;8463;15038;36,01;63,99;94043;-3,07039007745807;-54,5752060153476;47,8;9,6;44,6;7
"1504802";"Monte Alegre";"PA";"Norte";60012;32654;27358;54,41;45,59;15631;-1,07428188106085;-54,3530841557553;47,8;9,6;44,6;7
"1504901";"Muaná";"PA";"Norte";45368;19561;25807;43,12;56,88;3390;-1,35568218132877;-49,3092822393743;47,8;9,6;44,6;7
"1504950";"Nova Esperança do Piriá";"PA";"Norte";20478;12730;7748;62,16;37,84;10398;-2,39267291258101;-46,9000382440109;47,8;9,6;44,6;7
"1504976";"Nova Ipixuna";"PA";"Norte";13955;7050;6905;50,52;49,48;1071;-4,9809780764364;-49,2308021423443;47,8;9,6;44,6;7
"1505007";"Nova Timboteua";"PA";"Norte";12806;9105;3701;71,1;28,9;2863;-1,15639065804404;-47,3921446806284;47,8;9,6;44,6;7
"1505031";"Novo Progresso";"PA";"Norte";33638;26931;6707;80,06;19,94;35847;-8,06044485673808;-55,6123155784546;47,8;9,6;44,6;7
"1505064";"Novo Repartimento";"PA";"Norte";60732;32689;28043;53,83;46,17;7566;-4,50293588072864;-50,2715154563032;47,8;9,6;44,6;7
"1505106";"Óbidos";"PA";"Norte";52229;31699;20530;60,69;39,31;8423;-0,169706284490952;-55,6748439941131;47,8;9,6;44,6;7
"1505205";"Oeiras do Pará";"PA";"Norte";33844;15669;18175;46,3;53,7;10726;-2,27896261213238;-49,9023108756355;47,8;9,6;44,6;7
"1505304";"Oriximiná";"PA";"Norte";68294;47358;20936;69,34;30,66;14459;0,254973502956488;-57,1498529458795;47,8;9,6;44,6;7
"1505403";"Ourém";"PA";"Norte";17855;10884;6971;60,96;39,04;2463;-1,49592360033671;-47,1391264931644;47,8;9,6;44,6;7
"1505437";"Ourilândia do Norte";"PA";"Norte";32467;27495;4972;84,69;15,31;1900;-7,52025403110156;-51,4303724950406;47,8;9,6;44,6;7
"1505486";"Pacajá";"PA";"Norte";41097;18964;22133;46,14;53,86;14611;-3,68422040905705;-50,6316050127896;47,8;9,6;44,6;7
"1505494";"Palestina do Pará";"PA";"Norte";6885;4724;2161;68,61;31,39;790;-5,92715484729424;-48,3702034267972;47,8;9,6;44,6;7
"1505502";"Paragominas";"PA";"Norte";105550;96150;9400;91,09;8,91;320020;-3,20349946192704;-47,6028748428697;47,8;9,6;44,6;7
"1505536";"Parauapebas";"PA";"Norte";267836;258225;9611;96,41;3,59;5671;-6,15175310456151;-50,4897355952946;47,8;9,6;44,6;7
"1505551";"Pau D'arco";"PA";"Norte";6931;4239;2692;61,16;38,84;8275;-7,73698772795104;-50,1237095623534;47,8;9,6;44,6;7
"1505601";"Peixe-Boi";"PA";"Norte";8285;4986;3299;60,18;39,82;1321;-1,13088923527607;-47,2719412435152;47,8;9,6;44,6;7
"1505635";"Piçarra";"PA";"Norte";12832;5318;7514;41,44;58,56;3367;-6,54103280517344;-49,0118850558284;47,8;9,6;44,6;7
"1505650";"Placas";"PA";"Norte";18668;8060;10608;43,18;56,82;22011;-3,88978644156714;-54,5006499940951;47,8;9,6;44,6;7
"1505700";"Ponta de Pedras";"PA";"Norte";24984;13002;11982;52,04;47,96;3365;-1,11766852471145;-49,0771850884743;47,8;9,6;44,6;7
"1505809";"Portel";"PA";"Norte";62503;30223;32280;48,35;51,65;21780;-2,56537383287578;-50,9558196065483;47,8;9,6;44,6;7
"1505908";"Porto de Moz";"PA";"Norte";40597;19863;20734;48,93;51,07;1226;-2,18460751389671;-52,5477668832064;47,8;9,6;44,6;7
"1506005";"Prainha";"PA";"Norte";35577;18520;17057;52,06;47,94;4525;-2,12020306512711;-53,660178897354;47,8;9,6;44,6;7
"1506104";"Primavera";"PA";"Norte";10851;7202;3649;66,37;33,63;588;-0,952717961873969;-47,1313517645429;47,8;9,6;44,6;7
"1506112";"Quatipuru";"PA";"Norte";11524;9651;1873;83,75;16,25;833;-0,860122628668257;-47,0155159358968;47,8;9,6;44,6;7
"1506138";"Redenção";"PA";"Norte";85597;81630;3967;95,37;4,63;23330;-8,06931910876342;-50,1981964663304;47,8;9,6;44,6;7
"1506161";"Rio Maria";"PA";"Norte";18384;13970;4414;75,99;24,01;3474;-7,34080008863226;-49,895127165303;47,8;9,6;44,6;7
"1506187";"Rondon do Pará";"PA";"Norte";53143;33871;19272;63,74;36,26;112139;-4,51698777815702;-48,4599544509048;47,8;9,6;44,6;7
"1506195";"Rurópolis";"PA";"Norte";35769;21637;14132;60,49;39,51;10501;-4,24098361853541;-55,2107494351434;47,8;9,6;44,6;7
"1506203";"Salinópolis";"PA";"Norte";44772;41139;3633;91,89;8,11;827;-0,684112795324317;-47,3517524991754;47,8;9,6;44,6;7
"1506302";"Salvaterra";"PA";"Norte";24129;17814;6315;73,83;26,17;1740;-0,796681851638717;-48,6298760409435;47,8;9,6;44,6;7
"1506351";"Santa Bárbara do Pará";"PA";"Norte";21087;13764;7323;65,27;34,73;1975;-1,19426211792717;-48,2505084390334;47,8;9,6;44,6;7
"1506401";"Santa Cruz do Arari";"PA";"Norte";7445;6270;1175;84,22;15,78;NA;-0,583403018286736;-49,3138819417376;47,8;9,6;44,6;7
"1506500";"Santa Izabel do Pará";"PA";"Norte";73019;58670;14349;80,35;19,65;9043;-1,36520526255657;-48,1294499206398;47,8;9,6;44,6;7
"1506559";"Santa Luzia do Pará";"PA";"Norte";20370;10952;9418;53,77;46,23;2000;-1,65660419834109;-46,9268743244927;47,8;9,6;44,6;7
"1506583";"Santa Maria das Barreiras";"PA";"Norte";16548;8180;8368;49,43;50,57;178500;-8,63384019836493;-50,3144420901871;47,8;9,6;44,6;7
"1506609";"Santa Maria do Pará";"PA";"Norte";24624;17080;7544;69,36;30,64;7311;-1,37454096417752;-47,5216908841971;47,8;9,6;44,6;7
"1506708";"Santana do Araguaia";"PA";"Norte";32413;25819;6594;79,66;20,34;225990;-9,36395482245002;-50,6112610506189;47,8;9,6;44,6;7
"1506807";"Santarém";"PA";"Norte";331942;264507;67435;79,68;20,32;54411;-2,67927717840686;-55,2381908676459;47,8;9,6;44,6;7
"1506906";"Santarém Novo";"PA";"Norte";6116;1910;4206;31,23;68,77;1110;-0,913374131353746;-47,3329370052238;47,8;9,6;44,6;7
"1507003";"Santo Antônio do Tauá";"PA";"Norte";27461;18317;9144;66,7;33,3;4114;-1,09306740067989;-48,1829857438603;47,8;9,6;44,6;7
"1507102";"São Caetano de Odivelas";"PA";"Norte";16666;9230;7436;55,38;44,62;1896;-0,865001608320986;-48,0256744443006;47,8;9,6;44,6;7
"1507151";"São Domingos do Araguaia";"PA";"Norte";21092;14890;6202;70,6;29,4;3615;-5,65756724347762;-48,7305968471042;47,8;9,6;44,6;7
"1507201";"São Domingos do Capim";"PA";"Norte";30599;9310;21289;30,43;69,57;17500;-1,88255717102001;-47,7714707123118;47,8;9,6;44,6;7
"1507300";"São Félix do Xingu";"PA";"Norte";65418;39114;26304;59,79;40,21;33958;-7,22954358377326;-52,2520653246035;47,8;9,6;44,6;7
"1507409";"São Francisco do Pará";"PA";"Norte";14894;7442;7452;49,97;50,03;6172;-1,20602023693279;-47,7467967317903;47,8;9,6;44,6;7
"1507458";"São Geraldo do Araguaia";"PA";"Norte";24255;16943;7312;69,85;30,15;8955;-6,18916900422685;-48,748255659753;47,8;9,6;44,6;7
"1507466";"São João da Ponta";"PA";"Norte";4430;876;3554;19,77;80,23;734;-0,870364888920675;-47,9645037454535;47,8;9,6;44,6;7
"1507474";"São João de Pirabas";"PA";"Norte";20689;13130;7559;63,46;36,54;492;-0,783845045991678;-47,2180139012731;47,8;9,6;44,6;7
"1507508";"São João do Araguaia";"PA";"Norte";13664;5422;8242;39,68;60,32;1405;-5,44732841863982;-48,696821357379;47,8;9,6;44,6;7
"1507607";"São Miguel do Guamá";"PA";"Norte";52894;37846;15048;71,55;28,45;6953;-1,55153158645258;-47,6107920340483;47,8;9,6;44,6;7
"1507706";"São Sebastião da Boa Vista";"PA";"Norte";25643;11260;14383;43,91;56,09;5070;-1,43408296765678;-49,680283154539;47,8;9,6;44,6;7
"1507755";"Sapucaia";"PA";"Norte";5847;4764;1083;81,48;18,52;2061;-6,83888543770386;-49,5697976994761;47,8;9,6;44,6;7
"1507805";"Senador José Porfírio";"PA";"Norte";22576;8963;13613;39,7;60,3;6286;-4,16923679862977;-51,7739424093627;47,8;9,6;44,6;7
"1507904";"Soure";"PA";"Norte";24204;22543;1661;93,14;6,86;125;-0,447975341766301;-48,6978048989849;47,8;9,6;44,6;7
"1507953";"Tailândia";"PA";"Norte";72493;62871;9622;86,73;13,27;100035;-2,90776047526885;-48,736655536604;47,8;9,6;44,6;7
"1507961";"Terra Alta";"PA";"Norte";10400;5908;4492;56,81;43,19;916;-1,00253233735942;-47,8482178248192;47,8;9,6;44,6;7
"1507979";"Terra Santa";"PA";"Norte";18782;16259;2523;86,57;13,43;92;-1,95155211994689;-56,4583759288388;47,8;9,6;44,6;7
"1508001";"Tomé-Açu";"PA";"Norte";67585;42807;24778;63,34;36,66;62660;-2,63599786219069;-48,2675239472573;47,8;9,6;44,6;7
"1508035";"Tracuateua";"PA";"Norte";28595;10173;18422;35,58;64,42;3576;-1,04111402388809;-46,938973422337;47,8;9,6;44,6;7
"1508050";"Trairão";"PA";"Norte";15242;9399;5843;61,67;38,33;12646;-5,1301670525391;-56,0034354293263;47,8;9,6;44,6;7
"1508084";"Tucumã";"PA";"Norte";39550;34117;5433;86,26;13,74;14088;-6,82015559792279;-51,3913601180436;47,8;9,6;44,6;7
"1508100";"Tucuruí";"PA";"Norte";91306;85560;5746;93,71;6,29;242;-3,85620515734605;-49,8211347356504;47,8;9,6;44,6;7
"1508126";"Ulianópolis";"PA";"Norte";37972;26486;11486;69,75;30,25;109378;-3,80983201648119;-47,4935859876823;47,8;9,6;44,6;7
"1508159";"Uruará";"PA";"Norte";43558;25678;17880;58,95;41,05;23810;-3,58352843642141;-53,8073756985408;47,8;9,6;44,6;7
"1508209";"Vigia";"PA";"Norte";50832;39596;11236;77,9;22,1;795;-0,93352524274748;-48,1049331121725;47,8;9,6;44,6;7
"1508308";"Viseu";"PA";"Norte";58692;29936;28756;51,01;48,99;8585;-1,52316021492946;-46,4529813066681;47,8;9,6;44,6;7
"1508357";"Vitória do Xingu";"PA";"Norte";15607;8700;6907;55,74;44,26;10806;-3,13518041239339;-51,9740226490843;47,8;9,6;44,6;7
"1508407";"Xinguara";"PA";"Norte";52893;46390;6503;87,71;12,29;15305;-6,91805073433431;-49,6350988575905;47,8;9,6;44,6;7
"1600055";"Serra do Navio";"AP";"Norte";4673;2721;1952;58,23;41,77;916;1,65176922166705;-52,2681428364085;30,7;8,4;32,5;9,3
"1600105";"Amapá";"AP";"Norte";7943;6631;1312;83,48;16,52;507;1,74673275167066;-50,5925019221693;30,7;8,4;32,5;9,3
"1600154";"Pedra Branca do Amapari";"AP";"Norte";12847;8607;4240;67;33;2053;1,15752576216095;-52,519416647038;30,7;8,4;32,5;9,3
"1600204";"Calçoene";"AP";"Norte";10612;8822;1790;83,13;16,87;1989;2,42367972090752;-51,406833545781;30,7;8,4;32,5;9,3
"1600212";"Cutias";"AP";"Norte";4461;2833;1628;63,51;36,49;434;1,03557161109994;-50,4869621878849;30,7;8,4;32,5;9,3
"1600238";"Ferreira Gomes";"AP";"Norte";6666;4726;1940;70,9;29,1;1507;0,957105938892019;-51,4173166004121;30,7;8,4;32,5;9,3
"1600253";"Itaubal";"AP";"Norte";5599;2710;2889;48,4;51,6;663;0,53836705374323;-50,6403155445564;30,7;8,4;32,5;9,3
"1600279";"Laranjal do Jari";"AP";"Norte";35114;32285;2829;91,94;8,06;1739;1,10125246492912;-53,3102215923281;30,7;8,4;32,5;9,3
"1600303";"Macapá";"AP";"Norte";442933;418800;24133;94,55;5,45;7916;0,562653160858913;-50,6919602272704;30,7;8,4;32,5;9,3
"1600402";"Mazagão";"AP";"Norte";21924;11150;10774;50,86;49,14;1533;-0,066806754038975;-51,9512050931165;30,7;8,4;32,5;9,3
"1600501";"Oiapoque";"AP";"Norte";27482;18658;8824;67,89;32,11;1459;3,11153193004659;-51,8990802817818;30,7;8,4;32,5;9,3
"1600535";"Porto Grande";"AP";"Norte";17848;12081;5767;67,69;32,31;2174;0,585606915741919;-51,6700188471824;30,7;8,4;32,5;9,3
"1600550";"Pracuúba";"AP";"Norte";3803;1717;2086;45,15;54,85;637;1,62586298735594;-51,2785459841824;30,7;8,4;32,5;9,3
"1600600";"Santana";"AP";"Norte";107618;103232;4386;95,92;4,08;1023;0,129750622272132;-51,3782807540365;30,7;8,4;32,5;9,3
"1600709";"Tartarugalzinho";"AP";"Norte";12945;7252;5693;56,02;43,98;1781;1,29760395631812;-50,9926431596726;30,7;8,4;32,5;9,3
"1600808";"Vitória do Jari";"AP";"Norte";11291;9029;2262;79,97;20,03;1103;-0,996385582016521;-52,0612276338933;30,7;8,4;32,5;9,3
"1700251";"Abreulândia";"TO";"Norte";2576;1498;1078;58,15;41,85;19964;-9,47873582384527;-49,3114646589898;28,9;2,6;29,6;4,3
"1700301";"Aguiarnópolis";"TO";"Norte";4497;3746;751;83,3;16,7;410;-6,48851810027047;-47,5134464483989;28,9;2,6;29,6;4,3
"1700350";"Aliança do Tocantins";"TO";"Norte";5147;4350;797;84,52;15,48;14148;-11,3312042780591;-48,9083117126116;28,9;2,6;29,6;4,3
"1700400";"Almas";"TO";"Norte";6499;5294;1205;81,46;18,54;21878;-11,4293352981421;-47,2108950979721;28,9;2,6;29,6;4,3
"1700707";"Alvorada";"TO";"Norte";8802;8314;488;94,46;5,54;37078;-12,4074943968414;-49,1117296956043;28,9;2,6;29,6;4,3
"1701002";"Ananás";"TO";"Norte";10325;7767;2558;75,23;24,77;2392;-6,23269811715343;-48,1866385213878;28,9;2,6;29,6;4,3
"1701051";"Angico";"TO";"Norte";2876;1995;881;69,37;30,63;1641;-6,4358923001309;-47,9131897504429;28,9;2,6;29,6;4,3
"1701101";"Aparecida do Rio Negro";"TO";"Norte";4856;3577;1279;73,66;26,34;47741;-9,98659695077515;-48,0000609324907;28,9;2,6;29,6;4,3
"1701309";"Aragominas";"TO";"Norte";5290;2541;2749;48,03;51,97;3709;-6,94543314904634;-48,6324440405808;28,9;2,6;29,6;4,3
"1701903";"Araguacema";"TO";"Norte";5927;2822;3105;47,61;52,39;62288;-8,93897980849662;-49,5054671091619;28,9;2,6;29,6;4,3
"1702000";"Araguaçu";"TO";"Norte";8133;5526;2607;67,95;32,05;21822;-12,8399111370616;-49,6964313219155;28,9;2,6;29,6;4,3
"1702109";"Araguaína";"TO";"Norte";171301;166572;4729;97,24;2,76;13977;-7,33142632943412;-48,5877351537414;28,9;2,6;29,6;4,3
"1702158";"Araguanã";"TO";"Norte";4310;2892;1418;67,1;32,9;1726;-6,79101739063208;-48,5245008452572;28,9;2,6;29,6;4,3
"1702208";"Araguatins";"TO";"Norte";31918;22680;9238;71,06;28,94;1100;-5,66573180876972;-48,1048688706391;28,9;2,6;29,6;4,3
"1702307";"Arapoema";"TO";"Norte";5550;4357;1193;78,5;21,5;2478;-7,7234462186897;-48,9997899012934;28,9;2,6;29,6;4,3
"1702406";"Arraias";"TO";"Norte";10287;7119;3168;69,2;30,8;315;-12,8170867088211;-47,0476575307503;28,9;2,6;29,6;4,3
"1702554";"Augustinópolis";"TO";"Norte";17484;15109;2375;86,42;13,58;132;-5,49790257512727;-47,9280812350417;28,9;2,6;29,6;4,3
"1702703";"Aurora do Tocantins";"TO";"Norte";3342;2271;1071;67,95;32,05;207;-12,6466376809435;-46,432878155571;28,9;2,6;29,6;4,3
"1702901";"Axixá do Tocantins";"TO";"Norte";10262;8471;1791;82,55;17,45;331;-5,64936281610291;-47,7660980181164;28,9;2,6;29,6;4,3
"1703008";"Babaçulândia";"TO";"Norte";7880;4102;3778;52,06;47,94;4328;-7,17450570202641;-47,8567943040617;28,9;2,6;29,6;4,3
"1703057";"Bandeirantes do Tocantins";"TO";"Norte";3407;2086;1321;61,23;38,77;119;-7,90295010318617;-48,6755230711656;28,9;2,6;29,6;4,3
"1703073";"Barra do Ouro";"TO";"Norte";4476;3331;1145;74,42;25,58;12135;-7,71776811288108;-47,5786064028784;28,9;2,6;29,6;4,3
"1703107";"Barrolândia";"TO";"Norte";4846;4073;773;84,05;15,95;2486;-9,86577813681691;-48,7912230013781;28,9;2,6;29,6;4,3
"1703206";"Bernardo Sayão";"TO";"Norte";4229;2184;2045;51,64;48,36;6208;-7,98346940532772;-48,9691841061598;28,9;2,6;29,6;4,3
"1703305";"Bom Jesus do Tocantins";"TO";"Norte";4038;3232;806;80,04;19,96;26797;-9,01240751695993;-47,8792739688462;28,9;2,6;29,6;4,3
"1703602";"Brasilândia do Tocantins";"TO";"Norte";1974;1281;693;64,89;35,11;1845;-8,28990136644257;-48,4427544532894;28,9;2,6;29,6;4,3
"1703701";"Brejinho de Nazaré";"TO";"Norte";4725;3754;971;79,45;20,55;39100;-11,029161969197;-48,6242187609343;28,9;2,6;29,6;4,3
"1703800";"Buriti do Tocantins";"TO";"Norte";10307;7900;2407;76,65;23,35;82;-5,3376335621152;-48,1363009285747;28,9;2,6;29,6;4,3
"1703826";"Cachoeirinha";"TO";"Norte";1961;1515;446;77,26;22,74;199;-6,08997446112624;-47,841333044857;28,9;2,6;29,6;4,3
"1703842";"Campos Lindos";"TO";"Norte";8653;6213;2440;71,8;28,2;138460;-8,20375651857535;-46,8045126750761;28,9;2,6;29,6;4,3
"1703867";"Cariri do Tocantins";"TO";"Norte";4007;2492;1515;62,19;37,81;25471;-11,9329988877018;-49,2028664518553;28,9;2,6;29,6;4,3
"1703883";"Carmolândia";"TO";"Norte";2201;1838;363;83,51;16,49;151;-7,04519051604958;-48,37458473644;28,9;2,6;29,6;4,3
"1703891";"Carrasco Bonito";"TO";"Norte";3318;1513;1805;45,6;54,4;291;-5,3371973039792;-48,0100644843026;28,9;2,6;29,6;4,3
"1703909";"Caseara";"TO";"Norte";4847;3069;1778;63,32;36,68;79521;-9,40153911309337;-49,8485731325755;28,9;2,6;29,6;4,3
"1704105";"Centenário";"TO";"Norte";2131;1381;750;64,81;35,19;8657;-9,07372511203189;-47,4447211681348;28,9;2,6;29,6;4,3
"1704600";"Chapada de Areia";"TO";"Norte";1501;956;545;63,69;36,31;3889;-10,1657882641196;-49,1956319213294;28,9;2,6;29,6;4,3
"1705102";"Chapada da Natividade";"TO";"Norte";3117;1801;1316;57,78;42,22;24526;-11,5410678413623;-47,8464003198461;28,9;2,6;29,6;4,3
"1705508";"Colinas do Tocantins";"TO";"Norte";34233;33018;1215;96,45;3,55;255;-8,07647315604142;-48,5301214822648;28,9;2,6;29,6;4,3
"1705557";"Combinado";"TO";"Norte";4756;4077;679;85,72;14,28;279;-12,8463588448795;-46,5036726928555;28,9;2,6;29,6;4,3
"1705607";"Conceição do Tocantins";"TO";"Norte";3887;2829;1058;72,78;27,22;302;-12,1709880372936;-47,3036395621204;28,9;2,6;29,6;4,3
"1706001";"Couto Magalhães";"TO";"Norte";5331;2737;2594;51,34;48,66;21056;-8,43676236001088;-49,1623764546156;28,9;2,6;29,6;4,3
"1706100";"Cristalândia";"TO";"Norte";6371;5197;1174;81,57;18,43;21827;-10,6364041003307;-49,3123632032398;28,9;2,6;29,6;4,3
"1706258";"Crixás do Tocantins";"TO";"Norte";1470;995;475;67,69;32,31;7749;-11,1719140130581;-49,0727102112401;28,9;2,6;29,6;4,3
"1706506";"Darcinópolis";"TO";"Norte";5827;4265;1562;73,19;26,81;18575;-6,76343877347968;-47,7678884978516;28,9;2,6;29,6;4,3
"1707009";"Dianópolis";"TO";"Norte";17739;15505;2234;87,41;12,59;34304;-11,6948823203569;-46,7958215011202;28,9;2,6;29,6;4,3
"1707108";"Divinópolis do Tocantins";"TO";"Norte";7024;5242;1782;74,63;25,37;32847;-9,69507367884671;-49,3549590503644;28,9;2,6;29,6;4,3
"1707207";"Dois Irmãos do Tocantins";"TO";"Norte";6327;3041;3286;48,06;51,94;19944;-9,27088128003289;-49,0669673896311;28,9;2,6;29,6;4,3
"1707306";"Dueré";"TO";"Norte";4248;2883;1365;67,87;32,13;20133;-11,4272063032839;-49,3914404718102;28,9;2,6;29,6;4,3
"1707405";"Esperantina";"TO";"Norte";7530;5821;1709;77,3;22,7;173;-5,32621831552985;-48,5402244130043;28,9;2,6;29,6;4,3
"1707553";"Fátima";"TO";"Norte";3467;2931;536;84,54;15,46;7888;-10,8097613240236;-48,8723219985304;28,9;2,6;29,6;4,3
"1707652";"Figueirópolis";"TO";"Norte";5211;4145;1066;79,54;20,46;37140;-12,2634610228938;-49,2826243807995;28,9;2,6;29,6;4,3
"1707702";"Filadélfia";"TO";"Norte";7712;5030;2682;65,22;34,78;340;-7,49669653041556;-47,7937235097841;28,9;2,6;29,6;4,3
"1708205";"Formoso do Araguaia";"TO";"Norte";18881;13450;5431;71,24;28,76;41320;-11,9582910905469;-50,0977536923603;28,9;2,6;29,6;4,3
"1708254";"Tabocão";"TO";"Norte";3455;2707;748;78,35;21,65;9728;-9,07137122672524;-48,5459738309149;28,9;2,6;29,6;4,3
"1708304";"Goianorte";"TO";"Norte";4738;2877;1861;60,72;39,28;18600;-8,87319097855952;-49,0112454037546;28,9;2,6;29,6;4,3
"1709005";"Goiatins";"TO";"Norte";12433;6855;5578;55,14;44,86;37410;-8,09409503229788;-47,4815384104096;28,9;2,6;29,6;4,3
"1709302";"Guaraí";"TO";"Norte";24775;22707;2068;91,65;8,35;17396;-8,73009265470991;-48,4250811198409;28,9;2,6;29,6;4,3
"1709500";"Gurupi";"TO";"Norte";85125;83125;2000;97,65;2,35;25643;-11,6515610604079;-48,8872622277979;28,9;2,6;29,6;4,3
"1709807";"Ipueiras";"TO";"Norte";1590;844;746;53,08;46,92;6620;-11,1349836930228;-48,4035381716442;28,9;2,6;29,6;4,3
"1710508";"Itacajá";"TO";"Norte";6819;4087;2732;59,94;40,06;17609;-8,57151032416424;-47,6693835642837;28,9;2,6;29,6;4,3
"1710706";"Itaguatins";"TO";"Norte";5172;2895;2277;55,97;44,03;179;-5,80266970263973;-47,5950551198088;28,9;2,6;29,6;4,3
"1710904";"Itapiratins";"TO";"Norte";3577;2364;1213;66,09;33,91;24222;-8,31611954925464;-48,033288856095;28,9;2,6;29,6;4,3
"1711100";"Itaporã do Tocantins";"TO";"Norte";2404;1574;830;65,47;34,53;104;-8,45115903277267;-48,7526324145327;28,9;2,6;29,6;4,3
"1711506";"Jaú do Tocantins";"TO";"Norte";3334;1343;1991;40,28;59,72;2626;-12,7476762327924;-48,6454629449898;28,9;2,6;29,6;4,3
"1711803";"Juarina";"TO";"Norte";2243;1211;1032;53,99;46,01;1836;-8,14080276872541;-49,1103441201111;28,9;2,6;29,6;4,3
"1711902";"Lagoa da Confusão";"TO";"Norte";15288;11508;3780;75,27;24,73;138639;-11,0351301621396;-50,1605042534335;28,9;2,6;29,6;4,3
"1711951";"Lagoa do Tocantins";"TO";"Norte";3516;2510;1006;71,39;28,61;6188;-10,3418639998045;-47,4812023335411;28,9;2,6;29,6;4,3
"1712009";"Lajeado";"TO";"Norte";3357;2433;924;72,48;27,52;52;-9,85055360774545;-48,2909506606811;28,9;2,6;29,6;4,3
"1712157";"Lavandeira";"TO";"Norte";1626;1069;557;65,74;34,26;90;-12,8125231631886;-46,4106085074622;28,9;2,6;29,6;4,3
"1712405";"Lizarda";"TO";"Norte";2999;2184;815;72,82;27,18;11056;-9,52462437936938;-46,9391052934494;28,9;2,6;29,6;4,3
"1712454";"Luzinópolis";"TO";"Norte";2717;2000;717;73,61;26,39;1009;-6,20601145518424;-47,8307304236509;28,9;2,6;29,6;4,3
"1712504";"Marianópolis do Tocantins";"TO";"Norte";4615;2581;2034;55,93;44,07;50862;-9,78756851059835;-49,7000712475712;28,9;2,6;29,6;4,3
"1712702";"Mateiros";"TO";"Norte";2748;1552;1196;56,48;43,52;60699;-10,5829286265342;-46,5025774069634;28,9;2,6;29,6;4,3
"1712801";"Maurilândia do Tocantins";"TO";"Norte";3095;1834;1261;59,26;40,74;577;-6,02324488422203;-47,5899736555541;28,9;2,6;29,6;4,3
"1713205";"Miracema do Tocantins";"TO";"Norte";18566;15366;3200;82,76;17,24;24193;-9,75401228972566;-48,5514910305097;28,9;2,6;29,6;4,3
"1713304";"Miranorte";"TO";"Norte";12701;11388;1313;89,66;10,34;21082;-9,41627074809975;-48,6837135613715;28,9;2,6;29,6;4,3
"1713601";"Monte do Carmo";"TO";"Norte";5694;2813;2881;49,4;50,6;75820;-10,7475122161106;-48,0172171123413;28,9;2,6;29,6;4,3
"1713700";"Monte Santo do Tocantins";"TO";"Norte";2396;1320;1076;55,09;44,91;3965;-9,99949878176369;-49,0673230807536;28,9;2,6;29,6;4,3
"1713809";"Palmeiras do Tocantins";"TO";"Norte";4872;2893;1979;59,38;40,62;1194;-6,60025139820157;-47,642705560125;28,9;2,6;29,6;4,3
"1713957";"Muricilândia";"TO";"Norte";3367;1825;1542;54,2;45,8;4724;-7,00336409358782;-48,7865353941265;28,9;2,6;29,6;4,3
"1714203";"Natividade";"TO";"Norte";8754;7278;1476;83,14;16,86;9208;-11,7981897325969;-47,6487651209419;28,9;2,6;29,6;4,3
"1714302";"Nazaré";"TO";"Norte";4521;2008;2513;44,41;55,59;1078;-6,33039991185223;-47,7814613981096;28,9;2,6;29,6;4,3
"1714880";"Nova Olinda";"TO";"Norte";10367;7730;2637;74,56;25,44;1056;-7,63788859065398;-48,3607208606056;28,9;2,6;29,6;4,3
"1715002";"Nova Rosalândia";"TO";"Norte";3362;2780;582;82,69;17,31;20683;-10,5499293904404;-48,9732414800379;28,9;2,6;29,6;4,3
"1715101";"Novo Acordo";"TO";"Norte";3969;3265;704;82,26;17,74;18460;-10,1550208921505;-47,3831005650904;28,9;2,6;29,6;4,3
"1715150";"Novo Alegre";"TO";"Norte";1846;1379;467;74,7;25,3;94;-12,914215552425;-46,5595732929437;28,9;2,6;29,6;4,3
"1715259";"Novo Jardim";"TO";"Norte";2230;1673;557;75,02;24,98;582;-11,7790150825225;-46,5703532737805;28,9;2,6;29,6;4,3
"1715507";"Oliveira de Fátima";"TO";"Norte";1164;983;181;84,45;15,55;4084;-10,6744306238633;-48,8757810354045;28,9;2,6;29,6;4,3
"1715705";"Palmeirante";"TO";"Norte";4798;1942;2856;40,48;59,52;8352;-7,88588882293554;-48,1562809597673;28,9;2,6;29,6;4,3
"1715754";"Palmeirópolis";"TO";"Norte";6975;5860;1115;84,01;15,99;6607;-13,0197546832729;-48,3487912678169;28,9;2,6;29,6;4,3
"1716109";"Paraíso do Tocantins";"TO";"Norte";52360;50619;1741;96,67;3,33;5628;-10,2182455952899;-48,8273385779061;28,9;2,6;29,6;4,3
"1716208";"Paranã";"TO";"Norte";10542;6226;4316;59,06;40,94;1053;-12,696182622387;-47,8135542079868;28,9;2,6;29,6;4,3
"1716307";"Pau D'arco";"TO";"Norte";4043;2805;1238;69,38;30,62;2436;-7,54500006583942;-48,9885513551744;28,9;2,6;29,6;4,3
"1716505";"Pedro Afonso";"TO";"Norte";14055;12908;1147;91,84;8,16;69260;-9,22693730223563;-48,0342189309395;28,9;2,6;29,6;4,3
"1716604";"Peixe";"TO";"Norte";9317;4560;4757;48,94;51,06;59037;-11,9965233467153;-48,5551579015574;28,9;2,6;29,6;4,3
"1716653";"Pequizeiro";"TO";"Norte";4921;2553;2368;51,88;48,12;3860;-8,37957011986488;-48,9170664633409;28,9;2,6;29,6;4,3
"1716703";"Colméia";"TO";"Norte";8941;6440;2501;72,03;27,97;203;-8,83736651474742;-48,74868938009;28,9;2,6;29,6;4,3
"1717008";"Pindorama do Tocantins";"TO";"Norte";4478;2899;1579;64,74;35,26;4677;-11,1597012419781;-47,5588441789788;28,9;2,6;29,6;4,3
"1717206";"Piraquê";"TO";"Norte";2282;1097;1185;48,07;51,93;10559;-6,73862334193853;-48,2395776081639;28,9;2,6;29,6;4,3
"1717503";"Pium";"TO";"Norte";7128;3804;3324;53,37;46,63;73504;-10,2095892745103;-49,8720554289082;28,9;2,6;29,6;4,3
"1717800";"Ponte Alta do Bom Jesus";"TO";"Norte";4220;2326;1894;55,12;44,88;448;-12,057535548552;-46,5932308092748;28,9;2,6;29,6;4,3
"1717909";"Ponte Alta do Tocantins";"TO";"Norte";7586;5163;2423;68,06;31,94;1618;-10,7495044648472;-47,3246783323038;28,9;2,6;29,6;4,3
"1718006";"Porto Alegre do Tocantins";"TO";"Norte";2866;2119;747;73,94;26,06;3029;-11,5108315114537;-47,046724005829;28,9;2,6;29,6;4,3
"1718204";"Porto Nacional";"TO";"Norte";64418;57815;6603;89,75;10,25;113314;-10,5434553002742;-48,4965516496667;28,9;2,6;29,6;4,3
"1718303";"Praia Norte";"TO";"Norte";9044;5447;3597;60,23;39,77;131;-5,47490776577446;-47,7819549639632;28,9;2,6;29,6;4,3
"1718402";"Presidente Kennedy";"TO";"Norte";3047;2586;461;84,87;15,13;39;-8,46186503844266;-48,4616196527199;28,9;2,6;29,6;4,3
"1718451";"Pugmil";"TO";"Norte";2193;1759;434;80,21;19,79;9479;-10,422505571214;-48,8823620252037;28,9;2,6;29,6;4,3
"1718501";"Recursolândia";"TO";"Norte";3421;1810;1611;52,91;47,09;297;-8,69725661578725;-47,1131049227454;28,9;2,6;29,6;4,3
"1718550";"Riachinho";"TO";"Norte";3960;1786;2174;45,1;54,9;1138;-6,45992191044855;-48,1362852137525;28,9;2,6;29,6;4,3
"1718659";"Rio da Conceição";"TO";"Norte";1768;1604;164;90,72;9,28;7957;-11,3369927819392;-46,737586370315;28,9;2,6;29,6;4,3
"1718709";"Rio dos Bois";"TO";"Norte";2738;1606;1132;58,66;41,34;9209;-9,23585529780407;-48,4525395163873;28,9;2,6;29,6;4,3
"1718758";"Rio Sono";"TO";"Norte";4841;2025;2816;41,83;58,17;13587;-9,64735740887401;-47,4960148151982;28,9;2,6;29,6;4,3
"1718808";"Sampaio";"TO";"Norte";4215;3520;695;83,51;16,49;629;-5,32973692711323;-47,9188453150191;28,9;2,6;29,6;4,3
"1718840";"Sandolândia";"TO";"Norte";3723;2088;1635;56,08;43,92;1812;-12,4009410682731;-49,8761213395253;28,9;2,6;29,6;4,3
"1718865";"Santa Fé do Araguaia";"TO";"Norte";7216;4796;2420;66,46;33,54;15420;-7,09317103182003;-48,9748679363365;28,9;2,6;29,6;4,3
"1718881";"Santa Maria do Tocantins";"TO";"Norte";2680;1840;840;68,66;31,34;20907;-8,82469690456734;-47,8483248984709;28,9;2,6;29,6;4,3
"1718899";"Santa Rita do Tocantins";"TO";"Norte";2219;1002;1217;45,16;54,84;42692;-10,970069886641;-49,2950594653152;28,9;2,6;29,6;4,3
"1718907";"Santa Rosa do Tocantins";"TO";"Norte";4653;3328;1325;71,52;28,48;55613;-11,3973047422274;-48,1082699035302;28,9;2,6;29,6;4,3
"1719004";"Santa Tereza do Tocantins";"TO";"Norte";2781;1833;948;65,91;34,09;1019;-10,2989285047054;-47,7416059495311;28,9;2,6;29,6;4,3
"1720002";"Santa Terezinha do Tocantins";"TO";"Norte";2406;1492;914;62,01;37,99;226;-6,47271644276906;-47,7512691288292;28,9;2,6;29,6;4,3
"1720101";"São Bento do Tocantins";"TO";"Norte";5654;3230;2424;57,13;42,87;2115;-5,97602130359539;-47,9398518933886;28,9;2,6;29,6;4,3
"1720150";"São Félix do Tocantins";"TO";"Norte";1783;1273;510;71,4;28,6;313;-10,0686338408452;-46,6779648487927;28,9;2,6;29,6;4,3
"1720200";"São Miguel do Tocantins";"TO";"Norte";13241;9186;4055;69,38;30,62;250;-5,54344419030208;-47,5977456308701;28,9;2,6;29,6;4,3
"1720259";"São Salvador do Tocantins";"TO";"Norte";2385;1212;1173;50,82;49,18;694;-12,5774273953037;-48,3641060573685;28,9;2,6;29,6;4,3
"1720309";"São Sebastião do Tocantins";"TO";"Norte";4100;3132;968;76,39;23,61;96;-5,24102396116853;-48,3316961126702;28,9;2,6;29,6;4,3
"1720499";"São Valério";"TO";"Norte";4422;2983;1439;67,46;32,54;24620;-11,8038495971416;-48,1699125987192;28,9;2,6;29,6;4,3
"1720655";"Silvanópolis";"TO";"Norte";5108;4270;838;83,59;16,41;26848;-11,1307628048165;-48,0049215769617;28,9;2,6;29,6;4,3
"1720804";"Sítio Novo do Tocantins";"TO";"Norte";10830;5563;5267;51,37;48,63;194;-5,63507519846447;-47,6840647379197;28,9;2,6;29,6;4,3
"1720853";"Sucupira";"TO";"Norte";1577;1138;439;72,16;27,84;24241;-12,1132569911438;-48,8343528930442;28,9;2,6;29,6;4,3
"1720903";"Taguatinga";"TO";"Norte";14011;10340;3671;73,8;26,2;548;-12,3873354507366;-46,5657001747801;28,9;2,6;29,6;4,3
"1720937";"Taipas do Tocantins";"TO";"Norte";2021;1594;427;78,87;21,13;150;-12,1397077723355;-46,9937367795144;28,9;2,6;29,6;4,3
"1720978";"Talismã";"TO";"Norte";2456;1456;1000;59,28;40,72;18692;-12,6822014569222;-49,0483385300934;28,9;2,6;29,6;4,3
"1721000";"Palmas";"TO";"Norte";302692;296241;6451;97,87;2,13;23551;-10,2201815022228;-48,1520495157748;28,9;2,6;29,6;4,3
"1721109";"Tocantínia";"TO";"Norte";7459;2623;4836;35,17;64,83;4653;-9,60331802468942;-48,1409089864243;28,9;2,6;29,6;4,3
"1721208";"Tocantinópolis";"TO";"Norte";22615;17483;5132;77,31;22,69;549;-6,25684340932405;-47,538096111687;28,9;2,6;29,6;4,3
"1721257";"Tupirama";"TO";"Norte";1909;1292;617;67,68;32,32;13953;-8,93856085590242;-48,2596490564947;28,9;2,6;29,6;4,3
"1721307";"Tupiratins";"TO";"Norte";1874;1096;778;58,48;41,52;1811;-8,35659179458272;-48,210732400608;28,9;2,6;29,6;4,3
"1722081";"Wanderlândia";"TO";"Norte";10522;8837;1685;83,99;16,01;4090;-6,91005710456081;-48,0019351321631;28,9;2,6;29,6;4,3
"1722107";"Xambioá";"TO";"Norte";10517;8451;2066;80,36;19,64;1525;-6,54542636507108;-48,4510155786228;28,9;2,6;29,6;4,3
"2100055";"Açailândia";"MA";"Nordeste";106550;94580;11970;88,77;11,23;90392;-4,78587162028384;-47,3323363222357;43,8;8,2;35,2;5,2
"2100105";"Afonso Cunha";"MA";"Nordeste";6144;3035;3109;49,4;50,6;11476;-4,21481347697044;-43,2973929793428;43,8;8,2;35,2;5,2
"2100154";"Água Doce do Maranhão";"MA";"Nordeste";12142;3006;9136;24,76;75,24;979;-2,94652825709819;-42,1663483677637;43,8;8,2;35,2;5,2
"2100204";"Alcântara";"MA";"Nordeste";18467;4987;13480;27;73;1040;-2,37923062574735;-44,5398322225958;43,8;8,2;35,2;5,2
"2100303";"Aldeias Altas";"MA";"Nordeste";23286;15716;7570;67,49;32,51;21267;-4,50284822936851;-43,3833979145668;43,8;8,2;35,2;5,2
"2100402";"Altamira do Maranhão";"MA";"Nordeste";6447;2966;3481;46,01;53,99;410;-4,16702311768897;-45,5027808233909;43,8;8,2;35,2;5,2
"2100436";"Alto Alegre do Maranhão";"MA";"Nordeste";24048;19350;4698;80,46;19,54;583;-4,21063118764173;-44,3958376765927;43,8;8,2;35,2;5,2
"2100477";"Alto Alegre do Pindaré";"MA";"Nordeste";25710;14079;11631;54,76;45,24;1757;-3,87031084485205;-46,0016714532709;43,8;8,2;35,2;5,2
"2100501";"Alto Parnaíba";"MA";"Nordeste";11109;8362;2747;75,27;24,73;76361;-9,50812228877499;-46,2133969343438;43,8;8,2;35,2;5,2
"2100550";"Amapá do Maranhão";"MA";"Nordeste";7170;5430;1740;75,73;24,27;394;-1,67305876281755;-45,9480001478908;43,8;8,2;35,2;5,2
"2100600";"Amarante do Maranhão";"MA";"Nordeste";37085;15802;21283;42,61;57,39;2608;-5,2782890157585;-46,5819241340942;43,8;8,2;35,2;5,2
"2100709";"Anajatuba";"MA";"Nordeste";25322;8285;17037;32,72;67,28;808;-3,25561536057308;-44,5992609542926;43,8;8,2;35,2;5,2
"2100808";"Anapurus";"MA";"Nordeste";13793;7716;6077;55,94;44,06;9183;-3,54399770409264;-43,1075804280718;43,8;8,2;35,2;5,2
"2100832";"Apicum-Açu";"MA";"Nordeste";17519;11593;5926;66,17;33,83;507;-1,53550779008194;-45,0873888734928;43,8;8,2;35,2;5,2
"2100873";"Araguanã";"MA";"Nordeste";11181;5122;6059;45,81;54,19;365;-3,07910501584953;-45,7872518688396;43,8;8,2;35,2;5,2
"2100907";"Araioses";"MA";"Nordeste";39052;11187;27865;28,65;71,35;1735;-2,97222090653112;-42,0170118083034;43,8;8,2;35,2;5,2
"2100956";"Arame";"MA";"Nordeste";25517;10557;14960;41,37;58,63;2597;-5,02768849973701;-45,9459390189617;43,8;8,2;35,2;5,2
"2101004";"Arari";"MA";"Nordeste";29472;17494;11978;59,36;40,64;6198;-3,5333389584972;-44,727379671162;43,8;8,2;35,2;5,2
"2101103";"Axixá";"MA";"Nordeste";11790;4870;6920;41,31;58,69;363;-2,84376374900173;-44,0985734455878;43,8;8,2;35,2;5,2
"2101202";"Bacabal";"MA";"Nordeste";103711;83031;20680;80,06;19,94;959;-4,17110307515826;-44,7619291445833;43,8;8,2;35,2;5,2
"2101251";"Bacabeira";"MA";"Nordeste";16966;11815;5151;69,64;30,36;199;-2,93639486979303;-44,3580412496331;43,8;8,2;35,2;5,2
"2101301";"Bacuri";"MA";"Nordeste";16290;8344;7946;51,22;48,78;829;-1,68322787424703;-45,1626261512202;43,8;8,2;35,2;5,2
"2101350";"Bacurituba";"MA";"Nordeste";5252;1437;3815;27,36;72,64;333;-2,69954827174924;-44,6950900847757;43,8;8,2;35,2;5,2
"2101400";"Balsas";"MA";"Nordeste";101767;89502;12265;87,95;12,05;338073;-8,23694205284012;-46,3420459314182;43,8;8,2;35,2;5,2
"2101509";"Barão de Grajaú";"MA";"Nordeste";18984;12496;6488;65,82;34,18;1028;-6,59278774063491;-43,1880197535301;43,8;8,2;35,2;5,2
"2101608";"Barra do Corda";"MA";"Nordeste";84532;58268;26264;68,93;31,07;16896;-5,50401118223425;-45,1830001266755;43,8;8,2;35,2;5,2
"2101707";"Barreirinhas";"MA";"Nordeste";65589;28711;36878;43,77;56,23;3250;-2,83973625293369;-42,9101211226684;43,8;8,2;35,2;5,2
"2101731";"Belágua";"MA";"Nordeste";8460;4448;4012;52,58;47,42;523;-3,10131591417611;-43,462401470431;43,8;8,2;35,2;5,2
"2101772";"Bela Vista do Maranhão";"MA";"Nordeste";11750;7028;4722;59,81;40,19;204;-3,75783898249613;-45,2657352430003;43,8;8,2;35,2;5,2
"2101806";"Benedito Leite";"MA";"Nordeste";5469;3377;2092;61,75;38,25;8280;-7,12061797734197;-44,5682850735967;43,8;8,2;35,2;5,2
"2101905";"Bequimão";"MA";"Nordeste";19584;6005;13579;30,66;69,34;1331;-2,43097033235569;-44,7856752562784;43,8;8,2;35,2;5,2
"2101939";"Bernardo do Mearim";"MA";"Nordeste";5840;2583;3257;44,23;55,77;294;-4,68014639335863;-44,6878663306001;43,8;8,2;35,2;5,2
"2101970";"Boa Vista do Gurupi";"MA";"Nordeste";7574;6148;1426;81,17;18,83;202;-1,76207121053295;-46,1789103071463;43,8;8,2;35,2;5,2
"2102002";"Bom Jardim";"MA";"Nordeste";33100;16247;16853;49,08;50,92;21952;-3,90053297398684;-46,418239513856;43,8;8,2;35,2;5,2
"2102036";"Bom Jesus das Selvas";"MA";"Nordeste";28599;18093;10506;63,26;36,74;11436;-4,60075996340033;-46,6886151428305;43,8;8,2;35,2;5,2
"2102077";"Bom Lugar";"MA";"Nordeste";12212;3876;8336;31,74;68,26;145;-4,34678726137597;-45,0209693136512;43,8;8,2;35,2;5,2
"2102101";"Brejo";"MA";"Nordeste";34120;15992;18128;46,87;53,13;18213;-3,68704983871733;-42,8284805640995;43,8;8,2;35,2;5,2
"2102150";"Brejo de Areia";"MA";"Nordeste";9218;2990;6228;32,44;67,56;270;-4,36510862932835;-45,6500572761425;43,8;8,2;35,2;5,2
"2102200";"Buriti";"MA";"Nordeste";29685;9890;19795;33,32;66,68;15912;-3,90047100108093;-43,0015382562438;43,8;8,2;35,2;5,2
"2102309";"Buriti Bravo";"MA";"Nordeste";22455;17040;5415;75,89;24,11;21485;-5,78911984353629;-43,8305231417005;43,8;8,2;35,2;5,2
"2102325";"Buriticupu";"MA";"Nordeste";55499;39923;15576;71,93;28,07;51162;-4,49376636716237;-46,3424167529027;43,8;8,2;35,2;5,2
"2102358";"Buritirana";"MA";"Nordeste";12918;3989;8929;30,88;69,12;308;-5,51817140086278;-47,061737887076;43,8;8,2;35,2;5,2
"2102374";"Cachoeira Grande";"MA";"Nordeste";9732;4339;5393;44,58;55,42;353;-3,12016047687157;-43,9309587691832;43,8;8,2;35,2;5,2
"2102408";"Cajapió";"MA";"Nordeste";10121;3622;6499;35,79;64,21;256;-2,87434982743481;-44,5989649756392;43,8;8,2;35,2;5,2
"2102507";"Cajari";"MA";"Nordeste";16412;3731;12681;22,73;77,27;1010;-3,39075809019178;-45,0528626821617;43,8;8,2;35,2;5,2
"2102556";"Campestre do Maranhão";"MA";"Nordeste";12301;9762;2539;79,36;20,64;6063;-6,17622306016122;-47,263841540223;43,8;8,2;35,2;5,2
"2102606";"Cândido Mendes";"MA";"Nordeste";19932;13467;6465;67,56;32,44;698;-1,61729133947702;-45,6766699240155;43,8;8,2;35,2;5,2
"2102705";"Cantanhede";"MA";"Nordeste";24303;16523;7780;67,99;32,01;1841;-3,62165313002923;-44,2627337794567;43,8;8,2;35,2;5,2
"2102754";"Capinzal do Norte";"MA";"Nordeste";11374;5987;5387;52,64;47,36;367;-4,68219417756074;-44,3062232076181;43,8;8,2;35,2;5,2
"2102804";"Carolina";"MA";"Nordeste";24062;16712;7350;69,45;30,55;50889;-7,37626157645681;-47,2114104144679;43,8;8,2;35,2;5,2
"2102903";"Carutapera";"MA";"Nordeste";24238;17875;6363;73,75;26,25;362;-1,35027817250924;-46,0294553886778;43,8;8,2;35,2;5,2
"2103000";"Caxias";"MA";"Nordeste";156973;121275;35698;77,26;22,74;31630;-4,86638639680853;-43,2991605582007;43,8;8,2;35,2;5,2
"2103109";"Cedral";"MA";"Nordeste";10208;2422;7786;23,73;76,27;487;-1,97743553444329;-44,5937047820341;43,8;8,2;35,2;5,2
"2103125";"Central do Maranhão";"MA";"Nordeste";7094;4112;2982;57,96;42,04;439;-2,25492198926458;-44,8579358446869;43,8;8,2;35,2;5,2
"2103158";"Centro do Guilherme";"MA";"Nordeste";12342;7142;5200;57,87;42,13;1017;-2,42865581782187;-46,1169459215084;43,8;8,2;35,2;5,2
"2103174";"Centro Novo do Maranhão";"MA";"Nordeste";16267;7365;8902;45,28;54,72;916;-3,07054311745821;-46,5334638374241;43,8;8,2;35,2;5,2
"2103208";"Chapadinha";"MA";"Nordeste";81386;61373;20013;75,41;24,59;7412;-3,84873889512735;-43,4539552007564;43,8;8,2;35,2;5,2
"2103257";"Cidelândia";"MA";"Nordeste";12878;7063;5815;54,85;45,15;10927;-5,05715052549417;-47,8298181546901;43,8;8,2;35,2;5,2
"2103307";"Codó";"MA";"Nordeste";114275;83203;31072;72,81;27,19;12050;-4,60709970055705;-43,8857632451359;43,8;8,2;35,2;5,2
"2103406";"Coelho Neto";"MA";"Nordeste";41658;34494;7164;82,8;17,2;3874;-4,24808406513353;-43,111921621608;43,8;8,2;35,2;5,2
"2103505";"Colinas";"MA";"Nordeste";40316;27683;12633;68,67;31,33;11281;-6,05566596029361;-44,1814608412152;43,8;8,2;35,2;5,2
"2103554";"Conceição do Lago-Açu";"MA";"Nordeste";14915;7083;7832;47,49;52,51;721;-3,79708368966522;-44,8384864479209;43,8;8,2;35,2;5,2
"2103604";"Coroatá";"MA";"Nordeste";59566;42193;17373;70,83;29,17;3717;-4,10219152834194;-44,1452768978221;43,8;8,2;35,2;5,2
"2103703";"Cururupu";"MA";"Nordeste";31558;22523;9035;71,37;28,63;512;-1,67310353959855;-44,8205673536775;43,8;8,2;35,2;5,2
"2103752";"Davinópolis";"MA";"Nordeste";14404;12718;1686;88,29;11,71;359;-5,59882847227025;-47,3002215817053;43,8;8,2;35,2;5,2
"2103802";"Dom Pedro";"MA";"Nordeste";23053;16433;6620;71,28;28,72;1678;-5,02129204027837;-44,3971283553074;43,8;8,2;35,2;5,2
"2103901";"Duque Bacelar";"MA";"Nordeste";10223;5615;4608;54,93;45,07;543;-4,09915029460019;-43,009920146547;43,8;8,2;35,2;5,2
"2104008";"Esperantinópolis";"MA";"Nordeste";18311;10014;8297;54,69;45,31;968;-4,89906350277602;-44,8903966264305;43,8;8,2;35,2;5,2
"2104057";"Estreito";"MA";"Nordeste";33294;25756;7538;77,36;22,64;9232;-6,78242825732328;-47,2012370595705;43,8;8,2;35,2;5,2
"2104073";"Feira Nova do Maranhão";"MA";"Nordeste";8048;2832;5216;35,19;64,81;4203;-7,0186402256604;-46,6267275181011;43,8;8,2;35,2;5,2
"2104081";"Fernando Falcão";"MA";"Nordeste";10873;2112;8761;19,42;80,58;16797;-6,17382826586968;-45,3060296463594;43,8;8,2;35,2;5,2
"2104099";"Formosa da Serra Negra";"MA";"Nordeste";17719;6527;11192;36,84;63,16;1547;-6,51420846233122;-46,1862360383364;43,8;8,2;35,2;5,2
"2104107";"Fortaleza dos Nogueiras";"MA";"Nordeste";12640;8128;4512;64,3;35,7;31472;-6,94196287576008;-46,082000055755;43,8;8,2;35,2;5,2
"2104206";"Fortuna";"MA";"Nordeste";16976;10074;6902;59,34;40,66;8409;-5,63435257494532;-44,014681948519;43,8;8,2;35,2;5,2
"2104305";"Godofredo Viana";"MA";"Nordeste";10186;8821;1365;86,6;13,4;313;-1,37027320330257;-45,7626140160041;43,8;8,2;35,2;5,2
"2104404";"Gonçalves Dias";"MA";"Nordeste";17206;8218;8988;47,76;52,24;1637;-5,15221498878685;-44,1719213831365;43,8;8,2;35,2;5,2
"2104503";"Governador Archer";"MA";"Nordeste";10231;7401;2830;72,34;27,66;549;-4,99947570520266;-44,2214245376987;43,8;8,2;35,2;5,2
"2104552";"Governador Edison Lobão";"MA";"Nordeste";18411;15417;2994;83,74;16,26;187;-5,71852921749496;-47,324933182051;43,8;8,2;35,2;5,2
"2104602";"Governador Eugênio Barros";"MA";"Nordeste";13930;4971;8959;35,69;64,31;6898;-5,36673395931367;-44,0957219211081;43,8;8,2;35,2;5,2
"2104628";"Governador Luiz Rocha";"MA";"Nordeste";7063;4903;2160;69,42;30,58;5177;-5,52814194895335;-44,0901155653893;43,8;8,2;35,2;5,2
"2104651";"Governador Newton Bello";"MA";"Nordeste";10713;5776;4937;53,92;46,08;309;-3,41909024501748;-45,9258855391224;43,8;8,2;35,2;5,2
"2104677";"Governador Nunes Freire";"MA";"Nordeste";23128;15722;7406;67,98;32,02;950;-2,06170862233789;-45,8182212156859;43,8;8,2;35,2;5,2
"2104701";"Graça Aranha";"MA";"Nordeste";6023;2843;3180;47,2;52,8;1109;-5,41468424353553;-44,3180101286292;43,8;8,2;35,2;5,2
"2104800";"Grajaú";"MA";"Nordeste";73872;47863;26009;64,79;35,21;56583;-5,84017924351015;-46,0149119507791;43,8;8,2;35,2;5,2
"2104909";"Guimarães";"MA";"Nordeste";10290;5577;4713;54,2;45,8;695;-2,14624251199508;-44,6623169027716;43,8;8,2;35,2;5,2
"2105005";"Humberto de Campos";"MA";"Nordeste";25680;11554;14126;44,99;55,01;672;-2,66849196362792;-43,5754792953405;43,8;8,2;35,2;5,2
"2105104";"Icatu";"MA";"Nordeste";24794;9589;15205;38,67;61,33;629;-2,65076231151785;-43,8623146202685;43,8;8,2;35,2;5,2
"2105153";"Igarapé do Meio";"MA";"Nordeste";13974;7119;6855;50,94;49,06;204;-3,6564287277521;-45,1235718590867;43,8;8,2;35,2;5,2
"2105203";"Igarapé Grande";"MA";"Nordeste";10231;6661;3570;65,11;34,89;83;-4,59204940561188;-44,8262705276572;43,8;8,2;35,2;5,2
"2105302";"Imperatriz";"MA";"Nordeste";273110;262000;11110;95,93;4,07;284;-5,33971615707241;-47,575203238391;43,8;8,2;35,2;5,2
"2105351";"Itaipava do Grajaú";"MA";"Nordeste";13828;5965;7863;43,14;56,86;675;-5,18512752905017;-45,678048177531;43,8;8,2;35,2;5,2
"2105401";"Itapecuru Mirim";"MA";"Nordeste";60440;36726;23714;60,76;39,24;2647;-3,3872927195031;-44,277509297152;43,8;8,2;35,2;5,2
"2105427";"Itinga do Maranhão";"MA";"Nordeste";22513;16923;5590;75,17;24,83;52202;-4,27121659807319;-47,2604014000762;43,8;8,2;35,2;5,2
"2105450";"Jatobá";"MA";"Nordeste";7471;3521;3950;47,13;52,87;1697;-5,85227060913877;-44,2940068681356;43,8;8,2;35,2;5,2
"2105476";"Jenipapo dos Vieiras";"MA";"Nordeste";17076;2813;14263;16,47;83,53;1210;-5,39247181591918;-45,5758062489652;43,8;8,2;35,2;5,2
"2105500";"João Lisboa";"MA";"Nordeste";24709;16974;7735;68,7;31,3;1201;-5,22940400108014;-47,126399874767;43,8;8,2;35,2;5,2
"2105609";"Joselândia";"MA";"Nordeste";14924;7203;7721;48,26;51,74;614;-5,01602197240211;-44,7556315269459;43,8;8,2;35,2;5,2
"2105658";"Junco do Maranhão";"MA";"Nordeste";5146;3016;2130;58,61;41,39;338;-1,91844903782521;-46,1178498482913;43,8;8,2;35,2;5,2
"2105708";"Lago da Pedra";"MA";"Nordeste";44403;30983;13420;69,78;30,22;7920;-4,73896751517182;-45,2052691672872;43,8;8,2;35,2;5,2
"2105807";"Lago do Junco";"MA";"Nordeste";9506;4201;5305;44,19;55,81;517;-4,5226005591928;-44,9766082577982;43,8;8,2;35,2;5,2
"2105906";"Lago Verde";"MA";"Nordeste";14769;5266;9503;35,66;64,34;629;-3,98948759536877;-44,8820411533949;43,8;8,2;35,2;5,2
"2105922";"Lagoa do Mato";"MA";"Nordeste";10572;4986;5586;47,16;52,84;10407;-6,03219700947616;-43,4956987563395;43,8;8,2;35,2;5,2
"2105948";"Lago dos Rodrigues";"MA";"Nordeste";8758;4982;3776;56,89;43,11;446;-4,58865577644126;-44,9310109742486;43,8;8,2;35,2;5,2
"2105963";"Lagoa Grande do Maranhão";"MA";"Nordeste";11411;7582;3829;66,44;33,56;540;-4,9296835545796;-45,4030994242468;43,8;8,2;35,2;5,2
"2105989";"Lajeado Novo";"MA";"Nordeste";7057;3606;3451;51,1;48,9;2560;-6,10350431956622;-46,9295266072165;43,8;8,2;35,2;5,2
"2106003";"Lima Campos";"MA";"Nordeste";11297;6932;4365;61,36;38,64;146;-4,55686385790177;-44,4647283171608;43,8;8,2;35,2;5,2
"2106102";"Loreto";"MA";"Nordeste";11597;6943;4654;59,87;40,13;58522;-7,22055305277055;-45,2196162256224;43,8;8,2;35,2;5,2
"2106201";"Luís Domingues";"MA";"Nordeste";7161;6200;961;86,58;13,42;285;-1,38704243225388;-45,8898169210865;43,8;8,2;35,2;5,2
"2106300";"Magalhães de Almeida";"MA";"Nordeste";13807;7608;6199;55,1;44,9;5954;-3,29928336016243;-42,1833555172567;43,8;8,2;35,2;5,2
"2106326";"Maracaçumé";"MA";"Nordeste";21149;17619;3530;83,31;16,69;488;-1,98422875759323;-45,9938973368444;43,8;8,2;35,2;5,2
"2106359";"Marajá do Sena";"MA";"Nordeste";7027;1498;5529;21,32;78,68;4785;-4,70505135055733;-45,6285347952716;43,8;8,2;35,2;5,2
"2106375";"Maranhãozinho";"MA";"Nordeste";13761;7840;5921;56,97;43,03;570;-2,41230397390963;-45,9467773639104;43,8;8,2;35,2;5,2
"2106409";"Mata Roma";"MA";"Nordeste";17090;8809;8281;51,54;48,46;9409;-3,62593939256777;-43,2273587861773;43,8;8,2;35,2;5,2
"2106508";"Matinha";"MA";"Nordeste";22034;8498;13536;38,57;61,43;971;-3,07146510728579;-45,0017045630646;43,8;8,2;35,2;5,2
"2106607";"Matões";"MA";"Nordeste";32174;16251;15923;50,51;49,49;14719;-5,38860776884664;-43,3072816783395;43,8;8,2;35,2;5,2
"2106631";"Matões do Norte";"MA";"Nordeste";17432;8343;9089;47,86;52,14;1597;-3,7566996090845;-44,4777288275524;43,8;8,2;35,2;5,2
"2106672";"Milagres do Maranhão";"MA";"Nordeste";8818;1575;7243;17,86;82,14;5721;-3,4965129064696;-42,7949030082552;43,8;8,2;35,2;5,2
"2106706";"Mirador";"MA";"Nordeste";21030;10943;10087;52,04;47,96;42167;-6,45400812882132;-44,9507816948298;43,8;8,2;35,2;5,2
"2106755";"Miranda do Norte";"MA";"Nordeste";23864;19844;4020;83,15;16,85;736;-3,53147792522107;-44,5268159546451;43,8;8,2;35,2;5,2
"2106805";"Mirinzal";"MA";"Nordeste";13978;8961;5017;64,11;35,89;859;-2,0586197879416;-44,843284376005;43,8;8,2;35,2;5,2
"2106904";"Monção";"MA";"Nordeste";27751;12671;15080;45,66;54,34;794;-3,4906411830294;-45,321102813393;43,8;8,2;35,2;5,2
"2107001";"Montes Altos";"MA";"Nordeste";9106;4861;4245;53,38;46,62;455;-5,85799285662774;-47,0415414809366;43,8;8,2;35,2;5,2
"2107100";"Morros";"MA";"Nordeste";18554;7544;11010;40,66;59,34;697;-2,97390064210847;-43,7768905357298;43,8;8,2;35,2;5,2
"2107209";"Nina Rodrigues";"MA";"Nordeste";14176;5723;8453;40,37;59,63;524;-3,42890201431217;-43,8127812393899;43,8;8,2;35,2;5,2
"2107258";"Nova Colinas";"MA";"Nordeste";5021;2314;2707;46,09;53,91;7082;-7,14431942813156;-46,2645190904091;43,8;8,2;35,2;5,2
"2107308";"Nova Iorque";"MA";"Nordeste";4320;2908;1412;67,31;32,69;2150;-6,75002297369819;-44,0400441414707;43,8;8,2;35,2;5,2
"2107357";"Nova Olinda do Maranhão";"MA";"Nordeste";14314;9522;4792;66,52;33,48;711;-2,89597529075288;-45,9551882239349;43,8;8,2;35,2;5,2
"2107407";"Olho D'água das Cunhãs";"MA";"Nordeste";17919;10176;7743;56,79;43,21;642;-4,09461569365326;-45,1203397215492;43,8;8,2;35,2;5,2
"2107456";"Olinda Nova do Maranhão";"MA";"Nordeste";13577;6340;7237;46,7;53,3;500;-2,9756098492638;-45,0088630504539;43,8;8,2;35,2;5,2
"2107506";"Paço do Lumiar";"MA";"Nordeste";145643;144832;811;99,44;0,56;216;-2,50524463240248;-44,1240377355539;43,8;8,2;35,2;5,2
"2107605";"Palmeirândia";"MA";"Nordeste";21059;4064;16995;19,3;80,7;1565;-2,69197668127868;-45,0233450381136;43,8;8,2;35,2;5,2
"2107704";"Paraibano";"MA";"Nordeste";18274;14294;3980;78,22;21,78;2086;-6,40378349557573;-43,9239409474232;43,8;8,2;35,2;5,2
"2107803";"Parnarama";"MA";"Nordeste";31250;13278;17972;42,49;57,51;25762;-5,63793486429772;-43,4628688483176;43,8;8,2;35,2;5,2
"2107902";"Passagem Franca";"MA";"Nordeste";17220;11387;5833;66,13;33,87;6350;-6,15262470676404;-43,7583637000315;43,8;8,2;35,2;5,2
"2108009";"Pastos Bons";"MA";"Nordeste";18802;13560;5242;72,12;27,88;13239;-6,63217685227354;-44,1805424240682;43,8;8,2;35,2;5,2
"2108058";"Paulino Neves";"MA";"Nordeste";17056;6439;10617;37,75;62,25;824;-2,85471953853757;-42,6109176086029;43,8;8,2;35,2;5,2
"2108108";"Paulo Ramos";"MA";"Nordeste";20341;11506;8835;56,57;43,43;1798;-4,52196539531553;-45,394410735933;43,8;8,2;35,2;5,2
"2108207";"Pedreiras";"MA";"Nordeste";37050;30814;6236;83,17;16,83;459;-4,61799667347307;-44,5814690117275;43,8;8,2;35,2;5,2
"2108256";"Pedro do Rosário";"MA";"Nordeste";24320;7857;16463;32,31;67,69;1342;-2,98897152392425;-45,4307425449578;43,8;8,2;35,2;5,2
"2108306";"Penalva";"MA";"Nordeste";32511;15248;17263;46,9;53,1;1125;-3,25160750313941;-45,2978107725405;43,8;8,2;35,2;5,2
"2108405";"Peri Mirim";"MA";"Nordeste";11108;3267;7841;29,41;70,59;674;-2,57061234581625;-44,8957902598408;43,8;8,2;35,2;5,2
"2108454";"Peritoró";"MA";"Nordeste";20479;12623;7856;61,64;38,36;1184;-4,41992680881529;-44,2811930291181;43,8;8,2;35,2;5,2
"2108504";"Pindaré-Mirim";"MA";"Nordeste";31429;22162;9267;70,51;29,49;240;-3,69316179936087;-45,4400652046521;43,8;8,2;35,2;5,2
"2108603";"Pinheiro";"MA";"Nordeste";84621;56660;27961;66,96;33,04;2074;-2,4981650793641;-45,1269051027174;43,8;8,2;35,2;5,2
"2108702";"Pio Xii";"MA";"Nordeste";21886;12431;9455;56,8;43,2;827;-3,85152585563929;-45,0931241007575;43,8;8,2;35,2;5,2
"2108801";"Pirapemas";"MA";"Nordeste";17714;11943;5771;67,42;32,58;1247;-3,78284606441154;-44,1726428661103;43,8;8,2;35,2;5,2
"2108900";"Poção de Pedras";"MA";"Nordeste";17161;8136;9025;47,41;52,59;309;-4,78689264478901;-44,9118295921221;43,8;8,2;35,2;5,2
"2109007";"Porto Franco";"MA";"Nordeste";23903;19282;4621;80,67;19,33;2642;-6,36876762807714;-47,1800037226349;43,8;8,2;35,2;5,2
"2109056";"Porto Rico do Maranhão";"MA";"Nordeste";5954;2475;3479;41,57;58,43;504;-1,8838577459911;-44,6331139396574;43,8;8,2;35,2;5,2
"2109106";"Presidente Dutra";"MA";"Nordeste";45155;32666;12489;72,34;27,66;2000;-5,28308642792255;-44,4570988193475;43,8;8,2;35,2;5,2
"2109205";"Presidente Juscelino";"MA";"Nordeste";11356;4423;6933;38,95;61,05;411;-3,08974499269849;-44,077874916154;43,8;8,2;35,2;5,2
"2109239";"Presidente Médici";"MA";"Nordeste";4696;3661;1035;77,96;22,04;327;-2,31900066098967;-45,773446434897;43,8;8,2;35,2;5,2
"2109270";"Presidente Sarney";"MA";"Nordeste";17511;8974;8537;51,25;48,75;1547;-2,58660240570743;-45,3615725795864;43,8;8,2;35,2;5,2
"2109304";"Presidente Vargas";"MA";"Nordeste";10549;4848;5701;45,96;54,04;932;-3,34622746878809;-43,9558946429256;43,8;8,2;35,2;5,2
"2109403";"Primeira Cruz";"MA";"Nordeste";13614;4006;9608;29,43;70,57;266;-2,70918598280274;-43,3627833470497;43,8;8,2;35,2;5,2
"2109452";"Raposa";"MA";"Nordeste";30839;30605;234;99,24;0,76;21;-2,43776012504462;-44,0895371695047;43,8;8,2;35,2;5,2
"2109502";"Riachão";"MA";"Nordeste";22145;11672;10473;52,71;47,29;78706;-7,59779744096458;-46,659503340549;43,8;8,2;35,2;5,2
"2109551";"Ribamar Fiquene";"MA";"Nordeste";7420;3793;3627;51,12;48,88;2199;-5,95834843987546;-47,3162063174374;43,8;8,2;35,2;5,2
"2109601";"Rosário";"MA";"Nordeste";38475;25577;12898;66,48;33,52;186;-2,95611851389103;-44,2018830453953;43,8;8,2;35,2;5,2
"2109700";"Sambaíba";"MA";"Nordeste";5568;2924;2644;52,51;47,49;70205;-7,43171181201046;-45,5561036639059;43,8;8,2;35,2;5,2
"2109759";"Santa Filomena do Maranhão";"MA";"Nordeste";6697;2263;4434;33,79;66,21;675;-5,51892135600003;-44,6184346057295;43,8;8,2;35,2;5,2
"2109809";"Santa Helena";"MA";"Nordeste";41561;20924;20637;50,35;49,65;915;-2,41910304686584;-45,3712182782155;43,8;8,2;35,2;5,2
"2109908";"Santa Inês";"MA";"Nordeste";85014;76145;8869;89,57;10,43;369;-3,87349463629913;-45,4367315989812;43,8;8,2;35,2;5,2
"2110005";"Santa Luzia";"MA";"Nordeste";57635;27123;30512;47,06;52,94;38132;-4,26976012949208;-45,9315243575139;43,8;8,2;35,2;5,2
"2110039";"Santa Luzia do Paruá";"MA";"Nordeste";24307;18463;5844;75,96;24,04;552;-2,53984663368938;-45,7723195769286;43,8;8,2;35,2;5,2
"2110104";"Santa Quitéria do Maranhão";"MA";"Nordeste";23957;13427;10530;56,05;43,95;5699;-3,34526449379746;-42,8800311715731;43,8;8,2;35,2;5,2
"2110203";"Santa Rita";"MA";"Nordeste";37035;17526;19509;47,32;52,68;291;-3,15951456481441;-44,3287158734364;43,8;8,2;35,2;5,2
"2110237";"Santana do Maranhão";"MA";"Nordeste";10567;2368;8199;22,41;77,59;946;-3,19721814971662;-42,6146582817885;43,8;8,2;35,2;5,2
"2110278";"Santo Amaro do Maranhão";"MA";"Nordeste";13949;5547;8402;39,77;60,23;2979;-2,62319571184852;-43,1841378477188;43,8;8,2;35,2;5,2
"2110302";"Santo Antônio dos Lopes";"MA";"Nordeste";14304;7030;7274;49,15;50,85;274;-4,82632478662972;-44,4811384738559;43,8;8,2;35,2;5,2
"2110401";"São Benedito do Rio Preto";"MA";"Nordeste";18364;11984;6380;65,26;34,74;2730;-3,3753709433523;-43,6184736169883;43,8;8,2;35,2;5,2
"2110500";"São Bento";"MA";"Nordeste";46395;27638;18757;59,57;40,43;888;-2,79807967996944;-44,9991262153035;43,8;8,2;35,2;5,2
"2110609";"São Bernardo";"MA";"Nordeste";26943;13317;13626;49,43;50,57;3629;-3,31197476792308;-42,4060320642017;43,8;8,2;35,2;5,2
"2110658";"São Domingos do Azeitão";"MA";"Nordeste";7992;5605;2387;70,13;29,87;45652;-6,83324417149547;-44,6173865429253;43,8;8,2;35,2;5,2
"2110708";"São Domingos do Maranhão";"MA";"Nordeste";34034;18464;15570;54,25;45,75;7783;-5,63819101171521;-44,3364519691977;43,8;8,2;35,2;5,2
"2110807";"São Félix de Balsas";"MA";"Nordeste";4402;1710;2692;38,85;61,15;8503;-7,09177207502454;-44,8833714188985;43,8;8,2;35,2;5,2
"2110856";"São Francisco do Brejão";"MA";"Nordeste";9051;4719;4332;52,14;47,86;461;-5,15844429611982;-47,3536703390776;43,8;8,2;35,2;5,2
"2110906";"São Francisco do Maranhão";"MA";"Nordeste";12064;4338;7726;35,96;64,04;4711;-6,20850141789763;-43,1139524632315;43,8;8,2;35,2;5,2
"2111003";"São João Batista";"MA";"Nordeste";18544;6062;12482;32,69;67,31;600;-3,00606914534184;-44,7645101554085;43,8;8,2;35,2;5,2
"2111029";"São João do Carú";"MA";"Nordeste";12251;6693;5558;54,63;45,37;509;-3,51080583002091;-46,3791431359227;43,8;8,2;35,2;5,2
"2111052";"São João do Paraíso";"MA";"Nordeste";9904;5574;4330;56,28;43,72;2665;-6,46338521095876;-46,9004366597256;43,8;8,2;35,2;5,2
"2111078";"São João do Soter";"MA";"Nordeste";16889;7379;9510;43,69;56,31;16930;-5,04018233025125;-43,7666170120899;43,8;8,2;35,2;5,2
"2111102";"São João dos Patos";"MA";"Nordeste";25020;21629;3391;86,45;13,55;8096;-6,55945475519214;-43,6380522518856;43,8;8,2;35,2;5,2
"2111201";"São José de Ribamar";"MA";"Nordeste";244579;240840;3739;98,47;1,53;50;-2,57437366310586;-44,1307503311461;43,8;8,2;35,2;5,2
"2111250";"São José dos Basílios";"MA";"Nordeste";6957;2796;4161;40,19;59,81;1699;-5,03971376010713;-44,5683961439249;43,8;8,2;35,2;5,2
"2111300";"São Luís";"MA";"Nordeste";1037775;1029939;7836;99,24;0,76;57;-2,6336857621534;-44,2808936507019;43,8;8,2;35,2;5,2
"2111409";"São Luís Gonzaga do Maranhão";"MA";"Nordeste";17818;7493;10325;42,05;57,95;425;-4,3773864442665;-44,6231345003775;43,8;8,2;35,2;5,2
"2111508";"São Mateus do Maranhão";"MA";"Nordeste";38829;28774;10055;74,1;25,9;10358;-3,99018512976668;-44,5276380914999;43,8;8,2;35,2;5,2
"2111532";"São Pedro da Água Branca";"MA";"Nordeste";14338;11912;2426;83,08;16,92;2562;-5,13355301594579;-48,368829717031;43,8;8,2;35,2;5,2
"2111573";"São Pedro dos Crentes";"MA";"Nordeste";5783;3147;2636;54,42;45,58;3021;-6,81958312882022;-46,7073612283834;43,8;8,2;35,2;5,2
"2111607";"São Raimundo das Mangabeiras";"MA";"Nordeste";18672;13767;4905;73,73;26,27;62834;-7,01388868974014;-45,6909243377053;43,8;8,2;35,2;5,2
"2111631";"São Raimundo do Doca Bezerra";"MA";"Nordeste";5650;1917;3733;33,93;66,07;619;-5,08966889182574;-45,1461459976989;43,8;8,2;35,2;5,2
"2111672";"São Roberto";"MA";"Nordeste";4544;2469;2075;54,34;45,66;349;-5,01869096190017;-45,0349343378082;43,8;8,2;35,2;5,2
"2111706";"São Vicente Ferrer";"MA";"Nordeste";19498;5537;13961;28,4;71,6;935;-2,87727085270563;-44,9415712583183;43,8;8,2;35,2;5,2
"2111722";"Satubinha";"MA";"Nordeste";8784;3833;4951;43,64;56,36;332;-3,93857529851003;-45,2592003781276;43,8;8,2;35,2;5,2
"2111748";"Senador Alexandre Costa";"MA";"Nordeste";10207;6227;3980;61,01;38,99;8123;-5,26101350124752;-43,9846602605149;43,8;8,2;35,2;5,2
"2111763";"Senador La Rocque";"MA";"Nordeste";14700;10103;4597;68,73;31,27;822;-5,38858719491615;-47,1443360497813;43,8;8,2;35,2;5,2
"2111789";"Serrano do Maranhão";"MA";"Nordeste";10202;4428;5774;43,4;56,6;957;-1,87330106112712;-45,0173471104624;43,8;8,2;35,2;5,2
"2111805";"Sítio Novo";"MA";"Nordeste";17074;5877;11197;34,42;65,58;4168;-6,22767698882048;-46,5956118990148;43,8;8,2;35,2;5,2
"2111904";"Sucupira do Norte";"MA";"Nordeste";10238;5699;4539;55,67;44,33;15598;-6,50988121392499;-44,3389435345889;43,8;8,2;35,2;5,2
"2111953";"Sucupira do Riachão";"MA";"Nordeste";4985;2690;2295;53,96;46,04;4015;-6,40671710696127;-43,4852105617085;43,8;8,2;35,2;5,2
"2112001";"Tasso Fragoso";"MA";"Nordeste";8862;6168;2694;69,6;30,4;267168;-8,33186383607026;-45,8861135562859;43,8;8,2;35,2;5,2
"2112100";"Timbiras";"MA";"Nordeste";26484;18710;7774;70,65;29,35;3336;-4,15305000824309;-43,8134599663826;43,8;8,2;35,2;5,2
"2112209";"Timon";"MA";"Nordeste";174465;155677;18788;89,23;10,77;5859;-5,18558834730478;-42,9810611784062;43,8;8,2;35,2;5,2
"2112233";"Trizidela do Vale";"MA";"Nordeste";22484;19071;3413;84,82;15,18;278;-4,53928102963099;-44,6817862101536;43,8;8,2;35,2;5,2
"2112274";"Tufilândia";"MA";"Nordeste";5507;2993;2514;54,35;45,65;147;-3,75807204019271;-45,5812616803719;43,8;8,2;35,2;5,2
"2112308";"Tuntum";"MA";"Nordeste";36251;17324;18927;47,79;52,21;6614;-5,61027982877585;-44,7306413670627;43,8;8,2;35,2;5,2
"2112407";"Turiaçu";"MA";"Nordeste";37491;12907;24584;34,43;65,57;2051;-1,76543737796823;-45,4630443788545;43,8;8,2;35,2;5,2
"2112456";"Turilândia";"MA";"Nordeste";31638;13599;18039;42,98;57,02;1111;-2,15897431929802;-45,4375576216908;43,8;8,2;35,2;5,2
"2112506";"Tutóia";"MA";"Nordeste";53356;29252;24104;54,82;45,18;2222;-2,92305798197256;-42,3905579398628;43,8;8,2;35,2;5,2
"2112605";"Urbano Santos";"MA";"Nordeste";32812;19704;13108;60,05;39,95;2783;-3,26032459426306;-43,2809717044459;43,8;8,2;35,2;5,2
"2112704";"Vargem Grande";"MA";"Nordeste";43261;28761;14500;66,48;33,52;1890;-3,7108830619675;-43,8538060950515;43,8;8,2;35,2;5,2
"2112803";"Viana";"MA";"Nordeste";51442;29609;21833;57,56;42,44;2197;-3,15627766255146;-45,0026977171106;43,8;8,2;35,2;5,2
"2112852";"Vila Nova dos Martírios";"MA";"Nordeste";10362;6745;3617;65,09;34,91;6099;-5,07475557117542;-48,0804604825903;43,8;8,2;35,2;5,2
"2112902";"Vitória do Mearim";"MA";"Nordeste";30805;18113;12692;58,8;41,2;1923;-3,56804466086224;-44,9221508584455;43,8;8,2;35,2;5,2
"2113009";"Vitorino Freire";"MA";"Nordeste";30845;17483;13362;56,68;43,32;376;-4,2438612585888;-45,3124644705109;43,8;8,2;35,2;5,2
"2114007";"Zé Doca";"MA";"Nordeste";40801;27458;13343;67,3;32,7;999;-3,25989615708316;-45,9127268747853;43,8;8,2;35,2;5,2
"2200053";"Acauã";"PI";"Nordeste";6420;1535;4885;23,91;76,09;3507;-8,30596062184361;-41,0016348391565;41,9;5,4;39,3;4
"2200103";"Agricolândia";"PI";"Nordeste";4940;4011;929;81,19;18,81;1422;-5,76825734353997;-42,6824403104749;41,9;5,4;39,3;4
"2200202";"Água Branca";"PI";"Nordeste";17573;15667;1906;89,15;10,85;458;-5,91408616580039;-42,6281297800554;41,9;5,4;39,3;4
"2200251";"Alagoinha do Piauí";"PI";"Nordeste";6819;3820;2999;56,02;43,98;7365;-6,92918378973701;-40,9197283195551;41,9;5,4;39,3;4
"2200277";"Alegrete do Piauí";"PI";"Nordeste";4634;3038;1596;65,56;34,44;2885;-7,20042215102479;-40,7975282352127;41,9;5,4;39,3;4
"2200301";"Alto Longá";"PI";"Nordeste";13479;6724;6755;49,89;50,11;3202;-5,37942998951203;-42,1546529765123;41,9;5,4;39,3;4
"2200400";"Altos";"PI";"Nordeste";47453;34201;13252;72,07;27,93;1663;-5,01474985699919;-42,4696512448146;41,9;5,4;39,3;4
"2200459";"Alvorada do Gurguéia";"PI";"Nordeste";5322;2106;3216;39,57;60,43;6946;-8,45603837109451;-43,9683353837476;41,9;5,4;39,3;4
"2200509";"Amarante";"PI";"Nordeste";17234;9187;8047;53,31;46,69;4665;-6,37034377906927;-42,7878001576557;41,9;5,4;39,3;4
"2200608";"Angical do Piauí";"PI";"Nordeste";6827;5336;1491;78,16;21,84;984;-6,10685730108433;-42,7504504603946;41,9;5,4;39,3;4
"2200707";"Anísio de Abreu";"PI";"Nordeste";9407;4765;4642;50,65;49,35;3689;-9,21408926193475;-43,0419445674187;41,9;5,4;39,3;4
"2200806";"Antônio Almeida";"PI";"Nordeste";3152;2520;632;79,95;20,05;7836;-7,21940352287419;-44,2027117219859;41,9;5,4;39,3;4
"2200905";"Aroazes";"PI";"Nordeste";5369;3480;1889;64,82;35,18;710;-6,12449762253177;-41,8303183838296;41,9;5,4;39,3;4
"2200954";"Aroeiras do Itaim";"PI";"Nordeste";2690;361;2329;13,42;86,58;2316;-7,25033896550497;-41,534275961588;41,9;5,4;39,3;4
"2201002";"Arraial";"PI";"Nordeste";4520;2570;1950;56,86;43,14;857;-6,61807923264456;-42,5202897356608;41,9;5,4;39,3;4
"2201051";"Assunção do Piauí";"PI";"Nordeste";7452;3134;4318;42,06;57,94;4733;-5,87996881353159;-41,0687935757709;41,9;5,4;39,3;4
"2201101";"Avelino Lopes";"PI";"Nordeste";10866;7015;3851;64,56;35,44;2830;-10,1796218450087;-43,9423387503813;41,9;5,4;39,3;4
"2201150";"Baixa Grande do Ribeiro";"PI";"Nordeste";13272;8359;4913;62,98;37,02;356110;-8,50543500800241;-45,1608815484063;41,9;5,4;39,3;4
"2201176";"Barra D'alcântara";"PI";"Nordeste";3995;2205;1790;55,19;44,81;684;-6,52954973861273;-42,1064906514334;41,9;5,4;39,3;4
"2201200";"Barras";"PI";"Nordeste";47938;24319;23619;50,73;49,27;6223;-4,18992483592255;-42,3680693831543;41,9;5,4;39,3;4
"2201309";"Barreiras do Piauí";"PI";"Nordeste";3264;1941;1323;59,47;40,53;18983;-10,0033992206525;-45,7103096426971;41,9;5,4;39,3;4
"2201408";"Barro Duro";"PI";"Nordeste";6640;4901;1739;73,81;26,19;1288;-5,80179303623475;-42,5027714281955;41,9;5,4;39,3;4
"2201507";"Batalha";"PI";"Nordeste";26300;11616;14684;44,17;55,83;4086;-4,01752904535448;-42,0578619107043;41,9;5,4;39,3;4
"2201556";"Bela Vista do Piauí";"PI";"Nordeste";4091;1765;2326;43,14;56,86;2261;-7,99606679549332;-41,8558250803643;41,9;5,4;39,3;4
"2201572";"Belém do Piauí";"PI";"Nordeste";3423;2036;1387;59,48;40,52;2895;-7,38984863370434;-40,9825327817265;41,9;5,4;39,3;4
"2201606";"Beneditinos";"PI";"Nordeste";9929;6185;3744;62,29;37,71;1820;-5,49935566625922;-42,3999435311422;41,9;5,4;39,3;4
"2201705";"Bertolínia";"PI";"Nordeste";5562;4410;1152;79,29;20,71;1016;-7,74488495743864;-43,877202414585;41,9;5,4;39,3;4
"2201739";"Betânia do Piauí";"PI";"Nordeste";6220;2186;4034;35,14;64,86;4000;-8,11349217801711;-40,7512154309047;41,9;5,4;39,3;4
"2201770";"Boa Hora";"PI";"Nordeste";6902;3319;3583;48,09;51,91;2152;-4,35422654859067;-42,1059546731655;41,9;5,4;39,3;4
"2201804";"Bocaina";"PI";"Nordeste";4078;1785;2293;43,77;56,23;1151;-6,90598304491408;-41,3041578922294;41,9;5,4;39,3;4
"2201903";"Bom Jesus";"PI";"Nordeste";28796;23614;5182;82;18;109326;-9,24597332512893;-44,5403324666043;41,9;5,4;39,3;4
"2201919";"Bom Princípio do Piauí";"PI";"Nordeste";5636;1915;3721;33,98;66,02;7436;-3,15736403022548;-41,6306675720541;41,9;5,4;39,3;4
"2201929";"Bonfim do Piauí";"PI";"Nordeste";5913;1790;4123;30,27;69,73;2214;-9,17137453418463;-42,8758395412085;41,9;5,4;39,3;4
"2201945";"Boqueirão do Piauí";"PI";"Nordeste";6545;3139;3406;47,96;52,04;1002;-4,54000868590394;-42,1116308876412;41,9;5,4;39,3;4
"2201960";"Brasileira";"PI";"Nordeste";8436;3952;4484;46,85;53,15;1197;-4,12085460139806;-41,6366181033444;41,9;5,4;39,3;4
"2201988";"Brejo do Piauí";"PI";"Nordeste";3904;1511;2393;38,7;61,3;1579;-8,38232659167257;-42,7909016879694;41,9;5,4;39,3;4
"2202000";"Buriti dos Lopes";"PI";"Nordeste";19654;12663;6991;64,43;35,57;6039;-3,23929858390059;-41,8041549495553;41,9;5,4;39,3;4
"2202026";"Buriti dos Montes";"PI";"Nordeste";7434;2712;4722;36,48;63,52;2275;-5,16230624139815;-41,1999119960736;41,9;5,4;39,3;4
"2202059";"Cabeceiras do Piauí";"PI";"Nordeste";10212;2407;7805;23,57;76,43;1516;-4,43198629911604;-42,3337375939553;41,9;5,4;39,3;4
"2202075";"Cajazeiras do Piauí";"PI";"Nordeste";3108;1174;1934;37,77;62,23;845;-6,78188657705006;-42,4593087805735;41,9;5,4;39,3;4
"2202083";"Cajueiro da Praia";"PI";"Nordeste";7957;5688;2269;71,48;28,52;2446;-2,99262238564146;-41,3615501791756;41,9;5,4;39,3;4
"2202091";"Caldeirão Grande do Piauí";"PI";"Nordeste";5503;2153;3350;39,12;60,88;10980;-7,3079993279664;-40,6228617322132;41,9;5,4;39,3;4
"2202109";"Campinas do Piauí";"PI";"Nordeste";4938;1680;3258;34,02;65,98;2310;-7,65653669871458;-41,8714168384295;41,9;5,4;39,3;4
"2202117";"Campo Alegre do Fidalgo";"PI";"Nordeste";4616;1350;3266;29,25;70,75;2225;-8,28280227321992;-41,8215207688337;41,9;5,4;39,3;4
"2202133";"Campo Grande do Piauí";"PI";"Nordeste";6020;2357;3663;39,15;60,85;3250;-7,18311484267399;-41,0652629454592;41,9;5,4;39,3;4
"2202174";"Campo Largo do Piauí";"PI";"Nordeste";7419;1697;5722;22,87;77,13;801;-3,88112437651548;-42,5460164619172;41,9;5,4;39,3;4
"2202208";"Campo Maior";"PI";"Nordeste";45793;34532;11261;75,41;24,59;2804;-4,87699303720667;-42,1449477153676;41,9;5,4;39,3;4
"2202251";"Canavieira";"PI";"Nordeste";3414;1695;1719;49,65;50,35;1603;-7,55784254538715;-43,5586965681574;41,9;5,4;39,3;4
"2202307";"Canto do Buriti";"PI";"Nordeste";19365;11781;7584;60,84;39,16;11213;-8,34250345254016;-43,3374481316309;41,9;5,4;39,3;4
"2202406";"Capitão de Campos";"PI";"Nordeste";11100;6604;4496;59,5;40,5;3009;-4,52263474933015;-41,9011401403412;41,9;5,4;39,3;4
"2202455";"Capitão Gervásio Oliveira";"PI";"Nordeste";3974;1488;2486;37,44;62,56;465;-8,5292410012284;-41,9011909741286;41,9;5,4;39,3;4
"2202505";"Caracol";"PI";"Nordeste";10318;4045;6273;39,2;60,8;6259;-9,08907003990895;-43,3467286360695;41,9;5,4;39,3;4
"2202539";"Caraúbas do Piauí";"PI";"Nordeste";5630;1013;4617;17,99;82,01;775;-3,56478994185228;-41,8242803824739;41,9;5,4;39,3;4
"2202554";"Caridade do Piauí";"PI";"Nordeste";5033;2323;2710;46,16;53,84;1215;-7,70362911187441;-40,9558212788025;41,9;5,4;39,3;4
"2202604";"Castelo do Piauí";"PI";"Nordeste";19288;11411;7877;59,16;40,84;3265;-5,32653607750948;-41,5669930822867;41,9;5,4;39,3;4
"2202653";"Caxingó";"PI";"Nordeste";5496;1013;4483;18,43;81,57;1180;-3,39190914527656;-41,8506049029344;41,9;5,4;39,3;4
"2202703";"Cocal";"PI";"Nordeste";28212;12630;15582;44,77;55,23;23630;-3,45368625531853;-41,5423289562858;41,9;5,4;39,3;4
"2202711";"Cocal de Telha";"PI";"Nordeste";4911;2693;2218;54,84;45,16;646;-4,61668571063709;-41,9577057125095;41,9;5,4;39,3;4
"2202729";"Cocal dos Alves";"PI";"Nordeste";6386;3127;3259;48,97;51,03;6321;-3,63027749821877;-41,4208764854997;41,9;5,4;39,3;4
"2202737";"Coivaras";"PI";"Nordeste";4117;1664;2453;40,42;59,58;1545;-5,09992475670922;-42,2842351775778;41,9;5,4;39,3;4
"2202752";"Colônia do Gurguéia";"PI";"Nordeste";6150;4880;1270;79,35;20,65;345;-8,18141461026293;-43,6961947416778;41,9;5,4;39,3;4
"2202778";"Colônia do Piauí";"PI";"Nordeste";6994;2846;4148;40,69;59,31;1880;-7,29378379418977;-42,1871224507955;41,9;5,4;39,3;4
"2202802";"Conceição do Canindé";"PI";"Nordeste";4932;2587;2345;52,45;47,55;2381;-7,91455751214396;-41,5808757813887;41,9;5,4;39,3;4
"2202851";"Coronel José Dias";"PI";"Nordeste";4250;1476;2774;34,73;65,27;1980;-8,89718469871602;-42,3342969692535;41,9;5,4;39,3;4
"2202901";"Corrente";"PI";"Nordeste";27278;17380;9898;63,71;36,29;19041;-10,3916087653873;-45,1396388403774;41,9;5,4;39,3;4
"2203008";"Cristalândia do Piauí";"PI";"Nordeste";7356;3351;4005;45,55;54,45;2879;-10,7418149961367;-45,1136742950876;41,9;5,4;39,3;4
"2203107";"Cristino Castro";"PI";"Nordeste";10503;7609;2894;72,45;27,55;2044;-8,78218796696276;-43,9614303145109;41,9;5,4;39,3;4
"2203206";"Curimatá";"PI";"Nordeste";11270;7960;3310;70,63;29,37;2623;-9,94064663806376;-44,3065299816082;41,9;5,4;39,3;4
"2203230";"Currais";"PI";"Nordeste";4854;1473;3381;30,35;69,65;76952;-8,8226067751859;-44,6733045193388;41,9;5,4;39,3;4
"2203255";"Curralinhos";"PI";"Nordeste";4413;1828;2585;41,42;58,58;1478;-5,61607774515254;-42,8466755867938;41,9;5,4;39,3;4
"2203271";"Curral Novo do Piauí";"PI";"Nordeste";5073;2365;2708;46,62;53,38;3300;-7,88776946386056;-40,7708196429378;41,9;5,4;39,3;4
"2203305";"Demerval Lobão";"PI";"Nordeste";16352;13766;2586;84,19;15,81;607;-5,33931207795246;-42,6716586397626;41,9;5,4;39,3;4
"2203354";"Dirceu Arcoverde";"PI";"Nordeste";7054;2784;4270;39,47;60,53;1254;-9,32961487100589;-42,4600927729578;41,9;5,4;39,3;4
"2203404";"Dom Expedito Lopes";"PI";"Nordeste";6320;3754;2566;59,4;40,6;2584;-6,96001968377525;-41,6982537094728;41,9;5,4;39,3;4
"2203420";"Domingos Mourão";"PI";"Nordeste";4075;930;3145;22,82;77,18;2075;-4,25521961473522;-41,3098832490811;41,9;5,4;39,3;4
"2203453";"Dom Inocêncio";"PI";"Nordeste";9159;2978;6181;32,51;67,49;2600;-8,91786631684833;-41,9224995018845;41,9;5,4;39,3;4
"2203503";"Elesbão Veloso";"PI";"Nordeste";13607;9755;3852;71,69;28,31;1549;-6,18485011843529;-42,1935065294576;41,9;5,4;39,3;4
"2203602";"Eliseu Martins";"PI";"Nordeste";4377;3447;930;78,75;21,25;1816;-7,97039719467162;-43,6593415553838;41,9;5,4;39,3;4
"2203701";"Esperantina";"PI";"Nordeste";40970;25104;15866;61,27;38,73;4397;-3,82334455921759;-42,1896974015433;41,9;5,4;39,3;4
"2203750";"Fartura do Piauí";"PI";"Nordeste";5284;1380;3904;26,12;73,88;1480;-9,47565719447757;-42,7840239608325;41,9;5,4;39,3;4
"2203800";"Flores do Piauí";"PI";"Nordeste";4414;1945;2469;44,06;55,94;1186;-7,67295381963319;-42,860832605836;41,9;5,4;39,3;4
"2203859";"Floresta do Piauí";"PI";"Nordeste";2333;991;1342;42,48;57,52;790;-7,47315840990313;-41,8043359708513;41,9;5,4;39,3;4
"2203909";"Floriano";"PI";"Nordeste";62036;55966;6070;90,22;9,78;2881;-7,00575655319542;-43,079350125233;41,9;5,4;39,3;4
"2204006";"Francinópolis";"PI";"Nordeste";4505;2829;1676;62,8;37,2;689;-6,42313781793602;-42,2341150313628;41,9;5,4;39,3;4
"2204105";"Francisco Ayres";"PI";"Nordeste";4412;2135;2277;48,39;51,61;2493;-6,66913465795621;-42,7214863032947;41,9;5,4;39,3;4
"2204154";"Francisco Macedo";"PI";"Nordeste";2929;1341;1588;45,78;54,22;1228;-7,32086793169916;-40,7838640270816;41,9;5,4;39,3;4
"2204204";"Francisco Santos";"PI";"Nordeste";8237;4914;3323;59,66;40,34;4200;-7,0130525244198;-41,1472542370077;41,9;5,4;39,3;4
"2204303";"Fronteiras";"PI";"Nordeste";10259;7194;3065;70,12;29,88;8180;-7,07710799539308;-40,583708489425;41,9;5,4;39,3;4
"2204352";"Geminiano";"PI";"Nordeste";5445;1477;3968;27,13;72,87;6723;-7,18742183337368;-41,3328224785199;41,9;5,4;39,3;4
"2204402";"Gilbués";"PI";"Nordeste";10892;7579;3313;69,58;30,42;50781;-9,62184871024192;-45,4077980841907;41,9;5,4;39,3;4
"2204501";"Guadalupe";"PI";"Nordeste";10270;9687;583;94,32;5,68;2025;-6,84242189615911;-43,7046405045401;41,9;5,4;39,3;4
"2204550";"Guaribas";"PI";"Nordeste";4276;1385;2891;32,39;67,61;2220;-9,06322195830274;-43,6707994486595;41,9;5,4;39,3;4
"2204600";"Hugo Napoleão";"PI";"Nordeste";3518;2884;634;81,98;18,02;937;-6,03571192989822;-42,4980706618925;41,9;5,4;39,3;4
"2204659";"Ilha Grande";"PI";"Nordeste";9274;7851;1423;84,66;15,34;512;-2,82872926986831;-41,8141423314761;41,9;5,4;39,3;4
"2204709";"Inhuma";"PI";"Nordeste";14958;7600;7358;50,81;49,19;7878;-6,67272388036554;-41,6860417981929;41,9;5,4;39,3;4
"2204808";"Ipiranga do Piauí";"PI";"Nordeste";9420;6276;3144;66,62;33,38;2001;-6,81900717561812;-41,7909868559816;41,9;5,4;39,3;4
"2204907";"Isaías Coelho";"PI";"Nordeste";7774;2253;5521;28,98;71,02;3350;-7,65008080697738;-41,6498016740015;41,9;5,4;39,3;4
"2205003";"Itainópolis";"PI";"Nordeste";10790;2944;7846;27,28;72,72;6196;-7,41004119471353;-41,4813692129677;41,9;5,4;39,3;4
"2205102";"Itaueira";"PI";"Nordeste";10323;6370;3953;61,71;38,29;10058;-7,50498580982305;-43,1337194513912;41,9;5,4;39,3;4
"2205151";"Jacobina do Piauí";"PI";"Nordeste";5613;2209;3404;39,36;60,64;644;-7,89673192782444;-41,2524768641919;41,9;5,4;39,3;4
"2205201";"Jaicós";"PI";"Nordeste";17527;9026;8501;51,5;48,5;6950;-7,3914932021432;-41,2066390137035;41,9;5,4;39,3;4
"2205250";"Jardim do Mulato";"PI";"Nordeste";4180;1303;2877;31,17;68,83;1041;-6,14586144384268;-42,5270262569875;41,9;5,4;39,3;4
"2205276";"Jatobá do Piauí";"PI";"Nordeste";4494;955;3539;21,25;78,75;1785;-4,84160217390581;-41,9183772513188;41,9;5,4;39,3;4
"2205300";"Jerumenha";"PI";"Nordeste";4497;2468;2029;54,88;45,12;585;-7,1149840498551;-43,5015814008095;41,9;5,4;39,3;4
"2205359";"João Costa";"PI";"Nordeste";2970;845;2125;28,45;71,55;484;-8,5416618259006;-42,4816400355742;41,9;5,4;39,3;4
"2205409";"Joaquim Pires";"PI";"Nordeste";13886;4540;9346;32,69;67,31;2005;-3,53974396626034;-42,0824559795639;41,9;5,4;39,3;4
"2205458";"Joca Marques";"PI";"Nordeste";5394;1982;3412;36,74;63,26;698;-3,54564624965277;-42,4262494347723;41,9;5,4;39,3;4
"2205508";"José de Freitas";"PI";"Nordeste";42559;27349;15210;64,26;35,74;7713;-4,71391894311193;-42,524921720287;41,9;5,4;39,3;4
"2205516";"Juazeiro do Piauí";"PI";"Nordeste";5214;1786;3428;34,25;65,75;1622;-4,95826122296399;-41,5896088167171;41,9;5,4;39,3;4
"2205524";"Júlio Borges";"PI";"Nordeste";5388;1914;3474;35,52;64,48;1185;-10,4253112319694;-44,1744765486967;41,9;5,4;39,3;4
"2205532";"Jurema";"PI";"Nordeste";4425;725;3700;16,38;83,62;4052;-9,01447133108885;-43,1656778445213;41,9;5,4;39,3;4
"2205540";"Lagoinha do Piauí";"PI";"Nordeste";2939;1806;1133;61,45;38,55;369;-5,82004185848819;-42,6273606120288;41,9;5,4;39,3;4
"2205557";"Lagoa Alegre";"PI";"Nordeste";8256;3399;4857;41,17;58,83;930;-4,48983611769117;-42,5649007358208;41,9;5,4;39,3;4
"2205565";"Lagoa do Barro do Piauí";"PI";"Nordeste";4995;1514;3481;30,31;69,69;2156;-8,56848352704289;-41,5997642675581;41,9;5,4;39,3;4
"2205573";"Lagoa de São Francisco";"PI";"Nordeste";6331;2033;4298;32,11;67,89;1499;-4,36402199574082;-41,5814171078526;41,9;5,4;39,3;4
"2205581";"Lagoa do Piauí";"PI";"Nordeste";4810;2750;2060;57,17;42,83;825;-5,46126868727243;-42,6076679432773;41,9;5,4;39,3;4
"2205599";"Lagoa do Sítio";"PI";"Nordeste";4520;1805;2715;39,93;60,07;5360;-6,49006956772377;-41,4864099294251;41,9;5,4;39,3;4
"2205607";"Landri Sales";"PI";"Nordeste";5213;3851;1362;73,87;26,13;1842;-7,29578177723865;-43,9278300530516;41,9;5,4;39,3;4
"2205706";"Luís Correia";"PI";"Nordeste";30641;14236;16405;46,46;53,54;12776;-3,08218083252063;-41,4816496331326;41,9;5,4;39,3;4
"2205805";"Luzilândia";"PI";"Nordeste";25375;14208;11167;55,99;44,01;2736;-3,6066715586095;-42,3638194405803;41,9;5,4;39,3;4
"2205854";"Madeiro";"PI";"Nordeste";8032;3516;4516;43,77;56,23;873;-3,56496752808478;-42,5292470878768;41,9;5,4;39,3;4
"2205904";"Manoel Emídio";"PI";"Nordeste";5209;3649;1560;70,05;29,95;794;-8,2063175809277;-44,0076354012978;41,9;5,4;39,3;4
"2205953";"Marcolândia";"PI";"Nordeste";8533;7408;1125;86,82;13,18;2760;-7,42948622965436;-40,7362145981138;41,9;5,4;39,3;4
"2206001";"Marcos Parente";"PI";"Nordeste";4724;4044;680;85,61;14,39;346;-7,07630413636996;-43,8945540709601;41,9;5,4;39,3;4
"2206050";"Massapê do Piauí";"PI";"Nordeste";5218;941;4277;18,03;81,97;1668;-7,53578511013821;-41,0954479422918;41,9;5,4;39,3;4
"2206100";"Matias Olímpio";"PI";"Nordeste";10641;5259;5382;49,42;50,58;1123;-3,70739342097451;-42,5842548422491;41,9;5,4;39,3;4
"2206209";"Miguel Alves";"PI";"Nordeste";32150;10673;21477;33,2;66,8;9654;-4,24051311997791;-42,7735161597745;41,9;5,4;39,3;4
"2206308";"Miguel Leão";"PI";"Nordeste";1318;903;415;68,51;31,49;331;-5,70097484921958;-42,7013752479616;41,9;5,4;39,3;4
"2206357";"Milton Brandão";"PI";"Nordeste";6542;1947;4595;29,76;70,24;3050;-4,69876698925486;-41,4899640404182;41,9;5,4;39,3;4
"2206407";"Monsenhor Gil";"PI";"Nordeste";10255;5672;4583;55,31;44,69;1230;-5,61094130096302;-42,6097770032746;41,9;5,4;39,3;4
"2206506";"Monsenhor Hipólito";"PI";"Nordeste";7577;3733;3844;49,27;50,73;7300;-6,91880584168449;-41,038190101714;41,9;5,4;39,3;4
"2206605";"Monte Alegre do Piauí";"PI";"Nordeste";10660;3148;7512;29,53;70,47;42383;-9,60416491477172;-45,0303248470079;41,9;5,4;39,3;4
"2206654";"Morro Cabeça No Tempo";"PI";"Nordeste";4377;1672;2705;38,2;61,8;1139;-9,81118088000317;-43,9220370352934;41,9;5,4;39,3;4
"2206670";"Morro do Chapéu do Piauí";"PI";"Nordeste";6425;2430;3995;37,82;62,18;1063;-3,70559325037649;-42,2635132998634;41,9;5,4;39,3;4
"2206696";"Murici dos Portelas";"PI";"Nordeste";9797;2094;7703;21,37;78,63;1862;-3,35671261548152;-42,0124330971008;41,9;5,4;39,3;4
"2206704";"Nazaré do Piauí";"PI";"Nordeste";6665;3769;2896;56,55;43,45;419;-7,05223405986466;-42,7455970778952;41,9;5,4;39,3;4
"2206720";"Nazária";"PI";"Nordeste";10262;3322;6940;32,37;67,63;620;-5,44546842441576;-42,8678387889219;41,9;5,4;39,3;4
"2206753";"Nossa Senhora de Nazaré";"PI";"Nordeste";5228;1785;3443;34,14;65,86;873;-4,64354528963749;-42,1889564479425;41,9;5,4;39,3;4
"2206803";"Nossa Senhora dos Remédios";"PI";"Nordeste";8525;3938;4587;46,19;53,81;985;-4,0261395832506;-42,6061142990889;41,9;5,4;39,3;4
"2206902";"Novo Oriente do Piauí";"PI";"Nordeste";6097;3360;2737;55,11;44,89;1347;-6,50107192449753;-41,9767768043251;41,9;5,4;39,3;4
"2206951";"Novo Santo Antônio";"PI";"Nordeste";2827;1190;1637;42,09;57,91;705;-5,27855098769991;-41,9227118704501;41,9;5,4;39,3;4
"2207009";"Oeiras";"PI";"Nordeste";38161;26570;11591;69,63;30,37;6890;-6,96625707074671;-42,1649681809453;41,9;5,4;39,3;4
"2207108";"Olho D'água do Piauí";"PI";"Nordeste";2637;1410;1227;53,47;46,53;794;-5,85772753697605;-42,5521594543889;41,9;5,4;39,3;4
"2207207";"Padre Marcos";"PI";"Nordeste";6382;3592;2790;56,28;43,72;3016;-7,37777584253601;-40,881068095961;41,9;5,4;39,3;4
"2207306";"Paes Landim";"PI";"Nordeste";4088;2423;1665;59,27;40,73;1331;-7,81270306606693;-42,2851574159661;41,9;5,4;39,3;4
"2207355";"Pajeú do Piauí";"PI";"Nordeste";3000;1566;1434;52,2;47,8;1756;-7,90380799605453;-42,8334435356839;41,9;5,4;39,3;4
"2207405";"Palmeira do Piauí";"PI";"Nordeste";4952;1922;3030;38,81;61,19;32223;-8,55682227797077;-44,4645363857748;41,9;5,4;39,3;4
"2207504";"Palmeirais";"PI";"Nordeste";13264;5566;7698;41,96;58,04;6089;-5,8832311964922;-42,9558237857575;41,9;5,4;39,3;4
"2207553";"Paquetá";"PI";"Nordeste";3813;591;3222;15,5;84,5;3553;-7,13155418731627;-41,6856809708248;41,9;5,4;39,3;4
"2207603";"Parnaguá";"PI";"Nordeste";10103;5293;4810;52,39;47,61;2458;-10,3156283641722;-44,5683956167565;41,9;5,4;39,3;4
"2207702";"Parnaíba";"PI";"Nordeste";162159;154662;7497;95,38;4,62;1099;-2,95902310288806;-41,7534234405514;41,9;5,4;39,3;4
"2207751";"Passagem Franca do Piauí";"PI";"Nordeste";4135;2650;1485;64,09;35,91;1488;-5,87288525282345;-42,4133067996309;41,9;5,4;39,3;4
"2207777";"Patos do Piauí";"PI";"Nordeste";5425;2501;2924;46,1;53,9;1629;-7,67384094513141;-41,2961354013811;41,9;5,4;39,3;4
"2207793";"Pau D'arco do Piauí";"PI";"Nordeste";3880;872;3008;22,47;77,53;673;-5,24515096736568;-42,470913304976;41,9;5,4;39,3;4
"2207801";"Paulistana";"PI";"Nordeste";21055;12558;8497;59,64;40,36;1258;-8,11045174291377;-41,1450827813645;41,9;5,4;39,3;4
"2207850";"Pavussu";"PI";"Nordeste";3628;1881;1747;51,85;48,15;1629;-7,92530858128865;-43,3372186633667;41,9;5,4;39,3;4
"2207900";"Pedro Ii";"PI";"Nordeste";37894;23706;14188;62,56;37,44;4253;-4,49541465602337;-41,3970022920594;41,9;5,4;39,3;4
"2207934";"Pedro Laurentino";"PI";"Nordeste";2458;1086;1372;44,18;55,82;863;-8,07298174037855;-42,2654452092181;41,9;5,4;39,3;4
"2207959";"Nova Santa Rita";"PI";"Nordeste";4076;879;3197;21,57;78,43;1930;-8,11942991006065;-42,0237245736807;41,9;5,4;39,3;4
"2208007";"Picos";"PI";"Nordeste";83090;66061;17029;79,51;20,49;4421;-7,05890631980826;-41,5223839105114;41,9;5,4;39,3;4
"2208106";"Pimenteiras";"PI";"Nordeste";11341;4697;6644;41,42;58,58;5077;-6,34473208247608;-41,1663680648762;41,9;5,4;39,3;4
"2208205";"Pio Ix";"PI";"Nordeste";17613;5821;11792;33,05;66,95;42560;-6,79023700657335;-40,7181821380263;41,9;5,4;39,3;4
"2208304";"Piracuruca";"PI";"Nordeste";28846;21530;7316;74,64;25,36;7413;-3,85357465353319;-41,6144783756484;41,9;5,4;39,3;4
"2208403";"Piripiri";"PI";"Nordeste";65538;49908;15630;76,15;23,85;3717;-4,33094613786826;-41,7713788026415;41,9;5,4;39,3;4
"2208502";"Porto";"PI";"Nordeste";12052;7871;4181;65,31;34,69;630;-3,94988582885627;-42,7076181773979;41,9;5,4;39,3;4
"2208551";"Porto Alegre do Piauí";"PI";"Nordeste";2364;1668;696;70,56;29,44;2602;-6,95634640635171;-44,0571149618502;41,9;5,4;39,3;4
"2208601";"Prata do Piauí";"PI";"Nordeste";3042;2505;537;82,35;17,65;141;-5,72525488768602;-42,1666827331091;41,9;5,4;39,3;4
"2208650";"Queimada Nova";"PI";"Nordeste";8738;2167;6571;24,8;75,2;2230;-8,51610691555551;-41,3510100621795;41,9;5,4;39,3;4
"2208700";"Redenção do Gurguéia";"PI";"Nordeste";8394;5400;2994;64,33;35,67;1936;-9,52437834640707;-44,4548990280426;41,9;5,4;39,3;4
"2208809";"Regeneração";"PI";"Nordeste";17133;13701;3432;79,97;20,03;18608;-6,3524986295794;-42,490490584932;41,9;5,4;39,3;4
"2208858";"Riacho Frio";"PI";"Nordeste";4165;2581;1584;61,97;38,03;459;-9,93052161844147;-44,8129527277921;41,9;5,4;39,3;4
"2208874";"Ribeira do Piauí";"PI";"Nordeste";4055;1074;2981;26,49;73,51;640;-7,92763021619312;-42,6136100518241;41,9;5,4;39,3;4
"2208908";"Ribeiro Gonçalves";"PI";"Nordeste";6164;4429;1735;71,85;28,15;131174;-7,97402760044898;-45,3453563751749;41,9;5,4;39,3;4
"2209005";"Rio Grande do Piauí";"PI";"Nordeste";5801;4181;1620;72,07;27,93;658;-7,77102405879382;-43,1521750119947;41,9;5,4;39,3;4
"2209104";"Santa Cruz do Piauí";"PI";"Nordeste";5831;4104;1727;70,38;29,62;1748;-7,23703660882631;-41,7745215110011;41,9;5,4;39,3;4
"2209153";"Santa Cruz dos Milagres";"PI";"Nordeste";3435;2658;777;77,38;22,62;670;-5,90796791521566;-41,8686132905652;41,9;5,4;39,3;4
"2209203";"Santa Filomena";"PI";"Nordeste";6087;4085;2002;67,11;32,89;109925;-8,99038609693835;-45,675565648195;41,9;5,4;39,3;4
"2209302";"Santa Luz";"PI";"Nordeste";5336;3290;2046;61,66;38,34;1489;-9,04519036669895;-44,1054683575931;41,9;5,4;39,3;4
"2209351";"Santana do Piauí";"PI";"Nordeste";4125;1917;2208;46,47;53,53;2661;-6,94065756291509;-41,4950766121698;41,9;5,4;39,3;4
"2209377";"Santa Rosa do Piauí";"PI";"Nordeste";4650;3374;1276;72,56;27,44;1594;-6,80923042751482;-42,2275559736118;41,9;5,4;39,3;4
"2209401";"Santo Antônio de Lisboa";"PI";"Nordeste";5839;3834;2005;65,66;34,34;5379;-6,90671529565971;-41,2073799881573;41,9;5,4;39,3;4
"2209450";"Santo Antônio dos Milagres";"PI";"Nordeste";2138;1152;986;53,88;46,12;262;-6,05006057150246;-42,7027061906619;41,9;5,4;39,3;4
"2209500";"Santo Inácio do Piauí";"PI";"Nordeste";3646;2401;1245;65,85;34,15;632;-7,45822837689804;-42,0143122341733;41,9;5,4;39,3;4
"2209559";"São Braz do Piauí";"PI";"Nordeste";4358;939;3419;21,55;78,45;3574;-8,96283792417878;-43,0078987684695;41,9;5,4;39,3;4
"2209609";"São Félix do Piauí";"PI";"Nordeste";2842;1661;1181;58,44;41,56;378;-5,93557364138763;-42,1029823592961;41,9;5,4;39,3;4
"2209658";"São Francisco de Assis do Piauí";"PI";"Nordeste";5572;1860;3712;33,38;66,62;2141;-8,19346711813369;-41,5835588947518;41,9;5,4;39,3;4
"2209708";"São Francisco do Piauí";"PI";"Nordeste";5392;1709;3683;31,7;68,3;1323;-7,19856076708611;-42,500975069459;41,9;5,4;39,3;4
"2209757";"São Gonçalo do Gurguéia";"PI";"Nordeste";2947;1506;1441;51,1;48,9;1261;-10,0883027197146;-45,3216103366484;41,9;5,4;39,3;4
"2209807";"São Gonçalo do Piauí";"PI";"Nordeste";4837;3629;1208;75,03;24,97;4328;-6,00281857612034;-42,6522584844982;41,9;5,4;39,3;4
"2209856";"São João da Canabrava";"PI";"Nordeste";4242;1247;2995;29,4;70,6;4410;-6,69193505792032;-41,3915796623237;41,9;5,4;39,3;4
"2209872";"São João da Fronteira";"PI";"Nordeste";5522;2648;2874;47,95;52,05;1399;-3,99230370298124;-41,2838254097385;41,9;5,4;39,3;4
"2209906";"São João da Serra";"PI";"Nordeste";6114;3903;2211;63,84;36,16;774;-5,54244322756816;-41,8778208574642;41,9;5,4;39,3;4
"2209955";"São João da Varjota";"PI";"Nordeste";4383;1427;2956;32,56;67,44;1283;-6,95652411523849;-41,8821737830287;41,9;5,4;39,3;4
"2209971";"São João do Arraial";"PI";"Nordeste";8186;4829;3357;58,99;41,01;712;-3,8188835760871;-42,449427102407;41,9;5,4;39,3;4
"2210003";"São João do Piauí";"PI";"Nordeste";21421;15395;6026;71,87;28,13;1744;-8,32033392282061;-42,2574629732021;41,9;5,4;39,3;4
"2210052";"São José do Divino";"PI";"Nordeste";4841;2679;2162;55,34;44,66;1121;-3,77445108047304;-41,8610185121388;41,9;5,4;39,3;4
"2210102";"São José do Peixe";"PI";"Nordeste";3297;2157;1140;65,42;34,58;725;-7,48239951693723;-42,5823822160653;41,9;5,4;39,3;4
"2210201";"São José do Piauí";"PI";"Nordeste";6597;3484;3113;52,81;47,19;6794;-6,81491806688506;-41,4910189724328;41,9;5,4;39,3;4
"2210300";"São Julião";"PI";"Nordeste";6025;4111;1914;68,23;31,77;2558;-7,08149418339507;-40,8204851704074;41,9;5,4;39,3;4
"2210359";"São Lourenço do Piauí";"PI";"Nordeste";4410;1373;3037;31,13;68,87;1339;-9,17148807079387;-42,5353991544218;41,9;5,4;39,3;4
"2210375";"São Luis do Piauí";"PI";"Nordeste";2309;818;1491;35,43;64,57;1640;-6,76444024746226;-41,263337103296;41,9;5,4;39,3;4
"2210383";"São Miguel da Baixa Grande";"PI";"Nordeste";2269;1346;923;59,32;40,68;1300;-5,81878915560577;-42,2729670197342;41,9;5,4;39,3;4
"2210391";"São Miguel do Fidalgo";"PI";"Nordeste";2829;1162;1667;41,07;58,93;911;-7,5967339850035;-42,3326613412748;41,9;5,4;39,3;4
"2210409";"São Miguel do Tapuio";"PI";"Nordeste";17554;7645;9909;43,55;56,45;4752;-5,74100655104673;-41,4397966338188;41,9;5,4;39,3;4
"2210508";"São Pedro do Piauí";"PI";"Nordeste";13755;8999;4756;65,42;34,58;1870;-5,81817903780896;-42,7866162963356;41,9;5,4;39,3;4
"2210607";"São Raimundo Nonato";"PI";"Nordeste";38934;26672;12262;68,51;31,49;3984;-8,96559093605741;-42,7156605505121;41,9;5,4;39,3;4
"2210623";"Sebastião Barros";"PI";"Nordeste";3202;1409;1793;44;56;2526;-10,6542894623269;-44,8333480004053;41,9;5,4;39,3;4
"2210631";"Sebastião Leal";"PI";"Nordeste";4446;2374;2072;53,4;46,6;86834;-7,74507217027928;-44,0926279116175;41,9;5,4;39,3;4
"2210656";"Sigefredo Pacheco";"PI";"Nordeste";9460;3409;6051;36,04;63,96;3146;-4,97558855233421;-41,8051808934691;41,9;5,4;39,3;4
"2210706";"Simões";"PI";"Nordeste";14350;7028;7322;48,98;51,02;6884;-7,67090226323369;-40,7419150412479;41,9;5,4;39,3;4
"2210805";"Simplício Mendes";"PI";"Nordeste";13870;8679;5191;62,57;37,43;2246;-7,79894185133814;-42,0212532498167;41,9;5,4;39,3;4
"2210904";"Socorro do Piauí";"PI";"Nordeste";4141;1602;2539;38,69;61,31;2217;-7,89662735721622;-42,476431651532;41,9;5,4;39,3;4
"2210938";"Sussuapara";"PI";"Nordeste";6220;3219;3001;51,75;48,25;459;-7,01900682423008;-41,3562267725171;41,9;5,4;39,3;4
"2210953";"Tamboril do Piauí";"PI";"Nordeste";2949;1566;1383;53,1;46,9;1669;-8,48583438029878;-43,082049154299;41,9;5,4;39,3;4
"2210979";"Tanque do Piauí";"PI";"Nordeste";2316;1027;1289;44,34;55,66;2454;-6,66209597490334;-42,266330615724;41,9;5,4;39,3;4
"2211001";"Teresina";"PI";"Nordeste";866300;821364;44936;94,81;5,19;6152;-5,10250182634224;-42,740599346374;41,9;5,4;39,3;4
"2211100";"União";"PI";"Nordeste";46119;23937;22182;51,9;48,1;11588;-4,59535956611458;-42,7950035194739;41,9;5,4;39,3;4
"2211209";"Uruçuí";"PI";"Nordeste";25203;21507;3696;85,34;14,66;291639;-7,79169868414569;-44,56948258708;41,9;5,4;39,3;4
"2211308";"Valença do Piauí";"PI";"Nordeste";22279;18067;4212;81,09;18,91;2364;-6,36704610177931;-41,79895426769;41,9;5,4;39,3;4
"2211357";"Várzea Branca";"PI";"Nordeste";5055;1458;3597;28,84;71,16;3080;-9,32271167527146;-42,9216714251997;41,9;5,4;39,3;4
"2211407";"Várzea Grande";"PI";"Nordeste";4417;2830;1587;64,07;35,93;676;-6,55378258104639;-42,2253885082002;41,9;5,4;39,3;4
"2211506";"Vera Mendes";"PI";"Nordeste";3185;1290;1895;40,5;59,5;1551;-7,59786663644462;-41,5186461888208;41,9;5,4;39,3;4
"2211605";"Vila Nova do Piauí";"PI";"Nordeste";2935;1254;1681;42,73;57,27;2550;-7,20204398941436;-40,9361561800824;41,9;5,4;39,3;4
"2211704";"Wall Ferraz";"PI";"Nordeste";4059;1279;2780;31,51;68,49;1494;-7,26561769098785;-41,8777083098976;41,9;5,4;39,3;4
"2300101";"Abaiara";"CE";"Nordeste";10038;5572;4466;55,51;44,49;3639;-7,36058647737389;-39,0369160079024;35,1;6,3;30,5;4,5
"2300150";"Acarape";"CE";"Nordeste";14027;8757;5270;62,43;37,57;1343;-4,21677614804915;-38,6621871322095;35,1;6,3;30,5;4,5
"2300200";"Acaraú";"CE";"Nordeste";65264;28894;36370;44,27;55,73;20969;-2,96802545232094;-40,0880786982303;35,1;6,3;30,5;4,5
"2300309";"Acopiara";"CE";"Nordeste";44962;24532;20430;54,56;45,44;16872;-6,12203769999365;-39,4938070597203;35,1;6,3;30,5;4,5
"2300408";"Aiuaba";"CE";"Nordeste";14076;5676;8400;40,32;59,68;7212;-6,60514163469438;-40,2985145186042;35,1;6,3;30,5;4,5
"2300507";"Alcântaras";"CE";"Nordeste";11369;4049;7320;35,61;64,39;2334;-3,59226585499902;-40,5429682608971;35,1;6,3;30,5;4,5
"2300606";"Altaneira";"CE";"Nordeste";6782;4964;1818;73,19;26,81;1426;-6,98561870478802;-39,6991995840065;35,1;6,3;30,5;4,5
"2300705";"Alto Santo";"CE";"Nordeste";14155;7080;7075;50,02;49,98;11032;-5,5161624759323;-38,24098183145;35,1;6,3;30,5;4,5
"2300754";"Amontada";"CE";"Nordeste";42156;16880;25276;40,04;59,96;22529;-3,23952914685313;-39,7850311591056;35,1;6,3;30,5;4,5
"2300804";"Antonina do Norte";"CE";"Nordeste";7245;5492;1753;75,8;24,2;1116;-6,75659251553228;-39,9814066036951;35,1;6,3;30,5;4,5
"2300903";"Apuiarés";"CE";"Nordeste";12928;6698;6230;51,81;48,19;5297;-3,96830729555435;-39,3306841092019;35,1;6,3;30,5;4,5
"2301000";"Aquiraz";"CE";"Nordeste";80645;64013;16632;79,38;20,62;3050;-3,9764634972286;-38,3939265394762;35,1;6,3;30,5;4,5
"2301109";"Aracati";"CE";"Nordeste";75113;47536;27577;63,29;36,71;14626;-4,68079583777473;-37,6856478130937;35,1;6,3;30,5;4,5
"2301208";"Aracoiaba";"CE";"Nordeste";25553;16861;8692;65,98;34,02;10485;-4,48291772861753;-38,7134853965372;35,1;6,3;30,5;4,5
"2301257";"Ararendá";"CE";"Nordeste";11096;5250;5846;47,31;52,69;2299;-4,7729911254121;-40,7461645736705;35,1;6,3;30,5;4,5
"2301307";"Araripe";"CE";"Nordeste";19783;12121;7662;61,27;38,73;11661;-7,23919228577817;-40,076615385778;35,1;6,3;30,5;4,5
"2301406";"Aratuba";"CE";"Nordeste";11224;3761;7463;33,51;66,49;5051;-4,41727443963847;-39,0249647743525;35,1;6,3;30,5;4,5
"2301505";"Arneiroz";"CE";"Nordeste";7429;4284;3145;57,67;42,33;3912;-6,23932497362977;-40,1549061632485;35,1;6,3;30,5;4,5
"2301604";"Assaré";"CE";"Nordeste";21697;12822;8875;59,1;40,9;5942;-6,90965916565894;-39,8691935182813;35,1;6,3;30,5;4,5
"2301703";"Aurora";"CE";"Nordeste";23714;12660;11054;53,39;46,61;3121;-6,98890727280491;-38,9691446227787;35,1;6,3;30,5;4,5
"2301802";"Baixio";"CE";"Nordeste";5704;2958;2746;51,86;48,14;626;-6,71144584866045;-38,7529998040973;35,1;6,3;30,5;4,5
"2301851";"Banabuiú";"CE";"Nordeste";17195;9534;7661;55,45;44,55;1423;-5,26216139997457;-38,9036328356147;35,1;6,3;30,5;4,5
"2301901";"Barbalha";"CE";"Nordeste";75033;53864;21169;71,79;28,21;2301;-7,40370936452264;-39,3445491256123;35,1;6,3;30,5;4,5
"2301950";"Barreira";"CE";"Nordeste";22392;10583;11809;47,26;52,74;13181;-4,32208637654296;-38,620380588909;35,1;6,3;30,5;4,5
"2302008";"Barro";"CE";"Nordeste";19381;12174;7207;62,81;37,19;4537;-7,12556818190987;-38,7939976752021;35,1;6,3;30,5;4,5
"2302057";"Barroquinha";"CE";"Nordeste";14567;9526;5041;65,39;34,61;2256;-2,97060149540938;-41,1737072439338;35,1;6,3;30,5;4,5
"2302107";"Baturité";"CE";"Nordeste";35218;26245;8973;74,52;25,48;6137;-4,38330293951522;-38,8509893029543;35,1;6,3;30,5;4,5
"2302206";"Beberibe";"CE";"Nordeste";53114;22208;30906;41,81;58,19;34447;-4,40169079312311;-38,1128189236983;35,1;6,3;30,5;4,5
"2302305";"Bela Cruz";"CE";"Nordeste";32775;12400;20375;37,83;62,17;40155;-3,0534137408816;-40,3080192255562;35,1;6,3;30,5;4,5
"2302404";"Boa Viagem";"CE";"Nordeste";50411;28632;21779;56,8;43,2;20078;-5,08779527369998;-39,8079316483758;35,1;6,3;30,5;4,5
"2302503";"Brejo Santo";"CE";"Nordeste";51090;32544;18546;63,7;36,3;4414;-7,55560017973508;-38,9213904775689;35,1;6,3;30,5;4,5
"2302602";"Camocim";"CE";"Nordeste";62326;46328;15998;74,33;25,67;15010;-2,94979661937993;-40,8009544402685;35,1;6,3;30,5;4,5
"2302701";"Campos Sales";"CE";"Nordeste";25135;18215;6920;72,47;27,53;6303;-6,93666528923856;-40,27122397043;35,1;6,3;30,5;4,5
"2302800";"Canindé";"CE";"Nordeste";74174;50907;23267;68,63;31,37;26401;-4,40214233887532;-39,4303609587619;35,1;6,3;30,5;4,5
"2302909";"Capistrano";"CE";"Nordeste";17254;8089;9165;46,88;53,12;4688;-4,46780474070203;-38,9079565267424;35,1;6,3;30,5;4,5
"2303006";"Caridade";"CE";"Nordeste";16377;10477;5900;63,97;36,03;16541;-4,20380484029859;-39,1098491283784;35,1;6,3;30,5;4,5
"2303105";"Cariré";"CE";"Nordeste";17632;8678;8954;49,22;50,78;7299;-3,9518059380871;-40,5216402859715;35,1;6,3;30,5;4,5
"2303204";"Caririaçu";"CE";"Nordeste";26320;14807;11513;56,26;43,74;3554;-7,02188864577758;-39,2749828169793;35,1;6,3;30,5;4,5
"2303303";"Cariús";"CE";"Nordeste";17015;8677;8338;51;49;1790;-6,64199274716943;-39,4641236369629;35,1;6,3;30,5;4,5
"2303402";"Carnaubal";"CE";"Nordeste";17210;9901;7309;57,53;42,47;4252;-4,13015619862919;-41,0102285684297;35,1;6,3;30,5;4,5
"2303501";"Cascavel";"CE";"Nordeste";72720;51397;21323;70,68;29,32;14647;-4,23912857341743;-38,2969972052541;35,1;6,3;30,5;4,5
"2303600";"Catarina";"CE";"Nordeste";10243;5802;4441;56,64;43,36;4772;-6,25277171363704;-39,9096594807985;35,1;6,3;30,5;4,5
"2303659";"Catunda";"CE";"Nordeste";10444;6347;4097;60,77;39,23;6300;-4,62959599720621;-40,175011506556;35,1;6,3;30,5;4,5
"2303709";"Caucaia";"CE";"Nordeste";355679;318612;37067;89,58;10,42;7364;-3,78359629074855;-38,8096808889363;35,1;6,3;30,5;4,5
"2303808";"Cedro";"CE";"Nordeste";22344;13989;8355;62,61;37,39;2930;-6,56971795761343;-39,0931807211402;35,1;6,3;30,5;4,5
"2303907";"Chaval";"CE";"Nordeste";12462;8736;3726;70,1;29,9;1366;-3,09257580392139;-41,2326571395552;35,1;6,3;30,5;4,5
"2303931";"Choró";"CE";"Nordeste";12113;4356;7757;35,96;64,04;3171;-4,77234776230584;-39,1911749903005;35,1;6,3;30,5;4,5
"2303956";"Chorozinho";"CE";"Nordeste";20163;12280;7883;60,9;39,1;14743;-4,30228189748938;-38,4683457082445;35,1;6,3;30,5;4,5
"2304004";"Coreaú";"CE";"Nordeste";20953;13848;7105;66,09;33,91;3508;-3,64153767865047;-40,7262367281766;35,1;6,3;30,5;4,5
"2304103";"Crateús";"CE";"Nordeste";76390;55929;20461;73,22;26,78;23274;-5,19928628209822;-40,719545095476;35,1;6,3;30,5;4,5
"2304202";"Crato";"CE";"Nordeste";131050;109744;21306;83,74;16,26;4361;-7,23560279639322;-39,4898990149567;35,1;6,3;30,5;4,5
"2304236";"Croatá";"CE";"Nordeste";17481;10088;7393;57,71;42,29;6335;-4,38768069064264;-40,9751530915615;35,1;6,3;30,5;4,5
"2304251";"Cruz";"CE";"Nordeste";29761;11834;17927;39,76;60,24;19127;-2,89645236594915;-40,3234014466968;35,1;6,3;30,5;4,5
"2304269";"Deputado Irapuan Pinheiro";"CE";"Nordeste";8932;4123;4809;46,16;53,84;5430;-5,88707670967954;-39,26619868447;35,1;6,3;30,5;4,5
"2304277";"Ereré";"CE";"Nordeste";6474;3570;2904;55,14;44,86;2067;-5,98503183054608;-38,3119532795466;35,1;6,3;30,5;4,5
"2304285";"Eusébio";"CE";"Nordeste";74170;73443;727;99,02;0,98;65;-3,8759115713499;-38,457582835673;35,1;6,3;30,5;4,5
"2304301";"Farias Brito";"CE";"Nordeste";18217;8522;9695;46,78;53,22;6356;-6,9094392884282;-39,5490960454635;35,1;6,3;30,5;4,5
"2304350";"Forquilha";"CE";"Nordeste";24173;18205;5968;75,31;24,69;5304;-3,82243384813541;-40,2255268533611;35,1;6,3;30,5;4,5
"2304400";"Fortaleza";"CE";"Nordeste";2428708;2428708;NA;100;NA;18;-3,78574009438847;-38,5280262027953;35,1;6,3;30,5;4,5
"2304459";"Fortim";"CE";"Nordeste";17294;12379;4915;71,58;28,42;7323;-4,46434925795579;-37,8737267349918;35,1;6,3;30,5;4,5
"2304509";"Frecheirinha";"CE";"Nordeste";15657;10927;4730;69,79;30,21;2287;-3,71082003300056;-40,8226832930963;35,1;6,3;30,5;4,5
"2304608";"General Sampaio";"CE";"Nordeste";6734;3829;2905;56,86;43,14;2327;-4,06391318921237;-39,4510916390192;35,1;6,3;30,5;4,5
"2304657";"Graça";"CE";"Nordeste";13801;6258;7543;45,34;54,66;4102;-4,04559296830853;-40,7738538537876;35,1;6,3;30,5;4,5
"2304707";"Granja";"CE";"Nordeste";53344;26496;26848;49,67;50,33;15948;-3,23059542728031;-41,0017515311669;35,1;6,3;30,5;4,5
"2304806";"Granjeiro";"CE";"Nordeste";4841;2610;2231;53,91;46,09;1237;-6,91161373317288;-39,252011051635;35,1;6,3;30,5;4,5
"2304905";"Groaíras";"CE";"Nordeste";10910;7671;3239;70,31;29,69;1852;-3,91234567599993;-40,3653285294542;35,1;6,3;30,5;4,5
"2304954";"Guaiúba";"CE";"Nordeste";24325;19264;5061;79,19;20,81;555;-4,1023488315627;-38,6698501297162;35,1;6,3;30,5;4,5
"2305001";"Guaraciaba do Norte";"CE";"Nordeste";42053;20633;21420;49,06;50,94;14066;-4,23278609695033;-40,915287228288;35,1;6,3;30,5;4,5
"2305100";"Guaramiranga";"CE";"Nordeste";5654;1569;4085;27,75;72,25;564;-4,24656570665683;-38,9565559931051;35,1;6,3;30,5;4,5
"2305209";"Hidrolândia";"CE";"Nordeste";17855;11660;6195;65,3;34,7;7250;-4,43258814623234;-40,405082325479;35,1;6,3;30,5;4,5
"2305233";"Horizonte";"CE";"Nordeste";74755;71167;3588;95,2;4,8;2340;-4,10216768885211;-38,465084044473;35,1;6,3;30,5;4,5
"2305266";"Ibaretama";"CE";"Nordeste";11956;4557;7399;38,11;61,89;4617;-4,78005026286575;-38,7248845590123;35,1;6,3;30,5;4,5
"2305308";"Ibiapina";"CE";"Nordeste";23965;10894;13071;45,46;54,54;8311;-3,9511425452758;-41,006191904728;35,1;6,3;30,5;4,5
"2305332";"Ibicuitinga";"CE";"Nordeste";11611;6246;5365;53,79;46,21;3451;-4,97460196096099;-38,5569123012177;35,1;6,3;30,5;4,5
"2305357";"Icapuí";"CE";"Nordeste";21433;12027;9406;56,11;43,89;9605;-4,73864269854331;-37,4105108895664;35,1;6,3;30,5;4,5
"2305407";"Icó";"CE";"Nordeste";62642;32127;30515;51,29;48,71;8423;-6,38902867218671;-38,7833976024359;35,1;6,3;30,5;4,5
"2305506";"Iguatu";"CE";"Nordeste";98064;74792;23272;76,27;23,73;10419;-6,35848086454203;-39,2818143447173;35,1;6,3;30,5;4,5
"2305605";"Independência";"CE";"Nordeste";24024;11739;12285;48,86;51,14;16131;-5,47373991593769;-40,3412841360024;35,1;6,3;30,5;4,5
"2305654";"Ipaporanga";"CE";"Nordeste";11575;6037;5538;52,16;47,84;5786;-4,9096874556041;-40,804207073619;35,1;6,3;30,5;4,5
"2305704";"Ipaumirim";"CE";"Nordeste";12083;6659;5424;55,11;44,89;1811;-6,80923111792786;-38,743067442631;35,1;6,3;30,5;4,5
"2305803";"Ipu";"CE";"Nordeste";41081;25089;15992;61,07;38,93;11568;-4,3697112332571;-40,6691554885679;35,1;6,3;30,5;4,5
"2305902";"Ipueiras";"CE";"Nordeste";36798;18624;18174;50,61;49,39;6931;-4,57275826416427;-40,8768942436002;35,1;6,3;30,5;4,5
"2306009";"Iracema";"CE";"Nordeste";14001;11167;2834;79,76;20,24;1877;-5,77794435829813;-38,3382786460409;35,1;6,3;30,5;4,5
"2306108";"Irauçuba";"CE";"Nordeste";23915;15409;8506;64,43;35,57;5118;-3,86577729945137;-39,8176570319588;35,1;6,3;30,5;4,5
"2306207";"Itaiçaba";"CE";"Nordeste";7536;4768;2768;63,27;36,73;1214;-4,71758553370085;-37,8473923654891;35,1;6,3;30,5;4,5
"2306256";"Itaitinga";"CE";"Nordeste";64650;52664;11986;81,46;18,54;1087;-3,99806693091096;-38,5499248196693;35,1;6,3;30,5;4,5
"2306306";"Itapajé";"CE";"Nordeste";46426;34990;11436;75,37;24,63;8756;-3,73282662675201;-39,5749812353817;35,1;6,3;30,5;4,5
"2306405";"Itapipoca";"CE";"Nordeste";131123;76685;54438;58,48;41,52;36690;-3,39523251229894;-39,5982289338435;35,1;6,3;30,5;4,5
"2306504";"Itapiúna";"CE";"Nordeste";17841;9224;8617;51,7;48,3;4792;-4,59548586665492;-38,952142750918;35,1;6,3;30,5;4,5
"2306553";"Itarema";"CE";"Nordeste";42957;15355;27602;35,75;64,25;25074;-3,05000191430795;-39,8890750765638;35,1;6,3;30,5;4,5
"2306603";"Itatira";"CE";"Nordeste";20424;10080;10344;49,35;50,65;6924;-4,62549647128322;-39,5782983309296;35,1;6,3;30,5;4,5
"2306702";"Jaguaretama";"CE";"Nordeste";17232;8929;8303;51,82;48,18;2862;-5,49178794546769;-38,7479436789712;35,1;6,3;30,5;4,5
"2306801";"Jaguaribara";"CE";"Nordeste";10356;5934;4422;57,3;42,7;1368;-5,61102474112678;-38,5250187026258;35,1;6,3;30,5;4,5
"2306900";"Jaguaribe";"CE";"Nordeste";33726;23278;10448;69,02;30,98;3572;-5,961295075237;-38,7049679375265;35,1;6,3;30,5;4,5
"2307007";"Jaguaruana";"CE";"Nordeste";31701;19307;12394;60,9;39,1;4325;-4,86569844142309;-37,7466077177507;35,1;6,3;30,5;4,5
"2307106";"Jardim";"CE";"Nordeste";27411;10182;17229;37,15;62,85;4072;-7,59043840403223;-39,2480355369616;35,1;6,3;30,5;4,5
"2307205";"Jati";"CE";"Nordeste";7861;4898;2963;62,31;37,69;1224;-7,69192341609996;-38,9922651995069;35,1;6,3;30,5;4,5
"2307254";"Jijoca de Jericoacoara";"CE";"Nordeste";25555;13288;12267;52;48;6334;-2,87769574863642;-40,4953778165591;35,1;6,3;30,5;4,5
"2307304";"Juazeiro do Norte";"CE";"Nordeste";286120;276678;9442;96,7;3,3;1347;-7,18279419803815;-39,2860914438518;35,1;6,3;30,5;4,5
"2307403";"Jucás";"CE";"Nordeste";23922;14829;9093;61,99;38,01;4904;-6,45803210245857;-39,6072262459606;35,1;6,3;30,5;4,5
"2307502";"Lavras da Mangabeira";"CE";"Nordeste";30802;18842;11960;61,17;38,83;4305;-6,77798675360403;-38,9946289462815;35,1;6,3;30,5;4,5
"2307601";"Limoeiro do Norte";"CE";"Nordeste";59560;43514;16046;73,06;26,94;7783;-5,15816894167629;-38,046042691988;35,1;6,3;30,5;4,5
"2307635";"Madalena";"CE";"Nordeste";16896;10088;6808;59,71;40,29;13918;-4,85794086959628;-39,5089779942394;35,1;6,3;30,5;4,5
"2307650";"Maracanaú";"CE";"Nordeste";234509;230955;3554;98,48;1,52;330;-3,87450813271481;-38,6270852452458;35,1;6,3;30,5;4,5
"2307700";"Maranguape";"CE";"Nordeste";105093;88317;16776;84,04;15,96;1809;-4,00671127618508;-38,8121839806696;35,1;6,3;30,5;4,5
"2307809";"Marco";"CE";"Nordeste";25799;16772;9027;65,01;34,99;11514;-3,18950893625872;-40,2614818744843;35,1;6,3;30,5;4,5
"2307908";"Martinópole";"CE";"Nordeste";10846;8021;2825;73,95;26,05;5652;-3,16963975503793;-40,6488132795424;35,1;6,3;30,5;4,5
"2308005";"Massapê";"CE";"Nordeste";37697;25750;11947;68,31;31,69;4184;-3,48425945988689;-40,3876199279057;35,1;6,3;30,5;4,5
"2308104";"Mauriti";"CE";"Nordeste";45561;24723;20838;54,26;45,74;15770;-7,39775386351057;-38,7173646890592;35,1;6,3;30,5;4,5
"2308203";"Meruoca";"CE";"Nordeste";15157;7935;7222;52,35;47,65;1000;-3,57858711560727;-40,4508248628458;35,1;6,3;30,5;4,5
"2308302";"Milagres";"CE";"Nordeste";25900;13696;12204;52,88;47,12;3548;-7,27220350963939;-38,9429929685339;35,1;6,3;30,5;4,5
"2308351";"Milhã";"CE";"Nordeste";14123;6958;7165;49,27;50,73;7895;-5,64088780032756;-39,171112434637;35,1;6,3;30,5;4,5
"2308377";"Miraíma";"CE";"Nordeste";14196;8220;5976;57,9;42,1;2536;-3,56058034387161;-39,9086336804275;35,1;6,3;30,5;4,5
"2308401";"Missão Velha";"CE";"Nordeste";36822;16446;20376;44,66;55,34;8279;-7,3064436100023;-39,1529168363181;35,1;6,3;30,5;4,5
"2308500";"Mombaça";"CE";"Nordeste";37735;20605;17130;54,6;45,4;28600;-5,78807836314043;-39,7484332566392;35,1;6,3;30,5;4,5
"2308609";"Monsenhor Tabosa";"CE";"Nordeste";17149;9228;7921;53,81;46,19;9102;-4,91460955384168;-40,044609124661;35,1;6,3;30,5;4,5
"2308708";"Morada Nova";"CE";"Nordeste";61443;38909;22534;63,33;36,67;9134;-5,03470669050072;-38,4329152397089;35,1;6,3;30,5;4,5
"2308807";"Moraújo";"CE";"Nordeste";8254;4556;3698;55,2;44,8;1635;-3,46116437643691;-40,6796420894741;35,1;6,3;30,5;4,5
"2308906";"Morrinhos";"CE";"Nordeste";22753;11649;11104;51,2;48,8;8277;-3,28405245218709;-40,0893871592236;35,1;6,3;30,5;4,5
"2309003";"Mucambo";"CE";"Nordeste";13666;8975;4691;65,67;34,33;3551;-3,8978254145294;-40,7559110207565;35,1;6,3;30,5;4,5
"2309102";"Mulungu";"CE";"Nordeste";10569;6710;3859;63,49;36,51;3802;-4,31936954563528;-38,9931296522916;35,1;6,3;30,5;4,5
"2309201";"Nova Olinda";"CE";"Nordeste";15399;10598;4801;68,82;31,18;1829;-7,09330793964496;-39,6650609831942;35,1;6,3;30,5;4,5
"2309300";"Nova Russas";"CE";"Nordeste";30699;23538;7161;76,67;23,33;2104;-4,67985586314432;-40,5287004818519;35,1;6,3;30,5;4,5
"2309409";"Novo Oriente";"CE";"Nordeste";27545;15005;12540;54,47;45,53;15635;-5,59267794795812;-40,7709441517996;35,1;6,3;30,5;4,5
"2309458";"Ocara";"CE";"Nordeste";24493;10337;14156;42,2;57,8;31660;-4,52645699076828;-38,5073036917399;35,1;6,3;30,5;4,5
"2309508";"Orós";"CE";"Nordeste";19675;14841;4834;75,43;24,57;2664;-6,2442180992402;-38,9447683380585;35,1;6,3;30,5;4,5
"2309607";"Pacajus";"CE";"Nordeste";70983;63662;7321;89,69;10,31;6520;-4,18380686756281;-38,4982881560318;35,1;6,3;30,5;4,5
"2309706";"Pacatuba";"CE";"Nordeste";81524;78731;2793;96,57;3,43;508;-3,95241174104697;-38,5971784555004;35,1;6,3;30,5;4,5
"2309805";"Pacoti";"CE";"Nordeste";11186;4641;6545;41,49;58,51;1456;-4,19888723303472;-38,9020866665002;35,1;6,3;30,5;4,5
"2309904";"Pacujá";"CE";"Nordeste";6175;4014;2161;65;35;959;-4,00590083212273;-40,6854021236204;35,1;6,3;30,5;4,5
"2310001";"Palhano";"CE";"Nordeste";9346;5908;3438;63,21;36,79;7715;-4,70823539655159;-38,0282338522316;35,1;6,3;30,5;4,5
"2310100";"Palmácia";"CE";"Nordeste";10242;4792;5450;46,79;53,21;2347;-4,12578651182805;-38,8419271826363;35,1;6,3;30,5;4,5
"2310209";"Paracuru";"CE";"Nordeste";38980;27528;11452;70,62;29,38;3057;-3,48074610128291;-39,038828104091;35,1;6,3;30,5;4,5
"2310258";"Paraipaba";"CE";"Nordeste";32216;19255;12961;59,77;40,23;11485;-3,42229911452395;-39,1793432724528;35,1;6,3;30,5;4,5
"2310308";"Parambu";"CE";"Nordeste";31445;16659;14786;52,98;47,02;21009;-6,30404244859206;-40,6276264116471;35,1;6,3;30,5;4,5
"2310407";"Paramoti";"CE";"Nordeste";10384;6087;4297;58,62;41,38;18461;-4,15981921505656;-39,3770480070007;35,1;6,3;30,5;4,5
"2310506";"Pedra Branca";"CE";"Nordeste";40187;25580;14607;63,65;36,35;14293;-5,49702387734276;-39,846757001197;35,1;6,3;30,5;4,5
"2310605";"Penaforte";"CE";"Nordeste";8972;6351;2621;70,79;29,21;1286;-7,78033882882693;-39,0539671136991;35,1;6,3;30,5;4,5
"2310704";"Pentecoste";"CE";"Nordeste";37813;24538;13275;64,89;35,11;4965;-3,85385242190966;-39,1460367314832;35,1;6,3;30,5;4,5
"2310803";"Pereiro";"CE";"Nordeste";15274;6644;8630;43,5;56,5;5866;-6,04089690567369;-38,4886165537532;35,1;6,3;30,5;4,5
"2310852";"Pindoretama";"CE";"Nordeste";23391;18263;5128;78,08;21,92;742;-4,05470065889753;-38,3056872322779;35,1;6,3;30,5;4,5
"2310902";"Piquet Carneiro";"CE";"Nordeste";16616;9834;6782;59,18;40,82;3979;-5,86296093088441;-39,4517015792187;35,1;6,3;30,5;4,5
"2310951";"Pires Ferreira";"CE";"Nordeste";10606;4157;6449;39,19;60,81;5613;-4,25912421038372;-40,584267692508;35,1;6,3;30,5;4,5
"2311009";"Poranga";"CE";"Nordeste";12065;7885;4180;65,35;34,65;2259;-4,79946460010354;-41,0774174772912;35,1;6,3;30,5;4,5
"2311108";"Porteiras";"CE";"Nordeste";17050;7499;9551;43,98;56,02;2891;-7,5420160327522;-39,1067507985364;35,1;6,3;30,5;4,5
"2311207";"Potengi";"CE";"Nordeste";8833;5085;3748;57,57;42,43;3190;-7,07265802283458;-40,0363130563917;35,1;6,3;30,5;4,5
"2311231";"Potiretama";"CE";"Nordeste";5974;2623;3351;43,91;56,09;4544;-5,74954168948607;-38,1676570633752;35,1;6,3;30,5;4,5
"2311264";"Quiterianópolis";"CE";"Nordeste";20213;7194;13019;35,59;64,41;11244;-5,87156768648576;-40,7609067262248;35,1;6,3;30,5;4,5
"2311306";"Quixadá";"CE";"Nordeste";84168;62899;21269;74,73;25,27;6560;-4,95446583436236;-38,947076838403;35,1;6,3;30,5;4,5
"2311355";"Quixelô";"CE";"Nordeste";15910;5320;10590;33,44;66,56;2312;-6,17539966534903;-39,120652212979;35,1;6,3;30,5;4,5
"2311405";"Quixeramobim";"CE";"Nordeste";82177;54969;27208;66,89;33,11;8968;-5,24554318350059;-39,33322503925;35,1;6,3;30,5;4,5
"2311504";"Quixeré";"CE";"Nordeste";20874;14671;6203;70,28;29,72;4166;-5,08813151943404;-37,8622103247059;35,1;6,3;30,5;4,5
"2311603";"Redenção";"CE";"Nordeste";27214;16992;10222;62,44;37,56;7591;-4,24577687139566;-38,7622310677556;35,1;6,3;30,5;4,5
"2311702";"Reriutaba";"CE";"Nordeste";18606;10974;7632;58,98;41,02;5881;-4,12083366679509;-40,6132201323622;35,1;6,3;30,5;4,5
"2311801";"Russas";"CE";"Nordeste";72928;50179;22749;68,81;31,19;6037;-4,84388469067321;-38,1482056359122;35,1;6,3;30,5;4,5
"2311900";"Saboeiro";"CE";"Nordeste";13854;7591;6263;54,79;45,21;2455;-6,4843504957307;-39,8885964974712;35,1;6,3;30,5;4,5
"2311959";"Salitre";"CE";"Nordeste";16633;7666;8967;46,09;53,91;26037;-7,20479156143184;-40,3663632860471;35,1;6,3;30,5;4,5
"2312007";"Santana do Acaraú";"CE";"Nordeste";30628;14741;15887;48,13;51,87;10842;-3,46098245231721;-40,1646983513326;35,1;6,3;30,5;4,5
"2312106";"Santana do Cariri";"CE";"Nordeste";16954;7383;9571;43,55;56,45;2684;-7,22213290976694;-39,7564044492612;35,1;6,3;30,5;4,5
"2312205";"Santa Quitéria";"CE";"Nordeste";40183;26001;14182;64,71;35,29;31523;-4,34068623472662;-40,041960433062;35,1;6,3;30,5;4,5
"2312304";"São Benedito";"CE";"Nordeste";47640;24991;22649;52,46;47,54;15836;-4,04090162362868;-40,9695203263688;35,1;6,3;30,5;4,5
"2312403";"São Gonçalo do Amarante";"CE";"Nordeste";54143;40204;13939;74,26;25,74;4009;-3,6005670432442;-39,0604744449691;35,1;6,3;30,5;4,5
"2312502";"São João do Jaguaribe";"CE";"Nordeste";5855;2518;3337;43,01;56,99;1063;-5,32597448059457;-38,273214425506;35,1;6,3;30,5;4,5
"2312601";"São Luís do Curu";"CE";"Nordeste";10822;7676;3146;70,93;29,07;2270;-3,64627009733473;-39,2644339038542;35,1;6,3;30,5;4,5
"2312700";"Senador Pompeu";"CE";"Nordeste";24266;14919;9347;61,48;38,52;9634;-5,58771760711548;-39,4335628402327;35,1;6,3;30,5;4,5
"2312809";"Senador Sá";"CE";"Nordeste";7262;5423;1839;74,68;25,32;2362;-3,27006381899615;-40,4610741206455;35,1;6,3;30,5;4,5
"2312908";"Sobral";"CE";"Nordeste";203023;177937;25086;87,64;12,36;8965;-3,81108082725448;-40,2279013277173;35,1;6,3;30,5;4,5
"2313005";"Solonópole";"CE";"Nordeste";18179;8980;9199;49,4;50,6;9481;-5,77653376156904;-39,0024408206872;35,1;6,3;30,5;4,5
"2313104";"Tabuleiro do Norte";"CE";"Nordeste";30652;20022;10630;65,32;34,68;4183;-5,36118953594119;-38,027289170767;35,1;6,3;30,5;4,5
"2313203";"Tamboril";"CE";"Nordeste";24815;14120;10695;56,9;43,1;20605;-4,92007921503334;-40,3357780417708;35,1;6,3;30,5;4,5
"2313252";"Tarrafas";"CE";"Nordeste";7529;3130;4399;41,57;58,43;2366;-6,73016948927863;-39,7378480723779;35,1;6,3;30,5;4,5
"2313302";"Tauá";"CE";"Nordeste";61227;39355;21872;64,28;35,72;23255;-5,93671877005288;-40,2588650083022;35,1;6,3;30,5;4,5
"2313351";"Tejuçuoca";"CE";"Nordeste";17154;6485;10669;37,8;62,2;4520;-3,93196101367005;-39,5833656064858;35,1;6,3;30,5;4,5
"2313401";"Tianguá";"CE";"Nordeste";81506;54780;26726;67,21;32,79;11733;-3,73612162229398;-41,0549715890107;35,1;6,3;30,5;4,5
"2313500";"Trairi";"CE";"Nordeste";58415;26102;32313;44,68;55,32;26091;-3,33745111688099;-39,3535932911357;35,1;6,3;30,5;4,5
"2313559";"Tururu";"CE";"Nordeste";15412;9667;5745;62,72;37,28;11817;-3,55097990663209;-39,4056998841179;35,1;6,3;30,5;4,5
"2313609";"Ubajara";"CE";"Nordeste";32767;15465;17302;47,2;52,8;7283;-3,86658588113486;-41,0045998530932;35,1;6,3;30,5;4,5
"2313708";"Umari";"CE";"Nordeste";6871;3881;2990;56,48;43,52;1356;-6,62328569736615;-38,7302572722446;35,1;6,3;30,5;4,5
"2313757";"Umirim";"CE";"Nordeste";17470;10374;7096;59,38;40,62;3915;-3,68700510553036;-39,3846720711235;35,1;6,3;30,5;4,5
"2313807";"Uruburetama";"CE";"Nordeste";20189;15178;5011;75,18;24,82;7483;-3,62119004680936;-39,5147849462144;35,1;6,3;30,5;4,5
"2313906";"Uruoca";"CE";"Nordeste";13746;7998;5748;58,18;41,82;5779;-3,32086594882957;-40,6803488777361;35,1;6,3;30,5;4,5
"2313955";"Varjota";"CE";"Nordeste";18105;13591;4514;75,07;24,93;4628;-4,16781063798978;-40,493914397145;35,1;6,3;30,5;4,5
"2314003";"Várzea Alegre";"CE";"Nordeste";38984;23939;15045;61,41;38,59;3917;-6,77174737600385;-39,2979101096568;35,1;6,3;30,5;4,5
"2314102";"Viçosa do Ceará";"CE";"Nordeste";59712;18778;40934;31,45;68,55;13325;-3,5462026232522;-41,1360622530713;35,1;6,3;30,5;4,5
"2400109";"Acari";"RN";"Nordeste";10597;9230;1367;87,1;12,9;184;-6,40938544614593;-36,650065724115;33,7;4,9;29,4;3,9
"2400208";"Açu";"RN";"Nordeste";56496;42831;13665;75,81;24,19;2199;-5,52664541455723;-37,0141117351377;33,7;4,9;29,4;3,9
"2400307";"Afonso Bezerra";"RN";"Nordeste";10839;5777;5062;53,3;46,7;945;-5,47140795887177;-36,5999475029485;33,7;4,9;29,4;3,9
"2400406";"Água Nova";"RN";"Nordeste";2946;1925;1021;65,34;34,66;433;-6,20867748929824;-38,3087194773865;33,7;4,9;29,4;3,9
"2400505";"Alexandria";"RN";"Nordeste";13640;9949;3691;72,94;27,06;842;-6,36444366720688;-37,9892351903685;33,7;4,9;29,4;3,9
"2400604";"Almino Afonso";"RN";"Nordeste";4687;3360;1327;71,69;28,31;588;-6,1544470040078;-37,7629052793346;33,7;4,9;29,4;3,9
"2400703";"Alto do Rodrigues";"RN";"Nordeste";12484;9075;3409;72,69;27,31;3850;-5,36233061569121;-36,723474070929;33,7;4,9;29,4;3,9
"2400802";"Angicos";"RN";"Nordeste";11632;10273;1359;88,32;11,68;322;-5,64625235941421;-36,5571355404978;33,7;4,9;29,4;3,9
"2400901";"Antônio Martins";"RN";"Nordeste";6577;3639;2938;55,33;44,67;1626;-6,21964360486525;-37,9249565199272;33,7;4,9;29,4;3,9
"2401008";"Apodi";"RN";"Nordeste";36093;21508;14585;59,59;40,41;19048;-5,62821439628177;-37,8357044276704;33,7;4,9;29,4;3,9
"2401107";"Areia Branca";"RN";"Nordeste";24093;19757;4336;82;18;1765;-5,00108183951432;-37,0461075084575;33,7;4,9;29,4;3,9
"2401206";"Arês";"RN";"Nordeste";13251;8596;4655;64,87;35,13;8171;-6,19357896115624;-35,2080401859795;33,7;4,9;29,4;3,9
"2401305";"Campo Grande";"RN";"Nordeste";9730;5258;4472;54,04;45,96;915;-5,88029040150891;-37,3243061169796;33,7;4,9;29,4;3,9
"2401404";"Baía Formosa";"RN";"Nordeste";8825;7025;1800;79,6;20,4;12831;-6,4347240433488;-35,0448348335334;33,7;4,9;29,4;3,9
"2401453";"Baraúna";"RN";"Nordeste";26913;18636;8277;69,25;30,75;9096;-5,09265791407157;-37,6182637749221;33,7;4,9;29,4;3,9
"2401503";"Barcelona";"RN";"Nordeste";3986;1997;1989;50,1;49,9;740;-5,96096171926175;-35,921955354889;33,7;4,9;29,4;3,9
"2401602";"Bento Fernandes";"RN";"Nordeste";4807;1990;2817;41,4;58,6;384;-5,67593444948706;-35,8118420722859;33,7;4,9;29,4;3,9
"2401651";"Bodó";"RN";"Nordeste";2306;1368;938;59,32;40,68;4561;-5,96283315526744;-36,4417269748066;33,7;4,9;29,4;3,9
"2401701";"Bom Jesus";"RN";"Nordeste";9952;7896;2056;79,34;20,66;2710;-6,00081560346929;-35,5907946372774;33,7;4,9;29,4;3,9
"2401800";"Brejinho";"RN";"Nordeste";12202;9611;2591;78,77;21,23;340;-6,21811344677401;-35,3835093341619;33,7;4,9;29,4;3,9
"2401859";"Caiçara do Norte";"RN";"Nordeste";6293;5654;639;89,85;10,15;222;-5,19176089315176;-36,0832295206012;33,7;4,9;29,4;3,9
"2401909";"Caiçara do Rio do Vento";"RN";"Nordeste";3268;2639;629;80,75;19,25;157;-5,76611751991682;-36,0265243352123;33,7;4,9;29,4;3,9
"2402006";"Caicó";"RN";"Nordeste";61146;57238;3908;93,61;6,39;215;-6,46765075645445;-37,0379645714202;33,7;4,9;29,4;3,9
"2402105";"Campo Redondo";"RN";"Nordeste";10215;5841;4374;57,18;42,82;935;-6,23788054563754;-36,2089277030072;33,7;4,9;29,4;3,9
"2402204";"Canguaretama";"RN";"Nordeste";29668;26200;3468;88,31;11,69;16560;-6,3950249940754;-35,1484360244878;33,7;4,9;29,4;3,9
"2402303";"Caraúbas";"RN";"Nordeste";19727;13860;5867;70,26;29,74;1836;-5,76726782766915;-37,5837645813319;33,7;4,9;29,4;3,9
"2402402";"Carnaúba dos Dantas";"RN";"Nordeste";7992;6594;1398;82,51;17,49;134;-6,55326389113532;-36,5488503928386;33,7;4,9;29,4;3,9
"2402501";"Carnaubais";"RN";"Nordeste";9714;5050;4664;51,99;48,01;910;-5,26411305760015;-36,857290149472;33,7;4,9;29,4;3,9
"2402600";"Ceará-Mirim";"RN";"Nordeste";79115;53402;25713;67,5;32,5;8380;-5,59543822345534;-35,3951895927481;33,7;4,9;29,4;3,9
"2402709";"Cerro Corá";"RN";"Nordeste";11000;5249;5751;47,72;52,28;9138;-5,98929473857536;-36,3270948377561;33,7;4,9;29,4;3,9
"2402808";"Coronel Ezequiel";"RN";"Nordeste";5117;2917;2200;57,01;42,99;953;-6,35736191786462;-36,1957778699156;33,7;4,9;29,4;3,9
"2402907";"Coronel João Pessoa";"RN";"Nordeste";4237;1785;2452;42,13;57,87;708;-6,25544801794889;-38,4228553630157;33,7;4,9;29,4;3,9
"2403004";"Cruzeta";"RN";"Nordeste";8005;6777;1228;84,66;15,34;93;-6,35596469040491;-36,8249708340654;33,7;4,9;29,4;3,9
"2403103";"Currais Novos";"RN";"Nordeste";41313;36008;5305;87,16;12,84;281;-6,22356472405752;-36,4435244336568;33,7;4,9;29,4;3,9
"2403202";"Doutor Severiano";"RN";"Nordeste";7044;2717;4327;38,57;61,43;980;-6,11536950056522;-38,4013198206049;33,7;4,9;29,4;3,9
"2403251";"Parnamirim";"RN";"Nordeste";252716;252716;NA;100;NA;NA;-5,91427867074489;-35,2300171574417;33,7;4,9;29,4;3,9
"2403301";"Encanto";"RN";"Nordeste";6016;3425;2591;56,93;43,07;214;-6,13415376873985;-38,3064474353513;33,7;4,9;29,4;3,9
"2403400";"Equador";"RN";"Nordeste";5360;4530;830;84,51;15,49;329;-6,881922465212;-36,6660750970805;33,7;4,9;29,4;3,9
"2403509";"Espírito Santo";"RN";"Nordeste";10620;5387;5233;50,73;49,27;489;-6,30563720891685;-35,3044978094689;33,7;4,9;29,4;3,9
"2403608";"Extremoz";"RN";"Nordeste";61635;53920;7715;87,48;12,52;710;-5,6809466096262;-35,2684899749726;33,7;4,9;29,4;3,9
"2403707";"Felipe Guerra";"RN";"Nordeste";5944;4341;1603;73,03;26,97;220;-5,53978146325291;-37,6558901071631;33,7;4,9;29,4;3,9
"2403756";"Fernando Pedroza";"RN";"Nordeste";2938;2546;392;86,66;13,34;140;-5,76047722870933;-36,3921240739787;33,7;4,9;29,4;3,9
"2403806";"Florânia";"RN";"Nordeste";10196;7250;2946;71,11;28,89;2007;-6,16971494222422;-36,8184579266673;33,7;4,9;29,4;3,9
"2403905";"Francisco Dantas";"RN";"Nordeste";2700;1705;995;63,15;36,85;272;-6,05292781380636;-38,1085677290932;33,7;4,9;29,4;3,9
"2404002";"Frutuoso Gomes";"RN";"Nordeste";4122;2871;1251;69,65;30,35;541;-6,16113210545022;-37,8389616074752;33,7;4,9;29,4;3,9
"2404101";"Galinhos";"RN";"Nordeste";2104;1275;829;60,6;39,4;591;-5,17564013395789;-36,2079298226506;33,7;4,9;29,4;3,9
"2404200";"Goianinha";"RN";"Nordeste";26741;21693;5048;81,12;18,88;6323;-6,28778700495043;-35,2140175985951;33,7;4,9;29,4;3,9
"2404309";"Governador Dix-Sept Rosado";"RN";"Nordeste";11938;6690;5248;56,04;43,96;3770;-5,39507328122269;-37,5367690876;33,7;4,9;29,4;3,9
"2404408";"Grossos";"RN";"Nordeste";9924;7233;2691;72,88;27,12;523;-4,94754115877767;-37,2104757528094;33,7;4,9;29,4;3,9
"2404507";"Guamaré";"RN";"Nordeste";15295;12452;2843;81,41;18,59;1958;-5,17474340091943;-36,3439010385462;33,7;4,9;29,4;3,9
"2404606";"Ielmo Marinho";"RN";"Nordeste";11615;1533;10082;13,2;86,8;3267;-5,78412020384908;-35,5503882866413;33,7;4,9;29,4;3,9
"2404705";"Ipanguaçu";"RN";"Nordeste";14131;6997;7134;49,52;50,48;1867;-5,53816157757;-36,8026411983334;33,7;4,9;29,4;3,9
"2404804";"Ipueira";"RN";"Nordeste";2035;1885;150;92,63;7,37;70;-6,77414855393592;-37,1862000607596;33,7;4,9;29,4;3,9
"2404853";"Itajá";"RN";"Nordeste";7292;6233;1059;85,48;14,52;440;-5,6900044903013;-36,8080626870945;33,7;4,9;29,4;3,9
"2404903";"Itaú";"RN";"Nordeste";5320;4391;929;82,54;17,46;1200;-5,81844332202605;-37,916445431561;33,7;4,9;29,4;3,9
"2405009";"Jaçanã";"RN";"Nordeste";7834;6452;1382;82,36;17,64;2117;-6,4110245993541;-36,2143827675067;33,7;4,9;29,4;3,9
"2405108";"Jandaíra";"RN";"Nordeste";6562;3939;2623;60,03;39,97;1566;-5,35701724522553;-36,1382570576092;33,7;4,9;29,4;3,9
"2405207";"Janduís";"RN";"Nordeste";4746;3657;1089;77,05;22,95;460;-5,99617670408104;-37,4749082008208;33,7;4,9;29,4;3,9
"2405306";"Januário Cicco";"RN";"Nordeste";9051;4112;4939;45,43;54,57;1512;-6,15178434025862;-35,6004478174726;33,7;4,9;29,4;3,9
"2405405";"Japi";"RN";"Nordeste";5117;4106;1011;80,24;19,76;1143;-6,43280605772198;-35,8990126094807;33,7;4,9;29,4;3,9
"2405504";"Jardim de Angicos";"RN";"Nordeste";2437;902;1535;37,01;62,99;837;-5,61391192912863;-35,9868392894092;33,7;4,9;29,4;3,9
"2405603";"Jardim de Piranhas";"RN";"Nordeste";13977;11615;2362;83,1;16,9;74;-6,33429412953422;-37,285766903166;33,7;4,9;29,4;3,9
"2405702";"Jardim do Seridó";"RN";"Nordeste";11655;9810;1845;84,17;15,83;231;-6,58774193999298;-36,8066053368988;33,7;4,9;29,4;3,9
"2405801";"João Câmara";"RN";"Nordeste";33290;22561;10729;67,77;32,23;1385;-5,47540897657105;-35,8739765494945;33,7;4,9;29,4;3,9
"2405900";"João Dias";"RN";"Nordeste";2076;1314;762;63,29;36,71;600;-6,28797356616847;-37,8379037303557;33,7;4,9;29,4;3,9
"2406007";"José da Penha";"RN";"Nordeste";5803;3086;2717;53,18;46,82;727;-6,34056521994393;-38,2830401748698;33,7;4,9;29,4;3,9
"2406106";"Jucurutu";"RN";"Nordeste";17793;11772;6021;66,16;33,84;255;-6,05798012439724;-37,0213667750104;33,7;4,9;29,4;3,9
"2406155";"Jundiá";"RN";"Nordeste";3739;841;2898;22,49;77,51;500;-6,25625625376618;-35,3403452576946;33,7;4,9;29,4;3,9
"2406205";"Lagoa D'anta";"RN";"Nordeste";6654;4678;1976;70,3;29,7;1486;-6,38471490486654;-35,6262680414987;33,7;4,9;29,4;3,9
"2406304";"Lagoa de Pedras";"RN";"Nordeste";7338;2152;5186;29,33;70,67;720;-6,19244175420706;-35,4508366342307;33,7;4,9;29,4;3,9
"2406403";"Lagoa de Velhos";"RN";"Nordeste";2567;1794;773;69,89;30,11;258;-6,0104952687015;-35,8443864970722;33,7;4,9;29,4;3,9
"2406502";"Lagoa Nova";"RN";"Nordeste";15573;7537;8036;48,4;51,6;6433;-6,0924274438935;-36,5192905312229;33,7;4,9;29,4;3,9
"2406601";"Lagoa Salgada";"RN";"Nordeste";8319;5657;2662;68;32;1457;-6,14715519837609;-35,5049665794038;33,7;4,9;29,4;3,9
"2406700";"Lajes";"RN";"Nordeste";9866;7938;1928;80,46;19,54;1090;-5,69816969791791;-36,180540811138;33,7;4,9;29,4;3,9
"2406809";"Lajes Pintadas";"RN";"Nordeste";4787;2455;2332;51,28;48,72;1668;-6,14808437741547;-36,1340271584381;33,7;4,9;29,4;3,9
"2406908";"Lucrécia";"RN";"Nordeste";3490;2304;1186;66,02;33,98;435;-6,10357078864691;-37,8245373895873;33,7;4,9;29,4;3,9
"2407005";"Luís Gomes";"RN";"Nordeste";9070;6502;2568;71,69;28,31;266;-6,37341136615777;-38,4026250495668;33,7;4,9;29,4;3,9
"2407104";"Macaíba";"RN";"Nordeste";82249;63730;18519;77,48;22,52;7067;-5,92678854288766;-35,4286841386463;33,7;4,9;29,4;3,9
"2407203";"Macau";"RN";"Nordeste";27369;21947;5422;80,19;19,81;561;-5,19598848482157;-36,523471571038;33,7;4,9;29,4;3,9
"2407252";"Major Sales";"RN";"Nordeste";3924;3313;611;84,43;15,57;446;-6,40507531232172;-38,317685392239;33,7;4,9;29,4;3,9
"2407302";"Marcelino Vieira";"RN";"Nordeste";7896;4967;2929;62,91;37,09;1221;-6,28030421892715;-38,157340417464;33,7;4,9;29,4;3,9
"2407401";"Martins";"RN";"Nordeste";8179;6054;2125;74,02;25,98;521;-6,0801873854405;-37,9059263432359;33,7;4,9;29,4;3,9
"2407500";"Maxaranguape";"RN";"Nordeste";10255;7244;3011;70,64;29,36;1745;-5,45147511228008;-35,3544242529659;33,7;4,9;29,4;3,9
"2407609";"Messias Targino";"RN";"Nordeste";4274;3854;420;90,17;9,83;400;-6,08996350815025;-37,4802160804641;33,7;4,9;29,4;3,9
"2407708";"Montanhas";"RN";"Nordeste";11444;9316;2128;81,41;18,59;145;-6,50481934047641;-35,2909837537674;33,7;4,9;29,4;3,9
"2407807";"Monte Alegre";"RN";"Nordeste";23031;12850;10181;55,79;44,21;1354;-6,09869648540011;-35,4051487010619;33,7;4,9;29,4;3,9
"2407906";"Monte das Gameleiras";"RN";"Nordeste";2276;1500;776;65,91;34,09;231;-6,4298425425065;-35,8089821747912;33,7;4,9;29,4;3,9
"2408003";"Mossoró";"RN";"Nordeste";264577;245330;19247;92,73;7,27;27049;-5,17582740143999;-37,3255089064078;33,7;4,9;29,4;3,9
"2408102";"Natal";"RN";"Nordeste";751300;751300;NA;100;NA;NA;-5,80317444930673;-35,2286835032923;33,7;4,9;29,4;3,9
"2408201";"Nísia Floresta";"RN";"Nordeste";31942;26987;4955;84,49;15,51;2955;-6,05487670008857;-35,1730979351912;33,7;4,9;29,4;3,9
"2408300";"Nova Cruz";"RN";"Nordeste";34269;23082;11187;67,36;32,64;1056;-6,44863893037046;-35,4288496059965;33,7;4,9;29,4;3,9
"2408409";"Olho D'água do Borges";"RN";"Nordeste";3905;3136;769;80,31;19,69;1166;-5,97897849288052;-37,7101232570288;33,7;4,9;29,4;3,9
"2408508";"Ouro Branco";"RN";"Nordeste";4913;3639;1274;74,07;25,93;150;-6,68373268751792;-36,9210378308096;33,7;4,9;29,4;3,9
"2408607";"Paraná";"RN";"Nordeste";3934;2399;1535;60,98;39,02;757;-6,45093172026155;-38,2842118316872;33,7;4,9;29,4;3,9
"2408706";"Paraú";"RN";"Nordeste";3579;3167;412;88,49;11,51;211;-5,78440203822415;-37,1105693705548;33,7;4,9;29,4;3,9
"2408805";"Parazinho";"RN";"Nordeste";4801;3199;1602;66,63;33,37;1452;-5,28581486156164;-35,9362574145508;33,7;4,9;29,4;3,9
"2408904";"Parelhas";"RN";"Nordeste";21499;18208;3291;84,69;15,31;327;-6,71379516541017;-36,6194818644665;33,7;4,9;29,4;3,9
"2408953";"Rio do Fogo";"RN";"Nordeste";10351;6247;4104;60,35;39,65;2359;-5,3771804483119;-35,3998801249921;33,7;4,9;29,4;3,9
"2409100";"Passa E Fica";"RN";"Nordeste";10896;7426;3470;68,15;31,85;713;-6,44273058775702;-35,6144772623931;33,7;4,9;29,4;3,9
"2409209";"Passagem";"RN";"Nordeste";3115;1821;1294;58,46;41,54;170;-6,28387028644938;-35,3957430078793;33,7;4,9;29,4;3,9
"2409308";"Patu";"RN";"Nordeste";11007;9593;1414;87,15;12,85;354;-6,08687759360234;-37,6212946583767;33,7;4,9;29,4;3,9
"2409332";"Santa Maria";"RN";"Nordeste";4847;3294;1553;67,96;32,04;790;-5,78899359821164;-35,7204286313648;33,7;4,9;29,4;3,9
"2409407";"Pau dos Ferros";"RN";"Nordeste";30479;28010;2469;91,9;8,1;2162;-6,11741636937245;-38,1697103415474;33,7;4,9;29,4;3,9
"2409506";"Pedra Grande";"RN";"Nordeste";3618;1330;2288;36,76;63,24;865;-5,14597963530497;-35,873510593428;33,7;4,9;29,4;3,9
"2409605";"Pedra Preta";"RN";"Nordeste";2441;1054;1387;43,18;56,82;555;-5,52452705717958;-36,0795192136861;33,7;4,9;29,4;3,9
"2409704";"Pedro Avelino";"RN";"Nordeste";6242;3654;2588;58,54;41,46;392;-5,47493773540564;-36,3316012723079;33,7;4,9;29,4;3,9
"2409803";"Pedro Velho";"RN";"Nordeste";13824;7605;6219;55,01;44,99;3020;-6,46520564007105;-35,2245415905995;33,7;4,9;29,4;3,9
"2409902";"Pendências";"RN";"Nordeste";12278;10018;2260;81,59;18,41;1457;-5,29291141877289;-36,6240144985092;33,7;4,9;29,4;3,9
"2410009";"Pilões";"RN";"Nordeste";2965;2137;828;72,07;27,93;236;-6,28665241137074;-38,0293465887388;33,7;4,9;29,4;3,9
"2410108";"Poço Branco";"RN";"Nordeste";12390;7111;5279;57,39;42,61;1714;-5,57144709890054;-35,6943291832154;33,7;4,9;29,4;3,9
"2410207";"Portalegre";"RN";"Nordeste";7601;4509;3092;59,32;40,68;374;-6,03276713080485;-38,0148789751064;33,7;4,9;29,4;3,9
"2410256";"Porto do Mangue";"RN";"Nordeste";5228;2870;2358;54,9;45,1;2012;-5,0883113515453;-36,8415376248319;33,7;4,9;29,4;3,9
"2410306";"Serra Caiada";"RN";"Nordeste";10125;5684;4441;56,14;43,86;317;-6,10927528857736;-35,7237240946533;33,7;4,9;29,4;3,9
"2410405";"Pureza";"RN";"Nordeste";9362;3709;5653;39,62;60,38;7353;-5,40727228975298;-35,5820761383571;33,7;4,9;29,4;3,9
"2410504";"Rafael Fernandes";"RN";"Nordeste";5432;3319;2113;61,1;38,9;501;-6,19682622567131;-38,2237420031614;33,7;4,9;29,4;3,9
"2410603";"Rafael Godeiro";"RN";"Nordeste";2934;2009;925;68,47;31,53;577;-6,06905532101711;-37,730317819293;33,7;4,9;29,4;3,9
"2410702";"Riacho da Cruz";"RN";"Nordeste";2701;2391;310;88,52;11,48;287;-5,92350489456355;-37,9664598639308;33,7;4,9;29,4;3,9
"2410801";"Riacho de Santana";"RN";"Nordeste";4127;1811;2316;43,88;56,12;197;-6,27706003067668;-38,336167198063;33,7;4,9;29,4;3,9
"2410900";"Riachuelo";"RN";"Nordeste";7389;4716;2673;63,82;36,18;767;-5,79843972539957;-35,849590800708;33,7;4,9;29,4;3,9
"2411007";"Rodolfo Fernandes";"RN";"Nordeste";4242;3633;609;85,64;14,36;582;-5,85844569282723;-38,0810249576548;33,7;4,9;29,4;3,9
"2411056";"Tibau";"RN";"Nordeste";5382;4707;675;87,46;12,54;3208;-4,88842009810309;-37,320995696588;33,7;4,9;29,4;3,9
"2411106";"Ruy Barbosa";"RN";"Nordeste";3206;1791;1415;55,86;44,14;521;-5,85679389682666;-35,9405236560296;33,7;4,9;29,4;3,9
"2411205";"Santa Cruz";"RN";"Nordeste";37313;31995;5318;85,75;14,25;2608;-6,24821742040656;-36,0064770200117;33,7;4,9;29,4;3,9
"2411403";"Santana do Matos";"RN";"Nordeste";12456;6281;6175;50,43;49,57;2724;-5,90429885467928;-36,6345934919754;33,7;4,9;29,4;3,9
"2411429";"Santana do Seridó";"RN";"Nordeste";2696;1945;751;72,14;27,86;265;-6,73223205735742;-36,7651164475469;33,7;4,9;29,4;3,9
"2411502";"Santo Antônio";"RN";"Nordeste";22177;14220;7957;64,12;35,88;5312;-6,33945283942466;-35,5053049407448;33,7;4,9;29,4;3,9
"2411601";"São Bento do Norte";"RN";"Nordeste";3304;1208;2096;36,56;63,44;256;-5,14396059640365;-35,9889475452817;33,7;4,9;29,4;3,9
"2411700";"São Bento do Trairí";"RN";"Nordeste";3792;2382;1410;62,82;37,18;1065;-6,38313770203276;-36,0483702649791;33,7;4,9;29,4;3,9
"2411809";"São Fernando";"RN";"Nordeste";3492;2647;845;75,8;24,2;172;-6,3212968198718;-37,1511043496813;33,7;4,9;29,4;3,9
"2411908";"São Francisco do Oeste";"RN";"Nordeste";4161;3488;673;83,83;16,17;359;-5,98528796349647;-38,1837676264275;33,7;4,9;29,4;3,9
"2412005";"São Gonçalo do Amarante";"RN";"Nordeste";115838;105817;10021;91,35;8,65;1709;-5,78768131414362;-35,36476162196;33,7;4,9;29,4;3,9
"2412104";"São João do Sabugi";"RN";"Nordeste";5956;5081;875;85,31;14,69;321;-6,69042014198806;-37,1885498802234;33,7;4,9;29,4;3,9
"2412203";"São José de Mipibu";"RN";"Nordeste";47286;30837;16449;65,21;34,79;4873;-6,0640150041869;-35,2893729614075;33,7;4,9;29,4;3,9
"2412302";"São José do Campestre";"RN";"Nordeste";11121;9924;1197;89,24;10,76;1784;-6,30120571105074;-35,7403083771045;33,7;4,9;29,4;3,9
"2412401";"São José do Seridó";"RN";"Nordeste";4558;3724;834;81,7;18,3;72;-6,48670311152946;-36,8585984737664;33,7;4,9;29,4;3,9
"2412500";"São Miguel";"RN";"Nordeste";23537;16047;7490;68,18;31,82;4181;-6,21442315654361;-38,4744168338261;33,7;4,9;29,4;3,9
"2412559";"São Miguel do Gostoso";"RN";"Nordeste";10221;5534;4687;54,14;45,86;3004;-5,19388831943642;-35,7372458100185;33,7;4,9;29,4;3,9
"2412609";"São Paulo do Potengi";"RN";"Nordeste";16786;12003;4783;71,51;28,49;1675;-5,93404465107422;-35,7544775160506;33,7;4,9;29,4;3,9
"2412708";"São Pedro";"RN";"Nordeste";5776;3563;2213;61,69;38,31;904;-5,89262691221261;-35,630231911453;33,7;4,9;29,4;3,9
"2412807";"São Rafael";"RN";"Nordeste";7711;5979;1732;77,54;22,46;52;-5,83740670113931;-36,8785478005;33,7;4,9;29,4;3,9
"2412906";"São Tomé";"RN";"Nordeste";9972;5570;4402;55,86;44,14;1373;-5,98820611115586;-36,1285384389488;33,7;4,9;29,4;3,9
"2413003";"São Vicente";"RN";"Nordeste";6310;4324;1986;68,53;31,47;1222;-6,20772036366623;-36,6599045164169;33,7;4,9;29,4;3,9
"2413102";"Senador Elói de Souza";"RN";"Nordeste";5965;2773;3192;46,49;53,51;717;-6,04126281285512;-35,6825048384771;33,7;4,9;29,4;3,9
"2413201";"Senador Georgino Avelino";"RN";"Nordeste";4065;4023;42;98,97;1,03;277;-6,15787567004046;-35,1214274595808;33,7;4,9;29,4;3,9
"2413300";"Serra de São Bento";"RN";"Nordeste";5703;3782;1921;66,32;33,68;1188;-6,42873739390938;-35,7188175106069;33,7;4,9;29,4;3,9
"2413359";"Serra do Mel";"RN";"Nordeste";13091;5457;7634;41,69;58,31;31300;-5,17127805365836;-37,0242534531703;33,7;4,9;29,4;3,9
"2413409";"Serra Negra do Norte";"RN";"Nordeste";7597;5314;2283;69,95;30,05;101;-6,5872643596655;-37,3599788589977;33,7;4,9;29,4;3,9
"2413508";"Serrinha";"RN";"Nordeste";6436;2721;3715;42,28;57,72;353;-6,25519294447329;-35,574331821829;33,7;4,9;29,4;3,9
"2413557";"Serrinha dos Pintos";"RN";"Nordeste";4659;2640;2019;56,66;43,34;379;-6,14444801395679;-37,9930699804721;33,7;4,9;29,4;3,9
"2413607";"Severiano Melo";"RN";"Nordeste";5487;2155;3332;39,27;60,73;5150;-5,7692643955901;-37,9727837797722;33,7;4,9;29,4;3,9
"2413706";"Sítio Novo";"RN";"Nordeste";4654;2704;1950;58,1;41,9;389;-6,08789339458264;-35,9274588294656;33,7;4,9;29,4;3,9
"2413805";"Taboleiro Grande";"RN";"Nordeste";2338;2008;330;85,89;14,11;311;-5,93583052956817;-38,0512866363375;33,7;4,9;29,4;3,9
"2413904";"Taipu";"RN";"Nordeste";11422;3304;8118;28,93;71,07;4862;-5,59656483862632;-35,5852341860915;33,7;4,9;29,4;3,9
"2414001";"Tangará";"RN";"Nordeste";13281;9968;3313;75,05;24,95;143;-6,21692401404277;-35,8354501029914;33,7;4,9;29,4;3,9
"2414100";"Tenente Ananias";"RN";"Nordeste";10262;7415;2847;72,26;27,74;178;-6,44050349243149;-38,1639520802263;33,7;4,9;29,4;3,9
"2414159";"Tenente Laurentino Cruz";"RN";"Nordeste";5891;4053;1838;68,8;31,2;3101;-6,15907902922963;-36,7228597734849;33,7;4,9;29,4;3,9
"2414209";"Tibau do Sul";"RN";"Nordeste";16929;11428;5501;67,51;32,49;1723;-6,24162995700032;-35,0997676926252;33,7;4,9;29,4;3,9
"2414308";"Timbaúba dos Batistas";"RN";"Nordeste";2348;2020;328;86,03;13,97;44;-6,47774600792843;-37,2472270482757;33,7;4,9;29,4;3,9
"2414407";"Touros";"RN";"Nordeste";33035;14926;18109;45,18;54,82;14356;-5,28091521063085;-35,6078844168085;33,7;4,9;29,4;3,9
"2414456";"Triunfo Potiguar";"RN";"Nordeste";3376;2305;1071;68,28;31,72;552;-5,91839530280108;-37,1515512541807;33,7;4,9;29,4;3,9
"2414506";"Umarizal";"RN";"Nordeste";10078;8746;1332;86,78;13,22;721;-5,99184574293623;-37,8325646264051;33,7;4,9;29,4;3,9
"2414605";"Upanema";"RN";"Nordeste";13577;7658;5919;56,4;43,6;2320;-5,61009589221728;-37,291976763862;33,7;4,9;29,4;3,9
"2414704";"Várzea";"RN";"Nordeste";5233;4060;1173;77,58;22,42;160;-6,35137452978019;-35,3683987670675;33,7;4,9;29,4;3,9
"2414753";"Venha-Ver";"RN";"Nordeste";3014;1190;1824;39,48;60,52;1337;-6,32073468804034;-38,5268658548161;33,7;4,9;29,4;3,9
"2414803";"Vera Cruz";"RN";"Nordeste";10735;8146;2589;75,88;24,12;6930;-6,03703465705273;-35,4355047502249;33,7;4,9;29,4;3,9
"2414902";"Viçosa";"RN";"Nordeste";1822;1786;36;98,02;1,98;278;-5,98706165663759;-37,9550489334315;33,7;4,9;29,4;3,9
"2415008";"Vila Flor";"RN";"Nordeste";3174;2942;232;92,69;7,31;341;-6,30301159476166;-35,0871218215565;33,7;4,9;29,4;3,9
"2500106";"Água Branca";"PB";"Nordeste";9335;4494;4841;48,14;51,86;1563;-7,47052558731572;-37,6626824408392;36;6;32,4;3,9
"2500205";"Aguiar";"PB";"Nordeste";5003;2849;2154;56,95;43,05;695;-7,07417105846718;-38,2138630284584;36;6;32,4;3,9
"2500304";"Alagoa Grande";"PB";"Nordeste";26062;16730;9332;64,19;35,81;7196;-7,05910517387274;-35,6028920665818;36;6;32,4;3,9
"2500403";"Alagoa Nova";"PB";"Nordeste";21013;11585;9428;55,13;44,87;5776;-7,06161792294493;-35,7669591478975;36;6;32,4;3,9
"2500502";"Alagoinha";"PB";"Nordeste";13725;9566;4159;69,7;30,3;1253;-6,96196108436741;-35,5222777959822;36;6;32,4;3,9
"2500536";"Alcantil";"PB";"Nordeste";5578;2622;2956;47,01;52,99;644;-7,6899406918941;-36,0467404279906;36;6;32,4;3,9
"2500577";"Algodão de Jandaíra";"PB";"Nordeste";2953;1743;1210;59,02;40,98;205;-6,88788686811791;-35,9722186369757;36;6;32,4;3,9
"2500601";"Alhandra";"PB";"Nordeste";21730;17963;3767;82,66;17,34;3675;-7,34872841148528;-34,9332419878649;36;6;32,4;3,9
"2500700";"São João do Rio do Peixe";"PB";"Nordeste";17964;7837;10127;43,63;56,37;5548;-6,73285199862244;-38,4178372196465;36;6;32,4;3,9
"2500734";"Amparo";"PB";"Nordeste";2234;1287;947;57,61;42,39;359;-7,56063413359573;-37,039401908244;36;6;32,4;3,9
"2500775";"Aparecida";"PB";"Nordeste";7960;4373;3587;54,94;45,06;627;-6,78939063301447;-38,0679979021961;36;6;32,4;3,9
"2500809";"Araçagi";"PB";"Nordeste";16646;7370;9276;44,27;55,73;4180;-6,86127635762615;-35,3544731575105;36;6;32,4;3,9
"2500908";"Arara";"PB";"Nordeste";12212;9628;2584;78,84;21,16;1874;-6,85808564011653;-35,7312201956969;36;6;32,4;3,9
"2501005";"Araruna";"PB";"Nordeste";17189;9574;7615;55,7;44,3;7499;-6,52417038979723;-35,7551137892619;36;6;32,4;3,9
"2501104";"Areia";"PB";"Nordeste";22633;14689;7944;64,9;35,1;3186;-6,95038059896066;-35,705382048276;36;6;32,4;3,9
"2501153";"Areia de Baraúnas";"PB";"Nordeste";2005;1057;948;52,72;47,28;754;-7,11195919950855;-36,9619078985781;36;6;32,4;3,9
"2501203";"Areial";"PB";"Nordeste";7128;5563;1565;78,04;21,96;1200;-7,04920385431165;-35,9315807423914;36;6;32,4;3,9
"2501302";"Aroeiras";"PB";"Nordeste";18705;9721;8984;51,97;48,03;987;-7,53554289277214;-35,6908550373477;36;6;32,4;3,9
"2501351";"Assunção";"PB";"Nordeste";4152;3306;846;79,62;20,38;542;-7,07364935083747;-36,7102152152852;36;6;32,4;3,9
"2501401";"Baía da Traição";"PB";"Nordeste";9224;2728;6496;29,58;70,42;2072;-6,66310233594544;-34,9887058199847;36;6;32,4;3,9
"2501500";"Bananeiras";"PB";"Nordeste";23134;13597;9537;58,77;41,23;3926;-6,70016714722316;-35,5962250822568;36;6;32,4;3,9
"2501534";"Baraúna";"PB";"Nordeste";4762;3913;849;82,17;17,83;660;-6,62056265879615;-36,26131368117;36;6;32,4;3,9
"2501575";"Barra de Santana";"PB";"Nordeste";8059;1051;7008;13,04;86,96;329;-7,56478342024103;-35,9660735382019;36;6;32,4;3,9
"2501609";"Barra de Santa Rosa";"PB";"Nordeste";12904;7949;4955;61,6;38,4;4390;-6,79114714566261;-36,075982057423;36;6;32,4;3,9
"2501708";"Barra de São Miguel";"PB";"Nordeste";5906;2659;3247;45,02;54,98;541;-7,70031451647121;-36,2865008745972;36;6;32,4;3,9
"2501807";"Bayeux";"PB";"Nordeste";82742;82350;392;99,53;0,47;40;-7,13184578958957;-34,9219861195501;36;6;32,4;3,9
"2501906";"Belém";"PB";"Nordeste";16401;14031;2370;85,55;14,45;846;-6,70554647903066;-35,4983405634624;36;6;32,4;3,9
"2502003";"Belém do Brejo do Cruz";"PB";"Nordeste";6268;5093;1175;81,25;18,75;160;-6,14896619614851;-37,3659602827149;36;6;32,4;3,9
"2502052";"Bernardino Batista";"PB";"Nordeste";3504;1413;2091;40,33;59,67;629;-6,48099665673567;-38,5557200742575;36;6;32,4;3,9
"2502102";"Boa Ventura";"PB";"Nordeste";5207;3851;1356;73,96;26,04;617;-7,43119443302216;-38,188263227396;36;6;32,4;3,9
"2502151";"Boa Vista";"PB";"Nordeste";6377;3777;2600;59,23;40,77;952;-7,27156820877119;-36,2186757425875;36;6;32,4;3,9
"2502201";"Bom Jesus";"PB";"Nordeste";2286;1155;1131;50,52;49,48;422;-6,82284509976538;-38,6302709290992;36;6;32,4;3,9
"2502300";"Bom Sucesso";"PB";"Nordeste";4661;2319;2342;49,75;50,25;702;-6,47475708507935;-37,9478666600936;36;6;32,4;3,9
"2502409";"Bonito de Santa Fé";"PB";"Nordeste";10252;7502;2750;73,18;26,82;1211;-7,28920144093422;-38,4781857387193;36;6;32,4;3,9
"2502508";"Boqueirão";"PB";"Nordeste";17598;12953;4645;73,6;26,4;1048;-7,50655378394547;-36,1497385248117;36;6;32,4;3,9
"2502607";"Igaracy";"PB";"Nordeste";5648;4499;1149;79,66;20,34;762;-7,1552210667767;-38,1244634605858;36;6;32,4;3,9
"2502706";"Borborema";"PB";"Nordeste";4214;3467;747;82,27;17,73;986;-6,7941403879892;-35,6014325358131;36;6;32,4;3,9
"2502805";"Brejo do Cruz";"PB";"Nordeste";13613;11188;2425;82,19;17,81;397;-6,32970224382907;-37,4970550239794;36;6;32,4;3,9
"2502904";"Brejo dos Santos";"PB";"Nordeste";5742;4865;877;84,73;15,27;120;-6,39852131663607;-37,8465271076407;36;6;32,4;3,9
"2503001";"Caaporã";"PB";"Nordeste";21193;18048;3145;85,16;14,84;4337;-7,48673142951639;-34,9189966076185;36;6;32,4;3,9
"2503100";"Cabaceiras";"PB";"Nordeste";5335;2756;2579;51,66;48,34;483;-7,45094916881916;-36,2988495976476;36;6;32,4;3,9
"2503209";"Cabedelo";"PB";"Nordeste";66519;66517;2;100;0;NA;-7,0281466098901;-34,8475301079383;36;6;32,4;3,9
"2503308";"Cachoeira dos Índios";"PB";"Nordeste";9151;4145;5006;45,3;54,7;651;-6,94606363027778;-38,6956521125066;36;6;32,4;3,9
"2503407";"Cacimba de Areia";"PB";"Nordeste";3291;1753;1538;53,27;46,73;1019;-7,13866726885494;-37,1736186135142;36;6;32,4;3,9
"2503506";"Cacimba de Dentro";"PB";"Nordeste";16064;11324;4740;70,49;29,51;3410;-6,62465873975734;-35,8136340421731;36;6;32,4;3,9
"2503555";"Cacimbas";"PB";"Nordeste";7223;3383;3840;46,84;53,16;1951;-7,20943864558083;-37,0904165670549;36;6;32,4;3,9
"2503605";"Caiçara";"PB";"Nordeste";6602;4913;1689;74,42;25,58;337;-6,60634357480673;-35,4117436066633;36;6;32,4;3,9
"2503704";"Cajazeiras";"PB";"Nordeste";63239;52616;10623;83,2;16,8;532;-6,91988105742685;-38,5409842578898;36;6;32,4;3,9
"2503753";"Cajazeirinhas";"PB";"Nordeste";2740;1327;1413;48,43;51,57;366;-6,95889254377211;-37,8034875729181;36;6;32,4;3,9
"2503803";"Caldas Brandão";"PB";"Nordeste";5753;3396;2357;59,03;40,97;730;-7,12101241003026;-35,3392554955602;36;6;32,4;3,9
"2503902";"Camalaú";"PB";"Nordeste";6085;3622;2463;59,52;40,48;555;-7,89977785306775;-36,7971842011243;36;6;32,4;3,9
"2504009";"Campina Grande";"PB";"Nordeste";419379;406198;13181;96,86;3,14;3497;-7,26356908940703;-35,9655704226786;36;6;32,4;3,9
"2504033";"Capim";"PB";"Nordeste";6970;6707;263;96,23;3,77;2317;-6,9008406742147;-35,168663124945;36;6;32,4;3,9
"2504074";"Caraúbas";"PB";"Nordeste";3944;1805;2139;45,77;54,23;666;-7,77409267326364;-36,5024542530115;36;6;32,4;3,9
"2504108";"Carrapateira";"PB";"Nordeste";2312;1647;665;71,24;28,76;99;-7,04441264116565;-38,3375347575848;36;6;32,4;3,9
"2504157";"Casserengue";"PB";"Nordeste";6889;4011;2878;58,22;41,78;4548;-6,75506262925347;-35,8432208202606;36;6;32,4;3,9
"2504207";"Catingueira";"PB";"Nordeste";4491;3002;1489;66,84;33,16;838;-7,138480936988;-37,5907238031625;36;6;32,4;3,9
"2504306";"Catolé do Rocha";"PB";"Nordeste";30661;23975;6686;78,19;21,81;613;-6,32115601230249;-37,7043904517302;36;6;32,4;3,9
"2504355";"Caturité";"PB";"Nordeste";5254;1289;3965;24,53;75,47;822;-7,41593018204786;-36,057758433904;36;6;32,4;3,9
"2504405";"Conceição";"PB";"Nordeste";18260;12427;5833;68,06;31,94;1943;-7,50370499209567;-38,5282570991565;36;6;32,4;3,9
"2504504";"Condado";"PB";"Nordeste";6451;4792;1659;74,28;25,72;360;-6,90499047356296;-37,61551538611;36;6;32,4;3,9
"2504603";"Conde";"PB";"Nordeste";27605;20510;7095;74,3;25,7;1576;-7,28206880904946;-34,8606236842081;36;6;32,4;3,9
"2504702";"Congo";"PB";"Nordeste";4933;3455;1478;70,04;29,96;589;-7,79495797399021;-36,6465067990492;36;6;32,4;3,9
"2504801";"Coremas";"PB";"Nordeste";14683;12299;2384;83,76;16,24;2023;-7,05049033338815;-37,9754221535559;36;6;32,4;3,9
"2504850";"Coxixola";"PB";"Nordeste";1824;880;944;48,25;51,75;515;-7,64525927230945;-36,6341518731766;36;6;32,4;3,9
"2504900";"Cruz do Espírito Santo";"PB";"Nordeste";17095;8798;8297;51,47;48,53;6827;-7,14897467604748;-35,1027027555177;36;6;32,4;3,9
"2505006";"Cubati";"PB";"Nordeste";7580;5238;2342;69,1;30,9;1234;-6,86056282696895;-36,3266991779302;36;6;32,4;3,9
"2505105";"Cuité";"PB";"Nordeste";19719;14311;5408;72,57;27,43;2353;-6,54858629574699;-36,078392700608;36;6;32,4;3,9
"2505204";"Cuitegi";"PB";"Nordeste";6730;5634;1096;83,71;16,29;548;-6,89926655395631;-35,522805544947;36;6;32,4;3,9
"2505238";"Cuité de Mamanguape";"PB";"Nordeste";6251;2110;4141;33,75;66,25;1680;-6,90596725576742;-35,2521800924264;36;6;32,4;3,9
"2505279";"Curral de Cima";"PB";"Nordeste";5254;619;4635;11,78;88,22;1687;-6,73386054839633;-35,2848177301105;36;6;32,4;3,9
"2505303";"Curral Velho";"PB";"Nordeste";2292;1389;903;60,6;39,4;465;-7,53790830757679;-38,1679286217982;36;6;32,4;3,9
"2505352";"Damião";"PB";"Nordeste";4982;3055;1927;61,32;38,68;1771;-6,64326720607742;-35,9300585036151;36;6;32,4;3,9
"2505402";"Desterro";"PB";"Nordeste";8067;5271;2796;65,34;34,66;1754;-7,30006296502985;-37,092932175002;36;6;32,4;3,9
"2505501";"Vista Serrana";"PB";"Nordeste";3641;1801;1840;49,46;50,54;272;-6,75705344210221;-37,5754153394369;36;6;32,4;3,9
"2505600";"Diamante";"PB";"Nordeste";6299;4109;2190;65,23;34,77;839;-7,42372047660852;-38,3155317982517;36;6;32,4;3,9
"2505709";"Dona Inês";"PB";"Nordeste";10380;5330;5050;51,35;48,65;2825;-6,60945936393287;-35,6482963721131;36;6;32,4;3,9
"2505808";"Duas Estradas";"PB";"Nordeste";3327;2699;628;81,12;18,88;602;-6,72081728582582;-35,395593133247;36;6;32,4;3,9
"2505907";"Emas";"PB";"Nordeste";3011;2229;782;74,03;25,97;444;-7,08655896539114;-37,7450777086162;36;6;32,4;3,9
"2506004";"Esperança";"PB";"Nordeste";31231;22403;8828;71,73;28,27;3922;-6,99816955948382;-35,8903513317911;36;6;32,4;3,9
"2506103";"Fagundes";"PB";"Nordeste";11049;6138;4911;55,55;44,45;1653;-7,39145688340623;-35,7799075371568;36;6;32,4;3,9
"2506202";"Frei Martinho";"PB";"Nordeste";2846;1964;882;69,01;30,99;574;-6,41429001874207;-36,4495890925228;36;6;32,4;3,9
"2506251";"Gado Bravo";"PB";"Nordeste";8179;1426;6753;17,43;82,57;162;-7,58969510763945;-35,812397556306;36;6;32,4;3,9
"2506301";"Guarabira";"PB";"Nordeste";57484;51062;6422;88,83;11,17;989;-6,87783313531036;-35,4480575026067;36;6;32,4;3,9
"2506400";"Gurinhém";"PB";"Nordeste";13766;6263;7503;45,5;54,5;1318;-7,14966350519898;-35,4358724136651;36;6;32,4;3,9
"2506509";"Gurjão";"PB";"Nordeste";3242;2285;957;70,48;29,52;604;-7,26148130261816;-36,4578882236559;36;6;32,4;3,9
"2506608";"Ibiara";"PB";"Nordeste";5631;3815;1816;67,75;32,25;739;-7,49192859139608;-38,4038434160092;36;6;32,4;3,9
"2506707";"Imaculada";"PB";"Nordeste";10392;5502;4890;52,94;47,06;1809;-7,37083712526434;-37,5582396286317;36;6;32,4;3,9
"2506806";"Ingá";"PB";"Nordeste";17692;12210;5482;69,01;30,99;1130;-7,27840489746754;-35,6209478315135;36;6;32,4;3,9
"2506905";"Itabaiana";"PB";"Nordeste";23182;19583;3599;84,48;15,52;1317;-7,34840166325568;-35,3542249605869;36;6;32,4;3,9
"2507002";"Itaporanga";"PB";"Nordeste";23940;18842;5098;78,71;21,29;1043;-7,28653915100562;-38,1864007861461;36;6;32,4;3,9
"2507101";"Itapororoca";"PB";"Nordeste";18382;12533;5849;68,18;31,82;5790;-6,8100944810309;-35,2572595227416;36;6;32,4;3,9
"2507200";"Itatuba";"PB";"Nordeste";10499;6306;4193;60,06;39,94;2486;-7,40504914646276;-35,6471964944183;36;6;32,4;3,9
"2507309";"Jacaraú";"PB";"Nordeste";14477;9070;5407;62,65;37,35;3327;-6,59567910721243;-35,2682889841258;36;6;32,4;3,9
"2507408";"Jericó";"PB";"Nordeste";7516;5380;2136;71,58;28,42;329;-6,50868712840843;-37,8171923963161;36;6;32,4;3,9
"2507507";"João Pessoa";"PB";"Nordeste";833932;833387;545;99,93;0,07;255;-7,16545878744045;-34,8694569062353;36;6;32,4;3,9
"2507606";"Juarez Távora";"PB";"Nordeste";7796;6027;1769;77,31;22,69;874;-7,1591782433769;-35,5705528014752;36;6;32,4;3,9
"2507705";"Juazeirinho";"PB";"Nordeste";17007;9338;7669;54,91;45,09;1080;-7,05491369106678;-36,5584823432212;36;6;32,4;3,9
"2507804";"Junco do Seridó";"PB";"Nordeste";6793;4563;2230;67,17;32,83;1297;-6,99129220946207;-36,7744736226862;36;6;32,4;3,9
"2507903";"Juripiranga";"PB";"Nordeste";10012;9310;702;92,99;7,01;4238;-7,35501161874949;-35,2137013593451;36;6;32,4;3,9
"2508000";"Juru";"PB";"Nordeste";9234;4645;4589;50,3;49,7;2375;-7,50180421245861;-37,803155525782;36;6;32,4;3,9
"2508109";"Lagoa";"PB";"Nordeste";4415;2811;1604;63,67;36,33;234;-6,5875709563736;-37,8882068448342;36;6;32,4;3,9
"2508208";"Lagoa de Dentro";"PB";"Nordeste";7819;5018;2801;64,18;35,82;757;-6,67893139130327;-35,3612636184456;36;6;32,4;3,9
"2508307";"Lagoa Seca";"PB";"Nordeste";27730;15001;12729;54,1;45,9;1965;-7,14622150249509;-35,8663259744272;36;6;32,4;3,9
"2508406";"Lastro";"PB";"Nordeste";3162;1430;1732;45,22;54,78;258;-6,55259432542496;-38,1799915790254;36;6;32,4;3,9
"2508505";"Livramento";"PB";"Nordeste";6877;3786;3091;55,05;44,95;1667;-7,3406161073515;-36,931049764062;36;6;32,4;3,9
"2508554";"Logradouro";"PB";"Nordeste";4797;3529;1268;73,57;26,43;362;-6,55438043565669;-35,4272656803511;36;6;32,4;3,9
"2508604";"Lucena";"PB";"Nordeste";12560;10952;1608;87,2;12,8;3485;-6,91889862551137;-34,9120450241966;36;6;32,4;3,9
"2508703";"Mãe D'água";"PB";"Nordeste";3583;1629;1954;45,46;54,54;580;-7,248194104205;-37,4398773900523;36;6;32,4;3,9
"2508802";"Malta";"PB";"Nordeste";6046;5428;618;89,78;10,22;294;-6,88374333291896;-37,5300715637648;36;6;32,4;3,9
"2508901";"Mamanguape";"PB";"Nordeste";44599;36869;7730;82,67;17,33;11289;-6,72084083865738;-35,1558577712748;36;6;32,4;3,9
"2509008";"Manaíra";"PB";"Nordeste";10434;6808;3626;65,25;34,75;3809;-7,72487789872631;-38,2047997426656;36;6;32,4;3,9
"2509057";"Marcação";"PB";"Nordeste";8999;3178;5821;35,32;64,68;3817;-6,7474860335211;-35,0056466378568;36;6;32,4;3,9
"2509107";"Mari";"PB";"Nordeste";21512;17903;3609;83,22;16,78;4842;-7,03756708894855;-35,3059007113361;36;6;32,4;3,9
"2509156";"Marizópolis";"PB";"Nordeste";6705;5707;998;85,12;14,88;395;-6,82163551912013;-38,3366597337;36;6;32,4;3,9
"2509206";"Massaranduba";"PB";"Nordeste";14139;8547;5592;60,45;39,55;1897;-7,2007533986291;-35,7559492650714;36;6;32,4;3,9
"2509305";"Mataraca";"PB";"Nordeste";8244;7162;1082;86,88;13,12;4247;-6,55635918628775;-35,0439137984501;36;6;32,4;3,9
"2509339";"Matinhas";"PB";"Nordeste";4571;1076;3495;23,54;76,46;2438;-7,11837769758141;-35,7717999940486;36;6;32,4;3,9
"2509370";"Mato Grosso";"PB";"Nordeste";2543;1277;1266;50,22;49,78;199;-6,54813257817397;-37,7373467613935;36;6;32,4;3,9
"2509396";"Maturéia";"PB";"Nordeste";6433;4747;1686;73,79;26,21;1800;-7,28428560206855;-37,3587660871097;36;6;32,4;3,9
"2509404";"Mogeiro";"PB";"Nordeste";13899;6180;7719;44,46;55,54;2874;-7,29478232414247;-35,4970736134553;36;6;32,4;3,9
"2509503";"Montadas";"PB";"Nordeste";5812;4085;1727;70,29;29,71;1550;-7,0902754592301;-35,9435021768749;36;6;32,4;3,9
"2509602";"Monte Horebe";"PB";"Nordeste";4338;2717;1621;62,63;37,37;660;-7,20633911554491;-38,5375248578153;36;6;32,4;3,9
"2509701";"Monteiro";"PB";"Nordeste";32277;21809;10468;67,57;32,43;6787;-7,90772786713815;-37,0917334735476;36;6;32,4;3,9
"2509800";"Mulungu";"PB";"Nordeste";8791;4380;4411;49,82;50,18;2157;-6,99946656689076;-35,4209679272346;36;6;32,4;3,9
"2509909";"Natuba";"PB";"Nordeste";8945;3812;5133;42,62;57,38;1517;-7,56015503724947;-35,5628918047693;36;6;32,4;3,9
"2510006";"Nazarezinho";"PB";"Nordeste";7203;3631;3572;50,41;49,59;499;-6,95097931412506;-38,3265735106258;36;6;32,4;3,9
"2510105";"Nova Floresta";"PB";"Nordeste";9724;8965;759;92,19;7,81;574;-6,47635868365449;-36,206246522182;36;6;32,4;3,9
"2510204";"Nova Olinda";"PB";"Nordeste";5787;3279;2508;56,66;43,34;654;-7,47367228316801;-38,0184299195848;36;6;32,4;3,9
"2510303";"Nova Palmeira";"PB";"Nordeste";4259;2914;1345;68,42;31,58;562;-6,67615189794558;-36,4263350464444;36;6;32,4;3,9
"2510402";"Olho D'água";"PB";"Nordeste";6060;3743;2317;61,77;38,23;1114;-7,28445002766543;-37,7539957339658;36;6;32,4;3,9
"2510501";"Olivedos";"PB";"Nordeste";3580;2072;1508;57,88;42,12;692;-6,97698595777202;-36,2491148016491;36;6;32,4;3,9
"2510600";"Ouro Velho";"PB";"Nordeste";2918;2021;897;69,26;30,74;571;-7,60985150155315;-37,1380515717113;36;6;32,4;3,9
"2510659";"Parari";"PB";"Nordeste";1720;897;823;52,15;47,85;415;-7,32728882777324;-36,6687671767112;36;6;32,4;3,9
"2510709";"Passagem";"PB";"Nordeste";2463;1220;1243;49,53;50,47;723;-7,11820821987408;-37,0411917671439;36;6;32,4;3,9
"2510808";"Patos";"PB";"Nordeste";103165;100123;3042;97,05;2,95;616;-6,99548690044328;-37,3168763351489;36;6;32,4;3,9
"2510907";"Paulista";"PB";"Nordeste";11834;6575;5259;55,56;44,44;558;-6,62702732767106;-37,6087285337668;36;6;32,4;3,9
"2511004";"Pedra Branca";"PB";"Nordeste";3739;2625;1114;70,21;29,79;447;-7,45866466730078;-38,0808376839425;36;6;32,4;3,9
"2511103";"Pedra Lavrada";"PB";"Nordeste";6859;3118;3741;45,46;54,54;1145;-6,77292975913542;-36,3879159488615;36;6;32,4;3,9
"2511202";"Pedras de Fogo";"PB";"Nordeste";29662;17645;12017;59,49;40,51;22144;-7,33612558012755;-35,0745882173801;36;6;32,4;3,9
"2511301";"Piancó";"PB";"Nordeste";16441;11982;4459;72,88;27,12;1229;-7,20132403692028;-37,9422152761083;36;6;32,4;3,9
"2511400";"Picuí";"PB";"Nordeste";18333;12772;5561;69,67;30,33;1937;-6,49303685467957;-36,3370556637175;36;6;32,4;3,9
"2511509";"Pilar";"PB";"Nordeste";12311;8708;3603;70,73;29,27;795;-7,27898353022159;-35,2666597521881;36;6;32,4;3,9
"2511608";"Pilões";"PB";"Nordeste";6815;3932;2883;57,7;42,3;2903;-6,88310003167668;-35,6084423482563;36;6;32,4;3,9
"2511707";"Pilõezinhos";"PB";"Nordeste";5329;3479;1850;65,28;34,72;976;-6,8462158960357;-35,5490876235163;36;6;32,4;3,9
"2511806";"Pirpirituba";"PB";"Nordeste";9340;7498;1842;80,28;19,72;481;-6,79077429290506;-35,495812963793;36;6;32,4;3,9
"2511905";"Pitimbu";"PB";"Nordeste";16751;10591;6160;63,23;36,77;4001;-7,43111129027702;-34,8417261874578;36;6;32,4;3,9
"2512002";"Pocinhos";"PB";"Nordeste";17469;11290;6179;64,63;35,37;3647;-7,06266587401002;-36,0936541998232;36;6;32,4;3,9
"2512036";"Poço Dantas";"PB";"Nordeste";3830;1393;2437;36,37;63,63;1049;-6,38959474054003;-38,519896407474;36;6;32,4;3,9
"2512077";"Poço de José de Moura";"PB";"Nordeste";4006;1438;2568;35,9;64,1;792;-6,5939185637057;-38,4987904390017;36;6;32,4;3,9
"2512101";"Pombal";"PB";"Nordeste";32473;27374;5099;84,3;15,7;347;-6,77250291962335;-37,8509868337926;36;6;32,4;3,9
"2512200";"Prata";"PB";"Nordeste";3915;2617;1298;66,85;33,15;871;-7,69471462308031;-37,0858025279487;36;6;32,4;3,9
"2512309";"Princesa Isabel";"PB";"Nordeste";21114;15758;5356;74,63;25,37;4866;-7,65368541607328;-38,0049572154847;36;6;32,4;3,9
"2512408";"Puxinanã";"PB";"Nordeste";14277;8126;6151;56,92;43,08;2326;-7,14885260885457;-35,961708767505;36;6;32,4;3,9
"2512507";"Queimadas";"PB";"Nordeste";47658;28493;19165;59,79;40,21;2656;-7,39932024887838;-35,9137043345319;36;6;32,4;3,9
"2512606";"Quixaba";"PB";"Nordeste";1743;929;814;53,3;46,7;328;-7,04069505704278;-37,1355644522888;36;6;32,4;3,9
"2512705";"Remígio";"PB";"Nordeste";17885;14311;3574;80,02;19,98;1777;-6,92681440207078;-35,8488661156705;36;6;32,4;3,9
"2512721";"Pedro Régis";"PB";"Nordeste";5766;2492;3274;43,22;56,78;641;-6,66811679792467;-35,2910786385674;36;6;32,4;3,9
"2512747";"Riachão";"PB";"Nordeste";2927;1787;1140;61,05;38,95;1354;-6,54177474929623;-35,6475762581757;36;6;32,4;3,9
"2512754";"Riachão do Bacamarte";"PB";"Nordeste";4690;3030;1660;64,61;35,39;484;-7,23959214648236;-35,6692771333039;36;6;32,4;3,9
"2512762";"Riachão do Poço";"PB";"Nordeste";4738;1713;3025;36,15;63,85;442;-7,15500017107145;-35,2898560315715;36;6;32,4;3,9
"2512788";"Riacho de Santo Antônio";"PB";"Nordeste";1955;1504;451;76,93;23,07;188;-7,68274286219755;-36,1378526280289;36;6;32,4;3,9
"2512804";"Riacho dos Cavalos";"PB";"Nordeste";8493;4718;3775;55,55;44,45;1007;-6,47823936156198;-37,6355715530364;36;6;32,4;3,9
"2512903";"Rio Tinto";"PB";"Nordeste";24581;15567;9014;63,33;36,67;10205;-6,79697890398861;-35,0360473306646;36;6;32,4;3,9
"2513000";"Salgadinho";"PB";"Nordeste";3355;1311;2044;39,08;60,92;245;-7,09864769676973;-36,8420282592368;36;6;32,4;3,9
"2513109";"Salgado de São Félix";"PB";"Nordeste";11505;5134;6371;44,62;55,38;441;-7,41477186225819;-35,4634549629024;36;6;32,4;3,9
"2513158";"Santa Cecília";"PB";"Nordeste";7670;2790;4880;36,38;63,62;491;-7,72900013240218;-35,9215669928042;36;6;32,4;3,9
"2513208";"Santa Cruz";"PB";"Nordeste";5947;3018;2929;50,75;49,25;353;-6,54880573215943;-38,0528645933242;36;6;32,4;3,9
"2513307";"Santa Helena";"PB";"Nordeste";5865;2838;3027;48,39;51,61;1515;-6,73044694196936;-38,5841037274181;36;6;32,4;3,9
"2513356";"Santa Inês";"PB";"Nordeste";3227;1448;1779;44,87;55,13;452;-7,6663393384936;-38,5773934262213;36;6;32,4;3,9
"2513406";"Santa Luzia";"PB";"Nordeste";14959;13743;1216;91,87;8,13;726;-6,91721549707195;-36,9064628823219;36;6;32,4;3,9
"2513505";"Santana de Mangueira";"PB";"Nordeste";5010;2426;2584;48,42;51,58;1098;-7,62824513210109;-38,3309722014611;36;6;32,4;3,9
"2513604";"Santana dos Garrotes";"PB";"Nordeste";6569;3868;2701;58,88;41,12;1307;-7,38801831397117;-37,9600591637681;36;6;32,4;3,9
"2513653";"Joca Claudino";"PB";"Nordeste";2539;958;1581;37,73;62,27;200;-6,47704704061251;-38,4809112832539;36;6;32,4;3,9
"2513703";"Santa Rita";"PB";"Nordeste";149910;133226;16684;88,87;11,13;17807;-7,06732384335926;-34,9999714936815;36;6;32,4;3,9
"2513802";"Santa Teresinha";"PB";"Nordeste";4402;2562;1840;58,2;41,8;723;-7,09120373486921;-37,4453918422236;36;6;32,4;3,9
"2513851";"Santo André";"PB";"Nordeste";2622;1209;1413;46,11;53,89;734;-7,22108125658611;-36,6146210958647;36;6;32,4;3,9
"2513901";"São Bento";"PB";"Nordeste";32235;27198;5037;84,37;15,63;398;-6,45890531982003;-37,4713144760594;36;6;32,4;3,9
"2513927";"São Bentinho";"PB";"Nordeste";4327;3231;1096;74,67;25,33;326;-6,87378160688101;-37,7071605127371;36;6;32,4;3,9
"2513943";"São Domingos do Cariri";"PB";"Nordeste";2585;1449;1136;56,05;43,95;464;-7,58823991560926;-36,4047135108556;36;6;32,4;3,9
"2513968";"São Domingos";"PB";"Nordeste";2595;1183;1412;45,59;54,41;234;-6,80395472518729;-37,9507348238436;36;6;32,4;3,9
"2513984";"São Francisco";"PB";"Nordeste";3137;1265;1872;40,33;59,67;249;-6,63515022242361;-38,0596192944;36;6;32,4;3,9
"2514008";"São João do Cariri";"PB";"Nordeste";4226;2535;1691;59,99;40,01;1200;-7,45125323210757;-36,4940035128071;36;6;32,4;3,9
"2514107";"São João do Tigre";"PB";"Nordeste";4263;1466;2797;34,39;65,61;823;-8,08899823104107;-36,7874928307401;36;6;32,4;3,9
"2514206";"São José da Lagoa Tapada";"PB";"Nordeste";7126;3175;3951;44,56;55,44;576;-6,94131293960394;-38,1395875302508;36;6;32,4;3,9
"2514305";"São José de Caiana";"PB";"Nordeste";5034;2961;2073;58,82;41,18;762;-7,26056880001072;-38,3266663998958;36;6;32,4;3,9
"2514404";"São José de Espinharas";"PB";"Nordeste";4083;1697;2386;41,56;58,44;1057;-6,81377533036888;-37,3798271050015;36;6;32,4;3,9
"2514453";"São José dos Ramos";"PB";"Nordeste";5891;2597;3294;44,08;55,92;927;-7,24190521910186;-35,3463889882573;36;6;32,4;3,9
"2514503";"São José de Piranhas";"PB";"Nordeste";19067;12553;6514;65,84;34,16;979;-7,10079219306477;-38,4921230116003;36;6;32,4;3,9
"2514552";"São José de Princesa";"PB";"Nordeste";3416;657;2759;19,23;80,77;2702;-7,70267349176171;-38,0962924584951;36;6;32,4;3,9
"2514602";"São José do Bonfim";"PB";"Nordeste";3242;1750;1492;53,98;46,02;583;-7,1493689769378;-37,3009000522326;36;6;32,4;3,9
"2514651";"São José do Brejo do Cruz";"PB";"Nordeste";1699;1370;329;80,64;19,36;203;-6,23544212392984;-37,3581344332735;36;6;32,4;3,9
"2514701";"São José do Sabugi";"PB";"Nordeste";4138;2966;1172;71,68;28,32;616;-6,81708862895332;-36,8234838735608;36;6;32,4;3,9
"2514800";"São José dos Cordeiros";"PB";"Nordeste";3411;1784;1627;52,3;47,7;914;-7,42910023972985;-36,8624582440145;36;6;32,4;3,9
"2514909";"São Mamede";"PB";"Nordeste";7470;6002;1468;80,35;19,65;824;-6,92772337078007;-37,0847284492322;36;6;32,4;3,9
"2515005";"São Miguel de Taipu";"PB";"Nordeste";7066;3102;3964;43,9;56,1;1106;-7,24052023328051;-35,1987882046319;36;6;32,4;3,9
"2515104";"São Sebastião de Lagoa de Roça";"PB";"Nordeste";11040;5318;5722;48,17;51,83;990;-7,08911350537442;-35,854061475459;36;6;32,4;3,9
"2515203";"São Sebastião do Umbuzeiro";"PB";"Nordeste";3279;2310;969;70,45;29,55;702;-8,15817542017736;-37,014895331247;36;6;32,4;3,9
"2515302";"Sapé";"PB";"Nordeste";51306;39027;12279;76,07;23,93;10982;-7,05536075686016;-35,1971044453182;36;6;32,4;3,9
"2515401";"São Vicente do Seridó";"PB";"Nordeste";10291;5333;4958;51,82;48,18;680;-6,90903836620156;-36,4503568638937;36;6;32,4;3,9
"2515500";"Serra Branca";"PB";"Nordeste";13614;9845;3769;72,32;27,68;1232;-7,53533904047759;-36,7078794307515;36;6;32,4;3,9
"2515609";"Serra da Raiz";"PB";"Nordeste";3094;2519;575;81,42;18,58;374;-6,70520971989386;-35,4527872264938;36;6;32,4;3,9
"2515708";"Serra Grande";"PB";"Nordeste";2942;2273;669;77,26;22,74;496;-7,22920796056286;-38,3794840496781;36;6;32,4;3,9
"2515807";"Serra Redonda";"PB";"Nordeste";6828;3695;3133;54,12;45,88;609;-7,17152000150571;-35,6632701658474;36;6;32,4;3,9
"2515906";"Serraria";"PB";"Nordeste";4885;3541;1344;72,49;27,51;1303;-6,83316508995738;-35,6441032324832;36;6;32,4;3,9
"2515930";"Sertãozinho";"PB";"Nordeste";5054;4007;1047;79,28;20,72;587;-6,74249873884887;-35,4214357220517;36;6;32,4;3,9
"2515971";"Sobrado";"PB";"Nordeste";8236;1007;7229;12,23;87,77;568;-7,17988387744478;-35,2561039187959;36;6;32,4;3,9
"2516003";"Solânea";"PB";"Nordeste";26774;21283;5491;79,49;20,51;1687;-6,75223276720714;-35,7249114592368;36;6;32,4;3,9
"2516102";"Soledade";"PB";"Nordeste";13968;10693;3275;76,55;23,45;1299;-7,10039301285109;-36,3705772296364;36;6;32,4;3,9
"2516151";"Sossêgo";"PB";"Nordeste";3345;2111;1234;63,11;36,89;358;-6,72372984903962;-36,2097891321094;36;6;32,4;3,9
"2516201";"Sousa";"PB";"Nordeste";67259;53437;13822;79,45;20,55;3117;-6,73965955092909;-38,225203733358;36;6;32,4;3,9
"2516300";"Sumé";"PB";"Nordeste";17166;13677;3489;79,67;20,33;1695;-7,6783558810511;-36,9006162786555;36;6;32,4;3,9
"2516409";"Tacima";"PB";"Nordeste";8010;3709;4301;46,3;53,7;2503;-6,53778571542338;-35,5183681196671;36;6;32,4;3,9
"2516508";"Taperoá";"PB";"Nordeste";14068;9519;4549;67,66;32,34;1824;-7,22083364556994;-36,8306723225521;36;6;32,4;3,9
"2516607";"Tavares";"PB";"Nordeste";14101;8341;5760;59,15;40,85;3776;-7,59984502036785;-37,8920565736101;36;6;32,4;3,9
"2516706";"Teixeira";"PB";"Nordeste";14631;10546;4085;72,08;27,92;2413;-7,24555886434938;-37,2403751115423;36;6;32,4;3,9
"2516755";"Tenório";"PB";"Nordeste";2966;1938;1028;65,34;34,66;678;-6,96124252593356;-36,6264566269369;36;6;32,4;3,9
"2516805";"Triunfo";"PB";"Nordeste";9892;5112;4780;51,68;48,32;396;-6,60557243196173;-38,572306807624;36;6;32,4;3,9
"2516904";"Uiraúna";"PB";"Nordeste";14930;10913;4017;73,09;26,91;1192;-6,51083572112916;-38,3915855362181;36;6;32,4;3,9
"2517001";"Umbuzeiro";"PB";"Nordeste";9124;4142;4982;45,4;54,6;1340;-7,6808466497908;-35,7378931678892;36;6;32,4;3,9
"2517100";"Várzea";"PB";"Nordeste";2668;2072;596;77,66;22,34;803;-6,7887470882804;-37,0312784087617;36;6;32,4;3,9
"2517209";"Vieirópolis";"PB";"Nordeste";4864;1205;3659;24,77;75,23;488;-6,56022990036631;-38,2682803177232;36;6;32,4;3,9
"2517407";"Zabelê";"PB";"Nordeste";2228;1492;736;66,97;33,03;422;-8,07652501915;-37,0963921248357;36;6;32,4;3,9
"2600054";"Abreu E Lima";"PE";"Nordeste";98462;96296;2166;97,8;2,2;1775;-7,87968838534961;-35,0193244189626;37,5;6,5;35,3;4,9
"2600104";"Afogados da Ingazeira";"PE";"Nordeste";40241;32148;8093;79,89;20,11;4546;-7,73709107030635;-37,6200276876455;37,5;6,5;35,3;4,9
"2600203";"Afrânio";"PE";"Nordeste";18674;6019;12655;32,23;67,77;7200;-8,61887247865243;-41,0053576870331;37,5;6,5;35,3;4,9
"2600302";"Agrestina";"PE";"Nordeste";23779;18820;4959;79,15;20,85;1100;-8,45653186919317;-35,9452566097299;37,5;6,5;35,3;4,9
"2600401";"Água Preta";"PE";"Nordeste";26461;17261;9200;65,23;34,77;5017;-8,729205814133;-35,4818550263527;37,5;6,5;35,3;4,9
"2600500";"Águas Belas";"PE";"Nordeste";41548;26976;14572;64,93;35,07;1706;-9,08704560785304;-37,0386389700283;37,5;6,5;35,3;4,9
"2600609";"Alagoinha";"PE";"Nordeste";13542;8199;5343;60,54;39,46;170;-8,49191144199941;-36,7555162888299;37,5;6,5;35,3;4,9
"2600708";"Aliança";"PE";"Nordeste";35741;28759;6982;80,47;19,53;10132;-7,60252989652278;-35,1931547477988;37,5;6,5;35,3;4,9
"2600807";"Altinho";"PE";"Nordeste";20674;13792;6882;66,71;33,29;1068;-8,49046267243323;-36,0989178820794;37,5;6,5;35,3;4,9
"2600906";"Amaraji";"PE";"Nordeste";18205;14805;3400;81,32;18,68;6486;-8,36497962921742;-35,4654827851879;37,5;6,5;35,3;4,9
"2601003";"Angelim";"PE";"Nordeste";10241;6572;3669;64,17;35,83;1001;-8,89157999052897;-36,276772490225;37,5;6,5;35,3;4,9
"2601052";"Araçoiaba";"PE";"Nordeste";19243;17685;1558;91,9;8,1;4089;-7,7931501395235;-35,0762076233809;37,5;6,5;35,3;4,9
"2601102";"Araripina";"PE";"Nordeste";85088;50875;34213;59,79;40,21;30268;-7,60795249682691;-40,4847800205737;37,5;6,5;35,3;4,9
"2601201";"Arcoverde";"PE";"Nordeste";77742;72614;5128;93,4;6,6;875;-8,38386593470709;-37,0054996432413;37,5;6,5;35,3;4,9
"2601300";"Barra de Guabiraba";"PE";"Nordeste";12263;10814;1449;88,18;11,82;1637;-8,41831535075311;-35,6338806710014;37,5;6,5;35,3;4,9
"2601409";"Barreiros";"PE";"Nordeste";40121;35123;4998;87,54;12,46;3425;-8,8202078046674;-35,2585539749212;37,5;6,5;35,3;4,9
"2601508";"Belém de Maria";"PE";"Nordeste";10378;7429;2949;71,58;28,42;961;-8,60485314756844;-35,8155973719142;37,5;6,5;35,3;4,9
"2601607";"Belém do São Francisco";"PE";"Nordeste";18301;12101;6200;66,12;33,88;10948;-8,58355791381727;-38,9818852223271;37,5;6,5;35,3;4,9
"2601706";"Belo Jardim";"PE";"Nordeste";79507;67653;11854;85,09;14,91;1240;-8,25894295993507;-36,4051819599746;37,5;6,5;35,3;4,9
"2601805";"Betânia";"PE";"Nordeste";11232;4095;7137;36,46;63,54;4060;-8,26531059343118;-37,9876478860623;37,5;6,5;35,3;4,9
"2601904";"Bezerros";"PE";"Nordeste";61694;52987;8707;85,89;14,11;2410;-8,21795854003578;-35,7821069123536;37,5;6,5;35,3;4,9
"2602001";"Bodocó";"PE";"Nordeste";34478;14790;19688;42,9;57,1;11650;-7,65625481536152;-39,9652482617878;37,5;6,5;35,3;4,9
"2602100";"Bom Conselho";"PE";"Nordeste";44294;30460;13834;68,77;31,23;4203;-9,20267342826482;-36,6840403223616;37,5;6,5;35,3;4,9
"2602209";"Bom Jardim";"PE";"Nordeste";37629;17743;19886;47,15;52,85;4950;-7,78675574613101;-35,5884567385833;37,5;6,5;35,3;4,9
"2602308";"Bonito";"PE";"Nordeste";37474;28504;8970;76,06;23,94;3290;-8,49491532991557;-35,7084740120301;37,5;6,5;35,3;4,9
"2602407";"Brejão";"PE";"Nordeste";9079;3721;5358;40,98;59,02;1237;-9,0267015912728;-36,5298680144595;37,5;6,5;35,3;4,9
"2602506";"Brejinho";"PE";"Nordeste";7720;3927;3793;50,87;49,13;2334;-7,33674467419456;-37,3209708602963;37,5;6,5;35,3;4,9
"2602605";"Brejo da Madre de Deus";"PE";"Nordeste";48648;38814;9834;79,79;20,21;470;-8,07567585621058;-36,2814233442779;37,5;6,5;35,3;4,9
"2602704";"Buenos Aires";"PE";"Nordeste";12808;9224;3584;72,02;27,98;2717;-7,73796104995666;-35,3472928049755;37,5;6,5;35,3;4,9
"2602803";"Buíque";"PE";"Nordeste";52097;22347;29750;42,89;57,11;2730;-8,64993643084291;-37,1226486917464;37,5;6,5;35,3;4,9
"2602902";"Cabo de Santo Agostinho";"PE";"Nordeste";203440;190874;12566;93,82;6,18;9997;-8,26924079703921;-35,0858665290587;37,5;6,5;35,3;4,9
"2603009";"Cabrobó";"PE";"Nordeste";30294;20026;10268;66,11;33,89;2223;-8,38645515472492;-39,3293792372752;37,5;6,5;35,3;4,9
"2603108";"Cachoeirinha";"PE";"Nordeste";19899;16634;3265;83,59;16,41;510;-8,48491790892688;-36,2909758070365;37,5;6,5;35,3;4,9
"2603207";"Caetés";"PE";"Nordeste";28827;8769;20058;30,42;69,58;10990;-8,80408180112655;-36,6591050485877;37,5;6,5;35,3;4,9
"2603306";"Calçado";"PE";"Nordeste";11093;3759;7334;33,89;66,11;4746;-8,75057321651594;-36,3217521469793;37,5;6,5;35,3;4,9
"2603405";"Calumbi";"PE";"Nordeste";5228;2110;3118;40,36;59,64;687;-8,00413701535573;-38,0785591827039;37,5;6,5;35,3;4,9
"2603454";"Camaragibe";"PE";"Nordeste";147771;147771;NA;100;NA;403;-7,9868145664072;-34,9957967631773;37,5;6,5;35,3;4,9
"2603504";"Camocim de São Félix";"PE";"Nordeste";17419;14792;2627;84,92;15,08;251;-8,3501165696938;-35,7721071754931;37,5;6,5;35,3;4,9
"2603603";"Camutanga";"PE";"Nordeste";7750;6633;1117;85,59;14,41;2290;-7,43399348233823;-35,2991408622403;37,5;6,5;35,3;4,9
"2603702";"Canhotinho";"PE";"Nordeste";24329;16451;7878;67,62;32,38;2196;-8,89331367159941;-36,1768840694017;37,5;6,5;35,3;4,9
"2603801";"Capoeiras";"PE";"Nordeste";18338;6734;11604;36,72;63,28;1440;-8,68665514528365;-36,599172124992;37,5;6,5;35,3;4,9
"2603900";"Carnaíba";"PE";"Nordeste";18644;8894;9750;47,7;52,3;8359;-7,79626466878186;-37,7272214457743;37,5;6,5;35,3;4,9
"2603926";"Carnaubeira da Penha";"PE";"Nordeste";12239;2077;10162;16,97;83,03;2379;-8,40919709306731;-38,721513845181;37,5;6,5;35,3;4,9
"2604007";"Carpina";"PE";"Nordeste";79293;75286;4007;94,95;5,05;1874;-7,81950849345117;-35,3058254908385;37,5;6,5;35,3;4,9
"2604106";"Caruaru";"PE";"Nordeste";378048;348487;29561;92,18;7,82;2350;-8,18044176666146;-36,016649084819;37,5;6,5;35,3;4,9
"2604155";"Casinhas";"PE";"Nordeste";12967;2276;10691;17,55;82,45;2465;-7,7564477449758;-35,721374691901;37,5;6,5;35,3;4,9
"2604205";"Catende";"PE";"Nordeste";32156;25247;6909;78,51;21,49;1756;-8,67548439751781;-35,7309623054032;37,5;6,5;35,3;4,9
"2604304";"Cedro";"PE";"Nordeste";10518;6773;3745;64,39;35,61;2734;-7,7437845919442;-39,2037229476655;37,5;6,5;35,3;4,9
"2604403";"Chã de Alegria";"PE";"Nordeste";12984;10640;2344;81,95;18,05;2716;-7,99947037468476;-35,2220303171855;37,5;6,5;35,3;4,9
"2604502";"Chã Grande";"PE";"Nordeste";20546;12635;7911;61,5;38,5;400;-8,22974417709328;-35,4740834051054;37,5;6,5;35,3;4,9
"2604601";"Condado";"PE";"Nordeste";24587;22637;1950;92,07;7,93;2101;-7,59642691845505;-35,0987906185096;37,5;6,5;35,3;4,9
"2604700";"Correntes";"PE";"Nordeste";17131;10365;6766;60,5;39,5;2118;-9,11487172505611;-36,3387233139413;37,5;6,5;35,3;4,9
"2604809";"Cortês";"PE";"Nordeste";10198;7979;2219;78,24;21,76;1734;-8,43302963915269;-35,5301288017052;37,5;6,5;35,3;4,9
"2604908";"Cumaru";"PE";"Nordeste";15920;7783;8137;48,89;51,11;2556;-8,03997897186076;-35,7207689876368;37,5;6,5;35,3;4,9
"2605004";"Cupira";"PE";"Nordeste";23518;22185;1333;94,33;5,67;290;-8,58296250083767;-35,9313999287855;37,5;6,5;35,3;4,9
"2605103";"Custódia";"PE";"Nordeste";37699;25373;12326;67,3;32,7;7074;-8,17382553084174;-37,681560030916;37,5;6,5;35,3;4,9
"2605152";"Dormentes";"PE";"Nordeste";17188;7809;9379;45,43;54,57;7509;-8,4961607243482;-40,6200676580191;37,5;6,5;35,3;4,9
"2605202";"Escada";"PE";"Nordeste";59891;52787;7104;88,14;11,86;18982;-8,36974668757404;-35,2645255692081;37,5;6,5;35,3;4,9
"2605301";"Exu";"PE";"Nordeste";31843;15658;16185;49,17;50,83;22920;-7,5159662888286;-39,7482446044506;37,5;6,5;35,3;4,9
"2605400";"Feira Nova";"PE";"Nordeste";21427;17403;4024;81,22;18,78;1381;-7,95287521388335;-35,3832964423857;37,5;6,5;35,3;4,9
"2605459";"Fernando de Noronha";"PE";"Nordeste";3167;3086;81;97,44;2,56;NA;-3,85422303983602;-32,4240812154327;37,5;6,5;35,3;4,9
"2605509";"Ferreiros";"PE";"Nordeste";15026;13268;1758;88,3;11,7;3060;-7,4784946525781;-35,2444781461344;37,5;6,5;35,3;4,9
"2605608";"Flores";"PE";"Nordeste";20347;9224;11123;45,33;54,67;14228;-7,93991403399243;-37,8946968454805;37,5;6,5;35,3;4,9
"2605707";"Floresta";"PE";"Nordeste";30137;22086;8051;73,29;26,71;1872;-8,56691308753394;-38,3107472871742;37,5;6,5;35,3;4,9
"2605806";"Frei Miguelinho";"PE";"Nordeste";13636;4245;9391;31,13;68,87;1190;-7,93521108822719;-35,8850209264179;37,5;6,5;35,3;4,9
"2605905";"Gameleira";"PE";"Nordeste";18214;14823;3391;81,38;18,62;5980;-8,61241561159705;-35,3931308115761;37,5;6,5;35,3;4,9
"2606002";"Garanhuns";"PE";"Nordeste";142506;129585;12921;90,93;9,07;2194;-8,92917739025009;-36,5010605571705;37,5;6,5;35,3;4,9
"2606101";"Glória do Goitá";"PE";"Nordeste";29347;20788;8559;70,84;29,16;3380;-8,0126416062403;-35,3381410172258;37,5;6,5;35,3;4,9
"2606200";"Goiana";"PE";"Nordeste";81055;76278;4777;94,11;5,89;10758;-7,59682398720738;-34,9425981334038;37,5;6,5;35,3;4,9
"2606309";"Granito";"PE";"Nordeste";6967;3842;3125;55,15;44,85;840;-7,78849732777369;-39,6943128449464;37,5;6,5;35,3;4,9
"2606408";"Gravatá";"PE";"Nordeste";86516;74128;12388;85,68;14,32;1270;-8,19936698880529;-35,5636727255099;37,5;6,5;35,3;4,9
"2606507";"Iati";"PE";"Nordeste";17165;8063;9102;46,97;53,03;2301;-9,14343312421355;-36,9010434316676;37,5;6,5;35,3;4,9
"2606606";"Ibimirim";"PE";"Nordeste";26593;14874;11719;55,93;44,07;2633;-8,58584133965429;-37,6106518857142;37,5;6,5;35,3;4,9
"2606705";"Ibirajuba";"PE";"Nordeste";7140;3278;3862;45,91;54,09;580;-8,61341923319561;-36,2013728305543;37,5;6,5;35,3;4,9
"2606804";"Igarassu";"PE";"Nordeste";115196;110232;4964;95,69;4,31;8513;-7,81754277708275;-34,9603176089739;37,5;6,5;35,3;4,9
"2606903";"Iguaracy";"PE";"Nordeste";11081;5899;5182;53,24;46,76;5144;-7,84550747881625;-37,4030725538663;37,5;6,5;35,3;4,9
"2607000";"Inajá";"PE";"Nordeste";25603;11640;13963;45,46;54,54;2218;-8,8055108650803;-37,8374689991858;37,5;6,5;35,3;4,9
"2607109";"Ingazeira";"PE";"Nordeste";4765;2507;2258;52,61;47,39;1342;-7,71378131139289;-37,4161906604819;37,5;6,5;35,3;4,9
"2607208";"Ipojuca";"PE";"Nordeste";98932;84762;14170;85,68;14,32;29715;-8,43727712409764;-35,0889046642005;37,5;6,5;35,3;4,9
"2607307";"Ipubi";"PE";"Nordeste";29009;18876;10133;65,07;34,93;15895;-7,49788851996203;-40,217411439487;37,5;6,5;35,3;4,9
"2607406";"Itacuruba";"PE";"Nordeste";4284;3146;1138;73,44;26,56;354;-8,74930383651273;-38,7284836700601;37,5;6,5;35,3;4,9
"2607505";"Itaíba";"PE";"Nordeste";32650;11140;21510;34,12;65,88;1425;-8,98432436041239;-37,2958457954012;37,5;6,5;35,3;4,9
"2607604";"Ilha de Itamaracá";"PE";"Nordeste";24540;21088;3452;85,93;14,07;2;-7,75955809978858;-34,8543804744609;37,5;6,5;35,3;4,9
"2607653";"Itambé";"PE";"Nordeste";34935;32125;2810;91,96;8,04;15215;-7,44989573158917;-35,1343115383147;37,5;6,5;35,3;4,9
"2607703";"Itapetim";"PE";"Nordeste";13791;8656;5135;62,77;37,23;3759;-7,39870078706706;-37,1430298101407;37,5;6,5;35,3;4,9
"2607752";"Itapissuma";"PE";"Nordeste";27749;27354;395;98,58;1,42;933;-7,7451380208337;-34,9067067383846;37,5;6,5;35,3;4,9
"2607802";"Itaquitinga";"PE";"Nordeste";16554;13387;3167;80,87;19,13;5227;-7,68639953767648;-35,032637630105;37,5;6,5;35,3;4,9
"2607901";"Jaboatão dos Guararapes";"PE";"Nordeste";644037;639384;4653;99,28;0,72;3555;-8,15217065519466;-35,0032434662423;37,5;6,5;35,3;4,9
"2607950";"Jaqueira";"PE";"Nordeste";10247;6765;3482;66,02;33,98;904;-8,74332569195968;-35,8078587284544;37,5;6,5;35,3;4,9
"2608008";"Jataúba";"PE";"Nordeste";15843;10153;5690;64,09;35,91;200;-8,05519663292942;-36,5338425671345;37,5;6,5;35,3;4,9
"2608057";"Jatobá";"PE";"Nordeste";14020;8369;5651;59,69;40,31;1270;-9,20779321330114;-38,213791480516;37,5;6,5;35,3;4,9
"2608107";"João Alfredo";"PE";"Nordeste";27725;16307;11418;58,82;41,18;1435;-7,86096523550162;-35,5922993909911;37,5;6,5;35,3;4,9
"2608206";"Joaquim Nabuco";"PE";"Nordeste";13269;10670;2599;80,41;19,59;2704;-8,5625082479862;-35,5450124906666;37,5;6,5;35,3;4,9
"2608255";"Jucati";"PE";"Nordeste";11517;5250;6267;45,58;54,42;5681;-8,74408833538295;-36,4595574936723;37,5;6,5;35,3;4,9
"2608305";"Jupi";"PE";"Nordeste";15329;10022;5307;65,38;34,62;8876;-8,71531323144319;-36,3940475191374;37,5;6,5;35,3;4,9
"2608404";"Jurema";"PE";"Nordeste";13648;10864;2784;79,6;20,4;3070;-8,75526256679456;-36,1427746163176;37,5;6,5;35,3;4,9
"2608453";"Lagoa do Carro";"PE";"Nordeste";17981;13687;4294;76,12;23,88;773;-7,85263439288839;-35,3367206827146;37,5;6,5;35,3;4,9
"2608503";"Lagoa de Itaenga";"PE";"Nordeste";19003;15827;3176;83,29;16,71;2834;-7,9092394719788;-35,2948971836298;37,5;6,5;35,3;4,9
"2608602";"Lagoa do Ouro";"PE";"Nordeste";11933;6816;5117;57,12;42,88;310;-9,16209539064663;-36,4652499218776;37,5;6,5;35,3;4,9
"2608701";"Lagoa dos Gatos";"PE";"Nordeste";14076;9378;4698;66,62;33,38;1675;-8,68238515334935;-35,8955378101973;37,5;6,5;35,3;4,9
"2608750";"Lagoa Grande";"PE";"Nordeste";24088;16997;7091;70,56;29,44;8829;-8,77717407847991;-40,2230668505995;37,5;6,5;35,3;4,9
"2608800";"Lajedo";"PE";"Nordeste";39582;31894;7688;80,58;19,42;1530;-8,6779127037615;-36,2862860518083;37,5;6,5;35,3;4,9
"2608909";"Limoeiro";"PE";"Nordeste";56510;45762;10748;80,98;19,02;3508;-7,84777579882274;-35,4478765999168;37,5;6,5;35,3;4,9
"2609006";"Macaparana";"PE";"Nordeste";23879;18132;5747;75,93;24,07;3686;-7,52775671527151;-35,4501977367764;37,5;6,5;35,3;4,9
"2609105";"Machados";"PE";"Nordeste";11333;8548;2785;75,43;24,57;3946;-7,70341851039316;-35,5002842483357;37,5;6,5;35,3;4,9
"2609154";"Manari";"PE";"Nordeste";23763;5477;18286;23,05;76,95;2614;-8,89296173974205;-37,5542263844617;37,5;6,5;35,3;4,9
"2609204";"Maraial";"PE";"Nordeste";9359;6918;2441;73,92;26,08;952;-8,83423398870619;-35,7617260461175;37,5;6,5;35,3;4,9
"2609303";"Mirandiba";"PE";"Nordeste";14166;7279;6887;51,38;48,62;1953;-8,15749916847315;-38,7360808336785;37,5;6,5;35,3;4,9
"2609402";"Moreno";"PE";"Nordeste";55292;50017;5275;90,46;9,54;8205;-8,14397686460468;-35,1461992140721;37,5;6,5;35,3;4,9
"2609501";"Nazaré da Mata";"PE";"Nordeste";30648;28295;2353;92,32;7,68;4104;-7,7371082403333;-35,2332223321229;37,5;6,5;35,3;4,9
"2609600";"Olinda";"PE";"Nordeste";349976;349976;NA;100;NA;NA;-7,99311300367266;-34,8663607674913;37,5;6,5;35,3;4,9
"2609709";"Orobó";"PE";"Nordeste";21808;9895;11913;45,37;54,63;3365;-7,70590971199252;-35,5985509011308;37,5;6,5;35,3;4,9
"2609808";"Orocó";"PE";"Nordeste";13613;5148;8465;37,82;62,18;5247;-8,47211695867881;-39,5910263940053;37,5;6,5;35,3;4,9
"2609907";"Ouricuri";"PE";"Nordeste";65245;33827;31418;51,85;48,15;17862;-7,9660660749528;-40,1644533917574;37,5;6,5;35,3;4,9
"2610004";"Palmares";"PE";"Nordeste";54584;42821;11763;78,45;21,55;5057;-8,65647238618649;-35,63042276387;37,5;6,5;35,3;4,9
"2610103";"Palmeirina";"PE";"Nordeste";7031;4559;2472;64,84;35,16;290;-9,01138102503561;-36,2780367840958;37,5;6,5;35,3;4,9
"2610202";"Panelas";"PE";"Nordeste";22991;14312;8679;62,25;37,75;1861;-8,66502263703801;-36,0490308360209;37,5;6,5;35,3;4,9
"2610301";"Paranatama";"PE";"Nordeste";12199;2537;9662;20,8;79,2;1983;-8,89405670185698;-36,7071040633738;37,5;6,5;35,3;4,9
"2610400";"Parnamirim";"PE";"Nordeste";18612;7972;10640;42,83;57,17;3332;-8,16005833653649;-39,7697872017865;37,5;6,5;35,3;4,9
"2610509";"Passira";"PE";"Nordeste";28340;14678;13662;51,79;48,21;2097;-8,01242862690594;-35,5462954304052;37,5;6,5;35,3;4,9
"2610608";"Paudalho";"PE";"Nordeste";56665;46995;9670;82,93;17,07;6232;-7,90566271688382;-35,1551371841401;37,5;6,5;35,3;4,9
"2610707";"Paulista";"PE";"Nordeste";342167;341986;181;99,95;0,05;NA;-7,92808462088596;-34,8835864909742;37,5;6,5;35,3;4,9
"2610806";"Pedra";"PE";"Nordeste";22795;12605;10190;55,3;44,7;2498;-8,69699838833567;-36,8999399466634;37,5;6,5;35,3;4,9
"2610905";"Pesqueira";"PE";"Nordeste";62722;45564;17158;72,64;27,36;2985;-8,39185568357926;-36,7353107914136;37,5;6,5;35,3;4,9
"2611002";"Petrolândia";"PE";"Nordeste";34161;24768;9393;72,5;27,5;5483;-8,89929010514747;-38,3078149071233;37,5;6,5;35,3;4,9
"2611101";"Petrolina";"PE";"Nordeste";386791;349477;37314;90,35;9,65;39250;-9,01971052990648;-40,5723685118594;37,5;6,5;35,3;4,9
"2611200";"Poção";"PE";"Nordeste";10500;6758;3742;64,36;35,64;825;-8,22471505602445;-36,711311272334;37,5;6,5;35,3;4,9
"2611309";"Pombos";"PE";"Nordeste";27552;17910;9642;65;35;2144;-8,18161549948268;-35,3874003477288;37,5;6,5;35,3;4,9
"2611408";"Primavera";"PE";"Nordeste";13838;8649;5189;62,5;37,5;11217;-8,32698021873243;-35,3909721833251;37,5;6,5;35,3;4,9
"2611507";"Quipapá";"PE";"Nordeste";17928;12619;5309;70,39;29,61;1148;-8,83599982830402;-36,0286392145509;37,5;6,5;35,3;4,9
"2611533";"Quixaba";"PE";"Nordeste";6554;3376;3178;51,51;48,49;4407;-7,71762848741571;-37,8490909228973;37,5;6,5;35,3;4,9
"2611606";"Recife";"PE";"Nordeste";1488920;1488920;NA;100;NA;NA;-8,03919967821521;-34,9330552872243;37,5;6,5;35,3;4,9
"2611705";"Riacho das Almas";"PE";"Nordeste";20639;10547;10092;51,1;48,9;2987;-8,08194826288821;-35,8829882074479;37,5;6,5;35,3;4,9
"2611804";"Ribeirão";"PE";"Nordeste";33507;27981;5526;83,51;16,49;9953;-8,50460941511653;-35,3664566698834;37,5;6,5;35,3;4,9
"2611903";"Rio Formoso";"PE";"Nordeste";20009;14501;5508;72,47;27,53;7937;-8,67507642175401;-35,2182673089938;37,5;6,5;35,3;4,9
"2612000";"Sairé";"PE";"Nordeste";10887;6565;4322;60,3;39,7;740;-8,3026875645979;-35,6844891091937;37,5;6,5;35,3;4,9
"2612109";"Salgadinho";"PE";"Nordeste";5727;2053;3674;35,85;64,15;1400;-7,9161325893505;-35,5938190676049;37,5;6,5;35,3;4,9
"2612208";"Salgueiro";"PE";"Nordeste";62372;50187;12185;80,46;19,54;1446;-8,12911124961847;-39,0898457284145;37,5;6,5;35,3;4,9
"2612307";"Saloá";"PE";"Nordeste";13836;8108;5728;58,6;41,4;2459;-8,99162345276798;-36,7388720382924;37,5;6,5;35,3;4,9
"2612406";"Sanharó";"PE";"Nordeste";18624;14211;4413;76,3;23,7;1750;-8,36481844327029;-36,5495136642456;37,5;6,5;35,3;4,9
"2612455";"Santa Cruz";"PE";"Nordeste";13841;5275;8566;38,11;61,89;12485;-8,29121366172366;-40,302334508698;37,5;6,5;35,3;4,9
"2612471";"Santa Cruz da Baixa Verde";"PE";"Nordeste";11567;6354;5213;54,93;45,07;2632;-7,84946165180427;-38,1756706269156;37,5;6,5;35,3;4,9
"2612505";"Santa Cruz do Capibaribe";"PE";"Nordeste";98254;95749;2505;97,45;2,55;361;-7,88953806115451;-36,3254059126077;37,5;6,5;35,3;4,9
"2612554";"Santa Filomena";"PE";"Nordeste";12106;4439;7667;36,67;63,33;9781;-8,22358091547341;-40,5715118795615;37,5;6,5;35,3;4,9
"2612604";"Santa Maria da Boa Vista";"PE";"Nordeste";40578;14945;25633;36,83;63,17;17960;-8,62968066114671;-39,9143024829079;37,5;6,5;35,3;4,9
"2612703";"Santa Maria do Cambucá";"PE";"Nordeste";14013;3950;10063;28,19;71,81;1855;-7,82487197963419;-35,88283573733;37,5;6,5;35,3;4,9
"2612802";"Santa Terezinha";"PE";"Nordeste";10244;6747;3497;65,86;34,14;2593;-7,43042187817549;-37,4364806039741;37,5;6,5;35,3;4,9
"2612901";"São Benedito do Sul";"PE";"Nordeste";13113;8116;4997;61,89;38,11;654;-8,80943003070684;-35,9066774720315;37,5;6,5;35,3;4,9
"2613008";"São Bento do Una";"PE";"Nordeste";49449;29893;19556;60,45;39,55;6820;-8,53596400995468;-36,4506501876561;37,5;6,5;35,3;4,9
"2613107";"São Caitano";"PE";"Nordeste";37126;29410;7716;79,22;20,78;940;-8,32882680649838;-36,1478963694429;37,5;6,5;35,3;4,9
"2613206";"São João";"PE";"Nordeste";23837;12922;10915;54,21;45,79;13081;-8,87984658265714;-36,3776333503772;37,5;6,5;35,3;4,9
"2613305";"São Joaquim do Monte";"PE";"Nordeste";20037;14766;5271;73,69;26,31;610;-8,45512316203974;-35,8440463662506;37,5;6,5;35,3;4,9
"2613404";"São José da Coroa Grande";"PE";"Nordeste";18825;14478;4347;76,91;23,09;211;-8,86551580817152;-35,1853699877163;37,5;6,5;35,3;4,9
"2613503";"São José do Belmonte";"PE";"Nordeste";34843;19788;15055;56,79;43,21;4057;-7,86575329739589;-38,7456779162173;37,5;6,5;35,3;4,9
"2613602";"São José do Egito";"PE";"Nordeste";31004;20665;10339;66,65;33,35;6199;-7,52637634029067;-37,2741551249524;37,5;6,5;35,3;4,9
"2613701";"São Lourenço da Mata";"PE";"Nordeste";111249;105738;5511;95,05;4,95;4904;-8,02312572904932;-35,1038093597794;37,5;6,5;35,3;4,9
"2613800";"São Vicente Férrer";"PE";"Nordeste";16677;12232;4445;73,35;26,65;7309;-7,60543942597569;-35,4897179456172;37,5;6,5;35,3;4,9
"2613909";"Serra Talhada";"PE";"Nordeste";92228;73891;18337;80,12;19,88;5807;-8,03604104581095;-38,3697676353941;37,5;6,5;35,3;4,9
"2614006";"Serrita";"PE";"Nordeste";18207;6534;11673;35,89;64,11;2741;-7,8499743930001;-39,3815506097044;37,5;6,5;35,3;4,9
"2614105";"Sertânia";"PE";"Nordeste";32811;18787;14024;57,26;42,74;3100;-8,21052584305752;-37,3370625618636;37,5;6,5;35,3;4,9
"2614204";"Sirinhaém";"PE";"Nordeste";37596;30369;7227;80,78;19,22;22731;-8,57199952529794;-35,1719448183018;37,5;6,5;35,3;4,9
"2614303";"Moreilândia";"PE";"Nordeste";10540;6718;3822;63,74;36,26;1307;-7,61816220636753;-39,5225394978057;37,5;6,5;35,3;4,9
"2614402";"Solidão";"PE";"Nordeste";5210;1929;3281;37,02;62,98;2240;-7,58486795837246;-37,6512696903612;37,5;6,5;35,3;4,9
"2614501";"Surubim";"PE";"Nordeste";64120;50651;13469;78,99;21,01;4402;-7,89186720259128;-35,7545286352612;37,5;6,5;35,3;4,9
"2614600";"Tabira";"PE";"Nordeste";27681;20949;6732;75,68;24,32;6781;-7,57765717016333;-37,5131751541035;37,5;6,5;35,3;4,9
"2614709";"Tacaimbó";"PE";"Nordeste";13738;7785;5953;56,67;43,33;425;-8,34793016223144;-36,2700651000703;37,5;6,5;35,3;4,9
"2614808";"Tacaratu";"PE";"Nordeste";23902;11442;12460;47,87;52,13;4089;-8,95674944188181;-38,0765108529808;37,5;6,5;35,3;4,9
"2614857";"Tamandaré";"PE";"Nordeste";23561;18813;4748;79,85;20,15;2381;-8,74569509137505;-35,2297893896579;37,5;6,5;35,3;4,9
"2615003";"Taquaritinga do Norte";"PE";"Nordeste";24736;17492;7244;70,71;29,29;2882;-7,86947641528709;-36,1304747893019;37,5;6,5;35,3;4,9
"2615102";"Terezinha";"PE";"Nordeste";6513;3273;3240;50,25;49,75;1750;-9,07756492461552;-36,6307734811229;37,5;6,5;35,3;4,9
"2615201";"Terra Nova";"PE";"Nordeste";8920;6072;2848;68,07;31,93;527;-8,15770810074299;-39,3974485380134;37,5;6,5;35,3;4,9
"2615300";"Timbaúba";"PE";"Nordeste";46147;39647;6500;85,91;14,09;4742;-7,53454432548565;-35,3415382439266;37,5;6,5;35,3;4,9
"2615409";"Toritama";"PE";"Nordeste";41137;40360;777;98,11;1,89;NA;-7,99910201850611;-36,0557790895031;37,5;6,5;35,3;4,9
"2615508";"Tracunhaém";"PE";"Nordeste";13867;11523;2344;83,1;16,9;4190;-7,75991932048213;-35,1612147518705;37,5;6,5;35,3;4,9
"2615607";"Trindade";"PE";"Nordeste";30321;24138;6183;79,61;20,39;3800;-7,72778152367211;-40,2950783570877;37,5;6,5;35,3;4,9
"2615706";"Triunfo";"PE";"Nordeste";14705;8613;6092;58,57;41,43;1722;-7,84984259227968;-38,0665850688903;37,5;6,5;35,3;4,9
"2615805";"Tupanatinga";"PE";"Nordeste";26937;10576;16361;39,26;60,74;2707;-8,68316166771703;-37,2803754053422;37,5;6,5;35,3;4,9
"2615904";"Tuparetama";"PE";"Nordeste";8005;6491;1514;81,09;18,91;1859;-7,68622148128383;-37,2634764371708;37,5;6,5;35,3;4,9
"2616001";"Venturosa";"PE";"Nordeste";17251;11273;5978;65,35;34,65;335;-8,61486239197028;-36,8051830370467;37,5;6,5;35,3;4,9
"2616100";"Verdejante";"PE";"Nordeste";9169;2766;6403;30,17;69,83;854;-7,97581268615903;-38,9890841777604;37,5;6,5;35,3;4,9
"2616183";"Vertente do Lério";"PE";"Nordeste";7558;1948;5610;25,77;74,23;970;-7,77767222858822;-35,8155149772827;37,5;6,5;35,3;4,9
"2616209";"Vertentes";"PE";"Nordeste";21959;16402;5557;74,69;25,31;1562;-7,89006404774852;-35,9823547878228;37,5;6,5;35,3;4,9
"2616308";"Vicência";"PE";"Nordeste";26359;15502;10857;58,81;41,19;17160;-7,65954778925286;-35,3572749168916;37,5;6,5;35,3;4,9
"2616407";"Vitória de Santo Antão";"PE";"Nordeste";134084;121364;12720;90,51;9,49;8186;-8,14985958712301;-35,2869967087994;37,5;6,5;35,3;4,9
"2616506";"Xexéu";"PE";"Nordeste";11611;10518;1093;90,59;9,41;4081;-8,83626482012505;-35,6533552123611;37,5;6,5;35,3;4,9
"2700102";"Água Branca";"AL";"Nordeste";19008;6114;12894;32,17;67,83;1746;-9,26655299535845;-37,8985722234959;36,4;5,7;35;5
"2700201";"Anadia";"AL";"Nordeste";13966;9229;4737;66,08;33,92;4060;-9,66300403704304;-36,3135002927435;36,4;5,7;35;5
"2700300";"Arapiraca";"AL";"Nordeste";234696;216413;18283;92,21;7,79;6889;-9,74933644952003;-36,6409317638459;36,4;5,7;35;5
"2700409";"Atalaia";"AL";"Nordeste";37512;26790;10722;71,42;28,58;13655;-9,50480276737917;-36,0724413426036;36,4;5,7;35;5
"2700508";"Barra de Santo Antônio";"AL";"Nordeste";16365;15629;736;95,5;4,5;2382;-9,38198837872174;-35,5645970915128;36,4;5,7;35;5
"2700607";"Barra de São Miguel";"AL";"Nordeste";7944;7518;426;94,64;5,36;2899;-9,81226045594104;-35,946588048108;36,4;5,7;35;5
"2700706";"Batalha";"AL";"Nordeste";16448;12206;4242;74,21;25,79;3145;-9,70675059010909;-37,101008225832;36,4;5,7;35;5
"2700805";"Belém";"AL";"Nordeste";4722;2431;2291;51,48;48,52;548;-9,55742782697933;-36,4917656087783;36,4;5,7;35;5
"2700904";"Belo Monte";"AL";"Nordeste";5936;1166;4770;19,64;80,36;1655;-9,81730670170504;-37,1888287599097;36,4;5,7;35;5
"2701001";"Boca da Mata";"AL";"Nordeste";21187;19215;1972;90,69;9,31;8335;-9,66887601291258;-36,1781966549768;36,4;5,7;35;5
"2701100";"Branquinha";"AL";"Nordeste";9603;6215;3388;64,72;35,28;4664;-9,22287876402237;-36,0417788093491;36,4;5,7;35;5
"2701209";"Cacimbinhas";"AL";"Nordeste";10482;5691;4791;54,29;45,71;1488;-9,44688106072841;-36,921886764703;36,4;5,7;35;5
"2701308";"Cajueiro";"AL";"Nordeste";16024;14490;1534;90,43;9,57;556;-9,3933541837807;-36,1601230826495;36,4;5,7;35;5
"2701357";"Campestre";"AL";"Nordeste";6665;6024;641;90,38;9,62;1322;-8,89350882800218;-35,5405494264395;36,4;5,7;35;5
"2701407";"Campo Alegre";"AL";"Nordeste";32106;30642;1464;95,44;4,56;8535;-9,81488366402046;-36,2829105137701;36,4;5,7;35;5
"2701506";"Campo Grande";"AL";"Nordeste";8143;4112;4031;50,5;49,5;240;-9,96706634465125;-36,7463486072533;36,4;5,7;35;5
"2701605";"Canapi";"AL";"Nordeste";15559;5460;10099;35,09;64,91;1639;-9,1254298744035;-37,5284775208051;36,4;5,7;35;5
"2701704";"Capela";"AL";"Nordeste";15032;11972;3060;79,64;20,36;2422;-9,34587237287975;-36,0932472799992;36,4;5,7;35;5
"2701803";"Carneiros";"AL";"Nordeste";8999;5867;3132;65,2;34,8;1407;-9,46199289615122;-37,365660082708;36,4;5,7;35;5
"2701902";"Chã Preta";"AL";"Nordeste";5910;4263;1647;72,13;27,87;471;-9,24239902415396;-36,2817877169383;36,4;5,7;35;5
"2702009";"Coité do Nóia";"AL";"Nordeste";10810;5136;5674;47,51;52,49;1497;-9,62991205424918;-36,582242087488;36,4;5,7;35;5
"2702108";"Colônia Leopoldina";"AL";"Nordeste";15816;13168;2648;83,26;16,74;4536;-8,94186113818815;-35,7600786317545;36,4;5,7;35;5
"2702207";"Coqueiro Seco";"AL";"Nordeste";5581;5002;579;89,63;10,37;288;-9,64234554865026;-35,8086840748904;36,4;5,7;35;5
"2702306";"Coruripe";"AL";"Nordeste";50414;44935;5479;89,13;10,87;55823;-10,0824912139719;-36,2304503079529;36,4;5,7;35;5
"2702355";"Craíbas";"AL";"Nordeste";25397;12845;12552;50,58;49,42;5661;-9,62954002512874;-36,7880951081716;36,4;5,7;35;5
"2702405";"Delmiro Gouveia";"AL";"Nordeste";51318;40999;10319;79,89;20,11;2176;-9,39762558788454;-38,047035189173;36,4;5,7;35;5
"2702504";"Dois Riachos";"AL";"Nordeste";9805;5588;4217;56,99;43,01;534;-9,38367254115659;-37,0701678618599;36,4;5,7;35;5
"2702553";"Estrela de Alagoas";"AL";"Nordeste";15429;4217;11212;27,33;72,67;957;-9,3934303213981;-36,7703041766872;36,4;5,7;35;5
"2702603";"Feira Grande";"AL";"Nordeste";22712;8153;14559;35,9;64,1;3062;-9,88925747292057;-36,6629236014575;36,4;5,7;35;5
"2702702";"Feliz Deserto";"AL";"Nordeste";3963;3186;777;80,39;19,61;5121;-10,2834576509375;-36,3357310735782;36,4;5,7;35;5
"2702801";"Flexeiras";"AL";"Nordeste";9618;6736;2882;70,04;29,96;4020;-9,24527085512864;-35,763836938351;36,4;5,7;35;5
"2702900";"Girau do Ponciano";"AL";"Nordeste";36102;12272;23830;33,99;66,01;8351;-9,79326080911975;-36,8501227419167;36,4;5,7;35;5
"2703007";"Ibateguara";"AL";"Nordeste";13731;11397;2334;83;17;2284;-8,95422518696931;-35,8960906659009;36,4;5,7;35;5
"2703106";"Igaci";"AL";"Nordeste";23995;6055;17940;25,23;74,77;4296;-9,54341484671;-36,6819812779618;36,4;5,7;35;5
"2703205";"Igreja Nova";"AL";"Nordeste";21372;4496;16876;21,04;78,96;6743;-10,1396411747;-36,6199810706418;36,4;5,7;35;5
"2703304";"Inhapi";"AL";"Nordeste";15167;6578;8589;43,37;56,63;2862;-9,27180666750476;-37,6922393701371;36,4;5,7;35;5
"2703403";"Jacaré dos Homens";"AL";"Nordeste";5083;3162;1921;62,21;37,79;585;-9,65186137980278;-37,2279171547739;36,4;5,7;35;5
"2703502";"Jacuípe";"AL";"Nordeste";5352;3979;1373;74,35;25,65;2937;-8,8835985258749;-35,4471379044829;36,4;5,7;35;5
"2703601";"Japaratinga";"AL";"Nordeste";9219;5750;3469;62,37;37,63;1292;-9,08334154004658;-35,2981610956626;36,4;5,7;35;5
"2703700";"Jaramataia";"AL";"Nordeste";4985;2537;2448;50,89;49,11;984;-9,65780029792722;-36,9938298778492;36,4;5,7;35;5
"2703759";"Jequiá da Praia";"AL";"Nordeste";9470;4244;5226;44,82;55,18;10525;-9,92143680795057;-36,0971225703561;36,4;5,7;35;5
"2703809";"Joaquim Gomes";"AL";"Nordeste";17150;11434;5716;66,67;33,33;3873;-9,07927357412216;-35,7784530517697;36,4;5,7;35;5
"2703908";"Jundiá";"AL";"Nordeste";4092;3167;925;77,39;22,61;2638;-8,96237470266141;-35,5366942907864;36,4;5,7;35;5
"2704005";"Junqueiro";"AL";"Nordeste";23907;11713;12194;48,99;51,01;11387;-9,85655325932768;-36,4407394263947;36,4;5,7;35;5
"2704104";"Lagoa da Canoa";"AL";"Nordeste";18457;9803;8654;53,11;46,89;2232;-9,79983325888713;-36,7359502244388;36,4;5,7;35;5
"2704203";"Limoeiro de Anadia";"AL";"Nordeste";24740;8747;15993;35,36;64,64;7043;-9,73235236835084;-36,4677437328582;36,4;5,7;35;5
"2704302";"Maceió";"AL";"Nordeste";957916;957593;323;99,97;0,03;4520;-9,52249857717055;-35,7114033647494;36,4;5,7;35;5
"2704401";"Major Isidoro";"AL";"Nordeste";17700;9883;7817;55,84;44,16;3655;-9,54271076952337;-37,0107707513023;36,4;5,7;35;5
"2704500";"Maragogi";"AL";"Nordeste";32174;25407;6767;78,97;21,03;3548;-8,95182903926343;-35,2691168727236;36,4;5,7;35;5
"2704609";"Maravilha";"AL";"Nordeste";9534;5112;4422;53,62;46,38;964;-9,24397431800265;-37,3990196691276;36,4;5,7;35;5
"2704708";"Marechal Deodoro";"AL";"Nordeste";60370;59140;1230;97,96;2,04;13687;-9,71521973578253;-35,9096733604562;36,4;5,7;35;5
"2704807";"Maribondo";"AL";"Nordeste";13679;10127;3552;74,03;25,97;302;-9,55928357126026;-36,2955968681403;36,4;5,7;35;5
"2704906";"Mar Vermelho";"AL";"Nordeste";3155;1523;1632;48,27;51,73;61;-9,4729087660627;-36,4031796021672;36,4;5,7;35;5
"2705002";"Mata Grande";"AL";"Nordeste";21844;5782;16062;26,47;73,53;3431;-9,05217536181692;-37,7566387838342;36,4;5,7;35;5
"2705101";"Matriz de Camaragibe";"AL";"Nordeste";23857;21853;2004;91,6;8,4;7238;-9,10449841004098;-35,5815745620613;36,4;5,7;35;5
"2705200";"Messias";"AL";"Nordeste";15405;13417;1988;87,1;12,9;3277;-9,34369417968936;-35,8124486880187;36,4;5,7;35;5
"2705309";"Minador do Negrão";"AL";"Nordeste";4845;2239;2606;46,21;53,79;729;-9,33691959820058;-36,8635915985742;36,4;5,7;35;5
"2705408";"Monteirópolis";"AL";"Nordeste";7184;2875;4309;40,02;59,98;325;-9,60061658916273;-37,2960624008884;36,4;5,7;35;5
"2705507";"Murici";"AL";"Nordeste";25187;22952;2235;91,13;8,87;6970;-9,29060569232127;-35,9239735366544;36,4;5,7;35;5
"2705606";"Novo Lino";"AL";"Nordeste";10020;7261;2759;72,47;27,53;3479;-8,96296323487116;-35,6290845505392;36,4;5,7;35;5
"2705705";"Olho D'água das Flores";"AL";"Nordeste";20695;14219;6476;68,71;31,29;942;-9,53297133517999;-37,2572720455157;36,4;5,7;35;5
"2705804";"Olho D'água do Casado";"AL";"Nordeste";8349;4441;3908;53,19;46,81;1531;-9,4358161817123;-37,8130793304391;36,4;5,7;35;5
"2705903";"Olho D'água Grande";"AL";"Nordeste";4330;1313;3017;30,32;69,68;482;-10,0561582196738;-36,7934307172458;36,4;5,7;35;5
"2706000";"Olivença";"AL";"Nordeste";10812;4562;6250;42,19;57,81;1092;-9,48917360019662;-37,1774028986611;36,4;5,7;35;5
"2706109";"Ouro Branco";"AL";"Nordeste";11446;7554;3892;66;34;811;-9,12775271746927;-37,3638213930403;36,4;5,7;35;5
"2706208";"Palestina";"AL";"Nordeste";4325;3133;1192;72,44;27,56;48;-9,68900647519192;-37,3028161376652;36,4;5,7;35;5
"2706307";"Palmeira dos Índios";"AL";"Nordeste";71574;53006;18568;74,06;25,94;3091;-9,41825529393042;-36,6056286325557;36,4;5,7;35;5
"2706406";"Pão de Açúcar";"AL";"Nordeste";23823;11214;12609;47,07;52,93;2132;-9,67063253738381;-37,4855462369901;36,4;5,7;35;5
"2706422";"Pariconha";"AL";"Nordeste";10573;3331;7242;31,5;68,5;2431;-9,2405295495889;-38,0474376102404;36,4;5,7;35;5
"2706448";"Paripueira";"AL";"Nordeste";13835;13130;705;94,9;5,1;1604;-9,43564150807866;-35,593559562776;36,4;5,7;35;5
"2706505";"Passo de Camaragibe";"AL";"Nordeste";13804;9682;4122;70,14;29,86;7825;-9,25600635197016;-35,4999167325192;36,4;5,7;35;5
"2706604";"Paulo Jacinto";"AL";"Nordeste";6576;5230;1346;79,53;20,47;189;-9,37772571281827;-36,4096611464986;36,4;5,7;35;5
"2706703";"Penedo";"AL";"Nordeste";58650;47134;11516;80,36;19,64;21006;-10,2313821399838;-36,4823304673688;36,4;5,7;35;5
"2706802";"Piaçabuçu";"AL";"Nordeste";15908;13238;2670;83,22;16,78;2257;-10,3869351422251;-36,4016883671224;36,4;5,7;35;5
"2706901";"Pilar";"AL";"Nordeste";35370;34641;729;97,94;2,06;6552;-9,61527985061803;-36,004701745324;36,4;5,7;35;5
"2707008";"Pindoba";"AL";"Nordeste";2731;1586;1145;58,07;41,93;97;-9,47601789924803;-36,2855484588759;36,4;5,7;35;5
"2707107";"Piranhas";"AL";"Nordeste";22609;17018;5591;75,27;24,73;2399;-9,52606494249584;-37,7250908270584;36,4;5,7;35;5
"2707206";"Poço das Trincheiras";"AL";"Nordeste";12518;2262;10256;18,07;81,93;1922;-9,29873012493499;-37,3201310930166;36,4;5,7;35;5
"2707305";"Porto Calvo";"AL";"Nordeste";24071;20107;3964;83,53;16,47;6202;-9,02598948525489;-35,4268572988522;36,4;5,7;35;5
"2707404";"Porto de Pedras";"AL";"Nordeste";9295;7107;2188;76,46;23,54;3698;-9,14360234996223;-35,4067919870377;36,4;5,7;35;5
"2707503";"Porto Real do Colégio";"AL";"Nordeste";20082;9340;10742;46,51;53,49;1923;-10,1198097643787;-36,7361701826576;36,4;5,7;35;5
"2707602";"Quebrangulo";"AL";"Nordeste";11080;7175;3905;64,76;35,24;1255;-9,30321590694854;-36,4611912079431;36,4;5,7;35;5
"2707701";"Rio Largo";"AL";"Nordeste";93927;91991;1936;97,94;2,06;10909;-9,48008075926115;-35,8645045901464;36,4;5,7;35;5
"2707800";"Roteiro";"AL";"Nordeste";6474;5898;576;91,1;8,9;6204;-9,86873662582542;-35,9802994625145;36,4;5,7;35;5
"2707909";"Santa Luzia do Norte";"AL";"Nordeste";6919;6819;100;98,55;1,45;576;-9,61205564452472;-35,8298559531802;36,4;5,7;35;5
"2708006";"Santana do Ipanema";"AL";"Nordeste";46220;30875;15345;66,8;33,2;1167;-9,35803814324096;-37,2103587875437;36,4;5,7;35;5
"2708105";"Santana do Mundaú";"AL";"Nordeste";11323;6969;4354;61,55;38,45;5816;-9,13099799716453;-36,1914082569786;36,4;5,7;35;5
"2708204";"São Brás";"AL";"Nordeste";6555;3948;2607;60,23;39,77;1823;-10,1087044999817;-36,8618138619238;36,4;5,7;35;5
"2708303";"São José da Laje";"AL";"Nordeste";20813;16313;4500;78,38;21,62;11373;-8,98739986471258;-36,0399662489559;36,4;5,7;35;5
"2708402";"São José da Tapera";"AL";"Nordeste";30604;13481;17123;44,05;55,95;3934;-9,53303269181187;-37,4898335589532;36,4;5,7;35;5
"2708501";"São Luís do Quitunde";"AL";"Nordeste";30873;23317;7556;75,53;24,47;12472;-9,24981618586412;-35,6341767477934;36,4;5,7;35;5
"2708600";"São Miguel dos Campos";"AL";"Nordeste";51990;49880;2110;95,94;4,06;21609;-9,772779937808;-36,1008164761418;36,4;5,7;35;5
"2708709";"São Miguel dos Milagres";"AL";"Nordeste";8482;7955;527;93,79;6,21;1966;-9,23080021643407;-35,4068873547374;36,4;5,7;35;5
"2708808";"São Sebastião";"AL";"Nordeste";31786;13947;17839;43,88;56,12;7891;-9,96336151279844;-36,5503483868542;36,4;5,7;35;5
"2708907";"Satuba";"AL";"Nordeste";24278;23348;930;96,17;3,83;1425;-9,57818212774642;-35,8454943907036;36,4;5,7;35;5
"2708956";"Senador Rui Palmeira";"AL";"Nordeste";12303;3911;8392;31,79;68,21;1789;-9,39059390557933;-37,5129093839257;36,4;5,7;35;5
"2709004";"Tanque D'arca";"AL";"Nordeste";5796;2143;3653;36,97;63,03;343;-9,55777321387779;-36,4228187480312;36,4;5,7;35;5
"2709103";"Taquarana";"AL";"Nordeste";19032;9441;9591;49,61;50,39;6785;-9,62460889201811;-36,4951883106487;36,4;5,7;35;5
"2709152";"Teotônio Vilela";"AL";"Nordeste";38053;32135;5918;84,45;15,55;16911;-9,96470266781237;-36,3714348786272;36,4;5,7;35;5
"2709202";"Traipu";"AL";"Nordeste";23565;7283;16282;30,91;69,09;4752;-9,89657472096756;-36,969212006612;36,4;5,7;35;5
"2709301";"União dos Palmares";"AL";"Nordeste";59280;49361;9919;83,27;16,73;4804;-9,12039962740571;-36,0145263666248;36,4;5,7;35;5
"2709400";"Viçosa";"AL";"Nordeste";24092;18573;5519;77,09;22,91;721;-9,3592862923155;-36,2651148636082;36,4;5,7;35;5
"2800100";"Amparo do São Francisco";"SE";"Nordeste";2170;1701;469;78,39;21,61;270;-10,1657842943785;-36,921321301853;49,3;5,6;35;4
"2800209";"Aquidabã";"SE";"Nordeste";20131;11847;8284;58,85;41,15;1673;-10,2608398852141;-37,0641263393163;49,3;5,6;35;4
"2800308";"Aracaju";"SE";"Nordeste";602757;602743;14;100;0;25;-10,9943355413354;-37,0948348985331;49,3;5,6;35;4
"2800407";"Arauá";"SE";"Nordeste";10318;4375;5943;42,4;57,6;3590;-11,2623572914404;-37,5920564899391;49,3;5,6;35;4
"2800506";"Areia Branca";"SE";"Nordeste";18081;13994;4087;77,4;22,6;1904;-10,7872387820208;-37,3313335803948;49,3;5,6;35;4
"2800605";"Barra dos Coqueiros";"SE";"Nordeste";41511;41146;365;99,12;0,88;746;-10,8509808663976;-36,9692016675766;49,3;5,6;35;4
"2800670";"Boquim";"SE";"Nordeste";24636;17774;6862;72,15;27,85;2645;-11,1203590470287;-37,5970583336477;49,3;5,6;35;4
"2800704";"Brejo Grande";"SE";"Nordeste";7841;3933;3908;50,16;49,84;3133;-10,477256943157;-36,4740849999614;49,3;5,6;35;4
"2801009";"Campo do Brito";"SE";"Nordeste";18149;11579;6570;63,8;36,2;850;-10,766330916148;-37,5006499473709;49,3;5,6;35;4
"2801108";"Canhoba";"SE";"Nordeste";3791;1553;2238;40,97;59,03;1896;-10,148395625679;-37,0008000425879;49,3;5,6;35;4
"2801207";"Canindé de São Francisco";"SE";"Nordeste";26834;17902;8932;66,71;33,29;971;-9,70912417543268;-37,918023093381;49,3;5,6;35;4
"2801306";"Capela";"SE";"Nordeste";31645;21955;9690;69,38;30,62;9504;-10,4687577754957;-37,036361652775;49,3;5,6;35;4
"2801405";"Carira";"SE";"Nordeste";19939;12577;7362;63,08;36,92;33000;-10,3636521194721;-37,7104898501825;49,3;5,6;35;4
"2801504";"Carmópolis";"SE";"Nordeste";13853;13390;463;96,66;3,34;517;-10,6646347788821;-36,9659526637771;49,3;5,6;35;4
"2801603";"Cedro de São João";"SE";"Nordeste";5391;4677;714;86,76;13,24;230;-10,2663200933544;-36,8991056471381;49,3;5,6;35;4
"2801702";"Cristinápolis";"SE";"Nordeste";17100;13283;3817;77,68;22,32;4806;-11,4819798698259;-37,7329672240702;49,3;5,6;35;4
"2801900";"Cumbe";"SE";"Nordeste";3824;2219;1605;58,03;41,97;3146;-10,3484051408332;-37,1957525851138;49,3;5,6;35;4
"2802007";"Divina Pastora";"SE";"Nordeste";4340;2170;2170;50;50;397;-10,6758706618961;-37,1564828986177;49,3;5,6;35;4
"2802106";"Estância";"SE";"Nordeste";65078;57224;7854;87,93;12,07;3565;-11,2495750677129;-37,3978964273533;49,3;5,6;35;4
"2802205";"Feira Nova";"SE";"Nordeste";5975;3979;1996;66,59;33,41;6300;-10,2825562712663;-37,3297120689126;49,3;5,6;35;4
"2802304";"Frei Paulo";"SE";"Nordeste";14530;11837;2693;81,47;18,53;16500;-10,5224352935306;-37,5898543370739;49,3;5,6;35;4
"2802403";"Gararu";"SE";"Nordeste";11096;3123;7973;28,15;71,85;5944;-10,0269409727066;-37,2033593231823;49,3;5,6;35;4
"2802502";"General Maynard";"SE";"Nordeste";3037;2066;971;68,03;31,97;35;-10,6929121027582;-36,9710638295008;49,3;5,6;35;4
"2802601";"Gracho Cardoso";"SE";"Nordeste";5834;2905;2929;49,79;50,21;4252;-10,2225343047591;-37,2187805936577;49,3;5,6;35;4
"2802700";"Ilha das Flores";"SE";"Nordeste";8321;7537;784;90,58;9,42;2357;-10,4564578286996;-36,5549047102903;49,3;5,6;35;4
"2802809";"Indiaroba";"SE";"Nordeste";16549;5494;11055;33,2;66,8;4637;-11,4755328932152;-37,5289673695257;49,3;5,6;35;4
"2802908";"Itabaiana";"SE";"Nordeste";103440;86535;16905;83,66;16,34;2462;-10,685716659016;-37,4216131549073;49,3;5,6;35;4
"2803005";"Itabaianinha";"SE";"Nordeste";40678;24130;16548;59,32;40,68;6930;-11,2586626209147;-37,7792788668494;49,3;5,6;35;4
"2803104";"Itabi";"SE";"Nordeste";4745;2691;2054;56,71;43,29;1805;-10,1058202626213;-37,1439318880161;49,3;5,6;35;4
"2803203";"Itaporanga D'ajuda";"SE";"Nordeste";34411;16459;17952;47,83;52,17;3395;-11,057832920046;-37,3181906075295;49,3;5,6;35;4
"2803302";"Japaratuba";"SE";"Nordeste";16209;10481;5728;64,66;35,34;8110;-10,5533039648996;-36,9029666289797;49,3;5,6;35;4
"2803401";"Japoatã";"SE";"Nordeste";13407;4576;8831;34,13;65,87;9453;-10,4360691054871;-36,7887558616271;49,3;5,6;35;4
"2803500";"Lagarto";"SE";"Nordeste";101579;75444;26135;74,27;25,73;10910;-10,9026840840896;-37,6644147653287;49,3;5,6;35;4
"2803609";"Laranjeiras";"SE";"Nordeste";23975;22284;1691;92,95;7,05;10259;-10,8044897845211;-37,1860739564223;49,3;5,6;35;4
"2803708";"Macambira";"SE";"Nordeste";6838;3751;3087;54,86;45,14;3040;-10,6599600892715;-37,5969156116787;49,3;5,6;35;4
"2803807";"Malhada dos Bois";"SE";"Nordeste";3579;1434;2145;40,07;59,93;139;-10,3292687334568;-36,9442624601597;49,3;5,6;35;4
"2803906";"Malhador";"SE";"Nordeste";11533;6018;5515;52,18;47,82;760;-10,6729027504554;-37,2877968456585;49,3;5,6;35;4
"2804003";"Maruim";"SE";"Nordeste";15719;13931;1788;88,63;11,37;4156;-10,7304125310709;-37,1053086730037;49,3;5,6;35;4
"2804102";"Moita Bonita";"SE";"Nordeste";11050;5270;5780;47,69;52,31;1370;-10,5935585665783;-37,34032757565;49,3;5,6;35;4
"2804201";"Monte Alegre de Sergipe";"SE";"Nordeste";14336;9170;5166;63,96;36,04;4500;-10,0645066771038;-37,6159736790012;49,3;5,6;35;4
"2804300";"Muribeca";"SE";"Nordeste";7822;3638;4184;46,51;53,49;455;-10,3839195694846;-36,959086234496;49,3;5,6;35;4
"2804409";"Neópolis";"SE";"Nordeste";16426;8656;7770;52,7;47,3;6427;-10,3483761890635;-36,6603785643898;49,3;5,6;35;4
"2804458";"Nossa Senhora Aparecida";"SE";"Nordeste";9232;4628;4604;50,13;49,87;4835;-10,3580979179984;-37,5049194681668;49,3;5,6;35;4
"2804508";"Nossa Senhora da Glória";"SE";"Nordeste";41212;28772;12440;69,81;30,19;10300;-10,1776747542338;-37,5282580950206;49,3;5,6;35;4
"2804607";"Nossa Senhora das Dores";"SE";"Nordeste";24996;19023;5973;76,1;23,9;7242;-10,4665884994505;-37,2402784214615;49,3;5,6;35;4
"2804706";"Nossa Senhora de Lourdes";"SE";"Nordeste";6268;3499;2769;55,82;44,18;907;-10,0768072710894;-37,0144719888035;49,3;5,6;35;4
"2804805";"Nossa Senhora do Socorro";"SE";"Nordeste";192330;189586;2744;98,57;1,43;598;-10,863904214409;-37,145403644948;49,3;5,6;35;4
"2804904";"Pacatuba";"SE";"Nordeste";12502;4997;7505;39,97;60,03;7095;-10,5191527100384;-36,6468191686231;49,3;5,6;35;4
"2805000";"Pedra Mole";"SE";"Nordeste";2778;1263;1515;45,46;54,54;2850;-10,6244140188857;-37,6799864471327;49,3;5,6;35;4
"2805109";"Pedrinhas";"SE";"Nordeste";7396;5672;1724;76,69;23,31;1110;-11,2044237142743;-37,6582028527666;49,3;5,6;35;4
"2805208";"Pinhão";"SE";"Nordeste";5677;3681;1996;64,84;35,16;5100;-10,563289880873;-37,7581482000729;49,3;5,6;35;4
"2805307";"Pirambu";"SE";"Nordeste";7913;4645;3268;58,7;41,3;965;-10,6539237388938;-36,8049194101795;49,3;5,6;35;4
"2805406";"Poço Redondo";"SE";"Nordeste";33439;14808;18631;44,28;55,72;3312;-9,85011009479225;-37,7087411745855;49,3;5,6;35;4
"2805505";"Poço Verde";"SE";"Nordeste";21794;13049;8745;59,87;40,13;16750;-10,8007247795187;-38,1270800741518;49,3;5,6;35;4
"2805604";"Porto da Folha";"SE";"Nordeste";26576;12797;13779;48,15;51,85;3330;-9,91366760996993;-37,4224256484146;49,3;5,6;35;4
"2805703";"Propriá";"SE";"Nordeste";26618;22640;3978;85,06;14,94;1655;-10,2449466862475;-36,8029409402898;49,3;5,6;35;4
"2805802";"Riachão do Dantas";"SE";"Nordeste";18313;7347;10966;40,12;59,88;5017;-11,0339532047236;-37,8005477468279;49,3;5,6;35;4
"2805901";"Riachuelo";"SE";"Nordeste";8748;7358;1390;84,11;15,89;2964;-10,730573432448;-37,2253024289489;49,3;5,6;35;4
"2806008";"Ribeirópolis";"SE";"Nordeste";17033;12609;4424;74,03;25,97;1450;-10,5039942197464;-37,4293939765402;49,3;5,6;35;4
"2806107";"Rosário do Catete";"SE";"Nordeste";9295;8124;1171;87,4;12,6;2187;-10,6823601466666;-37,035467518439;49,3;5,6;35;4
"2806206";"Salgado";"SE";"Nordeste";20279;10072;10207;49,67;50,33;3395;-11,0626145264612;-37,4805675675482;49,3;5,6;35;4
"2806305";"Santa Luzia do Itanhy";"SE";"Nordeste";13616;3229;10387;23,71;76,29;3361;-11,3618474082682;-37,5059565530738;49,3;5,6;35;4
"2806404";"Santana do São Francisco";"SE";"Nordeste";7346;4535;2811;61,73;38,27;1044;-10,2868250898484;-36,6368344695389;49,3;5,6;35;4
"2806503";"Santa Rosa de Lima";"SE";"Nordeste";3937;2209;1728;56,11;43,89;110;-10,6320080600289;-37,2360907939198;49,3;5,6;35;4
"2806602";"Santo Amaro das Brotas";"SE";"Nordeste";11092;7926;3166;71,46;28,54;2540;-10,7736424128159;-36,9826252389247;49,3;5,6;35;4
"2806701";"São Cristóvão";"SE";"Nordeste";95612;84379;11233;88,25;11,75;1352;-10,9622495543564;-37,2204837364411;49,3;5,6;35;4
"2806800";"São Domingos";"SE";"Nordeste";10327;5716;4611;55,35;44,65;790;-10,7822312854648;-37,5748374759916;49,3;5,6;35;4
"2806909";"São Francisco";"SE";"Nordeste";3243;2364;879;72,9;27,1;2020;-10,3351919866243;-36,8668689223389;49,3;5,6;35;4
"2807006";"São Miguel do Aleixo";"SE";"Nordeste";3434;1859;1575;54,14;45,86;1500;-10,3992695971988;-37,3635609429329;49,3;5,6;35;4
"2807105";"Simão Dias";"SE";"Nordeste";42578;22989;19589;53,99;46,01;23138;-10,7564434766957;-37,8282952634575;49,3;5,6;35;4
"2807204";"Siriri";"SE";"Nordeste";7834;3828;4006;48,86;51,14;1478;-10,5749376171345;-37,1251931608734;49,3;5,6;35;4
"2807303";"Telha";"SE";"Nordeste";3274;1928;1346;58,89;41,11;277;-10,1931693807814;-36,889291861498;49,3;5,6;35;4
"2807402";"Tobias Barreto";"SE";"Nordeste";50905;37955;12950;74,56;25,44;1700;-11,0422189022504;-38,0032938006489;49,3;5,6;35;4
"2807501";"Tomar do Geru";"SE";"Nordeste";12012;6401;5611;53,29;46,71;2948;-11,3699936253568;-37,8751376211854;49,3;5,6;35;4
"2807600";"Umbaúba";"SE";"Nordeste";23917;19568;4349;81,82;18,18;4244;-11,3999488022066;-37,6624533331144;49,3;5,6;35;4
"2900108";"Abaíra";"BA";"Nordeste";7301;3555;3746;48,69;51,31;930;-13,2965928707172;-41,7428089935644;40,2;6,1;37,8;5,4
"2900207";"Abaré";"BA";"Nordeste";17639;9858;7781;55,89;44,11;3537;-8,83346261203169;-39,317632130273;40,2;6,1;37,8;5,4
"2900306";"Acajutiba";"BA";"Nordeste";13795;10347;3448;75,01;24,99;3518;-11,6630815334868;-38,0005724917489;40,2;6,1;37,8;5,4
"2900355";"Adustina";"BA";"Nordeste";14201;7166;7035;50,46;49,54;34700;-10,5623446966843;-38,0375902061454;40,2;6,1;37,8;5,4
"2900405";"Água Fria";"BA";"Nordeste";14497;5937;8560;40,95;59,05;4108;-11,8231602521446;-38,7104811525253;40,2;6,1;37,8;5,4
"2900504";"Érico Cardoso";"BA";"Nordeste";10604;2284;8320;21,54;78,46;1487;-13,4002137166726;-42,0673336012164;40,2;6,1;37,8;5,4
"2900603";"Aiquara";"BA";"Nordeste";4447;2597;1850;58,4;41,6;2432;-14,0918129534664;-39,8808230559904;40,2;6,1;37,8;5,4
"2900702";"Alagoinhas";"BA";"Nordeste";151055;132509;18546;87,72;12,28;1927;-12,1130856983917;-38,4022112227375;40,2;6,1;37,8;5,4
"2900801";"Alcobaça";"BA";"Nordeste";24530;12857;11673;52,41;47,59;3933;-17,4691664408307;-39,4095556560417;40,2;6,1;37,8;5,4
"2900900";"Almadina";"BA";"Nordeste";5218;4430;788;84,9;15,1;2714;-14,701276431021;-39,6641592595584;40,2;6,1;37,8;5,4
"2901007";"Amargosa";"BA";"Nordeste";36521;28063;8458;76,84;23,16;3459;-13,0408832028577;-39,6262846059304;40,2;6,1;37,8;5,4
"2901106";"Amélia Rodrigues";"BA";"Nordeste";24138;19926;4212;82,55;17,45;195;-12,421265382194;-38,7204848952271;40,2;6,1;37,8;5,4
"2901155";"América Dourada";"BA";"Nordeste";15137;11725;3412;77,46;22,54;7857;-11,4062565602062;-41,5229405552747;40,2;6,1;37,8;5,4
"2901205";"Anagé";"BA";"Nordeste";25438;6525;18913;25,65;74,35;1566;-14,5899309536083;-40,927675270314;40,2;6,1;37,8;5,4
"2901304";"Andaraí";"BA";"Nordeste";13080;8095;4985;61,89;38,11;1448;-12,7336046200979;-41,2150376147994;40,2;6,1;37,8;5,4
"2901353";"Andorinha";"BA";"Nordeste";15012;6662;8350;44,38;55,62;2170;-10,2807577589026;-39,8719002577809;40,2;6,1;37,8;5,4
"2901403";"Angical";"BA";"Nordeste";13732;6425;7307;46,79;53,21;2571;-11,9968139742769;-44,6477997537832;40,2;6,1;37,8;5,4
"2901502";"Anguera";"BA";"Nordeste";11031;4749;6282;43,05;56,95;1224;-12,1829621221099;-39,1927824111532;40,2;6,1;37,8;5,4
"2901601";"Antas";"BA";"Nordeste";14206;8569;5637;60,32;39,68;5353;-10,4070884358079;-38,2941470987175;40,2;6,1;37,8;5,4
"2901700";"Antônio Cardoso";"BA";"Nordeste";11146;3842;7304;34,47;65,53;2031;-12,3799440774483;-39,1469842143801;40,2;6,1;37,8;5,4
"2901809";"Antônio Gonçalves";"BA";"Nordeste";10862;5584;5278;51,41;48,59;1044;-10,6014507992729;-40,3621485649337;40,2;6,1;37,8;5,4
"2901908";"Aporá";"BA";"Nordeste";15922;8951;6971;56,22;43,78;3363;-11,7316148816052;-38,1939046066292;40,2;6,1;37,8;5,4
"2901957";"Apuarema";"BA";"Nordeste";6913;5154;1759;74,56;25,44;2492;-13,8199915332573;-39,7515494602751;40,2;6,1;37,8;5,4
"2902005";"Aracatu";"BA";"Nordeste";13936;4584;9352;32,89;67,11;2414;-14,3712080083461;-41,3746875708325;40,2;6,1;37,8;5,4
"2902054";"Araçás";"BA";"Nordeste";11557;6114;5443;52,9;47,1;715;-12,1729996878451;-38,2124610743543;40,2;6,1;37,8;5,4
"2902104";"Araci";"BA";"Nordeste";48294;23433;24861;48,52;51,48;12466;-11,2125377016752;-39,064390946187;40,2;6,1;37,8;5,4
"2902203";"Aramari";"BA";"Nordeste";9833;5573;4260;56,68;43,32;609;-12,050761879662;-38,5250018383857;40,2;6,1;37,8;5,4
"2902252";"Arataca";"BA";"Nordeste";10191;5426;4765;53,24;46,76;10593;-15,2432821607848;-39,4121910656835;40,2;6,1;37,8;5,4
"2902302";"Aratuípe";"BA";"Nordeste";8677;5468;3209;63,02;36,98;1177;-13,0846645045562;-39,0693403743834;40,2;6,1;37,8;5,4
"2902401";"Aurelino Leal";"BA";"Nordeste";11179;9631;1548;86,15;13,85;5870;-14,3621185135202;-39,4783488638369;40,2;6,1;37,8;5,4
"2902500";"Baianópolis";"BA";"Nordeste";13614;3869;9745;28,42;71,58;25513;-12,6569457974317;-44,4403016310004;40,2;6,1;37,8;5,4
"2902609";"Baixa Grande";"BA";"Nordeste";18220;8097;10123;44,44;55,56;5200;-11,9647529034721;-40,1527468544487;40,2;6,1;37,8;5,4
"2902658";"Banzaê";"BA";"Nordeste";11958;4416;7542;36,93;63,07;4748;-10,6164376077567;-38,6543051562216;40,2;6,1;37,8;5,4
"2902708";"Barra";"BA";"Nordeste";51092;24613;26479;48,17;51,83;2379;-11,0301975424793;-43,3656207672929;40,2;6,1;37,8;5,4
"2902807";"Barra da Estiva";"BA";"Nordeste";26026;14096;11930;54,16;45,84;14097;-13,6505511191575;-41,0982222535209;40,2;6,1;37,8;5,4
"2902906";"Barra do Choça";"BA";"Nordeste";36539;24997;11542;68,41;31,59;19979;-14,9131373401144;-40,5812107293345;40,2;6,1;37,8;5,4
"2903003";"Barra do Mendes";"BA";"Nordeste";13836;7832;6004;56,61;43,39;1239;-11,9499885225196;-42,1095607988548;40,2;6,1;37,8;5,4
"2903102";"Barra do Rocha";"BA";"Nordeste";5775;3904;1871;67,6;32,4;5151;-14,1025752621103;-39,587997826249;40,2;6,1;37,8;5,4
"2903201";"Barreiras";"BA";"Nordeste";159734;143943;15791;90,11;9,89;294851;-12,0132027535857;-45,5429041002391;40,2;6,1;37,8;5,4
"2903235";"Barro Alto";"BA";"Nordeste";13453;7518;5935;55,88;44,12;5233;-11,8479398174767;-41,8368818119519;40,2;6,1;37,8;5,4
"2903276";"Barrocas";"BA";"Nordeste";15203;7128;8075;46,89;53,11;3190;-11,5379884089213;-39,0949940325737;40,2;6,1;37,8;5,4
"2903300";"Barro Preto";"BA";"Nordeste";5833;4793;1040;82,17;17,83;7573;-14,7757910378666;-39,4446303410306;40,2;6,1;37,8;5,4
"2903409";"Belmonte";"BA";"Nordeste";20121;16497;3624;81,99;18,01;13940;-15,9353538038867;-39,177179629201;40,2;6,1;37,8;5,4
"2903508";"Belo Campo";"BA";"Nordeste";18412;10306;8106;55,97;44,03;3955;-14,9984987797328;-41,2038715980562;40,2;6,1;37,8;5,4
"2903607";"Biritinga";"BA";"Nordeste";15146;4146;11000;27,37;72,63;2296;-11,5852824145099;-38,7926576711547;40,2;6,1;37,8;5,4
"2903706";"Boa Nova";"BA";"Nordeste";13690;7341;6349;53,62;46,38;1172;-14,3602233654824;-40,2299664071285;40,2;6,1;37,8;5,4
"2903805";"Boa Vista do Tupim";"BA";"Nordeste";16873;7755;9118;45,96;54,04;944;-12,7701407050897;-40,6701330725844;40,2;6,1;37,8;5,4
"2903904";"Bom Jesus da Lapa";"BA";"Nordeste";65550;47911;17639;73,09;26,91;15498;-13,2769331048986;-43,2932616681949;40,2;6,1;37,8;5,4
"2903953";"Bom Jesus da Serra";"BA";"Nordeste";9730;3435;6295;35,3;64,7;1502;-14,3899373823111;-40,5772358366347;40,2;6,1;37,8;5,4
"2904001";"Boninal";"BA";"Nordeste";13622;6422;7200;47,14;52,86;1390;-12,7766653578769;-41,8025709967132;40,2;6,1;37,8;5,4
"2904050";"Bonito";"BA";"Nordeste";15844;8064;7780;50,9;49,1;8217;-11,9690994823008;-41,3204467196458;40,2;6,1;37,8;5,4
"2904100";"Boquira";"BA";"Nordeste";19322;7071;12251;36,6;63,4;2165;-12,7410915750511;-42,7222881174136;40,2;6,1;37,8;5,4
"2904209";"Botuporã";"BA";"Nordeste";11024;4816;6208;43,69;56,31;1766;-13,3261920736529;-42,5347155633028;40,2;6,1;37,8;5,4
"2904308";"Brejões";"BA";"Nordeste";12943;8821;4122;68,15;31,85;1777;-13,0753794586301;-39,8506521162547;40,2;6,1;37,8;5,4
"2904407";"Brejolândia";"BA";"Nordeste";9108;1941;7167;21,31;78,69;338;-12,4993750611833;-43,8247987141899;40,2;6,1;37,8;5,4
"2904506";"Brotas de Macaúbas";"BA";"Nordeste";11765;3788;7977;32,2;67,8;1156;-12,0892846814353;-42,4472026203144;40,2;6,1;37,8;5,4
"2904605";"Brumado";"BA";"Nordeste";70510;52256;18254;74,11;25,89;3911;-14,1679264206906;-41,6890966362132;40,2;6,1;37,8;5,4
"2904704";"Buerarema";"BA";"Nordeste";14804;13106;1698;88,53;11,47;7526;-14,9963607803789;-39,2695744182955;40,2;6,1;37,8;5,4
"2904753";"Buritirama";"BA";"Nordeste";19589;8182;11407;41,77;58,23;1528;-10,5880788532709;-43,6675466346031;40,2;6,1;37,8;5,4
"2904803";"Caatiba";"BA";"Nordeste";6205;4371;1834;70,44;29,56;331;-14,995852941231;-40,3641026601194;40,2;6,1;37,8;5,4
"2904852";"Cabaceiras do Paraguaçu";"BA";"Nordeste";16559;5297;11262;31,99;68,01;2684;-12,5643623333775;-39,1924773045299;40,2;6,1;37,8;5,4
"2904902";"Cachoeira";"BA";"Nordeste";29250;19994;9256;68,36;31,64;1019;-12,6467388652902;-38,8848832457324;40,2;6,1;37,8;5,4
"2905008";"Caculé";"BA";"Nordeste";22462;15143;7319;67,42;32,58;1630;-14,4828276376716;-42,2851941297923;40,2;6,1;37,8;5,4
"2905107";"Caém";"BA";"Nordeste";10384;5047;5337;48,6;51,4;631;-11,1430340511235;-40,2911277284178;40,2;6,1;37,8;5,4
"2905156";"Caetanos";"BA";"Nordeste";11266;3684;7582;32,7;67,3;1140;-14,3137042047419;-40,9267865651814;40,2;6,1;37,8;5,4
"2905206";"Caetité";"BA";"Nordeste";52012;32973;19039;63,39;36,61;2945;-13,9477771043905;-42,4765577920782;40,2;6,1;37,8;5,4
"2905305";"Cafarnaum";"BA";"Nordeste";17466;12048;5418;68,98;31,02;6736;-11,7339033813747;-41,5014672238192;40,2;6,1;37,8;5,4
"2905404";"Cairu";"BA";"Nordeste";17761;14966;2795;84,26;15,74;626;-13,5069039116876;-38,9833330665881;40,2;6,1;37,8;5,4
"2905503";"Caldeirão Grande";"BA";"Nordeste";13080;7592;5488;58,04;41,96;1149;-11,0398626158767;-40,2218499024742;40,2;6,1;37,8;5,4
"2905602";"Camacan";"BA";"Nordeste";22579;19977;2602;88,48;11,52;8822;-15,4443759175935;-39,5186645823631;40,2;6,1;37,8;5,4
"2905701";"Camaçari";"BA";"Nordeste";300372;293928;6444;97,85;2,15;529;-12,6659822625887;-38,206196991931;40,2;6,1;37,8;5,4
"2905800";"Camamu";"BA";"Nordeste";30469;16200;14269;53,17;46,83;19492;-14,012454464674;-39,1641439382917;40,2;6,1;37,8;5,4
"2905909";"Campo Alegre de Lourdes";"BA";"Nordeste";30671;9539;21132;31,1;68,9;6147;-9,56165734355837;-43,1589495995683;40,2;6,1;37,8;5,4
"2906006";"Campo Formoso";"BA";"Nordeste";71377;40746;30631;57,09;42,91;36069;-10,2510936926419;-40,7290104702077;40,2;6,1;37,8;5,4
"2906105";"Canápolis";"BA";"Nordeste";10225;3934;6291;38,47;61,53;1019;-13,096550354661;-44,203594350372;40,2;6,1;37,8;5,4
"2906204";"Canarana";"BA";"Nordeste";24206;14481;9725;59,82;40,18;7805;-11,7530389576465;-41,6996547190445;40,2;6,1;37,8;5,4
"2906303";"Canavieiras";"BA";"Nordeste";32683;25105;7578;76,81;23,19;7396;-15,6514491656376;-39,1087217414831;40,2;6,1;37,8;5,4
"2906402";"Candeal";"BA";"Nordeste";7772;3426;4346;44,08;55,92;848;-11,871095578404;-39,190730379076;40,2;6,1;37,8;5,4
"2906501";"Candeias";"BA";"Nordeste";72382;66248;6134;91,53;8,47;72;-12,6784425558326;-38,4811480224032;40,2;6,1;37,8;5,4
"2906600";"Candiba";"BA";"Nordeste";13016;7756;5260;59,59;40,41;1912;-14,4041370865981;-42,8316640605807;40,2;6,1;37,8;5,4
"2906709";"Cândido Sales";"BA";"Nordeste";25247;18972;6275;75,15;24,85;2513;-15,3550169943449;-41,2695210009032;40,2;6,1;37,8;5,4
"2906808";"Cansanção";"BA";"Nordeste";37439;14651;22788;39,13;60,87;21154;-10,7269849403097;-39,4727648354211;40,2;6,1;37,8;5,4
"2906824";"Canudos";"BA";"Nordeste";16105;10253;5852;63,66;36,34;4380;-10,0058147879988;-38,9944874951013;40,2;6,1;37,8;5,4
"2906857";"Capela do Alto Alegre";"BA";"Nordeste";10744;5607;5137;52,19;47,81;1033;-11,6722796946526;-39,8248568217563;40,2;6,1;37,8;5,4
"2906873";"Capim Grosso";"BA";"Nordeste";33235;28268;4967;85,05;14,95;601;-11,3062524330815;-39,99594043712;40,2;6,1;37,8;5,4
"2906899";"Caraíbas";"BA";"Nordeste";9940;2936;7004;29,54;70,46;1552;-14,625583558396;-41,2837254696008;40,2;6,1;37,8;5,4
"2906907";"Caravelas";"BA";"Nordeste";20580;15263;5317;74,16;25,84;18498;-17,6576182177371;-39,689024405975;40,2;6,1;37,8;5,4
"2907004";"Cardeal da Silva";"BA";"Nordeste";8365;6263;2102;74,87;25,13;518;-12,0430382317951;-37,93840381524;40,2;6,1;37,8;5,4
"2907103";"Carinhanha";"BA";"Nordeste";28869;17665;11204;61,19;38,81;4926;-14,0203397400559;-43,8489590522256;40,2;6,1;37,8;5,4
"2907202";"Casa Nova";"BA";"Nordeste";72086;45903;26183;63,68;36,32;14091;-9,24019852840657;-41,3363590983875;40,2;6,1;37,8;5,4
"2907301";"Castro Alves";"BA";"Nordeste";24712;15783;8929;63,87;36,13;1418;-12,7315320102202;-39,364033545977;40,2;6,1;37,8;5,4
"2907400";"Catolândia";"BA";"Nordeste";3434;1126;2308;32,79;67,21;385;-12,2734529264316;-44,6970643019225;40,2;6,1;37,8;5,4
"2907509";"Catu";"BA";"Nordeste";48148;41224;6924;85,62;14,38;496;-12,3305427344889;-38,4128510029739;40,2;6,1;37,8;5,4
"2907558";"Caturama";"BA";"Nordeste";8841;2820;6021;31,9;68,1;1683;-13,2333538988869;-42,3194037519594;40,2;6,1;37,8;5,4
"2907608";"Central";"BA";"Nordeste";16348;8185;8163;50,07;49,93;3088;-11,1512678663271;-42,1124208885577;40,2;6,1;37,8;5,4
"2907707";"Chorrochó";"BA";"Nordeste";10579;5772;4807;54,56;45,44;393;-9,27154850570865;-39,1890446585679;40,2;6,1;37,8;5,4
"2907806";"Cícero Dantas";"BA";"Nordeste";30907;20783;10124;67,24;32,76;22881;-10,5070111093428;-38,4541500040209;40,2;6,1;37,8;5,4
"2907905";"Cipó";"BA";"Nordeste";17230;12202;5028;70,82;29,18;434;-11,1078682365727;-38,5230716487229;40,2;6,1;37,8;5,4
"2908002";"Coaraci";"BA";"Nordeste";17333;15989;1344;92,25;7,75;4743;-14,6318128067559;-39,5931849330059;40,2;6,1;37,8;5,4
"2908101";"Cocos";"BA";"Nordeste";19151;10261;8890;53,58;46,42;37001;-14,4968390281852;-45,2189351867934;40,2;6,1;37,8;5,4
"2908200";"Conceição da Feira";"BA";"Nordeste";20800;13842;6958;66,55;33,45;497;-12,5048813558245;-38,9996510783911;40,2;6,1;37,8;5,4
"2908309";"Conceição do Almeida";"BA";"Nordeste";15794;7478;8316;47,35;52,65;1171;-12,8599775045496;-39,2456426564342;40,2;6,1;37,8;5,4
"2908408";"Conceição do Coité";"BA";"Nordeste";67825;44725;23100;65,94;34,06;14982;-11,5240150608636;-39,2497816315949;40,2;6,1;37,8;5,4
"2908507";"Conceição do Jacuípe";"BA";"Nordeste";35308;33035;2273;93,56;6,44;140;-12,3372288777652;-38,742200499649;40,2;6,1;37,8;5,4
"2908606";"Conde";"BA";"Nordeste";23654;14392;9262;60,84;39,16;11099;-11,8277735861173;-37,6775060047255;40,2;6,1;37,8;5,4
"2908705";"Condeúba";"BA";"Nordeste";17053;8094;8959;47,46;52,54;1447;-14,9214453930492;-42,0510350321499;40,2;6,1;37,8;5,4
"2908804";"Contendas do Sincorá";"BA";"Nordeste";4333;2623;1710;60,54;39,46;1027;-13,8383644500814;-41,0936593481286;40,2;6,1;37,8;5,4
"2908903";"Coração de Maria";"BA";"Nordeste";26692;11867;14825;44,46;55,54;2090;-12,2106566432979;-38,7830598810271;40,2;6,1;37,8;5,4
"2909000";"Cordeiros";"BA";"Nordeste";7546;2615;4931;34,65;65,35;526;-15,0409422406265;-41,9082279773673;40,2;6,1;37,8;5,4
"2909109";"Coribe";"BA";"Nordeste";13990;8759;5231;62,61;37,39;2257;-13,8143629856035;-44,3762978298385;40,2;6,1;37,8;5,4
"2909208";"Coronel João Sá";"BA";"Nordeste";17056;8841;8215;51,84;48,16;6801;-10,2802235352724;-37,9363323847568;40,2;6,1;37,8;5,4
"2909307";"Correntina";"BA";"Nordeste";32457;17116;15341;52,73;47,27;283684;-13,4674969359795;-45,3954680576982;40,2;6,1;37,8;5,4
"2909406";"Cotegipe";"BA";"Nordeste";13063;6783;6280;51,93;48,07;4010;-11,7110465480736;-44,3280612153183;40,2;6,1;37,8;5,4
"2909505";"Cravolândia";"BA";"Nordeste";4415;2990;1425;67,72;32,28;213;-13,4239824279151;-39,784478933487;40,2;6,1;37,8;5,4
"2909604";"Crisópolis";"BA";"Nordeste";19729;11182;8547;56,68;43,32;5205;-11,5180303568328;-38,1725862037391;40,2;6,1;37,8;5,4
"2909703";"Cristópolis";"BA";"Nordeste";13993;5677;8316;40,57;59,43;3134;-12,1940549231226;-44,2587925312225;40,2;6,1;37,8;5,4
"2909802";"Cruz das Almas";"BA";"Nordeste";60348;47267;13081;78,32;21,68;2520;-12,6830073651475;-39,1178739601214;40,2;6,1;37,8;5,4
"2909901";"Curaçá";"BA";"Nordeste";34180;17812;16368;52,11;47,89;6675;-9,22225855129962;-39,6513863133082;40,2;6,1;37,8;5,4
"2910008";"Dário Meira";"BA";"Nordeste";10820;6601;4219;61,01;38,99;3783;-14,4050294957193;-39,9880279213169;40,2;6,1;37,8;5,4
"2910057";"Dias D'ávila";"BA";"Nordeste";71485;69766;1719;97,6;2,4;39;-12,601228776484;-38,2825059320419;40,2;6,1;37,8;5,4
"2910107";"Dom Basílio";"BA";"Nordeste";11884;2617;9267;22,02;77,98;2685;-13,8563229923909;-41,7122507175493;40,2;6,1;37,8;5,4
"2910206";"Dom Macedo Costa";"BA";"Nordeste";4407;2226;2181;50,51;49,49;332;-12,912353627884;-39,174026280547;40,2;6,1;37,8;5,4
"2910305";"Elísio Medrado";"BA";"Nordeste";7808;3472;4336;44,47;55,53;1056;-12,9348731080754;-39,5263810922415;40,2;6,1;37,8;5,4
"2910404";"Encruzilhada";"BA";"Nordeste";19107;11439;7668;59,87;40,13;8742;-15,5950022939183;-40,9998026239823;40,2;6,1;37,8;5,4
"2910503";"Entre Rios";"BA";"Nordeste";38098;28327;9771;74,35;25,65;3711;-12,0636336624018;-38,0481771594674;40,2;6,1;37,8;5,4
"2910602";"Esplanada";"BA";"Nordeste";32554;22713;9841;69,77;30,23;7881;-11,9311683688949;-37,8854463029753;40,2;6,1;37,8;5,4
"2910701";"Euclides da Cunha";"BA";"Nordeste";61456;32246;29210;52,47;47,53;27045;-10,4642205205314;-38,9151242973457;40,2;6,1;37,8;5,4
"2910727";"Eunápolis";"BA";"Nordeste";113710;106861;6849;93,98;6,02;7315;-16,2987553197383;-39,6061053749324;40,2;6,1;37,8;5,4
"2910750";"Fátima";"BA";"Nordeste";17895;7995;9900;44,68;55,32;16198;-10,5952661041694;-38,2021027697883;40,2;6,1;37,8;5,4
"2910776";"Feira da Mata";"BA";"Nordeste";5631;3653;1978;64,87;35,13;936;-14,1317290572406;-44,2322223442275;40,2;6,1;37,8;5,4
"2910800";"Feira de Santana";"BA";"Nordeste";616272;578086;38186;93,8;6,2;11010;-12,1930503256863;-39,0339835187098;40,2;6,1;37,8;5,4
"2910859";"Filadélfia";"BA";"Nordeste";17897;10108;7789;56,48;43,52;3599;-10,7232010897578;-40,1368011093626;40,2;6,1;37,8;5,4
"2910909";"Firmino Alves";"BA";"Nordeste";4873;4191;682;86;14;295;-14,9308385664416;-39,9112998293223;40,2;6,1;37,8;5,4
"2911006";"Floresta Azul";"BA";"Nordeste";11059;8345;2714;75,46;24,54;2095;-14,8417502411125;-39,7175438039868;40,2;6,1;37,8;5,4
"2911105";"Formosa do Rio Preto";"BA";"Nordeste";25899;17139;8760;66,18;33,82;607648;-11,0141233780182;-45,7451496240799;40,2;6,1;37,8;5,4
"2911204";"Gandu";"BA";"Nordeste";32178;26907;5271;83,62;16,38;9418;-13,7886774124603;-39,482714958716;40,2;6,1;37,8;5,4
"2911253";"Gavião";"BA";"Nordeste";4360;2998;1362;68,76;31,24;589;-11,5089362842924;-39,7572513236872;40,2;6,1;37,8;5,4
"2911303";"Gentio do Ouro";"BA";"Nordeste";10884;5807;5077;53,35;46,65;741;-11,4101309845379;-42,6052696524042;40,2;6,1;37,8;5,4
"2911402";"Glória";"BA";"Nordeste";15524;4815;10709;31,02;68,98;3079;-9,22936463812465;-38,4446968738224;40,2;6,1;37,8;5,4
"2911501";"Gongogi";"BA";"Nordeste";5555;3966;1589;71,4;28,6;1142;-14,2806121017858;-39,5817039370104;40,2;6,1;37,8;5,4
"2911600";"Governador Mangabeira";"BA";"Nordeste";20605;9400;11205;45,62;54,38;2273;-12,5833413051816;-39,0722308903422;40,2;6,1;37,8;5,4
"2911659";"Guajeru";"BA";"Nordeste";8050;2429;5621;30,17;69,83;685;-14,5589618188672;-41,986443770083;40,2;6,1;37,8;5,4
"2911709";"Guanambi";"BA";"Nordeste";87817;73447;14370;83,64;16,36;4007;-14,2039209888076;-42,8198734667608;40,2;6,1;37,8;5,4
"2911808";"Guaratinga";"BA";"Nordeste";19049;11832;7217;62,11;37,89;6670;-16,5532186310764;-39,9376473600171;40,2;6,1;37,8;5,4
"2911857";"Heliópolis";"BA";"Nordeste";12309;6131;6178;49,81;50,19;7089;-10,7499618366155;-38,3087416067887;40,2;6,1;37,8;5,4
"2911907";"Iaçu";"BA";"Nordeste";24607;19518;5089;79,32;20,68;694;-12,8135738549864;-40,1129854874467;40,2;6,1;37,8;5,4
"2912004";"Ibiassucê";"BA";"Nordeste";10429;5160;5269;49,48;50,52;1584;-14,2914406290985;-42,3053466525943;40,2;6,1;37,8;5,4
"2912103";"Ibicaraí";"BA";"Nordeste";21665;20098;1567;92,77;7,23;2809;-14,8486472033909;-39,5685546839438;40,2;6,1;37,8;5,4
"2912202";"Ibicoara";"BA";"Nordeste";20785;13657;7128;65,71;34,29;18859;-13,3809845664263;-41,3278573226741;40,2;6,1;37,8;5,4
"2912301";"Ibicuí";"BA";"Nordeste";13934;11432;2502;82,04;17,96;1029;-14,6417810683178;-39,8636798438027;40,2;6,1;37,8;5,4
"2912400";"Ibipeba";"BA";"Nordeste";16603;11150;5453;67,16;32,84;5350;-11,5706979275815;-42,1818513230989;40,2;6,1;37,8;5,4
"2912509";"Ibipitanga";"BA";"Nordeste";13863;6169;7694;44,5;55,5;360;-12,8593002744231;-42,3597318023405;40,2;6,1;37,8;5,4
"2912608";"Ibiquera";"BA";"Nordeste";3725;2557;1168;68,64;31,36;376;-12,6031731701816;-40,8848154788029;40,2;6,1;37,8;5,4
"2912707";"Ibirapitanga";"BA";"Nordeste";25344;13987;11357;55,19;44,81;20504;-14,0605726275732;-39,43568000454;40,2;6,1;37,8;5,4
"2912806";"Ibirapuã";"BA";"Nordeste";8896;5769;3127;64,85;35,15;6431;-17,7429868022593;-40,0128007434305;40,2;6,1;37,8;5,4
"2912905";"Ibirataia";"BA";"Nordeste";18792;15681;3111;83,45;16,55;9343;-13,9759546463569;-39,6261450498802;40,2;6,1;37,8;5,4
"2913002";"Ibitiara";"BA";"Nordeste";14637;4032;10605;27,55;72,45;631;-12,5759676280098;-42,282665922377;40,2;6,1;37,8;5,4
"2913101";"Ibititá";"BA";"Nordeste";16969;8509;8460;50,14;49,86;6347;-11,5790511195125;-41,9151327097667;40,2;6,1;37,8;5,4
"2913200";"Ibotirama";"BA";"Nordeste";26309;21437;4872;81,48;18,52;929;-12,0383444286187;-43,2048928420307;40,2;6,1;37,8;5,4
"2913309";"Ichu";"BA";"Nordeste";6190;3709;2481;59,92;40,08;229;-11,7315575421667;-39,1523988289591;40,2;6,1;37,8;5,4
"2913408";"Igaporã";"BA";"Nordeste";15527;8709;6818;56,09;43,91;1066;-13,8630396905559;-42,7042065074623;40,2;6,1;37,8;5,4
"2913457";"Igrapiúna";"BA";"Nordeste";13151;4486;8665;34,11;65,89;13264;-13,8709491393451;-39,2055260281297;40,2;6,1;37,8;5,4
"2913507";"Iguaí";"BA";"Nordeste";21491;13871;7620;64,54;35,46;2846;-14,6323557303608;-40,0657966321426;40,2;6,1;37,8;5,4
"2913606";"Ilhéus";"BA";"Nordeste";178649;161851;16798;90,6;9,4;44433;-14,7526147730435;-39,1918398778553;40,2;6,1;37,8;5,4
"2913705";"Inhambupe";"BA";"Nordeste";33790;16450;17340;48,68;51,32;20426;-11,805074641929;-38,4037924294513;40,2;6,1;37,8;5,4
"2913804";"Ipecaetá";"BA";"Nordeste";13709;3595;10114;26,22;73,78;5492;-12,3073566800725;-39,3269571429705;40,2;6,1;37,8;5,4
"2913903";"Ipiaú";"BA";"Nordeste";40706;37548;3158;92,24;7,76;5635;-14,0548152140086;-39,726458458027;40,2;6,1;37,8;5,4
"2914000";"Ipirá";"BA";"Nordeste";56876;33546;23330;58,98;41,02;3352;-12,2112028098206;-39,7771060962729;40,2;6,1;37,8;5,4
"2914109";"Ipupiara";"BA";"Nordeste";9935;6441;3494;64,83;35,17;972;-11,8359174022091;-42,5018476194198;40,2;6,1;37,8;5,4
"2914208";"Irajuba";"BA";"Nordeste";6101;3386;2715;55,5;44,5;493;-13,230715205436;-40,0522667315937;40,2;6,1;37,8;5,4
"2914307";"Iramaia";"BA";"Nordeste";10752;5041;5711;46,88;53,12;1121;-13,4685870250434;-40,9209094714444;40,2;6,1;37,8;5,4
"2914406";"Iraquara";"BA";"Nordeste";23879;7883;15996;33,01;66,99;5605;-12,2483541028974;-41,5830790670033;40,2;6,1;37,8;5,4
"2914505";"Irará";"BA";"Nordeste";28043;12708;15335;45,32;54,68;6745;-12,0464472285157;-38,7538526356333;40,2;6,1;37,8;5,4
"2914604";"Irecê";"BA";"Nordeste";74507;70891;3616;95,15;4,85;1157;-11,3094730341383;-41,8389805648739;40,2;6,1;37,8;5,4
"2914653";"Itabela";"BA";"Nordeste";28165;24019;4146;85,28;14,72;7745;-16,6628805161917;-39,5513744082563;40,2;6,1;37,8;5,4
"2914703";"Itaberaba";"BA";"Nordeste";65073;53505;11568;82,22;17,78;2662;-12,4990675919014;-40,2622331740298;40,2;6,1;37,8;5,4
"2914802";"Itabuna";"BA";"Nordeste";186708;183648;3060;98,36;1,64;7600;-14,8513963464398;-39,3127403316141;40,2;6,1;37,8;5,4
"2914901";"Itacaré";"BA";"Nordeste";27704;17630;10074;63,64;36,36;18635;-14,3621108153862;-39,1577168630073;40,2;6,1;37,8;5,4
"2915007";"Itaeté";"BA";"Nordeste";13472;8552;4920;63,48;36,52;1331;-13,091741050449;-41,0404130635948;40,2;6,1;37,8;5,4
"2915106";"Itagi";"BA";"Nordeste";13803;10571;3232;76,58;23,42;4542;-14,1622202620173;-40,0248098178833;40,2;6,1;37,8;5,4
"2915205";"Itagibá";"BA";"Nordeste";15310;11095;4215;72,47;27,53;4220;-14,2525913591511;-39,8304007559551;40,2;6,1;37,8;5,4
"2915304";"Itagimirim";"BA";"Nordeste";6347;5005;1342;78,86;21,14;145;-16,0963299444569;-39,7380157901954;40,2;6,1;37,8;5,4
"2915353";"Itaguaçu da Bahia";"BA";"Nordeste";12311;3842;8469;31,21;68,79;1606;-10,7695703001944;-42,2388968965537;40,2;6,1;37,8;5,4
"2915403";"Itaju do Colônia";"BA";"Nordeste";6037;4984;1053;82,56;17,44;150;-15,1483311617817;-39,7316550741116;40,2;6,1;37,8;5,4
"2915502";"Itajuípe";"BA";"Nordeste";18781;15575;3206;82,93;17,07;14495;-14,6714114619677;-39,4449311298676;40,2;6,1;37,8;5,4
"2915601";"Itamaraju";"BA";"Nordeste";59605;48310;11295;81,05;18,95;15612;-17,0087587895046;-39,764814283157;40,2;6,1;37,8;5,4
"2915700";"Itamari";"BA";"Nordeste";7051;5397;1654;76,54;23,46;5135;-13,7664913830204;-39,6670310505766;40,2;6,1;37,8;5,4
"2915809";"Itambé";"BA";"Nordeste";24394;20539;3855;84,2;15,8;1282;-15,1582491677489;-40,4621970895294;40,2;6,1;37,8;5,4
"2915908";"Itanagra";"BA";"Nordeste";5914;3592;2322;60,74;39,26;179;-12,3153612199151;-38,0425982443591;40,2;6,1;37,8;5,4
"2916005";"Itanhém";"BA";"Nordeste";17813;12561;5252;70,52;29,48;1663;-17,1153465416376;-40,3783843084876;40,2;6,1;37,8;5,4
"2916104";"Itaparica";"BA";"Nordeste";19789;19789;NA;100;NA;18;-12,892102067273;-38,6550672691595;40,2;6,1;37,8;5,4
"2916203";"Itapé";"BA";"Nordeste";10341;8289;2052;80,16;19,84;816;-14,9543892512582;-39,4958788818565;40,2;6,1;37,8;5,4
"2916302";"Itapebi";"BA";"Nordeste";9174;7272;1902;79,27;20,73;1406;-15,9121262373835;-39,6531236882576;40,2;6,1;37,8;5,4
"2916401";"Itapetinga";"BA";"Nordeste";65897;63924;1973;97,01;2,99;31;-15,299291099845;-40,057530738248;40,2;6,1;37,8;5,4
"2916500";"Itapicuru";"BA";"Nordeste";31679;12660;19019;39,96;60,04;35856;-11,1919775405255;-38,1942770436945;40,2;6,1;37,8;5,4
"2916609";"Itapitanga";"BA";"Nordeste";10279;6379;3900;62,06;37,94;1310;-14,472911151884;-39,6199775867357;40,2;6,1;37,8;5,4
"2916708";"Itaquara";"BA";"Nordeste";8153;5059;3094;62,05;37,95;437;-13,4489521262234;-39,8984605513029;40,2;6,1;37,8;5,4
"2916807";"Itarantim";"BA";"Nordeste";17052;14674;2378;86,05;13,95;180;-15,6976766168874;-40,0491319732112;40,2;6,1;37,8;5,4
"2916856";"Itatim";"BA";"Nordeste";15737;11970;3767;76,06;23,94;371;-12,712916581903;-39,7346840052043;40,2;6,1;37,8;5,4
"2916906";"Itiruçu";"BA";"Nordeste";10999;8718;2281;79,26;20,74;1040;-13,487567434345;-40,1531090867317;40,2;6,1;37,8;5,4
"2917003";"Itiúba";"BA";"Nordeste";33872;13028;20844;38,46;61,54;9620;-10,7313062943163;-39,8453715553878;40,2;6,1;37,8;5,4
"2917102";"Itororó";"BA";"Nordeste";16617;15385;1232;92,59;7,41;1684;-15,0487828409;-40,007127067333;40,2;6,1;37,8;5,4
"2917201";"Ituaçu";"BA";"Nordeste";17914;7568;10346;42,25;57,75;9285;-13,837016500282;-41,3900411754368;40,2;6,1;37,8;5,4
"2917300";"Ituberá";"BA";"Nordeste";21902;16195;5707;73,94;26,06;12224;-13,7493032966674;-39,1529283196914;40,2;6,1;37,8;5,4
"2917334";"Iuiu";"BA";"Nordeste";11118;7888;3230;70,95;29,05;4505;-14,4662561159064;-43,5428392498251;40,2;6,1;37,8;5,4
"2917359";"Jaborandi";"BA";"Nordeste";9275;3579;5696;38,59;61,41;156899;-14,0319853777032;-45,4396659062245;40,2;6,1;37,8;5,4
"2917409";"Jacaraci";"BA";"Nordeste";14436;5463;8973;37,84;62,16;1894;-14,7848216722541;-42,322168089015;40,2;6,1;37,8;5,4
"2917508";"Jacobina";"BA";"Nordeste";82590;70373;12217;85,21;14,79;6818;-11,1349048692565;-40,5687403194019;40,2;6,1;37,8;5,4
"2917607";"Jaguaquara";"BA";"Nordeste";45964;37804;8160;82,25;17,75;3141;-13,5539212911547;-39,9570621659862;40,2;6,1;37,8;5,4
"2917706";"Jaguarari";"BA";"Nordeste";32703;23555;9148;72,03;27,97;4570;-10,0425468839167;-40,0682847276435;40,2;6,1;37,8;5,4
"2917805";"Jaguaripe";"BA";"Nordeste";17659;7197;10462;40,76;59,24;7652;-13,1213318134216;-38,9865154683272;40,2;6,1;37,8;5,4
"2917904";"Jandaíra";"BA";"Nordeste";9285;5907;3378;63,62;36,38;3700;-11,598386623337;-37,5953140197078;40,2;6,1;37,8;5,4
"2918001";"Jequié";"BA";"Nordeste";158813;147036;11777;92,58;7,42;11826;-13,8775765036453;-40,1460857711307;40,2;6,1;37,8;5,4
"2918100";"Jeremoabo";"BA";"Nordeste";37626;19726;17900;52,43;47,57;37691;-9,98142239248391;-38,4993873510995;40,2;6,1;37,8;5,4
"2918209";"Jiquiriçá";"BA";"Nordeste";13629;6390;7239;46,89;53,11;6109;-13,3243822892537;-39,5846839665043;40,2;6,1;37,8;5,4
"2918308";"Jitaúna";"BA";"Nordeste";14355;10231;4124;71,27;28,73;6888;-13,9579406103149;-39,8667112581837;40,2;6,1;37,8;5,4
"2918357";"João Dourado";"BA";"Nordeste";24854;19065;5789;76,71;23,29;3503;-11,2201344354704;-41,5671417068846;40,2;6,1;37,8;5,4
"2918407";"Juazeiro";"BA";"Nordeste";237821;202653;35168;85,21;14,79;40097;-9,55682650546524;-40,2745272574928;40,2;6,1;37,8;5,4
"2918456";"Jucuruçu";"BA";"Nordeste";9655;4521;5134;46,83;53,17;2509;-16,8455483116824;-40,1007675793649;40,2;6,1;37,8;5,4
"2918506";"Jussara";"BA";"Nordeste";16354;10096;6258;61,73;38,27;4246;-10,9255044705218;-41,8802351769304;40,2;6,1;37,8;5,4
"2918555";"Jussari";"BA";"Nordeste";5888;4336;1552;73,64;26,36;2455;-15,1366337406093;-39,498005110125;40,2;6,1;37,8;5,4
"2918605";"Jussiape";"BA";"Nordeste";7379;3177;4202;43,05;56,95;1090;-13,5112846981964;-41,5988429610813;40,2;6,1;37,8;5,4
"2918704";"Lafaiete Coutinho";"BA";"Nordeste";4075;2410;1665;59,14;40,86;909;-13,6416240828145;-40,2925210172085;40,2;6,1;37,8;5,4
"2918753";"Lagoa Real";"BA";"Nordeste";14105;3746;10359;26,56;73,44;607;-14,0472439945574;-42,2197005433617;40,2;6,1;37,8;5,4
"2918803";"Laje";"BA";"Nordeste";21052;7370;13682;35,01;64,99;8321;-13,1669804555219;-39,3463596439454;40,2;6,1;37,8;5,4
"2918902";"Lajedão";"BA";"Nordeste";3845;2423;1422;63,02;36,98;7361;-17,5595876866929;-40,3098684802035;40,2;6,1;37,8;5,4
"2919009";"Lajedinho";"BA";"Nordeste";3527;1313;2214;37,23;62,77;165;-12,3808890789964;-40,9634924393648;40,2;6,1;37,8;5,4
"2919058";"Lajedo do Tabocal";"BA";"Nordeste";7494;4820;2674;64,32;35,68;830;-13,4600667217838;-40,2821983332294;40,2;6,1;37,8;5,4
"2919108";"Lamarão";"BA";"Nordeste";9015;2247;6768;24,93;75,07;2012;-11,7859985008739;-38,9100042791932;40,2;6,1;37,8;5,4
"2919157";"Lapão";"BA";"Nordeste";25736;16452;9284;63,93;36,07;5231;-11,5013152812277;-41,7767176438405;40,2;6,1;37,8;5,4
"2919207";"Lauro de Freitas";"BA";"Nordeste";203331;203279;52;99,97;0,03;11;-12,8635915078385;-38,3270940492873;40,2;6,1;37,8;5,4
"2919306";"Lençóis";"BA";"Nordeste";10774;8588;2186;79,71;20,29;1610;-12,4249646087718;-41,3372592877551;40,2;6,1;37,8;5,4
"2919405";"Licínio de Almeida";"BA";"Nordeste";11834;6378;5456;53,9;46,1;1466;-14,5859859180287;-42,4701188686525;40,2;6,1;37,8;5,4
"2919504";"Livramento de Nossa Senhora";"BA";"Nordeste";43903;23803;20100;54,22;45,78;11797;-13,8105733246224;-41,9909120842309;40,2;6,1;37,8;5,4
"2919553";"Luís Eduardo Magalhães";"BA";"Nordeste";107909;104868;3041;97,18;2,82;276429;-12,198334320044;-46,020365574804;40,2;6,1;37,8;5,4
"2919603";"Macajuba";"BA";"Nordeste";10454;6631;3823;63,43;36,57;770;-12,1293076023335;-40,2622829492672;40,2;6,1;37,8;5,4
"2919702";"Macarani";"BA";"Nordeste";21599;16345;5254;75,67;24,33;186;-15,5456868840407;-40,4008204687713;40,2;6,1;37,8;5,4
"2919801";"Macaúbas";"BA";"Nordeste";41859;19549;22310;46,7;53,3;6549;-13,1080816062677;-42,6929131720623;40,2;6,1;37,8;5,4
"2919900";"Macururé";"BA";"Nordeste";7256;2684;4572;36,99;63,01;160;-9,29104510576041;-38,8967441426195;40,2;6,1;37,8;5,4
"2919926";"Madre de Deus";"BA";"Nordeste";18504;18504;NA;100;NA;NA;-12,7410999321957;-38,6425977699424;40,2;6,1;37,8;5,4
"2919959";"Maetinga";"BA";"Nordeste";6973;3351;3622;48,06;51,94;516;-14,6555615613231;-41,5162242722281;40,2;6,1;37,8;5,4
"2920007";"Maiquinique";"BA";"Nordeste";8731;7020;1711;80,4;19,6;159;-15,6740055471029;-40,2690183113096;40,2;6,1;37,8;5,4
"2920106";"Mairi";"BA";"Nordeste";17674;11440;6234;64,73;35,27;4039;-11,7317286012446;-40,1806485767225;40,2;6,1;37,8;5,4
"2920205";"Malhada";"BA";"Nordeste";15398;8487;6911;55,12;44,88;8379;-14,2159683810739;-43,6457535434234;40,2;6,1;37,8;5,4
"2920304";"Malhada de Pedras";"BA";"Nordeste";8670;3539;5131;40,82;59,18;1827;-14,3524234341794;-41,8452638771812;40,2;6,1;37,8;5,4
"2920403";"Manoel Vitorino";"BA";"Nordeste";13860;7639;6221;55,12;44,88;459;-14,0509258875869;-40,5477288125601;40,2;6,1;37,8;5,4
"2920452";"Mansidão";"BA";"Nordeste";13919;5836;8083;41,93;58,07;1392;-11,1278892353325;-44,1082349284115;40,2;6,1;37,8;5,4
"2920502";"Maracás";"BA";"Nordeste";27620;21780;5840;78,86;21,14;3142;-13,4951192269091;-40,55521193152;40,2;6,1;37,8;5,4
"2920601";"Maragogipe";"BA";"Nordeste";35859;21340;14519;59,51;40,49;2882;-12,8230276320192;-38,9381981103806;40,2;6,1;37,8;5,4
"2920700";"Maraú";"BA";"Nordeste";24527;12103;12424;49,35;50,65;13558;-14,1557677168341;-39,1504865040955;40,2;6,1;37,8;5,4
"2920809";"Marcionílio Souza";"BA";"Nordeste";9267;5182;4085;55,92;44,08;88;-13,1401093204636;-40,6753227441224;40,2;6,1;37,8;5,4
"2920908";"Mascote";"BA";"Nordeste";13544;11140;2404;82,25;17,75;5997;-15,6661235012638;-39,4205620830998;40,2;6,1;37,8;5,4
"2921005";"Mata de São João";"BA";"Nordeste";42566;34864;7702;81,91;18,09;582;-12,4839540373244;-38,1487492140025;40,2;6,1;37,8;5,4
"2921054";"Matina";"BA";"Nordeste";10330;3973;6357;38,46;61,54;1162;-13,8488655093016;-42,9400964210259;40,2;6,1;37,8;5,4
"2921104";"Medeiros Neto";"BA";"Nordeste";22194;17493;4701;78,82;21,18;4510;-17,3613385704545;-40,2857597431355;40,2;6,1;37,8;5,4
"2921203";"Miguel Calmon";"BA";"Nordeste";24661;14895;9766;60,4;39,6;2467;-11,4206238985808;-40,6243381291648;40,2;6,1;37,8;5,4
"2921302";"Milagres";"BA";"Nordeste";11071;9038;2033;81,64;18,36;40;-12,8999134218028;-39,7977184926699;40,2;6,1;37,8;5,4
"2921401";"Mirangaba";"BA";"Nordeste";15734;7541;8193;47,93;52,07;2956;-10,7769134951358;-40,7147266312559;40,2;6,1;37,8;5,4
"2921450";"Mirante";"BA";"Nordeste";10187;2174;8013;21,34;78,66;415;-14,1678872412026;-40,7641820153503;40,2;6,1;37,8;5,4
"2921500";"Monte Santo";"BA";"Nordeste";47780;12544;35236;26,25;73,75;18460;-10,3829939120775;-39,4542346416375;40,2;6,1;37,8;5,4
"2921609";"Morpará";"BA";"Nordeste";7996;5332;2664;66,68;33,32;1147;-11,7507654481937;-43,0398470367263;40,2;6,1;37,8;5,4
"2921708";"Morro do Chapéu";"BA";"Nordeste";33594;21927;11667;65,27;34,73;5016;-11,4646133959617;-41,167285743218;40,2;6,1;37,8;5,4
"2921807";"Mortugaba";"BA";"Nordeste";11143;5948;5195;53,38;46,62;1881;-14,9726919049909;-42,3202737069394;40,2;6,1;37,8;5,4
"2921906";"Mucugê";"BA";"Nordeste";12137;5167;6970;42,57;57,43;10936;-13,0650404089712;-41,474974758391;40,2;6,1;37,8;5,4
"2922003";"Mucuri";"BA";"Nordeste";37977;30844;7133;81,22;18,78;9476;-18,0591922969406;-39,8671193124673;40,2;6,1;37,8;5,4
"2922052";"Mulungu do Morro";"BA";"Nordeste";13152;6190;6962;47,07;52,93;7788;-11,9778916677468;-41,5239653540503;40,2;6,1;37,8;5,4
"2922102";"Mundo Novo";"BA";"Nordeste";17305;12329;4976;71,25;28,75;2623;-11,9528262190388;-40,5592740996956;40,2;6,1;37,8;5,4
"2922201";"Muniz Ferreira";"BA";"Nordeste";7190;3850;3340;53,55;46,45;774;-13,0024890131068;-39,0877326779817;40,2;6,1;37,8;5,4
"2922250";"Muquém do São Francisco";"BA";"Nordeste";10443;4179;6264;40,02;59,98;13406;-12,2115746612002;-43,4987850186227;40,2;6,1;37,8;5,4
"2922300";"Muritiba";"BA";"Nordeste";28707;19152;9555;66,72;33,28;1608;-12,6216724186951;-39,0861313602011;40,2;6,1;37,8;5,4
"2922409";"Mutuípe";"BA";"Nordeste";20037;10135;9902;50,58;49,42;10087;-13,3119050854537;-39,506637491309;40,2;6,1;37,8;5,4
"2922508";"Nazaré";"BA";"Nordeste";27060;21809;5251;80,59;19,41;892;-12,9536184441226;-38,9809024727892;40,2;6,1;37,8;5,4
"2922607";"Nilo Peçanha";"BA";"Nordeste";12063;5441;6622;45,1;54,9;9455;-13,6602239751381;-39,1740030962603;40,2;6,1;37,8;5,4
"2922656";"Nordestina";"BA";"Nordeste";18523;6542;11981;35,32;64,68;3452;-10,8731384976786;-39,4514401539467;40,2;6,1;37,8;5,4
"2922706";"Nova Canaã";"BA";"Nordeste";13715;6765;6950;49,33;50,67;2092;-14,8574851278431;-40,1804048425257;40,2;6,1;37,8;5,4
"2922730";"Nova Fátima";"BA";"Nordeste";7967;5807;2160;72,89;27,11;1081;-11,6214320065673;-39,6356081688881;40,2;6,1;37,8;5,4
"2922755";"Nova Ibiá";"BA";"Nordeste";6501;3173;3328;48,81;51,19;6874;-13,8249745537785;-39,5828860268593;40,2;6,1;37,8;5,4
"2922805";"Nova Itarana";"BA";"Nordeste";7780;6172;1608;79,33;20,67;555;-13,046526667811;-40,0344976203083;40,2;6,1;37,8;5,4
"2922854";"Nova Redenção";"BA";"Nordeste";7538;4934;2604;65,46;34,54;2203;-12,8001250287917;-41,0912081692594;40,2;6,1;37,8;5,4
"2922904";"Nova Soure";"BA";"Nordeste";24236;11102;13134;45,81;54,19;3890;-11,3119224207624;-38,5547806556926;40,2;6,1;37,8;5,4
"2923001";"Nova Viçosa";"BA";"Nordeste";39509;35335;4174;89,44;10,56;2442;-17,8997481658408;-39,7151470362721;40,2;6,1;37,8;5,4
"2923035";"Novo Horizonte";"BA";"Nordeste";11162;4443;6719;39,8;60,2;592;-12,8409354132498;-42,1287364135891;40,2;6,1;37,8;5,4
"2923050";"Novo Triunfo";"BA";"Nordeste";10660;6680;3980;62,66;37,34;6562;-10,3613407169461;-38,4564933664611;40,2;6,1;37,8;5,4
"2923100";"Olindina";"BA";"Nordeste";22633;11482;11151;50,73;49,27;5639;-11,434900445793;-38,35482205181;40,2;6,1;37,8;5,4
"2923209";"Oliveira dos Brejinhos";"BA";"Nordeste";20715;8300;12415;40,07;59,93;1950;-12,2833355355178;-42,7349402756051;40,2;6,1;37,8;5,4
"2923308";"Ouriçangas";"BA";"Nordeste";7716;3490;4226;45,23;54,77;747;-12,0093116298025;-38,6536386887935;40,2;6,1;37,8;5,4
"2923357";"Ourolândia";"BA";"Nordeste";19243;11632;7611;60,45;39,55;4794;-10,8479145207028;-41,1371138995406;40,2;6,1;37,8;5,4
"2923407";"Palmas de Monte Alto";"BA";"Nordeste";20078;10017;10061;49,89;50,11;4042;-14,1752355753807;-43,2175026256665;40,2;6,1;37,8;5,4
"2923506";"Palmeiras";"BA";"Nordeste";10339;6792;3547;65,69;34,31;743;-12,5524866909578;-41,5539011430973;40,2;6,1;37,8;5,4
"2923605";"Paramirim";"BA";"Nordeste";20351;12642;7709;62,12;37,88;3133;-13,5196485651485;-42,2403922922573;40,2;6,1;37,8;5,4
"2923704";"Paratinga";"BA";"Nordeste";29252;12251;17001;41,88;58,12;2243;-12,6904852006952;-43,0645077077772;40,2;6,1;37,8;5,4
"2923803";"Paripiranga";"BA";"Nordeste";26604;10873;15731;40,87;59,13;28671;-10,6142110025001;-37,8991251115828;40,2;6,1;37,8;5,4
"2923902";"Pau Brasil";"BA";"Nordeste";9370;6332;3038;67,58;32,42;2346;-15,4682238070103;-39,6904549098941;40,2;6,1;37,8;5,4
"2924009";"Paulo Afonso";"BA";"Nordeste";112870;98589;14281;87,35;12,65;3988;-9,5395672590615;-38,2937419222432;40,2;6,1;37,8;5,4
"2924058";"Pé de Serra";"BA";"Nordeste";13243;6994;6249;52,81;47,19;486;-11,8719654671383;-39,6096765383148;40,2;6,1;37,8;5,4
"2924108";"Pedrão";"BA";"Nordeste";6235;2003;4232;32,13;67,87;510;-12,1295684541972;-38,6405628017968;40,2;6,1;37,8;5,4
"2924207";"Pedro Alexandre";"BA";"Nordeste";13954;4971;8983;35,62;64,38;10884;-10,0621981421821;-37,9407277490867;40,2;6,1;37,8;5,4
"2924306";"Piatã";"BA";"Nordeste";20086;10808;9278;53,81;46,19;2017;-13,0459987621101;-41,8774406131855;40,2;6,1;37,8;5,4
"2924405";"Pilão Arcado";"BA";"Nordeste";35357;13047;22310;36,9;63,1;4422;-10,0079262930165;-43,1154084844104;40,2;6,1;37,8;5,4
"2924504";"Pindaí";"BA";"Nordeste";14731;4450;10281;30,21;69,79;3955;-14,4716217658445;-42,6785634141032;40,2;6,1;37,8;5,4
"2924603";"Pindobaçu";"BA";"Nordeste";19083;13895;5188;72,81;27,19;1887;-10,7238243972251;-40,340947214562;40,2;6,1;37,8;5,4
"2924652";"Pintadas";"BA";"Nordeste";10325;6524;3801;63,19;36,81;697;-11,8688692786894;-39,8980489454893;40,2;6,1;37,8;5,4
"2924678";"Piraí do Norte";"BA";"Nordeste";10974;4374;6600;39,86;60,14;7710;-13,8053793541993;-39,3768508711423;40,2;6,1;37,8;5,4
"2924702";"Piripá";"BA";"Nordeste";9152;5099;4053;55,71;44,29;803;-15,0038777904334;-41,7161231502994;40,2;6,1;37,8;5,4
"2924801";"Piritiba";"BA";"Nordeste";17566;12089;5477;68,82;31,18;749;-11,6948954911975;-40,6054506829507;40,2;6,1;37,8;5,4
"2924900";"Planaltino";"BA";"Nordeste";8022;3790;4232;47,25;52,75;883;-13,1864845505161;-40,3032012101168;40,2;6,1;37,8;5,4
"2925006";"Planalto";"BA";"Nordeste";23334;15675;7659;67,18;32,82;4817;-14,7085321917277;-40,4574883935008;40,2;6,1;37,8;5,4
"2925105";"Poções";"BA";"Nordeste";48293;37354;10939;77,35;22,65;2387;-14,5363846181131;-40,3826160855813;40,2;6,1;37,8;5,4
"2925204";"Pojuca";"BA";"Nordeste";32136;28577;3559;88,93;11,07;66;-12,3617484067338;-38,2529497161319;40,2;6,1;37,8;5,4
"2925253";"Ponto Novo";"BA";"Nordeste";17938;12587;5351;70,17;29,83;1891;-10,9588802020918;-40,1058139033498;40,2;6,1;37,8;5,4
"2925303";"Porto Seguro";"BA";"Nordeste";168326;151519;16807;90,02;9,98;12480;-16,6249116824096;-39,2789915851475;40,2;6,1;37,8;5,4
"2925402";"Potiraguá";"BA";"Nordeste";10274;9429;845;91,78;8,22;104;-15,6812043426832;-39,7720346462619;40,2;6,1;37,8;5,4
"2925501";"Prado";"BA";"Nordeste";35003;23234;11769;66,38;33,62;9811;-17,1303181554723;-39,3516386214707;40,2;6,1;37,8;5,4
"2925600";"Presidente Dutra";"BA";"Nordeste";15130;9337;5793;61,71;38,29;2153;-11,3034052777502;-41,9953098382787;40,2;6,1;37,8;5,4
"2925709";"Presidente Jânio Quadros";"BA";"Nordeste";12621;5120;7501;40,57;59,43;1729;-14,6965695415568;-41,7258607485655;40,2;6,1;37,8;5,4
"2925758";"Presidente Tancredo Neves";"BA";"Nordeste";27734;15555;12179;56,09;43,91;13651;-13,4492261007116;-39,4177269125654;40,2;6,1;37,8;5,4
"2925808";"Queimadas";"BA";"Nordeste";25988;13713;12275;52,77;47,23;2077;-11,0567088466475;-39,7524565053768;40,2;6,1;37,8;5,4
"2925907";"Quijingue";"BA";"Nordeste";25272;8885;16387;35,16;64,84;25615;-10,7781316716946;-39,0498209233521;40,2;6,1;37,8;5,4
"2925931";"Quixabeira";"BA";"Nordeste";9461;4900;4561;51,79;48,21;1851;-11,3924252853345;-40,1185988690578;40,2;6,1;37,8;5,4
"2925956";"Rafael Jambeiro";"BA";"Nordeste";19662;6851;12811;34,84;65,16;3201;-12,4786930861982;-39,5741078725957;40,2;6,1;37,8;5,4
"2926004";"Remanso";"BA";"Nordeste";40586;26839;13747;66,13;33,87;2378;-9,59484758701227;-42,2452686049267;40,2;6,1;37,8;5,4
"2926103";"Retirolândia";"BA";"Nordeste";13651;7202;6449;52,76;47,24;4765;-11,5030168328064;-39,4165802574689;40,2;6,1;37,8;5,4
"2926202";"Riachão das Neves";"BA";"Nordeste";21642;11017;10625;50,91;49,09;196617;-11,6232147879497;-45,2176644024351;40,2;6,1;37,8;5,4
"2926301";"Riachão do Jacuípe";"BA";"Nordeste";33386;24955;8431;74,75;25,25;682;-11,8009512466525;-39,4234490801446;40,2;6,1;37,8;5,4
"2926400";"Riacho de Santana";"BA";"Nordeste";30711;13571;17140;44,19;55,81;3636;-13,6331407372956;-43,04954875763;40,2;6,1;37,8;5,4
"2926509";"Ribeira do Amparo";"BA";"Nordeste";13841;5659;8182;40,89;59,11;8538;-10,9718187738549;-38,3790359524854;40,2;6,1;37,8;5,4
"2926608";"Ribeira do Pombal";"BA";"Nordeste";54010;34361;19649;63,62;36,38;6590;-10,7919685278121;-38,5437627020279;40,2;6,1;37,8;5,4
"2926657";"Ribeirão do Largo";"BA";"Nordeste";9740;4287;5453;44,01;55,99;2623;-15,4271492525944;-40,6518938640494;40,2;6,1;37,8;5,4
"2926707";"Rio de Contas";"BA";"Nordeste";13184;6625;6559;50,25;49,75;3135;-13,5814224105468;-41,7467489947345;40,2;6,1;37,8;5,4
"2926806";"Rio do Antônio";"BA";"Nordeste";13146;6034;7112;45,9;54,1;1406;-14,3101995293491;-42,0841130372371;40,2;6,1;37,8;5,4
"2926905";"Rio do Pires";"BA";"Nordeste";10497;5423;5074;51,66;48,34;1335;-13,1347134642522;-42,1477320610518;40,2;6,1;37,8;5,4
"2927002";"Rio Real";"BA";"Nordeste";35362;24678;10684;69,79;30,21;26338;-11,5476807384201;-37,9127981681781;40,2;6,1;37,8;5,4
"2927101";"Rodelas";"BA";"Nordeste";10308;8168;2140;79,24;20,76;2740;-9,18371789660914;-38,6924504743572;40,2;6,1;37,8;5,4
"2927200";"Ruy Barbosa";"BA";"Nordeste";28282;22143;6139;78,29;21,71;605;-12,2436422708948;-40,6296041321942;40,2;6,1;37,8;5,4
"2927309";"Salinas da Margarida";"BA";"Nordeste";14987;14510;477;96,82;3,18;40;-12,8857732992774;-38,7591283617872;40,2;6,1;37,8;5,4
"2927408";"Salvador";"BA";"Nordeste";2417678;2417678;NA;100;NA;5;-12,8735872176177;-38,5145489985621;40,2;6,1;37,8;5,4
"2927507";"Santa Bárbara";"BA";"Nordeste";20952;9631;11321;45,97;54,03;2050;-11,9393855198769;-38,9823209483119;40,2;6,1;37,8;5,4
"2927606";"Santa Brígida";"BA";"Nordeste";14965;5179;9786;34,61;65,39;3548;-9,76936328920059;-38,1694141767375;40,2;6,1;37,8;5,4
"2927705";"Santa Cruz Cabrália";"BA";"Nordeste";29185;23205;5980;79,51;20,49;9340;-16,2291307062231;-39,2008587040935;40,2;6,1;37,8;5,4
"2927804";"Santa Cruz da Vitória";"BA";"Nordeste";4681;4131;550;88,25;11,75;341;-14,8917828433282;-39,8147168887174;40,2;6,1;37,8;5,4
"2927903";"Santa Inês";"BA";"Nordeste";10300;9071;1229;88,07;11,93;171;-13,2846992772764;-39,8487881842324;40,2;6,1;37,8;5,4
"2928000";"Santaluz";"BA";"Nordeste";37834;24232;13602;64,05;35,95;15385;-11,2202463152267;-39,4851796682722;40,2;6,1;37,8;5,4
"2928059";"Santa Luzia";"BA";"Nordeste";13896;8359;5537;60,15;39,85;8730;-15,4481830182071;-39,2450710932722;40,2;6,1;37,8;5,4
"2928109";"Santa Maria da Vitória";"BA";"Nordeste";38604;24700;13904;63,98;36,02;4781;-13,2183778854351;-44,3799874177096;40,2;6,1;37,8;5,4
"2928208";"Santana";"BA";"Nordeste";24755;13931;10824;56,28;43,72;5841;-13,0656814501909;-43,9423786166867;40,2;6,1;37,8;5,4
"2928307";"Santanópolis";"BA";"Nordeste";8716;2048;6668;23,5;76,5;1637;-11,9751184662211;-38,8622693800299;40,2;6,1;37,8;5,4
"2928406";"Santa Rita de Cássia";"BA";"Nordeste";27390;17617;9773;64,32;35,68;4511;-11,0078542776747;-44,5556219773832;40,2;6,1;37,8;5,4
"2928505";"Santa Terezinha";"BA";"Nordeste";10441;2985;7456;28,59;71,41;370;-12,7341729360054;-39,5717404296029;40,2;6,1;37,8;5,4
"2928604";"Santo Amaro";"BA";"Nordeste";56012;43126;12886;76,99;23,01;1031;-12,5617675512773;-38,7644313783846;40,2;6,1;37,8;5,4
"2928703";"Santo Antônio de Jesus";"BA";"Nordeste";103055;92210;10845;89,48;10,52;2378;-13,0082517557161;-39,2266786136271;40,2;6,1;37,8;5,4
"2928802";"Santo Estêvão";"BA";"Nordeste";52276;34482;17794;65,96;34,04;7040;-12,4683386642951;-39,2690078422165;40,2;6,1;37,8;5,4
"2928901";"São Desidério";"BA";"Nordeste";32828;17111;15717;52,12;47,88;696125;-12,8025058767622;-45,492284566981;40,2;6,1;37,8;5,4
"2928950";"São Domingos";"BA";"Nordeste";8426;6030;2396;71,56;28,44;3472;-11,4544683384392;-39,5802610988445;40,2;6,1;37,8;5,4
"2929008";"São Félix";"BA";"Nordeste";11026;7115;3911;64,53;35,47;688;-12,6751876259518;-38,998984853029;40,2;6,1;37,8;5,4
"2929057";"São Félix do Coribe";"BA";"Nordeste";15194;11470;3724;75,49;24,51;2232;-13,5515723021651;-44,0298281060221;40,2;6,1;37,8;5,4
"2929107";"São Felipe";"BA";"Nordeste";20283;11168;9115;55,06;44,94;1787;-12,8453006432335;-39,0947055300218;40,2;6,1;37,8;5,4
"2929206";"São Francisco do Conde";"BA";"Nordeste";38733;36193;2540;93,44;6,56;330;-12,650786782023;-38,6320931527744;40,2;6,1;37,8;5,4
"2929255";"São Gabriel";"BA";"Nordeste";18600;11721;6879;63,02;36,98;3851;-11,0664545250527;-41,6982325178527;40,2;6,1;37,8;5,4
"2929305";"São Gonçalo dos Campos";"BA";"Nordeste";39513;28814;10699;72,92;27,08;1400;-12,4171386961734;-38,9414212708749;40,2;6,1;37,8;5,4
"2929354";"São José da Vitória";"BA";"Nordeste";5315;4540;775;85,42;14,58;3003;-15,0734072289704;-39,3537633996416;40,2;6,1;37,8;5,4
"2929370";"São José do Jacuípe";"BA";"Nordeste";10187;7277;2910;71,43;28,57;171;-11,4399906695181;-39,9102538834417;40,2;6,1;37,8;5,4
"2929404";"São Miguel das Matas";"BA";"Nordeste";10334;4061;6273;39,3;60,7;4510;-13,0540847325725;-39,4233821073729;40,2;6,1;37,8;5,4
"2929503";"São Sebastião do Passé";"BA";"Nordeste";40958;33738;7220;82,37;17,63;374;-12,5171751422594;-38,498251001051;40,2;6,1;37,8;5,4
"2929602";"Sapeaçu";"BA";"Nordeste";17963;10011;7952;55,73;44,27;2595;-12,7258877031252;-39,2128971265684;40,2;6,1;37,8;5,4
"2929701";"Sátiro Dias";"BA";"Nordeste";16008;5479;10529;34,23;65,77;11623;-11,5725100413376;-38,590134649696;40,2;6,1;37,8;5,4
"2929750";"Saubara";"BA";"Nordeste";11438;11169;269;97,65;2,35;109;-12,7751960027324;-38,7691313232195;40,2;6,1;37,8;5,4
"2929800";"Saúde";"BA";"Nordeste";10478;6012;4466;57,38;42,62;810;-10,9125845692718;-40,3813533561534;40,2;6,1;37,8;5,4
"2929909";"Seabra";"BA";"Nordeste";46160;24979;21181;54,11;45,89;3490;-12,4177089102401;-41,8847909121413;40,2;6,1;37,8;5,4
"2930006";"Sebastião Laranjeiras";"BA";"Nordeste";9360;4054;5306;43,31;56,69;1659;-14,5733881199947;-43,1272312057721;40,2;6,1;37,8;5,4
"2930105";"Senhor do Bonfim";"BA";"Nordeste";74523;62220;12303;83,49;16,51;3344;-10,4841369791332;-40,1152830207184;40,2;6,1;37,8;5,4
"2930154";"Serra do Ramalho";"BA";"Nordeste";34222;18290;15932;53,45;46,55;16150;-13,4840685195135;-43,6763340722489;40,2;6,1;37,8;5,4
"2930204";"Sento Sé";"BA";"Nordeste";38154;25146;13008;65,91;34,09;5388;-10,1079136317872;-41,6486024479825;40,2;6,1;37,8;5,4
"2930303";"Serra Dourada";"BA";"Nordeste";17066;6462;10604;37,86;62,14;1011;-12,8063159184457;-43,7975994549101;40,2;6,1;37,8;5,4
"2930402";"Serra Preta";"BA";"Nordeste";17996;8442;9554;46,91;53,09;1590;-12,095279432795;-39,3786152693436;40,2;6,1;37,8;5,4
"2930501";"Serrinha";"BA";"Nordeste";80435;53430;27005;66,43;33,57;3718;-11,6656408545918;-38,993783085223;40,2;6,1;37,8;5,4
"2930600";"Serrolândia";"BA";"Nordeste";13335;9346;3989;70,09;29,91;735;-11,4290452714712;-40,2609102717432;40,2;6,1;37,8;5,4
"2930709";"Simões Filho";"BA";"Nordeste";114559;112280;2279;98,01;1,99;215;-12,7676139222533;-38,4007082652981;40,2;6,1;37,8;5,4
"2930758";"Sítio do Mato";"BA";"Nordeste";13408;7440;5968;55,49;44,51;2202;-12,8550314555042;-43,4748025545669;40,2;6,1;37,8;5,4
"2930766";"Sítio do Quinto";"BA";"Nordeste";14773;7913;6860;53,56;46,44;9902;-10,3297864315527;-38,1515552596491;40,2;6,1;37,8;5,4
"2930774";"Sobradinho";"BA";"Nordeste";25475;22987;2488;90,23;9,77;1653;-9,65686887045614;-40,8832199027008;40,2;6,1;37,8;5,4
"2930808";"Souto Soares";"BA";"Nordeste";17054;6654;10400;39,02;60,98;4847;-12,0277427348349;-41,7895664648361;40,2;6,1;37,8;5,4
"2930907";"Tabocas do Brejo Velho";"BA";"Nordeste";11979;4320;7659;36,06;63,94;2702;-12,479842363667;-44,1556666620834;40,2;6,1;37,8;5,4
"2931004";"Tanhaçu";"BA";"Nordeste";21006;9288;11718;44,22;55,78;3646;-14,1459533710693;-41,1955188539626;40,2;6,1;37,8;5,4
"2931053";"Tanque Novo";"BA";"Nordeste";17158;9141;8017;53,28;46,72;1908;-13,5560340944166;-42,5374780289654;40,2;6,1;37,8;5,4
"2931103";"Tanquinho";"BA";"Nordeste";7717;5826;1891;75,5;24,5;3981;-11,9584193343791;-39,0942851659011;40,2;6,1;37,8;5,4
"2931202";"Taperoá";"BA";"Nordeste";18044;8452;9592;46,84;53,16;6598;-13,5729842800659;-39,2278166582553;40,2;6,1;37,8;5,4
"2931301";"Tapiramutá";"BA";"Nordeste";15818;11774;4044;74,43;25,57;1919;-11,876132892938;-40,7913980059793;40,2;6,1;37,8;5,4
"2931350";"Teixeira de Freitas";"BA";"Nordeste";145216;140983;4233;97,09;2,91;4545;-17,4240942246624;-39,7868909664085;40,2;6,1;37,8;5,4
"2931400";"Teodoro Sampaio";"BA";"Nordeste";7110;5841;1269;82,15;17,85;51;-12,2672552356125;-38,6151034885739;40,2;6,1;37,8;5,4
"2931509";"Teofilândia";"BA";"Nordeste";21176;8876;12300;41,92;58,08;4233;-11,4708544369307;-38,9510202329339;40,2;6,1;37,8;5,4
"2931608";"Teolândia";"BA";"Nordeste";15332;5203;10129;33,94;66,06;10435;-13,5544404542892;-39,4974955483683;40,2;6,1;37,8;5,4
"2931707";"Terra Nova";"BA";"Nordeste";10798;9674;1124;89,59;10,41;128;-12,3964015675444;-38,6022412758022;40,2;6,1;37,8;5,4
"2931806";"Tremedal";"BA";"Nordeste";16296;4296;12000;26,36;73,64;1934;-15,0533304043328;-41,471876638804;40,2;6,1;37,8;5,4
"2931905";"Tucano";"BA";"Nordeste";48736;26140;22596;53,64;46,36;12582;-11,0348918529243;-38,8114880713839;40,2;6,1;37,8;5,4
"2932002";"Uauá";"BA";"Nordeste";24665;11772;12893;47,73;52,27;7776;-9,90622313048756;-39,4622317187983;40,2;6,1;37,8;5,4
"2932101";"Ubaíra";"BA";"Nordeste";18626;9198;9428;49,38;50,62;5357;-13,2759629413;-39,6793132250157;40,2;6,1;37,8;5,4
"2932200";"Ubaitaba";"BA";"Nordeste";17596;15774;1822;89,65;10,35;2793;-14,2675723889216;-39,4217541622221;40,2;6,1;37,8;5,4
"2932309";"Ubatã";"BA";"Nordeste";16094;14350;1744;89,16;10,84;5768;-14,0961741484716;-39,5218102790447;40,2;6,1;37,8;5,4
"2932408";"Uibaí";"BA";"Nordeste";13432;8846;4586;65,86;34,14;3649;-11,3798332207777;-42,1040249731363;40,2;6,1;37,8;5,4
"2932457";"Umburanas";"BA";"Nordeste";13642;8392;5250;61,52;38,48;3800;-10,5758759931769;-41,2470015187841;40,2;6,1;37,8;5,4
"2932507";"Una";"BA";"Nordeste";18131;12227;5904;67,44;32,56;24852;-15,2191323658057;-39,151341900685;40,2;6,1;37,8;5,4
"2932606";"Urandi";"BA";"Nordeste";15355;6434;8921;41,9;58,1;1655;-14,7365868197092;-42,6839635468457;40,2;6,1;37,8;5,4
"2932705";"Uruçuca";"BA";"Nordeste";21420;16497;4923;77,02;22,98;22235;-14,5274592486365;-39,2315412765095;40,2;6,1;37,8;5,4
"2932804";"Utinga";"BA";"Nordeste";16277;11872;4405;72,94;27,06;1380;-12,0522163155938;-41,0690226665266;40,2;6,1;37,8;5,4
"2932903";"Valença";"BA";"Nordeste";85655;62487;23168;72,95;27,05;17092;-13,3474371951913;-39,1937152297091;40,2;6,1;37,8;5,4
"2933000";"Valente";"BA";"Nordeste";24362;16103;8259;66,1;33,9;3930;-11,3767775113669;-39,4497258240507;40,2;6,1;37,8;5,4
"2933059";"Várzea da Roça";"BA";"Nordeste";13800;7480;6320;54,2;45,8;2813;-11,5984630522849;-40,066577452457;40,2;6,1;37,8;5,4
"2933109";"Várzea do Poço";"BA";"Nordeste";8101;5493;2608;67,81;32,19;1856;-11,5410223034036;-40,3157587924828;40,2;6,1;37,8;5,4
"2933158";"Várzea Nova";"BA";"Nordeste";13377;9411;3966;70,35;29,65;6881;-11,1230650141796;-41,0199060165116;40,2;6,1;37,8;5,4
"2933174";"Varzedo";"BA";"Nordeste";9913;4286;5627;43,24;56,76;1939;-12,9564777408232;-39,3918685373469;40,2;6,1;37,8;5,4
"2933208";"Vera Cruz";"BA";"Nordeste";42529;41431;1098;97,42;2,58;213;-13,0072141559131;-38,6970277425168;40,2;6,1;37,8;5,4
"2933257";"Vereda";"BA";"Nordeste";6003;2997;3006;49,93;50,07;555;-17,1891141390362;-39,9603244162426;40,2;6,1;37,8;5,4
"2933307";"Vitória da Conquista";"BA";"Nordeste";370879;334412;36467;90,17;9,83;10255;-15,0221016225442;-40,912943792047;40,2;6,1;37,8;5,4
"2933406";"Wagner";"BA";"Nordeste";9503;6800;2703;71,56;28,44;1132;-12,2313996411065;-41,1458271100444;40,2;6,1;37,8;5,4
"2933455";"Wanderley";"BA";"Nordeste";12968;6705;6263;51,7;48,3;4059;-11,80878886835;-43,9067069940815;40,2;6,1;37,8;5,4
"2933505";"Wenceslau Guimarães";"BA";"Nordeste";24474;11695;12779;47,79;52,21;14856;-13,6285442680121;-39,6192622062186;40,2;6,1;37,8;5,4
"2933604";"Xique-Xique";"BA";"Nordeste";44757;34726;10031;77,59;22,41;1575;-10,9839847894322;-42,7796809624256;40,2;6,1;37,8;5,4
"3100104";"Abadia dos Dourados";"MG";"Sudeste";6272;4392;1880;70,03;29,97;8154;-18,3533038272871;-47,4590373834757;21,7;2,8;19,5;2,2
"3100203";"Abaeté";"MG";"Sudeste";22675;20260;2415;89,35;10,65;1529;-19,1027936334994;-45,358630648415;21,7;2,8;19,5;2,2
"3100302";"Abre Campo";"MG";"Sudeste";13927;8495;5432;61;39;5104;-20,2731539958709;-42,4426668665905;21,7;2,8;19,5;2,2
"3100401";"Acaiaca";"MG";"Sudeste";3909;2834;1075;72,5;27,5;202;-20,3997957707446;-43,1012924482385;21,7;2,8;19,5;2,2
"3100500";"Açucena";"MG";"Sudeste";8943;4521;4422;50,55;49,45;195;-19,0526663644315;-42,4507491959796;21,7;2,8;19,5;2,2
"3100609";"Água Boa";"MG";"Sudeste";12589;6742;5847;53,55;46,45;4387;-18,0272820202551;-42,2760153818307;21,7;2,8;19,5;2,2
"3100708";"Água Comprida";"MG";"Sudeste";2108;1651;457;78,32;21,68;48412;-20,0053665683278;-48,0842266151332;21,7;2,8;19,5;2,2
"3100807";"Aguanil";"MG";"Sudeste";4357;3407;950;78,2;21,8;4168;-20,9737269842507;-45,4220636905722;21,7;2,8;19,5;2,2
"3100906";"Águas Formosas";"MG";"Sudeste";18448;14496;3952;78,58;21,42;368;-17,0416743279942;-40,9739188819879;21,7;2,8;19,5;2,2
"3101003";"Águas Vermelhas";"MG";"Sudeste";14037;10340;3697;73,66;26,34;1282;-15,6831597329462;-41,5215112263652;21,7;2,8;19,5;2,2
"3101102";"Aimorés";"MG";"Sudeste";25269;20613;4656;81,57;18,43;2533;-19,6251754517902;-41,2138664512329;21,7;2,8;19,5;2,2
"3101201";"Aiuruoca";"MG";"Sudeste";6233;3126;3107;50,15;49,85;1897;-21,9545723262754;-44,6475803201082;21,7;2,8;19,5;2,2
"3101300";"Alagoa";"MG";"Sudeste";2749;1442;1307;52,46;47,54;92;-22,1866152982359;-44,6606000475875;21,7;2,8;19,5;2,2
"3101409";"Albertina";"MG";"Sudeste";2952;2107;845;71,38;28,62;1525;-22,1985926360953;-46,6137466726694;21,7;2,8;19,5;2,2
"3101508";"Além Paraíba";"MG";"Sudeste";30717;29115;1602;94,78;5,22;74;-21,8264759116961;-42,7464044143182;21,7;2,8;19,5;2,2
"3101607";"Alfenas";"MG";"Sudeste";78970;74923;4047;94,88;5,12;47699;-21,3886526477759;-45,9662340466652;21,7;2,8;19,5;2,2
"3101631";"Alfredo Vasconcelos";"MG";"Sudeste";6931;4864;2067;70,18;29,82;674;-21,1390829924885;-43,7124869052159;21,7;2,8;19,5;2,2
"3101706";"Almenara";"MG";"Sudeste";40364;34259;6105;84,88;15,12;633;-16,0910048014849;-40,7238382313239;21,7;2,8;19,5;2,2
"3101805";"Alpercata";"MG";"Sudeste";6903;5658;1245;81,96;18,04;156;-18,9837608329018;-42,0190897837775;21,7;2,8;19,5;2,2
"3101904";"Alpinópolis";"MG";"Sudeste";18300;15144;3156;82,75;17,25;13572;-20,8595505502187;-46,3761302745048;21,7;2,8;19,5;2,2
"3102001";"Alterosa";"MG";"Sudeste";13915;10501;3414;75,47;24,53;10210;-21,2252885185365;-46,1535577523944;21,7;2,8;19,5;2,2
"3102050";"Alto Caparaó";"MG";"Sudeste";5795;4660;1135;80,41;19,59;2672;-20,4584100212141;-41,8648156077195;21,7;2,8;19,5;2,2
"3102100";"Alto Rio Doce";"MG";"Sudeste";10891;5731;5160;52,62;47,38;2735;-21,03571572097;-43,4034423754354;21,7;2,8;19,5;2,2
"3102209";"Alvarenga";"MG";"Sudeste";3975;2116;1859;53,23;46,77;157;-19,4199252197135;-41,6954734713555;21,7;2,8;19,5;2,2
"3102308";"Alvinópolis";"MG";"Sudeste";15059;11542;3517;76,65;23,35;649;-20,1118050192269;-43,1525080614498;21,7;2,8;19,5;2,2
"3102407";"Alvorada de Minas";"MG";"Sudeste";4159;1861;2298;44,75;55,25;150;-18,7790847246586;-43,3676293941789;21,7;2,8;19,5;2,2
"3102506";"Amparo do Serra";"MG";"Sudeste";4541;2548;1993;56,11;43,89;1038;-20,5281406264702;-42,8049143628057;21,7;2,8;19,5;2,2
"3102605";"Andradas";"MG";"Sudeste";40553;31664;8889;78,08;21,92;10227;-22,0757534042491;-46,554748449253;21,7;2,8;19,5;2,2
"3102704";"Cachoeira de Pajeú";"MG";"Sudeste";9110;5891;3219;64,67;35,33;321;-15,9685023989442;-41,497966978556;21,7;2,8;19,5;2,2
"3102803";"Andrelândia";"MG";"Sudeste";11927;9964;1963;83,54;16,46;4562;-21,73881574896;-44,2696646095796;21,7;2,8;19,5;2,2
"3102852";"Angelândia";"MG";"Sudeste";7718;4521;3197;58,58;41,42;4527;-17,703350211004;-42,2828263697055;21,7;2,8;19,5;2,2
"3102902";"Antônio Carlos";"MG";"Sudeste";11095;8345;2750;75,21;24,79;998;-21,4105746176553;-43,7663732395765;21,7;2,8;19,5;2,2
"3103009";"Antônio Dias";"MG";"Sudeste";9219;4739;4480;51,4;48,6;106;-19,5670616920928;-42,8763442294196;21,7;2,8;19,5;2,2
"3103108";"Antônio Prado de Minas";"MG";"Sudeste";1538;1070;468;69,57;30,43;51;-21,022586546629;-42,1519342472937;21,7;2,8;19,5;2,2
"3103207";"Araçaí";"MG";"Sudeste";2181;1709;472;78,36;21,64;52;-19,2347242206004;-44,2184628499851;21,7;2,8;19,5;2,2
"3103306";"Aracitaba";"MG";"Sudeste";2049;1707;342;83,31;16,69;126;-21,3503394931258;-43,4037818461363;21,7;2,8;19,5;2,2
"3103405";"Araçuaí";"MG";"Sudeste";34297;25477;8820;74,28;25,72;2191;-16,9307322906078;-41,9931792280589;21,7;2,8;19,5;2,2
"3103504";"Araguari";"MG";"Sudeste";117808;111224;6584;94,41;5,59;82429;-18,5770563502654;-48,2221809599468;21,7;2,8;19,5;2,2
"3103603";"Arantina";"MG";"Sudeste";2915;2679;236;91,9;8,1;86;-21,8968677307919;-44,2270517593806;21,7;2,8;19,5;2,2
"3103702";"Araponga";"MG";"Sudeste";8048;3416;4632;42,45;57,55;5269;-20,662739285335;-42,4988342987847;21,7;2,8;19,5;2,2
"3103751";"Araporã";"MG";"Sudeste";8479;8143;336;96,04;3,96;16272;-18,4774098621766;-49,1272133293228;21,7;2,8;19,5;2,2
"3103801";"Arapuá";"MG";"Sudeste";2631;2076;555;78,91;21,09;962;-19,0413803882087;-46,1153178513568;21,7;2,8;19,5;2,2
"3103900";"Araújos";"MG";"Sudeste";9199;7890;1309;85,77;14,23;482;-19,8864216388492;-45,1809358089116;21,7;2,8;19,5;2,2
"3104007";"Araxá";"MG";"Sudeste";111691;109812;1879;98,32;1,68;26993;-19,6363524860142;-46,9721751769487;21,7;2,8;19,5;2,2
"3104106";"Arceburgo";"MG";"Sudeste";9177;8195;982;89,3;10,7;3235;-21,359434368653;-46,9419234609992;21,7;2,8;19,5;2,2
"3104205";"Arcos";"MG";"Sudeste";41416;39507;1909;95,39;4,61;12738;-20,2597265847901;-45,5472392030603;21,7;2,8;19,5;2,2
"3104304";"Areado";"MG";"Sudeste";13881;12199;1682;87,88;12,12;7522;-21,3560292344529;-46,1423116979256;21,7;2,8;19,5;2,2
"3104403";"Argirita";"MG";"Sudeste";2688;2150;538;79,99;20,01;72;-21,6353091868319;-42,8324321950779;21,7;2,8;19,5;2,2
"3104452";"Aricanduva";"MG";"Sudeste";4719;2369;2350;50,2;49,8;1860;-17,8811739527483;-42,6055524862098;21,7;2,8;19,5;2,2
"3104502";"Arinos";"MG";"Sudeste";17272;11474;5798;66,43;33,57;21617;-15,7505775101828;-45,98842840802;21,7;2,8;19,5;2,2
"3104601";"Astolfo Dutra";"MG";"Sudeste";14138;12687;1451;89,74;10,26;349;-21,3154152399614;-42,8793374456858;21,7;2,8;19,5;2,2
"3104700";"Ataléia";"MG";"Sudeste";13736;8084;5652;58,85;41,15;668;-18,1633564457835;-41,1514395867697;21,7;2,8;19,5;2,2
"3104809";"Augusto de Lima";"MG";"Sudeste";4538;2892;1646;63,73;36,27;1052;-18,1088932216454;-44,1980550575831;21,7;2,8;19,5;2,2
"3104908";"Baependi";"MG";"Sudeste";18366;14568;3798;79,32;20,68;3464;-22,016737091285;-44,8221170403944;21,7;2,8;19,5;2,2
"3105004";"Baldim";"MG";"Sudeste";7492;5685;1807;75,88;24,12;1520;-19,2628444712232;-43,8633087193401;21,7;2,8;19,5;2,2
"3105103";"Bambuí";"MG";"Sudeste";23546;20672;2874;87,79;12,21;37930;-20,11083959121;-45,998800342301;21,7;2,8;19,5;2,2
"3105202";"Bandeira";"MG";"Sudeste";4741;2579;2162;54,4;45,6;235;-15,877676889604;-40,580960115196;21,7;2,8;19,5;2,2
"3105301";"Bandeira do Sul";"MG";"Sudeste";5943;5415;528;91,12;8,88;489;-21,7241325673888;-46,3849928576133;21,7;2,8;19,5;2,2
"3105400";"Barão de Cocais";"MG";"Sudeste";30778;29324;1454;95,28;4,72;137;-19,8915498247219;-43,4955120696403;21,7;2,8;19,5;2,2
"3105509";"Barão de Monte Alto";"MG";"Sudeste";4964;3999;965;80,56;19,44;78;-21,2647944162923;-42,278416867356;21,7;2,8;19,5;2,2
"3105608";"Barbacena";"MG";"Sudeste";125317;115454;9863;92,13;7,87;4468;-21,2515180464799;-43,8005515147549;21,7;2,8;19,5;2,2
"3105707";"Barra Longa";"MG";"Sudeste";5666;3633;2033;64,12;35,88;553;-20,275587886252;-43,066189333164;21,7;2,8;19,5;2,2
"3105905";"Barroso";"MG";"Sudeste";20080;19522;558;97,22;2,78;82;-21,1833074269479;-43,9578000039398;21,7;2,8;19,5;2,2
"3106002";"Bela Vista de Minas";"MG";"Sudeste";10167;9863;304;97,01;2,99;15;-19,7980196949092;-43,1055710130161;21,7;2,8;19,5;2,2
"3106101";"Belmiro Braga";"MG";"Sudeste";3244;1888;1356;58,2;41,8;71;-21,9858225973445;-43,4686738515471;21,7;2,8;19,5;2,2
"3106200";"Belo Horizonte";"MG";"Sudeste";2315560;2315560;NA;100;NA;NA;-19,9026744376982;-43,9599546044853;21,7;2,8;19,5;2,2
"3106309";"Belo Oriente";"MG";"Sudeste";23928;20435;3493;85,4;14,6;348;-19,2593750692842;-42,4504141504302;21,7;2,8;19,5;2,2
"3106408";"Belo Vale";"MG";"Sudeste";8627;4311;4316;49,97;50,03;3223;-20,4246771876455;-44,0600889690024;21,7;2,8;19,5;2,2
"3106507";"Berilo";"MG";"Sudeste";9826;4555;5271;46,36;53,64;931;-16,8623259736818;-42,4943009647158;21,7;2,8;19,5;2,2
"3106606";"Bertópolis";"MG";"Sudeste";4451;2631;1820;59,11;40,89;71;-16,9744641417617;-40,5742090824322;21,7;2,8;19,5;2,2
"3106655";"Berizal";"MG";"Sudeste";4201;3359;842;79,96;20,04;418;-15,6841575426227;-41,7617149332711;21,7;2,8;19,5;2,2
"3106705";"Betim";"MG";"Sudeste";411846;409949;1897;99,54;0,46;107;-19,9474094441248;-44,199215039916;21,7;2,8;19,5;2,2
"3106804";"Bias Fortes";"MG";"Sudeste";3361;1556;1805;46,3;53,7;109;-21,6246995343745;-43,7736383304706;21,7;2,8;19,5;2,2
"3106903";"Bicas";"MG";"Sudeste";13978;13315;663;95,26;4,74;62;-21,7314539787496;-43,1047222641494;21,7;2,8;19,5;2,2
"3107000";"Biquinhas";"MG";"Sudeste";2383;1721;662;72,22;27,78;770;-18,7571734297612;-45,5395140054127;21,7;2,8;19,5;2,2
"3107109";"Boa Esperança";"MG";"Sudeste";39848;34677;5171;87,02;12,98;28774;-21,0485533261819;-45,62121118694;21,7;2,8;19,5;2,2
"3107208";"Bocaina de Minas";"MG";"Sudeste";5348;2631;2717;49,2;50,8;196;-22,2157667237964;-44,4827462088663;21,7;2,8;19,5;2,2
"3107307";"Bocaiúva";"MG";"Sudeste";48032;41558;6474;86,52;13,48;2765;-17,2896410280518;-43,6865235147801;21,7;2,8;19,5;2,2
"3107406";"Bom Despacho";"MG";"Sudeste";51737;48828;2909;94,38;5,62;19370;-19,6845054747238;-45,2861146866568;21,7;2,8;19,5;2,2
"3107505";"Bom Jardim de Minas";"MG";"Sudeste";6783;6081;702;89,65;10,35;90;-21,9500541166951;-44,1269873685262;21,7;2,8;19,5;2,2
"3107604";"Bom Jesus da Penha";"MG";"Sudeste";4474;3464;1010;77,43;22,57;10366;-21,0137578261462;-46,5290683325485;21,7;2,8;19,5;2,2
"3107703";"Bom Jesus do Amparo";"MG";"Sudeste";5631;3374;2257;59,92;40,08;174;-19,717739140573;-43,4686223602458;21,7;2,8;19,5;2,2
"3107802";"Bom Jesus do Galho";"MG";"Sudeste";14536;10303;4233;70,88;29,12;2592;-19,7422281330528;-42,3510754722223;21,7;2,8;19,5;2,2
"3107901";"Bom Repouso";"MG";"Sudeste";12649;7007;5642;55,4;44,6;1383;-22,4458619446264;-46,1843148853043;21,7;2,8;19,5;2,2
"3108008";"Bom Sucesso";"MG";"Sudeste";17151;15012;2139;87,53;12,47;5555;-21,0263643918232;-44,7841310163682;21,7;2,8;19,5;2,2
"3108107";"Bonfim";"MG";"Sudeste";7434;3921;3513;52,74;47,26;1252;-20,3214541413536;-44,2148186780825;21,7;2,8;19,5;2,2
"3108206";"Bonfinópolis de Minas";"MG";"Sudeste";5528;3849;1679;69,63;30,37;37606;-16,4863276324672;-46,1904764838045;21,7;2,8;19,5;2,2
"3108255";"Bonito de Minas";"MG";"Sudeste";10204;3847;6357;37,7;62,3;2214;-14,9925454792283;-44,8967893767966;21,7;2,8;19,5;2,2
"3108305";"Borda da Mata";"MG";"Sudeste";17404;14243;3161;81,84;18,16;1361;-22,2565631850219;-46,1517969742476;21,7;2,8;19,5;2,2
"3108404";"Botelhos";"MG";"Sudeste";14828;11460;3368;77,29;22,71;8285;-21,6363012355839;-46,4194034011062;21,7;2,8;19,5;2,2
"3108503";"Botumirim";"MG";"Sudeste";5790;3518;2272;60,76;39,24;1178;-16,9377915963458;-43,0056560391911;21,7;2,8;19,5;2,2
"3108552";"Brasilândia de Minas";"MG";"Sudeste";15020;13624;1396;90,71;9,29;13880;-16,9569789237906;-45,9026088746961;21,7;2,8;19,5;2,2
"3108602";"Brasília de Minas";"MG";"Sudeste";32025;22961;9064;71,7;28,3;1154;-16,2426556671253;-44,4390691786341;21,7;2,8;19,5;2,2
"3108701";"Brás Pires";"MG";"Sudeste";4260;2658;1602;62,39;37,61;735;-20,8751204503963;-43,2274741454323;21,7;2,8;19,5;2,2
"3108800";"Braúnas";"MG";"Sudeste";4441;1644;2797;37,02;62,98;389;-19,0256940543442;-42,7164498206226;21,7;2,8;19,5;2,2
"3108909";"Brazópolis";"MG";"Sudeste";14246;8903;5343;62,49;37,51;2741;-22,4911569392716;-45,6280223928328;21,7;2,8;19,5;2,2
"3109006";"Brumadinho";"MG";"Sudeste";38915;33233;5682;85,4;14,6;1928;-20,1778138256356;-44,1226877645939;21,7;2,8;19,5;2,2
"3109105";"Bueno Brandão";"MG";"Sudeste";10911;5396;5515;49,45;50,55;4184;-22,485951161178;-46,3552758995606;21,7;2,8;19,5;2,2
"3109204";"Buenópolis";"MG";"Sudeste";9150;7416;1734;81,05;18,95;3989;-17,8805411272576;-44,0412992973664;21,7;2,8;19,5;2,2
"3109253";"Bugre";"MG";"Sudeste";4041;1875;2166;46,4;53,6;91;-19,3577105735494;-42,3109297445488;21,7;2,8;19,5;2,2
"3109303";"Buritis";"MG";"Sudeste";24030;18516;5514;77,05;22,95;131769;-15,4530492079998;-46,6044123888614;21,7;2,8;19,5;2,2
"3109402";"Buritizeiro";"MG";"Sudeste";23910;21793;2117;91,15;8,85;40250;-17,2854840797766;-45,1916669422255;21,7;2,8;19,5;2,2
"3109451";"Cabeceira Grande";"MG";"Sudeste";6627;5327;1300;80,38;19,62;48044;-16,0761988465534;-47,1236580162597;21,7;2,8;19,5;2,2
"3109501";"Cabo Verde";"MG";"Sudeste";11410;7167;4243;62,81;37,19;11404;-21,4815876810761;-46,391520027493;21,7;2,8;19,5;2,2
"3109600";"Cachoeira da Prata";"MG";"Sudeste";3693;3453;240;93,5;6,5;24;-19,5169283914725;-44,4721087960962;21,7;2,8;19,5;2,2
"3109709";"Cachoeira de Minas";"MG";"Sudeste";11883;8016;3867;67,46;32,54;3974;-22,3623986621843;-45,792782974109;21,7;2,8;19,5;2,2
"3109808";"Cachoeira Dourada";"MG";"Sudeste";2315;2026;289;87,52;12,48;16021;-18,6073297154076;-49,4789000744435;21,7;2,8;19,5;2,2
"3109907";"Caetanópolis";"MG";"Sudeste";11435;8766;2669;76,66;23,34;549;-19,3424674879808;-44,4034507652322;21,7;2,8;19,5;2,2
"3110004";"Caeté";"MG";"Sudeste";38776;34809;3967;89,77;10,23;412;-19,86775431821;-43,6369144315786;21,7;2,8;19,5;2,2
"3110103";"Caiana";"MG";"Sudeste";5304;2862;2442;53,96;46,04;3757;-20,7253434713622;-41,9083529700164;21,7;2,8;19,5;2,2
"3110202";"Cajuri";"MG";"Sudeste";4088;2285;1803;55,9;44,1;1745;-20,7853133536064;-42,7640097588726;21,7;2,8;19,5;2,2
"3110301";"Caldas";"MG";"Sudeste";14217;8991;5226;63,24;36,76;5009;-21,8907703298265;-46,3636251707217;21,7;2,8;19,5;2,2
"3110400";"Camacho";"MG";"Sudeste";2838;1595;1243;56,2;43,8;3324;-20,6408754025143;-45,1321873039884;21,7;2,8;19,5;2,2
"3110509";"Camanducaia";"MG";"Sudeste";26097;18759;7338;71,88;28,12;554;-22,7869026170717;-46,0747687395801;21,7;2,8;19,5;2,2
"3110608";"Cambuí";"MG";"Sudeste";29536;25146;4390;85,14;14,86;621;-22,582722730546;-46,0783272287719;21,7;2,8;19,5;2,2
"3110707";"Cambuquira";"MG";"Sudeste";12313;10198;2115;82,82;17,18;7077;-21,8590036597528;-45,26177273598;21,7;2,8;19,5;2,2
"3110806";"Campanário";"MG";"Sudeste";2923;2485;438;85,02;14,98;95;-18,2839318449187;-41,7344614957074;21,7;2,8;19,5;2,2
"3110905";"Campanha";"MG";"Sudeste";15935;13929;2006;87,41;12,59;11708;-21,8438744692148;-45,4084382825173;21,7;2,8;19,5;2,2
"3111002";"Campestre";"MG";"Sudeste";20696;12633;8063;61,04;38,96;16495;-21,710325047644;-46,2215224796197;21,7;2,8;19,5;2,2
"3111101";"Campina Verde";"MG";"Sudeste";18011;13915;4096;77,26;22,74;13701;-19,4791745719969;-49,8099559060806;21,7;2,8;19,5;2,2
"3111150";"Campo Azul";"MG";"Sudeste";3714;2160;1554;58,16;41,84;426;-16,5087551630729;-44,7632352099326;21,7;2,8;19,5;2,2
"3111200";"Campo Belo";"MG";"Sudeste";52277;50241;2036;96,11;3,89;8575;-20,9197067874848;-45,2559406991073;21,7;2,8;19,5;2,2
"3111309";"Campo do Meio";"MG";"Sudeste";11377;9565;1812;84,07;15,93;9436;-21,1136526514323;-45,8496178376071;21,7;2,8;19,5;2,2
"3111408";"Campo Florido";"MG";"Sudeste";8466;7039;1427;83,14;16,86;82327;-19,7133832255929;-48,6478454972998;21,7;2,8;19,5;2,2
"3111507";"Campos Altos";"MG";"Sudeste";12979;11786;1193;90,81;9,19;20342;-19,6048263781888;-46,1970479053806;21,7;2,8;19,5;2,2
"3111606";"Campos Gerais";"MG";"Sudeste";26105;19267;6838;73,81;26,19;27571;-21,2588159207816;-45,7535618410366;21,7;2,8;19,5;2,2
"3111705";"Canaã";"MG";"Sudeste";4715;2209;2506;46,85;53,15;1698;-20,6668433930551;-42,6218844743237;21,7;2,8;19,5;2,2
"3111804";"Canápolis";"MG";"Sudeste";10608;9684;924;91,29;8,71;59009;-18,757866119213;-49,2718530493096;21,7;2,8;19,5;2,2
"3111903";"Cana Verde";"MG";"Sudeste";5272;4511;761;85,57;14,43;1320;-21,0330395119597;-45,1856904009473;21,7;2,8;19,5;2,2
"3112000";"Candeias";"MG";"Sudeste";14001;10896;3105;77,82;22,18;16030;-20,7485131452053;-45,2796015818941;21,7;2,8;19,5;2,2
"3112059";"Cantagalo";"MG";"Sudeste";3974;2586;1388;65,07;34,93;161;-18,5162044226105;-42,6486932493935;21,7;2,8;19,5;2,2
"3112109";"Caparaó";"MG";"Sudeste";5048;2480;2568;49,13;50,87;5750;-20,5273133674876;-41,9492927098404;21,7;2,8;19,5;2,2
"3112208";"Capela Nova";"MG";"Sudeste";4362;2398;1964;54,97;45,03;1049;-20,917311574249;-43,608605907692;21,7;2,8;19,5;2,2
"3112307";"Capelinha";"MG";"Sudeste";39626;32578;7048;82,21;17,79;9368;-17,6928474307313;-42,4919835485867;21,7;2,8;19,5;2,2
"3112406";"Capetinga";"MG";"Sudeste";6562;5724;838;87,23;12,77;9744;-20,6573747337386;-47,0317877378253;21,7;2,8;19,5;2,2
"3112505";"Capim Branco";"MG";"Sudeste";10663;10183;480;95,5;4,5;73;-19,5700844505952;-44,1677930830673;21,7;2,8;19,5;2,2
"3112604";"Capinópolis";"MG";"Sudeste";14655;13929;726;95,05;4,95;61825;-18,6872211928513;-49,5815792730264;21,7;2,8;19,5;2,2
"3112653";"Capitão Andrade";"MG";"Sudeste";4585;3490;1095;76,12;23,88;90;-19,0511825486653;-41,822102534583;21,7;2,8;19,5;2,2
"3112703";"Capitão Enéas";"MG";"Sudeste";14108;12174;1934;86,29;13,71;1516;-16,1361184970517;-43,6646401756563;21,7;2,8;19,5;2,2
"3112802";"Capitólio";"MG";"Sudeste";10380;8055;2325;77,6;22,4;3918;-20,6126449916418;-46,144254310133;21,7;2,8;19,5;2,2
"3112901";"Caputira";"MG";"Sudeste";8936;5021;3915;56,19;43,81;5047;-20,1764690134186;-42,2524176328778;21,7;2,8;19,5;2,2
"3113008";"Caraí";"MG";"Sudeste";19548;9891;9657;50,6;49,4;1348;-17,1736440070522;-41,5835388666176;21,7;2,8;19,5;2,2
"3113107";"Caranaíba";"MG";"Sudeste";2933;1268;1665;43,23;56,77;345;-20,8911858448585;-43,7207099894833;21,7;2,8;19,5;2,2
"3113206";"Carandaí";"MG";"Sudeste";23812;19051;4761;80,01;19,99;9530;-20,9967034232984;-43,8443668211387;21,7;2,8;19,5;2,2
"3113305";"Carangola";"MG";"Sudeste";31240;26158;5082;83,73;16,27;5023;-20,7026282479309;-42,0875779451791;21,7;2,8;19,5;2,2
"3113404";"Caratinga";"MG";"Sudeste";87360;73299;14061;83,9;16,1;13824;-19,7120979912816;-42,1021275907186;21,7;2,8;19,5;2,2
"3113503";"Carbonita";"MG";"Sudeste";8512;7498;1014;88,09;11,91;703;-17,4941064610964;-43,0577333618037;21,7;2,8;19,5;2,2
"3113602";"Careaçu";"MG";"Sudeste";6816;5143;1673;75,45;24,55;2713;-22,0786281840283;-45,6643764873078;21,7;2,8;19,5;2,2
"3113701";"Carlos Chagas";"MG";"Sudeste";18615;12811;5804;68,82;31,18;204;-17,6741218603154;-40,8419460589559;21,7;2,8;19,5;2,2
"3113800";"Carmésia";"MG";"Sudeste";2605;1263;1342;48,48;51,52;132;-19,0604304685481;-43,1744537258592;21,7;2,8;19,5;2,2
"3113909";"Carmo da Cachoeira";"MG";"Sudeste";11547;8942;2605;77,44;22,56;20289;-21,4539644507069;-45,1963436502395;21,7;2,8;19,5;2,2
"3114006";"Carmo da Mata";"MG";"Sudeste";11019;9333;1686;84,7;15,3;2222;-20,5596557382175;-44,8917904555713;21,7;2,8;19,5;2,2
"3114105";"Carmo de Minas";"MG";"Sudeste";13797;10838;2959;78,55;21,45;6891;-22,0919995253743;-45,1615537271762;21,7;2,8;19,5;2,2
"3114204";"Carmo do Cajuru";"MG";"Sudeste";23479;21326;2153;90,83;9,17;519;-20,1965252060682;-44,7011641645144;21,7;2,8;19,5;2,2
"3114303";"Carmo do Paranaíba";"MG";"Sudeste";29011;25752;3259;88,77;11,23;17262;-18,9076081670798;-46,185057484916;21,7;2,8;19,5;2,2
"3114402";"Carmo do Rio Claro";"MG";"Sudeste";20954;15917;5037;75,96;24,04;26746;-20,9721347425507;-46,0991706566288;21,7;2,8;19,5;2,2
"3114501";"Carmópolis de Minas";"MG";"Sudeste";18003;15296;2707;84,96;15,04;1150;-20,5618879990413;-44,6479032136617;21,7;2,8;19,5;2,2
"3114550";"Carneirinho";"MG";"Sudeste";9422;7520;1902;79,81;20,19;24633;-19,750167115443;-50,8298147721939;21,7;2,8;19,5;2,2
"3114600";"Carrancas";"MG";"Sudeste";4049;2904;1145;71,72;28,28;19579;-21,4962962831144;-44,6120252215717;21,7;2,8;19,5;2,2
"3114709";"Carvalhópolis";"MG";"Sudeste";3341;2481;860;74,26;25,74;2401;-21,772846741615;-45,8304462959051;21,7;2,8;19,5;2,2
"3114808";"Carvalhos";"MG";"Sudeste";4422;2840;1582;64,22;35,78;272;-22,0225621832816;-44,4886264176812;21,7;2,8;19,5;2,2
"3114907";"Casa Grande";"MG";"Sudeste";2214;1197;1017;54,07;45,93;5597;-20,8361832030893;-43,938022508092;21,7;2,8;19,5;2,2
"3115003";"Cascalho Rico";"MG";"Sudeste";2712;1862;850;68,66;31,34;2655;-18,568664601722;-47,8769762419084;21,7;2,8;19,5;2,2
"3115102";"Cássia";"MG";"Sudeste";17155;14882;2273;86,75;13,25;14362;-20,5425624188613;-46,929072441224;21,7;2,8;19,5;2,2
"3115201";"Conceição da Barra de Minas";"MG";"Sudeste";3560;2578;982;72,42;27,58;1452;-21,1451224319888;-44,493042009728;21,7;2,8;19,5;2,2
"3115300";"Cataguases";"MG";"Sudeste";66261;63702;2559;96,14;3,86;154;-21,3424212460182;-42,6740724550987;21,7;2,8;19,5;2,2
"3115359";"Catas Altas";"MG";"Sudeste";5473;4850;623;88,62;11,38;131;-20,0755234817158;-43,4078025907902;21,7;2,8;19,5;2,2
"3115409";"Catas Altas da Noruega";"MG";"Sudeste";3110;1514;1596;48,68;51,32;464;-20,6695305376118;-43,5000490938415;21,7;2,8;19,5;2,2
"3115458";"Catuji";"MG";"Sudeste";7030;3206;3824;45,6;54,4;824;-17,3718128867375;-41,498472598874;21,7;2,8;19,5;2,2
"3115474";"Catuti";"MG";"Sudeste";4739;2846;1893;60,05;39,95;556;-15,3356540955747;-43,0973656959892;21,7;2,8;19,5;2,2
"3115508";"Caxambu";"MG";"Sudeste";21056;20677;379;98,2;1,8;121;-21,9775711886429;-44,9473091121367;21,7;2,8;19,5;2,2
"3115607";"Cedro do Abaeté";"MG";"Sudeste";1081;957;124;88,53;11,47;105;-19,1207842044481;-45,6985990654078;21,7;2,8;19,5;2,2
"3115706";"Central de Minas";"MG";"Sudeste";6171;5251;920;85,09;14,91;155;-18,7683479873786;-41,2948288890691;21,7;2,8;19,5;2,2
"3115805";"Centralina";"MG";"Sudeste";10207;9763;444;95,65;4,35;26298;-18,632547069534;-49,1625647515483;21,7;2,8;19,5;2,2
"3115904";"Chácara";"MG";"Sudeste";3075;2284;791;74,28;25,72;20;-21,6866268222475;-43,2132807386878;21,7;2,8;19,5;2,2
"3116001";"Chalé";"MG";"Sudeste";6075;3711;2364;61,09;38,91;2799;-20,0309705923037;-41,6597880752341;21,7;2,8;19,5;2,2
"3116100";"Chapada do Norte";"MG";"Sudeste";10337;4505;5832;43,58;56,42;511;-17,147291235691;-42,4123690675858;21,7;2,8;19,5;2,2
"3116159";"Chapada Gaúcha";"MG";"Sudeste";12355;8541;3814;69,13;30,87;48444;-15,469210219287;-45,4587634030437;21,7;2,8;19,5;2,2
"3116209";"Chiador";"MG";"Sudeste";2800;2099;701;74,96;25,04;54;-22,0028796303901;-43,0294100462032;21,7;2,8;19,5;2,2
"3116308";"Cipotânea";"MG";"Sudeste";5581;3392;2189;60,78;39,22;1009;-20,9239161877898;-43,3580976612344;21,7;2,8;19,5;2,2
"3116407";"Claraval";"MG";"Sudeste";4658;2502;2156;53,71;46,29;4617;-20,369434700521;-47,2395333703619;21,7;2,8;19,5;2,2
"3116506";"Claro dos Poções";"MG";"Sudeste";7166;5252;1914;73,29;26,71;1216;-17,0686043877319;-44,2280641223461;21,7;2,8;19,5;2,2
"3116605";"Cláudio";"MG";"Sudeste";30159;26638;3521;88,33;11,67;3774;-20,3973676977925;-44,7759771236416;21,7;2,8;19,5;2,2
"3116704";"Coimbra";"MG";"Sudeste";7117;5478;1639;76,97;23,03;2002;-20,8438422823146;-42,7915432729099;21,7;2,8;19,5;2,2
"3116803";"Coluna";"MG";"Sudeste";8163;4027;4136;49,33;50,67;342;-18,2480728001326;-42,8393477306749;21,7;2,8;19,5;2,2
"3116902";"Comendador Gomes";"MG";"Sudeste";2773;1756;1017;63,32;36,68;22504;-19,6722222511139;-49,0709918798658;21,7;2,8;19,5;2,2
"3117009";"Comercinho";"MG";"Sudeste";6660;3139;3521;47,13;52,87;99;-16,2849587769653;-41,7675064421446;21,7;2,8;19,5;2,2
"3117108";"Conceição da Aparecida";"MG";"Sudeste";10371;7058;3313;68,06;31,94;11564;-21,0969351456291;-46,2259576860701;21,7;2,8;19,5;2,2
"3117207";"Conceição das Pedras";"MG";"Sudeste";2772;1607;1165;57,97;42,03;2429;-22,1469729253572;-45,4250493252019;21,7;2,8;19,5;2,2
"3117306";"Conceição das Alagoas";"MG";"Sudeste";28381;26991;1390;95,1;4,9;111978;-19,9597717610751;-48,3614554919823;21,7;2,8;19,5;2,2
"3117405";"Conceição de Ipanema";"MG";"Sudeste";4409;1540;2869;34,93;65,07;1294;-19,9135173810043;-41,6866952330109;21,7;2,8;19,5;2,2
"3117504";"Conceição do Mato Dentro";"MG";"Sudeste";23163;17962;5201;77,55;22,45;1019;-18,9368577718563;-43,5081715597234;21,7;2,8;19,5;2,2
"3117603";"Conceição do Pará";"MG";"Sudeste";5415;2153;3262;39,76;60,24;351;-19,7856249146024;-44,8718116976476;21,7;2,8;19,5;2,2
"3117702";"Conceição do Rio Verde";"MG";"Sudeste";12541;11279;1262;89,94;10,06;17273;-21,8973957751389;-45,0908424771033;21,7;2,8;19,5;2,2
"3117801";"Conceição dos Ouros";"MG";"Sudeste";10880;9020;1860;82,9;17,1;2386;-22,4476894646165;-45,775160102548;21,7;2,8;19,5;2,2
"3117836";"Cônego Marinho";"MG";"Sudeste";7237;3622;3615;50,05;49,95;1026;-14,9845290224572;-44,5965356702058;21,7;2,8;19,5;2,2
"3117876";"Confins";"MG";"Sudeste";7350;7111;239;96,75;3,25;15;-19,6421487757882;-43,9748951331201;21,7;2,8;19,5;2,2
"3117900";"Congonhal";"MG";"Sudeste";11083;8349;2734;75,33;24,67;1122;-22,1434373770736;-46,0414336432732;21,7;2,8;19,5;2,2
"3118007";"Congonhas";"MG";"Sudeste";52890;51131;1759;96,67;3,33;203;-20,5160879916799;-43,8617145291724;21,7;2,8;19,5;2,2
"3118106";"Congonhas do Norte";"MG";"Sudeste";4831;3611;1220;74,75;25,25;326;-18,8632827309102;-43,6872246010979;21,7;2,8;19,5;2,2
"3118205";"Conquista";"MG";"Sudeste";6694;6010;684;89,78;10,22;44065;-19,8835733754763;-47,623939965788;21,7;2,8;19,5;2,2
"3118304";"Conselheiro Lafaiete";"MG";"Sudeste";131621;127182;4439;96,63;3,37;1121;-20,6659918232731;-43,788673119212;21,7;2,8;19,5;2,2
"3118403";"Conselheiro Pena";"MG";"Sudeste";20824;17033;3791;81,8;18,2;4705;-19,1700653076802;-41,4565013495097;21,7;2,8;19,5;2,2
"3118502";"Consolação";"MG";"Sudeste";1563;984;579;62,96;37,04;120;-22,53634725891;-45,915554258379;21,7;2,8;19,5;2,2
"3118601";"Contagem";"MG";"Sudeste";621863;621016;847;99,86;0,14;2;-19,8871905047605;-44,083966865164;21,7;2,8;19,5;2,2
"3118700";"Coqueiral";"MG";"Sudeste";9023;6779;2244;75,13;24,87;13393;-21,1690276987702;-45,4153408932148;21,7;2,8;19,5;2,2
"3118809";"Coração de Jesus";"MG";"Sudeste";25377;15465;9912;60,94;39,06;6221;-16,6132180144869;-44,3786079599695;21,7;2,8;19,5;2,2
"3118908";"Cordisburgo";"MG";"Sudeste";7547;4615;2932;61,15;38,85;290;-19,0921348278148;-44,2049623493359;21,7;2,8;19,5;2,2
"3119005";"Cordislândia";"MG";"Sudeste";3200;2720;480;85;15;6999;-21,7818991399369;-45,662092851205;21,7;2,8;19,5;2,2
"3119104";"Corinto";"MG";"Sudeste";23532;21396;2136;90,92;9,08;2064;-18,3353826858761;-44,6174600468792;21,7;2,8;19,5;2,2
"3119203";"Coroaci";"MG";"Sudeste";10884;6218;4666;57,13;42,87;368;-18,6169986703256;-42,2685284827907;21,7;2,8;19,5;2,2
"3119302";"Coromandel";"MG";"Sudeste";28894;23983;4911;83;17;126903;-18,4128072315489;-47,1369767062971;21,7;2,8;19,5;2,2
"3119401";"Coronel Fabriciano";"MG";"Sudeste";104736;102795;1941;98,15;1,85;20;-19,4585685383962;-42,6899976763158;21,7;2,8;19,5;2,2
"3119500";"Coronel Murta";"MG";"Sudeste";8200;6471;1729;78,91;21,09;522;-16,5912069476863;-42,1763633764252;21,7;2,8;19,5;2,2
"3119609";"Coronel Pacheco";"MG";"Sudeste";2762;1833;929;66,36;33,64;274;-21,6045743492042;-43,2930461297254;21,7;2,8;19,5;2,2
"3119708";"Coronel Xavier Chaves";"MG";"Sudeste";3486;1959;1527;56,2;43,8;1116;-21,024651692707;-44,1965668921392;21,7;2,8;19,5;2,2
"3119807";"Córrego Danta";"MG";"Sudeste";2960;1908;1052;64,46;35,54;1835;-19,7815161523015;-45,9829300011203;21,7;2,8;19,5;2,2
"3119906";"Córrego do Bom Jesus";"MG";"Sudeste";4272;2327;1945;54,47;45,53;161;-22,6344620697227;-45,9932076151189;21,7;2,8;19,5;2,2
"3119955";"Córrego Fundo";"MG";"Sudeste";6133;5436;697;88,64;11,36;1735;-20,4507524959165;-45,532155003456;21,7;2,8;19,5;2,2
"3120003";"Córrego Novo";"MG";"Sudeste";2875;1936;939;67,34;32,66;286;-19,8304939665337;-42,4456030470689;21,7;2,8;19,5;2,2
"3120102";"Couto de Magalhães de Minas";"MG";"Sudeste";4245;3894;351;91,73;8,27;100;-18,0843421388454;-43,4399166556564;21,7;2,8;19,5;2,2
"3120151";"Crisólita";"MG";"Sudeste";5265;3235;2030;61,44;38,56;99;-17,2401248419281;-40,9615322720233;21,7;2,8;19,5;2,2
"3120201";"Cristais";"MG";"Sudeste";12197;10168;2029;83,36;16,64;13434;-20,8110472469576;-45,5573874622235;21,7;2,8;19,5;2,2
"3120300";"Cristália";"MG";"Sudeste";5121;3065;2056;59,85;40,15;1139;-16,7186594016605;-42,821040383448;21,7;2,8;19,5;2,2
"3120409";"Cristiano Otoni";"MG";"Sudeste";4667;3813;854;81,7;18,3;1138;-20,8355306647292;-43,826824098282;21,7;2,8;19,5;2,2
"3120508";"Cristina";"MG";"Sudeste";10374;7050;3324;67,96;32,04;2126;-22,2056603449849;-45,2894247792482;21,7;2,8;19,5;2,2
"3120607";"Crucilândia";"MG";"Sudeste";5434;3672;1762;67,57;32,43;1050;-20,4040652217533;-44,3597520403074;21,7;2,8;19,5;2,2
"3120706";"Cruzeiro da Fortaleza";"MG";"Sudeste";3521;2918;603;82,87;17,13;6855;-18,9722742822825;-46,6762096967824;21,7;2,8;19,5;2,2
"3120805";"Cruzília";"MG";"Sudeste";15362;14247;1115;92,74;7,26;4816;-21,730632983402;-44,7978254972276;21,7;2,8;19,5;2,2
"3120839";"Cuparaque";"MG";"Sudeste";3983;3446;537;86,52;13,48;503;-19,0093267743708;-41,1293021640858;21,7;2,8;19,5;2,2
"3120870";"Curral de Dentro";"MG";"Sudeste";7406;6547;859;88,4;11,6;229;-15,8618345610483;-41,7647919637094;21,7;2,8;19,5;2,2
"3120904";"Curvelo";"MG";"Sudeste";80665;74328;6337;92,14;7,86;3637;-18,8196789824411;-44,4477118336498;21,7;2,8;19,5;2,2
"3121001";"Datas";"MG";"Sudeste";5465;4237;1228;77,53;22,47;1156;-18,47108311349;-43,6476559997337;21,7;2,8;19,5;2,2
"3121100";"Delfim Moreira";"MG";"Sudeste";7952;3068;4884;38,58;61,42;351;-22,5070005558651;-45,2876568531227;21,7;2,8;19,5;2,2
"3121209";"Delfinópolis";"MG";"Sudeste";8393;6088;2305;72,54;27,46;25761;-20,356736649767;-46,7730433199432;21,7;2,8;19,5;2,2
"3121258";"Delta";"MG";"Sudeste";10494;10108;386;96,32;3,68;5678;-19,9360555024254;-47,8097240323765;21,7;2,8;19,5;2,2
"3121308";"Descoberto";"MG";"Sudeste";4928;4155;773;84,31;15,69;141;-21,4467292905392;-42,9635051476778;21,7;2,8;19,5;2,2
"3121407";"Desterro de Entre Rios";"MG";"Sudeste";7653;4390;3263;57,36;42,64;2504;-20,6297278968449;-44,2713282386334;21,7;2,8;19,5;2,2
"3121506";"Desterro do Melo";"MG";"Sudeste";2994;1508;1486;50,37;49,63;981;-21,1506082106676;-43,5198491542293;21,7;2,8;19,5;2,2
"3121605";"Diamantina";"MG";"Sudeste";47702;43295;4407;90,76;9,24;1747;-17,9935336996775;-43,6104240096316;21,7;2,8;19,5;2,2
"3121704";"Diogo de Vasconcelos";"MG";"Sudeste";3549;1258;2291;35,45;64,55;488;-20,4812744905381;-43,1838885516774;21,7;2,8;19,5;2,2
"3121803";"Dionísio";"MG";"Sudeste";6847;5864;983;85,64;14,36;396;-19,8368519500656;-42,679044893869;21,7;2,8;19,5;2,2
"3121902";"Divinésia";"MG";"Sudeste";4226;3066;1160;72,55;27,45;366;-20,9879143920023;-42,9979980509209;21,7;2,8;19,5;2,2
"3122009";"Divino";"MG";"Sudeste";20706;13006;7700;62,81;37,19;10678;-20,5899219986957;-42,1754615245938;21,7;2,8;19,5;2,2
"3122108";"Divino das Laranjeiras";"MG";"Sudeste";4178;3580;598;85,69;14,31;223;-18,7124468930415;-41,5070240839322;21,7;2,8;19,5;2,2
"3122207";"Divinolândia de Minas";"MG";"Sudeste";6516;5598;918;85,91;14,09;202;-18,7822639000039;-42,5735116247915;21,7;2,8;19,5;2,2
"3122306";"Divinópolis";"MG";"Sudeste";231091;225480;5611;97,57;2,43;427;-20,1237264467821;-44,9307134232832;21,7;2,8;19,5;2,2
"3122355";"Divisa Alegre";"MG";"Sudeste";6321;6194;127;97,99;2,01;64;-15,6988725574765;-41,3740192065778;21,7;2,8;19,5;2,2
"3122405";"Divisa Nova";"MG";"Sudeste";5851;4905;946;83,83;16,17;6872;-21,5178974852973;-46,2451250557997;21,7;2,8;19,5;2,2
"3122454";"Divisópolis";"MG";"Sudeste";10213;8270;1943;80,98;19,02;968;-15,7628992456032;-40,9123605926027;21,7;2,8;19,5;2,2
"3122470";"Dom Bosco";"MG";"Sudeste";3697;2504;1193;67,73;32,27;2794;-16,7402647827962;-46,2899254918951;21,7;2,8;19,5;2,2
"3122504";"Dom Cavati";"MG";"Sudeste";4904;4370;534;89,11;10,89;136;-19,3858922463942;-42,0911727683468;21,7;2,8;19,5;2,2
"3122603";"Dom Joaquim";"MG";"Sudeste";4899;3682;1217;75,16;24,84;184;-18,9282807884909;-43,2591963816621;21,7;2,8;19,5;2,2
"3122702";"Dom Silvério";"MG";"Sudeste";5228;4295;933;82,15;17,85;92;-20,1346072479556;-42,9461564044623;21,7;2,8;19,5;2,2
"3122801";"Dom Viçoso";"MG";"Sudeste";3095;1261;1834;40,74;59,26;458;-22,2285536135676;-45,1428328801109;21,7;2,8;19,5;2,2
"3122900";"Dona Euzébia";"MG";"Sudeste";6093;5263;830;86,38;13,62;12;-21,3314661674703;-42,801095015245;21,7;2,8;19,5;2,2
"3123007";"Dores de Campos";"MG";"Sudeste";10007;9320;687;93,13;6,87;495;-21,100158777137;-43,989521939049;21,7;2,8;19,5;2,2
"3123106";"Dores de Guanhães";"MG";"Sudeste";5029;1974;3055;39,25;60,75;133;-19,0539467932465;-42,9312274727324;21,7;2,8;19,5;2,2
"3123205";"Dores do Indaiá";"MG";"Sudeste";12630;11921;709;94,39;5,61;8226;-19,4896615838006;-45,5473337405853;21,7;2,8;19,5;2,2
"3123304";"Dores do Turvo";"MG";"Sudeste";4987;2817;2170;56,49;43,51;528;-21,0239227094063;-43,167178690843;21,7;2,8;19,5;2,2
"3123403";"Doresópolis";"MG";"Sudeste";1461;1175;286;80,42;19,58;855;-20,2916560642786;-45,8871004322239;21,7;2,8;19,5;2,2
"3123502";"Douradoquara";"MG";"Sudeste";1829;1426;403;77,97;22,03;1284;-18,437396865336;-47,6043995464762;21,7;2,8;19,5;2,2
"3123528";"Durandé";"MG";"Sudeste";7817;3760;4057;48,1;51,9;5515;-20,1472419785765;-41,7954151395482;21,7;2,8;19,5;2,2
"3123601";"Elói Mendes";"MG";"Sudeste";26336;22424;3912;85,15;14,85;20716;-21,6123554477764;-45,5973320130572;21,7;2,8;19,5;2,2
"3123700";"Engenheiro Caldas";"MG";"Sudeste";13622;10251;3371;75,25;24,75;98;-19,1280133295342;-42,0192248905823;21,7;2,8;19,5;2,2
"3123809";"Engenheiro Navarro";"MG";"Sudeste";6354;4947;1407;77,86;22,14;1465;-17,2964986936753;-44,0140139037524;21,7;2,8;19,5;2,2
"3123858";"Entre Folhas";"MG";"Sudeste";5179;4041;1138;78,03;21,97;901;-19,6552589575405;-42,2416051674615;21,7;2,8;19,5;2,2
"3123908";"Entre Rios de Minas";"MG";"Sudeste";14746;11947;2799;81,02;18,98;3128;-20,7051763586218;-44,0947852444455;21,7;2,8;19,5;2,2
"3124005";"Ervália";"MG";"Sudeste";20255;11555;8700;57,05;42,95;8782;-20,8489288549251;-42,6005942232966;21,7;2,8;19,5;2,2
"3124104";"Esmeraldas";"MG";"Sudeste";85598;81267;4331;94,94;5,06;219;-19,7329846411142;-44,307492888864;21,7;2,8;19,5;2,2
"3124203";"Espera Feliz";"MG";"Sudeste";24102;15769;8333;65,43;34,57;11636;-20,5972616368372;-41,9298903614331;21,7;2,8;19,5;2,2
"3124302";"Espinosa";"MG";"Sudeste";30443;18547;11896;60,92;39,08;1900;-14,8590756739366;-42,9660162738546;21,7;2,8;19,5;2,2
"3124401";"Espírito Santo do Dourado";"MG";"Sudeste";6611;3229;3382;48,84;51,16;2718;-22,0090765330582;-45,9867366452278;21,7;2,8;19,5;2,2
"3124500";"Estiva";"MG";"Sudeste";11502;6145;5357;53,43;46,57;555;-22,4582620138968;-46,0140107474362;21,7;2,8;19,5;2,2
"3124609";"Estrela Dalva";"MG";"Sudeste";2186;1948;238;89,11;10,89;155;-21,7065345327622;-42,4670860184708;21,7;2,8;19,5;2,2
"3124708";"Estrela do Indaiá";"MG";"Sudeste";2772;2419;353;87,27;12,73;7583;-19,5918705672795;-45,808279093988;21,7;2,8;19,5;2,2
"3124807";"Estrela do Sul";"MG";"Sudeste";6840;5678;1162;83,01;16,99;18379;-18,7151155587254;-47,7264119276444;21,7;2,8;19,5;2,2
"3124906";"Eugenópolis";"MG";"Sudeste";10801;8205;2596;75,97;24,03;1932;-21,0140200305203;-42,2233155452507;21,7;2,8;19,5;2,2
"3125002";"Ewbank da Câmara";"MG";"Sudeste";3875;3688;187;95,17;4,83;16;-21,5750057087696;-43,5605292233588;21,7;2,8;19,5;2,2
"3125101";"Extrema";"MG";"Sudeste";53482;46548;6934;87,03;12,97;481;-22,8252294750854;-46,2896994704417;21,7;2,8;19,5;2,2
"3125200";"Fama";"MG";"Sudeste";2578;1828;750;70,91;29,09;1778;-21,4652503769145;-45,8141658301542;21,7;2,8;19,5;2,2
"3125309";"Faria Lemos";"MG";"Sudeste";3188;2384;804;74,78;25,22;740;-20,7812727339717;-42,0354800314216;21,7;2,8;19,5;2,2
"3125408";"Felício dos Santos";"MG";"Sudeste";5133;2726;2407;53,11;46,89;1572;-18,1331325345556;-43,2388800260755;21,7;2,8;19,5;2,2
"3125507";"São Gonçalo do Rio Preto";"MG";"Sudeste";3032;2026;1006;66,82;33,18;416;-18,0763098735119;-43,3585189309336;21,7;2,8;19,5;2,2
"3125606";"Felisburgo";"MG";"Sudeste";6489;5168;1321;79,64;20,36;221;-16,6359852240749;-40,7331873769384;21,7;2,8;19,5;2,2
"3125705";"Felixlândia";"MG";"Sudeste";13978;11452;2526;81,93;18,07;3075;-18,703061425546;-44,9582229980641;21,7;2,8;19,5;2,2
"3125804";"Fernandes Tourinho";"MG";"Sudeste";2789;2005;784;71,89;28,11;130;-19,1019246104558;-42,0965098462736;21,7;2,8;19,5;2,2
"3125903";"Ferros";"MG";"Sudeste";9590;4747;4843;49,5;50,5;812;-19,2454801081237;-42,9402028364361;21,7;2,8;19,5;2,2
"3125952";"Fervedouro";"MG";"Sudeste";10445;5217;5228;49,95;50,05;3770;-20,6806855537108;-42,3469420523246;21,7;2,8;19,5;2,2
"3126000";"Florestal";"MG";"Sudeste";8045;6967;1078;86,6;13,4;125;-19,8684589943381;-44,4421137419395;21,7;2,8;19,5;2,2
"3126109";"Formiga";"MG";"Sudeste";68248;63459;4789;92,98;7,02;33972;-20,5537174704807;-45,516335054605;21,7;2,8;19,5;2,2
"3126208";"Formoso";"MG";"Sudeste";7949;5346;2603;67,25;32,75;41813;-15,1296727666764;-46,1587481770229;21,7;2,8;19,5;2,2
"3126307";"Fortaleza de Minas";"MG";"Sudeste";3477;2525;952;72,62;27,38;2204;-20,8879092684322;-46,7714004610386;21,7;2,8;19,5;2,2
"3126406";"Fortuna de Minas";"MG";"Sudeste";3093;2202;891;71,19;28,81;62;-19,5576011591352;-44,5041908113493;21,7;2,8;19,5;2,2
"3126505";"Francisco Badaró";"MG";"Sudeste";7366;3382;3984;45,91;54,09;425;-16,9776432921279;-42,3098216227682;21,7;2,8;19,5;2,2
"3126604";"Francisco Dumont";"MG";"Sudeste";4503;3503;1000;77,79;22,21;608;-17,4696937996973;-44,2698432498591;21,7;2,8;19,5;2,2
"3126703";"Francisco Sá";"MG";"Sudeste";23476;15572;7904;66,33;33,67;2289;-16,3936019974675;-43,4788455498358;21,7;2,8;19,5;2,2
"3126752";"Franciscópolis";"MG";"Sudeste";5034;2497;2537;49,6;50,4;762;-17,9933312474098;-41,9679398471387;21,7;2,8;19,5;2,2
"3126802";"Frei Gaspar";"MG";"Sudeste";5640;3174;2466;56,28;43,72;257;-18,1396816844914;-41,5107209224648;21,7;2,8;19,5;2,2
"3126901";"Frei Inocêncio";"MG";"Sudeste";8226;6478;1748;78,75;21,25;184;-18,5197683917112;-41,8791284623449;21,7;2,8;19,5;2,2
"3126950";"Frei Lagonegro";"MG";"Sudeste";3391;928;2463;27,37;72,63;527;-18,1433474840054;-42,7558343962615;21,7;2,8;19,5;2,2
"3127008";"Fronteira";"MG";"Sudeste";14540;13677;863;94,06;5,94;2744;-20,2284215025245;-49,1589150699877;21,7;2,8;19,5;2,2
"3127057";"Fronteira dos Vales";"MG";"Sudeste";4345;2686;1659;61,82;38,18;40;-16,8939097467594;-40,8353469032284;21,7;2,8;19,5;2,2
"3127073";"Fruta de Leite";"MG";"Sudeste";4647;2447;2200;52,66;47,34;150;-16,1256358017034;-42,5198882486878;21,7;2,8;19,5;2,2
"3127107";"Frutal";"MG";"Sudeste";58588;55335;3253;94,45;5,55;115627;-20,0356608008502;-49,0004342624288;21,7;2,8;19,5;2,2
"3127206";"Funilândia";"MG";"Sudeste";4686;3357;1329;71,64;28,36;445;-19,3610311135311;-44,074144015737;21,7;2,8;19,5;2,2
"3127305";"Galiléia";"MG";"Sudeste";6222;5103;1119;82,02;17,98;294;-18,8802262657439;-41,5450127231429;21,7;2,8;19,5;2,2
"3127339";"Gameleiras";"MG";"Sudeste";4793;1649;3144;34,4;65,6;742;-14,9710495836316;-43,259694089506;21,7;2,8;19,5;2,2
"3127354";"Glaucilândia";"MG";"Sudeste";2928;1340;1588;45,77;54,23;603;-16,9038635047388;-43,6393805036138;21,7;2,8;19,5;2,2
"3127370";"Goiabeira";"MG";"Sudeste";2830;2398;432;84,73;15,27;131;-19,0219696483057;-41,2361026115463;21,7;2,8;19,5;2,2
"3127388";"Goianá";"MG";"Sudeste";4053;3152;901;77,77;22,23;93;-21,5555094430568;-43,1893155053655;21,7;2,8;19,5;2,2
"3127404";"Gonçalves";"MG";"Sudeste";4727;1478;3249;31,27;68,73;474;-22,6729952266914;-45,8248922317867;21,7;2,8;19,5;2,2
"3127503";"Gonzaga";"MG";"Sudeste";5230;3111;2119;59,48;40,52;245;-18,8738440626286;-42,5051351999613;21,7;2,8;19,5;2,2
"3127602";"Gouveia";"MG";"Sudeste";11331;9422;1909;83,15;16,85;357;-18,5234904500927;-43,833430616334;21,7;2,8;19,5;2,2
"3127701";"Governador Valadares";"MG";"Sudeste";257171;248924;8247;96,79;3,21;589;-18,7834995515966;-41,9634879505366;21,7;2,8;19,5;2,2
"3127800";"Grão Mogol";"MG";"Sudeste";13901;7336;6565;52,77;47,23;3406;-16,4639150309972;-42,9938614574119;21,7;2,8;19,5;2,2
"3127909";"Grupiara";"MG";"Sudeste";1392;1205;187;86,57;13,43;2219;-18,4881016310493;-47,7604638967137;21,7;2,8;19,5;2,2
"3128006";"Guanhães";"MG";"Sudeste";32244;27169;5075;84,26;15,74;370;-18,8335728808749;-42,8531984904444;21,7;2,8;19,5;2,2
"3128105";"Guapé";"MG";"Sudeste";13772;9429;4343;68,47;31,53;16744;-20,7643308315424;-45,9209872783999;21,7;2,8;19,5;2,2
"3128204";"Guaraciaba";"MG";"Sudeste";9753;3856;5897;39,54;60,46;1972;-20,5551801697323;-43,0207399702243;21,7;2,8;19,5;2,2
"3128253";"Guaraciama";"MG";"Sudeste";5051;3305;1746;65,43;34,57;469;-17,0785535425341;-43,6206027628562;21,7;2,8;19,5;2,2
"3128303";"Guaranésia";"MG";"Sudeste";19150;17438;1712;91,06;8,94;5369;-21,2774403142071;-46,8073354651597;21,7;2,8;19,5;2,2
"3128402";"Guarani";"MG";"Sudeste";7714;5783;1931;74,97;25,03;267;-21,3569773665354;-43,0576533347371;21,7;2,8;19,5;2,2
"3128501";"Guarará";"MG";"Sudeste";3149;2928;221;92,98;7,02;78;-21,7548117990784;-43,0220804095432;21,7;2,8;19,5;2,2
"3128600";"Guarda-Mor";"MG";"Sudeste";6539;3888;2651;59,46;40,54;125555;-17,7318143697827;-47,1261146641192;21,7;2,8;19,5;2,2
"3128709";"Guaxupé";"MG";"Sudeste";50911;48403;2508;95,07;4,93;6270;-21,2906162994152;-46,6829589250072;21,7;2,8;19,5;2,2
"3128808";"Guidoval";"MG";"Sudeste";7131;5366;1765;75,25;24,75;417;-21,166867976469;-42,7856146542723;21,7;2,8;19,5;2,2
"3128907";"Guimarânia";"MG";"Sudeste";8478;6991;1487;82,46;17,54;15285;-18,8160141855812;-46,752918247151;21,7;2,8;19,5;2,2
"3129004";"Guiricema";"MG";"Sudeste";7778;4626;3152;59,48;40,52;772;-21,0148171233351;-42,6996452555968;21,7;2,8;19,5;2,2
"3129103";"Gurinhatã";"MG";"Sudeste";5192;2565;2627;49,4;50,6;15703;-19,0982580375096;-49,8700843578556;21,7;2,8;19,5;2,2
"3129202";"Heliodora";"MG";"Sudeste";6134;4580;1554;74,67;25,33;4557;-22,04917537599;-45,540712078639;21,7;2,8;19,5;2,2
"3129301";"Iapu";"MG";"Sudeste";12030;7411;4619;61,6;38,4;530;-19,3471338365077;-42,2427540244981;21,7;2,8;19,5;2,2
"3129400";"Ibertioga";"MG";"Sudeste";5198;3812;1386;73,34;26,66;3869;-21,4496555584331;-43,9590265511374;21,7;2,8;19,5;2,2
"3129509";"Ibiá";"MG";"Sudeste";22229;18566;3663;83,52;16,48;100957;-19,5577965265486;-46,5957179881508;21,7;2,8;19,5;2,2
"3129608";"Ibiaí";"MG";"Sudeste";6286;5179;1107;82,39;17,61;4961;-16,8287589894028;-44,7902145864014;21,7;2,8;19,5;2,2
"3129657";"Ibiracatu";"MG";"Sudeste";5081;2948;2133;58,02;41,98;668;-15,6967528379198;-44,1449555545783;21,7;2,8;19,5;2,2
"3129707";"Ibiraci";"MG";"Sudeste";10948;8031;2917;73,36;26,64;17645;-20,3932790720977;-47,1116531110362;21,7;2,8;19,5;2,2
"3129806";"Ibirité";"MG";"Sudeste";170537;170099;438;99,74;0,26;18;-20,0236475568014;-44,0685419522964;21,7;2,8;19,5;2,2
"3129905";"Ibitiúra de Minas";"MG";"Sudeste";3365;2324;1041;69,06;30,94;1570;-22,0673593134446;-46,4075997466396;21,7;2,8;19,5;2,2
"3130002";"Ibituruna";"MG";"Sudeste";2698;2431;267;90,1;9,9;1301;-21,167179785311;-44,7829355594206;21,7;2,8;19,5;2,2
"3130051";"Icaraí de Minas";"MG";"Sudeste";10677;3318;7359;31,08;68,92;1309;-16,2251548903212;-44,9163613337491;21,7;2,8;19,5;2,2
"3130101";"Igarapé";"MG";"Sudeste";45847;44541;1306;97,15;2,85;153;-20,0594484218532;-44,3219540258515;21,7;2,8;19,5;2,2
"3130200";"Igaratinga";"MG";"Sudeste";10830;9518;1312;87,89;12,11;75;-19,9511201482252;-44,7183921924777;21,7;2,8;19,5;2,2
"3130309";"Iguatama";"MG";"Sudeste";6826;5905;921;86,51;13,49;20595;-20,1561644783648;-45,7527902901944;21,7;2,8;19,5;2,2
"3130408";"Ijaci";"MG";"Sudeste";7003;6172;831;88,13;11,87;923;-21,1782122393383;-44,9338538511484;21,7;2,8;19,5;2,2
"3130507";"Ilicínea";"MG";"Sudeste";12741;9873;2868;77,49;22,51;8133;-20,9314626133972;-45,8016594939022;21,7;2,8;19,5;2,2
"3130556";"Imbé de Minas";"MG";"Sudeste";6986;2671;4315;38,23;61,77;4682;-19,6186381602336;-41,9677010907504;21,7;2,8;19,5;2,2
"3130606";"Inconfidentes";"MG";"Sudeste";7301;4086;3215;55,96;44,04;3681;-22,3364886485806;-46,2817039698736;21,7;2,8;19,5;2,2
"3130655";"Indaiabira";"MG";"Sudeste";6346;2762;3584;43,52;56,48;3272;-15,5621685843931;-42,142920761803;21,7;2,8;19,5;2,2
"3130705";"Indianópolis";"MG";"Sudeste";6171;4221;1950;68,4;31,6;40633;-18,9522928562395;-47,8496742651118;21,7;2,8;19,5;2,2
"3130804";"Ingaí";"MG";"Sudeste";2580;1700;880;65,89;34,11;8898;-21,4105610638938;-44,9246533893363;21,7;2,8;19,5;2,2
"3130903";"Inhapim";"MG";"Sudeste";22692;13628;9064;60,06;39,94;5499;-19,4986724480802;-41,9669373123818;21,7;2,8;19,5;2,2
"3131000";"Inhaúma";"MG";"Sudeste";6239;4242;1997;67,99;32,01;1246;-19,4979977371397;-44,4091305394407;21,7;2,8;19,5;2,2
"3131109";"Inimutaba";"MG";"Sudeste";7371;5654;1717;76,71;23,29;55;-18,7302107523702;-44,2918804176644;21,7;2,8;19,5;2,2
"3131158";"Ipaba";"MG";"Sudeste";17136;15690;1446;91,56;8,44;331;-19,4088484608899;-42,3708304427474;21,7;2,8;19,5;2,2
"3131208";"Ipanema";"MG";"Sudeste";19522;16466;3056;84,35;15,65;696;-19,7577471454428;-41,7493230161825;21,7;2,8;19,5;2,2
"3131307";"Ipatinga";"MG";"Sudeste";227731;227128;603;99,74;0,26;31;-19,4390056481791;-42,6009593665775;21,7;2,8;19,5;2,2
"3131406";"Ipiaçu";"MG";"Sudeste";3775;3470;305;91,92;8,08;23596;-18,6981785782344;-49,9321306942411;21,7;2,8;19,5;2,2
"3131505";"Ipuiúna";"MG";"Sudeste";9135;6838;2297;74,85;25,15;2849;-22,0279732270514;-46,1306051195495;21,7;2,8;19,5;2,2
"3131604";"Iraí de Minas";"MG";"Sudeste";7180;6261;919;87,2;12,8;11022;-19,0439262562457;-47,4574918079207;21,7;2,8;19,5;2,2
"3131703";"Itabira";"MG";"Sudeste";113343;105995;7348;93,52;6,48;209;-19,6005688392104;-43,2999952325195;21,7;2,8;19,5;2,2
"3131802";"Itabirinha";"MG";"Sudeste";10362;8372;1990;80,8;19,2;285;-18,5491559722189;-41,2446063865019;21,7;2,8;19,5;2,2
"3131901";"Itabirito";"MG";"Sudeste";53365;51747;1618;96,97;3,03;242;-20,2531508246606;-43,8093881436807;21,7;2,8;19,5;2,2
"3132008";"Itacambira";"MG";"Sudeste";4252;1565;2687;36,81;63,19;693;-16,9349548222647;-43,3287421333517;21,7;2,8;19,5;2,2
"3132107";"Itacarambi";"MG";"Sudeste";17208;13388;3820;77,8;22,2;3449;-15,1770915522727;-44,1251807740156;21,7;2,8;19,5;2,2
"3132206";"Itaguara";"MG";"Sudeste";13846;11084;2762;80,05;19,95;1445;-20,3719059598529;-44,531741558593;21,7;2,8;19,5;2,2
"3132305";"Itaipé";"MG";"Sudeste";10463;4950;5513;47,31;52,69;1184;-17,4093154221869;-41,6593486210165;21,7;2,8;19,5;2,2
"3132404";"Itajubá";"MG";"Sudeste";93073;83423;9650;89,63;10,37;355;-22,4219525786917;-45,4144297379136;21,7;2,8;19,5;2,2
"3132503";"Itamarandiba";"MG";"Sudeste";32948;25779;7169;78,24;21,76;2306;-17,856423537328;-42,8770359021282;21,7;2,8;19,5;2,2
"3132602";"Itamarati de Minas";"MG";"Sudeste";3690;3102;588;84,07;15,93;168;-21,4240653358522;-42,847692418734;21,7;2,8;19,5;2,2
"3132701";"Itambacuri";"MG";"Sudeste";21042;15142;5900;71,96;28,04;575;-18,1590155595112;-41,8460031729349;21,7;2,8;19,5;2,2
"3132800";"Itambé do Mato Dentro";"MG";"Sudeste";2142;1209;933;56,44;43,56;34;-19,396373576208;-43,3511906925633;21,7;2,8;19,5;2,2
"3132909";"Itamogi";"MG";"Sudeste";10770;8544;2226;79,33;20,67;11184;-21,0741487647986;-47,0501347836823;21,7;2,8;19,5;2,2
"3133006";"Itamonte";"MG";"Sudeste";14786;11205;3581;75,78;24,22;105;-22,2892031217136;-44,7576819506525;21,7;2,8;19,5;2,2
"3133105";"Itanhandu";"MG";"Sudeste";15236;12792;2444;83,96;16,04;106;-22,3201727285776;-44,9209469626492;21,7;2,8;19,5;2,2
"3133204";"Itanhomi";"MG";"Sudeste";11128;8666;2462;77,88;22,12;509;-19,1609294460104;-41,8204030105527;21,7;2,8;19,5;2,2
"3133303";"Itaobim";"MG";"Sudeste";19151;14998;4153;78,31;21,69;288;-16,5829703634608;-41,5343837868465;21,7;2,8;19,5;2,2
"3133402";"Itapagipe";"MG";"Sudeste";13690;11022;2668;80,51;19,49;29015;-19,794845430272;-49,4234177958547;21,7;2,8;19,5;2,2
"3133501";"Itapecerica";"MG";"Sudeste";21046;17570;3476;83,48;16,52;2904;-20,4584930944122;-45,1078696612228;21,7;2,8;19,5;2,2
"3133600";"Itapeva";"MG";"Sudeste";12692;8933;3759;70,38;29,62;582;-22,6998642547711;-46,2097646454518;21,7;2,8;19,5;2,2
"3133709";"Itatiaiuçu";"MG";"Sudeste";12966;10201;2765;78,67;21,33;257;-20,209151768234;-44,4528767910991;21,7;2,8;19,5;2,2
"3133758";"Itaú de Minas";"MG";"Sudeste";14406;14042;364;97,47;2,53;2059;-20,7367389016327;-46,7716756420632;21,7;2,8;19,5;2,2
"3133808";"Itaúna";"MG";"Sudeste";97669;93148;4521;95,37;4,63;311;-20,0780654318197;-44,5888407030332;21,7;2,8;19,5;2,2
"3133907";"Itaverava";"MG";"Sudeste";5642;2855;2787;50,6;49,4;780;-20,6852163116696;-43,6129229804906;21,7;2,8;19,5;2,2
"3134004";"Itinga";"MG";"Sudeste";13745;8551;5194;62,21;37,79;591;-16,5865125970664;-41,8356542110807;21,7;2,8;19,5;2,2
"3134103";"Itueta";"MG";"Sudeste";6055;3729;2326;61,59;38,41;1073;-19,3727638906217;-41,1038249969012;21,7;2,8;19,5;2,2
"3134202";"Ituiutaba";"MG";"Sudeste";102217;98459;3758;96,32;3,68;88378;-18,9925200465131;-49,5443312001186;21,7;2,8;19,5;2,2
"3134301";"Itumirim";"MG";"Sudeste";6638;5741;897;86,49;13,51;2199;-21,2897183182451;-44,8241428532069;21,7;2,8;19,5;2,2
"3134400";"Iturama";"MG";"Sudeste";38295;36743;1552;95,95;4,05;47003;-19,7163931207354;-50,3450119912477;21,7;2,8;19,5;2,2
"3134509";"Itutinga";"MG";"Sudeste";4217;3224;993;76,45;23,55;9704;-21,3512040545752;-44,7102105245339;21,7;2,8;19,5;2,2
"3134608";"Jaboticatubas";"MG";"Sudeste";20406;13847;6559;67,86;32,14;628;-19,4407219961178;-43,7181457280941;21,7;2,8;19,5;2,2
"3134707";"Jacinto";"MG";"Sudeste";11042;8547;2495;77,4;22,6;166;-16,1823558012479;-40,3137382546213;21,7;2,8;19,5;2,2
"3134806";"Jacuí";"MG";"Sudeste";7495;4623;2872;61,68;38,32;7092;-21,0244203272386;-46,7355743557259;21,7;2,8;19,5;2,2
"3134905";"Jacutinga";"MG";"Sudeste";25525;22316;3209;87,43;12,57;4156;-22,2878089646736;-46,6009823432134;21,7;2,8;19,5;2,2
"3135001";"Jaguaraçu";"MG";"Sudeste";3092;2366;726;76,52;23,48;27;-19,6376614070682;-42,7181599013577;21,7;2,8;19,5;2,2
"3135050";"Jaíba";"MG";"Sudeste";37660;21499;16161;57,09;42,91;23217;-15,2327201958008;-43,6759160303171;21,7;2,8;19,5;2,2
"3135076";"Jampruca";"MG";"Sudeste";4296;2597;1699;60,45;39,55;118;-18,463941179123;-41,7404060768921;21,7;2,8;19,5;2,2
"3135100";"Janaúba";"MG";"Sudeste";70699;64647;6052;91,44;8,56;3297;-15,7988220759552;-43,3967094999055;21,7;2,8;19,5;2,2
"3135209";"Januária";"MG";"Sudeste";65150;43910;21240;67,4;32,6;4283;-15,3200505987238;-44,8497840304863;21,7;2,8;19,5;2,2
"3135308";"Japaraíba";"MG";"Sudeste";4506;3645;861;80,89;19,11;5330;-20,1327715161622;-45,5290805107595;21,7;2,8;19,5;2,2
"3135357";"Japonvar";"MG";"Sudeste";8127;3679;4448;45,27;54,73;918;-15,9445346070776;-44,3293456055547;21,7;2,8;19,5;2,2
"3135407";"Jeceaba";"MG";"Sudeste";6197;3989;2208;64,37;35,63;426;-20,5524194267155;-44,0470084134803;21,7;2,8;19,5;2,2
"3135456";"Jenipapo de Minas";"MG";"Sudeste";6100;3298;2802;54,07;45,93;300;-17,1683205481153;-42,2152827388379;21,7;2,8;19,5;2,2
"3135506";"Jequeri";"MG";"Sudeste";12419;8036;4383;64,71;35,29;4781;-20,4741492410742;-42,6196587176247;21,7;2,8;19,5;2,2
"3135605";"Jequitaí";"MG";"Sudeste";6484;5020;1464;77,42;22,58;1783;-17,2098716771976;-44,4757746373742;21,7;2,8;19,5;2,2
"3135704";"Jequitibá";"MG";"Sudeste";5883;2656;3227;45,15;54,85;489;-19,2116479475904;-44,001126908339;21,7;2,8;19,5;2,2
"3135803";"Jequitinhonha";"MG";"Sudeste";24007;17893;6114;74,53;25,47;1264;-16,3888398709466;-41,0829178426947;21,7;2,8;19,5;2,2
"3135902";"Jesuânia";"MG";"Sudeste";5138;3352;1786;65,24;34,76;2184;-22,0099777404804;-45,2754031544361;21,7;2,8;19,5;2,2
"3136009";"Joaíma";"MG";"Sudeste";13888;9960;3928;71,72;28,28;283;-16,7706930125304;-41,0153194453885;21,7;2,8;19,5;2,2
"3136108";"Joanésia";"MG";"Sudeste";4329;1792;2537;41,4;58,6;312;-19,2097176439706;-42,7043353582997;21,7;2,8;19,5;2,2
"3136207";"João Monlevade";"MG";"Sudeste";80187;80123;64;99,92;0,08;8;-19,8379270242863;-43,1614262567484;21,7;2,8;19,5;2,2
"3136306";"João Pinheiro";"MG";"Sudeste";46801;39151;7650;83,65;16,35;80045;-17,6046281096308;-45,9343466758169;21,7;2,8;19,5;2,2
"3136405";"Joaquim Felício";"MG";"Sudeste";3854;2514;1340;65,23;34,77;677;-17,6760751999142;-44,1115437732503;21,7;2,8;19,5;2,2
"3136504";"Jordânia";"MG";"Sudeste";10304;7816;2488;75,85;24,15;199;-15,88329830054;-40,3139200852456;21,7;2,8;19,5;2,2
"3136520";"José Gonçalves de Minas";"MG";"Sudeste";3969;1383;2586;34,85;65,15;687;-16,9001138306558;-42,6561496625816;21,7;2,8;19,5;2,2
"3136553";"José Raydan";"MG";"Sudeste";4268;2066;2202;48,41;51,59;403;-18,2472432848022;-42,4801519416898;21,7;2,8;19,5;2,2
"3136579";"Josenópolis";"MG";"Sudeste";3630;2450;1180;67,49;32,51;110;-16,5416282977008;-42,550695095805;21,7;2,8;19,5;2,2
"3136603";"Nova União";"MG";"Sudeste";5909;3415;2494;57,79;42,21;1705;-19,6351930384082;-43,5720044272217;21,7;2,8;19,5;2,2
"3136652";"Juatuba";"MG";"Sudeste";30716;30136;580;98,11;1,89;486;-19,9563493488775;-44,354351972442;21,7;2,8;19,5;2,2
"3136702";"Juiz de Fora";"MG";"Sudeste";540756;534750;6006;98,89;1,11;250;-21,7454691604381;-43,4647660252662;21,7;2,8;19,5;2,2
"3136801";"Juramento";"MG";"Sudeste";3768;2275;1493;60,38;39,62;1137;-16,8401428129052;-43,5644476536128;21,7;2,8;19,5;2,2
"3136900";"Juruaia";"MG";"Sudeste";11084;6306;4778;56,89;43,11;5605;-21,220939753815;-46,5265221351925;21,7;2,8;19,5;2,2
"3136959";"Juvenília";"MG";"Sudeste";5789;4394;1395;75,9;24,1;1851;-14,3856574756375;-44,0842166146593;21,7;2,8;19,5;2,2
"3137007";"Ladainha";"MG";"Sudeste";14383;4666;9717;32,44;67,56;2112;-17,6264094453194;-41,8225193165146;21,7;2,8;19,5;2,2
"3137106";"Lagamar";"MG";"Sudeste";6631;4674;1957;70,49;29,51;9220;-18,1034571894798;-46,73459035625;21,7;2,8;19,5;2,2
"3137205";"Lagoa da Prata";"MG";"Sudeste";51412;50632;780;98,48;1,52;9892;-20,0109702780722;-45,4941056212265;21,7;2,8;19,5;2,2
"3137304";"Lagoa dos Patos";"MG";"Sudeste";3313;2615;698;78,93;21,07;540;-17,0078106361083;-44,646333643105;21,7;2,8;19,5;2,2
"3137403";"Lagoa Dourada";"MG";"Sudeste";12769;7364;5405;57,67;42,33;14131;-20,8922269387187;-44,0746372565407;21,7;2,8;19,5;2,2
"3137502";"Lagoa Formosa";"MG";"Sudeste";18904;15131;3773;80,04;19,96;25362;-18,7695352203451;-46,3367627219693;21,7;2,8;19,5;2,2
"3137536";"Lagoa Grande";"MG";"Sudeste";8969;7235;1734;80,67;19,33;9621;-17,7662545816678;-46,5015679792979;21,7;2,8;19,5;2,2
"3137601";"Lagoa Santa";"MG";"Sudeste";75145;74112;1033;98,63;1,37;67;-19,6283621488413;-43,8858213571279;21,7;2,8;19,5;2,2
"3137700";"Lajinha";"MG";"Sudeste";20835;13240;7595;63,55;36,45;9316;-20,1436558895248;-41,5878801274114;21,7;2,8;19,5;2,2
"3137809";"Lambari";"MG";"Sudeste";20414;15888;4526;77,83;22,17;5274;-22,0009825732655;-45,3776880099642;21,7;2,8;19,5;2,2
"3137908";"Lamim";"MG";"Sudeste";3184;1536;1648;48,24;51,76;398;-20,779681271301;-43,4745348888624;21,7;2,8;19,5;2,2
"3138005";"Laranjal";"MG";"Sudeste";5963;4613;1350;77,36;22,64;74;-21,3566522753598;-42,4507052920278;21,7;2,8;19,5;2,2
"3138104";"Lassance";"MG";"Sudeste";7124;4270;2854;59,94;40,06;2416;-17,8808468885789;-44,6954784165226;21,7;2,8;19,5;2,2
"3138203";"Lavras";"MG";"Sudeste";104761;100177;4584;95,62;4,38;12579;-21,2646335658423;-45,0384740121209;21,7;2,8;19,5;2,2
"3138302";"Leandro Ferreira";"MG";"Sudeste";3199;2272;927;71,02;28,98;120;-19,6794852458755;-45,0407879127164;21,7;2,8;19,5;2,2
"3138351";"Leme do Prado";"MG";"Sudeste";4341;2533;1808;58,35;41,65;218;-17,0697327745562;-42,7444574630088;21,7;2,8;19,5;2,2
"3138401";"Leopoldina";"MG";"Sudeste";51145;46737;4408;91,38;8,62;375;-21,5486577215987;-42,6440787545297;21,7;2,8;19,5;2,2
"3138500";"Liberdade";"MG";"Sudeste";4737;3477;1260;73,4;26,6;230;-22,015697265494;-44,3331323173253;21,7;2,8;19,5;2,2
"3138609";"Lima Duarte";"MG";"Sudeste";17221;14527;2694;84,36;15,64;431;-21,7994072025392;-43,8869576890255;21,7;2,8;19,5;2,2
"3138625";"Limeira do Oeste";"MG";"Sudeste";8687;7278;1409;83,78;16,22;41472;-19,4073501772399;-50,6476041718547;21,7;2,8;19,5;2,2
"3138658";"Lontra";"MG";"Sudeste";8790;6221;2569;70,77;29,23;336;-15,8563519302481;-44,2696822262776;21,7;2,8;19,5;2,2
"3138674";"Luisburgo";"MG";"Sudeste";6956;2363;4593;33,97;66,03;7180;-20,4362509666939;-42,0744157474816;21,7;2,8;19,5;2,2
"3138682";"Luislândia";"MG";"Sudeste";6210;3154;3056;50,79;49,21;602;-16,1962633402914;-44,5965022825891;21,7;2,8;19,5;2,2
"3138708";"Luminárias";"MG";"Sudeste";5586;4291;1295;76,82;23,18;12085;-21,537988218245;-44,9231094472402;21,7;2,8;19,5;2,2
"3138807";"Luz";"MG";"Sudeste";17875;16451;1424;92,03;7,97;22915;-19,8272790877028;-45,6789005306624;21,7;2,8;19,5;2,2
"3138906";"Machacalis";"MG";"Sudeste";6487;5166;1321;79,64;20,36;35;-17,0837587757794;-40,7197378998154;21,7;2,8;19,5;2,2
"3139003";"Machado";"MG";"Sudeste";37684;31478;6206;83,53;16,47;35141;-21,6660040139118;-45,9201610507101;21,7;2,8;19,5;2,2
"3139102";"Madre de Deus de Minas";"MG";"Sudeste";5191;4160;1031;80,14;19,86;43702;-21,4849572679847;-44,3321611653924;21,7;2,8;19,5;2,2
"3139201";"Malacacheta";"MG";"Sudeste";17516;12431;5085;70,97;29,03;1915;-17,8434044450409;-42,110256314512;21,7;2,8;19,5;2,2
"3139250";"Mamonas";"MG";"Sudeste";5997;3498;2499;58,33;41,67;1150;-15,0127860676354;-42,9538279529697;21,7;2,8;19,5;2,2
"3139300";"Manga";"MG";"Sudeste";18886;13208;5678;69,94;30,06;1467;-14,6480468950012;-44,092555384996;21,7;2,8;19,5;2,2
"3139409";"Manhuaçu";"MG";"Sudeste";91886;74989;16897;81,61;18,39;25374;-20,1952479857602;-42,1068622228378;21,7;2,8;19,5;2,2
"3139508";"Manhumirim";"MG";"Sudeste";20613;16525;4088;80,17;19,83;5652;-20,3473508311338;-41,9394188728179;21,7;2,8;19,5;2,2
"3139607";"Mantena";"MG";"Sudeste";26535;22151;4384;83,48;16,52;1893;-18,6848557760933;-41,080892798558;21,7;2,8;19,5;2,2
"3139706";"Maravilhas";"MG";"Sudeste";7333;5118;2215;69,79;30,21;786;-19,5012347537904;-44,6712367532824;21,7;2,8;19,5;2,2
"3139805";"Mar de Espanha";"MG";"Sudeste";12721;12085;636;95;5;321;-21,8776544033994;-43,018572460319;21,7;2,8;19,5;2,2
"3139904";"Maria da Fé";"MG";"Sudeste";14247;9510;4737;66,75;33,25;1016;-22,3224490350231;-45,3134628315702;21,7;2,8;19,5;2,2
"3140001";"Mariana";"MG";"Sudeste";61387;56758;4629;92,46;7,54;362;-20,3290831246835;-43,3313648059886;21,7;2,8;19,5;2,2
"3140100";"Marilac";"MG";"Sudeste";4224;3513;711;83,17;16,83;400;-18,4940690981565;-42,0740254050864;21,7;2,8;19,5;2,2
"3140159";"Mário Campos";"MG";"Sudeste";15900;15431;469;97,05;2,95;16;-20,0766942198256;-44,1761074531778;21,7;2,8;19,5;2,2
"3140209";"Maripá de Minas";"MG";"Sudeste";3387;2843;544;83,94;16,06;53;-21,6942933145671;-42,9563382406129;21,7;2,8;19,5;2,2
"3140308";"Marliéria";"MG";"Sudeste";4592;3167;1425;68,97;31,03;64;-19,7058010579386;-42,6147642141712;21,7;2,8;19,5;2,2
"3140407";"Marmelópolis";"MG";"Sudeste";3200;1691;1509;52,84;47,16;121;-22,4636253490705;-45,1723446443888;21,7;2,8;19,5;2,2
"3140506";"Martinho Campos";"MG";"Sudeste";14003;12109;1894;86,47;13,53;4924;-19,412252601675;-45,190582061684;21,7;2,8;19,5;2,2
"3140530";"Martins Soares";"MG";"Sudeste";8396;4639;3757;55,25;44,75;3035;-20,2588046168054;-41,8426496462706;21,7;2,8;19,5;2,2
"3140555";"Mata Verde";"MG";"Sudeste";9112;7488;1624;82,18;17,82;693;-15,7614401918547;-40,7022920218496;21,7;2,8;19,5;2,2
"3140605";"Materlândia";"MG";"Sudeste";3963;1767;2196;44,59;55,41;197;-18,4611941130215;-43,0467527685409;21,7;2,8;19,5;2,2
"3140704";"Mateus Leme";"MG";"Sudeste";37841;35454;2387;93,69;6,31;479;-20,0272904560654;-44,4374969783943;21,7;2,8;19,5;2,2
"3140803";"Matias Barbosa";"MG";"Sudeste";14121;13319;802;94,32;5,68;54;-21,8710253058588;-43,307979129667;21,7;2,8;19,5;2,2
"3140852";"Matias Cardoso";"MG";"Sudeste";8895;5188;3707;58,32;41,68;5317;-14,9028729418171;-43,7608947064795;21,7;2,8;19,5;2,2
"3140902";"Matipó";"MG";"Sudeste";18552;15290;3262;82,42;17,58;6008;-20,3084980539416;-42,3156752479832;21,7;2,8;19,5;2,2
"3141009";"Mato Verde";"MG";"Sudeste";12038;9007;3031;74,82;25,18;1639;-15,4254211281134;-42,8640851759713;21,7;2,8;19,5;2,2
"3141108";"Matozinhos";"MG";"Sudeste";37618;37079;539;98,57;1,43;685;-19,5237985619906;-44,0514925784672;21,7;2,8;19,5;2,2
"3141207";"Matutina";"MG";"Sudeste";3814;2816;998;73,83;26,17;356;-19,1936302792677;-45,9956083017078;21,7;2,8;19,5;2,2
"3141306";"Medeiros";"MG";"Sudeste";3900;2277;1623;58,38;41,62;18351;-19,9891699892248;-46,339774464025;21,7;2,8;19,5;2,2
"3141405";"Medina";"MG";"Sudeste";20156;14708;5448;72,97;27,03;463;-16,2704984049115;-41,5100714401209;21,7;2,8;19,5;2,2
"3141504";"Mendes Pimentel";"MG";"Sudeste";5606;3363;2243;59,99;40,01;128;-18,6293106367245;-41,355849407796;21,7;2,8;19,5;2,2
"3141603";"Mercês";"MG";"Sudeste";10373;7838;2535;75,56;24,44;285;-21,1882223409341;-43,3328430801955;21,7;2,8;19,5;2,2
"3141702";"Mesquita";"MG";"Sudeste";5040;3392;1648;67,3;32,7;434;-19,2479665321046;-42,6121071213866;21,7;2,8;19,5;2,2
"3141801";"Minas Novas";"MG";"Sudeste";24405;12382;12023;50,74;49,26;3140;-17,3614058348011;-42,4360438139703;21,7;2,8;19,5;2,2
"3141900";"Minduri";"MG";"Sudeste";3741;3452;289;92,27;7,73;9764;-21,674920294689;-44,6138782517322;21,7;2,8;19,5;2,2
"3142007";"Mirabela";"MG";"Sudeste";13651;11185;2466;81,94;18,06;352;-16,259372063754;-44,1577322870622;21,7;2,8;19,5;2,2
"3142106";"Miradouro";"MG";"Sudeste";8968;6226;2742;69,42;30,58;3297;-20,8495692361731;-42,3996209373764;21,7;2,8;19,5;2,2
"3142205";"Miraí";"MG";"Sudeste";13633;11828;1805;86,76;13,24;473;-21,1500736900005;-42,6179081531615;21,7;2,8;19,5;2,2
"3142254";"Miravânia";"MG";"Sudeste";3985;1896;2089;47,58;52,42;347;-14,7529347567665;-44,4216110964727;21,7;2,8;19,5;2,2
"3142304";"Moeda";"MG";"Sudeste";5125;2209;2916;43,1;56,9;170;-20,3301255495248;-43,9921362723094;21,7;2,8;19,5;2,2
"3142403";"Moema";"MG";"Sudeste";7548;6949;599;92,06;7,94;1803;-19,8412039613412;-45,4072878186574;21,7;2,8;19,5;2,2
"3142502";"Monjolos";"MG";"Sudeste";2169;1482;687;68,33;31,67;97;-18,3878547204572;-44,0232076869397;21,7;2,8;19,5;2,2
"3142601";"Monsenhor Paulo";"MG";"Sudeste";8340;6577;1763;78,86;21,14;6374;-21,7331955834168;-45,4819050311254;21,7;2,8;19,5;2,2
"3142700";"Montalvânia";"MG";"Sudeste";14060;9191;4869;65,37;34,63;2375;-14,4731633023872;-44,5015176234155;21,7;2,8;19,5;2,2
"3142809";"Monte Alegre de Minas";"MG";"Sudeste";20170;16414;3756;81,38;18,62;65257;-18,8445079727971;-48,8868377005071;21,7;2,8;19,5;2,2
"3142908";"Monte Azul";"MG";"Sudeste";20328;12698;7630;62,47;37,53;2753;-15,2067675229389;-42,968682300879;21,7;2,8;19,5;2,2
"3143005";"Monte Belo";"MG";"Sudeste";13046;9554;3492;73,23;26,77;11514;-21,3147791721461;-46,3263723414954;21,7;2,8;19,5;2,2
"3143104";"Monte Carmelo";"MG";"Sudeste";47692;44138;3554;92,55;7,45;51005;-18,7091652171369;-47,4609376892034;21,7;2,8;19,5;2,2
"3143153";"Monte Formoso";"MG";"Sudeste";4381;1706;2675;38,94;61,06;314;-16,8773722990546;-41,2662381983819;21,7;2,8;19,5;2,2
"3143203";"Monte Santo de Minas";"MG";"Sudeste";20890;17279;3611;82,71;17,29;15504;-21,1883610138521;-46,9466508867513;21,7;2,8;19,5;2,2
"3143302";"Montes Claros";"MG";"Sudeste";414240;397426;16814;95,94;4,06;2684;-16,6203318063847;-43,9287587415367;21,7;2,8;19,5;2,2
"3143401";"Monte Sião";"MG";"Sudeste";24089;20313;3776;84,32;15,68;3271;-22,4203886507074;-46,5193501097087;21,7;2,8;19,5;2,2
"3143450";"Montezuma";"MG";"Sudeste";6888;3325;3563;48,27;51,73;1692;-15,1912693319667;-42,4695181247009;21,7;2,8;19,5;2,2
"3143500";"Morada Nova de Minas";"MG";"Sudeste";9067;7142;1925;78,77;21,23;13651;-18,5781121414389;-45,4025472390743;21,7;2,8;19,5;2,2
"3143609";"Morro da Garça";"MG";"Sudeste";2411;1589;822;65,91;34,09;1074;-18,6299653867073;-44,6330767717112;21,7;2,8;19,5;2,2
"3143708";"Morro do Pilar";"MG";"Sudeste";3133;2617;516;83,53;16,47;184;-19,2350590276562;-43,4024602039866;21,7;2,8;19,5;2,2
"3143807";"Munhoz";"MG";"Sudeste";7451;3888;3563;52,18;47,82;1552;-22,6319228585098;-46,3043346672057;21,7;2,8;19,5;2,2
"3143906";"Muriaé";"MG";"Sudeste";104108;97858;6250;94;6;2039;-21,0912957383719;-42,4214878749563;21,7;2,8;19,5;2,2
"3144003";"Mutum";"MG";"Sudeste";27635;14915;12720;53,97;46,03;8569;-19,9191108005184;-41,4469371815286;21,7;2,8;19,5;2,2
"3144102";"Muzambinho";"MG";"Sudeste";21891;16933;4958;77,35;22,65;10618;-21,3556367452134;-46,5164641591981;21,7;2,8;19,5;2,2
"3144201";"Nacip Raydan";"MG";"Sudeste";2459;1669;790;67,87;32,13;137;-18,4805862748098;-42,1879397454663;21,7;2,8;19,5;2,2
"3144300";"Nanuque";"MG";"Sudeste";35038;33378;1660;95,26;4,74;2156;-17,7792498844279;-40,4968900419956;21,7;2,8;19,5;2,2
"3144359";"Naque";"MG";"Sudeste";6303;5989;314;95,02;4,98;31;-19,1811953704104;-42,3244837661376;21,7;2,8;19,5;2,2
"3144375";"Natalândia";"MG";"Sudeste";3520;2628;892;74,66;25,34;2637;-16,5451342048386;-46,4747259753845;21,7;2,8;19,5;2,2
"3144409";"Natércia";"MG";"Sudeste";4691;3219;1472;68,62;31,38;2760;-22,130137884626;-45,5121902926747;21,7;2,8;19,5;2,2
"3144508";"Nazareno";"MG";"Sudeste";8179;6567;1612;80,29;19,71;7341;-21,2042449854741;-44,6150465317528;21,7;2,8;19,5;2,2
"3144607";"Nepomuceno";"MG";"Sudeste";25018;20868;4150;83,41;16,59;14555;-21,2275898554106;-45,2607952111557;21,7;2,8;19,5;2,2
"3144656";"Ninheira";"MG";"Sudeste";10588;3631;6957;34,29;65,71;2997;-15,3682780047264;-41,6598794108783;21,7;2,8;19,5;2,2
"3144672";"Nova Belém";"MG";"Sudeste";3151;1485;1666;47,13;52,87;5285;-18,4881629942457;-41,1021046625391;21,7;2,8;19,5;2,2
"3144706";"Nova Era";"MG";"Sudeste";17438;15926;1512;91,33;8,67;79;-19,7188645379675;-43,0137781082716;21,7;2,8;19,5;2,2
"3144805";"Nova Lima";"MG";"Sudeste";111697;111170;527;99,53;0,47;38;-20,0741674130256;-43,9040352183504;21,7;2,8;19,5;2,2
"3144904";"Nova Módica";"MG";"Sudeste";3663;2436;1227;66,5;33,5;86;-18,4524888489462;-41,5223981132126;21,7;2,8;19,5;2,2
"3145000";"Nova Ponte";"MG";"Sudeste";14598;13527;1071;92,66;7,34;60914;-19,2611016352595;-47,7068889195629;21,7;2,8;19,5;2,2
"3145059";"Nova Porteirinha";"MG";"Sudeste";6706;3724;2982;55,53;44,47;2753;-15,7347891681786;-43,2749531925202;21,7;2,8;19,5;2,2
"3145109";"Nova Resende";"MG";"Sudeste";16387;9529;6858;58,15;41,85;18135;-21,0979975724176;-46,4156557872695;21,7;2,8;19,5;2,2
"3145208";"Nova Serrana";"MG";"Sudeste";105552;103419;2133;97,98;2,02;73;-19,8523685897788;-44,9740081245229;21,7;2,8;19,5;2,2
"3145307";"Novo Cruzeiro";"MG";"Sudeste";26975;12087;14888;44,81;55,19;5488;-17,3706680068069;-41,9551421783486;21,7;2,8;19,5;2,2
"3145356";"Novo Oriente de Minas";"MG";"Sudeste";10275;6129;4146;59,65;40,35;259;-17,2292127422767;-41,2276139703188;21,7;2,8;19,5;2,2
"3145372";"Novorizonte";"MG";"Sudeste";4571;3091;1480;67,62;32,38;385;-16,0109942257829;-42,3977202720394;21,7;2,8;19,5;2,2
"3145406";"Olaria";"MG";"Sudeste";1945;1140;805;58,61;41,39;31;-21,9071310550524;-43,9659941533983;21,7;2,8;19,5;2,2
"3145455";"Olhos-D'água";"MG";"Sudeste";5385;3546;1839;65,85;34,15;365;-17,4779439205251;-43,5948111743703;21,7;2,8;19,5;2,2
"3145505";"Olímpio Noronha";"MG";"Sudeste";2555;2303;252;90,14;9,86;830;-22,0905368018438;-45,2852930026081;21,7;2,8;19,5;2,2
"3145604";"Oliveira";"MG";"Sudeste";39262;36261;3001;92,36;7,64;9463;-20,7498494812478;-44,735951408214;21,7;2,8;19,5;2,2
"3145703";"Oliveira Fortes";"MG";"Sudeste";2027;1220;807;60,19;39,81;113;-21,3358354212733;-43,5149109885181;21,7;2,8;19,5;2,2
"3145802";"Onça de Pitangui";"MG";"Sudeste";2969;1694;1275;57,06;42,94;366;-19,7081965156215;-44,7355070835981;21,7;2,8;19,5;2,2
"3145851";"Oratórios";"MG";"Sudeste";4917;3596;1321;73,13;26,87;903;-20,4265196173577;-42,7938091728807;21,7;2,8;19,5;2,2
"3145877";"Orizânia";"MG";"Sudeste";8437;3079;5358;36,49;63,51;4865;-20,5146242292296;-42,2128027062655;21,7;2,8;19,5;2,2
"3145901";"Ouro Branco";"MG";"Sudeste";38724;35351;3373;91,29;8,71;571;-20,5246624403178;-43,6753941012512;21,7;2,8;19,5;2,2
"3146008";"Ouro Fino";"MG";"Sudeste";32094;25381;6713;79,08;20,92;7146;-22,2548089847918;-46,3840161133077;21,7;2,8;19,5;2,2
"3146107";"Ouro Preto";"MG";"Sudeste";74821;67800;7021;90,62;9,38;473;-20,3910589643564;-43,610396496704;21,7;2,8;19,5;2,2
"3146206";"Ouro Verde de Minas";"MG";"Sudeste";5757;3763;1994;65,36;34,64;285;-18,0485210366891;-41,2963811366964;21,7;2,8;19,5;2,2
"3146255";"Padre Carvalho";"MG";"Sudeste";5058;3141;1917;62,1;37,9;203;-16,3012382420248;-42,586344733981;21,7;2,8;19,5;2,2
"3146305";"Padre Paraíso";"MG";"Sudeste";17334;12140;5194;70,04;29,96;509;-17,0379774672096;-41,5519766532634;21,7;2,8;19,5;2,2
"3146404";"Paineiras";"MG";"Sudeste";4224;3460;764;81,91;18,09;636;-18,9189014791674;-45,491182655945;21,7;2,8;19,5;2,2
"3146503";"Pains";"MG";"Sudeste";8142;7164;978;87,99;12,01;5257;-20,3815898738061;-45,6939532747179;21,7;2,8;19,5;2,2
"3146552";"Pai Pedro";"MG";"Sudeste";5551;2072;3479;37,33;62,67;1048;-15,4191244156864;-43,1496589302982;21,7;2,8;19,5;2,2
"3146602";"Paiva";"MG";"Sudeste";1474;1173;301;79,58;20,42;81;-21,2867116620116;-43,4238524326539;21,7;2,8;19,5;2,2
"3146701";"Palma";"MG";"Sudeste";5707;4763;944;83,46;16,54;221;-21,4191042200958;-42,3288668923972;21,7;2,8;19,5;2,2
"3146750";"Palmópolis";"MG";"Sudeste";6301;4702;1599;74,62;25,38;120;-16,7885220045702;-40,3710760605192;21,7;2,8;19,5;2,2
"3146909";"Papagaios";"MG";"Sudeste";13920;11981;1939;86,07;13,93;1154;-19,3764882147004;-44,6912997230662;21,7;2,8;19,5;2,2
"3147006";"Paracatu";"MG";"Sudeste";94023;84016;10007;89,36;10,64;226704;-17,1729663139101;-46,8841613847371;21,7;2,8;19,5;2,2
"3147105";"Pará de Minas";"MG";"Sudeste";97139;92231;4908;94,95;5,05;356;-19,8342394520222;-44,6078789550322;21,7;2,8;19,5;2,2
"3147204";"Paraguaçu";"MG";"Sudeste";21723;18299;3424;84,24;15,76;23372;-21,5668438995649;-45,7499512601133;21,7;2,8;19,5;2,2
"3147303";"Paraisópolis";"MG";"Sudeste";20445;17319;3126;84,71;15,29;773;-22,5715704820369;-45,8170429374719;21,7;2,8;19,5;2,2
"3147402";"Paraopeba";"MG";"Sudeste";24107;20862;3245;86,54;13,46;897;-19,2722512840156;-44,4526397143598;21,7;2,8;19,5;2,2
"3147501";"Passabém";"MG";"Sudeste";1600;938;662;58,63;41,38;233;-19,3602908425976;-43,1753449016939;21,7;2,8;19,5;2,2
"3147600";"Passa Quatro";"MG";"Sudeste";15515;13886;1629;89,5;10,5;105;-22,4057491780541;-44,9683926435005;21,7;2,8;19,5;2,2
"3147709";"Passa Tempo";"MG";"Sudeste";8473;6948;1525;82;18;462;-20,6489449057096;-44,4910981430123;21,7;2,8;19,5;2,2
"3147808";"Passa Vinte";"MG";"Sudeste";2233;1496;737;67;33;16;-22,1829408040529;-44,2615791535834;21,7;2,8;19,5;2,2
"3147907";"Passos";"MG";"Sudeste";111939;107413;4526;95,96;4,04;48089;-20,7186283187107;-46,6220469982563;21,7;2,8;19,5;2,2
"3147956";"Patis";"MG";"Sudeste";4837;2485;2352;51,37;48,63;502;-16,0807176037164;-44,1014557288198;21,7;2,8;19,5;2,2
"3148004";"Patos de Minas";"MG";"Sudeste";159235;149348;9887;93,79;6,21;68520;-18,5971101397807;-46,5079836699239;21,7;2,8;19,5;2,2
"3148103";"Patrocínio";"MG";"Sudeste";89826;81224;8602;90,42;9,58;116290;-18,9704240914675;-47,0512061885871;21,7;2,8;19,5;2,2
"3148202";"Patrocínio do Muriaé";"MG";"Sudeste";5576;4633;943;83,09;16,91;50;-21,1672208917599;-42,2530668904633;21,7;2,8;19,5;2,2
"3148301";"Paula Cândido";"MG";"Sudeste";8659;5038;3621;58,18;41,82;2680;-20,8559023372614;-42,9849728986789;21,7;2,8;19,5;2,2
"3148400";"Paulistas";"MG";"Sudeste";4389;2514;1875;57,28;42,72;682;-18,4581822814291;-42,8652059008508;21,7;2,8;19,5;2,2
"3148509";"Pavão";"MG";"Sudeste";8047;5010;3037;62,26;37,74;95;-17,4715402994412;-41,0616630618814;21,7;2,8;19,5;2,2
"3148608";"Peçanha";"MG";"Sudeste";17446;10101;7345;57,9;42,1;347;-18,5569527233589;-42,5103524157699;21,7;2,8;19,5;2,2
"3148707";"Pedra Azul";"MG";"Sudeste";24410;22049;2361;90,33;9,67;632;-15,9550732702593;-41,1842620842901;21,7;2,8;19,5;2,2
"3148756";"Pedra Bonita";"MG";"Sudeste";7320;2312;5008;31,58;68,42;4151;-20,4766246539946;-42,3753737377336;21,7;2,8;19,5;2,2
"3148806";"Pedra do Anta";"MG";"Sudeste";3311;2249;1062;67,93;32,07;751;-20,593021753422;-42,7213830315415;21,7;2,8;19,5;2,2
"3148905";"Pedra do Indaiá";"MG";"Sudeste";4112;2185;1927;53,14;46,86;241;-20,2868568161596;-45,2293286516572;21,7;2,8;19,5;2,2
"3149002";"Pedra Dourada";"MG";"Sudeste";2757;2041;716;74,03;25,97;1485;-20,827622260376;-42,1549765886483;21,7;2,8;19,5;2,2
"3149101";"Pedralva";"MG";"Sudeste";10760;5277;5483;49,04;50,96;4611;-22,2496098881307;-45,4539158201082;21,7;2,8;19,5;2,2
"3149150";"Pedras de Maria da Cruz";"MG";"Sudeste";10433;6232;4201;59,73;40,27;650;-15,6256041780748;-44,3234362242679;21,7;2,8;19,5;2,2
"3149200";"Pedrinópolis";"MG";"Sudeste";3344;2916;428;87,2;12,8;17347;-19,1922650556273;-47,5103106520074;21,7;2,8;19,5;2,2
"3149309";"Pedro Leopoldo";"MG";"Sudeste";62580;60913;1667;97,34;2,66;79;-19,6399040842116;-44,0526968016829;21,7;2,8;19,5;2,2
"3149408";"Pedro Teixeira";"MG";"Sudeste";1810;1261;549;69,67;30,33;91;-21,7252540999271;-43,7290865706902;21,7;2,8;19,5;2,2
"3149507";"Pequeri";"MG";"Sudeste";3351;3189;162;95,17;4,83;16;-21,8258178136358;-43,1320392685118;21,7;2,8;19,5;2,2
"3149606";"Pequi";"MG";"Sudeste";4155;3079;1076;74,1;25,9;198;-19,604735951868;-44,6357893445014;21,7;2,8;19,5;2,2
"3149705";"Perdigão";"MG";"Sudeste";12268;10820;1448;88,2;11,8;207;-19,9402613698739;-45,0579029881091;21,7;2,8;19,5;2,2
"3149804";"Perdizes";"MG";"Sudeste";17151;13463;3688;78,5;21,5;142904;-19,4000950689621;-47,1959072551511;21,7;2,8;19,5;2,2
"3149903";"Perdões";"MG";"Sudeste";21384;19265;2119;90,09;9,91;5373;-21,0758898075213;-45,0649129710579;21,7;2,8;19,5;2,2
"3149952";"Periquito";"MG";"Sudeste";6553;4819;1734;73,54;26,46;94;-19,0842124838641;-42,231834754993;21,7;2,8;19,5;2,2
"3150000";"Pescador";"MG";"Sudeste";3570;2949;621;82,61;17,39;54;-18,3311314055501;-41,5601277820721;21,7;2,8;19,5;2,2
"3150109";"Piau";"MG";"Sudeste";2796;1658;1138;59,3;40,7;1306;-21,502319624125;-43,3166397775751;21,7;2,8;19,5;2,2
"3150158";"Piedade de Caratinga";"MG";"Sudeste";8529;5603;2926;65,69;34,31;3753;-19,7629253854829;-42,0447696456185;21,7;2,8;19,5;2,2
"3150208";"Piedade de Ponte Nova";"MG";"Sudeste";3976;3352;624;84,31;15,69;1048;-20,2417705630928;-42,718142775557;21,7;2,8;19,5;2,2
"3150307";"Piedade do Rio Grande";"MG";"Sudeste";4604;3707;897;80,52;19,48;5893;-21,483994480265;-44,1555564984777;21,7;2,8;19,5;2,2
"3150406";"Piedade dos Gerais";"MG";"Sudeste";5019;2704;2315;53,88;46,12;1658;-20,4740251226042;-44,2464621845196;21,7;2,8;19,5;2,2
"3150505";"Pimenta";"MG";"Sudeste";8563;7347;1216;85,8;14,2;14612;-20,5305541999898;-45,8313349381128;21,7;2,8;19,5;2,2
"3150539";"Pingo-D'água";"MG";"Sudeste";4706;4152;554;88,23;11,77;205;-19,7434256772112;-42,4219236463146;21,7;2,8;19,5;2,2
"3150570";"Pintópolis";"MG";"Sudeste";7084;3252;3832;45,91;54,09;791;-16,0493767369228;-45,2472924924925;21,7;2,8;19,5;2,2
"3150604";"Piracema";"MG";"Sudeste";6700;3613;3087;53,93;46,07;531;-20,5222314998625;-44,422761706184;21,7;2,8;19,5;2,2
"3150703";"Pirajuba";"MG";"Sudeste";5537;5375;162;97,07;2,93;28836;-19,9403056166828;-48,6578328626215;21,7;2,8;19,5;2,2
"3150802";"Piranga";"MG";"Sudeste";17018;7224;9794;42,45;57,55;2206;-20,6332622563482;-43,2989668611265;21,7;2,8;19,5;2,2
"3150901";"Piranguçu";"MG";"Sudeste";6041;2072;3969;34,3;65,7;646;-22,5566318774988;-45,5155839238367;21,7;2,8;19,5;2,2
"3151008";"Piranguinho";"MG";"Sudeste";9120;5959;3161;65,34;34,66;781;-22,3629732579274;-45,5865775746249;21,7;2,8;19,5;2,2
"3151107";"Pirapetinga";"MG";"Sudeste";11077;9955;1122;89,87;10,13;186;-21,6790173714209;-42,3639810174806;21,7;2,8;19,5;2,2
"3151206";"Pirapora";"MG";"Sudeste";55606;54544;1062;98,09;1,91;3341;-17,3933042583566;-44,8674367559775;21,7;2,8;19,5;2,2
"3151305";"Piraúba";"MG";"Sudeste";11610;9704;1906;83,58;16,42;581;-21,2637405830283;-43,0297639369905;21,7;2,8;19,5;2,2
"3151404";"Pitangui";"MG";"Sudeste";26685;23832;2853;89,31;10,69;2733;-19,5876937900283;-44,8864905781316;21,7;2,8;19,5;2,2
"3151503";"Piumhi";"MG";"Sudeste";36062;33754;2308;93,6;6,4;38783;-20,4414535213638;-46,0503522852323;21,7;2,8;19,5;2,2
"3151602";"Planura";"MG";"Sudeste";11145;10828;317;97,16;2,84;33225;-20,0813283955753;-48,6463039787443;21,7;2,8;19,5;2,2
"3151701";"Poço Fundo";"MG";"Sudeste";16390;9782;6608;59,68;40,32;11748;-21,8062266223654;-45,9934127191359;21,7;2,8;19,5;2,2
"3151800";"Poços de Caldas";"MG";"Sudeste";163742;160094;3648;97,77;2,23;6314;-21,8080345538076;-46,5632576466378;21,7;2,8;19,5;2,2
"3151909";"Pocrane";"MG";"Sudeste";8350;5522;2828;66,13;33,87;1120;-19,5849656941167;-41,5571125444197;21,7;2,8;19,5;2,2
"3152006";"Pompéu";"MG";"Sudeste";31047;27810;3237;89,57;10,43;31263;-19,1310362903943;-44,9236525237998;21,7;2,8;19,5;2,2
"3152105";"Ponte Nova";"MG";"Sudeste";57776;52848;4928;91,47;8,53;1460;-20,4121793204787;-42,9173647905617;21,7;2,8;19,5;2,2
"3152131";"Ponto Chique";"MG";"Sudeste";3747;2744;1003;73,23;26,77;644;-16,6087674060441;-44,973591143406;21,7;2,8;19,5;2,2
"3152170";"Ponto dos Volantes";"MG";"Sudeste";10883;4983;5900;45,79;54,21;427;-16,83424366366;-41,4744759316709;21,7;2,8;19,5;2,2
"3152204";"Porteirinha";"MG";"Sudeste";37438;21065;16373;56,27;43,73;2321;-15,7165045805159;-43,0757797896772;21,7;2,8;19,5;2,2
"3152303";"Porto Firme";"MG";"Sudeste";10569;6037;4532;57,12;42,88;2716;-20,6635391533274;-43,0803413707699;21,7;2,8;19,5;2,2
"3152402";"Poté";"MG";"Sudeste";13666;8683;4983;63,54;36,46;715;-17,8149567330413;-41,7693345029282;21,7;2,8;19,5;2,2
"3152501";"Pouso Alegre";"MG";"Sudeste";152217;139608;12609;91,72;8,28;3575;-22,2648074387367;-45,9399276028116;21,7;2,8;19,5;2,2
"3152600";"Pouso Alto";"MG";"Sudeste";6566;3599;2967;54,81;45,19;387;-22,1753526018556;-44,9325686616951;21,7;2,8;19,5;2,2
"3152709";"Prados";"MG";"Sudeste";9048;6528;2520;72,15;27,85;2491;-21,0985239822962;-44,0635499018163;21,7;2,8;19,5;2,2
"3152808";"Prata";"MG";"Sudeste";28342;23104;5238;81,52;18,48;70575;-19,3298974578445;-48,954341400256;21,7;2,8;19,5;2,2
"3152907";"Pratápolis";"MG";"Sudeste";8406;7279;1127;86,59;13,41;8713;-20,7872940428065;-46,8626338786412;21,7;2,8;19,5;2,2
"3153004";"Pratinha";"MG";"Sudeste";3559;2082;1477;58,5;41,5;9343;-19,7597754369265;-46,4025989129599;21,7;2,8;19,5;2,2
"3153103";"Presidente Bernardes";"MG";"Sudeste";4850;1872;2978;38,6;61,4;2460;-20,7704444048631;-43,1548341434515;21,7;2,8;19,5;2,2
"3153202";"Presidente Juscelino";"MG";"Sudeste";3465;1760;1705;50,79;49,21;399;-18,7259907875252;-44,0833525669098;21,7;2,8;19,5;2,2
"3153301";"Presidente Kubitschek";"MG";"Sudeste";3071;2272;799;73,98;26,02;195;-18,6339445356011;-43,5781069204134;21,7;2,8;19,5;2,2
"3153400";"Presidente Olegário";"MG";"Sudeste";18765;14496;4269;77,25;22,75;49419;-18,2391397257341;-46,3362402579116;21,7;2,8;19,5;2,2
"3153509";"Alto Jequitibá";"MG";"Sudeste";8397;4984;3413;59,35;40,65;5774;-20,4373695086407;-41,9489313834054;21,7;2,8;19,5;2,2
"3153608";"Prudente de Morais";"MG";"Sudeste";11466;10933;533;95,35;4,65;56;-19,4643944992183;-44,1114500506907;21,7;2,8;19,5;2,2
"3153707";"Quartel Geral";"MG";"Sudeste";3179;2700;479;84,93;15,07;835;-19,2797516873227;-45,6032173243484;21,7;2,8;19,5;2,2
"3153806";"Queluzito";"MG";"Sudeste";1770;955;815;53,95;46,05;339;-20,7322011365203;-43,8907686324143;21,7;2,8;19,5;2,2
"3153905";"Raposos";"MG";"Sudeste";16279;16018;261;98,4;1,6;3;-19,9809173117101;-43,7832144402853;21,7;2,8;19,5;2,2
"3154002";"Raul Soares";"MG";"Sudeste";23423;16071;7352;68,61;31,39;5155;-20,0131287150113;-42,3902094763918;21,7;2,8;19,5;2,2
"3154101";"Recreio";"MG";"Sudeste";11007;10150;857;92,21;7,79;25;-21,5197684202471;-42,4378518094922;21,7;2,8;19,5;2,2
"3154150";"Reduto";"MG";"Sudeste";7848;4680;3168;59,63;40,37;3330;-20,237842407355;-41,9401858576377;21,7;2,8;19,5;2,2
"3154200";"Resende Costa";"MG";"Sudeste";11230;9247;1983;82,34;17,66;1033;-20,8374625648804;-44,2919701256984;21,7;2,8;19,5;2,2
"3154309";"Resplendor";"MG";"Sudeste";17226;13058;4168;75,8;24,2;677;-19,2119053006165;-41,1529729474041;21,7;2,8;19,5;2,2
"3154408";"Ressaquinha";"MG";"Sudeste";4548;3200;1348;70,36;29,64;907;-21,08541072567;-43,7530918663979;21,7;2,8;19,5;2,2
"3154457";"Riachinho";"MG";"Sudeste";6863;4209;2654;61,33;38,67;10768;-16,2767183398151;-45,9279607083266;21,7;2,8;19,5;2,2
"3154507";"Riacho dos Machados";"MG";"Sudeste";8756;4882;3874;55,76;44,24;653;-16,0544491614493;-42,9934768401645;21,7;2,8;19,5;2,2
"3154606";"Ribeirão das Neves";"MG";"Sudeste";329794;326792;3002;99,09;0,91;15;-19,7795290051531;-44,0718756876343;21,7;2,8;19,5;2,2
"3154705";"Ribeirão Vermelho";"MG";"Sudeste";4080;3773;307;92,48;7,52;972;-21,147823555986;-45,0731152751213;21,7;2,8;19,5;2,2
"3154804";"Rio Acima";"MG";"Sudeste";10261;9545;716;93,02;6,98;16;-20,1057971473016;-43,7728789454697;21,7;2,8;19,5;2,2
"3154903";"Rio Casca";"MG";"Sudeste";12789;11172;1617;87,36;12,64;3150;-20,140830911173;-42,6606105928132;21,7;2,8;19,5;2,2
"3155009";"Rio Doce";"MG";"Sudeste";2484;1647;837;66,3;33,7;86;-20,2156180781783;-42,9065574308199;21,7;2,8;19,5;2,2
"3155108";"Rio do Prado";"MG";"Sudeste";4639;3320;1319;71,57;28,43;82;-16,676555667551;-40,5558089436296;21,7;2,8;19,5;2,2
"3155207";"Rio Espera";"MG";"Sudeste";5429;2504;2925;46,12;53,88;1348;-20,8678850762887;-43,492083964169;21,7;2,8;19,5;2,2
"3155306";"Rio Manso";"MG";"Sudeste";5568;3926;1642;70,51;29,49;231;-20,2670078222886;-44,3449280595823;21,7;2,8;19,5;2,2
"3155405";"Rio Novo";"MG";"Sudeste";8518;7334;1184;86,1;13,9;76;-21,4685700098923;-43,1440299967649;21,7;2,8;19,5;2,2
"3155504";"Rio Paranaíba";"MG";"Sudeste";14532;11195;3337;77,04;22,96;45126;-19,2399850808395;-46,2988737330107;21,7;2,8;19,5;2,2
"3155603";"Rio Pardo de Minas";"MG";"Sudeste";28271;12012;16259;42,49;57,51;8065;-15,7088681760265;-42,5513039102309;21,7;2,8;19,5;2,2
"3155702";"Rio Piracicaba";"MG";"Sudeste";14631;12361;2270;84,48;15,52;204;-19,9707907338395;-43,1492124649667;21,7;2,8;19,5;2,2
"3155801";"Rio Pomba";"MG";"Sudeste";17443;15272;2171;87,55;12,45;215;-21,2483812883056;-43,1718309750351;21,7;2,8;19,5;2,2
"3155900";"Rio Preto";"MG";"Sudeste";5141;4176;965;81,23;18,77;48;-22,0409883703826;-43,878633614941;21,7;2,8;19,5;2,2
"3156007";"Rio Vermelho";"MG";"Sudeste";12641;6270;6371;49,6;50,4;478;-18,2547182866688;-43,0550099440203;21,7;2,8;19,5;2,2
"3156106";"Ritápolis";"MG";"Sudeste";4994;3598;1396;72,05;27,95;981;-20,982287347585;-44,376360521246;21,7;2,8;19,5;2,2
"3156205";"Rochedo de Minas";"MG";"Sudeste";2291;2143;148;93,54;6,46;6;-21,6411480257988;-43,0284466126211;21,7;2,8;19,5;2,2
"3156304";"Rodeiro";"MG";"Sudeste";8664;8095;569;93,43;6,57;101;-21,2105713318546;-42,8413076911587;21,7;2,8;19,5;2,2
"3156403";"Romaria";"MG";"Sudeste";3386;2577;809;76,11;23,89;24073;-18,9035280886638;-47,5626583709028;21,7;2,8;19,5;2,2
"3156452";"Rosário da Limeira";"MG";"Sudeste";4734;2657;2077;56,13;43,87;1010;-20,9793063492727;-42,5114877289223;21,7;2,8;19,5;2,2
"3156502";"Rubelita";"MG";"Sudeste";5679;3307;2372;58,23;41,77;90;-16,3676894892456;-42,2339875593184;21,7;2,8;19,5;2,2
"3156601";"Rubim";"MG";"Sudeste";10298;8320;1978;80,79;19,21;133;-16,4638532377004;-40,4942583466395;21,7;2,8;19,5;2,2
"3156700";"Sabará";"MG";"Sudeste";129380;127809;1571;98,79;1,21;192;-19,8512928561425;-43,7791458419497;21,7;2,8;19,5;2,2
"3156809";"Sabinópolis";"MG";"Sudeste";14240;9763;4477;68,56;31,44;820;-18,6508671303854;-43,0634373730663;21,7;2,8;19,5;2,2
"3156908";"Sacramento";"MG";"Sudeste";26670;23214;3456;87,04;12,96;117097;-19,9043873124367;-47,2666436961381;21,7;2,8;19,5;2,2
"3157005";"Salinas";"MG";"Sudeste";40178;33787;6391;84,09;15,91;3314;-16,1111310746639;-42,1521455046132;21,7;2,8;19,5;2,2
"3157104";"Salto da Divisa";"MG";"Sudeste";6110;5141;969;84,14;15,86;24;-16,1105271357161;-40,0292749164979;21,7;2,8;19,5;2,2
"3157203";"Santa Bárbara";"MG";"Sudeste";30466;28535;1931;93,66;6,34;158;-20,0289423399811;-43,4750710420837;21,7;2,8;19,5;2,2
"3157252";"Santa Bárbara do Leste";"MG";"Sudeste";8458;4522;3936;53,46;46,54;4094;-19,9450705431786;-42,1065710282967;21,7;2,8;19,5;2,2
"3157278";"Santa Bárbara do Monte Verde";"MG";"Sudeste";3095;2000;1095;64,62;35,38;81;-21,9639115354754;-43,6944721170215;21,7;2,8;19,5;2,2
"3157302";"Santa Bárbara do Tugúrio";"MG";"Sudeste";4208;2251;1957;53,49;46,51;619;-21,2450823582098;-43,5314876794843;21,7;2,8;19,5;2,2
"3157336";"Santa Cruz de Minas";"MG";"Sudeste";8109;8109;NA;100;NA;NA;-21,1204061136376;-44,2171028702024;21,7;2,8;19,5;2,2
"3157377";"Santa Cruz de Salinas";"MG";"Sudeste";3910;1957;1953;50,05;49,95;300;-16,0507072978771;-41,7899245882948;21,7;2,8;19,5;2,2
"3157401";"Santa Cruz do Escalvado";"MG";"Sudeste";4673;1769;2904;37,86;62,14;689;-20,2306101875183;-42,8140060956052;21,7;2,8;19,5;2,2
"3157500";"Santa Efigênia de Minas";"MG";"Sudeste";4039;2960;1079;73,29;26,71;363;-18,8628516806634;-42,4043203273173;21,7;2,8;19,5;2,2
"3157609";"Santa Fé de Minas";"MG";"Sudeste";3522;2153;1369;61,13;38,87;353;-16,7015352576261;-45,5570922369329;21,7;2,8;19,5;2,2
"3157658";"Santa Helena de Minas";"MG";"Sudeste";5938;3584;2354;60,36;39,64;122;-16,9019887996316;-40,6588068752783;21,7;2,8;19,5;2,2
"3157708";"Santa Juliana";"MG";"Sudeste";15734;14619;1115;92,91;7,09;32110;-19,3802162425406;-47,5091315538748;21,7;2,8;19,5;2,2
"3157807";"Santa Luzia";"MG";"Sudeste";219132;216561;2571;98,83;1,17;33;-19,7448037555071;-43,8366136848863;21,7;2,8;19,5;2,2
"3157906";"Santa Margarida";"MG";"Sudeste";16395;9012;7383;54,97;45,03;12021;-20,4281742385381;-42,2660406114508;21,7;2,8;19,5;2,2
"3158003";"Santa Maria de Itabira";"MG";"Sudeste";10485;6743;3742;64,31;35,69;207;-19,4352592953737;-43,0447921123825;21,7;2,8;19,5;2,2
"3158102";"Santa Maria do Salto";"MG";"Sudeste";4755;3357;1398;70,6;29,4;88;-16,3073777263843;-40,1163562312728;21,7;2,8;19,5;2,2
"3158201";"Santa Maria do Suaçuí";"MG";"Sudeste";12788;10112;2676;79,07;20,93;959;-18,2584749260478;-42,3243718900575;21,7;2,8;19,5;2,2
"3158300";"Santana da Vargem";"MG";"Sudeste";6691;5643;1048;84,34;15,66;6733;-21,2705579832934;-45,5053461404611;21,7;2,8;19,5;2,2
"3158409";"Santana de Cataguases";"MG";"Sudeste";3489;3006;483;86,16;13,84;54;-21,2821629052108;-42,5561004130109;21,7;2,8;19,5;2,2
"3158508";"Santana de Pirapama";"MG";"Sudeste";7030;3094;3936;44,01;55,99;566;-18,9157033194006;-43,9011576489997;21,7;2,8;19,5;2,2
"3158607";"Santana do Deserto";"MG";"Sudeste";3747;2624;1123;70,03;29,97;43;-21,9459241735218;-43,1828028728329;21,7;2,8;19,5;2,2
"3158706";"Santana do Garambéu";"MG";"Sudeste";2137;1668;469;78,05;21,95;906;-21,6368647866878;-44,066145386912;21,7;2,8;19,5;2,2
"3158805";"Santana do Jacaré";"MG";"Sudeste";4214;4136;78;98,15;1,85;827;-20,883101864036;-45,0620660859993;21,7;2,8;19,5;2,2
"3158904";"Santana do Manhuaçu";"MG";"Sudeste";8987;4246;4741;47,25;52,75;7671;-20,0559414438169;-41,8923305217338;21,7;2,8;19,5;2,2
"3158953";"Santana do Paraíso";"MG";"Sudeste";44800;43623;1177;97,37;2,63;194;-19,3850507498561;-42,520563709987;21,7;2,8;19,5;2,2
"3159001";"Santana do Riacho";"MG";"Sudeste";5313;3480;1833;65,5;34,5;80;-19,1886307062424;-43,6447070809132;21,7;2,8;19,5;2,2
"3159100";"Santana dos Montes";"MG";"Sudeste";3469;2210;1259;63,71;36,29;352;-20,7968526447217;-43,6697989555932;21,7;2,8;19,5;2,2
"3159209";"Santa Rita de Caldas";"MG";"Sudeste";8460;5395;3065;63,77;36,23;5088;-22,0237002770262;-46,2713947940397;21,7;2,8;19,5;2,2
"3159308";"Santa Rita de Jacutinga";"MG";"Sudeste";4755;3752;1003;78,91;21,09;233;-22,1015088868235;-44,0917926971468;21,7;2,8;19,5;2,2
"3159357";"Santa Rita de Minas";"MG";"Sudeste";6773;4840;1933;71,46;28,54;2860;-19,8750880558086;-42,1232939615338;21,7;2,8;19,5;2,2
"3159407";"Santa Rita de Ibitipoca";"MG";"Sudeste";3301;2253;1048;68,25;31,75;428;-21,5771847134212;-43,9302913552872;21,7;2,8;19,5;2,2
"3159506";"Santa Rita do Itueto";"MG";"Sudeste";5826;2715;3111;46,6;53,4;6484;-19,4127597935402;-41,3886422383919;21,7;2,8;19,5;2,2
"3159605";"Santa Rita do Sapucaí";"MG";"Sudeste";40635;36394;4241;89,56;10,44;5143;-22,2370437161635;-45,6827459007283;21,7;2,8;19,5;2,2
"3159704";"Santa Rosa da Serra";"MG";"Sudeste";3382;2927;455;86,55;13,45;3978;-19,562032786582;-45,9997183320113;21,7;2,8;19,5;2,2
"3159803";"Santa Vitória";"MG";"Sudeste";20973;18017;2956;85,91;14,09;54866;-18,989451836074;-50,27510687309;21,7;2,8;19,5;2,2
"3159902";"Santo Antônio do Amparo";"MG";"Sudeste";17285;15716;1569;90,92;9,08;9361;-20,9162517107147;-44,942755022665;21,7;2,8;19,5;2,2
"3160009";"Santo Antônio do Aventureiro";"MG";"Sudeste";3769;3063;706;81,27;18,73;91;-21,7514487181066;-42,8114220540307;21,7;2,8;19,5;2,2
"3160108";"Santo Antônio do Grama";"MG";"Sudeste";4229;3682;547;87,07;12,93;536;-20,3221003269965;-42,6038468306377;21,7;2,8;19,5;2,2
"3160207";"Santo Antônio do Itambé";"MG";"Sudeste";3915;1323;2592;33,79;66,21;451;-18,4784022713682;-43,2667641290058;21,7;2,8;19,5;2,2
"3160306";"Santo Antônio do Jacinto";"MG";"Sudeste";10327;6611;3716;64,02;35,98;343;-16,5035498018855;-40,2775802989242;21,7;2,8;19,5;2,2
"3160405";"Santo Antônio do Monte";"MG";"Sudeste";27295;24312;2983;89,07;10,93;806;-20,083010144807;-45,2923127654302;21,7;2,8;19,5;2,2
"3160454";"Santo Antônio do Retiro";"MG";"Sudeste";6629;1991;4638;30,03;69,97;1045;-15,2881408078369;-42,6610553409631;21,7;2,8;19,5;2,2
"3160504";"Santo Antônio do Rio Abaixo";"MG";"Sudeste";1808;1061;747;58,68;41,32;273;-19,2414506538353;-43,2490461953738;21,7;2,8;19,5;2,2
"3160603";"Santo Hipólito";"MG";"Sudeste";2717;2070;647;76,19;23,81;3472;-18,3901181076397;-44,1724637799142;21,7;2,8;19,5;2,2
"3160702";"Santos Dumont";"MG";"Sudeste";42406;39586;2820;93,35;6,65;185;-21,4576840716716;-43,5256212388001;21,7;2,8;19,5;2,2
"3160801";"São Bento Abade";"MG";"Sudeste";4713;4342;371;92,13;7,87;4354;-21,5700771381774;-45,0722487738115;21,7;2,8;19,5;2,2
"3160900";"São Brás do Suaçuí";"MG";"Sudeste";3989;3682;307;92,3;7,7;199;-20,6275179174479;-43,9724283674996;21,7;2,8;19,5;2,2
"3160959";"São Domingos das Dores";"MG";"Sudeste";5626;2773;2853;49,29;50,71;2451;-19,5246143819548;-42,0306810593384;21,7;2,8;19,5;2,2
"3161007";"São Domingos do Prata";"MG";"Sudeste";17392;12073;5319;69,42;30,58;971;-19,9030667945902;-42,9032592144677;21,7;2,8;19,5;2,2
"3161056";"São Félix de Minas";"MG";"Sudeste";3200;2350;850;73,44;26,56;179;-18,5685593130339;-41,4485649342349;21,7;2,8;19,5;2,2
"3161106";"São Francisco";"MG";"Sudeste";52762;36933;15829;70;30;2781;-15,8964892087584;-44,8613660658731;21,7;2,8;19,5;2,2
"3161205";"São Francisco de Paula";"MG";"Sudeste";6187;4928;1259;79,65;20,35;4231;-20,7166031241345;-44,9953842837389;21,7;2,8;19,5;2,2
"3161304";"São Francisco de Sales";"MG";"Sudeste";5732;4559;1173;79,54;20,46;27457;-19,7967625723524;-49,8593193755808;21,7;2,8;19,5;2,2
"3161403";"São Francisco do Glória";"MG";"Sudeste";4800;3152;1648;65,67;34,33;1550;-20,7919160671086;-42,2823009162831;21,7;2,8;19,5;2,2
"3161502";"São Geraldo";"MG";"Sudeste";10282;8415;1867;81,84;18,16;849;-20,9106062633096;-42,8291427059711;21,7;2,8;19,5;2,2
"3161601";"São Geraldo da Piedade";"MG";"Sudeste";3305;1512;1793;45,75;54,25;282;-18,8963851737297;-42,3103626940692;21,7;2,8;19,5;2,2
"3161650";"São Geraldo do Baixio";"MG";"Sudeste";3143;2344;799;74,58;25,42;225;-18,9167644204028;-41,3668169054374;21,7;2,8;19,5;2,2
"3161700";"São Gonçalo do Abaeté";"MG";"Sudeste";7375;6230;1145;84,47;15,53;8082;-18,176683924751;-45,5457439234193;21,7;2,8;19,5;2,2
"3161809";"São Gonçalo do Pará";"MG";"Sudeste";11770;10283;1487;87,37;12,63;139;-19,9837539815399;-44,8284312708155;21,7;2,8;19,5;2,2
"3161908";"São Gonçalo do Rio Abaixo";"MG";"Sudeste";11850;8354;3496;70,5;29,5;427;-19,8171808171515;-43,3213812898729;21,7;2,8;19,5;2,2
"3162005";"São Gonçalo do Sapucaí";"MG";"Sudeste";23959;20982;2977;87,57;12,43;17029;-21,9110411056515;-45,5943775920699;21,7;2,8;19,5;2,2
"3162104";"São Gotardo";"MG";"Sudeste";40910;38315;2595;93,66;6,34;12705;-19,3598852628724;-45,9993988941436;21,7;2,8;19,5;2,2
"3162203";"São João Batista do Glória";"MG";"Sudeste";7652;6484;1168;84,74;15,26;14013;-20,5771714185213;-46,4386016669242;21,7;2,8;19,5;2,2
"3162252";"São João da Lagoa";"MG";"Sudeste";4822;2822;2000;58,52;41,48;2408;-16,8598223715033;-44,3346635266717;21,7;2,8;19,5;2,2
"3162302";"São João da Mata";"MG";"Sudeste";2914;1774;1140;60,88;39,12;1593;-21,9425127124112;-45,9232844227824;21,7;2,8;19,5;2,2
"3162401";"São João da Ponte";"MG";"Sudeste";23930;9239;14691;38,61;61,39;1060;-15,9084487034655;-43,8953599717215;21,7;2,8;19,5;2,2
"3162450";"São João das Missões";"MG";"Sudeste";13024;5126;7898;39,36;60,64;873;-14,8918480223402;-44,2278323307621;21,7;2,8;19,5;2,2
"3162500";"São João Del Rei";"MG";"Sudeste";90225;85789;4436;95,08;4,92;59803;-21,2631566918058;-44,2743620961635;21,7;2,8;19,5;2,2
"3162559";"São João do Manhuaçu";"MG";"Sudeste";11246;5976;5270;53,14;46,86;7593;-20,3699721657006;-42,1534697419835;21,7;2,8;19,5;2,2
"3162575";"São João do Manteninha";"MG";"Sudeste";5331;4708;623;88,31;11,69;392;-18,7526790025675;-41,1642858516395;21,7;2,8;19,5;2,2
"3162609";"São João do Oriente";"MG";"Sudeste";7070;5932;1138;83,9;16,1;131;-19,3541367189732;-42,1703170807317;21,7;2,8;19,5;2,2
"3162658";"São João do Pacuí";"MG";"Sudeste";3972;2065;1907;51,99;48,01;2062;-16,55532794381;-44,5243283790059;21,7;2,8;19,5;2,2
"3162708";"São João do Paraíso";"MG";"Sudeste";23910;14993;8917;62,71;37,29;3909;-15,3428221282902;-41,9769522248076;21,7;2,8;19,5;2,2
"3162807";"São João Evangelista";"MG";"Sudeste";15315;11595;3720;75,71;24,29;778;-18,5135741350811;-42,7756196560446;21,7;2,8;19,5;2,2
"3162906";"São João Nepomuceno";"MG";"Sudeste";25565;24656;909;96,44;3,56;187;-21,5830151518875;-43,0032802297546;21,7;2,8;19,5;2,2
"3162922";"São Joaquim de Bicas";"MG";"Sudeste";34348;31437;2911;91,52;8,48;40;-20,0709074727973;-44,2490109112036;21,7;2,8;19,5;2,2
"3162948";"São José da Barra";"MG";"Sudeste";7793;6014;1779;77,17;22,83;13192;-20,7474913926652;-46,2437827926;21,7;2,8;19,5;2,2
"3162955";"São José da Lapa";"MG";"Sudeste";26090;25622;468;98,21;1,79;15;-19,6968804344665;-43,9903268567256;21,7;2,8;19,5;2,2
"3163003";"São José da Safira";"MG";"Sudeste";3806;2801;1005;73,59;26,41;89;-18,3175808140256;-42,1232926224127;21,7;2,8;19,5;2,2
"3163102";"São José da Varginha";"MG";"Sudeste";4536;3312;1224;73,02;26,98;142;-19,6960218299174;-44,5614721457578;21,7;2,8;19,5;2,2
"3163201";"São José do Alegre";"MG";"Sudeste";4133;3043;1090;73,63;26,37;629;-22,3303605301384;-45,5177590745499;21,7;2,8;19,5;2,2
"3163300";"São José do Divino";"MG";"Sudeste";3464;2632;832;75,98;24,02;241;-18,3981633327709;-41,3759897922197;21,7;2,8;19,5;2,2
"3163409";"São José do Goiabal";"MG";"Sudeste";5396;4174;1222;77,35;22,65;832;-19,9311020058527;-42,6934377920983;21,7;2,8;19,5;2,2
"3163508";"São José do Jacuri";"MG";"Sudeste";6197;2189;4008;35,32;64,68;538;-18,242888579908;-42,668273078632;21,7;2,8;19,5;2,2
"3163607";"São José do Mantimento";"MG";"Sudeste";2753;1648;1105;59,86;40,14;1255;-20,0202227738849;-41,7701474905143;21,7;2,8;19,5;2,2
"3163706";"São Lourenço";"MG";"Sudeste";44798;44244;554;98,76;1,24;64;-22,1171205387966;-45,0342625592902;21,7;2,8;19,5;2,2
"3163805";"São Miguel do Anta";"MG";"Sudeste";6334;3570;2764;56,36;43,64;2656;-20,726670941122;-42,7108808355282;21,7;2,8;19,5;2,2
"3163904";"São Pedro da União";"MG";"Sudeste";4885;3156;1729;64,61;35,39;9260;-21,1268566637593;-46,6419733802551;21,7;2,8;19,5;2,2
"3164001";"São Pedro dos Ferros";"MG";"Sudeste";7166;6170;996;86,1;13,9;2731;-20,0540982891967;-42,569837050719;21,7;2,8;19,5;2,2
"3164100";"São Pedro do Suaçuí";"MG";"Sudeste";5103;2755;2348;53,99;46,01;626;-18,3479087576668;-42,5926362841531;21,7;2,8;19,5;2,2
"3164209";"São Romão";"MG";"Sudeste";10315;7435;2880;72,08;27,92;15370;-16,3895038002126;-45,406251275741;21,7;2,8;19,5;2,2
"3164308";"São Roque de Minas";"MG";"Sudeste";7129;4747;2382;66,59;33,41;14748;-20,1870858743003;-46,5135786149453;21,7;2,8;19,5;2,2
"3164407";"São Sebastião da Bela Vista";"MG";"Sudeste";6387;4785;1602;74,92;25,08;2656;-22,1612184428776;-45,7758377869292;21,7;2,8;19,5;2,2
"3164431";"São Sebastião da Vargem Alegre";"MG";"Sudeste";3113;1951;1162;62,67;37,33;1065;-21,0242636784227;-42,5991886889542;21,7;2,8;19,5;2,2
"3164472";"São Sebastião do Anta";"MG";"Sudeste";6194;4668;1526;75,36;24,64;2589;-19,507243378412;-41,9573358921181;21,7;2,8;19,5;2,2
"3164506";"São Sebastião do Maranhão";"MG";"Sudeste";10079;3771;6308;37,41;62,59;1149;-18,0598158004384;-42,5412051008227;21,7;2,8;19,5;2,2
"3164605";"São Sebastião do Oeste";"MG";"Sudeste";8815;6527;2288;74,04;25,96;390;-20,2515620182347;-45,0443324206664;21,7;2,8;19,5;2,2
"3164704";"São Sebastião do Paraíso";"MG";"Sudeste";71796;66696;5100;92,9;7,1;22280;-20,9224163749441;-47,0064309969422;21,7;2,8;19,5;2,2
"3164803";"São Sebastião do Rio Preto";"MG";"Sudeste";1259;811;448;64,42;35,58;177;-19,3004425425142;-43,2195582582878;21,7;2,8;19,5;2,2
"3164902";"São Sebastião do Rio Verde";"MG";"Sudeste";2300;1608;692;69,91;30,09;314;-22,2194947879531;-45,0248618079391;21,7;2,8;19,5;2,2
"3165008";"São Tiago";"MG";"Sudeste";11192;9227;1965;82,44;17,56;2542;-20,9385105594048;-44,5602979214761;21,7;2,8;19,5;2,2
"3165107";"São Tomás de Aquino";"MG";"Sudeste";6740;5405;1335;80,19;19,81;11253;-20,7861083468234;-47,1271862771208;21,7;2,8;19,5;2,2
"3165206";"São Tomé das Letras";"MG";"Sudeste";6904;4004;2900;58;42;3418;-21,7333156953828;-44,9638159139757;21,7;2,8;19,5;2,2
"3165305";"São Vicente de Minas";"MG";"Sudeste";6804;6029;775;88,61;11,39;14980;-21,6670850076251;-44,474302735864;21,7;2,8;19,5;2,2
"3165404";"Sapucaí-Mirim";"MG";"Sudeste";6311;4282;2029;67,85;32,15;160;-22,7863199934064;-45,8485876863283;21,7;2,8;19,5;2,2
"3165503";"Sardoá";"MG";"Sudeste";5104;2247;2857;44,02;55,98;251;-18,7754418776764;-42,4070985047362;21,7;2,8;19,5;2,2
"3165537";"Sarzedo";"MG";"Sudeste";36844;36477;367;99;1;46;-20,0591742232263;-44,1210925097982;21,7;2,8;19,5;2,2
"3165552";"Setubinha";"MG";"Sudeste";9917;3460;6457;34,89;65,11;1982;-17,6225537253216;-42,1568433942183;21,7;2,8;19,5;2,2
"3165560";"Sem-Peixe";"MG";"Sudeste";2433;1455;978;59,8;40,2;421;-20,0800470036885;-42,8251041788647;21,7;2,8;19,5;2,2
"3165578";"Senador Amaral";"MG";"Sudeste";6206;3933;2273;63,37;36,63;978;-22,5577201514883;-46,2170882334521;21,7;2,8;19,5;2,2
"3165602";"Senador Cortes";"MG";"Sudeste";2240;1847;393;82,46;17,54;11;-21,7703780793247;-42,9091124575722;21,7;2,8;19,5;2,2
"3165701";"Senador Firmino";"MG";"Sudeste";7716;6172;1544;79,99;20,01;469;-20,9043116465686;-43,104447884171;21,7;2,8;19,5;2,2
"3165800";"Senador José Bento";"MG";"Sudeste";2068;725;1343;35,06;64,94;823;-22,1567589659951;-46,1411941808042;21,7;2,8;19,5;2,2
"3165909";"Senador Modestino Gonçalves";"MG";"Sudeste";4008;1921;2087;47,93;52,07;1093;-17,8551635251948;-43,2410082040424;21,7;2,8;19,5;2,2
"3166006";"Senhora de Oliveira";"MG";"Sudeste";5483;3670;1813;66,93;33,07;545;-20,8009847062195;-43,3495258810218;21,7;2,8;19,5;2,2
"3166105";"Senhora do Porto";"MG";"Sudeste";3067;1602;1465;52,23;47,77;123;-18,913189954701;-43,0805301279298;21,7;2,8;19,5;2,2
"3166204";"Senhora dos Remédios";"MG";"Sudeste";10384;5377;5007;51,78;48,22;2967;-21,0311956770826;-43,6002692943425;21,7;2,8;19,5;2,2
"3166303";"Sericita";"MG";"Sudeste";7345;4042;3303;55,03;44,97;6208;-20,4922104157447;-42,4586889628837;21,7;2,8;19,5;2,2
"3166402";"Seritinga";"MG";"Sudeste";1819;1564;255;85,98;14,02;116;-21,9165381701165;-44,4598166809738;21,7;2,8;19,5;2,2
"3166501";"Serra Azul de Minas";"MG";"Sudeste";3792;1974;1818;52,06;47,94;178;-18,3906656751531;-43,2073114398239;21,7;2,8;19,5;2,2
"3166600";"Serra da Saudade";"MG";"Sudeste";833;542;291;65,07;34,93;27;-19,3855253214588;-45,7772599329928;21,7;2,8;19,5;2,2
"3166709";"Serra dos Aimorés";"MG";"Sudeste";6944;5900;1044;84,97;15,03;3540;-17,7840954277297;-40,264495177795;21,7;2,8;19,5;2,2
"3166808";"Serra do Salitre";"MG";"Sudeste";11801;9177;2624;77,76;22,24;47937;-19,1591148826955;-46,654483435735;21,7;2,8;19,5;2,2
"3166907";"Serrania";"MG";"Sudeste";7621;6903;718;90,58;9,42;5775;-21,5539540225589;-46,0928430538725;21,7;2,8;19,5;2,2
"3166956";"Serranópolis de Minas";"MG";"Sudeste";4399;2003;2396;45,53;54,47;571;-15,8568574685165;-42,8608824516553;21,7;2,8;19,5;2,2
"3167004";"Serranos";"MG";"Sudeste";1990;1595;395;80,15;19,85;727;-21,8309742645556;-44,5368600884167;21,7;2,8;19,5;2,2
"3167103";"Serro";"MG";"Sudeste";21952;14286;7666;65,08;34,92;655;-18,5363994790013;-43,4017795421252;21,7;2,8;19,5;2,2
"3167202";"Sete Lagoas";"MG";"Sudeste";227397;219933;7464;96,72;3,28;1063;-19,4372307687306;-44,2534997125928;21,7;2,8;19,5;2,2
"3167301";"Silveirânia";"MG";"Sudeste";2323;1661;662;71,5;28,5;71;-21,1433806497166;-43,2029698366381;21,7;2,8;19,5;2,2
"3167400";"Silvianópolis";"MG";"Sudeste";6179;3825;2354;61,9;38,1;6091;-22,0368333727318;-45,8055854317759;21,7;2,8;19,5;2,2
"3167509";"Simão Pereira";"MG";"Sudeste";2947;1827;1120;62;38;65;-21,9643442232163;-43,2929302054666;21,7;2,8;19,5;2,2
"3167608";"Simonésia";"MG";"Sudeste";19750;9535;10215;48,28;51,72;12086;-19,9989365613994;-41,9872418564588;21,7;2,8;19,5;2,2
"3167707";"Sobrália";"MG";"Sudeste";5137;3728;1409;72,57;27,43;100;-19,2183153255858;-42,1459352023932;21,7;2,8;19,5;2,2
"3167806";"Soledade de Minas";"MG";"Sudeste";5613;3751;1862;66,83;33,17;678;-22,0269944244969;-45,0275972649219;21,7;2,8;19,5;2,2
"3167905";"Tabuleiro";"MG";"Sudeste";4014;2934;1080;73,09;26,91;82;-21,3633102236758;-43,2562492488606;21,7;2,8;19,5;2,2
"3168002";"Taiobeiras";"MG";"Sudeste";33050;28730;4320;86,93;13,07;1318;-15,8245242616039;-42,0559934613864;21,7;2,8;19,5;2,2
"3168051";"Taparuba";"MG";"Sudeste";3387;2464;923;72,75;27,25;300;-19,7385720610598;-41,611502243105;21,7;2,8;19,5;2,2
"3168101";"Tapira";"MG";"Sudeste";4118;2601;1517;63,16;36,84;8884;-19,9158480792354;-46,8683873629833;21,7;2,8;19,5;2,2
"3168200";"Tapiraí";"MG";"Sudeste";1690;988;702;58,46;41,54;2889;-19,8762267769755;-46,1606932280851;21,7;2,8;19,5;2,2
"3168309";"Taquaraçu de Minas";"MG";"Sudeste";4224;2182;2042;51,66;48,34;296;-19,6339519689439;-43,6855443428222;21,7;2,8;19,5;2,2
"3168408";"Tarumirim";"MG";"Sudeste";14709;9970;4739;67,78;32,22;462;-19,3014910174768;-41,9020083498745;21,7;2,8;19,5;2,2
"3168507";"Teixeiras";"MG";"Sudeste";12255;8790;3465;71,73;28,27;2003;-20,6321195891432;-42,8625560189883;21,7;2,8;19,5;2,2
"3168606";"Teófilo Otoni";"MG";"Sudeste";137418;116963;20455;85,11;14,89;1977;-17,7144925757838;-41,3836304272258;21,7;2,8;19,5;2,2
"3168705";"Timóteo";"MG";"Sudeste";81579;81448;131;99,84;0,16;9;-19,558108114299;-42,6027004542361;21,7;2,8;19,5;2,2
"3168804";"Tiradentes";"MG";"Sudeste";7744;6236;1508;80,53;19,47;548;-21,11645297216;-44,1546293394547;21,7;2,8;19,5;2,2
"3168903";"Tiros";"MG";"Sudeste";7883;6009;1874;76,23;23,77;7786;-18,8599023726008;-45,8239832681733;21,7;2,8;19,5;2,2
"3169000";"Tocantins";"MG";"Sudeste";16185;13738;2447;84,88;15,12;1424;-21,1774503712982;-43,0265123650845;21,7;2,8;19,5;2,2
"3169059";"Tocos do Moji";"MG";"Sudeste";3826;2068;1758;54,05;45,95;636;-22,3587020118703;-46,1465941713198;21,7;2,8;19,5;2,2
"3169109";"Toledo";"MG";"Sudeste";7214;4135;3079;57,32;42,68;886;-22,7056764492011;-46,3832496272484;21,7;2,8;19,5;2,2
"3169208";"Tombos";"MG";"Sudeste";8609;7367;1242;85,57;14,43;1989;-20,8818977154188;-42,0641864255334;21,7;2,8;19,5;2,2
"3169307";"Três Corações";"MG";"Sudeste";75485;69324;6161;91,84;8,16;55515;-21,6864057628596;-45,2048688390664;21,7;2,8;19,5;2,2
"3169356";"Três Marias";"MG";"Sudeste";28895;26914;1981;93,14;6,86;5621;-18,2976847979791;-45,0690811199107;21,7;2,8;19,5;2,2
"3169406";"Três Pontas";"MG";"Sudeste";55255;50712;4543;91,78;8,22;21662;-21,393569538658;-45,4981703524959;21,7;2,8;19,5;2,2
"3169505";"Tumiritinga";"MG";"Sudeste";5886;4231;1655;71,88;28,12;254;-19,0149588942242;-41,7055038704879;21,7;2,8;19,5;2,2
"3169604";"Tupaciguara";"MG";"Sudeste";25470;23442;2028;92,04;7,96;79073;-18,534954919295;-48,7554020982064;21,7;2,8;19,5;2,2
"3169703";"Turmalina";"MG";"Sudeste";20000;16370;3630;81,85;18,15;1176;-17,2445154972447;-42,8399164185402;21,7;2,8;19,5;2,2
"3169802";"Turvolândia";"MG";"Sudeste";4935;3261;1674;66,08;33,92;4894;-21,8849649198032;-45,7996739409724;21,7;2,8;19,5;2,2
"3169901";"Ubá";"MG";"Sudeste";103365;99163;4202;95,93;4,07;360;-21,1053141875085;-42,9652831069685;21,7;2,8;19,5;2,2
"3170008";"Ubaí";"MG";"Sudeste";11708;6116;5592;52,24;47,76;783;-16,3640134915556;-44,8476334634819;21,7;2,8;19,5;2,2
"3170057";"Ubaporanga";"MG";"Sudeste";13017;6357;6660;48,84;51,16;3966;-19,660475129606;-42,0700085394526;21,7;2,8;19,5;2,2
"3170107";"Uberaba";"MG";"Sudeste";337836;330362;7474;97,79;2,21;284977;-19,5806810152551;-47,9772686981657;21,7;2,8;19,5;2,2
"3170206";"Uberlândia";"MG";"Sudeste";713224;703198;10026;98,59;1,41;121608;-19,0276888802548;-48,3317848132406;21,7;2,8;19,5;2,2
"3170305";"Umburatiba";"MG";"Sudeste";2684;2198;486;81,89;18,11;5;-17,2722562171264;-40,6668953190701;21,7;2,8;19,5;2,2
"3170404";"Unaí";"MG";"Sudeste";86619;72817;13802;84,07;15,93;325417;-16,3756062509888;-46,8194938067643;21,7;2,8;19,5;2,2
"3170438";"União de Minas";"MG";"Sudeste";3828;2366;1462;61,81;38,19;15298;-19,4084319114943;-50,3429938130157;21,7;2,8;19,5;2,2
"3170479";"Uruana de Minas";"MG";"Sudeste";3282;2349;933;71,57;28,43;4829;-16,0924086228095;-46,3196950778417;21,7;2,8;19,5;2,2
"3170503";"Urucânia";"MG";"Sudeste";10600;8730;1870;82,36;17,64;4699;-20,3253583695222;-42,7298156383654;21,7;2,8;19,5;2,2
"3170529";"Urucuia";"MG";"Sudeste";17479;9129;8350;52,23;47,77;5091;-16,0285839796375;-45,5729207886721;21,7;2,8;19,5;2,2
"3170578";"Vargem Alegre";"MG";"Sudeste";5780;5007;773;86,63;13,37;134;-19,6035477090472;-42,3212578040533;21,7;2,8;19,5;2,2
"3170602";"Vargem Bonita";"MG";"Sudeste";2158;1567;591;72,61;27,39;3933;-20,4312274305864;-46,3361733470044;21,7;2,8;19,5;2,2
"3170651";"Vargem Grande do Rio Pardo";"MG";"Sudeste";4633;2711;1922;58,52;41,48;747;-15,3406638835199;-42,2989309294776;21,7;2,8;19,5;2,2
"3170701";"Varginha";"MG";"Sudeste";136467;132780;3687;97,3;2,7;8831;-21,55748287076;-45,409096205236;21,7;2,8;19,5;2,2
"3170750";"Varjão de Minas";"MG";"Sudeste";6969;5887;1082;84,47;15,53;13871;-18,4666036324986;-45,9352129845914;21,7;2,8;19,5;2,2
"3170800";"Várzea da Palma";"MG";"Sudeste";33744;30154;3590;89,36;10,64;10740;-17,4956735748612;-44,7271889112179;21,7;2,8;19,5;2,2
"3170909";"Varzelândia";"MG";"Sudeste";18840;10046;8794;53,32;46,68;2774;-15,6414736362996;-43,9344604958083;21,7;2,8;19,5;2,2
"3171006";"Vazante";"MG";"Sudeste";19975;17014;2961;85,18;14,82;25224;-17,8689653365324;-46,8673355000071;21,7;2,8;19,5;2,2
"3171030";"Verdelândia";"MG";"Sudeste";7672;4578;3094;59,67;40,33;2143;-15,5401495715052;-43,628315913251;21,7;2,8;19,5;2,2
"3171071";"Veredinha";"MG";"Sudeste";5181;3852;1329;74,35;25,65;765;-17,4876297344517;-42,7253627676492;21,7;2,8;19,5;2,2
"3171105";"Veríssimo";"MG";"Sudeste";3411;2173;1238;63,71;36,29;33578;-19,6024128292101;-48,3409342715191;21,7;2,8;19,5;2,2
"3171154";"Vermelho Novo";"MG";"Sudeste";4899;1978;2921;40,38;59,62;2929;-20,033952941344;-42,2543808655583;21,7;2,8;19,5;2,2
"3171204";"Vespasiano";"MG";"Sudeste";129246;128378;868;99,33;0,67;7;-19,7309053682659;-43,9449260144327;21,7;2,8;19,5;2,2
"3171303";"Viçosa";"MG";"Sudeste";76430;71178;5252;93,13;6,87;2264;-20,7404259433184;-42,8854999978088;21,7;2,8;19,5;2,2
"3171402";"Vieiras";"MG";"Sudeste";3700;2142;1558;57,89;42,11;806;-20,9126045848433;-42,2819634265583;21,7;2,8;19,5;2,2
"3171501";"Mathias Lobato";"MG";"Sudeste";3038;2674;364;88,02;11,98;99;-18,6111033842889;-41,9271991204327;21,7;2,8;19,5;2,2
"3171600";"Virgem da Lapa";"MG";"Sudeste";11804;7554;4250;64;36;2263;-16,7154387064249;-42,3396126286623;21,7;2,8;19,5;2,2
"3171709";"Virgínia";"MG";"Sudeste";8908;4914;3994;55,16;44,84;806;-22,3419405511023;-45,1085717128826;21,7;2,8;19,5;2,2
"3171808";"Virginópolis";"MG";"Sudeste";10314;6451;3863;62,55;37,45;427;-18,7919682278541;-42,6703085564618;21,7;2,8;19,5;2,2
"3171907";"Virgolândia";"MG";"Sudeste";4552;2877;1675;63,2;36,8;246;-18,451717364538;-42,3174335409625;21,7;2,8;19,5;2,2
"3172004";"Visconde do Rio Branco";"MG";"Sudeste";39160;34811;4349;88,89;11,11;1149;-21,0115765659554;-42,8399635116116;21,7;2,8;19,5;2,2
"3172103";"Volta Grande";"MG";"Sudeste";4443;3655;788;82,26;17,74;23;-21,7581736026717;-42,5573290189443;21,7;2,8;19,5;2,2
"3172202";"Wenceslau Braz";"MG";"Sudeste";2356;1338;1018;56,79;43,21;68;-22,5547198461968;-45,4014373857037;21,7;2,8;19,5;2,2
"3200102";"Afonso Cláudio";"ES";"Sudeste";30684;16575;14109;54,02;45,98;13204;-20,0893602182922;-41,1265078875432;20,8;2,2;13,5;1,5
"3200136";"Águia Branca";"ES";"Sudeste";9711;3363;6348;34,63;65,37;6936;-18,9703257147424;-40,7495566169986;20,8;2,2;13,5;1,5
"3200169";"Água Doce do Norte";"ES";"Sudeste";12042;7442;4600;61,8;38,2;2608;-18,5166263315503;-40,9969000378435;20,8;2,2;13,5;1,5
"3200201";"Alegre";"ES";"Sudeste";29177;22417;6760;76,83;23,17;6190;-20,7194079624077;-41,5149735048018;20,8;2,2;13,5;1,5
"3200300";"Alfredo Chaves";"ES";"Sudeste";13836;6994;6842;50,55;49,45;9107;-20,5638458618082;-40,8269279778999;20,8;2,2;13,5;1,5
"3200359";"Alto Rio Novo";"ES";"Sudeste";7434;4277;3157;57,53;42,47;3095;-19,0220189313542;-40,9871934486256;20,8;2,2;13,5;1,5
"3200409";"Anchieta";"ES";"Sudeste";29984;24069;5915;80,27;19,73;2771;-20,7187147945063;-40,686181139588;20,8;2,2;13,5;1,5
"3200508";"Apiacá";"ES";"Sudeste";7223;5361;1862;74,22;25,78;1994;-21,0721556830318;-41,5541586520147;20,8;2,2;13,5;1,5
"3200607";"Aracruz";"ES";"Sudeste";94765;82350;12415;86,9;13,1;7240;-19,765627540375;-40,1760756369118;20,8;2,2;13,5;1,5
"3200706";"Atílio Vivácqua";"ES";"Sudeste";10540;7376;3164;69,98;30,02;1641;-20,9622107837014;-41,1839785770018;20,8;2,2;13,5;1,5
"3200805";"Baixo Guandu";"ES";"Sudeste";30674;25792;4882;84,08;15,92;4275;-19,5724596663298;-40,983709569584;20,8;2,2;13,5;1,5
"3200904";"Barra de São Francisco";"ES";"Sudeste";42498;29428;13070;69,25;30,75;6372;-18,6659239105426;-40,8311656276134;20,8;2,2;13,5;1,5
"3201001";"Boa Esperança";"ES";"Sudeste";13608;10447;3161;76,77;23,23;8165;-18,4847293232285;-40,3292061759153;20,8;2,2;13,5;1,5
"3201100";"Bom Jesus do Norte";"ES";"Sudeste";10254;9680;574;94,4;5,6;213;-21,0845064095082;-41,6338317437038;20,8;2,2;13,5;1,5
"3201159";"Brejetuba";"ES";"Sudeste";12985;4202;8783;32,36;67,64;18571;-20,125303119769;-41,2969632231522;20,8;2,2;13,5;1,5
"3201209";"Cachoeiro de Itapemirim";"ES";"Sudeste";185786;173720;12066;93,51;6,49;6928;-20,7660957901768;-41,1910340419252;20,8;2,2;13,5;1,5
"3201308";"Cariacica";"ES";"Sudeste";353491;349420;4071;98,85;1,15;1475;-20,2907439639096;-40,4420296647198;20,8;2,2;13,5;1,5
"3201407";"Castelo";"ES";"Sudeste";36930;26725;10205;72,37;27,63;12649;-20,551745472672;-41,2039705967771;20,8;2,2;13,5;1,5
"3201506";"Colatina";"ES";"Sudeste";120033;107205;12828;89,31;10,69;13639;-19,4881291161343;-40,6568291817528;20,8;2,2;13,5;1,5
"3201605";"Conceição da Barra";"ES";"Sudeste";27458;22975;4483;83,67;16,33;11859;-18,4452657341849;-39,8333110902965;20,8;2,2;13,5;1,5
"3201704";"Conceição do Castelo";"ES";"Sudeste";11937;6743;5194;56,49;43,51;4735;-20,3707842844067;-41,2658779415544;20,8;2,2;13,5;1,5
"3201803";"Divino de São Lourenço";"ES";"Sudeste";5083;2157;2926;42,44;57,56;2344;-20,5868262099211;-41,7243794546489;20,8;2,2;13,5;1,5
"3201902";"Domingos Martins";"ES";"Sudeste";35416;13487;21929;38,08;61,92;9748;-20,3078260762243;-40,8490046858007;20,8;2,2;13,5;1,5
"3202009";"Dores do Rio Preto";"ES";"Sudeste";6596;3835;2761;58,14;41,86;4910;-20,6349109423776;-41,8120719696706;20,8;2,2;13,5;1,5
"3202108";"Ecoporanga";"ES";"Sudeste";21992;14760;7232;67,12;32,88;3049;-18,265570443483;-40,8076893554446;20,8;2,2;13,5;1,5
"3202207";"Fundão";"ES";"Sudeste";18014;15550;2464;86,32;13,68;2878;-19,9683278447116;-40,3568508217889;20,8;2,2;13,5;1,5
"3202256";"Governador Lindenberg";"ES";"Sudeste";11009;5111;5898;46,43;53,57;9596;-19,2053847408492;-40,5000561343269;20,8;2,2;13,5;1,5
"3202306";"Guaçuí";"ES";"Sudeste";29358;24261;5097;82,64;17,36;7882;-20,7633484926816;-41,7052289758665;20,8;2,2;13,5;1,5
"3202405";"Guarapari";"ES";"Sudeste";124656;118113;6543;94,75;5,25;6441;-20,5850822248968;-40,5460173549765;20,8;2,2;13,5;1,5
"3202454";"Ibatiba";"ES";"Sudeste";25380;16256;9124;64,05;35,95;9108;-20,2507814668831;-41,5502071323616;20,8;2,2;13,5;1,5
"3202504";"Ibiraçu";"ES";"Sudeste";11723;9363;2360;79,87;20,13;2592;-19,8348339226227;-40,4177787893221;20,8;2,2;13,5;1,5
"3202553";"Ibitirama";"ES";"Sudeste";9520;4418;5102;46,41;53,59;6328;-20,4859019684738;-41,6926808579575;20,8;2,2;13,5;1,5
"3202603";"Iconha";"ES";"Sudeste";12326;7914;4412;64,21;35,79;7956;-20,7549740292451;-40,8574823685137;20,8;2,2;13,5;1,5
"3202652";"Irupi";"ES";"Sudeste";13710;5820;7890;42,45;57,55;10529;-20,3311784482927;-41,6366860526711;20,8;2,2;13,5;1,5
"3202702";"Itaguaçu";"ES";"Sudeste";13589;7986;5603;58,77;41,23;8343;-19,7285671690013;-40,8646235843866;20,8;2,2;13,5;1,5
"3202801";"Itapemirim";"ES";"Sudeste";39832;26430;13402;66,35;33,65;7768;-20,9657244093576;-40,9446620772346;20,8;2,2;13,5;1,5
"3202900";"Itarana";"ES";"Sudeste";10597;5586;5011;52,71;47,29;4509;-19,949974692995;-40,8889115538877;20,8;2,2;13,5;1,5
"3203007";"Iúna";"ES";"Sudeste";28590;17540;11050;61,35;38,65;17440;-20,348389564261;-41,6566222937263;20,8;2,2;13,5;1,5
"3203056";"Jaguaré";"ES";"Sudeste";28931;20676;8255;71,47;28,53;16548;-18,9498148598688;-40,0038758880755;20,8;2,2;13,5;1,5
"3203106";"Jerônimo Monteiro";"ES";"Sudeste";11575;9085;2490;78,49;21,51;3258;-20,804524073941;-41,3921945035166;20,8;2,2;13,5;1,5
"3203130";"João Neiva";"ES";"Sudeste";14079;11612;2467;82,48;17,52;1612;-19,7153992174545;-40,436928504235;20,8;2,2;13,5;1,5
"3203163";"Laranja da Terra";"ES";"Sudeste";11094;3825;7269;34,48;65,52;4005;-19,8726265890109;-41,057715425704;20,8;2,2;13,5;1,5
"3203205";"Linhares";"ES";"Sudeste";166786;147814;18972;88,62;11,38;52782;-19,3826504954713;-40,0293198649214;20,8;2,2;13,5;1,5
"3203304";"Mantenópolis";"ES";"Sudeste";12770;8965;3805;70,2;29,8;5171;-18,8765235633213;-41,0718665029659;20,8;2,2;13,5;1,5
"3203320";"Marataízes";"ES";"Sudeste";41929;34504;7425;82,29;17,71;2942;-21,0999800020856;-40,8934847446747;20,8;2,2;13,5;1,5
"3203346";"Marechal Floriano";"ES";"Sudeste";17641;8903;8738;50,47;49,53;3777;-20,4312314985881;-40,7739308961809;20,8;2,2;13,5;1,5
"3203353";"Marilândia";"ES";"Sudeste";12387;8270;4117;66,76;33,24;9215;-19,4296635082562;-40,520742842263;20,8;2,2;13,5;1,5
"3203403";"Mimoso do Sul";"ES";"Sudeste";24475;15263;9212;62,36;37,64;9621;-21,088580239725;-41,3768822447718;20,8;2,2;13,5;1,5
"3203502";"Montanha";"ES";"Sudeste";18900;15394;3506;81,45;18,55;9521;-18,1388109606462;-40,2751905087594;20,8;2,2;13,5;1,5
"3203601";"Mucurici";"ES";"Sudeste";5466;4197;1269;76,78;23,22;2104;-18,014856063874;-40,5125117767228;20,8;2,2;13,5;1,5
"3203700";"Muniz Freire";"ES";"Sudeste";18153;8834;9319;48,66;51,34;12097;-20,4268225087203;-41,4350044591707;20,8;2,2;13,5;1,5
"3203809";"Muqui";"ES";"Sudeste";13745;9562;4183;69,57;30,43;4857;-20,9383138284427;-41,3438650854344;20,8;2,2;13,5;1,5
"3203908";"Nova Venécia";"ES";"Sudeste";49065;36160;12905;73,7;26,3;14649;-18,6984074360318;-40,5223896186354;20,8;2,2;13,5;1,5
"3204005";"Pancas";"ES";"Sudeste";18893;9428;9465;49,9;50,1;13103;-19,1468516550018;-40,8178093118306;20,8;2,2;13,5;1,5
"3204054";"Pedro Canário";"ES";"Sudeste";21522;19782;1740;91,92;8,08;7962;-18,1823827380116;-40,037209013371;20,8;2,2;13,5;1,5
"3204104";"Pinheiros";"ES";"Sudeste";23915;18892;5023;79;21;25389;-18,3699200421164;-40,1981669348354;20,8;2,2;13,5;1,5
"3204203";"Piúma";"ES";"Sudeste";22300;21760;540;97,58;2,42;361;-20,8378241431818;-40,7724186148807;20,8;2,2;13,5;1,5
"3204252";"Ponto Belo";"ES";"Sudeste";6497;5429;1068;83,56;16,44;887;-18,2507456495269;-40,514235216467;20,8;2,2;13,5;1,5
"3204302";"Presidente Kennedy";"ES";"Sudeste";13696;4743;8953;34,63;65,37;2119;-21,1407716539432;-41,0720534430954;20,8;2,2;13,5;1,5
"3204351";"Rio Bananal";"ES";"Sudeste";19274;8535;10739;44,28;55,72;22217;-19,2305031534972;-40,3082040658071;20,8;2,2;13,5;1,5
"3204401";"Rio Novo do Sul";"ES";"Sudeste";11069;6956;4113;62,84;37,16;4899;-20,8180195172835;-40,9187519009028;20,8;2,2;13,5;1,5
"3204500";"Santa Leopoldina";"ES";"Sudeste";13106;2831;10275;21,6;78,4;7337;-20,1231253258062;-40,5392114185926;20,8;2,2;13,5;1,5
"3204559";"Santa Maria de Jetibá";"ES";"Sudeste";41636;17936;23700;43,08;56,92;7365;-20,0851581263661;-40,806351289575;20,8;2,2;13,5;1,5
"3204609";"Santa Teresa";"ES";"Sudeste";22808;14181;8627;62,18;37,82;10360;-19,8792469265366;-40,6349012140953;20,8;2,2;13,5;1,5
"3204658";"São Domingos do Norte";"ES";"Sudeste";8589;3906;4683;45,48;54,52;6451;-19,1224181427974;-40,5665995052506;20,8;2,2;13,5;1,5
"3204708";"São Gabriel da Palha";"ES";"Sudeste";32252;25165;7087;78,03;21,97;9666;-18,9527177766067;-40,5083932069745;20,8;2,2;13,5;1,5
"3204807";"São José do Calçado";"ES";"Sudeste";10878;9142;1736;84,04;15,96;1686;-20,9827301222577;-41,6556139537901;20,8;2,2;13,5;1,5
"3204906";"São Mateus";"ES";"Sudeste";123752;100109;23643;80,89;19,11;26757;-18,7495276962282;-40,0204603612659;20,8;2,2;13,5;1,5
"3204955";"São Roque do Canaã";"ES";"Sudeste";10886;6153;4733;56,52;43,48;4342;-19,7197410440699;-40,6793859904171;20,8;2,2;13,5;1,5
"3205002";"Serra";"ES";"Sudeste";520653;518261;2392;99,54;0,46;1502;-20,1281090427925;-40,3015716228762;20,8;2,2;13,5;1,5
"3205010";"Sooretama";"ES";"Sudeste";26502;22192;4310;83,74;16,26;11943;-19,0725896300568;-40,1466389763766;20,8;2,2;13,5;1,5
"3205036";"Vargem Alta";"ES";"Sudeste";19563;10700;8863;54,7;45,3;6617;-20,6470493102669;-41,0049170867573;20,8;2,2;13,5;1,5
"3205069";"Venda Nova do Imigrante";"ES";"Sudeste";23831;19085;4746;80,08;19,92;4089;-20,3703776951861;-41,1403124749597;20,8;2,2;13,5;1,5
"3205101";"Viana";"ES";"Sudeste";73423;69782;3641;95,04;4,96;1637;-20,4009897418552;-40,5127129689814;20,8;2,2;13,5;1,5
"3205150";"Vila Pavão";"ES";"Sudeste";8911;4062;4849;45,58;54,42;4655;-18,614262978678;-40,627217814692;20,8;2,2;13,5;1,5
"3205176";"Vila Valério";"ES";"Sudeste";13728;4957;8771;36,11;63,89;17972;-18,9666011628798;-40,3294665693725;20,8;2,2;13,5;1,5
"3205200";"Vila Velha";"ES";"Sudeste";467722;458164;9558;97,96;2,04;385;-20,4339934776019;-40,3780711585955;20,8;2,2;13,5;1,5
"3205309";"Vitória";"ES";"Sudeste";322869;322869;NA;100;NA;NA;-20,337453223365;-39,0962583217544;20,8;2,2;13,5;1,5
"3300100";"Angra dos Reis";"RJ";"Sudeste";167434;163657;3777;97,74;2,26;124;-22,9865357321408;-44,3527484439162;23,8;3,1;22,3;2,5
"3300159";"Aperibé";"RJ";"Sudeste";11034;10126;908;91,77;8,23;35;-21,652328834632;-42,1346398440317;23,8;3,1;22,3;2,5
"3300209";"Araruama";"RJ";"Sudeste";129671;124455;5216;95,98;4,02;5337;-22,7553372094485;-42,2928792346902;23,8;3,1;22,3;2,5
"3300225";"Areal";"RJ";"Sudeste";11828;10876;952;91,95;8,05;33;-22,2353711113461;-43,1216048174725;23,8;3,1;22,3;2,5
"3300233";"Armação dos Búzios";"RJ";"Sudeste";40006;40006;NA;100;NA;8;-22,7762420531836;-41,9494626250069;23,8;3,1;22,3;2,5
"3300258";"Arraial do Cabo";"RJ";"Sudeste";30986;30986;NA;100;NA;NA;-22,9251687010139;-42,1600904475755;23,8;3,1;22,3;2,5
"3300308";"Barra do Piraí";"RJ";"Sudeste";92883;90389;2494;97,31;2,69;46;-22,4256239914985;-43,9129045611637;23,8;3,1;22,3;2,5
"3300407";"Barra Mansa";"RJ";"Sudeste";169894;168071;1823;98,93;1,07;46;-22,505822042464;-44,1883222293801;23,8;3,1;22,3;2,5
"3300456";"Belford Roxo";"RJ";"Sudeste";483087;483087;NA;100;NA;NA;-22,7286728306736;-43,3776015824411;23,8;3,1;22,3;2,5
"3300506";"Bom Jardim";"RJ";"Sudeste";28102;21765;6337;77,45;22,55;1900;-22,1997304736407;-42,3717125206639;23,8;3,1;22,3;2,5
"3300605";"Bom Jesus do Itabapoana";"RJ";"Sudeste";35173;31368;3805;89,18;10,82;947;-21,123314321306;-41,6833615955006;23,8;3,1;22,3;2,5
"3300704";"Cabo Frio";"RJ";"Sudeste";222161;221102;1059;99,52;0,48;1791;-22,7116984231958;-42,0570248836908;23,8;3,1;22,3;2,5
"3300803";"Cachoeiras de Macacu";"RJ";"Sudeste";56943;48012;8931;84,32;15,68;2043;-22,5160657382956;-42,7283579184482;23,8;3,1;22,3;2,5
"3300902";"Cambuci";"RJ";"Sudeste";14616;12002;2614;82,12;17,88;347;-21,496935805356;-41,9147237382619;23,8;3,1;22,3;2,5
"3300936";"Carapebus";"RJ";"Sudeste";13847;11323;2524;81,77;18,23;67;-22,1960967308615;-41,650920391373;23,8;3,1;22,3;2,5
"3300951";"Comendador Levy Gasparian";"RJ";"Sudeste";8741;8469;272;96,89;3,11;11;-22,0438199382878;-43,2559073349095;23,8;3,1;22,3;2,5
"3301009";"Campos dos Goytacazes";"RJ";"Sudeste";483540;452346;31194;93,55;6,45;31765;-21,7474278943827;-41,4041244339912;23,8;3,1;22,3;2,5
"3301108";"Cantagalo";"RJ";"Sudeste";19390;16586;2804;85,54;14,46;69;-21,8683684973212;-42,3338731818919;23,8;3,1;22,3;2,5
"3301157";"Cardoso Moreira";"RJ";"Sudeste";12958;9237;3721;71,28;28,72;69;-21,5253433232714;-41,5003231737067;23,8;3,1;22,3;2,5
"3301207";"Carmo";"RJ";"Sudeste";17198;15521;1677;90,25;9,75;30;-21,8955022409433;-42,5664255898678;23,8;3,1;22,3;2,5
"3301306";"Casimiro de Abreu";"RJ";"Sudeste";46110;43723;2387;94,82;5,18;675;-22,481878490439;-42,1442079347661;23,8;3,1;22,3;2,5
"3301405";"Conceição de Macabu";"RJ";"Sudeste";21104;19013;2091;90,09;9,91;168;-22,1366108418378;-41,846556737058;23,8;3,1;22,3;2,5
"3301504";"Cordeiro";"RJ";"Sudeste";20783;20238;545;97,38;2,62;126;-22,0587514050856;-42,3422527178773;23,8;3,1;22,3;2,5
"3301603";"Duas Barras";"RJ";"Sudeste";10980;7899;3081;71,94;28,06;521;-22,0556115535131;-42,498071288105;23,8;3,1;22,3;2,5
"3301702";"Duque de Caxias";"RJ";"Sudeste";808161;806209;1952;99,76;0,24;531;-22,6323246850386;-43,2995669521461;23,8;3,1;22,3;2,5
"3301801";"Engenheiro Paulo de Frontin";"RJ";"Sudeste";12242;10109;2133;82,58;17,42;23;-22,5082549974784;-43,6360776910374;23,8;3,1;22,3;2,5
"3301850";"Guapimirim";"RJ";"Sudeste";51696;50066;1630;96,85;3,15;522;-22,5834067000014;-42,963964561439;23,8;3,1;22,3;2,5
"3301876";"Iguaba Grande";"RJ";"Sudeste";27920;27846;74;99,73;0,27;10;-22,8275484966734;-42,2180529174112;23,8;3,1;22,3;2,5
"3301900";"Itaboraí";"RJ";"Sudeste";224267;222002;2265;98,99;1,01;290;-22,7500827336416;-42,8543569134726;23,8;3,1;22,3;2,5
"3302007";"Itaguaí";"RJ";"Sudeste";116841;114431;2410;97,94;2,06;570;-22,8346102646842;-43,8122989722126;23,8;3,1;22,3;2,5
"3302056";"Italva";"RJ";"Sudeste";14073;10941;3132;77,74;22,26;579;-21,4239008269814;-41,6538171264046;23,8;3,1;22,3;2,5
"3302106";"Itaocara";"RJ";"Sudeste";22919;18673;4246;81,47;18,53;99;-21,7268981912242;-42,082261282094;23,8;3,1;22,3;2,5
"3302205";"Itaperuna";"RJ";"Sudeste";101041;95235;5806;94,25;5,75;78;-21,2250695207227;-41,8941075054087;23,8;3,1;22,3;2,5
"3302254";"Itatiaia";"RJ";"Sudeste";30908;30409;499;98,39;1,61;NA;-22,4416992725776;-44,5878579298246;23,8;3,1;22,3;2,5
"3302270";"Japeri";"RJ";"Sudeste";96289;95203;1086;98,87;1,13;305;-22,6619811755792;-43,6056706044059;23,8;3,1;22,3;2,5
"3302304";"Laje do Muriaé";"RJ";"Sudeste";7336;5640;1696;76,88;23,12;6;-21,2501070366878;-42,135065598243;23,8;3,1;22,3;2,5
"3302403";"Macaé";"RJ";"Sudeste";246391;239745;6646;97,3;2,7;1124;-22,2958324569892;-41,9765963339218;23,8;3,1;22,3;2,5
"3302452";"Macuco";"RJ";"Sudeste";5415;4929;486;91,02;8,98;17;-22,0239981358589;-42,2735328465128;23,8;3,1;22,3;2,5
"3302502";"Magé";"RJ";"Sudeste";228127;225431;2696;98,82;1,18;583;-22,6126689299984;-43,1130179629483;23,8;3,1;22,3;2,5
"3302601";"Mangaratiba";"RJ";"Sudeste";41220;38984;2236;94,58;5,42;1665;-22,95428251223;-44,0379700399866;23,8;3,1;22,3;2,5
"3302700";"Maricá";"RJ";"Sudeste";197277;195421;1856;99,06;0,94;86;-22,9153462548764;-42,8169885555436;23,8;3,1;22,3;2,5
"3302809";"Mendes";"RJ";"Sudeste";17502;17144;358;97,95;2,05;15;-22,5216608288067;-43,739801541995;23,8;3,1;22,3;2,5
"3302858";"Mesquita";"RJ";"Sudeste";167127;167127;NA;100;NA;NA;-22,7993424182327;-43,4522945948449;23,8;3,1;22,3;2,5
"3302908";"Miguel Pereira";"RJ";"Sudeste";26582;24027;2555;90,39;9,61;27;-22,506540503106;-43,4692059762539;23,8;3,1;22,3;2,5
"3303005";"Miracema";"RJ";"Sudeste";26881;25264;1617;93,98;6,02;65;-21,3955962903106;-42,1521292397066;23,8;3,1;22,3;2,5
"3303104";"Natividade";"RJ";"Sudeste";15074;13322;1752;88,38;11,62;74;-21,0416455718069;-41,9312227146555;23,8;3,1;22,3;2,5
"3303203";"Nilópolis";"RJ";"Sudeste";146774;146774;NA;100;NA;NA;-22,8208683024265;-43,4287390839866;23,8;3,1;22,3;2,5
"3303302";"Niterói";"RJ";"Sudeste";481749;481749;NA;100;NA;18;-22,9149725305527;-43,0553652351308;23,8;3,1;22,3;2,5
"3303401";"Nova Friburgo";"RJ";"Sudeste";189939;170778;19161;89,91;10,09;451;-22,3191181534569;-42,5011102346772;23,8;3,1;22,3;2,5
"3303500";"Nova Iguaçu";"RJ";"Sudeste";785867;782611;3256;99,59;0,41;131;-22,6866218819089;-43,5017565527137;23,8;3,1;22,3;2,5
"3303609";"Paracambi";"RJ";"Sudeste";41375;39268;2107;94,91;5,09;86;-22,6178692762259;-43,7214297166836;23,8;3,1;22,3;2,5
"3303708";"Paraíba do Sul";"RJ";"Sudeste";42063;38591;3472;91,75;8,25;104;-22,1819671470453;-43,3043096616045;23,8;3,1;22,3;2,5
"3303807";"Paraty";"RJ";"Sudeste";45243;36230;9013;80,08;19,92;283;-23,1482131146251;-44,7063143727268;23,8;3,1;22,3;2,5
"3303856";"Paty do Alferes";"RJ";"Sudeste";29619;22775;6844;76,89;23,11;293;-22,3671077205024;-43,4040072195122;23,8;3,1;22,3;2,5
"3303906";"Petrópolis";"RJ";"Sudeste";278881;270361;8520;96,94;3,06;89;-22,3978743224374;-43,1567670948088;23,8;3,1;22,3;2,5
"3303955";"Pinheiral";"RJ";"Sudeste";24298;22870;1428;94,12;5,88;109;-22,5432671280095;-43,9974842195334;23,8;3,1;22,3;2,5
"3304003";"Piraí";"RJ";"Sudeste";27474;23300;4174;84,81;15,19;342;-22,6336004914703;-43,9017102799236;23,8;3,1;22,3;2,5
"3304102";"Porciúncula";"RJ";"Sudeste";17288;13862;3426;80,18;19,82;4365;-20,9066226145276;-41,9695057117761;23,8;3,1;22,3;2,5
"3304110";"Porto Real";"RJ";"Sudeste";20373;20228;145;99,29;0,71;48;-22,4411489303119;-44,3260684319736;23,8;3,1;22,3;2,5
"3304128";"Quatis";"RJ";"Sudeste";13682;12838;844;93,83;6,17;24;-22,3551507420724;-44,2370964319747;23,8;3,1;22,3;2,5
"3304144";"Queimados";"RJ";"Sudeste";140523;140514;9;99,99;0,01;19;-22,7254015599946;-43,5848794732554;23,8;3,1;22,3;2,5
"3304151";"Quissamã";"RJ";"Sudeste";22393;18156;4237;81,08;18,92;791;-22,1049074775338;-41,4444044968193;23,8;3,1;22,3;2,5
"3304201";"Resende";"RJ";"Sudeste";129612;126005;3607;97,22;2,78;3;-22,4406314364812;-44,4852724274874;23,8;3,1;22,3;2,5
"3304300";"Rio Bonito";"RJ";"Sudeste";56276;49239;7037;87,5;12,5;1384;-22,7349155819287;-42,5881016261274;23,8;3,1;22,3;2,5
"3304409";"Rio Claro";"RJ";"Sudeste";17401;14301;3100;82,18;17,82;269;-22,7804581253939;-44,0783162054648;23,8;3,1;22,3;2,5
"3304508";"Rio das Flores";"RJ";"Sudeste";8954;7349;1605;82,08;17,92;18;-22,1598774587495;-43,5386201342665;23,8;3,1;22,3;2,5
"3304524";"Rio das Ostras";"RJ";"Sudeste";156491;156045;446;99,71;0,29;19;-22,4543963533341;-41,9463613933733;23,8;3,1;22,3;2,5
"3304557";"Rio de Janeiro";"RJ";"Sudeste";6211223;6211164;59;100;0;1780;-22,9233118341519;-43,4510427078299;23,8;3,1;22,3;2,5
"3304607";"Santa Maria Madalena";"RJ";"Sudeste";10232;7309;2923;71,43;28,57;169;-21,969630481647;-41,9134407622194;23,8;3,1;22,3;2,5
"3304706";"Santo Antônio de Pádua";"RJ";"Sudeste";41325;37798;3527;91,47;8,53;100;-21,555626418797;-42,1928441237898;23,8;3,1;22,3;2,5
"3304755";"São Francisco de Itabapoana";"RJ";"Sudeste";45059;27903;17156;61,93;38,07;27333;-21,4176079341806;-41,1351400938534;23,8;3,1;22,3;2,5
"3304805";"São Fidélis";"RJ";"Sudeste";38961;32290;6671;82,88;17,12;114;-21,6598749519938;-41,7869008419216;23,8;3,1;22,3;2,5
"3304904";"São Gonçalo";"RJ";"Sudeste";896744;896488;256;99,97;0,03;193;-22,8255612951291;-42,9970651757818;23,8;3,1;22,3;2,5
"3305000";"São João da Barra";"RJ";"Sudeste";36573;29176;7397;79,77;20,23;551;-21,7822990433358;-41,0807881540601;23,8;3,1;22,3;2,5
"3305109";"São João de Meriti";"RJ";"Sudeste";440962;440962;NA;100;NA;NA;-22,7851074187341;-43,3650834291846;23,8;3,1;22,3;2,5
"3305133";"São José de Ubá";"RJ";"Sudeste";7070;3435;3635;48,59;51,41;237;-21,3707868204095;-41,9493029813155;23,8;3,1;22,3;2,5
"3305158";"São José do Vale do Rio Preto";"RJ";"Sudeste";22080;12682;9398;57,44;42,56;849;-22,1696947854862;-42,9325132865033;23,8;3,1;22,3;2,5
"3305208";"São Pedro da Aldeia";"RJ";"Sudeste";104029;101149;2880;97,23;2,77;870;-22,7883889420259;-42,1260707890463;23,8;3,1;22,3;2,5
"3305307";"São Sebastião do Alto";"RJ";"Sudeste";7750;4450;3300;57,42;42,58;161;-21,8833021771006;-42,1021638647854;23,8;3,1;22,3;2,5
"3305406";"Sapucaia";"RJ";"Sudeste";17729;14076;3653;79,4;20,6;230;-22,0241192045601;-42,8227365254464;23,8;3,1;22,3;2,5
"3305505";"Saquarema";"RJ";"Sudeste";89559;87013;2546;97,16;2,84;376;-22,8782300912323;-42,5189463142274;23,8;3,1;22,3;2,5
"3305554";"Seropédica";"RJ";"Sudeste";80596;78608;1988;97,53;2,47;983;-22,7555552717644;-43,6986485579011;23,8;3,1;22,3;2,5
"3305604";"Silva Jardim";"RJ";"Sudeste";21352;17377;3975;81,38;18,62;1730;-22,5675502694689;-42,4133008404454;23,8;3,1;22,3;2,5
"3305703";"Sumidouro";"RJ";"Sudeste";15206;6150;9056;40,44;59,56;1573;-22,107045296156;-42,6641887982705;23,8;3,1;22,3;2,5
"3305752";"Tanguá";"RJ";"Sudeste";31086;28377;2709;91,29;8,71;1502;-22,7822434925862;-42,7253463910015;23,8;3,1;22,3;2,5
"3305802";"Teresópolis";"RJ";"Sudeste";165123;146010;19113;88,42;11,58;488;-22,3140257735353;-42,8733110012656;23,8;3,1;22,3;2,5
"3305901";"Trajano de Moraes";"RJ";"Sudeste";10302;6236;4066;60,53;39,47;791;-22,1297354318337;-42,154954776589;23,8;3,1;22,3;2,5
"3306008";"Três Rios";"RJ";"Sudeste";78346;76498;1848;97,64;2,36;30;-22,1247400179007;-43,1121802922559;23,8;3,1;22,3;2,5
"3306107";"Valença";"RJ";"Sudeste";68088;64237;3851;94,34;5,66;141;-22,2342292667547;-43,8574565302547;23,8;3,1;22,3;2,5
"3306156";"Varre-Sai";"RJ";"Sudeste";10207;6581;3626;64,48;35,52;5528;-20,8928726567874;-41,8296938964912;23,8;3,1;22,3;2,5
"3306206";"Vassouras";"RJ";"Sudeste";33976;29519;4457;86,88;13,12;95;-22,3585728940144;-43,5695623655181;23,8;3,1;22,3;2,5
"3306305";"Volta Redonda";"RJ";"Sudeste";261563;260931;632;99,76;0,24;17;-22,4905647642928;-44,0888838226225;23,8;3,1;22,3;2,5
"3500105";"Adamantina";"SP";"Sudeste";34687;33536;1151;96,68;3,32;15734;-21,576588081284;-51,0567481730455;23,5;3;19,3;2,4
"3500204";"Adolfo";"SP";"Sudeste";4351;4005;346;92,05;7,95;9958;-21,2887159444654;-49,6532937347316;23,5;3;19,3;2,4
"3500303";"Aguaí";"SP";"Sudeste";32072;29895;2177;93,21;6,79;27690;-22,0499566583599;-47,0403420629427;23,5;3;19,3;2,4
"3500402";"Águas da Prata";"SP";"Sudeste";7369;6459;910;87,65;12,35;1692;-21,9136540340385;-46,691720741577;23,5;3;19,3;2,4
"3500501";"Águas de Lindóia";"SP";"Sudeste";17930;15627;2303;87,16;12,84;447;-22,4747483441776;-46,6036923762513;23,5;3;19,3;2,4
"3500550";"Águas de Santa Bárbara";"SP";"Sudeste";7177;6315;862;87,99;12,01;24046;-22,8578700270376;-49,2610947851498;23,5;3;19,3;2,4
"3500600";"Águas de São Pedro";"SP";"Sudeste";2780;2780;NA;100;NA;NA;-22,5987423334883;-47,8759148072935;23,5;3;19,3;2,4
"3500709";"Agudos";"SP";"Sudeste";37680;36054;1626;95,68;4,32;14300;-22,5718998627493;-49,1085296250536;23,5;3;19,3;2,4
"3500758";"Alambari";"SP";"Sudeste";6141;4558;1583;74,22;25,78;4891;-23,5489541428341;-47,8691082137848;23,5;3;19,3;2,4
"3500808";"Alfredo Marcondes";"SP";"Sudeste";4445;3741;704;84,16;15,84;552;-21,9349641453892;-51,395628064108;23,5;3;19,3;2,4
"3500907";"Altair";"SP";"Sudeste";3451;2963;488;85,86;14,14;23682;-20,5333582690662;-49,0938780970127;23,5;3;19,3;2,4
"3501004";"Altinópolis";"SP";"Sudeste";16818;15228;1590;90,55;9,45;40318;-21,0180259265531;-47,3860842856995;23,5;3;19,3;2,4
"3501103";"Alto Alegre";"SP";"Sudeste";3841;3101;740;80,73;19,27;15267;-21,6125847092999;-50,1921139093977;23,5;3;19,3;2,4
"3501152";"Alumínio";"SP";"Sudeste";17301;16657;644;96,28;3,72;170;-23,5330251684388;-47,2812227786176;23,5;3;19,3;2,4
"3501202";"Álvares Florence";"SP";"Sudeste";3915;2622;1293;66,97;33,03;11493;-20,2894640396997;-49,920245990965;23,5;3;19,3;2,4
"3501301";"Álvares Machado";"SP";"Sudeste";27255;25223;2032;92,54;7,46;2105;-22,1312874567669;-51,5146978994324;23,5;3;19,3;2,4
"3501400";"Álvaro de Carvalho";"SP";"Sudeste";4808;2904;1904;60,4;39,6;1132;-22,0866313408108;-49,7339555003915;23,5;3;19,3;2,4
"3501509";"Alvinlândia";"SP";"Sudeste";2885;2642;243;91,58;8,42;1909;-22,452570275877;-49,7585933203525;23,5;3;19,3;2,4
"3501608";"Americana";"SP";"Sudeste";237240;236829;411;99,83;0,17;240;-22,7233550659806;-47,2891032407996;23,5;3;19,3;2,4
"3501707";"Américo Brasiliense";"SP";"Sudeste";33019;32755;264;99,2;0,8;8420;-21,7222061183034;-48,032179238638;23,5;3;19,3;2,4
"3501806";"Américo de Campos";"SP";"Sudeste";5870;5166;704;88,01;11,99;9007;-20,2894783810738;-49,7680528179245;23,5;3;19,3;2,4
"3501905";"Amparo";"SP";"Sudeste";68008;62726;5282;92,23;7,77;4967;-22,6990920241254;-46,7987207534603;23,5;3;19,3;2,4
"3502002";"Analândia";"SP";"Sudeste";4589;3896;693;84,9;15,1;11368;-22,121058323352;-47,6779517210505;23,5;3;19,3;2,4
"3502101";"Andradina";"SP";"Sudeste";59783;54732;5051;91,55;8,45;45634;-20,8355693781395;-51,3297090839379;23,5;3;19,3;2,4
"3502200";"Angatuba";"SP";"Sudeste";24022;17016;7006;70,84;29,16;25789;-23,4368528149963;-48,4593318862815;23,5;3;19,3;2,4
"3502309";"Anhembi";"SP";"Sudeste";5674;4626;1048;81,53;18,47;20187;-22,7999510596822;-48,1746385405202;23,5;3;19,3;2,4
"3502408";"Anhumas";"SP";"Sudeste";4023;3394;629;84,36;15,64;11078;-22,3619736336076;-51,4277390078296;23,5;3;19,3;2,4
"3502507";"Aparecida";"SP";"Sudeste";32569;31916;653;98;2;260;-22,9141063844932;-45,2372074163803;23,5;3;19,3;2,4
"3502606";"Aparecida D'oeste";"SP";"Sudeste";4086;3233;853;79,12;20,88;2075;-20,4788576641266;-50,9220740039468;23,5;3;19,3;2,4
"3502705";"Apiaí";"SP";"Sudeste";24585;19298;5287;78,5;21,5;8379;-24,4214766704318;-48,8173681939925;23,5;3;19,3;2,4
"3502754";"Araçariguama";"SP";"Sudeste";21522;18895;2627;87,79;12,21;171;-23,434434558338;-47,0723860210689;23,5;3;19,3;2,4
"3502804";"Araçatuba";"SP";"Sudeste";200124;196751;3373;98,31;1,69;44463;-21,1136591456591;-50,5747119804833;23,5;3;19,3;2,4
"3502903";"Araçoiaba da Serra";"SP";"Sudeste";32443;28831;3612;88,87;11,13;4342;-23,54388374874;-47,6515143193019;23,5;3;19,3;2,4
"3503000";"Aramina";"SP";"Sudeste";5420;5150;270;95,02;4,98;14911;-20,1448509630963;-47,8206229804136;23,5;3;19,3;2,4
"3503109";"Arandu";"SP";"Sudeste";6885;5579;1306;81,03;18,97;12515;-23,1776561547254;-49,0639970327117;23,5;3;19,3;2,4
"3503158";"Arapeí";"SP";"Sudeste";2330;1577;753;67,68;32,32;113;-22,6729686869192;-44,4385340306763;23,5;3;19,3;2,4
"3503208";"Araraquara";"SP";"Sudeste";242228;238618;3610;98,51;1,49;44412;-21,7916222471955;-48,1813101163043;23,5;3;19,3;2,4
"3503307";"Araras";"SP";"Sudeste";130866;126982;3884;97,03;2,97;36935;-22,3461013693858;-47,323909979663;23,5;3;19,3;2,4
"3503356";"Arco-Íris";"SP";"Sudeste";2044;1306;738;63,89;36,11;7638;-21,7663424298409;-50,4308874583252;23,5;3;19,3;2,4
"3503406";"Arealva";"SP";"Sudeste";8130;6389;1741;78,59;21,41;16502;-22,0762110765224;-48,9818636715611;23,5;3;19,3;2,4
"3503505";"Areias";"SP";"Sudeste";3577;2772;805;77,5;22,5;141;-22,6731435884704;-44,7123663950279;23,5;3;19,3;2,4
"3503604";"Areiópolis";"SP";"Sudeste";10130;9902;228;97,75;2,25;7177;-22,631711832899;-48,6528471463179;23,5;3;19,3;2,4
"3503703";"Ariranha";"SP";"Sudeste";7602;7358;244;96,79;3,21;8922;-21,1856500248783;-48,7792077065199;23,5;3;19,3;2,4
"3503802";"Artur Nogueira";"SP";"Sudeste";51456;48173;3283;93,62;6,38;8413;-22,5612479221464;-47,1321326436016;23,5;3;19,3;2,4
"3503901";"Arujá";"SP";"Sudeste";86678;84095;2583;97,02;2,98;NA;-23,3859853670623;-46,3189936919534;23,5;3;19,3;2,4
"3503950";"Aspásia";"SP";"Sudeste";1842;1445;397;78,45;21,55;2158;-20,1835173713008;-50,7280721164047;23,5;3;19,3;2,4
"3504008";"Assis";"SP";"Sudeste";101409;97630;3779;96,27;3,73;30185;-22,6017295090186;-50,4206912966225;23,5;3;19,3;2,4
"3504107";"Atibaia";"SP";"Sudeste";158647;142259;16388;89,67;10,33;2550;-23,1233242353617;-46,5868092350208;23,5;3;19,3;2,4
"3504206";"Auriflama";"SP";"Sudeste";13692;12367;1325;90,32;9,68;9372;-20,6440742009821;-50,5799848280895;23,5;3;19,3;2,4
"3504305";"Avaí";"SP";"Sudeste";4483;2966;1517;66,16;33,84;6561;-22,1871557008796;-49,316195139529;23,5;3;19,3;2,4
"3504404";"Avanhandava";"SP";"Sudeste";11263;9642;1621;85,61;14,39;20628;-21,4604893945203;-49,9472987223445;23,5;3;19,3;2,4
"3504503";"Avaré";"SP";"Sudeste";92805;88128;4677;94,96;5,04;54108;-23,0751392161377;-48,8940531059637;23,5;3;19,3;2,4
"3504602";"Bady Bassitt";"SP";"Sudeste";27260;26080;1180;95,67;4,33;4832;-20,9315365465337;-49,4376541630818;23,5;3;19,3;2,4
"3504701";"Balbinos";"SP";"Sudeste";3887;3787;100;97,43;2,57;5647;-21,8923613583013;-49,3330509598464;23,5;3;19,3;2,4
"3504800";"Bálsamo";"SP";"Sudeste";9596;8898;698;92,73;7,27;9379;-20,7095607760762;-49,5519271699659;23,5;3;19,3;2,4
"3504909";"Bananal";"SP";"Sudeste";9969;8047;1922;80,72;19,28;369;-22,7337936507903;-44,3344102403698;23,5;3;19,3;2,4
"3505005";"Barão de Antonina";"SP";"Sudeste";3531;2358;1173;66,78;33,22;2812;-23,5828699295583;-49,5719268921377;23,5;3;19,3;2,4
"3505104";"Barbosa";"SP";"Sudeste";5640;5171;469;91,68;8,32;9564;-21,2907336766335;-49,9219939529161;23,5;3;19,3;2,4
"3505203";"Bariri";"SP";"Sudeste";31595;30527;1068;96,62;3,38;27288;-22,0667821040132;-48,7188261282655;23,5;3;19,3;2,4
"3505302";"Barra Bonita";"SP";"Sudeste";34346;33890;456;98,67;1,33;7870;-22,4794109996566;-48,5417518565198;23,5;3;19,3;2,4
"3505351";"Barra do Chapéu";"SP";"Sudeste";5179;1904;3275;36,76;63,24;850;-24,4438321123522;-49,0852636103947;23,5;3;19,3;2,4
"3505401";"Barra do Turvo";"SP";"Sudeste";6876;3092;3784;44,97;55,03;333;-24,8886243048864;-48,4269695664683;23,5;3;19,3;2,4
"3505500";"Barretos";"SP";"Sudeste";122485;118864;3621;97,04;2,96;105306;-20,514140444207;-48,6519700473311;23,5;3;19,3;2,4
"3505609";"Barrinha";"SP";"Sudeste";32092;31901;191;99,4;0,6;8833;-21,2325311010008;-48,0950824032549;23,5;3;19,3;2,4
"3505708";"Barueri";"SP";"Sudeste";316473;316358;115;99,96;0,04;NA;-23,50525810825;-46,8772392653186;23,5;3;19,3;2,4
"3505807";"Bastos";"SP";"Sudeste";21503;18715;2788;87,03;12,97;1475;-21,9502467420048;-50,7439036125596;23,5;3;19,3;2,4
"3505906";"Batatais";"SP";"Sudeste";58402;56726;1676;97,13;2,87;54105;-20,8677694170644;-47,5747519684839;23,5;3;19,3;2,4
"3506003";"Bauru";"SP";"Sudeste";379146;369919;9227;97,57;2,43;4749;-22,2538671597835;-49,1261649063079;23,5;3;19,3;2,4
"3506102";"Bebedouro";"SP";"Sudeste";76373;73727;2646;96,54;3,46;48979;-20,9404184171069;-48,5107190575934;23,5;3;19,3;2,4
"3506201";"Bento de Abreu";"SP";"Sudeste";2606;2407;199;92,36;7,64;16073;-21,3316776489023;-50,8618742572776;23,5;3;19,3;2,4
"3506300";"Bernardino de Campos";"SP";"Sudeste";11607;9626;1981;82,93;17,07;15102;-23,0308350404527;-49,4918606019162;23,5;3;19,3;2,4
"3506359";"Bertioga";"SP";"Sudeste";64188;63511;677;98,95;1,05;NA;-23,7598503420893;-46,0299851493933;23,5;3;19,3;2,4
"3506409";"Bilac";"SP";"Sudeste";7319;6877;442;93,96;6,04;7929;-21,4276953421661;-50,4792778729049;23,5;3;19,3;2,4
"3506508";"Birigui";"SP";"Sudeste";118979;116413;2566;97,84;2,16;34381;-21,2616146345705;-50,3509585145802;23,5;3;19,3;2,4
"3506607";"Biritiba Mirim";"SP";"Sudeste";29683;24201;5482;81,53;18,47;80;-23,6241451421994;-46,0213362013495;23,5;3;19,3;2,4
"3506706";"Boa Esperança do Sul";"SP";"Sudeste";12978;12203;775;94,03;5,97;47348;-21,9350075141485;-48,4636255893376;23,5;3;19,3;2,4
"3506805";"Bocaina";"SP";"Sudeste";11259;10691;568;94,96;5,04;16121;-22,1054626016794;-48,5290425334585;23,5;3;19,3;2,4
"3506904";"Bofete";"SP";"Sudeste";10460;7469;2991;71,41;28,59;2169;-23,1289704523724;-48,2858130796934;23,5;3;19,3;2,4
"3507001";"Boituva";"SP";"Sudeste";61081;58775;2306;96,22;3,78;7179;-23,2876688456165;-47,6749424277671;23,5;3;19,3;2,4
"3507100";"Bom Jesus dos Perdões";"SP";"Sudeste";22006;20336;1670;92,41;7,59;64;-23,1725251822507;-46,4790209643753;23,5;3;19,3;2,4
"3507159";"Bom Sucesso de Itararé";"SP";"Sudeste";3555;2477;1078;69,68;30,32;227;-24,3160344135067;-49,1647011727955;23,5;3;19,3;2,4
"3507209";"Borá";"SP";"Sudeste";907;738;169;81,37;18,63;5803;-22,2441646651852;-50,5021176879125;23,5;3;19,3;2,4
"3507308";"Boracéia";"SP";"Sudeste";4715;4445;270;94,27;5,73;7527;-22,1700393101364;-48,7883875889226;23,5;3;19,3;2,4
"3507407";"Borborema";"SP";"Sudeste";14226;13121;1105;92,23;7,77;34929;-21,6107607919417;-49,0720096088881;23,5;3;19,3;2,4
"3507456";"Borebi";"SP";"Sudeste";2713;2352;361;86,69;13,31;6009;-22,6805592086135;-48,9923111061551;23,5;3;19,3;2,4
"3507506";"Botucatu";"SP";"Sudeste";145155;140601;4554;96,86;3,14;42976;-22,8633900175441;-48,4681851631491;23,5;3;19,3;2,4
"3507605";"Bragança Paulista";"SP";"Sudeste";176811;164358;12453;92,96;7,04;9732;-22,9383978917918;-46,5560463172284;23,5;3;19,3;2,4
"3507704";"Braúna";"SP";"Sudeste";5356;4855;501;90,65;9,35;10240;-21,5532332851929;-50,3394185162681;23,5;3;19,3;2,4
"3507753";"Brejo Alegre";"SP";"Sudeste";2565;2168;397;84,52;15,48;9190;-21,1765974331599;-50,2098061546296;23,5;3;19,3;2,4
"3507803";"Brodowski";"SP";"Sudeste";25201;24576;625;97,52;2,48;16448;-21,0495064826501;-47,6277271514083;23,5;3;19,3;2,4
"3507902";"Brotas";"SP";"Sudeste";23898;22015;1883;92,12;7,88;38476;-22,2733326188681;-48,0812434450148;23,5;3;19,3;2,4
"3508009";"Buri";"SP";"Sudeste";20250;16771;3479;82,82;17,18;76152;-23,7520043082359;-48,5753120522709;23,5;3;19,3;2,4
"3508108";"Buritama";"SP";"Sudeste";17210;16264;946;94,5;5,5;11842;-21,0490952242006;-50,2002708984314;23,5;3;19,3;2,4
"3508207";"Buritizal";"SP";"Sudeste";4356;3772;584;86,59;13,41;13424;-20,2093043121589;-47,6929514718627;23,5;3;19,3;2,4
"3508306";"Cabrália Paulista";"SP";"Sudeste";4299;3561;738;82,83;17,17;2651;-22,4895200855289;-49,373018479724;23,5;3;19,3;2,4
"3508405";"Cabreúva";"SP";"Sudeste";47011;43400;3611;92,32;7,68;497;-23,3012616904655;-47,0802724055145;23,5;3;19,3;2,4
"3508504";"Caçapava";"SP";"Sudeste";96202;92926;3276;96,59;3,41;2000;-23,10371417257;-45,7133588339065;23,5;3;19,3;2,4
"3508603";"Cachoeira Paulista";"SP";"Sudeste";31564;29274;2290;92,74;7,26;324;-22,7022783802788;-44,991750437698;23,5;3;19,3;2,4
"3508702";"Caconde";"SP";"Sudeste";17101;11832;5269;69,19;30,81;9624;-21,5394816921983;-46,6171055864071;23,5;3;19,3;2,4
"3508801";"Cafelândia";"SP";"Sudeste";16654;15318;1336;91,98;8,02;41214;-21,731172794172;-49,5486397093699;23,5;3;19,3;2,4
"3508900";"Caiabu";"SP";"Sudeste";3712;2987;725;80,47;19,53;6692;-21,9498050133891;-51,2238836166642;23,5;3;19,3;2,4
"3509007";"Caieiras";"SP";"Sudeste";95032;94087;945;99,01;0,99;3;-23,3759255967369;-46,7452259431544;23,5;3;19,3;2,4
"3509106";"Caiuá";"SP";"Sudeste";5466;2332;3134;42,66;57,34;2245;-21,8018739441446;-51,9867310660225;23,5;3;19,3;2,4
"3509205";"Cajamar";"SP";"Sudeste";92689;91845;844;99,09;0,91;NA;-23,3514676988432;-46,8720117909627;23,5;3;19,3;2,4
"3509254";"Cajati";"SP";"Sudeste";28515;21935;6580;76,92;23,08;5843;-24,7719690083556;-48,1949607947981;23,5;3;19,3;2,4
"3509304";"Cajobi";"SP";"Sudeste";9133;8670;463;94,93;5,07;11533;-20,8737062047878;-48,8387354041341;23,5;3;19,3;2,4
"3509403";"Cajuru";"SP";"Sudeste";23830;21246;2584;89,16;10,84;28977;-21,2759200677564;-47,310307711463;23,5;3;19,3;2,4
"3509452";"Campina do Monte Alegre";"SP";"Sudeste";5954;4933;1021;82,85;17,15;15339;-23,6067647794131;-48,4419291318718;23,5;3;19,3;2,4
"3509502";"Campinas";"SP";"Sudeste";1139047;1132934;6113;99,46;0,54;3954;-22,8837354984028;-47,0437984054326;23,5;3;19,3;2,4
"3509601";"Campo Limpo Paulista";"SP";"Sudeste";77632;76183;1449;98,13;1,87;NA;-23,2179495276493;-46,7600937323536;23,5;3;19,3;2,4
"3509700";"Campos do Jordão";"SP";"Sudeste";46974;43094;3880;91,74;8,26;NA;-22,7016173934844;-45,5329906874455;23,5;3;19,3;2,4
"3509809";"Campos Novos Paulista";"SP";"Sudeste";4888;3906;982;79,91;20,09;44230;-22,6108759352952;-50,0102147898886;23,5;3;19,3;2,4
"3509908";"Cananéia";"SP";"Sudeste";12289;10838;1451;88,19;11,81;608;-25,018352945785;-48,0084519802074;23,5;3;19,3;2,4
"3509957";"Canas";"SP";"Sudeste";4931;4473;458;90,71;9,29;400;-22,730168207709;-45,0411253024223;23,5;3;19,3;2,4
"3510005";"Cândido Mota";"SP";"Sudeste";29449;27861;1588;94,61;5,39;69695;-22,8086006037882;-50,4216711316639;23,5;3;19,3;2,4
"3510104";"Cândido Rodrigues";"SP";"Sudeste";2889;2454;435;84,94;15,06;4700;-21,3428204595291;-48,628660277489;23,5;3;19,3;2,4
"3510153";"Canitar";"SP";"Sudeste";6283;6125;158;97,49;2,51;4950;-23,0188183933523;-49,7919096290308;23,5;3;19,3;2,4
"3510203";"Capão Bonito";"SP";"Sudeste";46337;39428;6909;85,09;14,91;57620;-24,0392011921034;-48,2899207703565;23,5;3;19,3;2,4
"3510302";"Capela do Alto";"SP";"Sudeste";22866;18052;4814;78,95;21,05;3186;-23,4674275157113;-47,7309926963062;23,5;3;19,3;2,4
"3510401";"Capivari";"SP";"Sudeste";50068;48190;1878;96,25;3,75;18910;-22,9806843297857;-47,4780315251817;23,5;3;19,3;2,4
"3510500";"Caraguatatuba";"SP";"Sudeste";134873;132970;1903;98,59;1,41;76;-23,6396357884625;-45,4878008625851;23,5;3;19,3;2,4
"3510609";"Carapicuíba";"SP";"Sudeste";386984;386984;NA;100;NA;NA;-23,5500382533992;-46,8419626100925;23,5;3;19,3;2,4
"3510708";"Cardoso";"SP";"Sudeste";11345;10445;900;92,07;7,93;24788;-20,0671667971302;-49,9475336829956;23,5;3;19,3;2,4
"3510807";"Casa Branca";"SP";"Sudeste";28083;23907;4176;85,13;14,87;64395;-21,8004689768141;-47,0881428121296;23,5;3;19,3;2,4
"3510906";"Cássia dos Coqueiros";"SP";"Sudeste";2799;1895;904;67,7;32,3;7561;-21,2632544623954;-47,1439658611156;23,5;3;19,3;2,4
"3511003";"Castilho";"SP";"Sudeste";19977;15289;4688;76,53;23,47;32400;-20,8975671246146;-51,5701718123303;23,5;3;19,3;2,4
"3511102";"Catanduva";"SP";"Sudeste";115791;114736;1055;99,09;0,91;17340;-21,1337411565599;-48,9636459320245;23,5;3;19,3;2,4
"3511201";"Catiguá";"SP";"Sudeste";7003;6703;300;95,72;4,28;9182;-21,0628057803529;-49,0527515469672;23,5;3;19,3;2,4
"3511300";"Cedral";"SP";"Sudeste";12618;11506;1112;91,19;8,81;9772;-20,9139472188414;-49,263967272087;23,5;3;19,3;2,4
"3511409";"Cerqueira César";"SP";"Sudeste";21469;18314;3155;85,3;14,7;32400;-23,0592779732771;-49,1437292676932;23,5;3;19,3;2,4
"3511508";"Cerquilho";"SP";"Sudeste";44695;42340;2355;94,73;5,27;6100;-23,1871275088074;-47,7570964182461;23,5;3;19,3;2,4
"3511607";"Cesário Lange";"SP";"Sudeste";19048;14690;4358;77,12;22,88;17150;-23,2165318947259;-47,9038886534046;23,5;3;19,3;2,4
"3511706";"Charqueada";"SP";"Sudeste";15535;14455;1080;93,05;6,95;8673;-22,5301476806924;-47,7463006847826;23,5;3;19,3;2,4
"3511904";"Clementina";"SP";"Sudeste";6982;6736;246;96,48;3,52;7891;-21,5702964568507;-50,4600750183582;23,5;3;19,3;2,4
"3512001";"Colina";"SP";"Sudeste";18486;17601;885;95,21;4,79;30646;-20,7462023194663;-48,5889697916885;23,5;3;19,3;2,4
"3512100";"Colômbia";"SP";"Sudeste";6629;4684;1945;70,66;29,34;55728;-20,2668824598278;-48,7217331024959;23,5;3;19,3;2,4
"3512209";"Conchal";"SP";"Sudeste";28101;26778;1323;95,29;4,71;14605;-22,3692729041962;-47,1411596043984;23,5;3;19,3;2,4
"3512308";"Conchas";"SP";"Sudeste";15232;11924;3308;78,28;21,72;4376;-22,9656010344628;-48,0470612826402;23,5;3;19,3;2,4
"3512407";"Cordeirópolis";"SP";"Sudeste";24514;23427;1087;95,57;4,43;7216;-22,4794736884994;-47,4147911680653;23,5;3;19,3;2,4
"3512506";"Coroados";"SP";"Sudeste";5400;4608;792;85,33;14,67;15760;-21,3756001434343;-50,303417919595;23,5;3;19,3;2,4
"3512605";"Coronel Macedo";"SP";"Sudeste";4280;3541;739;82,73;17,27;25826;-23,6301604984369;-49,30685145286;23,5;3;19,3;2,4
"3512704";"Corumbataí";"SP";"Sudeste";4195;2713;1482;64,67;35,33;5168;-22,236394984005;-47,6110582232402;23,5;3;19,3;2,4
"3512803";"Cosmópolis";"SP";"Sudeste";59773;58263;1510;97,47;2,53;5331;-22,6516997689788;-47,1863907230143;23,5;3;19,3;2,4
"3512902";"Cosmorama";"SP";"Sudeste";8719;6800;1919;77,99;22,01;22561;-20,4425069359815;-49,7745202361168;23,5;3;19,3;2,4
"3513009";"Cotia";"SP";"Sudeste";274413;266653;7760;97,17;2,83;NA;-23,6751147692937;-46,9604147770622;23,5;3;19,3;2,4
"3513108";"Cravinhos";"SP";"Sudeste";33281;32754;527;98,42;1,58;23760;-21,3395555068208;-47,7445387810562;23,5;3;19,3;2,4
"3513207";"Cristais Paulista";"SP";"Sudeste";9272;7629;1643;82,28;17,72;14950;-20,3713185210173;-47,400869802717;23,5;3;19,3;2,4
"3513306";"Cruzália";"SP";"Sudeste";2108;1418;690;67,27;32,73;18689;-22,7380698986483;-50,7691076260298;23,5;3;19,3;2,4
"3513405";"Cruzeiro";"SP";"Sudeste";74961;73138;1823;97,57;2,43;284;-22,5513562599127;-45,0063183643102;23,5;3;19,3;2,4
"3513504";"Cubatão";"SP";"Sudeste";112476;112336;140;99,88;0,12;NA;-23,865854523068;-46,4081883970728;23,5;3;19,3;2,4
"3513603";"Cunha";"SP";"Sudeste";22110;13050;9060;59,02;40,98;467;-23,0528217634362;-44,9419887518031;23,5;3;19,3;2,4
"3513702";"Descalvado";"SP";"Sudeste";31756;28806;2950;90,71;9,29;33545;-21,8811658194598;-47,6546374198724;23,5;3;19,3;2,4
"3513801";"Diadema";"SP";"Sudeste";393237;393237;NA;100;NA;NA;-23,6971173514238;-46,6113408595023;23,5;3;19,3;2,4
"3513850";"Dirce Reis";"SP";"Sudeste";1620;1320;300;81,48;18,52;2016;-20,4484718417441;-50,6281091089591;23,5;3;19,3;2,4
"3513900";"Divinolândia";"SP";"Sudeste";11158;7670;3488;68,74;31,26;5455;-21,6616968950554;-46,6974298249039;23,5;3;19,3;2,4
"3514007";"Dobrada";"SP";"Sudeste";8759;8556;203;97,68;2,32;10307;-21,5161998876149;-48,3574674459383;23,5;3;19,3;2,4
"3514106";"Dois Córregos";"SP";"Sudeste";24510;23529;981;96;4;29955;-22,3959529293662;-48,3405189926566;23,5;3;19,3;2,4
"3514205";"Dolcinópolis";"SP";"Sudeste";2207;1974;233;89,44;10,56;3325;-20,1172731707049;-50,5283267096327;23,5;3;19,3;2,4
"3514304";"Dourado";"SP";"Sudeste";8096;7602;494;93,9;6,1;6102;-22,1172442066112;-48,3334080701152;23,5;3;19,3;2,4
"3514403";"Dracena";"SP";"Sudeste";45474;42064;3410;92,5;7,5;16520;-21,5566387970034;-51,5840851655825;23,5;3;19,3;2,4
"3514502";"Duartina";"SP";"Sudeste";12328;11108;1220;90,1;9,9;1807;-22,3932868598486;-49,4133226451677;23,5;3;19,3;2,4
"3514601";"Dumont";"SP";"Sudeste";9471;9252;219;97,69;2,31;10144;-21,2470897781255;-47,9797789662876;23,5;3;19,3;2,4
"3514700";"Echaporã";"SP";"Sudeste";6205;5228;977;84,25;15,75;14314;-22,4483000366783;-50,2006717252136;23,5;3;19,3;2,4
"3514809";"Eldorado";"SP";"Sudeste";13069;6872;6197;52,58;47,42;6447;-24,4949528205477;-48,2335230914367;23,5;3;19,3;2,4
"3514908";"Elias Fausto";"SP";"Sudeste";17699;15384;2315;86,92;13,08;8638;-23,0706213647322;-47,3706954972527;23,5;3;19,3;2,4
"3514924";"Elisiário";"SP";"Sudeste";3138;2929;209;93,34;6,66;6273;-21,1613299703147;-49,0920571983158;23,5;3;19,3;2,4
"3514957";"Embaúba";"SP";"Sudeste";2323;2051;272;88,29;11,71;6439;-20,9529179950834;-48,8476007593212;23,5;3;19,3;2,4
"3515004";"Embu das Artes";"SP";"Sudeste";250691;249223;1468;99,41;0,59;NA;-23,6513665274173;-46,8515049264349;23,5;3;19,3;2,4
"3515103";"Embu-Guaçu";"SP";"Sudeste";66970;60024;6946;89,63;10,37;NA;-23,8543305193567;-46,8306870343138;23,5;3;19,3;2,4
"3515129";"Emilianópolis";"SP";"Sudeste";3014;2670;344;88,59;11,41;6591;-21,8009383447899;-51,4721737600689;23,5;3;19,3;2,4
"3515152";"Engenheiro Coelho";"SP";"Sudeste";19566;18405;1161;94,07;5,93;5299;-22,4871384354646;-47,1748745879001;23,5;3;19,3;2,4
"3515186";"Espírito Santo do Pinhal";"SP";"Sudeste";39816;36189;3627;90,89;9,11;10745;-22,192375516678;-46,7933316732835;23,5;3;19,3;2,4
"3515194";"Espírito Santo do Turvo";"SP";"Sudeste";4157;3565;592;85,76;14,24;8896;-22,6708327284427;-49,4329814231319;23,5;3;19,3;2,4
"3515202";"Estrela D'oeste";"SP";"Sudeste";9417;7898;1519;83,87;16,13;11669;-20,2656722222159;-50,4115105590782;23,5;3;19,3;2,4
"3515301";"Estrela do Norte";"SP";"Sudeste";2703;2225;478;82,32;17,68;6240;-22,4856282273043;-51,6690575232947;23,5;3;19,3;2,4
"3515350";"Euclides da Cunha Paulista";"SP";"Sudeste";7924;4933;2991;62,25;37,75;8312;-22,5189363027222;-52,588666189143;23,5;3;19,3;2,4
"3515400";"Fartura";"SP";"Sudeste";16641;13455;3186;80,85;19,15;11628;-23,3901274174311;-49,5196778393315;23,5;3;19,3;2,4
"3515509";"Fernandópolis";"SP";"Sudeste";71186;68905;2281;96,8;3,2;19906;-20,2717601715952;-50,2829878536948;23,5;3;19,3;2,4
"3515608";"Fernando Prestes";"SP";"Sudeste";5942;5348;594;90;10;12194;-21,3102212825571;-48,6956453465425;23,5;3;19,3;2,4
"3515657";"Fernão";"SP";"Sudeste";1656;1002;654;60,51;39,49;1882;-22,3657925501678;-49,5424605628798;23,5;3;19,3;2,4
"3515707";"Ferraz de Vasconcelos";"SP";"Sudeste";179198;177680;1518;99,15;0,85;NA;-23,5608961045509;-46,3739563837495;23,5;3;19,3;2,4
"3515806";"Flora Rica";"SP";"Sudeste";1487;1216;271;81,78;18,22;5962;-21,6984964611204;-51,3742112277072;23,5;3;19,3;2,4
"3515905";"Floreal";"SP";"Sudeste";2733;2288;445;83,72;16,28;9306;-20,6696860760872;-50,1549187920181;23,5;3;19,3;2,4
"3516002";"Flórida Paulista";"SP";"Sudeste";12958;10460;2498;80,72;19,28;19800;-21,5399825113038;-51,1706633779017;23,5;3;19,3;2,4
"3516101";"Florínea";"SP";"Sudeste";3851;2534;1317;65,8;34,2;22231;-22,8812407304276;-50,6953670170317;23,5;3;19,3;2,4
"3516200";"Franca";"SP";"Sudeste";352536;347312;5224;98,52;1,48;17959;-20,5552621277534;-47,3810377381224;23,5;3;19,3;2,4
"3516309";"Francisco Morato";"SP";"Sudeste";165139;164374;765;99,54;0,46;19;-23,2737542963992;-46,7236396271909;23,5;3;19,3;2,4
"3516408";"Franco da Rocha";"SP";"Sudeste";144849;139074;5775;96,01;3,99;NA;-23,3141971899421;-46,7357444538073;23,5;3;19,3;2,4
"3516507";"Gabriel Monteiro";"SP";"Sudeste";2763;2459;304;89;11;4955;-21,4996459900005;-50,564817172437;23,5;3;19,3;2,4
"3516606";"Gália";"SP";"Sudeste";6380;5155;1225;80,8;19,2;5603;-22,3204134738072;-49,5777084714108;23,5;3;19,3;2,4
"3516705";"Garça";"SP";"Sudeste";42110;39928;2182;94,82;5,18;12427;-22,2309498058214;-49,6896192360686;23,5;3;19,3;2,4
"3516804";"Gastão Vidigal";"SP";"Sudeste";3252;2944;308;90,53;9,47;6402;-20,8042587332238;-50,2026506006664;23,5;3;19,3;2,4
"3516853";"Gavião Peixoto";"SP";"Sudeste";4702;4228;474;89,92;10,08;11961;-21,7916481659606;-48,4479491934598;23,5;3;19,3;2,4
"3516903";"General Salgado";"SP";"Sudeste";10312;9219;1093;89,4;10,6;16427;-20,6382158647954;-50,4158237043236;23,5;3;19,3;2,4
"3517000";"Getulina";"SP";"Sudeste";10232;7833;2399;76,55;23,45;19800;-21,7832341458756;-50,0279739073547;23,5;3;19,3;2,4
"3517109";"Glicério";"SP";"Sudeste";4138;3432;706;82,94;17,06;20579;-21,3402652218581;-50,1989055782129;23,5;3;19,3;2,4
"3517208";"Guaiçara";"SP";"Sudeste";11239;10446;793;92,94;7,06;8645;-21,5694878827899;-49,7626178413742;23,5;3;19,3;2,4
"3517307";"Guaimbê";"SP";"Sudeste";5512;4877;635;88,48;11,52;5145;-21,8785426183461;-49,8606762498076;23,5;3;19,3;2,4
"3517406";"Guaíra";"SP";"Sudeste";39279;38036;1243;96,84;3,16;109301;-20,3140265598667;-48,364167365938;23,5;3;19,3;2,4
"3517505";"Guapiaçu";"SP";"Sudeste";21711;20284;1427;93,43;6,57;19688;-20,7428266054769;-49,189917910539;23,5;3;19,3;2,4
"3517604";"Guapiara";"SP";"Sudeste";17071;6907;10164;40,46;59,54;9446;-24,2125020958561;-48,5558206493705;23,5;3;19,3;2,4
"3517703";"Guará";"SP";"Sudeste";18606;18149;457;97,54;2,46;27610;-20,4825460858401;-47,7752859631513;23,5;3;19,3;2,4
"3517802";"Guaraçaí";"SP";"Sudeste";7441;5886;1555;79,1;20,9;30728;-21,0863578097274;-51,279313538811;23,5;3;19,3;2,4
"3517901";"Guaraci";"SP";"Sudeste";10350;9634;716;93,08;6,92;43547;-20,3746986891366;-49,0028262291729;23,5;3;19,3;2,4
"3518008";"Guarani D'oeste";"SP";"Sudeste";1968;1712;256;86,99;13,01;2067;-20,0669028810513;-50,344693898651;23,5;3;19,3;2,4
"3518107";"Guarantã";"SP";"Sudeste";6427;5261;1166;81,86;18,14;17812;-21,9161213194459;-49,5883640810662;23,5;3;19,3;2,4
"3518206";"Guararapes";"SP";"Sudeste";31043;29504;1539;95,04;4,96;48117;-21,2851429307917;-50,6951360017972;23,5;3;19,3;2,4
"3518305";"Guararema";"SP";"Sudeste";31236;25724;5512;82,35;17,65;401;-23,4275620637337;-46,0585879218903;23,5;3;19,3;2,4
"3518404";"Guaratinguetá";"SP";"Sudeste";118044;113199;4845;95,9;4,1;5105;-22,7934603362514;-45,2329393794169;23,5;3;19,3;2,4
"3518503";"Guareí";"SP";"Sudeste";15013;8143;6870;54,24;45,76;6711;-23,3704969617789;-48,2191357157807;23,5;3;19,3;2,4
"3518602";"Guariba";"SP";"Sudeste";37498;36350;1148;96,94;3,06;21771;-21,3959064916542;-48,2264561479488;23,5;3;19,3;2,4
"3518701";"Guarujá";"SP";"Sudeste";287634;286839;795;99,72;0,28;NA;-23,9512877192563;-46,2351976329034;23,5;3;19,3;2,4
"3518800";"Guarulhos";"SP";"Sudeste";1291771;1291152;619;99,95;0,05;NA;-23,4026825671683;-46,4548243421044;23,5;3;19,3;2,4
"3518859";"Guatapará";"SP";"Sudeste";7320;6109;1211;83,46;16,54;26434;-21,4533009020209;-47,9798972044834;23,5;3;19,3;2,4
"3518909";"Guzolândia";"SP";"Sudeste";4246;3732;514;87,89;12,11;5487;-20,6285221083572;-50,713597541309;23,5;3;19,3;2,4
"3519006";"Herculândia";"SP";"Sudeste";9125;8166;959;89,49;10,51;17390;-21,9623354190056;-50,3731750916975;23,5;3;19,3;2,4
"3519055";"Holambra";"SP";"Sudeste";15094;11954;3140;79,2;20,8;1787;-22,6303635739609;-47,0650520008216;23,5;3;19,3;2,4
"3519071";"Hortolândia";"SP";"Sudeste";236641;235854;787;99,67;0,33;NA;-22,8784875634206;-47,2077847349904;23,5;3;19,3;2,4
"3519105";"Iacanga";"SP";"Sudeste";10437;9758;679;93,49;6,51;26403;-21,8909170213755;-49,0396353150928;23,5;3;19,3;2,4
"3519204";"Iacri";"SP";"Sudeste";6131;5147;984;83,95;16,05;12815;-21,7998302950223;-50,6194394244708;23,5;3;19,3;2,4
"3519253";"Iaras";"SP";"Sudeste";8010;3195;4815;39,89;60,11;18060;-22,8191843953257;-49,1068075640559;23,5;3;19,3;2,4
"3519303";"Ibaté";"SP";"Sudeste";32178;31726;452;98,6;1,4;15524;-21,950935851547;-48,0271980563465;23,5;3;19,3;2,4
"3519402";"Ibirá";"SP";"Sudeste";11690;11108;582;95,02;4,98;15131;-21,0747384027967;-49,220415912561;23,5;3;19,3;2,4
"3519501";"Ibirarema";"SP";"Sudeste";6385;6024;361;94,35;5,65;34303;-22,8132767203442;-50,0768727755674;23,5;3;19,3;2,4
"3519600";"Ibitinga";"SP";"Sudeste";60033;58254;1779;97,04;2,96;43219;-21,7929027601077;-48,8479131803238;23,5;3;19,3;2,4
"3519709";"Ibiúna";"SP";"Sudeste";75605;52704;22901;69,71;30,29;3023;-23,802332963298;-47,215234162352;23,5;3;19,3;2,4
"3519808";"Icém";"SP";"Sudeste";7819;6557;1262;83,86;16,14;12262;-20,3672021392967;-49,1853648441755;23,5;3;19,3;2,4
"3519907";"Iepê";"SP";"Sudeste";7619;6728;891;88,31;11,69;53083;-22,6485394561083;-51,0571616741799;23,5;3;19,3;2,4
"3520004";"Igaraçu do Tietê";"SP";"Sudeste";23106;22815;291;98,74;1,26;6666;-22,5416845788665;-48,5745826190044;23,5;3;19,3;2,4
"3520103";"Igarapava";"SP";"Sudeste";26212;25486;726;97,23;2,77;23418;-20,0636926594578;-47,6824511437274;23,5;3;19,3;2,4
"3520202";"Igaratá";"SP";"Sudeste";10605;7860;2745;74,12;25,88;1;-23,1348218458702;-46,1503456851044;23,5;3;19,3;2,4
"3520301";"Iguape";"SP";"Sudeste";29115;22465;6650;77,16;22,84;3708;-24,5494760287573;-47,4741205795687;23,5;3;19,3;2,4
"3520400";"Ilhabela";"SP";"Sudeste";34934;33863;1071;96,93;3,07;3;-23,8485043710958;-45,3232415921567;23,5;3;19,3;2,4
"3520426";"Ilha Comprida";"SP";"Sudeste";13419;13138;281;97,91;2,09;NA;-24,8589012134405;-47,7149569133104;23,5;3;19,3;2,4
"3520442";"Ilha Solteira";"SP";"Sudeste";25549;22651;2898;88,66;11,34;21736;-20,4313972547898;-51,2589676120011;23,5;3;19,3;2,4
"3520509";"Indaiatuba";"SP";"Sudeste";255748;251296;4452;98,26;1,74;4109;-23,1060431809474;-47,2025749802999;23,5;3;19,3;2,4
"3520608";"Indiana";"SP";"Sudeste";5090;4467;623;87,76;12,24;1954;-22,1332578872869;-51,2625613736967;23,5;3;19,3;2,4
"3520707";"Indiaporã";"SP";"Sudeste";4035;3335;700;82,65;17,35;8460;-19,9479383341191;-50,2636582324757;23,5;3;19,3;2,4
"3520806";"Inúbia Paulista";"SP";"Sudeste";3615;3329;286;92,09;7,91;2737;-21,7390316425631;-50,9574478068784;23,5;3;19,3;2,4
"3520905";"Ipaussu";"SP";"Sudeste";13712;13317;395;97,12;2,88;18986;-23,0650622104013;-49,6081128312461;23,5;3;19,3;2,4
"3521002";"Iperó";"SP";"Sudeste";36459;30246;6213;82,96;17,04;2060;-23,4044530162772;-47,6291957683142;23,5;3;19,3;2,4
"3521101";"Ipeúna";"SP";"Sudeste";6831;6292;539;92,11;7,89;5442;-22,4238846246919;-47,7160873330844;23,5;3;19,3;2,4
"3521150";"Ipiguá";"SP";"Sudeste";6761;5798;963;85,76;14,24;6220;-20,6480300313057;-49,4035050942208;23,5;3;19,3;2,4
"3521200";"Iporanga";"SP";"Sudeste";4046;1893;2153;46,79;53,21;857;-24,5126288672223;-48,5461983656288;23,5;3;19,3;2,4
"3521309";"Ipuã";"SP";"Sudeste";14454;14093;361;97,5;2,5;37796;-20,4175415396253;-48,0665076039997;23,5;3;19,3;2,4
"3521408";"Iracemápolis";"SP";"Sudeste";21967;21845;122;99,44;0,56;6677;-22,5936516917074;-47,5242263165766;23,5;3;19,3;2,4
"3521507";"Irapuã";"SP";"Sudeste";6867;6227;640;90,68;9,32;15973;-21,267715248897;-49,3974422126019;23,5;3;19,3;2,4
"3521606";"Irapuru";"SP";"Sudeste";7085;5231;1854;73,83;26,17;5308;-21,4842208275664;-51,3464631745454;23,5;3;19,3;2,4
"3521705";"Itaberá";"SP";"Sudeste";17983;12320;5663;68,51;31,49;89486;-23,8712909716725;-49,1424828215523;23,5;3;19,3;2,4
"3521804";"Itaí";"SP";"Sudeste";25180;20867;4313;82,87;17,13;71665;-23,4713697316409;-49,0542323836365;23,5;3;19,3;2,4
"3521903";"Itajobi";"SP";"Sudeste";16989;14990;1999;88,23;11,77;33775;-21,3555662349112;-49,0536777808177;23,5;3;19,3;2,4
"3522000";"Itaju";"SP";"Sudeste";3618;2927;691;80,9;19,1;9683;-21,9516395961816;-48,7940238066448;23,5;3;19,3;2,4
"3522109";"Itanhaém";"SP";"Sudeste";112476;111273;1203;98,93;1,07;2871;-24,092250509518;-46,8344720343238;23,5;3;19,3;2,4
"3522158";"Itaoca";"SP";"Sudeste";3422;1605;1817;46,9;53,1;191;-24,6178345771091;-48,8389458325817;23,5;3;19,3;2,4
"3522208";"Itapecerica da Serra";"SP";"Sudeste";158522;149831;8691;94,52;5,48;NA;-23,7372459929367;-46,8589051166274;23,5;3;19,3;2,4
"3522307";"Itapetininga";"SP";"Sudeste";157790;142544;15246;90,34;9,66;63213;-23,6454348821511;-48,1231640358958;23,5;3;19,3;2,4
"3522406";"Itapeva";"SP";"Sudeste";89728;76424;13304;85,17;14,83;164177;-23,9139289603184;-48,871727023897;23,5;3;19,3;2,4
"3522505";"Itapevi";"SP";"Sudeste";232297;228691;3606;98,45;1,55;NA;-23,5509579231121;-46,9676761722023;23,5;3;19,3;2,4
"3522604";"Itapira";"SP";"Sudeste";72022;68103;3919;94,56;5,44;7306;-22,431896434793;-46,7720815209175;23,5;3;19,3;2,4
"3522653";"Itapirapuã Paulista";"SP";"Sudeste";4306;1945;2361;45,17;54,83;228;-24,5690052540821;-49,2229588962306;23,5;3;19,3;2,4
"3522703";"Itápolis";"SP";"Sudeste";39493;36689;2804;92,9;7,1;69781;-21,5481031493641;-48,8154658735745;23,5;3;19,3;2,4
"3522802";"Itaporanga";"SP";"Sudeste";14085;10518;3567;74,68;25,32;22247;-23,6728807965174;-49,4585060133945;23,5;3;19,3;2,4
"3522901";"Itapuí";"SP";"Sudeste";13659;13315;344;97,48;2,52;8424;-22,2508309586451;-48,7013605521585;23,5;3;19,3;2,4
"3523008";"Itapura";"SP";"Sudeste";3979;3351;628;84,22;15,78;13951;-20,5949837422866;-51,4404675470421;23,5;3;19,3;2,4
"3523107";"Itaquaquecetuba";"SP";"Sudeste";369275;369263;12;100;0;NA;-23,4614891736932;-46,333935769417;23,5;3;19,3;2,4
"3523206";"Itararé";"SP";"Sudeste";44438;41996;2442;94,5;5,5;42969;-24,0804584472505;-49,3036207324765;23,5;3;19,3;2,4
"3523305";"Itariri";"SP";"Sudeste";15528;11958;3570;77,01;22,99;2895;-24,2926134585741;-47,1280398588105;23,5;3;19,3;2,4
"3523404";"Itatiba";"SP";"Sudeste";121590;117099;4491;96,31;3,69;2878;-23,0066467908941;-46,814338802745;23,5;3;19,3;2,4
"3523503";"Itatinga";"SP";"Sudeste";19070;16408;2662;86,04;13,96;14243;-23,1535804602463;-48,629411997371;23,5;3;19,3;2,4
"3523602";"Itirapina";"SP";"Sudeste";16148;14848;1300;91,95;8,05;7660;-22,294524602906;-47,8340286918836;23,5;3;19,3;2,4
"3523701";"Itirapuã";"SP";"Sudeste";5779;5020;759;86,87;13,13;5256;-20,6575971181594;-47,169369192636;23,5;3;19,3;2,4
"3523800";"Itobi";"SP";"Sudeste";8046;7011;1035;87,14;12,86;4958;-21,7490983600985;-46,9219837870421;23,5;3;19,3;2,4
"3523909";"Itu";"SP";"Sudeste";168240;160865;7375;95,62;4,38;2118;-23,3070924054694;-47,2845651833262;23,5;3;19,3;2,4
"3524006";"Itupeva";"SP";"Sudeste";70616;66875;3741;94,7;5,3;2193;-23,1465067060735;-47,0684484174773;23,5;3;19,3;2,4
"3524105";"Ituverava";"SP";"Sudeste";37571;36527;1044;97,22;2,78;51984;-20,3294986081147;-47,8096297722176;23,5;3;19,3;2,4
"3524204";"Jaborandi";"SP";"Sudeste";6221;5902;319;94,87;5,13;22905;-20,650028474216;-48,415990319266;23,5;3;19,3;2,4
"3524303";"Jaboticabal";"SP";"Sudeste";71821;70288;1533;97,87;2,13;66138;-21,2183260496991;-48,2879257283607;23,5;3;19,3;2,4
"3524402";"Jacareí";"SP";"Sudeste";240275;234905;5370;97,77;2,23;38;-23,2988914676783;-45,9905933948722;23,5;3;19,3;2,4
"3524501";"Jaci";"SP";"Sudeste";7613;6927;686;90,99;9,01;8983;-20,9452364408685;-49,5811452338772;23,5;3;19,3;2,4
"3524600";"Jacupiranga";"SP";"Sudeste";16097;10575;5522;65,7;34,3;3362;-24,7772010154772;-48,0537815656741;23,5;3;19,3;2,4
"3524709";"Jaguariúna";"SP";"Sudeste";59347;57505;1842;96,9;3,1;3475;-22,691982196691;-47,0127271590208;23,5;3;19,3;2,4
"3524808";"Jales";"SP";"Sudeste";48776;46068;2708;94,45;5,55;7699;-20,2857628908561;-50,5541240689262;23,5;3;19,3;2,4
"3524907";"Jambeiro";"SP";"Sudeste";6397;4534;1863;70,88;29,12;5;-23,2793308128612;-45,7106575622094;23,5;3;19,3;2,4
"3525003";"Jandira";"SP";"Sudeste";118045;118045;NA;100;NA;NA;-23,5441260429507;-46,8997368070924;23,5;3;19,3;2,4
"3525102";"Jardinópolis";"SP";"Sudeste";45282;42208;3074;93,21;6,79;41069;-20,9919901759427;-47,8260823316102;23,5;3;19,3;2,4
"3525201";"Jarinu";"SP";"Sudeste";37535;32828;4707;87,46;12,54;689;-23,1119425266672;-46,7213646668736;23,5;3;19,3;2,4
"3525300";"Jaú";"SP";"Sudeste";133497;131154;2343;98,24;1,76;45206;-22,2960075835384;-48,5559170139938;23,5;3;19,3;2,4
"3525409";"Jeriquara";"SP";"Sudeste";3863;3412;451;88,33;11,67;11016;-20,340158471235;-47,5741135903718;23,5;3;19,3;2,4
"3525508";"Joanópolis";"SP";"Sudeste";12815;9299;3516;72,56;27,44;370;-22,9388567753637;-46,2092390996576;23,5;3;19,3;2,4
"3525607";"João Ramalho";"SP";"Sudeste";4371;3864;507;88,4;11,6;22192;-22,2778962656217;-50,7990730506232;23,5;3;19,3;2,4
"3525706";"José Bonifácio";"SP";"Sudeste";36633;33990;2643;92,79;7,21;49462;-21,0894577166637;-49,7793747938312;23,5;3;19,3;2,4
"3525805";"Júlio Mesquita";"SP";"Sudeste";4254;3978;276;93,51;6,49;1958;-21,9729604258078;-49,7933071237352;23,5;3;19,3;2,4
"3525854";"Jumirim";"SP";"Sudeste";3056;2008;1048;65,71;34,29;650;-23,099538313542;-47,788064385031;23,5;3;19,3;2,4
"3525904";"Jundiaí";"SP";"Sudeste";443221;429315;13906;96,86;3,14;4951;-23,1946285085061;-46,9130100031241;23,5;3;19,3;2,4
"3526001";"Junqueirópolis";"SP";"Sudeste";20448;18958;1490;92,71;7,29;30525;-21,4488533012209;-51,4350043018647;23,5;3;19,3;2,4
"3526100";"Juquiá";"SP";"Sudeste";17154;11489;5665;66,98;33,02;3585;-24,2135502910913;-47,6522180295162;23,5;3;19,3;2,4
"3526209";"Juquitiba";"SP";"Sudeste";27404;15693;11711;57,27;42,73;NA;-23,9551717068112;-47,0246567003727;23,5;3;19,3;2,4
"3526308";"Lagoinha";"SP";"Sudeste";5083;3172;1911;62,4;37,6;203;-23,0857720538867;-45,2068204634837;23,5;3;19,3;2,4
"3526407";"Laranjal Paulista";"SP";"Sudeste";26261;23256;3005;88,56;11,44;11786;-23,0121728283652;-47,8656757420681;23,5;3;19,3;2,4
"3526506";"Lavínia";"SP";"Sudeste";9689;4178;5511;43,12;56,88;25127;-21,1507164515728;-51,0324967732625;23,5;3;19,3;2,4
"3526605";"Lavrinhas";"SP";"Sudeste";7171;6645;526;92,66;7,34;59;-22,5202600262738;-44,8888367695972;23,5;3;19,3;2,4
"3526704";"Leme";"SP";"Sudeste";98161;96438;1723;98,24;1,76;29548;-22,1721417729474;-47,3375594770233;23,5;3;19,3;2,4
"3526803";"Lençóis Paulista";"SP";"Sudeste";66505;64851;1654;97,51;2,49;38708;-22,6760972235791;-48,8249885116662;23,5;3;19,3;2,4
"3526902";"Limeira";"SP";"Sudeste";291869;283051;8818;96,98;3,02;21871;-22,598433761974;-47,3635973691016;23,5;3;19,3;2,4
"3527009";"Lindóia";"SP";"Sudeste";7014;6030;984;85,97;14,03;209;-22,5134558470907;-46,6548707766172;23,5;3;19,3;2,4
"3527108";"Lins";"SP";"Sudeste";74779;73902;877;98,83;1,17;25838;-21,649741926418;-49,6828313692334;23,5;3;19,3;2,4
"3527207";"Lorena";"SP";"Sudeste";84855;82530;2325;97,26;2,74;435;-22,7939162160411;-45,0601042265994;23,5;3;19,3;2,4
"3527256";"Lourdes";"SP";"Sudeste";1950;1682;268;86,26;13,74;5245;-20,9491701516111;-50,2340897180436;23,5;3;19,3;2,4
"3527306";"Louveira";"SP";"Sudeste";51847;49676;2171;95,81;4,19;350;-23,0840351620338;-46,937606861904;23,5;3;19,3;2,4
"3527405";"Lucélia";"SP";"Sudeste";20061;16654;3407;83,02;16,98;8631;-21,6440944859269;-50,9915987312642;23,5;3;19,3;2,4
"3527504";"Lucianópolis";"SP";"Sudeste";2372;1923;449;81,07;18,93;6161;-22,4733820569312;-49,5502955868645;23,5;3;19,3;2,4
"3527603";"Luís Antônio";"SP";"Sudeste";12265;12020;245;98;2;39962;-21,5526851000936;-47,7818850341249;23,5;3;19,3;2,4
"3527702";"Luiziânia";"SP";"Sudeste";4701;4284;417;91,13;8,87;9988;-21,6726296718427;-50,3508641686627;23,5;3;19,3;2,4
"3527801";"Lupércio";"SP";"Sudeste";3981;3602;379;90,48;9,52;3433;-22,427148548294;-49,8169589429283;23,5;3;19,3;2,4
"3527900";"Lutécia";"SP";"Sudeste";2661;2111;550;79,33;20,67;18470;-22,3252947156629;-50,3854967886847;23,5;3;19,3;2,4
"3528007";"Macatuba";"SP";"Sudeste";16829;16336;493;97,07;2,93;15800;-22,4871480665487;-48,7193524908066;23,5;3;19,3;2,4
"3528106";"Macaubal";"SP";"Sudeste";7481;6694;787;89,48;10,52;9549;-20,83786883195;-49,9749730082069;23,5;3;19,3;2,4
"3528205";"Macedônia";"SP";"Sudeste";3963;2924;1039;73,78;26,22;8135;-20,0981244729346;-50,1815337846091;23,5;3;19,3;2,4
"3528304";"Magda";"SP";"Sudeste";3165;2648;517;83,67;16,33;15386;-20,596526523863;-50,2300754288352;23,5;3;19,3;2,4
"3528403";"Mairinque";"SP";"Sudeste";50027;46495;3532;92,94;7,06;732;-23,5079838442481;-47,229306007588;23,5;3;19,3;2,4
"3528502";"Mairiporã";"SP";"Sudeste";93853;84643;9210;90,19;9,81;NA;-23,3172609624212;-46,5612428319069;23,5;3;19,3;2,4
"3528601";"Manduri";"SP";"Sudeste";9871;8633;1238;87,46;12,54;12364;-23,0470823926476;-49,3036302196715;23,5;3;19,3;2,4
"3528700";"Marabá Paulista";"SP";"Sudeste";4573;1725;2848;37,72;62,28;18290;-22,1276835578436;-52,0565193443981;23,5;3;19,3;2,4
"3528809";"Maracaí";"SP";"Sudeste";12673;11553;1120;91,16;8,84;69349;-22,652264211436;-50,7452730960917;23,5;3;19,3;2,4
"3528858";"Marapoama";"SP";"Sudeste";3292;2933;359;89,09;10,91;8154;-21,2555279716992;-49,1377972013746;23,5;3;19,3;2,4
"3528908";"Mariápolis";"SP";"Sudeste";3513;3025;488;86,11;13,89;1758;-21,7791359707661;-51,1718027586771;23,5;3;19,3;2,4
"3529005";"Marília";"SP";"Sudeste";237627;234898;2729;98,85;1,15;13914;-22,1776206295856;-49,9830118807683;23,5;3;19,3;2,4
"3529104";"Marinópolis";"SP";"Sudeste";1860;1500;360;80,65;19,35;1298;-20,4798632776781;-50,8323187565748;23,5;3;19,3;2,4
"3529203";"Martinópolis";"SP";"Sudeste";24881;21312;3569;85,66;14,34;55296;-22,1721721293279;-51,1233207558637;23,5;3;19,3;2,4
"3529302";"Matão";"SP";"Sudeste";79033;77592;1441;98,18;1,82;30220;-21,6101135470472;-48,4301751503983;23,5;3;19,3;2,4
"3529401";"Mauá";"SP";"Sudeste";418261;416971;1290;99,69;0,31;NA;-23,6661648020867;-46,4463212709763;23,5;3;19,3;2,4
"3529500";"Mendonça";"SP";"Sudeste";6159;5473;686;88,86;11,14;9627;-21,1940601839592;-49,570308239449;23,5;3;19,3;2,4
"3529609";"Meridiano";"SP";"Sudeste";4572;3709;863;81,12;18,88;10106;-20,3981976769053;-50,1866131208704;23,5;3;19,3;2,4
"3529658";"Mesópolis";"SP";"Sudeste";1952;1620;332;82,99;17,01;6868;-19,9574997971857;-50,6154566236525;23,5;3;19,3;2,4
"3529708";"Miguelópolis";"SP";"Sudeste";19441;18525;916;95,29;4,71;67831;-20,184705345472;-48,105430984866;23,5;3;19,3;2,4
"3529807";"Mineiros do Tietê";"SP";"Sudeste";11230;10795;435;96,13;3,87;9820;-22,4632251996566;-48,4332605423853;23,5;3;19,3;2,4
"3529906";"Miracatu";"SP";"Sudeste";18553;11992;6561;64,64;35,36;2608;-24,194998868149;-47,3945646909112;23,5;3;19,3;2,4
"3530003";"Mira Estrela";"SP";"Sudeste";3126;2511;615;80,33;19,67;1829;-19,9518413135105;-50,1243004897982;23,5;3;19,3;2,4
"3530102";"Mirandópolis";"SP";"Sudeste";27983;24887;3096;88,94;11,06;34001;-21,0810085445371;-51,1304216238839;23,5;3;19,3;2,4
"3530201";"Mirante do Paranapanema";"SP";"Sudeste";15917;9559;6358;60,06;39,94;24965;-22,3492266330395;-51,9978988468067;23,5;3;19,3;2,4
"3530300";"Mirassol";"SP";"Sudeste";63337;61711;1626;97,43;2,57;12715;-20,8275756556456;-49,504234858369;23,5;3;19,3;2,4
"3530409";"Mirassolândia";"SP";"Sudeste";4669;4035;634;86,42;13,58;6380;-20,5949334205695;-49,4869671734481;23,5;3;19,3;2,4
"3530508";"Mococa";"SP";"Sudeste";67681;64211;3470;94,87;5,13;39440;-21,4495487610152;-47,0328924659467;23,5;3;19,3;2,4
"3530607";"Mogi das Cruzes";"SP";"Sudeste";451505;424082;27423;93,93;6,07;801;-23,5695209878849;-46,1860560912925;23,5;3;19,3;2,4
"3530706";"Mogi Guaçu";"SP";"Sudeste";153658;149262;4396;97,14;2,86;31579;-22,2320885101544;-47,0289941840002;23,5;3;19,3;2,4
"3530805";"Mogi Mirim";"SP";"Sudeste";92558;87305;5253;94,32;5,68;22413;-22,451310184304;-46,9883958084825;23,5;3;19,3;2,4
"3530904";"Mombuca";"SP";"Sudeste";3722;3169;553;85,14;14,86;7180;-22,9427076461562;-47,6020661456794;23,5;3;19,3;2,4
"3531001";"Monções";"SP";"Sudeste";1937;1753;184;90,5;9,5;4328;-20,8630804453032;-50,0794578470455;23,5;3;19,3;2,4
"3531100";"Mongaguá";"SP";"Sudeste";61951;61244;707;98,86;1,14;11;-24,0702870396382;-46,6680428485355;23,5;3;19,3;2,4
"3531209";"Monte Alegre do Sul";"SP";"Sudeste";8627;6066;2561;70,31;29,69;662;-22,7042982637158;-46,6676570798674;23,5;3;19,3;2,4
"3531308";"Monte Alto";"SP";"Sudeste";47574;45899;1675;96,48;3,52;15778;-21,2593052829082;-48,5330259445717;23,5;3;19,3;2,4
"3531407";"Monte Aprazível";"SP";"Sudeste";22280;20756;1524;93,16;6,84;21367;-20,7375930950691;-49,7658424201634;23,5;3;19,3;2,4
"3531506";"Monte Azul Paulista";"SP";"Sudeste";18151;17088;1063;94,14;5,86;18753;-20,9088785106599;-48,6812832570567;23,5;3;19,3;2,4
"3531605";"Monte Castelo";"SP";"Sudeste";4222;3567;655;84,49;15,51;9412;-21,2548904217801;-51,5713678827268;23,5;3;19,3;2,4
"3531704";"Monteiro Lobato";"SP";"Sudeste";4138;1548;2590;37,41;62,59;NA;-22,9365064687393;-45,8042451337487;23,5;3;19,3;2,4
"3531803";"Monte Mor";"SP";"Sudeste";64662;62751;1911;97,04;2,96;7816;-22,9532314554921;-47,3074033553243;23,5;3;19,3;2,4
"3531902";"Morro Agudo";"SP";"Sudeste";27933;26879;1054;96,23;3,77;103970;-20,68868989704;-48,1533749769682;23,5;3;19,3;2,4
"3532009";"Morungaba";"SP";"Sudeste";13720;11660;2060;84,99;15,01;1367;-22,8938735396895;-46,7826467504733;23,5;3;19,3;2,4
"3532058";"Motuca";"SP";"Sudeste";4034;2947;1087;73,05;26,95;13535;-21,5137275633991;-48,1703526701982;23,5;3;19,3;2,4
"3532108";"Murutinga do Sul";"SP";"Sudeste";3737;2742;995;73,37;26,63;4268;-20,9967917752613;-51,3013530563869;23,5;3;19,3;2,4
"3532157";"Nantes";"SP";"Sudeste";2660;2440;220;91,73;8,27;28842;-22,5968583972196;-51,2008677010491;23,5;3;19,3;2,4
"3532207";"Narandiba";"SP";"Sudeste";5713;5123;590;89,67;10,33;23033;-22,5636607975237;-51,5216791514202;23,5;3;19,3;2,4
"3532306";"Natividade da Serra";"SP";"Sudeste";6999;2918;4081;41,69;58,31;187;-23,4151456449372;-45,3815283613284;23,5;3;19,3;2,4
"3532405";"Nazaré Paulista";"SP";"Sudeste";18217;9127;9090;50,1;49,9;450;-23,1914087726214;-46,366465037634;23,5;3;19,3;2,4
"3532504";"Neves Paulista";"SP";"Sudeste";9699;8714;985;89,84;10,16;12292;-20,8704596407291;-49,6464580953512;23,5;3;19,3;2,4
"3532603";"Nhandeara";"SP";"Sudeste";9852;8200;1652;83,23;16,77;17004;-20,672953862436;-50,0468776176039;23,5;3;19,3;2,4
"3532702";"Nipoã";"SP";"Sudeste";4750;4327;423;91,09;8,91;6895;-20,8916629455661;-49,7783293394928;23,5;3;19,3;2,4
"3532801";"Nova Aliança";"SP";"Sudeste";6693;5999;694;89,63;10,37;11538;-21,0625710642163;-49,5158750251375;23,5;3;19,3;2,4
"3532827";"Nova Campina";"SP";"Sudeste";8497;6035;2462;71,03;28,97;943;-24,1906212292061;-48,9729151266106;23,5;3;19,3;2,4
"3532843";"Nova Canaã Paulista";"SP";"Sudeste";2032;1352;680;66,54;33,46;2105;-20,3720303325125;-50,9105024643106;23,5;3;19,3;2,4
"3532868";"Nova Castilho";"SP";"Sudeste";1062;775;287;72,98;27,02;8539;-20,7778753576014;-50,345796115194;23,5;3;19,3;2,4
"3532900";"Nova Europa";"SP";"Sudeste";9311;8957;354;96,2;3,8;10018;-21,7742946805383;-48,549616833404;23,5;3;19,3;2,4
"3533007";"Nova Granada";"SP";"Sudeste";19419;17874;1545;92,04;7,96;26408;-20,4759888133984;-49,3311261202692;23,5;3;19,3;2,4
"3533106";"Nova Guataporanga";"SP";"Sudeste";2156;1954;202;90,63;9,37;1335;-21,3224261390718;-51,645555080353;23,5;3;19,3;2,4
"3533205";"Nova Independência";"SP";"Sudeste";4609;3504;1105;76,03;23,97;11010;-21,1353340267441;-51,5051650035106;23,5;3;19,3;2,4
"3533254";"Novais";"SP";"Sudeste";4412;4139;273;93,81;6,19;6339;-20,988561232391;-48,9180326360863;23,5;3;19,3;2,4
"3533304";"Nova Luzitânia";"SP";"Sudeste";2837;2493;344;87,87;12,13;2455;-20,8686728524187;-50,2492609653095;23,5;3;19,3;2,4
"3533403";"Nova Odessa";"SP";"Sudeste";62019;61546;473;99,24;0,76;663;-22,7841336555579;-47,2851447436683;23,5;3;19,3;2,4
"3533502";"Novo Horizonte";"SP";"Sudeste";38324;36600;1724;95,5;4,5;49109;-21,4692169587828;-49,2838393819874;23,5;3;19,3;2,4
"3533601";"Nuporanga";"SP";"Sudeste";7391;6923;468;93,67;6,33;20425;-20,7046943771328;-47,7290788304736;23,5;3;19,3;2,4
"3533700";"Ocauçu";"SP";"Sudeste";4331;3705;626;85,55;14,45;5416;-22,4380823739476;-49,937921575248;23,5;3;19,3;2,4
"3533809";"Óleo";"SP";"Sudeste";2512;1921;591;76,47;23,53;11538;-22,9536633138439;-49,3830605442819;23,5;3;19,3;2,4
"3533908";"Olímpia";"SP";"Sudeste";55074;53355;1719;96,88;3,12;49250;-20,7052641360277;-48,9595629955608;23,5;3;19,3;2,4
"3534005";"Onda Verde";"SP";"Sudeste";4771;4359;412;91,36;8,64;14199;-20,6173777206535;-49,2436688387451;23,5;3;19,3;2,4
"3534104";"Oriente";"SP";"Sudeste";6085;5778;307;94,95;5,05;2340;-22,1420738151779;-50,0937988685124;23,5;3;19,3;2,4
"3534203";"Orindiúva";"SP";"Sudeste";6024;5613;411;93,18;6,82;16158;-20,2015736520759;-49,355534156559;23,5;3;19,3;2,4
"3534302";"Orlândia";"SP";"Sudeste";38319;37515;804;97,9;2,1;20790;-20,6979011833972;-47,9058323330741;23,5;3;19,3;2,4
"3534401";"Osasco";"SP";"Sudeste";728615;728606;9;100;0;NA;-23,5286670667676;-46,7892188466887;23,5;3;19,3;2,4
"3534500";"Oscar Bressane";"SP";"Sudeste";2470;2050;420;83;17;4949;-22,2953271419345;-50,2572895285915;23,5;3;19,3;2,4
"3534609";"Osvaldo Cruz";"SP";"Sudeste";31272;28953;2319;92,58;7,42;5170;-21,7325925954307;-50,8738396406427;23,5;3;19,3;2,4
"3534708";"Ourinhos";"SP";"Sudeste";103970;102054;1916;98,16;1,84;23653;-22,9526807829589;-49,8524349014512;23,5;3;19,3;2,4
"3534757";"Ouroeste";"SP";"Sudeste";10294;9408;886;91,39;8,61;13306;-19,9223692097841;-50,4019896493999;23,5;3;19,3;2,4
"3534807";"Ouro Verde";"SP";"Sudeste";7779;7359;420;94,6;5,4;10209;-21,5103780990602;-51,7379186445378;23,5;3;19,3;2,4
"3534906";"Pacaembu";"SP";"Sudeste";14877;8936;5941;60,07;39,93;8841;-21,4954359708956;-51,2741520225053;23,5;3;19,3;2,4
"3535002";"Palestina";"SP";"Sudeste";11476;9953;1523;86,73;13,27;35824;-20,3211513968692;-49,4976442665954;23,5;3;19,3;2,4
"3535101";"Palmares Paulista";"SP";"Sudeste";9650;9459;191;98,02;1,98;8845;-21,1045661458083;-48,8266566282976;23,5;3;19,3;2,4
"3535200";"Palmeira D'oeste";"SP";"Sudeste";8903;7335;1568;82,39;17,61;1978;-20,4388242372408;-50,7487615339031;23,5;3;19,3;2,4
"3535309";"Palmital";"SP";"Sudeste";19594;18583;1011;94,84;5,16;70685;-22,8287381172826;-50,2208432210903;23,5;3;19,3;2,4
"3535408";"Panorama";"SP";"Sudeste";14964;14541;423;97,17;2,83;10888;-21,4632771857112;-51,8580531875224;23,5;3;19,3;2,4
"3535507";"Paraguaçu Paulista";"SP";"Sudeste";41120;37717;3403;91,72;8,28;53155;-22,4590177621429;-50,6265283342889;23,5;3;19,3;2,4
"3535606";"Paraibuna";"SP";"Sudeste";17667;10817;6850;61,23;38,77;105;-23,4783566789723;-45,641898463551;23,5;3;19,3;2,4
"3535705";"Paraíso";"SP";"Sudeste";6099;5315;784;87,15;12,85;10544;-21,0196508270998;-48,7645793750097;23,5;3;19,3;2,4
"3535804";"Paranapanema";"SP";"Sudeste";19395;15850;3545;81,72;18,28;51873;-23,4384906734214;-48,7952359980221;23,5;3;19,3;2,4
"3535903";"Paranapuã";"SP";"Sudeste";4031;3697;334;91,71;8,29;5589;-20,0637280060004;-50,5939274709318;23,5;3;19,3;2,4
"3536000";"Parapuã";"SP";"Sudeste";10580;9208;1372;87,03;12,97;16970;-21,8529826980306;-50,8217333303933;23,5;3;19,3;2,4
"3536109";"Pardinho";"SP";"Sudeste";7153;6210;943;86,82;13,18;8051;-23,1021233228758;-48,4018148269752;23,5;3;19,3;2,4
"3536208";"Pariquera-Açu";"SP";"Sudeste";19233;14273;4960;74,21;25,79;3273;-24,6782921967582;-47,8500408507535;23,5;3;19,3;2,4
"3536257";"Parisi";"SP";"Sudeste";2892;2500;392;86,45;13,55;2476;-20,2716153442787;-50,0373757761038;23,5;3;19,3;2,4
"3536307";"Patrocínio Paulista";"SP";"Sudeste";14512;12428;2084;85,64;14,36;26284;-20,70413040537;-47,2893953762871;23,5;3;19,3;2,4
"3536406";"Paulicéia";"SP";"Sudeste";7955;7193;762;90,42;9,58;12913;-21,1983350371868;-51,7907202573256;23,5;3;19,3;2,4
"3536505";"Paulínia";"SP";"Sudeste";110537;109486;1051;99,05;0,95;3678;-22,7484117704865;-47,1450729652084;23,5;3;19,3;2,4
"3536570";"Paulistânia";"SP";"Sudeste";2090;1575;515;75,36;24,64;1844;-22,5683778501468;-49,3055076919967;23,5;3;19,3;2,4
"3536604";"Paulo de Faria";"SP";"Sudeste";7400;6526;874;88,19;11,81;41168;-20,0665941380996;-49,4633581129517;23,5;3;19,3;2,4
"3536703";"Pederneiras";"SP";"Sudeste";44827;41958;2869;93,6;6,4;36445;-22,3012756067642;-48,8611387224714;23,5;3;19,3;2,4
"3536802";"Pedra Bela";"SP";"Sudeste";6557;1773;4784;27,04;72,96;3491;-22,7758040637155;-46,4417877812861;23,5;3;19,3;2,4
"3536901";"Pedranópolis";"SP";"Sudeste";2787;1737;1050;62,33;37,67;8558;-20,2101472962245;-50,1069455734463;23,5;3;19,3;2,4
"3537008";"Pedregulho";"SP";"Sudeste";15525;12351;3174;79,56;20,44;26552;-20,2055615877773;-47,4390688318435;23,5;3;19,3;2,4
"3537107";"Pedreira";"SP";"Sudeste";43112;42393;719;98,33;1,67;32;-22,754730146718;-46,8884812861109;23,5;3;19,3;2,4
"3537156";"Pedrinhas Paulista";"SP";"Sudeste";2804;2536;268;90,44;9,56;19490;-22,8168658719423;-50,8024522181944;23,5;3;19,3;2,4
"3537206";"Pedro de Toledo";"SP";"Sudeste";11281;7417;3864;65,75;34,25;1291;-24,1636734747363;-47,1634152046496;23,5;3;19,3;2,4
"3537305";"Penápolis";"SP";"Sudeste";61679;59241;2438;96,05;3,95;37668;-21,4053444260044;-50,095690240345;23,5;3;19,3;2,4
"3537404";"Pereira Barreto";"SP";"Sudeste";24095;22574;1521;93,69;6,31;33518;-20,6777025565784;-51,1065731575063;23,5;3;19,3;2,4
"3537503";"Pereiras";"SP";"Sudeste";8737;6236;2501;71,37;28,63;753;-23,1204395566647;-47,9788579909807;23,5;3;19,3;2,4
"3537602";"Peruíbe";"SP";"Sudeste";68352;66742;1610;97,64;2,36;577;-24,2793097911437;-47,0129118440345;23,5;3;19,3;2,4
"3537701";"Piacatu";"SP";"Sudeste";5519;5102;417;92,44;7,56;8426;-21,5714027098664;-50,6435203933544;23,5;3;19,3;2,4
"3537800";"Piedade";"SP";"Sudeste";52970;30232;22738;57,07;42,93;1142;-23,786914460082;-47,4381132942413;23,5;3;19,3;2,4
"3537909";"Pilar do Sul";"SP";"Sudeste";27619;21933;5686;79,41;20,59;16328;-23,8563950971677;-47,7280942124366;23,5;3;19,3;2,4
"3538006";"Pindamonhangaba";"SP";"Sudeste";165428;159364;6064;96,33;3,67;2531;-22,8799676086718;-45,4592709535021;23,5;3;19,3;2,4
"3538105";"Pindorama";"SP";"Sudeste";14542;13800;742;94,9;5,1;9997;-21,2097223307137;-48,9115789873091;23,5;3;19,3;2,4
"3538204";"Pinhalzinho";"SP";"Sudeste";15224;9139;6085;60,03;39,97;2133;-22,7788016743505;-46,5734064498701;23,5;3;19,3;2,4
"3538303";"Piquerobi";"SP";"Sudeste";3264;2654;610;81,31;18,69;6612;-21,8525386630331;-51,7314503269548;23,5;3;19,3;2,4
"3538501";"Piquete";"SP";"Sudeste";12490;11462;1028;91,77;8,23;55;-22,5903256606078;-45,1738902985774;23,5;3;19,3;2,4
"3538600";"Piracaia";"SP";"Sudeste";26029;21415;4614;82,27;17,73;302;-23,0469193942097;-46,3023399578949;23,5;3;19,3;2,4
"3538709";"Piracicaba";"SP";"Sudeste";423323;414248;9075;97,86;2,14;47703;-22,7264646101789;-47,7839242117544;23,5;3;19,3;2,4
"3538808";"Piraju";"SP";"Sudeste";29436;27568;1868;93,65;6,35;26717;-23,1868801606986;-49,3661611425387;23,5;3;19,3;2,4
"3538907";"Pirajuí";"SP";"Sudeste";22431;18284;4147;81,51;18,49;26632;-21,9575379317559;-49,4134189720099;23,5;3;19,3;2,4
"3539004";"Pirangi";"SP";"Sudeste";10885;10054;831;92,37;7,63;14605;-21,0938968650329;-48,6693385248179;23,5;3;19,3;2,4
"3539103";"Pirapora do Bom Jesus";"SP";"Sudeste";18370;17730;640;96,52;3,48;NA;-23,3782360002419;-46,9848945253216;23,5;3;19,3;2,4
"3539202";"Pirapozinho";"SP";"Sudeste";25348;24048;1300;94,87;5,13;12894;-22,4791885731665;-51,6196893391339;23,5;3;19,3;2,4
"3539301";"Pirassununga";"SP";"Sudeste";73545;70538;3007;95,91;4,09;43220;-21,9959649941516;-47,389985358148;23,5;3;19,3;2,4
"3539400";"Piratininga";"SP";"Sudeste";15108;13169;1939;87,17;12,83;3685;-22,4249272903521;-49,1917842088442;23,5;3;19,3;2,4
"3539509";"Pitangueiras";"SP";"Sudeste";33674;32404;1270;96,23;3,77;36972;-21,0061442681597;-48,2494569958185;23,5;3;19,3;2,4
"3539608";"Planalto";"SP";"Sudeste";4389;3881;508;88,43;11,57;16677;-21,0012130401213;-49,9359387764329;23,5;3;19,3;2,4
"3539707";"Platina";"SP";"Sudeste";3025;2530;495;83,64;16,36;27330;-22,6252887425086;-50,2127441001599;23,5;3;19,3;2,4
"3539806";"Poá";"SP";"Sudeste";103765;103574;191;99,82;0,18;NA;-23,530469931884;-46,3467372172475;23,5;3;19,3;2,4
"3539905";"Poloni";"SP";"Sudeste";5592;5127;465;91,68;8,32;7837;-20,7523909878095;-49,8199333076274;23,5;3;19,3;2,4
"3540002";"Pompéia";"SP";"Sudeste";20196;19088;1108;94,51;5,49;22275;-22,0290355382324;-50,1876918865591;23,5;3;19,3;2,4
"3540101";"Pongaí";"SP";"Sudeste";3395;2875;520;84,68;15,32;8750;-21,73018959472;-49,3589370997298;23,5;3;19,3;2,4
"3540200";"Pontal";"SP";"Sudeste";37607;36728;879;97,66;2,34;27960;-20,9845282234803;-48,0644502512264;23,5;3;19,3;2,4
"3540259";"Pontalinda";"SP";"Sudeste";4127;3454;673;83,69;16,31;7013;-20,4506857408632;-50,5250667013073;23,5;3;19,3;2,4
"3540309";"Pontes Gestal";"SP";"Sudeste";2387;2142;245;89,74;10,26;9651;-20,1748559845703;-49,757291250554;23,5;3;19,3;2,4
"3540408";"Populina";"SP";"Sudeste";4127;3422;705;82,92;17,08;10719;-19,907316417121;-50,5173605443137;23,5;3;19,3;2,4
"3540507";"Porangaba";"SP";"Sudeste";10451;6024;4427;57,64;42,36;1293;-23,1738524179501;-48,1173605617064;23,5;3;19,3;2,4
"3540606";"Porto Feliz";"SP";"Sudeste";56497;47870;8627;84,73;15,27;17643;-23,230308911887;-47,5168936649114;23,5;3;19,3;2,4
"3540705";"Porto Ferreira";"SP";"Sudeste";52649;51883;766;98,55;1,45;15798;-21,8426005380209;-47,4472482670014;23,5;3;19,3;2,4
"3540754";"Potim";"SP";"Sudeste";20392;17370;3022;85,18;14,82;1220;-22,8251711094351;-45,3034259153802;23,5;3;19,3;2,4
"3540804";"Potirendaba";"SP";"Sudeste";18496;16923;1573;91,5;8,5;18986;-21,0754784137944;-49,3917033038692;23,5;3;19,3;2,4
"3540853";"Pracinha";"SP";"Sudeste";2578;1312;1266;50,89;49,11;1769;-21,8376433330896;-51,0752895982123;23,5;3;19,3;2,4
"3540903";"Pradópolis";"SP";"Sudeste";17078;15859;1219;92,86;7,14;14754;-21,3443620341164;-48,0860555210255;23,5;3;19,3;2,4
"3541000";"Praia Grande";"SP";"Sudeste";349935;348851;1084;99,69;0,31;NA;-24,0158195789798;-46,5226657501765;23,5;3;19,3;2,4
"3541059";"Pratânia";"SP";"Sudeste";5126;4144;982;80,84;19,16;10579;-22,8185405219676;-48,6968456511398;23,5;3;19,3;2,4
"3541109";"Presidente Alves";"SP";"Sudeste";3804;3313;491;87,09;12,91;2651;-22,1221934708321;-49,4318102103174;23,5;3;19,3;2,4
"3541208";"Presidente Bernardes";"SP";"Sudeste";14490;9876;4614;68,16;31,84;11592;-22,1071609176475;-51,6201196910744;23,5;3;19,3;2,4
"3541307";"Presidente Epitácio";"SP";"Sudeste";39505;36569;2936;92,57;7,43;14141;-21,9103126123967;-52,1744824337968;23,5;3;19,3;2,4
"3541406";"Presidente Prudente";"SP";"Sudeste";225668;220299;5369;97,62;2,38;9610;-21,9931001647037;-51,3430465471749;23,5;3;19,3;2,4
"3541505";"Presidente Venceslau";"SP";"Sudeste";35201;33252;1949;94,46;5,54;5288;-21,7929441959698;-51,8382927082032;23,5;3;19,3;2,4
"3541604";"Promissão";"SP";"Sudeste";35131;30115;5016;85,72;14,28;29059;-21,5245508094722;-49,8703389210941;23,5;3;19,3;2,4
"3541653";"Quadra";"SP";"Sudeste";3405;1514;1891;44,46;55,54;9174;-23,3009880348945;-48,0385885318433;23,5;3;19,3;2,4
"3541703";"Quatá";"SP";"Sudeste";13163;12508;655;95,02;4,98;31858;-22,2058336819973;-50,645252123022;23,5;3;19,3;2,4
"3541802";"Queiroz";"SP";"Sudeste";3265;2987;278;91,49;8,51;10845;-21,8005708026702;-50,2452576705655;23,5;3;19,3;2,4
"3541901";"Queluz";"SP";"Sudeste";9159;8273;886;90,33;9,67;74;-22,5043118535284;-44,7853121086271;23,5;3;19,3;2,4
"3542008";"Quintana";"SP";"Sudeste";7038;6520;518;92,64;7,36;16050;-22,1001713957909;-50,3692568805247;23,5;3;19,3;2,4
"3542107";"Rafard";"SP";"Sudeste";8965;8003;962;89,27;10,73;6135;-23,0451747135901;-47,583722533986;23,5;3;19,3;2,4
"3542206";"Rancharia";"SP";"Sudeste";28588;25813;2775;90,29;9,71;117196;-22,2825143309603;-50,9282206638256;23,5;3;19,3;2,4
"3542305";"Redenção da Serra";"SP";"Sudeste";4494;2415;2079;53,74;46,26;40;-23,2537167383461;-45,5262009433401;23,5;3;19,3;2,4
"3542404";"Regente Feijó";"SP";"Sudeste";20145;18644;1501;92,55;7,45;7873;-22,2525528776427;-51,294074876639;23,5;3;19,3;2,4
"3542503";"Reginópolis";"SP";"Sudeste";7662;5224;2438;68,18;31,82;14163;-21,8831939973486;-49,1804743850065;23,5;3;19,3;2,4
"3542602";"Registro";"SP";"Sudeste";59947;52316;7631;87,27;12,73;5622;-24,5040191317707;-47,8206983320005;23,5;3;19,3;2,4
"3542701";"Restinga";"SP";"Sudeste";6404;5290;1114;82,6;17,4;15245;-20,6481945126191;-47,5059588513505;23,5;3;19,3;2,4
"3542800";"Ribeira";"SP";"Sudeste";3132;1666;1466;53,19;46,81;388;-24,607356772225;-49,0365904529397;23,5;3;19,3;2,4
"3542909";"Ribeirão Bonito";"SP";"Sudeste";10989;10190;799;92,73;7,27;19566;-22,0600818783825;-48,1853736242507;23,5;3;19,3;2,4
"3543006";"Ribeirão Branco";"SP";"Sudeste";18627;9973;8654;53,54;46,46;15595;-24,2561173195452;-48,7780825454091;23,5;3;19,3;2,4
"3543105";"Ribeirão Corrente";"SP";"Sudeste";4608;3806;802;82,6;17,4;10150;-20,4489565108235;-47,5732736869378;23,5;3;19,3;2,4
"3543204";"Ribeirão do Sul";"SP";"Sudeste";4677;3719;958;79,52;20,48;25412;-22,7516117531473;-49,9225621571966;23,5;3;19,3;2,4
"3543238";"Ribeirão dos Índios";"SP";"Sudeste";2025;1755;270;86,67;13,33;4069;-21,784219706101;-51,5833356647495;23,5;3;19,3;2,4
"3543253";"Ribeirão Grande";"SP";"Sudeste";7450;3004;4446;40,32;59,68;5294;-24,1886288280159;-48,3587616247048;23,5;3;19,3;2,4
"3543303";"Ribeirão Pires";"SP";"Sudeste";115559;113651;1908;98,35;1,65;NA;-23,7010460966588;-46,4027828820814;23,5;3;19,3;2,4
"3543402";"Ribeirão Preto";"SP";"Sudeste";698642;696033;2609;99,63;0,37;39690;-21,2108104966376;-47,8212788228506;23,5;3;19,3;2,4
"3543501";"Riversul";"SP";"Sudeste";5599;4198;1401;74,98;25,02;8194;-23,8468673212886;-49,4478126217162;23,5;3;19,3;2,4
"3543600";"Rifaina";"SP";"Sudeste";4049;3583;466;88,49;11,51;2675;-20,0608422150432;-47,4408943808974;23,5;3;19,3;2,4
"3543709";"Rincão";"SP";"Sudeste";9098;7558;1540;83,07;16,93;22923;-21,5938905883854;-48,0321294475494;23,5;3;19,3;2,4
"3543808";"Rinópolis";"SP";"Sudeste";9259;7734;1525;83,53;16,47;8400;-21,6811367925281;-50,7174863286701;23,5;3;19,3;2,4
"3543907";"Rio Claro";"SP";"Sudeste";201418;198673;2745;98,64;1,36;13161;-22,373849688879;-47,579927106347;23,5;3;19,3;2,4
"3544004";"Rio das Pedras";"SP";"Sudeste";31328;30151;1177;96,24;3,76;13661;-22,8503565982129;-47,5984594145426;23,5;3;19,3;2,4
"3544103";"Rio Grande da Serra";"SP";"Sudeste";44170;41384;2786;93,69;6,31;NA;-23,7378431822741;-46,3794861708573;23,5;3;19,3;2,4
"3544202";"Riolândia";"SP";"Sudeste";10309;7375;2934;71,54;28,46;24826;-20,0235217234393;-49,7091633001344;23,5;3;19,3;2,4
"3544251";"Rosana";"SP";"Sudeste";17440;13829;3611;79,29;20,71;11405;-22,4891637390519;-52,8368784398761;23,5;3;19,3;2,4
"3544301";"Roseira";"SP";"Sudeste";10832;10107;725;93,31;6,69;2215;-22,9329688236556;-45,3024554378283;23,5;3;19,3;2,4
"3544400";"Rubiácea";"SP";"Sudeste";2700;2396;304;88,74;11,26;8988;-21,3608385826324;-50,7857930767487;23,5;3;19,3;2,4
"3544509";"Rubinéia";"SP";"Sudeste";3833;3425;408;89,36;10,64;3354;-20,2497797551946;-51,0183578474841;23,5;3;19,3;2,4
"3544608";"Sabino";"SP";"Sudeste";5112;4598;514;89,95;10,05;10822;-21,4709347120019;-49,5756096598771;23,5;3;19,3;2,4
"3544707";"Sagres";"SP";"Sudeste";2474;1964;510;79,39;20,61;5671;-21,8678434583152;-50,9903602635184;23,5;3;19,3;2,4
"3544806";"Sales";"SP";"Sudeste";6437;5971;466;92,76;7,24;14380;-21,34727631851;-49,5027725967017;23,5;3;19,3;2,4
"3544905";"Sales Oliveira";"SP";"Sudeste";11411;10819;592;94,81;5,19;19070;-20,8314444664236;-47,8545842246139;23,5;3;19,3;2,4
"3545001";"Salesópolis";"SP";"Sudeste";15202;9750;5452;64,14;35,86;99;-23,5802067118084;-45,842618058024;23,5;3;19,3;2,4
"3545100";"Salmourão";"SP";"Sudeste";4808;4416;392;91,85;8,15;6653;-21,5879733524362;-50,8762425794916;23,5;3;19,3;2,4
"3545159";"Saltinho";"SP";"Sudeste";8161;7312;849;89,6;10,4;3202;-22,8711668970925;-47,7317446484351;23,5;3;19,3;2,4
"3545209";"Salto";"SP";"Sudeste";134319;132758;1561;98,84;1,16;1586;-23,1804556419312;-47,302660408434;23,5;3;19,3;2,4
"3545308";"Salto de Pirapora";"SP";"Sudeste";43748;40579;3169;92,76;7,24;2052;-23,6527882561592;-47,5806980617504;23,5;3;19,3;2,4
"3545407";"Salto Grande";"SP";"Sudeste";9050;8492;558;93,83;6,17;25360;-22,8708240110116;-49,9608652938282;23,5;3;19,3;2,4
"3545506";"Sandovalina";"SP";"Sudeste";3645;2529;1116;69,38;30,62;38694;-22,4778378159171;-51,842126463955;23,5;3;19,3;2,4
"3545605";"Santa Adélia";"SP";"Sudeste";14018;13395;623;95,56;4,44;25243;-21,317776244113;-48,8190314705251;23,5;3;19,3;2,4
"3545704";"Santa Albertina";"SP";"Sudeste";6393;5600;793;87,6;12,4;7907;-20,0141593919663;-50,7276717945685;23,5;3;19,3;2,4
"3545803";"Santa Bárbara D'oeste";"SP";"Sudeste";183347;182330;1017;99,45;0,55;16701;-22,8006037377257;-47,428046861941;23,5;3;19,3;2,4
"3546009";"Santa Branca";"SP";"Sudeste";13975;11864;2111;84,89;15,11;44;-23,4264519766907;-45,8633182566823;23,5;3;19,3;2,4
"3546108";"Santa Clara D'oeste";"SP";"Sudeste";2598;2035;563;78,33;21,67;642;-20,0668821906661;-50,908397093286;23,5;3;19,3;2,4
"3546207";"Santa Cruz da Conceição";"SP";"Sudeste";4277;3476;801;81,27;18,73;6087;-22,1213662756735;-47,4855761852176;23,5;3;19,3;2,4
"3546256";"Santa Cruz da Esperança";"SP";"Sudeste";2116;1609;507;76,04;23,96;7998;-21,2748423367913;-47,4396471885099;23,5;3;19,3;2,4
"3546306";"Santa Cruz das Palmeiras";"SP";"Sudeste";28864;28204;660;97,71;2,29;19518;-21,8555320348007;-47,2501404079909;23,5;3;19,3;2,4
"3546405";"Santa Cruz do Rio Pardo";"SP";"Sudeste";46442;43342;3100;93,33;6,67;104834;-22,8092753942338;-49,5689696140967;23,5;3;19,3;2,4
"3546504";"Santa Ernestina";"SP";"Sudeste";6118;5889;229;96,26;3,74;7780;-21,4526044675105;-48,366722714389;23,5;3;19,3;2,4
"3546603";"Santa Fé do Sul";"SP";"Sudeste";34794;33705;1089;96,87;3,13;2530;-20,2418971643356;-50,9501203099347;23,5;3;19,3;2,4
"3546702";"Santa Gertrudes";"SP";"Sudeste";23611;23344;267;98,87;1,13;5279;-22,4750968140501;-47,5212553313088;23,5;3;19,3;2,4
"3546801";"Santa Isabel";"SP";"Sudeste";53174;42313;10861;79,57;20,43;176;-23,2889202124902;-46,242296816582;23,5;3;19,3;2,4
"3546900";"Santa Lúcia";"SP";"Sudeste";7149;6965;184;97,43;2,57;13323;-21,6707230239105;-48,0574424044222;23,5;3;19,3;2,4
"3547007";"Santa Maria da Serra";"SP";"Sudeste";5243;4861;382;92,71;7,29;7550;-22,5644215118951;-48,1542180514698;23,5;3;19,3;2,4
"3547106";"Santa Mercedes";"SP";"Sudeste";2956;2672;284;90,39;9,61;7715;-21,3167213326959;-51,7371257463149;23,5;3;19,3;2,4
"3547205";"Santana da Ponte Pensa";"SP";"Sudeste";1670;1230;440;73,65;26,35;2756;-20,2607703790024;-50,7971145110336;23,5;3;19,3;2,4
"3547304";"Santana de Parnaíba";"SP";"Sudeste";154105;152769;1336;99,13;0,87;NA;-23,4494223628979;-46,9168085527384;23,5;3;19,3;2,4
"3547403";"Santa Rita D'oeste";"SP";"Sudeste";2733;2109;624;77,17;22,83;7600;-20,0971105669126;-50,8127174983673;23,5;3;19,3;2,4
"3547502";"Santa Rita do Passa Quatro";"SP";"Sudeste";24833;22977;1856;92,53;7,47;22410;-21,6824915038035;-47,5080319884116;23,5;3;19,3;2,4
"3547601";"Santa Rosa de Viterbo";"SP";"Sudeste";23411;22626;785;96,65;3,35;15498;-21,5037881725964;-47,3662684619534;23,5;3;19,3;2,4
"3547650";"Santa Salete";"SP";"Sudeste";1645;1175;470;71,43;28,57;1152;-20,2586303233308;-50,7200274425079;23,5;3;19,3;2,4
"3547700";"Santo Anastácio";"SP";"Sudeste";17963;16798;1165;93,51;6,49;4208;-22,0375785769285;-51,7224194159352;23,5;3;19,3;2,4
"3547809";"Santo André";"SP";"Sudeste";748919;748086;833;99,89;0,11;NA;-23,7279136414041;-46,441652843098;23,5;3;19,3;2,4
"3547908";"Santo Antônio da Alegria";"SP";"Sudeste";6775;5484;1291;80,94;19,06;11054;-21,0923908896463;-47,1958082325767;23,5;3;19,3;2,4
"3548005";"Santo Antônio de Posse";"SP";"Sudeste";23244;21698;1546;93,35;6,65;6165;-22,6032808900995;-46,9498911655693;23,5;3;19,3;2,4
"3548054";"Santo Antônio do Aracanguá";"SP";"Sudeste";8379;6728;1651;80,3;19,7;34829;-20,8729812688069;-50,5544277275929;23,5;3;19,3;2,4
"3548104";"Santo Antônio do Jardim";"SP";"Sudeste";6126;3973;2153;64,85;35,15;4326;-22,1303963835557;-46,6833068200962;23,5;3;19,3;2,4
"3548203";"Santo Antônio do Pinhal";"SP";"Sudeste";7133;3502;3631;49,1;50,9;66;-22,8317876880071;-45,6979933971284;23,5;3;19,3;2,4
"3548302";"Santo Expedito";"SP";"Sudeste";3000;2678;322;89,27;10,73;1341;-21,8248006516597;-51,3701881377998;23,5;3;19,3;2,4
"3548401";"Santópolis do Aguapeí";"SP";"Sudeste";3899;3763;136;96,51;3,49;5471;-21,6601860458447;-50,5179943269272;23,5;3;19,3;2,4
"3548500";"Santos";"SP";"Sudeste";418608;418295;313;99,93;0,07;NA;-23,8690071576538;-46,2915833457205;23,5;3;19,3;2,4
"3548609";"São Bento do Sapucaí";"SP";"Sudeste";11674;6294;5380;53,91;46,09;1163;-22,6814959078676;-45,6867932991095;23,5;3;19,3;2,4
"3548708";"São Bernardo do Campo";"SP";"Sudeste";810729;806963;3766;99,54;0,46;NA;-23,8129197435685;-46,550863877901;23,5;3;19,3;2,4
"3548807";"São Caetano do Sul";"SP";"Sudeste";165655;165655;NA;100;NA;NA;-23,6261895189464;-46,566126730577;23,5;3;19,3;2,4
"3548906";"São Carlos";"SP";"Sudeste";254857;249463;5394;97,88;2,12;43145;-21,918835961;-47,8671597052323;23,5;3;19,3;2,4
"3549003";"São Francisco";"SP";"Sudeste";2602;2007;595;77,13;22,87;1683;-20,3657519608458;-50,6758678936253;23,5;3;19,3;2,4
"3549102";"São João da Boa Vista";"SP";"Sudeste";92547;87940;4607;95,02;4,98;16410;-21,9779553584543;-46,8021268168391;23,5;3;19,3;2,4
"3549201";"São João das Duas Pontes";"SP";"Sudeste";2580;1998;582;77,44;22,56;4508;-20,4083474944883;-50,3833885966056;23,5;3;19,3;2,4
"3549250";"São João de Iracema";"SP";"Sudeste";1846;1528;318;82,77;17,23;7361;-20,5207563975742;-50,3562746887497;23,5;3;19,3;2,4
"3549300";"São João do Pau D'alho";"SP";"Sudeste";2242;1969;273;87,82;12,18;6025;-21,2234533563379;-51,6730725878027;23,5;3;19,3;2,4
"3549409";"São Joaquim da Barra";"SP";"Sudeste";48558;47891;667;98,63;1,37;31099;-20,5505630827162;-47,9385931125972;23,5;3;19,3;2,4
"3549508";"São José da Bela Vista";"SP";"Sudeste";7626;6982;644;91,56;8,44;26158;-20,587486759507;-47,6271803158732;23,5;3;19,3;2,4
"3549607";"São José do Barreiro";"SP";"Sudeste";3853;2735;1118;70,98;29,02;125;-22,7487856669418;-44,5872026137;23,5;3;19,3;2,4
"3549706";"São José do Rio Pardo";"SP";"Sudeste";52205;47332;4873;90,67;9,33;6536;-21,6036777948624;-46,8794521949047;23,5;3;19,3;2,4
"3549805";"São José do Rio Preto";"SP";"Sudeste";480393;476448;3945;99,18;0,82;5330;-20,7972885466935;-49,358084897015;23,5;3;19,3;2,4
"3549904";"São José dos Campos";"SP";"Sudeste";697054;688155;8899;98,72;1,28;32;-23,0905475689841;-45,9286058713185;23,5;3;19,3;2,4
"3549953";"São Lourenço da Serra";"SP";"Sudeste";16067;8352;7715;51,98;48,02;NA;-23,8524204285192;-46,9363486771302;23,5;3;19,3;2,4
"3550001";"São Luiz do Paraitinga";"SP";"Sudeste";10337;5744;4593;55,57;44,43;354;-23,2401179369541;-45,2538329157728;23,5;3;19,3;2,4
"3550100";"São Manuel";"SP";"Sudeste";37289;35649;1640;95,6;4,4;41378;-22,6822262811352;-48,5404359352403;23,5;3;19,3;2,4
"3550209";"São Miguel Arcanjo";"SP";"Sudeste";32039;21827;10212;68,13;31,87;30037;-23,9139279199827;-47,9934128544902;23,5;3;19,3;2,4
"3550308";"São Paulo";"SP";"Sudeste";11451999;11434786;17213;99,85;0,15;141;-23,649863606605;-46,6480428729253;23,5;3;19,3;2,4
"3550407";"São Pedro";"SP";"Sudeste";38256;36784;1472;96,15;3,85;13261;-22,5580831091645;-47,9246540427096;23,5;3;19,3;2,4
"3550506";"São Pedro do Turvo";"SP";"Sudeste";7217;5491;1726;76,08;23,92;56322;-22,6789471343053;-49,7722738027023;23,5;3;19,3;2,4
"3550605";"São Roque";"SP";"Sudeste";79484;71684;7800;90,19;9,81;870;-23,5489835917098;-47,1095777414045;23,5;3;19,3;2,4
"3550704";"São Sebastião";"SP";"Sudeste";81595;80265;1330;98,37;1,63;96;-23,7544092074182;-45,6068039792853;23,5;3;19,3;2,4
"3550803";"São Sebastião da Grama";"SP";"Sudeste";10441;8104;2337;77,62;22,38;6859;-21,7539746984655;-46,7531120873671;23,5;3;19,3;2,4
"3550902";"São Simão";"SP";"Sudeste";13442;12256;1186;91,18;8,82;24299;-21,4614498211235;-47,5683846039927;23,5;3;19,3;2,4
"3551009";"São Vicente";"SP";"Sudeste";329911;329607;304;99,91;0,09;NA;-23,9591753733522;-46,4880212455266;23,5;3;19,3;2,4
"3551108";"Sarapuí";"SP";"Sudeste";10369;7528;2841;72,6;27,4;4238;-23,6643452145164;-47,7857681062548;23,5;3;19,3;2,4
"3551207";"Sarutaiá";"SP";"Sudeste";3704;3284;420;88,66;11,34;8230;-23,2576226177042;-49,4817028975091;23,5;3;19,3;2,4
"3551306";"Sebastianópolis do Sul";"SP";"Sudeste";3130;2606;524;83,26;16,74;9910;-20,6292289034031;-49,9158199434553;23,5;3;19,3;2,4
"3551405";"Serra Azul";"SP";"Sudeste";12746;11963;783;93,86;6,14;18254;-21,3159899948182;-47,5497250312592;23,5;3;19,3;2,4
"3551504";"Serrana";"SP";"Sudeste";43909;43597;312;99,29;0,71;7932;-21,2168999046737;-47,6124596826262;23,5;3;19,3;2,4
"3551603";"Serra Negra";"SP";"Sudeste";29894;25111;4783;84;16;3418;-22,5890573417867;-46,6873255188925;23,5;3;19,3;2,4
"3551702";"Sertãozinho";"SP";"Sudeste";126887;125732;1155;99,09;0,91;29740;-21,1229337298315;-48,0089194937644;23,5;3;19,3;2,4
"3551801";"Sete Barras";"SP";"Sudeste";12730;7238;5492;56,86;43,14;7126;-24,2739115100512;-47,9341358637412;23,5;3;19,3;2,4
"3551900";"Severínia";"SP";"Sudeste";14576;13888;688;95,28;4,72;9231;-20,7931696144998;-48,7935669885437;23,5;3;19,3;2,4
"3552007";"Silveiras";"SP";"Sudeste";6186;3228;2958;52,18;47,82;82;-22,7346367658944;-44,8409387980091;23,5;3;19,3;2,4
"3552106";"Socorro";"SP";"Sudeste";40122;24633;15489;61,4;38,6;7178;-22,6111779651314;-46,5243947780112;23,5;3;19,3;2,4
"3552205";"Sorocaba";"SP";"Sudeste";723682;718444;5238;99,28;0,72;3429;-23,4645084398845;-47,4467538518258;23,5;3;19,3;2,4
"3552304";"Sud Mennucci";"SP";"Sudeste";7355;6434;921;87,48;12,52;21258;-20,6675634340299;-50,9008512848848;23,5;3;19,3;2,4
"3552403";"Sumaré";"SP";"Sudeste";279545;278311;1234;99,56;0,44;2284;-22,8418484652205;-47,2629851120259;23,5;3;19,3;2,4
"3552502";"Suzano";"SP";"Sudeste";307429;303500;3929;98,72;1,28;5;-23,6083355021565;-46,3104543420474;23,5;3;19,3;2,4
"3552551";"Suzanápolis";"SP";"Sudeste";3408;2646;762;77,64;22,36;11905;-20,4728405119151;-51,0756081773951;23,5;3;19,3;2,4
"3552601";"Tabapuã";"SP";"Sudeste";11323;10491;832;92,65;7,35;22811;-20,9317738565504;-49,0289949377206;23,5;3;19,3;2,4
"3552700";"Tabatinga";"SP";"Sudeste";14769;13415;1354;90,83;9,17;23813;-21,7124785405605;-48,6290739248908;23,5;3;19,3;2,4
"3552809";"Taboão da Serra";"SP";"Sudeste";273542;273542;NA;100;NA;NA;-23,6205913565216;-46,7862762804634;23,5;3;19,3;2,4
"3552908";"Taciba";"SP";"Sudeste";6260;5214;1046;83,29;16,71;25911;-22,504812057138;-51,3422648768109;23,5;3;19,3;2,4
"3553005";"Taguaí";"SP";"Sudeste";12669;11486;1183;90,66;9,34;11746;-23,4744693647466;-49,3974130005931;23,5;3;19,3;2,4
"3553104";"Taiaçu";"SP";"Sudeste";5677;5290;387;93,18;6,82;9222;-21,1322313607415;-48,5302309387112;23,5;3;19,3;2,4
"3553203";"Taiúva";"SP";"Sudeste";6548;5187;1361;79,22;20,78;9462;-21,1326484897882;-48,4282459684923;23,5;3;19,3;2,4
"3553302";"Tambaú";"SP";"Sudeste";21435;19581;1854;91,35;8,65;24472;-21,6017433360128;-47,2390406387586;23,5;3;19,3;2,4
"3553401";"Tanabi";"SP";"Sudeste";25265;23020;2245;91,11;8,89;36304;-20,5311544863555;-49,646480167929;23,5;3;19,3;2,4
"3553500";"Tapiraí";"SP";"Sudeste";7996;5654;2342;70,71;29,29;332;-24,0087260780609;-47,6193881939846;23,5;3;19,3;2,4
"3553609";"Tapiratiba";"SP";"Sudeste";11816;10315;1501;87,3;12,7;6507;-21,4507598175174;-46,7417977751242;23,5;3;19,3;2,4
"3553658";"Taquaral";"SP";"Sudeste";2619;2504;115;95,61;4,39;4750;-21,0692652673137;-48,3994268761559;23,5;3;19,3;2,4
"3553708";"Taquaritinga";"SP";"Sudeste";52260;49992;2268;95,66;4,34;39888;-21,4255565412253;-48,5378664374865;23,5;3;19,3;2,4
"3553807";"Taquarituba";"SP";"Sudeste";24350;20421;3929;83,86;16,14;44441;-23,5301764757083;-49,2346435797112;23,5;3;19,3;2,4
"3553856";"Taquarivaí";"SP";"Sudeste";6876;3455;3421;50,25;49,75;26623;-23,9433356840315;-48,6880001985115;23,5;3;19,3;2,4
"3553906";"Tarabai";"SP";"Sudeste";6536;6032;504;92,29;7,71;3620;-22,3580290603044;-51,6258515416319;23,5;3;19,3;2,4
"3553955";"Tarumã";"SP";"Sudeste";14882;14361;521;96,5;3,5;35819;-22,7635002399938;-50,6014531008134;23,5;3;19,3;2,4
"3554003";"Tatuí";"SP";"Sudeste";123942;120091;3851;96,89;3,11;21058;-23,3620659574987;-47,8695947307014;23,5;3;19,3;2,4
"3554102";"Taubaté";"SP";"Sudeste";310739;305526;5213;98,32;1,68;1163;-23,087144778877;-45,5024712012967;23,5;3;19,3;2,4
"3554201";"Tejupá";"SP";"Sudeste";4127;2938;1189;71,19;28,81;10925;-23,3425272249201;-49,3065949819406;23,5;3;19,3;2,4
"3554300";"Teodoro Sampaio";"SP";"Sudeste";22173;18746;3427;84,54;15,46;47341;-22,4165986486789;-52,3741469458446;23,5;3;19,3;2,4
"3554409";"Terra Roxa";"SP";"Sudeste";7904;7630;274;96,53;3,47;17058;-20,7787313148966;-48,3457665864664;23,5;3;19,3;2,4
"3554508";"Tietê";"SP";"Sudeste";37663;34196;3467;90,79;9,21;16919;-23,0494807054331;-47,7076691804564;23,5;3;19,3;2,4
"3554607";"Timburi";"SP";"Sudeste";2464;1885;579;76,5;23,5;4015;-23,1958333926489;-49,6103420060032;23,5;3;19,3;2,4
"3554656";"Torre de Pedra";"SP";"Sudeste";2046;1692;354;82,7;17,3;46;-23,2500925320902;-48,2126968394509;23,5;3;19,3;2,4
"3554706";"Torrinha";"SP";"Sudeste";9335;8066;1269;86,41;13,59;9688;-22,4446306861303;-48,164453145653;23,5;3;19,3;2,4
"3554755";"Trabiju";"SP";"Sudeste";1682;1554;128;92,39;7,61;2700;-22,0323236003192;-48,345254701483;23,5;3;19,3;2,4
"3554805";"Tremembé";"SP";"Sudeste";51173;42414;8759;82,88;17,12;2560;-22,9408605632801;-45,6041963440593;23,5;3;19,3;2,4
"3554904";"Três Fronteiras";"SP";"Sudeste";6804;6159;645;90,52;9,48;2639;-20,2736311646567;-50,8696078750595;23,5;3;19,3;2,4
"3554953";"Tuiuti";"SP";"Sudeste";6778;3206;3572;47,3;52,7;2187;-22,8302983758451;-46,6876350961256;23,5;3;19,3;2,4
"3555000";"Tupã";"SP";"Sudeste";63928;60682;3246;94,92;5,08;31885;-21,9472756935682;-50,534657814544;23,5;3;19,3;2,4
"3555109";"Tupi Paulista";"SP";"Sudeste";15854;12373;3481;78,04;21,96;10971;-21,3904259774061;-51,5872249002257;23,5;3;19,3;2,4
"3555208";"Turiúba";"SP";"Sudeste";1818;1502;316;82,62;17,38;7721;-20,9405173410109;-50,1112075550334;23,5;3;19,3;2,4
"3555307";"Turmalina";"SP";"Sudeste";1669;1261;408;75,55;24,45;6630;-20,0835174304351;-50,4567859857385;23,5;3;19,3;2,4
"3555356";"Ubarana";"SP";"Sudeste";5365;5066;299;94,43;5,57;16446;-21,2197913535757;-49,7482000576939;23,5;3;19,3;2,4
"3555406";"Ubatuba";"SP";"Sudeste";92981;87042;5939;93,61;6,39;147;-23,3812509892233;-45,0240818939085;23,5;3;19,3;2,4
"3555505";"Ubirajara";"SP";"Sudeste";5132;4069;1063;79,29;20,71;8467;-22,5442751558964;-49,66594661889;23,5;3;19,3;2,4
"3555604";"Uchoa";"SP";"Sudeste";10394;9691;703;93,24;6,76;16310;-20,9369660384453;-49,1577620223303;23,5;3;19,3;2,4
"3555703";"União Paulista";"SP";"Sudeste";1603;1296;307;80,85;19,15;5433;-20,890522245545;-49,8872492518748;23,5;3;19,3;2,4
"3555802";"Urânia";"SP";"Sudeste";8833;7728;1105;87,49;12,51;4454;-20,2087533584049;-50,6524427297621;23,5;3;19,3;2,4
"3555901";"Uru";"SP";"Sudeste";1387;1165;222;83,99;16,01;5110;-21,7658556938283;-49,2963074984187;23,5;3;19,3;2,4
"3556008";"Urupês";"SP";"Sudeste";13744;12792;952;93,07;6,93;23019;-21,2052038060208;-49,2652025181015;23,5;3;19,3;2,4
"3556107";"Valentim Gentil";"SP";"Sudeste";14098;12948;1150;91,84;8,16;5276;-20,4205684581344;-50,1017430409453;23,5;3;19,3;2,4
"3556206";"Valinhos";"SP";"Sudeste";126373;121921;4452;96,48;3,52;767;-22,9750691466902;-46,9813243630449;23,5;3;19,3;2,4
"3556305";"Valparaíso";"SP";"Sudeste";24241;23479;762;96,86;3,14;54453;-21,2030048930459;-50,9237450468598;23,5;3;19,3;2,4
"3556354";"Vargem";"SP";"Sudeste";10512;6764;3748;64,35;35,65;1461;-22,8901377936753;-46,4146172834948;23,5;3;19,3;2,4
"3556404";"Vargem Grande do Sul";"SP";"Sudeste";40133;38354;1779;95,57;4,43;12246;-21,8606822160404;-46,8989164023932;23,5;3;19,3;2,4
"3556453";"Vargem Grande Paulista";"SP";"Sudeste";50415;49865;550;98,91;1,09;NA;-23,6208850817434;-47,0147432315958;23,5;3;19,3;2,4
"3556503";"Várzea Paulista";"SP";"Sudeste";115771;115437;334;99,71;0,29;NA;-23,2192272627558;-46,8250024145158;23,5;3;19,3;2,4
"3556602";"Vera Cruz";"SP";"Sudeste";10176;8989;1187;88,34;11,66;3486;-22,2340676372687;-49,8262038151141;23,5;3;19,3;2,4
"3556701";"Vinhedo";"SP";"Sudeste";76540;75558;982;98,72;1,28;154;-23,0464991141357;-46,9792311576585;23,5;3;19,3;2,4
"3556800";"Viradouro";"SP";"Sudeste";17414;16934;480;97,24;2,76;17429;-20,8843212313756;-48,3098816094222;23,5;3;19,3;2,4
"3556909";"Vista Alegre do Alto";"SP";"Sudeste";8109;7663;446;94,5;5,5;7076;-21,1766942203597;-48,6494978523869;23,5;3;19,3;2,4
"3556958";"Vitória Brasil";"SP";"Sudeste";1794;1513;281;84,34;15,66;1087;-20,1982677891969;-50,4854182294952;23,5;3;19,3;2,4
"3557006";"Votorantim";"SP";"Sudeste";127923;125021;2902;97,73;2,27;600;-23,5798205140959;-47,4066877228944;23,5;3;19,3;2,4
"3557105";"Votuporanga";"SP";"Sudeste";96634;93876;2758;97,15;2,85;12451;-20,4577875678565;-49,9891087720271;23,5;3;19,3;2,4
"3557154";"Zacarias";"SP";"Sudeste";2692;2190;502;81,35;18,65;9491;-21,125419749034;-50,0493760356273;23,5;3;19,3;2,4
"3557204";"Chavantes";"SP";"Sudeste";12211;11841;370;96,97;3,03;14002;-23,0463428452878;-49,7265647243973;23,5;3;19,3;2,4
"3557303";"Estiva Gerbi";"SP";"Sudeste";11295;10467;828;92,67;7,33;2992;-22,2360091798666;-46,9431509858818;23,5;3;19,3;2,4
"4100103";"Abatiá";"PR";"Sul";7241;5472;1769;75,57;24,43;18671;-23,3071971138714;-50,3097002636606;17,9;2,2;15,3;1,9
"4100202";"Adrianópolis";"PR";"Sul";6256;2072;4184;33,12;66,88;1129;-24,7835290213879;-48,8212687350661;17,9;2,2;15,3;1,9
"4100301";"Agudos do Sul";"PR";"Sul";10233;4234;5999;41,38;58,62;6674;-26,0278247862269;-49,31129040463;17,9;2,2;15,3;1,9
"4100400";"Almirante Tamandaré";"PR";"Sul";119825;114555;5270;95,6;4,4;1844;-25,2967576206242;-49,3235822305253;17,9;2,2;15,3;1,9
"4100459";"Altamira do Paraná";"PR";"Sul";3590;1944;1646;54,15;45,85;3915;-24,8133462078864;-52,6924124354619;17,9;2,2;15,3;1,9
"4100509";"Altônia";"PR";"Sul";18742;14810;3932;79,02;20,98;13964;-23,9026026731011;-53,9488339361363;17,9;2,2;15,3;1,9
"4100608";"Alto Paraná";"PR";"Sul";13909;12010;1899;86,35;13,65;8417;-23,0761069813882;-52,3235680180933;17,9;2,2;15,3;1,9
"4100707";"Alto Piquiri";"PR";"Sul";9727;8522;1205;87,61;12,39;61559;-24,0982847316169;-53,4019825239336;17,9;2,2;15,3;1,9
"4100806";"Alvorada do Sul";"PR";"Sul";10326;9082;1244;87,95;12,05;42148;-22,8105942619945;-51,255012495572;17,9;2,2;15,3;1,9
"4100905";"Amaporã";"PR";"Sul";4762;4054;708;85,13;14,87;17235;-23,1286545431731;-52,8348029310146;17,9;2,2;15,3;1,9
"4101002";"Ampére";"PR";"Sul";19620;15840;3780;80,73;19,27;16438;-25,9166914828049;-53,4832580923158;17,9;2,2;15,3;1,9
"4101051";"Anahy";"PR";"Sul";2918;2365;553;81,05;18,95;10676;-24,6441639359208;-53,1438028457745;17,9;2,2;15,3;1,9
"4101101";"Andirá";"PR";"Sul";19878;18998;880;95,57;4,43;32972;-23,0178559230083;-50,2715650896815;17,9;2,2;15,3;1,9
"4101150";"Ângulo";"PR";"Sul";3235;2699;536;83,43;16,57;14526;-23,1916229493674;-51,9183201692493;17,9;2,2;15,3;1,9
"4101200";"Antonina";"PR";"Sul";18091;15692;2399;86,74;13,26;1610;-25,305984362543;-48,7208791184353;17,9;2,2;15,3;1,9
"4101309";"Antônio Olinto";"PR";"Sul";7018;1211;5807;17,26;82,74;11023;-25,9599702374531;-50,1285267861715;17,9;2,2;15,3;1,9
"4101408";"Apucarana";"PR";"Sul";130134;125919;4215;96,76;3,24;46455;-23,5719346180581;-51,4461286543509;17,9;2,2;15,3;1,9
"4101507";"Arapongas";"PR";"Sul";119138;116879;2259;98,1;1,9;43227;-23,4407978239552;-51,4282158234983;17,9;2,2;15,3;1,9
"4101606";"Arapoti";"PR";"Sul";25777;22438;3339;87,05;12,95;61208;-24,0924416690081;-49,9755921499174;17,9;2,2;15,3;1,9
"4101655";"Arapuã";"PR";"Sul";3527;2063;1464;58,49;41,51;22727;-24,3440066340634;-51,8153279595086;17,9;2,2;15,3;1,9
"4101705";"Araruna";"PR";"Sul";14485;12297;2188;84,89;15,11;41370;-23,9551535026508;-52,5766978014818;17,9;2,2;15,3;1,9
"4101804";"Araucária";"PR";"Sul";151666;139682;11984;92,1;7,9;17116;-25,6085418008282;-49,4415067480853;17,9;2,2;15,3;1,9
"4101853";"Ariranha do Ivaí";"PR";"Sul";2329;1046;1283;44,91;55,09;25928;-24,3777457519617;-51,5380893982933;17,9;2,2;15,3;1,9
"4101903";"Assaí";"PR";"Sul";13797;12461;1336;90,32;9,68;57321;-23,4054694354109;-50,8755706497958;17,9;2,2;15,3;1,9
"4102000";"Assis Chateaubriand";"PR";"Sul";36808;33230;3578;90,28;9,72;143472;-24,4258369969854;-53,5845456050291;17,9;2,2;15,3;1,9
"4102109";"Astorga";"PR";"Sul";25475;23579;1896;92,56;7,44;50100;-23,2499606258963;-51,6996655885126;17,9;2,2;15,3;1,9
"4102208";"Atalaia";"PR";"Sul";3980;3361;619;84,45;15,55;16236;-23,1286557871229;-52,0649751484654;17,9;2,2;15,3;1,9
"4102307";"Balsa Nova";"PR";"Sul";13395;7353;6042;54,89;45,11;11948;-25,5218348627192;-49,6886753260607;17,9;2,2;15,3;1,9
"4102406";"Bandeirantes";"PR";"Sul";31273;28776;2497;92,02;7,98;44737;-23,1608713504238;-50,3464543671568;17,9;2,2;15,3;1,9
"4102505";"Barbosa Ferraz";"PR";"Sul";10795;8756;2039;81,11;18,89;28572;-24,0821567613645;-52,0467056851824;17,9;2,2;15,3;1,9
"4102604";"Barracão";"PR";"Sul";9759;7318;2441;74,99;25,01;6064;-26,2465342610978;-53,5321855679851;17,9;2,2;15,3;1,9
"4102703";"Barra do Jacaré";"PR";"Sul";2814;2104;710;74,77;25,23;13352;-23,1057443124011;-50,1592219291764;17,9;2,2;15,3;1,9
"4102752";"Bela Vista da Caroba";"PR";"Sul";4031;1536;2495;38,1;61,9;10453;-25,8810422268496;-53,63414797037;17,9;2,2;15,3;1,9
"4102802";"Bela Vista do Paraíso";"PR";"Sul";14833;14156;677;95,44;4,56;34324;-23,0050844155986;-51,235754157085;17,9;2,2;15,3;1,9
"4102901";"Bituruna";"PR";"Sul";15533;10204;5329;65,69;34,31;13283;-26,1715001245937;-51,5293772676903;17,9;2,2;15,3;1,9
"4103008";"Boa Esperança";"PR";"Sul";4558;4000;558;87,76;12,24;47204;-24,2567805310514;-52,7511174641941;17,9;2,2;15,3;1,9
"4103024";"Boa Esperança do Iguaçu";"PR";"Sul";2455;1080;1375;43,99;56,01;13364;-25,6401472987567;-53,2260646373868;17,9;2,2;15,3;1,9
"4103040";"Boa Ventura de São Roque";"PR";"Sul";6378;2003;4375;31,4;68,6;31918;-24,8565867611912;-51,5684275218052;17,9;2,2;15,3;1,9
"4103057";"Boa Vista da Aparecida";"PR";"Sul";7924;5487;2437;69,25;30,75;8921;-25,4318530349362;-53,4218605943322;17,9;2,2;15,3;1,9
"4103107";"Bocaiúva do Sul";"PR";"Sul";13299;7670;5629;57,67;42,33;456;-25,1163003863862;-48,9362299088919;17,9;2,2;15,3;1,9
"4103156";"Bom Jesus do Sul";"PR";"Sul";3980;1496;2484;37,59;62,41;8368;-26,1630539232849;-53,5529584954526;17,9;2,2;15,3;1,9
"4103206";"Bom Sucesso";"PR";"Sul";6581;5786;795;87,92;12,08;24005;-23,7130239989497;-51,8242647418227;17,9;2,2;15,3;1,9
"4103222";"Bom Sucesso do Sul";"PR";"Sul";3202;1738;1464;54,28;45,72;37117;-26,0860457722365;-52,8388616686767;17,9;2,2;15,3;1,9
"4103305";"Borrazópolis";"PR";"Sul";7735;6587;1148;85,16;14,84;28268;-23,9391285395731;-51,592008267162;17,9;2,2;15,3;1,9
"4103354";"Braganey";"PR";"Sul";4854;3299;1555;67,96;32,04;33133;-24,8014020958414;-53,0904397491012;17,9;2,2;15,3;1,9
"4103370";"Brasilândia do Sul";"PR";"Sul";3708;3249;459;87,62;12,38;42810;-24,1661158655649;-53,5417294094886;17,9;2,2;15,3;1,9
"4103404";"Cafeara";"PR";"Sul";2627;2177;450;82,87;17,13;10595;-22,8129828267522;-51,71130699786;17,9;2,2;15,3;1,9
"4103453";"Cafelândia";"PR";"Sul";18997;17160;1837;90,33;9,67;48177;-24,691964226036;-53,3644447628264;17,9;2,2;15,3;1,9
"4103479";"Cafezal do Sul";"PR";"Sul";4473;3686;787;82,41;17,59;15285;-23,9392698474321;-53,5617565651292;17,9;2,2;15,3;1,9
"4103503";"Califórnia";"PR";"Sul";8710;7442;1268;85,44;14,56;14520;-23,6687643447152;-51,3338203301809;17,9;2,2;15,3;1,9
"4103602";"Cambará";"PR";"Sul";23212;22067;1145;95,07;4,93;43869;-22,9970149333491;-50,0828516876561;17,9;2,2;15,3;1,9
"4103701";"Cambé";"PR";"Sul";107208;104725;2483;97,68;2,32;68610;-23,1797201147693;-51,2843233976201;17,9;2,2;15,3;1,9
"4103800";"Cambira";"PR";"Sul";9460;8201;1259;86,69;13,31;16901;-23,6305856743454;-51,5667661687722;17,9;2,2;15,3;1,9
"4103909";"Campina da Lagoa";"PR";"Sul";15723;13772;1951;87,59;12,41;70583;-24,6165950880753;-52,78828659737;17,9;2,2;15,3;1,9
"4103958";"Campina do Simão";"PR";"Sul";3936;1546;2390;39,28;60,72;17977;-25,1308184923182;-51,7820298223538;17,9;2,2;15,3;1,9
"4104006";"Campina Grande do Sul";"PR";"Sul";47825;41669;6156;87,13;12,87;309;-25,1864097633973;-48,8440813949411;17,9;2,2;15,3;1,9
"4104055";"Campo Bonito";"PR";"Sul";4027;2482;1545;61,63;38,37;31318;-24,9310679108838;-53,0138951905567;17,9;2,2;15,3;1,9
"4104105";"Campo do Tenente";"PR";"Sul";7508;4852;2656;64,62;35,38;16719;-25,9778242682012;-49,6565023122454;17,9;2,2;15,3;1,9
"4104204";"Campo Largo";"PR";"Sul";136327;121533;14794;89,15;10,85;10844;-25,2922002336212;-49,6188287861694;17,9;2,2;15,3;1,9
"4104253";"Campo Magro";"PR";"Sul";30160;25656;4504;85,07;14,93;2858;-25,2896649474233;-49,4627498996833;17,9;2,2;15,3;1,9
"4104303";"Campo Mourão";"PR";"Sul";99432;96246;3186;96,8;3,2;92266;-24,1024540651775;-52,3806456053866;17,9;2,2;15,3;1,9
"4104402";"Cândido de Abreu";"PR";"Sul";15244;5542;9702;36,36;63,64;37833;-24,645324848118;-51,2534786445331;17,9;2,2;15,3;1,9
"4104428";"Candói";"PR";"Sul";14973;8323;6650;55,59;44,41;76372;-25,524342284584;-52,0206803361258;17,9;2,2;15,3;1,9
"4104451";"Cantagalo";"PR";"Sul";10933;8231;2702;75,29;24,71;26933;-25,2872120366857;-52,1313952402177;17,9;2,2;15,3;1,9
"4104501";"Capanema";"PR";"Sul";20481;14625;5856;71,41;28,59;32901;-25,6107528283861;-53,7630804122191;17,9;2,2;15,3;1,9
"4104600";"Capitão Leônidas Marques";"PR";"Sul";14648;11943;2705;81,53;18,47;15675;-25,4694931798492;-53,5928914032768;17,9;2,2;15,3;1,9
"4104659";"Carambeí";"PR";"Sul";23283;18659;4624;80,14;19,86;44273;-24,8935197970714;-50,1517323277706;17,9;2,2;15,3;1,9
"4104709";"Carlópolis";"PR";"Sul";16905;12296;4609;72,74;27,26;11544;-23,4597248030556;-49,7128079413315;17,9;2,2;15,3;1,9
"4104808";"Cascavel";"PR";"Sul";348051;334139;13912;96;4;180405;-25,0276819977064;-53,3796285620741;17,9;2,2;15,3;1,9
"4104907";"Castro";"PR";"Sul";73075;57067;16008;78,09;21,91;102561;-24,7995813709692;-49,8417871562827;17,9;2,2;15,3;1,9
"4105003";"Catanduvas";"PR";"Sul";10446;6367;4079;60,95;39,05;32068;-25,2413825289823;-53,1556733209099;17,9;2,2;15,3;1,9
"4105102";"Centenário do Sul";"PR";"Sul";10832;9284;1548;85,71;14,29;33693;-22,805380294917;-51,5606327038055;17,9;2,2;15,3;1,9
"4105201";"Cerro Azul";"PR";"Sul";16134;6333;9801;39,25;60,75;15514;-24,8753620048597;-49,279756745143;17,9;2,2;15,3;1,9
"4105300";"Céu Azul";"PR";"Sul";11087;8986;2101;81,05;18,95;36570;-25,2460688657578;-53,7617997293911;17,9;2,2;15,3;1,9
"4105409";"Chopinzinho";"PR";"Sul";21085;14821;6264;70,29;29,71;62638;-25,8119975405534;-52,4509813139851;17,9;2,2;15,3;1,9
"4105508";"Cianorte";"PR";"Sul";79527;72880;6647;91,64;8,36;39426;-23,7273279852026;-52,6269755126411;17,9;2,2;15,3;1,9
"4105607";"Cidade Gaúcha";"PR";"Sul";11467;10901;566;95,06;4,94;11531;-23,3828141009348;-52,9585045296437;17,9;2,2;15,3;1,9
"4105706";"Clevelândia";"PR";"Sul";15070;13521;1549;89,72;10,28;60167;-26,3446357424117;-52,3578939161682;17,9;2,2;15,3;1,9
"4105805";"Colombo";"PR";"Sul";232212;221242;10970;95,28;4,72;342;-25,3063006613073;-49,1880146960339;17,9;2,2;15,3;1,9
"4105904";"Colorado";"PR";"Sul";22896;21301;1595;93,03;6,97;22777;-22,8361121280244;-51,9718118249504;17,9;2,2;15,3;1,9
"4106001";"Congonhinhas";"PR";"Sul";8320;5200;3120;62,5;37,5;33385;-23,6056330990465;-50,5038477215322;17,9;2,2;15,3;1,9
"4106100";"Conselheiro Mairinck";"PR";"Sul";3461;2404;1057;69,46;30,54;11037;-23,5973528472098;-50,1296807000724;17,9;2,2;15,3;1,9
"4106209";"Contenda";"PR";"Sul";19128;12357;6771;64,6;35,4;15876;-25,7190924266688;-49,5261580461643;17,9;2,2;15,3;1,9
"4106308";"Corbélia";"PR";"Sul";17470;15339;2131;87,8;12,2;66628;-24,7424829490228;-53,2369878781093;17,9;2,2;15,3;1,9
"4106407";"Cornélio Procópio";"PR";"Sul";45206;43495;1711;96,22;3,78;64561;-23,2257803579121;-50,6235489289691;17,9;2,2;15,3;1,9
"4106456";"Coronel Domingos Soares";"PR";"Sul";5649;2027;3622;35,88;64,12;22293;-26,1818849762597;-51,925422174485;17,9;2,2;15,3;1,9
"4106506";"Coronel Vivida";"PR";"Sul";23331;17752;5579;76,09;23,91;46587;-25,9925489263279;-52,5643002002719;17,9;2,2;15,3;1,9
"4106555";"Corumbataí do Sul";"PR";"Sul";3760;2488;1272;66,17;33,83;6276;-24,1237602261552;-52,1421378252192;17,9;2,2;15,3;1,9
"4106571";"Cruzeiro do Iguaçu";"PR";"Sul";4133;2728;1405;66,01;33,99;10914;-25,5954365651206;-53,1296902140209;17,9;2,2;15,3;1,9
"4106605";"Cruzeiro do Oeste";"PR";"Sul";23831;21348;2483;89,58;10,42;27880;-23,7587910698448;-53,0833016348132;17,9;2,2;15,3;1,9
"4106704";"Cruzeiro do Sul";"PR";"Sul";4494;3637;857;80,93;19,07;18844;-22,9880509288897;-52,1626654939759;17,9;2,2;15,3;1,9
"4106803";"Cruz Machado";"PR";"Sul";15978;5724;10254;35,82;64,18;25969;-25,9223595654693;-51,2320218440822;17,9;2,2;15,3;1,9
"4106852";"Cruzmaltina";"PR";"Sul";2892;1707;1185;59,02;40,98;26121;-24,0198744230148;-51,4754135003348;17,9;2,2;15,3;1,9
"4106902";"Curitiba";"PR";"Sul";1773718;1773718;NA;100;NA;275;-25,4778719251482;-49,2882409520034;17,9;2,2;15,3;1,9
"4107009";"Curiúva";"PR";"Sul";13647;10366;3281;75,96;24,04;10843;-24,0131997010905;-50,4656133130058;17,9;2,2;15,3;1,9
"4107108";"Diamante do Norte";"PR";"Sul";5142;4262;880;82,89;17,11;7932;-22,6349960097672;-52,892703648302;17,9;2,2;15,3;1,9
"4107124";"Diamante do Sul";"PR";"Sul";3171;1416;1755;44,65;55,35;6227;-24,9904895828274;-52,7040740653041;17,9;2,2;15,3;1,9
"4107157";"Diamante D'oeste";"PR";"Sul";4557;2414;2143;52,97;47,03;9350;-24,9541776721478;-54,1003490563708;17,9;2,2;15,3;1,9
"4107207";"Dois Vizinhos";"PR";"Sul";44869;36317;8552;80,94;19,06;44521;-25,7501855824274;-53,075363098362;17,9;2,2;15,3;1,9
"4107256";"Douradina";"PR";"Sul";9161;7348;1813;80,21;19,79;6403;-23,3473465552908;-53,29017205013;17,9;2,2;15,3;1,9
"4107306";"Doutor Camargo";"PR";"Sul";6327;5719;608;90,39;9,61;18965;-23,561197790711;-52,2148101864768;17,9;2,2;15,3;1,9
"4107405";"Enéas Marques";"PR";"Sul";5999;2199;3800;36,66;63,34;7250;-25,9065891913509;-53,1537483644863;17,9;2,2;15,3;1,9
"4107504";"Engenheiro Beltrão";"PR";"Sul";12454;11316;1138;90,86;9,14;66066;-23,7598501244045;-52,2697090474308;17,9;2,2;15,3;1,9
"4107520";"Esperança Nova";"PR";"Sul";1849;1191;658;64,41;35,59;1236;-23,714130967724;-53,7975371643476;17,9;2,2;15,3;1,9
"4107538";"Entre Rios do Oeste";"PR";"Sul";4575;3362;1213;73,49;26,51;10249;-24,7130679852471;-54,2222645972795;17,9;2,2;15,3;1,9
"4107546";"Espigão Alto do Iguaçu";"PR";"Sul";4797;2274;2523;47,4;52,6;20730;-25,3526747851686;-52,787156983403;17,9;2,2;15,3;1,9
"4107553";"Farol";"PR";"Sul";3039;2126;913;69,96;30,04;44943;-24,1233365422818;-52,6288202767396;17,9;2,2;15,3;1,9
"4107603";"Faxinal";"PR";"Sul";16389;14566;1823;88,88;11,12;36855;-24,0032982798706;-51,2848396446081;17,9;2,2;15,3;1,9
"4107652";"Fazenda Rio Grande";"PR";"Sul";148873;146644;2229;98,5;1,5;1642;-25,6764058191872;-49,2974780989301;17,9;2,2;15,3;1,9
"4107702";"Fênix";"PR";"Sul";4492;3967;525;88,31;11,69;33089;-23,901089697516;-52,0297305498809;17,9;2,2;15,3;1,9
"4107736";"Fernandes Pinheiro";"PR";"Sul";6255;2858;3397;45,69;54,31;26832;-25,5166016620679;-50,510316571531;17,9;2,2;15,3;1,9
"4107751";"Figueira";"PR";"Sul";8062;6849;1213;84,95;15,05;3447;-23,8762144916378;-50,4303215201535;17,9;2,2;15,3;1,9
"4107801";"Floraí";"PR";"Sul";4792;4520;272;94,32;5,68;30087;-23,3328025884927;-52,3483687159811;17,9;2,2;15,3;1,9
"4107850";"Flor da Serra do Sul";"PR";"Sul";4364;2065;2299;47,32;52,68;10196;-26,2372328643975;-53,2931996480078;17,9;2,2;15,3;1,9
"4107900";"Floresta";"PR";"Sul";10458;10200;258;97,53;2,47;25265;-23,6071304127398;-52,0899841425592;17,9;2,2;15,3;1,9
"4108007";"Florestópolis";"PR";"Sul";11446;10740;706;93,83;6,17;23829;-22,8933050027759;-51,4026391138505;17,9;2,2;15,3;1,9
"4108106";"Flórida";"PR";"Sul";2652;2438;214;91,93;8,07;7803;-23,1056434224752;-51,9565411426385;17,9;2,2;15,3;1,9
"4108205";"Formosa do Oeste";"PR";"Sul";7635;5574;2061;73,01;26,99;32690;-24,2925407600605;-53,3316400499878;17,9;2,2;15,3;1,9
"4108304";"Foz do Iguaçu";"PR";"Sul";285415;283803;1612;99,44;0,56;20154;-25,4678107176818;-54,48324189065;17,9;2,2;15,3;1,9
"4108320";"Francisco Alves";"PR";"Sul";8116;6775;1341;83,48;16,52;34203;-24,0947867980573;-53,8722170908584;17,9;2,2;15,3;1,9
"4108403";"Francisco Beltrão";"PR";"Sul";96666;84539;12127;87,45;12,55;39843;-26,0477115625395;-53,1325591873518;17,9;2,2;15,3;1,9
"4108452";"Foz do Jordão";"PR";"Sul";4926;3715;1211;75,42;24,58;19990;-25,699615958368;-52,0911917390961;17,9;2,2;15,3;1,9
"4108502";"General Carneiro";"PR";"Sul";11062;8491;2571;76,76;23,24;6193;-26,472520306416;-51,3920158468541;17,9;2,2;15,3;1,9
"4108551";"Godoy Moreira";"PR";"Sul";2977;1598;1379;53,68;46,32;13423;-24,1602892955622;-51,9079426108727;17,9;2,2;15,3;1,9
"4108601";"Goioerê";"PR";"Sul";28437;26358;2079;92,69;7,31;65817;-24,1726895556524;-53,0521892127241;17,9;2,2;15,3;1,9
"4108650";"Goioxim";"PR";"Sul";6566;2472;4094;37,65;62,35;32387;-25,1298476263852;-51,9945958561053;17,9;2,2;15,3;1,9
"4108700";"Grandes Rios";"PR";"Sul";5641;3420;2221;60,63;39,37;12165;-24,1909372543385;-51,4474186753184;17,9;2,2;15,3;1,9
"4108809";"Guaíra";"PR";"Sul";32097;28692;3405;89,39;10,61;67673;-24,1904841414646;-54,2311978473412;17,9;2,2;15,3;1,9
"4108908";"Guairaçá";"PR";"Sul";6587;5593;994;84,91;15,09;17692;-22,9228353203735;-52,7400017052243;17,9;2,2;15,3;1,9
"4108957";"Guamiranga";"PR";"Sul";7856;2477;5379;31,53;68,47;15712;-25,1706873440529;-50,8396850307628;17,9;2,2;15,3;1,9
"4109005";"Guapirama";"PR";"Sul";4626;3593;1033;77,67;22,33;12423;-23,468021821875;-50,0768442726897;17,9;2,2;15,3;1,9
"4109104";"Guaporema";"PR";"Sul";2191;1767;424;80,65;19,35;8858;-23,3251807569288;-52,8260769196961;17,9;2,2;15,3;1,9
"4109203";"Guaraci";"PR";"Sul";4748;3906;842;82,27;17,73;11280;-22,9567313178277;-51,6788664655207;17,9;2,2;15,3;1,9
"4109302";"Guaraniaçu";"PR";"Sul";13735;8083;5652;58,85;41,15;43369;-25,0549293236263;-52,8633424048156;17,9;2,2;15,3;1,9
"4109401";"Guarapuava";"PR";"Sul";182093;169606;12487;93,14;6,86;134475;-25,3713289235234;-51,4911803007202;17,9;2,2;15,3;1,9
"4109500";"Guaraqueçaba";"PR";"Sul";7430;2744;4686;36,93;63,07;2377;-25,2336013009312;-48,3667079836207;17,9;2,2;15,3;1,9
"4109609";"Guaratuba";"PR";"Sul";42062;38549;3513;91,65;8,35;4596;-25,8176103856156;-48,7686033988736;17,9;2,2;15,3;1,9
"4109658";"Honório Serpa";"PR";"Sul";4941;2282;2659;46,18;53,82;39037;-26,162820423718;-52,3726891022369;17,9;2,2;15,3;1,9
"4109708";"Ibaiti";"PR";"Sul";28830;23530;5300;81,62;18,38;29399;-23,7782025204316;-50,2874196475077;17,9;2,2;15,3;1,9
"4109757";"Ibema";"PR";"Sul";6218;5213;1005;83,84;16,16;10761;-25,1520799196481;-53,0240185957938;17,9;2,2;15,3;1,9
"4109807";"Ibiporã";"PR";"Sul";51603;50639;964;98,13;1,87;32050;-23,236286638104;-51,0377767999268;17,9;2,2;15,3;1,9
"4109906";"Icaraíma";"PR";"Sul";8991;7117;1874;79,16;20,84;13511;-23,3735266188308;-53,5856406619991;17,9;2,2;15,3;1,9
"4110003";"Iguaraçu";"PR";"Sul";5338;4859;479;91,03;8,97;20365;-23,2268784305562;-51,8469441225828;17,9;2,2;15,3;1,9
"4110052";"Iguatu";"PR";"Sul";2144;1542;602;71,92;28,08;7486;-24,6878707595509;-53,0868695892601;17,9;2,2;15,3;1,9
"4110078";"Imbaú";"PR";"Sul";14249;9553;4696;67,04;32,96;5065;-24,4384189479403;-50,7418193300761;17,9;2,2;15,3;1,9
"4110102";"Imbituva";"PR";"Sul";29924;21815;8109;72,9;27,1;50930;-25,2258379054888;-50,6554242657502;17,9;2,2;15,3;1,9
"4110201";"Inácio Martins";"PR";"Sul";9670;6145;3525;63,55;36,45;9173;-25,6342804053654;-51,1974359743244;17,9;2,2;15,3;1,9
"4110300";"Inajá";"PR";"Sul";2536;2395;141;94,44;5,56;7917;-22,7186573080851;-52,2253395556973;17,9;2,2;15,3;1,9
"4110409";"Indianópolis";"PR";"Sul";4448;3656;792;82,19;17,81;8363;-23,4868279994751;-52,6732708866448;17,9;2,2;15,3;1,9
"4110508";"Ipiranga";"PR";"Sul";14142;5185;8957;36,66;63,34;54255;-24,9926425453476;-50,5890231713795;17,9;2,2;15,3;1,9
"4110607";"Iporã";"PR";"Sul";15746;13444;2302;85,38;14,62;45647;-24,0451291695235;-53,7198569963822;17,9;2,2;15,3;1,9
"4110656";"Iracema do Oeste";"PR";"Sul";2343;1942;401;82,89;17,11;13080;-24,4385364204857;-53,351770342091;17,9;2,2;15,3;1,9
"4110706";"Irati";"PR";"Sul";59250;48845;10405;82,44;17,56;70598;-25,4885350626156;-50,8255880740927;17,9;2,2;15,3;1,9
"4110805";"Iretama";"PR";"Sul";10684;6882;3802;64,41;35,59;26614;-24,3522279931825;-52,1108924967322;17,9;2,2;15,3;1,9
"4110904";"Itaguajé";"PR";"Sul";4481;3505;976;78,22;21,78;7883;-22,659455711489;-51,9678129156832;17,9;2,2;15,3;1,9
"4110953";"Itaipulândia";"PR";"Sul";11485;8117;3368;70,67;29,33;21514;-25,1560907559193;-54,3583156323976;17,9;2,2;15,3;1,9
"4111001";"Itambaracá";"PR";"Sul";5908;5016;892;84,9;15,1;27021;-22,9827236522664;-50,4140323560003;17,9;2,2;15,3;1,9
"4111100";"Itambé";"PR";"Sul";6111;5816;295;95,17;4,83;36386;-23,7065432196294;-52,0082343972339;17,9;2,2;15,3;1,9
"4111209";"Itapejara D'oeste";"PR";"Sul";12344;9117;3227;73,86;26,14;33665;-25,9861366519681;-52,8239301824767;17,9;2,2;15,3;1,9
"4111258";"Itaperuçu";"PR";"Sul";31217;25910;5307;83;17;2712;-25,1252193666869;-49,4900960497752;17,9;2,2;15,3;1,9
"4111308";"Itaúna do Sul";"PR";"Sul";3572;2922;650;81,8;18,2;3681;-22,7287052993179;-52,8984392376089;17,9;2,2;15,3;1,9
"4111407";"Ivaí";"PR";"Sul";13229;6552;6677;49,53;50,47;39423;-24,9871855114799;-50,8598663509888;17,9;2,2;15,3;1,9
"4111506";"Ivaiporã";"PR";"Sul";32720;29574;3146;90,39;9,61;43193;-24,2835083364217;-51,629248656247;17,9;2,2;15,3;1,9
"4111555";"Ivaté";"PR";"Sul";6831;5673;1158;83,05;16,95;13309;-23,354054954399;-53,4243792190974;17,9;2,2;15,3;1,9
"4111605";"Ivatuba";"PR";"Sul";2708;2326;382;85,89;14,11;16353;-23,5990341404516;-52,1772501124614;17,9;2,2;15,3;1,9
"4111704";"Jaboti";"PR";"Sul";5427;3523;1904;64,92;35,08;6695;-23,718158036467;-50,079790446236;17,9;2,2;15,3;1,9
"4111803";"Jacarezinho";"PR";"Sul";40375;37680;2695;93,33;6,67;24881;-23,1505690864027;-49,9474648368609;17,9;2,2;15,3;1,9
"4111902";"Jaguapitã";"PR";"Sul";15122;13949;1173;92,24;7,76;37851;-23,0652206601334;-51,5564075130522;17,9;2,2;15,3;1,9
"4112009";"Jaguariaíva";"PR";"Sul";35141;31310;3831;89,1;10,9;41180;-24,3307124996721;-49,7052535547712;17,9;2,2;15,3;1,9
"4112108";"Jandaia do Sul";"PR";"Sul";21408;19785;1623;92,42;7,58;10382;-23,6279060800991;-51,684598756914;17,9;2,2;15,3;1,9
"4112207";"Janiópolis";"PR";"Sul";5870;3996;1874;68,07;31,93;41591;-24,1280058054695;-52,8112624009551;17,9;2,2;15,3;1,9
"4112306";"Japira";"PR";"Sul";4972;2991;1981;60,16;39,84;8996;-23,7331331633308;-50,1630299281455;17,9;2,2;15,3;1,9
"4112405";"Japurá";"PR";"Sul";9144;8537;607;93,36;6,64;13918;-23,438807561444;-52,5412188806967;17,9;2,2;15,3;1,9
"4112504";"Jardim Alegre";"PR";"Sul";12004;8132;3872;67,74;32,26;30388;-24,2055691454742;-51,7673229714412;17,9;2,2;15,3;1,9
"4112603";"Jardim Olinda";"PR";"Sul";1343;930;413;69,25;30,75;7358;-22,5738383883005;-52,0792927698831;17,9;2,2;15,3;1,9
"4112702";"Jataizinho";"PR";"Sul";11813;11071;742;93,72;6,28;17727;-23,2511253947092;-50,9242905490325;17,9;2,2;15,3;1,9
"4112751";"Jesuítas";"PR";"Sul";10506;8464;2042;80,56;19,44;31404;-24,4138834290241;-53,4105945056676;17,9;2,2;15,3;1,9
"4112801";"Joaquim Távora";"PR";"Sul";11945;9433;2512;78,97;21,03;6220;-23,4567973769284;-49,9103597559714;17,9;2,2;15,3;1,9
"4112900";"Jundiaí do Sul";"PR";"Sul";3333;2097;1236;62,92;37,08;16349;-23,4734175449737;-50,2320567865167;17,9;2,2;15,3;1,9
"4112959";"Juranda";"PR";"Sul";7771;6501;1270;83,66;16,34;57008;-24,3974773843525;-52,8348790550091;17,9;2,2;15,3;1,9
"4113007";"Jussara";"PR";"Sul";6690;6155;535;92;8;27066;-23,6369991904378;-52,4477477367495;17,9;2,2;15,3;1,9
"4113106";"Kaloré";"PR";"Sul";4582;3517;1065;76,76;23,24;26129;-23,8570756208;-51,6899128089746;17,9;2,2;15,3;1,9
"4113205";"Lapa";"PR";"Sul";45003;27464;17539;61,03;38,97;80041;-25,7705403853146;-49,8711239929974;17,9;2,2;15,3;1,9
"4113254";"Laranjal";"PR";"Sul";5600;2334;3266;41,68;58,32;8232;-24,9021361577757;-52,490653891705;17,9;2,2;15,3;1,9
"4113304";"Laranjeiras do Sul";"PR";"Sul";32227;27183;5044;84,35;15,65;41128;-25,3453049950824;-52,3823030697965;17,9;2,2;15,3;1,9
"4113403";"Leópolis";"PR";"Sul";3752;2477;1275;66,02;33,98;36604;-23,026631368746;-50,7112371397604;17,9;2,2;15,3;1,9
"4113429";"Lidianópolis";"PR";"Sul";3938;2744;1194;69,68;30,32;14289;-24,0862247742945;-51,6390210405649;17,9;2,2;15,3;1,9
"4113452";"Lindoeste";"PR";"Sul";5175;3208;1967;61,99;38,01;14281;-25,2580338426879;-53,5580517581768;17,9;2,2;15,3;1,9
"4113502";"Loanda";"PR";"Sul";23225;21552;1673;92,8;7,2;13571;-22,9491887779367;-53,0713403955868;17,9;2,2;15,3;1,9
"4113601";"Lobato";"PR";"Sul";4601;4248;353;92,33;7,67;18305;-22,9816992973557;-51,9872980990682;17,9;2,2;15,3;1,9
"4113700";"Londrina";"PR";"Sul";555965;540361;15604;97,19;2,81;138282;-23,5141118074494;-51,1105114229811;17,9;2,2;15,3;1,9
"4113734";"Luiziana";"PR";"Sul";6690;4983;1707;74,48;25,52;92861;-24,3473171000638;-52,3307061801955;17,9;2,2;15,3;1,9
"4113759";"Lunardelli";"PR";"Sul";4872;3826;1046;78,53;21,47;13570;-24,080228191698;-51,7710942907914;17,9;2,2;15,3;1,9
"4113809";"Lupionópolis";"PR";"Sul";4813;4496;317;93,41;6,59;10940;-22,727985844929;-51,6645944872129;17,9;2,2;15,3;1,9
"4113908";"Mallet";"PR";"Sul";13428;8165;5263;60,81;39,19;25884;-25,8817165531193;-50,8570301891776;17,9;2,2;15,3;1,9
"4114005";"Mamborê";"PR";"Sul";13452;10870;2582;80,81;19,19;108050;-24,3610536266669;-52,5890354590655;17,9;2,2;15,3;1,9
"4114104";"Mandaguaçu";"PR";"Sul";31457;30168;1289;95,9;4,1;23957;-23,2787081578308;-52,0558689422367;17,9;2,2;15,3;1,9
"4114203";"Mandaguari";"PR";"Sul";36716;35039;1677;95,43;4,57;16291;-23,4819565853127;-51,7066959539289;17,9;2,2;15,3;1,9
"4114302";"Mandirituba";"PR";"Sul";27439;12422;15017;45,27;54,73;3826;-25,84234328988;-49,3223134064625;17,9;2,2;15,3;1,9
"4114351";"Manfrinópolis";"PR";"Sul";2770;803;1967;28,99;71,01;2800;-26,0950828636691;-53,3454820625695;17,9;2,2;15,3;1,9
"4114401";"Mangueirinha";"PR";"Sul";16603;9963;6640;60,01;39,99;74487;-26,033264434066;-52,2093060563209;17,9;2,2;15,3;1,9
"4114500";"Manoel Ribas";"PR";"Sul";14240;8349;5891;58,63;41,37;52685;-24,4891607274024;-51,6405215367483;17,9;2,2;15,3;1,9
"4114609";"Marechal Cândido Rondon";"PR";"Sul";55836;48064;7772;86,08;13,92;60578;-24,5714465964989;-54,1369452743357;17,9;2,2;15,3;1,9
"4114708";"Maria Helena";"PR";"Sul";5865;4308;1557;73,45;26,55;5286;-23,582344463388;-53,221372785973;17,9;2,2;15,3;1,9
"4114807";"Marialva";"PR";"Sul";41851;36417;5434;87,02;12,98;56341;-23,5305909644362;-51,8677597491942;17,9;2,2;15,3;1,9
"4114906";"Marilândia do Sul";"PR";"Sul";8677;6910;1767;79,64;20,36;46108;-23,7732458565995;-51,2835468413911;17,9;2,2;15,3;1,9
"4115002";"Marilena";"PR";"Sul";7253;5770;1483;79,55;20,45;6263;-22,7327179821403;-53,0645012331092;17,9;2,2;15,3;1,9
"4115101";"Mariluz";"PR";"Sul";9847;8457;1390;85,88;14,12;43260;-24,0536224178086;-53,2106606351601;17,9;2,2;15,3;1,9
"4115200";"Maringá";"PR";"Sul";409657;407192;2465;99,4;0,6;47863;-23,4009279029359;-51,9677660906404;17,9;2,2;15,3;1,9
"4115309";"Mariópolis";"PR";"Sul";6371;4674;1697;73,36;26,64;29730;-26,3360658763579;-52,5807241790879;17,9;2,2;15,3;1,9
"4115358";"Maripá";"PR";"Sul";6555;4359;2196;66,5;33,5;46111;-24,4447688050115;-53,7916427418493;17,9;2,2;15,3;1,9
"4115408";"Marmeleiro";"PR";"Sul";15901;11278;4623;70,93;29,07;29512;-26,2465382562627;-53,0930751920287;17,9;2,2;15,3;1,9
"4115457";"Marquinho";"PR";"Sul";4504;1478;3026;32,82;67,18;11773;-25,098815291793;-52,2527620308809;17,9;2,2;15,3;1,9
"4115507";"Marumbi";"PR";"Sul";4699;4230;469;90,02;9,98;12720;-23,7543471300077;-51,6595513495786;17,9;2,2;15,3;1,9
"4115606";"Matelândia";"PR";"Sul";18450;14254;4196;77,26;22,74;24536;-25,3509122157871;-53,9060561411768;17,9;2,2;15,3;1,9
"4115705";"Matinhos";"PR";"Sul";39259;38919;340;99,13;0,87;24;-25,7617521534695;-48,5545173366694;17,9;2,2;15,3;1,9
"4115739";"Mato Rico";"PR";"Sul";3267;918;2349;28,1;71,9;21818;-24,7015219334084;-52,212023608936;17,9;2,2;15,3;1,9
"4115754";"Mauá da Serra";"PR";"Sul";9383;8221;1162;87,62;12,38;7880;-23,9110098002352;-51,1802130591682;17,9;2,2;15,3;1,9
"4115804";"Medianeira";"PR";"Sul";54369;49790;4579;91,58;8,42;26574;-25,2632088634353;-54,0918617771987;17,9;2,2;15,3;1,9
"4115853";"Mercedes";"PR";"Sul";5931;3449;2482;58,15;41,85;14757;-24,4334021626514;-54,1862412490065;17,9;2,2;15,3;1,9
"4115903";"Mirador";"PR";"Sul";2238;1495;743;66,8;33,2;11918;-23,2024098213788;-52,7462234858801;17,9;2,2;15,3;1,9
"4116000";"Miraselva";"PR";"Sul";1966;1670;296;84,94;15,06;3913;-22,9731359781723;-51,4852254611439;17,9;2,2;15,3;1,9
"4116059";"Missal";"PR";"Sul";11064;6782;4282;61,3;38,7;26990;-25,0955640353347;-54,2413669480253;17,9;2,2;15,3;1,9
"4116109";"Moreira Sales";"PR";"Sul";11175;9593;1582;85,84;14,16;22958;-24,024463648888;-53,0055335403645;17,9;2,2;15,3;1,9
"4116208";"Morretes";"PR";"Sul";18309;10309;8000;56,31;43,69;1323;-25,518308621492;-48,856051923446;17,9;2,2;15,3;1,9
"4116307";"Munhoz de Melo";"PR";"Sul";3951;3337;614;84,46;15,54;13657;-23,1302991680706;-51,7349591139841;17,9;2,2;15,3;1,9
"4116406";"Nossa Senhora das Graças";"PR";"Sul";3669;3097;572;84,41;15,59;8981;-22,9140431437587;-51,7980373643201;17,9;2,2;15,3;1,9
"4116505";"Nova Aliança do Ivaí";"PR";"Sul";1323;967;356;73,09;26,91;4892;-23,1695251336079;-52,6106065682267;17,9;2,2;15,3;1,9
"4116604";"Nova América da Colina";"PR";"Sul";3280;2656;624;80,98;19,02;12928;-23,3453384817316;-50,7064342685951;17,9;2,2;15,3;1,9
"4116703";"Nova Aurora";"PR";"Sul";13765;11191;2574;81,3;18,7;68203;-24,5017007573917;-53,2761800001186;17,9;2,2;15,3;1,9
"4116802";"Nova Cantu";"PR";"Sul";6790;4499;2291;66,26;33,74;45793;-24,6592678336519;-52,5584370208423;17,9;2,2;15,3;1,9
"4116901";"Nova Esperança";"PR";"Sul";26585;24725;1860;93;7;22010;-23,1913707771091;-52,2508439429781;17,9;2,2;15,3;1,9
"4116950";"Nova Esperança do Sudoeste";"PR";"Sul";5597;2212;3385;39,52;60,48;5489;-25,8985170697529;-53,2575842598813;17,9;2,2;15,3;1,9
"4117008";"Nova Fátima";"PR";"Sul";7225;6452;773;89,3;10,7;26465;-23,4184931476436;-50,5386387498109;17,9;2,2;15,3;1,9
"4117057";"Nova Laranjeiras";"PR";"Sul";12074;3058;9016;25,33;74,67;29614;-25,2259494879818;-52,574832942383;17,9;2,2;15,3;1,9
"4117107";"Nova Londrina";"PR";"Sul";12923;11922;1001;92,25;7,75;8475;-22,7867424106853;-52,9549041627725;17,9;2,2;15,3;1,9
"4117206";"Nova Olímpia";"PR";"Sul";5833;5314;519;91,1;8,9;3327;-23,4267176409609;-53,0721398848941;17,9;2,2;15,3;1,9
"4117214";"Nova Santa Bárbara";"PR";"Sul";4184;3695;489;88,31;11,69;12237;-23,5922546924369;-50,7433202802642;17,9;2,2;15,3;1,9
"4117222";"Nova Santa Rosa";"PR";"Sul";8322;6437;1885;77,35;22,65;27867;-24,44029397173;-53,9586951460832;17,9;2,2;15,3;1,9
"4117255";"Nova Prata do Iguaçu";"PR";"Sul";12699;8373;4326;65,93;34,07;38585;-25,590783502173;-53,3783331900429;17,9;2,2;15,3;1,9
"4117271";"Nova Tebas";"PR";"Sul";6848;3019;3829;44,09;55,91;22059;-24,4599705930593;-51,9444539521686;17,9;2,2;15,3;1,9
"4117297";"Novo Itacolomi";"PR";"Sul";3125;2111;1014;67,55;32,45;8445;-23,7808732246093;-51,5327608388464;17,9;2,2;15,3;1,9
"4117305";"Ortigueira";"PR";"Sul";24192;13060;11132;53,98;46,02;50649;-24,1349958221316;-50,946939841392;17,9;2,2;15,3;1,9
"4117404";"Ourizona";"PR";"Sul";3187;3021;166;94,79;5,21;26900;-23,4597138837824;-52,2313084027344;17,9;2,2;15,3;1,9
"4117453";"Ouro Verde do Oeste";"PR";"Sul";6785;5051;1734;74,44;25,56;24760;-24,7938729737775;-53,9095845402401;17,9;2,2;15,3;1,9
"4117503";"Paiçandu";"PR";"Sul";45962;45402;560;98,78;1,22;21803;-23,4650088260977;-52,1220372613301;17,9;2,2;15,3;1,9
"4117602";"Palmas";"PR";"Sul";48247;43478;4769;90,12;9,88;39874;-26,4511334259446;-51,8144786955769;17,9;2,2;15,3;1,9
"4117701";"Palmeira";"PR";"Sul";33855;21843;12012;64,52;35,48;102437;-25,4426637164846;-50,0577356127718;17,9;2,2;15,3;1,9
"4117800";"Palmital";"PR";"Sul";13033;7416;5617;56,9;43,1;14647;-24,8757238976605;-52,2656632002966;17,9;2,2;15,3;1,9
"4117909";"Palotina";"PR";"Sul";35011;32010;3001;91,43;8,57;91624;-24,2745677632434;-53,824132337293;17,9;2,2;15,3;1,9
"4118006";"Paraíso do Norte";"PR";"Sul";13245;12239;1006;92,4;7,6;14472;-23,2680315916656;-52,6354142440575;17,9;2,2;15,3;1,9
"4118105";"Paranacity";"PR";"Sul";9557;9010;547;94,28;5,72;21136;-22,8472895983349;-52,1446113567496;17,9;2,2;15,3;1,9
"4118204";"Paranaguá";"PR";"Sul";145829;139579;6250;95,71;4,29;516;-25,5271610977648;-48,5176234226595;17,9;2,2;15,3;1,9
"4118303";"Paranapoema";"PR";"Sul";2398;2202;196;91,83;8,17;7987;-22,660461069387;-52,1026111008673;17,9;2,2;15,3;1,9
"4118402";"Paranavaí";"PR";"Sul";92001;88878;3123;96,61;3,39;25001;-22,9211227561984;-52,5105265228014;17,9;2,2;15,3;1,9
"4118451";"Pato Bragado";"PR";"Sul";5733;4076;1657;71,1;28,9;10513;-24,6341933456538;-54,248215244866;17,9;2,2;15,3;1,9
"4118501";"Pato Branco";"PR";"Sul";91836;87304;4532;95,07;4,93;55310;-26,1690227020394;-52,6632757207773;17,9;2,2;15,3;1,9
"4118600";"Paula Freitas";"PR";"Sul";5666;2656;3010;46,88;53,12;26664;-26,1773840234675;-50,860870701898;17,9;2,2;15,3;1,9
"4118709";"Paulo Frontin";"PR";"Sul";6343;2241;4102;35,33;64,67;27358;-26,0623129435819;-50,7498059975658;17,9;2,2;15,3;1,9
"4118808";"Peabiru";"PR";"Sul";13346;11880;1466;89,02;10,98;53021;-23,9310856353591;-52,3270514140669;17,9;2,2;15,3;1,9
"4118857";"Perobal";"PR";"Sul";7189;5784;1405;80,46;19,54;22469;-23,923011124674;-53,3650191926454;17,9;2,2;15,3;1,9
"4118907";"Pérola";"PR";"Sul";11878;10525;1353;88,61;11,39;2940;-23,8325163666509;-53,7063447268769;17,9;2,2;15,3;1,9
"4119004";"Pérola D'oeste";"PR";"Sul";6221;3576;2645;57,48;42,52;23632;-25,8498703639015;-53,7589252395484;17,9;2,2;15,3;1,9
"4119103";"Piên";"PR";"Sul";13655;6068;7587;44,44;55,56;7086;-26,0907321859822;-49,453259505222;17,9;2,2;15,3;1,9
"4119152";"Pinhais";"PR";"Sul";127019;127019;NA;100;NA;186;-25,4198921264153;-49,1556260289998;17,9;2,2;15,3;1,9
"4119202";"Pinhalão";"PR";"Sul";6566;4323;2243;65,84;34,16;11579;-23,903442653349;-50,0613158596678;17,9;2,2;15,3;1,9
"4119251";"Pinhal de São Bento";"PR";"Sul";2761;1267;1494;45,89;54,11;4444;-26,0160243002232;-53,4780422443007;17,9;2,2;15,3;1,9
"4119301";"Pinhão";"PR";"Sul";29886;18678;11208;62,5;37,5;67898;-25,7854647142706;-51,6324462313581;17,9;2,2;15,3;1,9
"4119400";"Piraí do Sul";"PR";"Sul";23651;17694;5957;74,81;25,19;60827;-24,4747249858958;-49,9277477375941;17,9;2,2;15,3;1,9
"4119509";"Piraquara";"PR";"Sul";118730;108665;10065;91,52;8,48;783;-25,472414258686;-49,0523844242962;17,9;2,2;15,3;1,9
"4119608";"Pitanga";"PR";"Sul";33567;22995;10572;68,5;31,5;67302;-24,6911035354466;-51,7804224023361;17,9;2,2;15,3;1,9
"4119657";"Pitangueiras";"PR";"Sul";3046;2632;414;86,41;13,59;18438;-23,2091296461975;-51,5723970370083;17,9;2,2;15,3;1,9
"4119707";"Planaltina do Paraná";"PR";"Sul";4070;2869;1201;70,49;29,51;5449;-23,0915615447106;-52,9344171577981;17,9;2,2;15,3;1,9
"4119806";"Planalto";"PR";"Sul";14374;7770;6604;54,06;45,94;26662;-25,7372803318774;-53,7078087947302;17,9;2,2;15,3;1,9
"4119905";"Ponta Grossa";"PR";"Sul";358371;352053;6318;98,24;1,76;96057;-25,1397534002314;-50,0808904693293;17,9;2,2;15,3;1,9
"4119954";"Pontal do Paraná";"PR";"Sul";30425;29965;460;98,49;1,51;123;-25,6363472967951;-48,4745806955628;17,9;2,2;15,3;1,9
"4120002";"Porecatu";"PR";"Sul";11624;11045;579;95,02;4,98;15269;-22,7426639521111;-51,4099574945601;17,9;2,2;15,3;1,9
"4120101";"Porto Amazonas";"PR";"Sul";4098;3546;552;86,53;13,47;10629;-25,5297179816663;-49,8953516271872;17,9;2,2;15,3;1,9
"4120150";"Porto Barreiro";"PR";"Sul";3110;941;2169;30,26;69,74;22052;-25,5845456661202;-52,3821386691536;17,9;2,2;15,3;1,9
"4120200";"Porto Rico";"PR";"Sul";3182;2537;645;79,73;20,27;698;-22,8330496391601;-53,3137966765027;17,9;2,2;15,3;1,9
"4120309";"Porto Vitória";"PR";"Sul";3562;1997;1565;56,06;43,94;3226;-26,2276935865067;-51,2222605274325;17,9;2,2;15,3;1,9
"4120333";"Prado Ferreira";"PR";"Sul";3709;3496;213;94,26;5,74;19530;-23,025668419061;-51,4003972873424;17,9;2,2;15,3;1,9
"4120358";"Pranchita";"PR";"Sul";5737;4207;1530;73,33;26,67;32137;-25,9663132388769;-53,7211594812452;17,9;2,2;15,3;1,9
"4120408";"Presidente Castelo Branco";"PR";"Sul";4336;4044;292;93,27;6,73;8848;-23,2637660400299;-52,149349119626;17,9;2,2;15,3;1,9
"4120507";"Primeiro de Maio";"PR";"Sul";10082;9162;920;90,87;9,13;45995;-22,8621833871081;-51,0740657225617;17,9;2,2;15,3;1,9
"4120606";"Prudentópolis";"PR";"Sul";49393;27005;22388;54,67;45,33;90700;-25,1304800861626;-51,0982153761538;17,9;2,2;15,3;1,9
"4120655";"Quarto Centenário";"PR";"Sul";4201;2839;1362;67,58;32,42;50928;-24,3031198761235;-53,1553889283899;17,9;2,2;15,3;1,9
"4120705";"Quatiguá";"PR";"Sul";8099;7553;546;93,26;6,74;3673;-23,5621337322688;-49,9319009167876;17,9;2,2;15,3;1,9
"4120804";"Quatro Barras";"PR";"Sul";24191;21748;2443;89,9;10,1;221;-25,3686723184398;-48,9944020393826;17,9;2,2;15,3;1,9
"4120853";"Quatro Pontes";"PR";"Sul";4480;3066;1414;68,44;31,56;14162;-24,5717064713853;-53,976520439299;17,9;2,2;15,3;1,9
"4120903";"Quedas do Iguaçu";"PR";"Sul";30738;21692;9046;70,57;29,43;68980;-25,457414961766;-52,9549757289083;17,9;2,2;15,3;1,9
"4121000";"Querência do Norte";"PR";"Sul";10685;7302;3383;68,34;31,66;33126;-23,0422707126351;-53,5211996616561;17,9;2,2;15,3;1,9
"4121109";"Quinta do Sol";"PR";"Sul";5001;3758;1243;75,14;24,86;44438;-23,8297273033593;-52,1403905276467;17,9;2,2;15,3;1,9
"4121208";"Quitandinha";"PR";"Sul";18398;5358;13040;29,12;70,88;20272;-25,9104591116375;-49,4814979729319;17,9;2,2;15,3;1,9
"4121257";"Ramilândia";"PR";"Sul";4221;2494;1727;59,09;40,91;8763;-25,0943804284182;-54,0760643070258;17,9;2,2;15,3;1,9
"4121307";"Rancho Alegre";"PR";"Sul";3512;3149;363;89,66;10,34;24117;-23,0798588380135;-50,9194209897814;17,9;2,2;15,3;1,9
"4121356";"Rancho Alegre D'oeste";"PR";"Sul";2618;2282;336;87,17;12,83;37951;-24,2905285077633;-52,9609093490227;17,9;2,2;15,3;1,9
"4121406";"Realeza";"PR";"Sul";19247;15382;3865;79,92;20,08;33118;-25,6743695923374;-53,5435818189399;17,9;2,2;15,3;1,9
"4121505";"Rebouças";"PR";"Sul";14514;8677;5837;59,78;40,22;39339;-25,6584976303471;-50,620961812548;17,9;2,2;15,3;1,9
"4121604";"Renascença";"PR";"Sul";6845;4085;2760;59,68;40,32;53061;-26,2250489034901;-52,950798686255;17,9;2,2;15,3;1,9
"4121703";"Reserva";"PR";"Sul";24573;16010;8563;65,15;34,85;41740;-24,5954060296791;-50,9565691661436;17,9;2,2;15,3;1,9
"4121752";"Reserva do Iguaçu";"PR";"Sul";6553;4011;2542;61,21;38,79;27674;-25,8677032445366;-51,9637661806477;17,9;2,2;15,3;1,9
"4121802";"Ribeirão Claro";"PR";"Sul";12364;8916;3448;72,11;27,89;5210;-23,2616673050504;-49,7628068352346;17,9;2,2;15,3;1,9
"4121901";"Ribeirão do Pinhal";"PR";"Sul";13060;11607;1453;88,87;11,13;29326;-23,4482556340148;-50,374258611312;17,9;2,2;15,3;1,9
"4122008";"Rio Azul";"PR";"Sul";14025;5937;8088;42,33;57,67;34161;-25,7208864120363;-50,7927607479228;17,9;2,2;15,3;1,9
"4122107";"Rio Bom";"PR";"Sul";3197;2287;910;71,54;28,46;13204;-23,7974202243283;-51,4333756427157;17,9;2,2;15,3;1,9
"4122156";"Rio Bonito do Iguaçu";"PR";"Sul";13929;5098;8831;36,6;63,4;66100;-25,5466407891808;-52,6085207753405;17,9;2,2;15,3;1,9
"4122172";"Rio Branco do Ivaí";"PR";"Sul";3808;2037;1771;53,49;46,51;24812;-24,3463915741751;-51,3363771317015;17,9;2,2;15,3;1,9
"4122206";"Rio Branco do Sul";"PR";"Sul";37558;27151;10407;72,29;27,71;1397;-25,0764222632305;-49,3473651251815;17,9;2,2;15,3;1,9
"4122305";"Rio Negro";"PR";"Sul";31324;25735;5589;82,16;17,84;16858;-26,0948106267899;-49,6834627765482;17,9;2,2;15,3;1,9
"4122404";"Rolândia";"PR";"Sul";71670;69134;2536;96,46;3,54;62900;-23,271300302259;-51,4092406859336;17,9;2,2;15,3;1,9
"4122503";"Roncador";"PR";"Sul";11251;7845;3406;69,73;30,27;61811;-24,5658670577576;-52,2612908685454;17,9;2,2;15,3;1,9
"4122602";"Rondon";"PR";"Sul";9097;7785;1312;85,58;14,42;17762;-23,4775953933343;-52,8045445825031;17,9;2,2;15,3;1,9
"4122651";"Rosário do Ivaí";"PR";"Sul";5435;2725;2710;50,14;49,86;5804;-24,3163600044724;-51,2031248358622;17,9;2,2;15,3;1,9
"4122701";"Sabáudia";"PR";"Sul";8822;7962;860;90,25;9,75;21447;-23,348633122914;-51,5843590422573;17,9;2,2;15,3;1,9
"4122800";"Salgado Filho";"PR";"Sul";4075;2561;1514;62,85;37,15;6850;-26,1382528616133;-53,4183490070708;17,9;2,2;15,3;1,9
"4122909";"Salto do Itararé";"PR";"Sul";5192;4000;1192;77,04;22,96;8066;-23,6306870331508;-49,6829835278485;17,9;2,2;15,3;1,9
"4123006";"Salto do Lontra";"PR";"Sul";15223;9641;5582;63,33;36,67;24556;-25,7753920098785;-53,287024263154;17,9;2,2;15,3;1,9
"4123105";"Santa Amélia";"PR";"Sul";3394;2556;838;75,31;24,69;8274;-23,2590671739191;-50,4101219990843;17,9;2,2;15,3;1,9
"4123204";"Santa Cecília do Pavão";"PR";"Sul";3365;2990;375;88,86;11,14;10914;-23,5430700391545;-50,7994261258301;17,9;2,2;15,3;1,9
"4123303";"Santa Cruz de Monte Castelo";"PR";"Sul";8613;6590;2023;76,51;23,49;15148;-23,085060309686;-53,3629174933737;17,9;2,2;15,3;1,9
"4123402";"Santa Fé";"PR";"Sul";11378;10384;994;91,26;8,74;19867;-23,0629986364447;-51,8388087114121;17,9;2,2;15,3;1,9
"4123501";"Santa Helena";"PR";"Sul";25492;18081;7411;70,93;29,07;55069;-24,8889016945719;-54,3056287124973;17,9;2,2;15,3;1,9
"4123600";"Santa Inês";"PR";"Sul";1748;1100;648;62,93;37,07;6370;-22,7130674972377;-51,8978676878403;17,9;2,2;15,3;1,9
"4123709";"Santa Isabel do Ivaí";"PR";"Sul";8912;7736;1176;86,8;13,2;14699;-23,1145099883424;-53,2407146285823;17,9;2,2;15,3;1,9
"4123808";"Santa Izabel do Oeste";"PR";"Sul";14070;9109;4961;64,74;35,26;31214;-25,783703879136;-53,4230337030662;17,9;2,2;15,3;1,9
"4123824";"Santa Lúcia";"PR";"Sul";3644;2501;1143;68,63;31,37;9066;-25,3832732918327;-53,5529843312638;17,9;2,2;15,3;1,9
"4123857";"Santa Maria do Oeste";"PR";"Sul";9934;3040;6894;30,6;69,4;32808;-24,9091991488556;-51,9296556680813;17,9;2,2;15,3;1,9
"4123907";"Santa Mariana";"PR";"Sul";11066;9535;1531;86,16;13,84;57009;-23,0606893945778;-50,5388964253906;17,9;2,2;15,3;1,9
"4123956";"Santa Mônica";"PR";"Sul";3356;2531;825;75,42;24,58;14235;-23,1543867433164;-53,1091997636666;17,9;2,2;15,3;1,9
"4124004";"Santana do Itararé";"PR";"Sul";5514;3960;1554;71,82;28,18;21647;-23,7507378617937;-49,6324531271038;17,9;2,2;15,3;1,9
"4124020";"Santa Tereza do Oeste";"PR";"Sul";13174;11886;1288;90,22;9,78;36479;-25,036507759759;-53,6060700277425;17,9;2,2;15,3;1,9
"4124053";"Santa Terezinha de Itaipu";"PR";"Sul";24262;22005;2257;90,7;9,3;32153;-25,453802251988;-54,4296248959635;17,9;2,2;15,3;1,9
"4124103";"Santo Antônio da Platina";"PR";"Sul";44369;39748;4621;89,59;10,41;35100;-23,2966670069744;-50,0856579691843;17,9;2,2;15,3;1,9
"4124202";"Santo Antônio do Caiuá";"PR";"Sul";2493;2060;433;82,63;17,37;3283;-22,699040970746;-52,3562136007967;17,9;2,2;15,3;1,9
"4124301";"Santo Antônio do Paraíso";"PR";"Sul";2125;1774;351;83,48;16,52;14597;-23,580431603024;-50,6306370690464;17,9;2,2;15,3;1,9
"4124400";"Santo Antônio do Sudoeste";"PR";"Sul";23673;17690;5983;74,73;25,27;21738;-26,0666322931791;-53,6332323969309;17,9;2,2;15,3;1,9
"4124509";"Santo Inácio";"PR";"Sul";6181;5461;720;88,35;11,65;15100;-22,718779267645;-51,8020677084943;17,9;2,2;15,3;1,9
"4124608";"São Carlos do Ivaí";"PR";"Sul";6587;6371;216;96,72;3,28;17235;-23,3419694773201;-52,480790088402;17,9;2,2;15,3;1,9
"4124707";"São Jerônimo da Serra";"PR";"Sul";10830;6151;4679;56,8;43,2;37216;-23,7162325913023;-50,7784490305443;17,9;2,2;15,3;1,9
"4124806";"São João";"PR";"Sul";11886;8865;3021;74,58;25,42;47381;-25,7740404003115;-52,7930631894865;17,9;2,2;15,3;1,9
"4124905";"São João do Caiuá";"PR";"Sul";5586;4947;639;88,56;11,44;4826;-22,8382111485737;-52,3305645615335;17,9;2,2;15,3;1,9
"4125001";"São João do Ivaí";"PR";"Sul";10667;9094;1573;85,25;14,75;40268;-23,992656847038;-51,8479892145105;17,9;2,2;15,3;1,9
"4125100";"São João do Triunfo";"PR";"Sul";13726;4193;9533;30,55;69,45;27932;-25,6700003174514;-50,2867849963631;17,9;2,2;15,3;1,9
"4125209";"São Jorge D'oeste";"PR";"Sul";9378;6217;3161;66,29;33,71;24332;-25,6558223750085;-52,9400329098694;17,9;2,2;15,3;1,9
"4125308";"São Jorge do Ivaí";"PR";"Sul";5168;4624;544;89,47;10,53;53577;-23,4350701364564;-52,3169716671651;17,9;2,2;15,3;1,9
"4125357";"São Jorge do Patrocínio";"PR";"Sul";6504;4922;1582;75,68;24,32;2303;-23,7388550402139;-53,9470374856372;17,9;2,2;15,3;1,9
"4125407";"São José da Boa Vista";"PR";"Sul";6040;3808;2232;63,05;36,95;29011;-23,9586586927763;-49,6711963863363;17,9;2,2;15,3;1,9
"4125456";"São José das Palmeiras";"PR";"Sul";3957;2557;1400;64,62;35,38;6106;-24,8154444508285;-54,1195725038048;17,9;2,2;15,3;1,9
"4125506";"São José dos Pinhais";"PR";"Sul";329628;309323;20305;93,84;6,16;6618;-25,6643338798518;-49,0949891408539;17,9;2,2;15,3;1,9
"4125555";"São Manoel do Paraná";"PR";"Sul";2138;1634;504;76,43;23,57;7423;-23,372505948694;-52,6123999642994;17,9;2,2;15,3;1,9
"4125605";"São Mateus do Sul";"PR";"Sul";42366;25967;16399;61,29;38,71;74274;-25,9081822606087;-50,4420446394916;17,9;2,2;15,3;1,9
"4125704";"São Miguel do Iguaçu";"PR";"Sul";29122;21681;7441;74,45;25,55;96027;-25,3874494962494;-54,2620448370754;17,9;2,2;15,3;1,9
"4125753";"São Pedro do Iguaçu";"PR";"Sul";5784;3968;1816;68,6;31,4;27947;-24,9065041208519;-53,8907969842049;17,9;2,2;15,3;1,9
"4125803";"São Pedro do Ivaí";"PR";"Sul";8690;7820;870;89,99;10,01;36334;-23,8455039041773;-51,8717330359323;17,9;2,2;15,3;1,9
"4125902";"São Pedro do Paraná";"PR";"Sul";2661;1809;852;67,98;32,02;3321;-22,7849004509806;-53,1812898860939;17,9;2,2;15,3;1,9
"4126009";"São Sebastião da Amoreira";"PR";"Sul";8063;7293;770;90,45;9,55;34468;-23,4548207548085;-50,7227268674737;17,9;2,2;15,3;1,9
"4126108";"São Tomé";"PR";"Sul";5232;4744;488;90,67;9,33;16453;-23,5245203418924;-52,5388644997922;17,9;2,2;15,3;1,9
"4126207";"Sapopema";"PR";"Sul";6695;4126;2569;61,63;38,37;6908;-23,8751162947034;-50,6045166793117;17,9;2,2;15,3;1,9
"4126256";"Sarandi";"PR";"Sul";118455;117880;575;99,51;0,49;11256;-23,4682497616822;-51,8671139059266;17,9;2,2;15,3;1,9
"4126272";"Saudade do Iguaçu";"PR";"Sul";6108;3946;2162;64,6;35,4;4280;-25,7133197561519;-52,6043444535143;17,9;2,2;15,3;1,9
"4126306";"Sengés";"PR";"Sul";17270;14395;2875;83,35;16,65;24005;-24,2490170383396;-49,4560862750428;17,9;2,2;15,3;1,9
"4126355";"Serranópolis do Iguaçu";"PR";"Sul";5007;3106;1901;62,03;37,97;25034;-25,4769500017263;-54,0276287665261;17,9;2,2;15,3;1,9
"4126405";"Sertaneja";"PR";"Sul";5616;5087;529;90,58;9,42;66486;-22,9342425415187;-50,874967626932;17,9;2,2;15,3;1,9
"4126504";"Sertanópolis";"PR";"Sul";15930;14986;944;94,07;5,93;63087;-23,0572871614664;-51,0720061047422;17,9;2,2;15,3;1,9
"4126603";"Siqueira Campos";"PR";"Sul";22811;18726;4085;82,09;17,91;9596;-23,6391465875603;-49,7929356938654;17,9;2,2;15,3;1,9
"4126652";"Sulina";"PR";"Sul";3440;1644;1796;47,79;52,21;10320;-25,6933043669927;-52,7186391522974;17,9;2,2;15,3;1,9
"4126678";"Tamarana";"PR";"Sul";10707;6480;4227;60,52;39,48;32131;-23,8222184549062;-51,0518960627833;17,9;2,2;15,3;1,9
"4126702";"Tamboara";"PR";"Sul";4880;4291;589;87,93;12,07;6157;-23,1984731027211;-52,4840539632998;17,9;2,2;15,3;1,9
"4126801";"Tapejara";"PR";"Sul";15869;14286;1583;90,02;9,98;21170;-23,6584588483686;-52,8903316865283;17,9;2,2;15,3;1,9
"4126900";"Tapira";"PR";"Sul";5745;3674;2071;63,95;36,05;8137;-23,3291351858776;-53,134051326039;17,9;2,2;15,3;1,9
"4127007";"Teixeira Soares";"PR";"Sul";9547;5082;4465;53,23;46,77;69664;-25,3133306308606;-50,4084909867957;17,9;2,2;15,3;1,9
"4127106";"Telêmaco Borba";"PR";"Sul";75042;73723;1319;98,24;1,76;793;-24,2499649646377;-50,522499762807;17,9;2,2;15,3;1,9
"4127205";"Terra Boa";"PR";"Sul";17568;16233;1335;92,4;7,6;29468;-23,6966075752672;-52,3879241936203;17,9;2,2;15,3;1,9
"4127304";"Terra Rica";"PR";"Sul";14842;12586;2256;84,8;15,2;12433;-22,729298967415;-52,6816184473409;17,9;2,2;15,3;1,9
"4127403";"Terra Roxa";"PR";"Sul";18119;14178;3941;78,25;21,75;113105;-24,2087170458903;-54,0628736556332;17,9;2,2;15,3;1,9
"4127502";"Tibagi";"PR";"Sul";19961;12555;7406;62,9;37,1;169155;-24,6573639782219;-50,4686821435116;17,9;2,2;15,3;1,9
"4127601";"Tijucas do Sul";"PR";"Sul";17621;9249;8372;52,49;47,51;7516;-25,9015211642497;-49,1121585453763;17,9;2,2;15,3;1,9
"4127700";"Toledo";"PR";"Sul";150470;138024;12446;91,73;8,27;138679;-24,7047850984816;-53,7778373703307;17,9;2,2;15,3;1,9
"4127809";"Tomazina";"PR";"Sul";8426;4284;4142;50,84;49,16;22826;-23,7253006442459;-49,9626650720377;17,9;2,2;15,3;1,9
"4127858";"Três Barras do Paraná";"PR";"Sul";11135;6762;4373;60,73;39,27;23572;-25,4386124805298;-53,2248181045296;17,9;2,2;15,3;1,9
"4127882";"Tunas do Paraná";"PR";"Sul";6219;4334;1885;69,69;30,31;151;-24,9526644731788;-48,9026190547818;17,9;2,2;15,3;1,9
"4127908";"Tuneiras do Oeste";"PR";"Sul";8067;6143;1924;76,15;23,85;19899;-23,8792014124642;-52,8435186882025;17,9;2,2;15,3;1,9
"4127957";"Tupãssi";"PR";"Sul";8077;6770;1307;83,82;16,18;48006;-24,6459793417698;-53,5092826794438;17,9;2,2;15,3;1,9
"4127965";"Turvo";"PR";"Sul";14231;6832;7399;48,01;51,99;24574;-25,0120290121957;-51,480512477474;17,9;2,2;15,3;1,9
"4128005";"Ubiratã";"PR";"Sul";24749;22295;2454;90,08;9,92;101973;-24,5049200007097;-53,0217991659727;17,9;2,2;15,3;1,9
"4128104";"Umuarama";"PR";"Sul";117095;111070;6025;94,85;5,15;18971;-23,6797223817871;-53,4142654206156;17,9;2,2;15,3;1,9
"4128203";"União da Vitória";"PR";"Sul";55033;51881;3152;94,27;5,73;8412;-26,1093408562144;-51,0748995070601;17,9;2,2;15,3;1,9
"4128302";"Uniflor";"PR";"Sul";2136;1836;300;85,96;14,04;8658;-23,0670407846034;-52,109180421037;17,9;2,2;15,3;1,9
"4128401";"Uraí";"PR";"Sul";10406;9104;1302;87,49;12,51;23487;-23,216327425689;-50,8299446487747;17,9;2,2;15,3;1,9
"4128500";"Wenceslau Braz";"PR";"Sul";19188;15777;3411;82,22;17,78;27615;-23,8550764372943;-49,7844978368078;17,9;2,2;15,3;1,9
"4128534";"Ventania";"PR";"Sul";9681;7121;2560;73,56;26,44;41007;-24,1897228511407;-50,2398768799495;17,9;2,2;15,3;1,9
"4128559";"Vera Cruz do Oeste";"PR";"Sul";8215;6310;1905;76,81;23,19;40034;-25,0073817356806;-53,9204600992369;17,9;2,2;15,3;1,9
"4128609";"Verê";"PR";"Sul";7932;4190;3742;52,82;47,18;38321;-25,8750540292122;-52,9584384490548;17,9;2,2;15,3;1,9
"4128625";"Alto Paraíso";"PR";"Sul";3055;1943;1112;63,6;36,4;5055;-23,5388832625849;-53,8247046269993;17,9;2,2;15,3;1,9
"4128633";"Doutor Ulysses";"PR";"Sul";5697;1644;4053;28,86;71,14;7375;-24,6263125118953;-49,3929212160661;17,9;2,2;15,3;1,9
"4128658";"Virmond";"PR";"Sul";3811;2285;1526;59,96;40,04;18292;-25,4068265997291;-52,2368544209591;17,9;2,2;15,3;1,9
"4128708";"Vitorino";"PR";"Sul";9706;7494;2212;77,21;22,79;50313;-26,2812808735976;-52,8077252474369;17,9;2,2;15,3;1,9
"4128807";"Xambrê";"PR";"Sul";5798;4230;1568;72,96;27,04;2669;-23,7357314883436;-53,5919538648881;17,9;2,2;15,3;1,9
"4200051";"Abdon Batista";"SC";"Sul";2598;1173;1425;45,15;54,85;5974;-27,5837681575883;-51,0563360516568;11,3;1,5;9,4;1,4
"4200101";"Abelardo Luz";"SC";"Sul";17392;11382;6010;65,44;34,56;69401;-26,5624017879114;-52,2558796909621;11,3;1,5;9,4;1,4
"4200200";"Agrolândia";"SC";"Sul";10990;8264;2726;75,2;24,8;3001;-27,4551091167882;-49,8247815481162;11,3;1,5;9,4;1,4
"4200309";"Agronômica";"SC";"Sul";6055;3591;2464;59,31;40,69;4867;-27,3274727404737;-49,7207475076296;11,3;1,5;9,4;1,4
"4200408";"Água Doce";"SC";"Sul";6508;3514;2994;54;46;29920;-26,764381955145;-51,6124301502918;11,3;1,5;9,4;1,4
"4200507";"Águas de Chapecó";"SC";"Sul";6036;3583;2453;59,36;40,64;3264;-27,0542215236705;-52,9565277863575;11,3;1,5;9,4;1,4
"4200556";"Águas Frias";"SC";"Sul";2839;1305;1534;45,97;54,03;2279;-26,8516654325608;-52,8522940461354;11,3;1,5;9,4;1,4
"4200606";"Águas Mornas";"SC";"Sul";6743;3666;3077;54,37;45,63;416;-27,7333103668537;-48,9359560401509;11,3;1,5;9,4;1,4
"4200705";"Alfredo Wagner";"SC";"Sul";10481;4019;6462;38,35;61,65;8092;-27,7059243183006;-49,3308141568883;11,3;1,5;9,4;1,4
"4200754";"Alto Bela Vista";"SC";"Sul";1856;662;1194;35,67;64,33;1141;-27,4214697445818;-51,9258390765741;11,3;1,5;9,4;1,4
"4200804";"Anchieta";"SC";"Sul";5943;3444;2499;57,95;42,05;1954;-26,5329712092257;-53,333000918697;11,3;1,5;9,4;1,4
"4200903";"Angelina";"SC";"Sul";5358;1094;4264;20,42;79,58;2037;-27,5430114963502;-49,0672485385075;11,3;1,5;9,4;1,4
"4201000";"Anita Garibaldi";"SC";"Sul";8285;4755;3530;57,39;42,61;6503;-27,73033756322;-51,0794907748144;11,3;1,5;9,4;1,4
"4201109";"Anitápolis";"SC";"Sul";3593;1436;2157;39,97;60,03;366;-27,8798582754002;-49,1387048756462;11,3;1,5;9,4;1,4
"4201208";"Antônio Carlos";"SC";"Sul";11224;6385;4839;56,89;43,11;433;-27,4974545388684;-48,8310596048534;11,3;1,5;9,4;1,4
"4201257";"Apiúna";"SC";"Sul";9811;4683;5128;47,73;52,27;926;-27,1245064037716;-49,3642139647679;11,3;1,5;9,4;1,4
"4201273";"Arabutã";"SC";"Sul";4378;1843;2535;42,1;57,9;757;-27,1408263541763;-52,1816385828541;11,3;1,5;9,4;1,4
"4201307";"Araquari";"SC";"Sul";45283;42366;2917;93,56;6,44;2882;-26,4616646089313;-48,7577620892162;11,3;1,5;9,4;1,4
"4201406";"Araranguá";"SC";"Sul";71922;66387;5535;92,3;7,7;9162;-28,9423292513879;-49,4710950985004;11,3;1,5;9,4;1,4
"4201505";"Armazém";"SC";"Sul";8834;5702;3132;64,55;35,45;988;-28,2378519392377;-49,014604875243;11,3;1,5;9,4;1,4
"4201604";"Arroio Trinta";"SC";"Sul";3556;2518;1038;70,81;29,19;1920;-26,9215443371161;-51,3366550670095;11,3;1,5;9,4;1,4
"4201653";"Arvoredo";"SC";"Sul";2510;904;1606;36,02;63,98;585;-27,0708701975975;-52,4419517085472;11,3;1,5;9,4;1,4
"4201703";"Ascurra";"SC";"Sul";8319;7759;560;93,27;6,73;667;-26,9736135683493;-49,395911766207;11,3;1,5;9,4;1,4
"4201802";"Atalanta";"SC";"Sul";3227;1585;1642;49,12;50,88;3359;-27,4372367845708;-49,7426055324054;11,3;1,5;9,4;1,4
"4201901";"Aurora";"SC";"Sul";6780;2935;3845;43,29;56,71;5354;-27,3296250752865;-49,5903775739864;11,3;1,5;9,4;1,4
"4201950";"Balneário Arroio do Silva";"SC";"Sul";15820;15689;131;99,17;0,83;NA;-29,0195462568387;-49,4752381704399;11,3;1,5;9,4;1,4
"4202008";"Balneário Camboriú";"SC";"Sul";139155;139155;NA;100;NA;NA;-27,0047642350972;-48,6216386349447;11,3;1,5;9,4;1,4
"4202057";"Balneário Barra do Sul";"SC";"Sul";14912;14091;821;94,49;5,51;15;-26,4464617661939;-48,6524929316288;11,3;1,5;9,4;1,4
"4202073";"Balneário Gaivota";"SC";"Sul";15669;14359;1310;91,64;8,36;461;-29,1534144409773;-49,6153079380989;11,3;1,5;9,4;1,4
"4202081";"Bandeirante";"SC";"Sul";3144;1478;1666;47,01;52,99;2171;-26,7686026233272;-53,6482964210433;11,3;1,5;9,4;1,4
"4202099";"Barra Bonita";"SC";"Sul";1668;389;1279;23,32;76,68;1167;-26,6683101139583;-53,4250919233319;11,3;1,5;9,4;1,4
"4202107";"Barra Velha";"SC";"Sul";45369;43191;2178;95,2;4,8;1466;-26,6623761748409;-48,727224868696;11,3;1,5;9,4;1,4
"4202131";"Bela Vista do Toldo";"SC";"Sul";5872;1277;4595;21,75;78,25;11195;-26,4180408584206;-50,4868142418099;11,3;1,5;9,4;1,4
"4202156";"Belmonte";"SC";"Sul";2658;1533;1125;57,67;42,33;3594;-26,8570036106305;-53,6180399031319;11,3;1,5;9,4;1,4
"4202206";"Benedito Novo";"SC";"Sul";10520;5842;4678;55,53;44,47;823;-26,8009361757595;-49,4353766398419;11,3;1,5;9,4;1,4
"4202305";"Biguaçu";"SC";"Sul";76773;70811;5962;92,23;7,77;550;-27,4335553595972;-48,6938996293228;11,3;1,5;9,4;1,4
"4202404";"Blumenau";"SC";"Sul";361261;351597;9664;97,32;2,68;319;-26,8855429663411;-49,0972964166106;11,3;1,5;9,4;1,4
"4202438";"Bocaina do Sul";"SC";"Sul";3515;1283;2232;36,5;63,5;2729;-27,7631451102761;-49,9091554144666;11,3;1,5;9,4;1,4
"4202453";"Bombinhas";"SC";"Sul";25058;25053;5;99,98;0,02;NA;-27,1731934696992;-48,5174706574605;11,3;1,5;9,4;1,4
"4202503";"Bom Jardim da Serra";"SC";"Sul";4026;2253;1773;55,96;44,04;1739;-28,3609089016186;-49,6523710865701;11,3;1,5;9,4;1,4
"4202537";"Bom Jesus";"SC";"Sul";2777;1800;977;64,82;35,18;5714;-26,7390531044721;-52,3899946598453;11,3;1,5;9,4;1,4
"4202578";"Bom Jesus do Oeste";"SC";"Sul";2187;816;1371;37,31;62,69;3875;-26,6840818252917;-53,0953138232555;11,3;1,5;9,4;1,4
"4202602";"Bom Retiro";"SC";"Sul";8418;6223;2195;73,92;26,08;11807;-27,7853143896457;-49,5630618600042;11,3;1,5;9,4;1,4
"4202701";"Botuverá";"SC";"Sul";5363;1982;3381;36,96;63,04;380;-27,2186152998951;-49,123520182851;11,3;1,5;9,4;1,4
"4202800";"Braço do Norte";"SC";"Sul";33773;27778;5995;82,25;17,75;823;-28,2408978604192;-49,1424257306881;11,3;1,5;9,4;1,4
"4202859";"Braço do Trombudo";"SC";"Sul";4026;2473;1553;61,43;38,57;1278;-27,3685707238281;-49,9036275119433;11,3;1,5;9,4;1,4
"4202875";"Brunópolis";"SC";"Sul";2489;979;1510;39,33;60,67;11692;-27,3470158401167;-50,844972663363;11,3;1,5;9,4;1,4
"4202909";"Brusque";"SC";"Sul";141385;138926;2459;98,26;1,74;101;-27,1249865856568;-48,9097355247215;11,3;1,5;9,4;1,4
"4203006";"Caçador";"SC";"Sul";73720;67465;6255;91,52;8,48;8720;-26,7630937594698;-51,0846710348335;11,3;1,5;9,4;1,4
"4203105";"Caibi";"SC";"Sul";6304;4172;2132;66,18;33,82;2515;-27,0252129976288;-53,2630307023748;11,3;1,5;9,4;1,4
"4203154";"Calmon";"SC";"Sul";3443;2297;1146;66,72;33,28;3358;-26,6221788093628;-51,0068647337451;11,3;1,5;9,4;1,4
"4203204";"Camboriú";"SC";"Sul";103074;99618;3456;96,65;3,35;987;-27,0708936642098;-48,7089205458795;11,3;1,5;9,4;1,4
"4203253";"Capão Alto";"SC";"Sul";2625;1124;1501;42,82;57,18;13273;-28,0621300744702;-50,6068442542006;11,3;1,5;9,4;1,4
"4203303";"Campo Alegre";"SC";"Sul";12501;7280;5221;58,24;41,76;4438;-26,1205887405267;-49,2174326447919;11,3;1,5;9,4;1,4
"4203402";"Campo Belo do Sul";"SC";"Sul";7257;4727;2530;65,14;34,86;20338;-27,8469529427354;-50,7711224524294;11,3;1,5;9,4;1,4
"4203501";"Campo Erê";"SC";"Sul";9623;7676;1947;79,77;20,23;32898;-26,4504504419232;-53,1302283026244;11,3;1,5;9,4;1,4
"4203600";"Campos Novos";"SC";"Sul";36932;30970;5962;83,86;16,14;90879;-27,4130127829553;-51,2445170096765;11,3;1,5;9,4;1,4
"4203709";"Canelinha";"SC";"Sul";12821;9481;3340;73,95;26,05;240;-27,2344883856303;-48,8023869331892;11,3;1,5;9,4;1,4
"4203808";"Canoinhas";"SC";"Sul";55016;43782;11234;79,58;20,42;48596;-26,2498188363881;-50,5333512742762;11,3;1,5;9,4;1,4
"4203907";"Capinzal";"SC";"Sul";23314;20340;2974;87,24;12,76;8405;-27,4119102272838;-51,6308623847384;11,3;1,5;9,4;1,4
"4203956";"Capivari de Baixo";"SC";"Sul";23975;23524;451;98,12;1,88;1412;-28,4555242317909;-48,9434747928252;11,3;1,5;9,4;1,4
"4204004";"Catanduvas";"SC";"Sul";10566;9401;1165;88,97;11,03;1840;-27,0449776174704;-51,6964010993373;11,3;1,5;9,4;1,4
"4204103";"Caxambu do Sul";"SC";"Sul";4614;2620;1994;56,78;43,22;8583;-27,1465747068299;-52,9200517663305;11,3;1,5;9,4;1,4
"4204152";"Celso Ramos";"SC";"Sul";2805;1235;1570;44,03;55,97;2052;-27,6520107569063;-51,3082369660236;11,3;1,5;9,4;1,4
"4204178";"Cerro Negro";"SC";"Sul";3317;1012;2305;30,51;69,49;9991;-27,7763745139866;-50,9319304126217;11,3;1,5;9,4;1,4
"4204194";"Chapadão do Lageado";"SC";"Sul";2950;608;2342;20,61;79,39;4113;-27,5826597783774;-49,5563399493193;11,3;1,5;9,4;1,4
"4204202";"Chapecó";"SC";"Sul";254785;242335;12450;95,11;4,89;22459;-27,1250856337537;-52,6503653169091;11,3;1,5;9,4;1,4
"4204251";"Cocal do Sul";"SC";"Sul";17240;15406;1834;89,36;10,64;1086;-28,5986721741177;-49,3339552578809;11,3;1,5;9,4;1,4
"4204301";"Concórdia";"SC";"Sul";81646;69164;12482;84,71;15,29;9843;-27,2391314590458;-52,0073901664695;11,3;1,5;9,4;1,4
"4204350";"Cordilheira Alta";"SC";"Sul";4781;2283;2498;47,75;52,25;691;-26,9757162898813;-52,6416278567424;11,3;1,5;9,4;1,4
"4204400";"Coronel Freitas";"SC";"Sul";10388;6882;3506;66,25;33,75;4277;-26,8831205452893;-52,72498667603;11,3;1,5;9,4;1,4
"4204459";"Coronel Martins";"SC";"Sul";2065;951;1114;46,05;53,95;3318;-26,5345757458321;-52,6718675408091;11,3;1,5;9,4;1,4
"4204509";"Corupá";"SC";"Sul";15267;12004;3263;78,63;21,37;5414;-26,4399436239511;-49,3267159853952;11,3;1,5;9,4;1,4
"4204558";"Correia Pinto";"SC";"Sul";15727;13558;2169;86,21;13,79;7296;-27,5968701214241;-50,3781471647352;11,3;1,5;9,4;1,4
"4204608";"Criciúma";"SC";"Sul";214493;209482;5011;97,66;2,34;5062;-28,7156640138084;-49,379768671258;11,3;1,5;9,4;1,4
"4204707";"Cunha Porã";"SC";"Sul";10953;7277;3676;66,44;33,56;9114;-26,8791733138191;-53,1907188066772;11,3;1,5;9,4;1,4
"4204756";"Cunhataí";"SC";"Sul";1968;932;1036;47,36;52,64;1360;-26,9751343004269;-53,1008377294657;11,3;1,5;9,4;1,4
"4204806";"Curitibanos";"SC";"Sul";40045;37206;2839;92,91;7,09;28708;-27,2928211040222;-50,6175393158693;11,3;1,5;9,4;1,4
"4204905";"Descanso";"SC";"Sul";8530;4555;3975;53,4;46,6;9721;-26,858336314487;-53,4792765683961;11,3;1,5;9,4;1,4
"4205001";"Dionísio Cerqueira";"SC";"Sul";15008;11509;3499;76,69;23,31;10503;-26,3299185161694;-53,5331016043474;11,3;1,5;9,4;1,4
"4205100";"Dona Emma";"SC";"Sul";4221;2306;1915;54,63;45,37;1473;-26,9887006184899;-49,7779841302384;11,3;1,5;9,4;1,4
"4205159";"Doutor Pedrinho";"SC";"Sul";3637;2382;1255;65,49;34,51;1355;-26,7055644037533;-49,5538505647747;11,3;1,5;9,4;1,4
"4205175";"Entre Rios";"SC";"Sul";3402;1090;2312;32,04;67,96;2375;-26,7397123098004;-52,5783595962871;11,3;1,5;9,4;1,4
"4205191";"Ermo";"SC";"Sul";2269;1247;1022;54,96;45,04;4484;-28,9903471489435;-49,6528788668408;11,3;1,5;9,4;1,4
"4205209";"Erval Velho";"SC";"Sul";4885;3462;1423;70,87;29,13;5787;-27,2843512290448;-51,4219999180171;11,3;1,5;9,4;1,4
"4205308";"Faxinal dos Guedes";"SC";"Sul";11192;9290;1902;83,01;16,99;18886;-26,8465802270777;-52,244331056427;11,3;1,5;9,4;1,4
"4205357";"Flor do Sertão";"SC";"Sul";1783;481;1302;26,98;73,02;1083;-26,7637127085048;-53,3372218624567;11,3;1,5;9,4;1,4
"4205407";"Florianópolis";"SC";"Sul";537211;534827;2384;99,56;0,44;83;-27,5777865323703;-48,5081092564479;11,3;1,5;9,4;1,4
"4205431";"Formosa do Sul";"SC";"Sul";2682;1441;1241;53,73;46,27;838;-26,6341813159203;-52,7937720964982;11,3;1,5;9,4;1,4
"4205456";"Forquilhinha";"SC";"Sul";31431;28764;2667;91,51;8,49;12564;-28,7816980835357;-49,4933447251508;11,3;1,5;9,4;1,4
"4205506";"Fraiburgo";"SC";"Sul";33481;29437;4044;87,92;12,08;17320;-27,0377917316163;-50,872439961416;11,3;1,5;9,4;1,4
"4205555";"Frei Rogério";"SC";"Sul";2411;916;1495;37,99;62,01;6332;-27,19168710314;-50,7656053706588;11,3;1,5;9,4;1,4
"4205605";"Galvão";"SC";"Sul";3210;2259;951;70,37;29,63;8614;-26,4492959239493;-52,6589363593775;11,3;1,5;9,4;1,4
"4205704";"Garopaba";"SC";"Sul";29959;29060;899;97;3;269;-28,0467752126698;-48,6588598702418;11,3;1,5;9,4;1,4
"4205803";"Garuva";"SC";"Sul";18545;14171;4374;76,41;23,59;2919;-26,057145224166;-48,8673080927312;11,3;1,5;9,4;1,4
"4205902";"Gaspar";"SC";"Sul";72570;66940;5630;92,24;7,76;2921;-26,9313337587506;-48,9659819116955;11,3;1,5;9,4;1,4
"4206009";"Governador Celso Ramos";"SC";"Sul";16915;16414;501;97,04;2,96;17;-27,3764679626907;-48,5771599796573;11,3;1,5;9,4;1,4
"4206108";"Grão-Pará";"SC";"Sul";6277;3194;3083;50,88;49,12;1823;-28,1550610812999;-49,314055646598;11,3;1,5;9,4;1,4
"4206207";"Gravatal";"SC";"Sul";12435;5545;6890;44,59;55,41;558;-28,353935506901;-49,0196465303395;11,3;1,5;9,4;1,4
"4206306";"Guabiruba";"SC";"Sul";24543;23012;1531;93,76;6,24;244;-27,1033268358309;-49,0207634790468;11,3;1,5;9,4;1,4
"4206405";"Guaraciaba";"SC";"Sul";10796;6203;4593;57,46;42,54;10514;-26,5800967867269;-53,5710745727647;11,3;1,5;9,4;1,4
"4206504";"Guaramirim";"SC";"Sul";46711;43891;2820;93,96;6,04;5476;-26,4765804046041;-48,9449252480906;11,3;1,5;9,4;1,4
"4206603";"Guarujá do Sul";"SC";"Sul";4829;3485;1344;72,17;27,83;2882;-26,3983276039488;-53,4839801540635;11,3;1,5;9,4;1,4
"4206652";"Guatambú";"SC";"Sul";8425;4593;3832;54,52;45,48;8386;-27,1164943418807;-52,7833735554626;11,3;1,5;9,4;1,4
"4206702";"Herval D'oeste";"SC";"Sul";21724;19409;2315;89,34;10,66;1928;-27,1954179618692;-51,4106201333777;11,3;1,5;9,4;1,4
"4206751";"Ibiam";"SC";"Sul";2008;724;1284;36,06;63,94;1872;-27,2084301426672;-51,2154829857761;11,3;1,5;9,4;1,4
"4206801";"Ibicaré";"SC";"Sul";3269;1519;1750;46,47;53,53;2994;-27,0924598833871;-51,3701098559503;11,3;1,5;9,4;1,4
"4206900";"Ibirama";"SC";"Sul";19862;17710;2152;89,17;10,83;838;-27,0181461195113;-49,5284936983918;11,3;1,5;9,4;1,4
"4207007";"Içara";"SC";"Sul";59035;52560;6475;89,03;10,97;10160;-28,7516072019696;-49,2773256646451;11,3;1,5;9,4;1,4
"4207106";"Ilhota";"SC";"Sul";17046;11532;5514;67,65;32,35;3834;-26,8589922722588;-48,857405185371;11,3;1,5;9,4;1,4
"4207205";"Imaruí";"SC";"Sul";11881;3929;7952;33,07;66,93;3196;-28,2314318484712;-48,8344591978093;11,3;1,5;9,4;1,4
"4207304";"Imbituba";"SC";"Sul";52579;51388;1191;97,73;2,27;2341;-28,1942884772196;-48,7026208086065;11,3;1,5;9,4;1,4
"4207403";"Imbuia";"SC";"Sul";5982;2574;3408;43,03;56,97;5319;-27,5029322240741;-49,4065604511839;11,3;1,5;9,4;1,4
"4207502";"Indaial";"SC";"Sul";71549;69190;2359;96,7;3,3;429;-26,9949874775869;-49,2241664716395;11,3;1,5;9,4;1,4
"4207577";"Iomerê";"SC";"Sul";2877;1187;1690;41,26;58,74;2888;-26,9877573309512;-51,2754376095316;11,3;1,5;9,4;1,4
"4207601";"Ipira";"SC";"Sul";4578;2785;1793;60,83;39,17;1543;-27,3707986188195;-51,7986994007583;11,3;1,5;9,4;1,4
"4207650";"Iporã do Oeste";"SC";"Sul";9335;5346;3989;57,27;42,73;5479;-27,0004114312072;-53,4893964943622;11,3;1,5;9,4;1,4
"4207684";"Ipuaçu";"SC";"Sul";7730;2137;5593;27,65;72,35;15781;-26,6786928800575;-52,4760206007242;11,3;1,5;9,4;1,4
"4207700";"Ipumirim";"SC";"Sul";7816;4186;3630;53,56;46,44;1467;-27,0403287170439;-52,1527789158176;11,3;1,5;9,4;1,4
"4207759";"Iraceminha";"SC";"Sul";3986;1585;2401;39,76;60,24;6576;-26,8453228692432;-53,3244730528549;11,3;1,5;9,4;1,4
"4207809";"Irani";"SC";"Sul";10195;7779;2416;76,3;23,7;4881;-27,0252730210947;-51,9180091024875;11,3;1,5;9,4;1,4
"4207858";"Irati";"SC";"Sul";2069;850;1219;41,08;58,92;2097;-26,6274598956469;-52,8900995777798;11,3;1,5;9,4;1,4
"4207908";"Irineópolis";"SC";"Sul";10285;4000;6285;38,89;61,11;25020;-26,3570185504316;-50,7607052294414;11,3;1,5;9,4;1,4
"4208005";"Itá";"SC";"Sul";7067;4860;2207;68,77;31,23;1205;-27,2439664657932;-52,332130311093;11,3;1,5;9,4;1,4
"4208104";"Itaiópolis";"SC";"Sul";22051;13057;8994;59,21;40,79;36553;-26,4720513233971;-49,8914087015783;11,3;1,5;9,4;1,4
"4208203";"Itajaí";"SC";"Sul";264054;255583;8471;96,79;3,21;2013;-26,9690443331064;-48,7533612794913;11,3;1,5;9,4;1,4
"4208302";"Itapema";"SC";"Sul";75940;74903;1037;98,63;1,37;21;-27,1085277281735;-48,6343052212057;11,3;1,5;9,4;1,4
"4208401";"Itapiranga";"SC";"Sul";16638;9483;7155;57;43;4441;-27,1121981346958;-53,711671541492;11,3;1,5;9,4;1,4
"4208450";"Itapoá";"SC";"Sul";30750;29714;1036;96,63;3,37;540;-26,0823365921429;-48,6522846843813;11,3;1,5;9,4;1,4
"4208500";"Ituporanga";"SC";"Sul";26525;18659;7866;70,34;29,66;15990;-27,4534584147603;-49,5387598699417;11,3;1,5;9,4;1,4
"4208609";"Jaborá";"SC";"Sul";4310;2228;2082;51,69;48,31;3824;-27,1414363428315;-51,7727595253826;11,3;1,5;9,4;1,4
"4208708";"Jacinto Machado";"SC";"Sul";10624;6263;4361;58,95;41,05;13352;-28,9948678690772;-49,8481287574565;11,3;1,5;9,4;1,4
"4208807";"Jaguaruna";"SC";"Sul";20375;16869;3506;82,79;17,21;6854;-28,6577134592232;-49,0445610043281;11,3;1,5;9,4;1,4
"4208906";"Jaraguá do Sul";"SC";"Sul";182660;171556;11104;93,92;6,08;2650;-26,481810781475;-49,1599332429783;11,3;1,5;9,4;1,4
"4208955";"Jardinópolis";"SC";"Sul";1776;1068;708;60,14;39,86;1697;-26,7171248307522;-52,8713361364538;11,3;1,5;9,4;1,4
"4209003";"Joaçaba";"SC";"Sul";30146;28159;1987;93,41;6,59;4328;-27,1517947061752;-51,593001473034;11,3;1,5;9,4;1,4
"4209102";"Joinville";"SC";"Sul";616317;597288;19029;96,91;3,09;5526;-26,2442937970186;-48,9514899611794;11,3;1,5;9,4;1,4
"4209151";"José Boiteux";"SC";"Sul";5985;2317;3668;38,71;61,29;1663;-26,8594571564998;-49,6463110187864;11,3;1,5;9,4;1,4
"4209177";"Jupiá";"SC";"Sul";2555;1491;1064;58,36;41,64;3669;-26,3942364841839;-52,7209432298564;11,3;1,5;9,4;1,4
"4209201";"Lacerdópolis";"SC";"Sul";2248;1236;1012;54,98;45,02;2730;-27,2509291107728;-51,590271546985;11,3;1,5;9,4;1,4
"4209300";"Lages";"SC";"Sul";164981;161249;3732;97,74;2,26;22607;-28,0199994756382;-50,3402228127797;11,3;1,5;9,4;1,4
"4209409";"Laguna";"SC";"Sul";42785;40802;1983;95,37;4,63;282;-28,486337399708;-48,8257539668017;11,3;1,5;9,4;1,4
"4209458";"Lajeado Grande";"SC";"Sul";1702;858;844;50,41;49,59;4243;-26,8548813066587;-52,5519531486354;11,3;1,5;9,4;1,4
"4209508";"Laurentino";"SC";"Sul";7932;6149;1783;77,52;22,48;708;-27,2079452326454;-49,7336550816696;11,3;1,5;9,4;1,4
"4209607";"Lauro Müller";"SC";"Sul";14381;11640;2741;80,94;19,06;528;-28,3846085200891;-49,4519410060795;11,3;1,5;9,4;1,4
"4209706";"Lebon Régis";"SC";"Sul";11472;7848;3624;68,41;31,59;8756;-26,8584177602072;-50,702571567678;11,3;1,5;9,4;1,4
"4209805";"Leoberto Leal";"SC";"Sul";3330;971;2359;29,16;70,84;3440;-27,4720845232865;-49,257189056053;11,3;1,5;9,4;1,4
"4209854";"Lindóia do Sul";"SC";"Sul";4549;2467;2082;54,23;45,77;1428;-27,0314441677353;-52,0524960705733;11,3;1,5;9,4;1,4
"4209904";"Lontras";"SC";"Sul";12873;9982;2891;77,54;22,46;1720;-27,1894701922856;-49,5072837735399;11,3;1,5;9,4;1,4
"4210001";"Luiz Alves";"SC";"Sul";11684;5567;6117;47,65;52,35;5783;-26,72731503602;-48,8911334682156;11,3;1,5;9,4;1,4
"4210035";"Luzerna";"SC";"Sul";5794;4165;1629;71,88;28,12;2522;-27,0904092356883;-51,5056892325122;11,3;1,5;9,4;1,4
"4210050";"Macieira";"SC";"Sul";1778;727;1051;40,89;59,11;1551;-26,8034949449899;-51,3531516899869;11,3;1,5;9,4;1,4
"4210100";"Mafra";"SC";"Sul";55286;44562;10724;80,6;19,4;52534;-26,20082477429;-49,8896471546961;11,3;1,5;9,4;1,4
"4210209";"Major Gercino";"SC";"Sul";3214;1103;2111;34,32;65,68;395;-27,4279641100095;-49,0526778167379;11,3;1,5;9,4;1,4
"4210308";"Major Vieira";"SC";"Sul";7425;3135;4290;42,22;57,78;19046;-26,4811758966091;-50,3615745022999;11,3;1,5;9,4;1,4
"4210407";"Maracajá";"SC";"Sul";7815;6399;1416;81,88;18,12;2590;-28,8639319803926;-49,4555465358;11,3;1,5;9,4;1,4
"4210506";"Maravilha";"SC";"Sul";28251;23682;4569;83,83;16,17;7281;-26,760031063923;-53,1980819109635;11,3;1,5;9,4;1,4
"4210555";"Marema";"SC";"Sul";2184;881;1303;40,34;59,66;1746;-26,8123360599434;-52,6302451119581;11,3;1,5;9,4;1,4
"4210605";"Massaranduba";"SC";"Sul";17162;9470;7692;55,18;44,82;7649;-26,6268779726492;-48,9881940150324;11,3;1,5;9,4;1,4
"4210704";"Matos Costa";"SC";"Sul";2761;1494;1267;54,11;45,89;1860;-26,4812971777411;-51,1418014224007;11,3;1,5;9,4;1,4
"4210803";"Meleiro";"SC";"Sul";7006;4323;2683;61,7;38,3;13268;-28,8417571354676;-49,6018643329802;11,3;1,5;9,4;1,4
"4210852";"Mirim Doce";"SC";"Sul";2511;1164;1347;46,36;53,64;1807;-27,1855884126824;-50,1751948726703;11,3;1,5;9,4;1,4
"4210902";"Modelo";"SC";"Sul";4080;2771;1309;67,92;32,08;4175;-26,7748189644654;-53,0510469320404;11,3;1,5;9,4;1,4
"4211009";"Mondaí";"SC";"Sul";10066;6905;3161;68,6;31,4;2139;-27,0992268732231;-53,4463897745454;11,3;1,5;9,4;1,4
"4211058";"Monte Carlo";"SC";"Sul";9117;8444;673;92,62;7,38;3319;-27,1937635366444;-50,927544617086;11,3;1,5;9,4;1,4
"4211108";"Monte Castelo";"SC";"Sul";7736;4512;3224;58,32;41,68;7767;-26,6606079828239;-50,2914496056076;11,3;1,5;9,4;1,4
"4211207";"Morro da Fumaça";"SC";"Sul";18537;16297;2240;87,92;12,08;1298;-28,6376365452871;-49,2429941373808;11,3;1,5;9,4;1,4
"4211256";"Morro Grande";"SC";"Sul";3010;1367;1643;45,42;54,58;4074;-28,7219466905237;-49,7405436102738;11,3;1,5;9,4;1,4
"4211306";"Navegantes";"SC";"Sul";86401;82872;3529;95,92;4,08;1065;-26,828753100656;-48,7274405252598;11,3;1,5;9,4;1,4
"4211405";"Nova Erechim";"SC";"Sul";5155;3919;1236;76,02;23,98;2105;-26,9079971149726;-52,9066808026881;11,3;1,5;9,4;1,4
"4211454";"Nova Itaberaba";"SC";"Sul";4536;1912;2624;42,15;57,85;2127;-26,9611809269084;-52,8330392953321;11,3;1,5;9,4;1,4
"4211504";"Nova Trento";"SC";"Sul";13727;10453;3274;76,15;23,85;1865;-27,31330440162;-49,0413082829548;11,3;1,5;9,4;1,4
"4211603";"Nova Veneza";"SC";"Sul";13664;10906;2758;79,82;20,18;9955;-28,6848159250949;-49,5850464926544;11,3;1,5;9,4;1,4
"4211652";"Novo Horizonte";"SC";"Sul";2643;1306;1337;49,41;50,59;4890;-26,4948406426549;-52,7965606764658;11,3;1,5;9,4;1,4
"4211702";"Orleans";"SC";"Sul";23661;18823;4838;79,55;20,45;3715;-28,2799999167582;-49,3718539469442;11,3;1,5;9,4;1,4
"4211751";"Otacílio Costa";"SC";"Sul";17312;15983;1329;92,32;7,68;14183;-27,5171006641808;-49,9717848661122;11,3;1,5;9,4;1,4
"4211801";"Ouro";"SC";"Sul";7032;4907;2125;69,78;30,22;3222;-27,2833939549304;-51,6819110609034;11,3;1,5;9,4;1,4
"4211850";"Ouro Verde";"SC";"Sul";2181;1058;1123;48,51;51,49;17855;-26,7114332787303;-52,2788756362993;11,3;1,5;9,4;1,4
"4211876";"Paial";"SC";"Sul";1927;512;1415;26,57;73,43;502;-27,2129913076185;-52,4878559517026;11,3;1,5;9,4;1,4
"4211892";"Painel";"SC";"Sul";2215;1041;1174;47;53;1521;-27,963599510388;-50,0720783461765;11,3;1,5;9,4;1,4
"4211900";"Palhoça";"SC";"Sul";222598;219912;2686;98,79;1,21;692;-27,7717511024019;-48,6617402503347;11,3;1,5;9,4;1,4
"4212007";"Palma Sola";"SC";"Sul";7605;5788;1817;76,11;23,89;15514;-26,3734467185035;-53,3144334421888;11,3;1,5;9,4;1,4
"4212056";"Palmeira";"SC";"Sul";2561;1201;1360;46,9;53,1;2725;-27,5625576282336;-50,1616974936518;11,3;1,5;9,4;1,4
"4212106";"Palmitos";"SC";"Sul";15626;10693;4933;68,43;31,57;11012;-27,0925992279093;-53,179685456166;11,3;1,5;9,4;1,4
"4212205";"Papanduva";"SC";"Sul";19150;13016;6134;67,97;32,03;26505;-26,5021073423839;-50,1724250168336;11,3;1,5;9,4;1,4
"4212239";"Paraíso";"SC";"Sul";4267;1831;2436;42,91;57,09;3446;-26,6627991744261;-53,6783218417616;11,3;1,5;9,4;1,4
"4212254";"Passo de Torres";"SC";"Sul";12897;12261;636;95,07;4,93;998;-29,2672038315518;-49,7218990755633;11,3;1,5;9,4;1,4
"4212270";"Passos Maia";"SC";"Sul";4034;1542;2492;38,23;61,77;10752;-26,7060382215156;-51,9610451697357;11,3;1,5;9,4;1,4
"4212304";"Paulo Lopes";"SC";"Sul";9063;7380;1683;81,43;18,57;1419;-27,9647685254829;-48,7600892757489;11,3;1,5;9,4;1,4
"4212403";"Pedras Grandes";"SC";"Sul";4245;1262;2983;29,73;70,27;1282;-28,4794334925037;-49,2044902502714;11,3;1,5;9,4;1,4
"4212502";"Penha";"SC";"Sul";33663;33605;58;99,83;0,17;35;-26,8076971553071;-48,6505845945582;11,3;1,5;9,4;1,4
"4212601";"Peritiba";"SC";"Sul";2992;1716;1276;57,35;42,65;792;-27,351244167025;-51,8749662338553;11,3;1,5;9,4;1,4
"4212650";"Pescaria Brava";"SC";"Sul";10190;8293;1897;81,38;18,62;225;-28,4018090487507;-48,8836685968674;11,3;1,5;9,4;1,4
"4212700";"Petrolândia";"SC";"Sul";6716;2841;3875;42,3;57,7;5355;-27,5455792088363;-49,6827092015103;11,3;1,5;9,4;1,4
"4212809";"Balneário Piçarras";"SC";"Sul";27127;24888;2239;91,75;8,25;1200;-26,7594290646513;-48,7332852153761;11,3;1,5;9,4;1,4
"4212908";"Pinhalzinho";"SC";"Sul";21972;19307;2665;87,87;12,13;7041;-26,8294458186669;-52,9766612141988;11,3;1,5;9,4;1,4
"4213005";"Pinheiro Preto";"SC";"Sul";3473;2213;1260;63,72;36,28;1812;-27,0494287453466;-51,2360765405519;11,3;1,5;9,4;1,4
"4213104";"Piratuba";"SC";"Sul";5769;3792;1977;65,73;34,27;1816;-27,4611860218603;-51,7728493945847;11,3;1,5;9,4;1,4
"4213153";"Planalto Alegre";"SC";"Sul";2946;1711;1235;58,08;41,92;1330;-27,052008805685;-52,8688392413971;11,3;1,5;9,4;1,4
"4213203";"Pomerode";"SC";"Sul";34289;29923;4366;87,27;12,73;250;-26,7281622009316;-49,1732941715396;11,3;1,5;9,4;1,4
"4213302";"Ponte Alta";"SC";"Sul";4437;3396;1041;76,54;23,46;4965;-27,4101618895106;-50,2987889203175;11,3;1,5;9,4;1,4
"4213351";"Ponte Alta do Norte";"SC";"Sul";3210;2849;361;88,75;11,25;664;-27,1803147183334;-50,4186170438741;11,3;1,5;9,4;1,4
"4213401";"Ponte Serrada";"SC";"Sul";10649;9274;1375;87,09;12,91;6569;-26,8617871235796;-51,928183323415;11,3;1,5;9,4;1,4
"4213500";"Porto Belo";"SC";"Sul";27688;26010;1678;93,94;6,06;35;-27,1748539668156;-48,6165126256095;11,3;1,5;9,4;1,4
"4213609";"Porto União";"SC";"Sul";32970;28648;4322;86,89;13,11;10823;-26,3836329252855;-51,007926776264;11,3;1,5;9,4;1,4
"4213708";"Pouso Redondo";"SC";"Sul";17123;11135;5988;65,03;34,97;4834;-27,286064460446;-49,9771880435475;11,3;1,5;9,4;1,4
"4213807";"Praia Grande";"SC";"Sul";8270;6028;2242;72,89;27,11;5171;-29,1818411196206;-49,9891975090101;11,3;1,5;9,4;1,4
"4213906";"Presidente Castello Branco";"SC";"Sul";1689;662;1027;39,19;60,81;714;-27,233327995661;-51,7808456607501;11,3;1,5;9,4;1,4
"4214003";"Presidente Getúlio";"SC";"Sul";20010;15599;4411;77,96;22,04;3612;-27,0625239952952;-49,7144119666709;11,3;1,5;9,4;1,4
"4214102";"Presidente Nereu";"SC";"Sul";2301;1079;1222;46,89;53,11;1694;-27,2682732324205;-49,3548315488971;11,3;1,5;9,4;1,4
"4214151";"Princesa";"SC";"Sul";2964;1247;1717;42,07;57,93;2458;-26,4329835362796;-53,611775675719;11,3;1,5;9,4;1,4
"4214201";"Quilombo";"SC";"Sul";11022;7466;3556;67,74;32,26;14095;-26,7291754668155;-52,7181132930823;11,3;1,5;9,4;1,4
"4214300";"Rancho Queimado";"SC";"Sul";3279;1364;1915;41,6;58,4;406;-27,673981450185;-49,0898574214372;11,3;1,5;9,4;1,4
"4214409";"Rio das Antas";"SC";"Sul";6253;3133;3120;50,1;49,9;6001;-26,9091181333441;-51,0633218296818;11,3;1,5;9,4;1,4
"4214508";"Rio do Campo";"SC";"Sul";6452;3129;3323;48,5;51,5;6854;-26,8923231406728;-50,1313890261132;11,3;1,5;9,4;1,4
"4214607";"Rio do Oeste";"SC";"Sul";7747;4633;3114;59,8;40,2;4421;-27,1588803250592;-49,841584059132;11,3;1,5;9,4;1,4
"4214706";"Rio dos Cedros";"SC";"Sul";10865;6371;4494;58,64;41,36;1762;-26,6178812898032;-49,3684230767603;11,3;1,5;9,4;1,4
"4214805";"Rio do Sul";"SC";"Sul";72587;67639;4948;93,18;6,82;1593;-27,1960324960618;-49,6299593893554;11,3;1,5;9,4;1,4
"4214904";"Rio Fortuna";"SC";"Sul";4847;2241;2606;46,23;53,77;811;-28,0934155259636;-49,1906194670783;11,3;1,5;9,4;1,4
"4215000";"Rio Negrinho";"SC";"Sul";39261;35092;4169;89,38;10,62;12637;-26,4426036858192;-49,5960508104906;11,3;1,5;9,4;1,4
"4215059";"Rio Rufino";"SC";"Sul";2397;1033;1364;43,1;56,9;1272;-27,9142368165532;-49,7533728226979;11,3;1,5;9,4;1,4
"4215075";"Riqueza";"SC";"Sul";4768;2662;2106;55,83;44,17;2551;-26,9783847410117;-53,3443380153856;11,3;1,5;9,4;1,4
"4215109";"Rodeio";"SC";"Sul";12757;10491;2266;82,24;17,76;1134;-26,8951226739686;-49,3509830774842;11,3;1,5;9,4;1,4
"4215208";"Romelândia";"SC";"Sul";4823;2082;2741;43,17;56,83;2472;-26,6483416639207;-53,3170800075701;11,3;1,5;9,4;1,4
"4215307";"Salete";"SC";"Sul";7489;5058;2431;67,54;32,46;1415;-26,9696714503912;-50,0107035213013;11,3;1,5;9,4;1,4
"4215356";"Saltinho";"SC";"Sul";3632;1702;1930;46,86;53,14;2430;-26,5905537260788;-53,0223131619865;11,3;1,5;9,4;1,4
"4215406";"Salto Veloso";"SC";"Sul";4390;3621;769;82,48;17,52;1667;-26,8957969225348;-51,4280128277934;11,3;1,5;9,4;1,4
"4215455";"Sangão";"SC";"Sul";12882;7298;5584;56,65;43,35;1766;-28,6512855302762;-49,1260185949691;11,3;1,5;9,4;1,4
"4215505";"Santa Cecília";"SC";"Sul";15546;13736;1810;88,36;11,64;3570;-26,9259733986914;-50,4462256061557;11,3;1,5;9,4;1,4
"4215554";"Santa Helena";"SC";"Sul";2425;1291;1134;53,24;46,76;1711;-26,9218880143784;-53,6195434855815;11,3;1,5;9,4;1,4
"4215604";"Santa Rosa de Lima";"SC";"Sul";2088;579;1509;27,73;72,27;137;-28,0119321486106;-49,1819555818792;11,3;1,5;9,4;1,4
"4215653";"Santa Rosa do Sul";"SC";"Sul";9792;5258;4534;53,7;46,3;2791;-29,1214569006891;-49,7437146775912;11,3;1,5;9,4;1,4
"4215679";"Santa Terezinha";"SC";"Sul";8066;1917;6149;23,77;76,23;12808;-26,6675752152794;-50,0052871639179;11,3;1,5;9,4;1,4
"4215687";"Santa Terezinha do Progresso";"SC";"Sul";2576;847;1729;32,88;67,12;641;-26,592796814419;-53,1698383511771;11,3;1,5;9,4;1,4
"4215695";"Santiago do Sul";"SC";"Sul";1651;941;710;57;43;2529;-26,6308094285752;-52,6973438724561;11,3;1,5;9,4;1,4
"4215703";"Santo Amaro da Imperatriz";"SC";"Sul";27272;24556;2716;90,04;9,96;233;-27,7417650093158;-48,7965499890076;11,3;1,5;9,4;1,4
"4215752";"São Bernardino";"SC";"Sul";2684;1185;1499;44,15;55,85;2821;-26,4877072217093;-52,9875933511107;11,3;1,5;9,4;1,4
"4215802";"São Bento do Sul";"SC";"Sul";83277;78582;4695;94,36;5,64;3196;-26,2949030292768;-49,3499930318998;11,3;1,5;9,4;1,4
"4215901";"São Bonifácio";"SC";"Sul";2946;657;2289;22,3;77,7;300;-27,9565034285757;-48,9390680154225;11,3;1,5;9,4;1,4
"4216008";"São Carlos";"SC";"Sul";10282;7336;2946;71,35;28,65;1936;-27,0300544909259;-53,0315354919854;11,3;1,5;9,4;1,4
"4216057";"São Cristóvão do Sul";"SC";"Sul";6084;3758;2326;61,77;38,23;1051;-27,2951261736105;-50,3495967870622;11,3;1,5;9,4;1,4
"4216107";"São Domingos";"SC";"Sul";9226;6649;2577;72,07;27,93;30320;-26,5393820763426;-52,5545704765432;11,3;1,5;9,4;1,4
"4216206";"São Francisco do Sul";"SC";"Sul";52674;49089;3585;93,19;6,81;140;-26,2615307632477;-48,640301047269;11,3;1,5;9,4;1,4
"4216255";"São João do Oeste";"SC";"Sul";6295;2775;3520;44,08;55,92;2130;-27,0915788361857;-53,5916986585012;11,3;1,5;9,4;1,4
"4216305";"São João Batista";"SC";"Sul";32687;30184;2503;92,34;7,66;789;-27,32897316031;-48,8590462785738;11,3;1,5;9,4;1,4
"4216354";"São João do Itaperiú";"SC";"Sul";4463;2465;1998;55,23;44,77;3220;-26,5910358478112;-48,7977134919928;11,3;1,5;9,4;1,4
"4216404";"São João do Sul";"SC";"Sul";8668;3351;5317;38,66;61,34;6169;-29,2055882683403;-49,8133513002189;11,3;1,5;9,4;1,4
"4216503";"São Joaquim";"SC";"Sul";25939;18521;7418;71,4;28,6;9768;-28,2983252989313;-50,0139036081715;11,3;1,5;9,4;1,4
"4216602";"São José";"SC";"Sul";270299;269449;850;99,69;0,31;51;-27,5784872755727;-48,6562451191618;11,3;1,5;9,4;1,4
"4216701";"São José do Cedro";"SC";"Sul";14167;9739;4428;68,74;31,26;10444;-26,4808643927156;-53,5336499743743;11,3;1,5;9,4;1,4
"4216800";"São José do Cerrito";"SC";"Sul";8708;2940;5768;33,76;66,24;16534;-27,5982694781008;-50,6504589955672;11,3;1,5;9,4;1,4
"4216909";"São Lourenço do Oeste";"SC";"Sul";24791;20356;4435;82,11;17,89;9710;-26,465390842709;-52,8598101812215;11,3;1,5;9,4;1,4
"4217006";"São Ludgero";"SC";"Sul";13509;11057;2452;81,85;18,15;223;-28,3531196294691;-49,1680641074905;11,3;1,5;9,4;1,4
"4217105";"São Martinho";"SC";"Sul";3405;1290;2115;37,89;62,11;555;-28,1244882071329;-48,971908290644;11,3;1,5;9,4;1,4
"4217154";"São Miguel da Boa Vista";"SC";"Sul";1781;559;1222;31,39;68,61;1230;-26,6897500760513;-53,2400632653988;11,3;1,5;9,4;1,4
"4217204";"São Miguel do Oeste";"SC";"Sul";44330;39628;4702;89,39;10,61;2982;-26,7272008082656;-53,5123184318879;11,3;1,5;9,4;1,4
"4217253";"São Pedro de Alcântara";"SC";"Sul";5776;4225;1551;73,15;26,85;273;-27,5915527678185;-48,8370306423728;11,3;1,5;9,4;1,4
"4217303";"Saudades";"SC";"Sul";10265;6523;3742;63,55;36,45;12018;-26,8972622521602;-53,040020362556;11,3;1,5;9,4;1,4
"4217402";"Schroeder";"SC";"Sul";20061;18235;1826;90,9;9,1;1193;-26,3679149438905;-49,0604622938768;11,3;1,5;9,4;1,4
"4217501";"Seara";"SC";"Sul";18620;14005;4615;75,21;24,79;2937;-27,1478345592151;-52,340736302933;11,3;1,5;9,4;1,4
"4217550";"Serra Alta";"SC";"Sul";3303;2139;1164;64,76;35,24;3547;-26,6925735873978;-53,0252785133799;11,3;1,5;9,4;1,4
"4217600";"Siderópolis";"SC";"Sul";13714;10884;2830;79,36;20,64;940;-28,5833420539849;-49,5266021832628;11,3;1,5;9,4;1,4
"4217709";"Sombrio";"SC";"Sul";29991;25894;4097;86,34;13,66;4989;-29,0702091335967;-49,6559575381126;11,3;1,5;9,4;1,4
"4217758";"Sul Brasil";"SC";"Sul";2832;1206;1626;42,58;57,42;1608;-26,6952495982011;-52,9468756799882;11,3;1,5;9,4;1,4
"4217808";"Taió";"SC";"Sul";18310;12079;6231;65,97;34,03;6565;-27,0784845064362;-50,0923666729593;11,3;1,5;9,4;1,4
"4217907";"Tangará";"SC";"Sul";8143;5080;3063;62,38;37,62;9821;-27,1470405805027;-51,1471399566759;11,3;1,5;9,4;1,4
"4217956";"Tigrinhos";"SC";"Sul";2329;976;1353;41,91;58,09;2546;-26,6761053908378;-53,1565632105813;11,3;1,5;9,4;1,4
"4218004";"Tijucas";"SC";"Sul";51592;47463;4129;92;8;2014;-27,2475703160993;-48,70092334863;11,3;1,5;9,4;1,4
"4218103";"Timbé do Sul";"SC";"Sul";5386;2678;2708;49,72;50,28;3889;-28,8074621317505;-49,8685166511406;11,3;1,5;9,4;1,4
"4218202";"Timbó";"SC";"Sul";46099;42977;3122;93,23;6,77;700;-26,8081955096627;-49,268835416625;11,3;1,5;9,4;1,4
"4218251";"Timbó Grande";"SC";"Sul";7342;4432;2910;60,37;39,63;1410;-26,624366170009;-50,6656389855314;11,3;1,5;9,4;1,4
"4218301";"Três Barras";"SC";"Sul";19746;16961;2785;85,9;14,1;9501;-26,1698843029227;-50,255228670683;11,3;1,5;9,4;1,4
"4218350";"Treviso";"SC";"Sul";3782;2047;1735;54,12;45,88;103;-28,4991606692136;-49,4898376200006;11,3;1,5;9,4;1,4
"4218400";"Treze de Maio";"SC";"Sul";7362;3981;3381;54,07;45,93;3322;-28,5661868551067;-49,1541951085771;11,3;1,5;9,4;1,4
"4218509";"Treze Tílias";"SC";"Sul";8787;6976;1811;79,39;20,61;2640;-26,9648323405899;-51,4493342330817;11,3;1,5;9,4;1,4
"4218608";"Trombudo Central";"SC";"Sul";7274;5049;2225;69,41;30,59;1812;-27,312165338145;-49,8114483239651;11,3;1,5;9,4;1,4
"4218707";"Tubarão";"SC";"Sul";110088;103793;6295;94,28;5,72;6258;-28,4816790269982;-49,0371764047977;11,3;1,5;9,4;1,4
"4218756";"Tunápolis";"SC";"Sul";4916;1726;3190;35,11;64,89;2215;-26,9881333690316;-53,6498735305969;11,3;1,5;9,4;1,4
"4218806";"Turvo";"SC";"Sul";13043;9333;3710;71,56;28,44;13960;-28,9030965410537;-49,7034941455949;11,3;1,5;9,4;1,4
"4218855";"União do Oeste";"SC";"Sul";2774;1469;1305;52,96;47,04;3958;-26,7866538255853;-52,8560519552074;11,3;1,5;9,4;1,4
"4218905";"Urubici";"SC";"Sul";10834;7914;2920;73,05;26,95;1956;-28,0388753452998;-49,5774059615644;11,3;1,5;9,4;1,4
"4218954";"Urupema";"SC";"Sul";2656;1291;1365;48,61;51,39;790;-28,0236202628916;-49,9008838403627;11,3;1,5;9,4;1,4
"4219002";"Urussanga";"SC";"Sul";20919;15060;5859;71,99;28,01;1685;-28,4926867862336;-49,3282757885093;11,3;1,5;9,4;1,4
"4219101";"Vargeão";"SC";"Sul";3634;2247;1387;61,83;38,17;7133;-26,7786363863819;-52,1242014957751;11,3;1,5;9,4;1,4
"4219150";"Vargem";"SC";"Sul";2627;1042;1585;39,67;60,33;5548;-27,4668469207177;-50,9504657309999;11,3;1,5;9,4;1,4
"4219176";"Vargem Bonita";"SC";"Sul";4576;2656;1920;58,04;41,96;1811;-26,9449976116867;-51,7566818773334;11,3;1,5;9,4;1,4
"4219200";"Vidal Ramos";"SC";"Sul";6189;2628;3561;42,46;57,54;5941;-27,3879226008867;-49,3477419994046;11,3;1,5;9,4;1,4
"4219309";"Videira";"SC";"Sul";55466;51209;4257;92,33;7,67;8478;-27,0065565508;-51,1268431577998;11,3;1,5;9,4;1,4
"4219358";"Vitor Meireles";"SC";"Sul";5370;1714;3656;31,92;68,08;3785;-26,8264970843615;-49,8451777093367;11,3;1,5;9,4;1,4
"4219408";"Witmarsum";"SC";"Sul";4255;1713;2542;40,26;59,74;1815;-26,9374162713996;-49,841780699932;11,3;1,5;9,4;1,4
"4219507";"Xanxerê";"SC";"Sul";51607;48543;3064;94,06;5,94;21568;-26,87228286683;-52,4097775555175;11,3;1,5;9,4;1,4
"4219606";"Xavantina";"SC";"Sul";3653;1212;2441;33,18;66,82;1094;-27,0212171445445;-52,3216863253644;11,3;1,5;9,4;1,4
"4219705";"Xaxim";"SC";"Sul";31918;27883;4035;87,36;12,64;8134;-26,9702971844709;-52,5290832650138;11,3;1,5;9,4;1,4
"4219853";"Zortéa";"SC";"Sul";3930;3500;430;89,06;10,94;10330;-27,4769152900856;-51,5356108718548;11,3;1,5;9,4;1,4
"4220000";"Balneário Rincão";"SC";"Sul";15981;15748;233;98,54;1,46;241;-28,8267289584012;-49,254304254962;11,3;1,5;9,4;1,4
"4300034";"Aceguá";"RS";"Sul";4170;1531;2639;36,71;63,29;40973;-31,6905537478937;-54,1392382573606;18,8;2,2;14,8;1,8
"4300059";"Água Santa";"RS";"Sul";3912;1703;2209;43,53;56,47;20885;-28,2138594677114;-52,0517574739029;18,8;2,2;14,8;1,8
"4300109";"Agudo";"RS";"Sul";16041;8192;7849;51,07;48,93;18962;-29,6080254581677;-53,22657690008;18,8;2,2;14,8;1,8
"4300208";"Ajuricaba";"RS";"Sul";6720;4312;2408;64,17;35,83;35211;-28,2099276706943;-53,7372535615577;18,8;2,2;14,8;1,8
"4300307";"Alecrim";"RS";"Sul";6123;2522;3601;41,19;58,81;5027;-27,651752911463;-54,7831935062896;18,8;2,2;14,8;1,8
"4300406";"Alegrete";"RS";"Sul";72409;65603;6806;90,6;9,4;199697;-29,763982491666;-55,8362374994317;18,8;2,2;14,8;1,8
"4300455";"Alegria";"RS";"Sul";3651;1701;1950;46,59;53,41;12970;-27,8136069712161;-54,0562545559992;18,8;2,2;14,8;1,8
"4300471";"Almirante Tamandaré do Sul";"RS";"Sul";1969;1017;952;51,65;48,35;23844;-28,1298663520303;-52,9077079908775;18,8;2,2;14,8;1,8
"4300505";"Alpestre";"RS";"Sul";7117;2575;4542;36,18;63,82;8340;-27,2173426591491;-53,0634741397456;18,8;2,2;14,8;1,8
"4300554";"Alto Alegre";"RS";"Sul";1800;877;923;48,72;51,28;9171;-28,8042430213564;-52,9889663309927;18,8;2,2;14,8;1,8
"4300570";"Alto Feliz";"RS";"Sul";3072;1110;1962;36,13;63,87;577;-29,3630790271133;-51,3045700540497;18,8;2,2;14,8;1,8
"4300604";"Alvorada";"RS";"Sul";187315;187315;NA;100;NA;162;-29,9949974771754;-51,0373903918222;18,8;2,2;14,8;1,8
"4300638";"Amaral Ferrador";"RS";"Sul";5310;1713;3597;32,26;67,74;9866;-30,8102556459318;-52,3172926192108;18,8;2,2;14,8;1,8
"4300646";"Ametista do Sul";"RS";"Sul";7650;4813;2837;62,92;37,08;2145;-27,3655712544617;-53,1927101800857;18,8;2,2;14,8;1,8
"4300661";"André da Rocha";"RS";"Sul";1135;571;564;50,31;49,69;16797;-28,5942901740983;-51,504183122028;18,8;2,2;14,8;1,8
"4300703";"Anta Gorda";"RS";"Sul";5957;2916;3041;48,95;51,05;9165;-28,9701979268435;-51,9946625365736;18,8;2,2;14,8;1,8
"4300802";"Antônio Prado";"RS";"Sul";13045;9580;3465;73,44;26,56;5000;-28,8823187297743;-51,3162836758005;18,8;2,2;14,8;1,8
"4300851";"Arambaré";"RS";"Sul";4112;3271;841;79,55;20,45;25334;-30,9185750269048;-51,5785825435403;18,8;2,2;14,8;1,8
"4300877";"Araricá";"RS";"Sul";8525;6852;1673;80,38;19,62;79;-29,6351597508728;-50,9345732622981;18,8;2,2;14,8;1,8
"4300901";"Aratiba";"RS";"Sul";6483;3865;2618;59,62;40,38;4574;-27,3874422838997;-52,3023785667728;18,8;2,2;14,8;1,8
"4301008";"Arroio do Meio";"RS";"Sul";21958;18105;3853;82,45;17,55;2500;-29,3621249314045;-51,9649576324127;18,8;2,2;14,8;1,8
"4301057";"Arroio do Sal";"RS";"Sul";11057;10629;428;96,13;3,87;316;-29,5205372165226;-49,8928864824081;18,8;2,2;14,8;1,8
"4301073";"Arroio do Padre";"RS";"Sul";2599;691;1908;26,59;73,41;2408;-31,4403522124376;-52,3974866850155;18,8;2,2;14,8;1,8
"4301107";"Arroio dos Ratos";"RS";"Sul";14601;13378;1223;91,62;8,38;6917;-30,1928402732742;-51,7518987881863;18,8;2,2;14,8;1,8
"4301206";"Arroio do Tigre";"RS";"Sul";12058;6203;5855;51,44;48,56;23737;-29,2587744193502;-53,0521975608849;18,8;2,2;14,8;1,8
"4301305";"Arroio Grande";"RS";"Sul";17558;15446;2112;87,97;12,03;93540;-32,188379176425;-52,9196656351511;18,8;2,2;14,8;1,8
"4301404";"Arvorezinha";"RS";"Sul";10322;6897;3425;66,82;33,18;10667;-28,863960671403;-52,1870987101948;18,8;2,2;14,8;1,8
"4301503";"Augusto Pestana";"RS";"Sul";7149;4084;3065;57,13;42,87;28954;-28,5338939537892;-54,0070964327582;18,8;2,2;14,8;1,8
"4301552";"Áurea";"RS";"Sul";3396;1771;1625;52,15;47,85;11560;-27,7085051573116;-52,0764830975398;18,8;2,2;14,8;1,8
"4301602";"Bagé";"RS";"Sul";117938;114883;3055;97,41;2,59;51747;-31,2365531395106;-54,0157279608879;18,8;2,2;14,8;1,8
"4301636";"Balneário Pinhal";"RS";"Sul";14955;14825;130;99,13;0,87;1021;-30,2108588769569;-50,2939800090974;18,8;2,2;14,8;1,8
"4301651";"Barão";"RS";"Sul";6461;4168;2293;64,51;35,49;1047;-29,3851312294457;-51,4890150793155;18,8;2,2;14,8;1,8
"4301701";"Barão de Cotegipe";"RS";"Sul";7144;5263;1881;73,67;26,33;13016;-27,5676813456088;-52,4171030767932;18,8;2,2;14,8;1,8
"4301750";"Barão do Triunfo";"RS";"Sul";5889;831;5058;14,11;85,89;6197;-30,4173411666987;-51,7984134576531;18,8;2,2;14,8;1,8
"4301800";"Barracão";"RS";"Sul";4831;3094;1737;64,04;35,96;30980;-27,7230260681601;-51,4387123323626;18,8;2,2;14,8;1,8
"4301859";"Barra do Guarita";"RS";"Sul";3161;2010;1151;63,59;36,41;2924;-27,2053225267218;-53,7636709171853;18,8;2,2;14,8;1,8
"4301875";"Barra do Quaraí";"RS";"Sul";4241;3187;1054;75,15;24,85;24919;-30,1513475136028;-57,3352016430938;18,8;2,2;14,8;1,8
"4301909";"Barra do Ribeiro";"RS";"Sul";12225;9378;2847;76,71;23,29;23210;-30,3738552395236;-51,3576757556399;18,8;2,2;14,8;1,8
"4301925";"Barra do Rio Azul";"RS";"Sul";1696;464;1232;27,36;72,64;3900;-27,4029842373376;-52,4067469771074;18,8;2,2;14,8;1,8
"4301958";"Barra Funda";"RS";"Sul";2498;1801;697;72,1;27,9;5497;-27,9217215413205;-53,0166649154543;18,8;2,2;14,8;1,8
"4302006";"Barros Cassal";"RS";"Sul";9296;4117;5179;44,29;55,71;21974;-29,1133233313691;-52,5886293002714;18,8;2,2;14,8;1,8
"4302055";"Benjamin Constant do Sul";"RS";"Sul";2082;471;1611;22,62;77,38;3670;-27,4848048586708;-52,6425807081896;18,8;2,2;14,8;1,8
"4302105";"Bento Gonçalves";"RS";"Sul";123151;117146;6005;95,12;4,88;5311;-29,1252944505589;-51,5516287033106;18,8;2,2;14,8;1,8
"4302154";"Boa Vista das Missões";"RS";"Sul";1933;1209;724;62,55;37,45;29533;-27,7015320262267;-53,3415444022803;18,8;2,2;14,8;1,8
"4302204";"Boa Vista do Buricá";"RS";"Sul";6966;4929;2037;70,76;29,24;4781;-27,6747914204438;-54,099786868249;18,8;2,2;14,8;1,8
"4302220";"Boa Vista do Cadeado";"RS";"Sul";2229;633;1596;28,4;71,6;59556;-28,6559883021494;-53,8375576241437;18,8;2,2;14,8;1,8
"4302238";"Boa Vista do Incra";"RS";"Sul";2271;941;1330;41,44;58,56;43181;-28,8652208837636;-53,4615027724561;18,8;2,2;14,8;1,8
"4302253";"Boa Vista do Sul";"RS";"Sul";2779;463;2316;16,66;83,34;779;-29,3510644433316;-51,671881159177;18,8;2,2;14,8;1,8
"4302303";"Bom Jesus";"RS";"Sul";11202;8833;2369;78,85;21,15;40085;-28,5981626695438;-50,4233857898189;18,8;2,2;14,8;1,8
"4302352";"Bom Princípio";"RS";"Sul";13142;11014;2128;83,81;16,19;1223;-29,4704069706504;-51,3634892100494;18,8;2,2;14,8;1,8
"4302378";"Bom Progresso";"RS";"Sul";2096;1254;842;59,83;40,17;6914;-27,5453028765597;-53,8489268178532;18,8;2,2;14,8;1,8
"4302402";"Bom Retiro do Sul";"RS";"Sul";12294;9879;2415;80,36;19,64;1040;-29,6377136709278;-51,9224610341566;18,8;2,2;14,8;1,8
"4302451";"Boqueirão do Leão";"RS";"Sul";6247;1671;4576;26,75;73,25;8042;-29,3057400462396;-52,4139460662521;18,8;2,2;14,8;1,8
"4302501";"Bossoroca";"RS";"Sul";5890;3432;2458;58,27;41,73;69398;-28,6617720693633;-54,9715028852885;18,8;2,2;14,8;1,8
"4302584";"Bozano";"RS";"Sul";2151;797;1354;37,05;62,95;21845;-28,3542736181807;-53,7517973091829;18,8;2,2;14,8;1,8
"4302600";"Braga";"RS";"Sul";3268;2301;967;70,41;29,59;14062;-27,5811598875326;-53,7422638549937;18,8;2,2;14,8;1,8
"4302659";"Brochier";"RS";"Sul";4966;2467;2499;49,68;50,32;1028;-29,5370396649041;-51,6222210012578;18,8;2,2;14,8;1,8
"4302709";"Butiá";"RS";"Sul";19084;18398;686;96,41;3,59;15681;-30,1833580255638;-52,0046121540567;18,8;2,2;14,8;1,8
"4302808";"Caçapava do Sul";"RS";"Sul";32515;25209;7306;77,53;22,47;56407;-30,5931868804315;-53,477698384449;18,8;2,2;14,8;1,8
"4302907";"Cacequi";"RS";"Sul";11157;8962;2195;80,33;19,67;63870;-29,9206083584958;-54,8025182866449;18,8;2,2;14,8;1,8
"4303004";"Cachoeira do Sul";"RS";"Sul";80070;69191;10879;86,41;13,59;152218;-30,2059292745011;-52,9863130233918;18,8;2,2;14,8;1,8
"4303103";"Cachoeirinha";"RS";"Sul";136258;136258;NA;100;NA;NA;-29,9209238670836;-51,0954257829856;18,8;2,2;14,8;1,8
"4303202";"Cacique Doble";"RS";"Sul";4603;1712;2891;37,19;62,81;15071;-27,8141744743104;-51,6768704062166;18,8;2,2;14,8;1,8
"4303301";"Caibaté";"RS";"Sul";4704;3098;1606;65,86;34,14;28051;-28,3353086401543;-54,6551644311493;18,8;2,2;14,8;1,8
"4303400";"Caiçara";"RS";"Sul";4836;2127;2709;43,98;56,02;8999;-27,2465837895166;-53,4665139982421;18,8;2,2;14,8;1,8
"4303509";"Camaquã";"RS";"Sul";62200;50570;11630;81,3;18,7;76756;-30,9224391829513;-51,7887150037803;18,8;2,2;14,8;1,8
"4303558";"Camargo";"RS";"Sul";2981;1838;1143;61,66;38,34;8658;-28,6163695477122;-52,2211925270484;18,8;2,2;14,8;1,8
"4303608";"Cambará do Sul";"RS";"Sul";6361;4637;1724;72,9;27,1;1750;-29,0580731705532;-50,1351406726265;18,8;2,2;14,8;1,8
"4303673";"Campestre da Serra";"RS";"Sul";3242;1359;1883;41,92;58,08;11386;-28,7261295405872;-51,0987971393686;18,8;2,2;14,8;1,8
"4303707";"Campina das Missões";"RS";"Sul";5882;2650;3232;45,05;54,95;9609;-27,9629499522757;-54,834122204184;18,8;2,2;14,8;1,8
"4303806";"Campinas do Sul";"RS";"Sul";5284;4313;971;81,62;18,38;22660;-27,7362470543216;-52,6575382572435;18,8;2,2;14,8;1,8
"4303905";"Campo Bom";"RS";"Sul";62886;60504;2382;96,21;3,79;133;-29,672621101009;-51,0485879970514;18,8;2,2;14,8;1,8
"4304002";"Campo Novo";"RS";"Sul";4975;4004;971;80,48;19,52;21500;-27,6683063381536;-53,824602907736;18,8;2,2;14,8;1,8
"4304101";"Campos Borges";"RS";"Sul";3613;2212;1401;61,22;38,78;13039;-28,9056585544536;-53,0576582797938;18,8;2,2;14,8;1,8
"4304200";"Candelária";"RS";"Sul";28906;16341;12565;56,53;43,47;38494;-29,7003279426618;-52,8132497636362;18,8;2,2;14,8;1,8
"4304309";"Cândido Godói";"RS";"Sul";6294;2244;4050;35,65;64,35;15710;-27,9337633780761;-54,7194723601063;18,8;2,2;14,8;1,8
"4304358";"Candiota";"RS";"Sul";10710;8346;2364;77,93;22,07;24738;-31,5541667886788;-53,7455142607397;18,8;2,2;14,8;1,8
"4304408";"Canela";"RS";"Sul";48946;47451;1495;96,95;3,05;399;-29,3513477980457;-50,7752684365401;18,8;2,2;14,8;1,8
"4304507";"Canguçu";"RS";"Sul";49680;20832;28848;41,93;58,07;84558;-31,2171646553147;-52,669147577327;18,8;2,2;14,8;1,8
"4304606";"Canoas";"RS";"Sul";347657;347657;NA;100;NA;723;-29,9122437627475;-51,1795860166728;18,8;2,2;14,8;1,8
"4304614";"Canudos do Vale";"RS";"Sul";1656;434;1222;26,21;73,79;641;-29,3270311594227;-52,2341746353024;18,8;2,2;14,8;1,8
"4304622";"Capão Bonito do Sul";"RS";"Sul";1733;411;1322;23,72;76,28;33327;-28,1523656797894;-51,3892476259937;18,8;2,2;14,8;1,8
"4304630";"Capão da Canoa";"RS";"Sul";63594;62865;729;98,85;1,15;15;-29,6799181831292;-49,9997419831527;18,8;2,2;14,8;1,8
"4304655";"Capão do Cipó";"RS";"Sul";3119;978;2141;31,36;68,64;82386;-28,9592017544162;-54,5824387346725;18,8;2,2;14,8;1,8
"4304663";"Capão do Leão";"RS";"Sul";26487;24929;1558;94,12;5,88;17237;-31,8332767406405;-52,5383266683883;18,8;2,2;14,8;1,8
"4304671";"Capivari do Sul";"RS";"Sul";3991;3483;508;87,27;12,73;16703;-30,134853434259;-50,5117934046478;18,8;2,2;14,8;1,8
"4304689";"Capela de Santana";"RS";"Sul";11159;7780;3379;69,72;30,28;2852;-29,7058647692596;-51,3574572261596;18,8;2,2;14,8;1,8
"4304697";"Capitão";"RS";"Sul";2921;1312;1609;44,92;55,08;167;-29,2832465543855;-51,9843887326392;18,8;2,2;14,8;1,8
"4304705";"Carazinho";"RS";"Sul";61804;60407;1397;97,74;2,26;50682;-28,2779622962322;-52,8636081811495;18,8;2,2;14,8;1,8
"4304713";"Caraá";"RS";"Sul";7394;2057;5337;27,82;72,18;2279;-29,7721794885011;-50,3417493797617;18,8;2,2;14,8;1,8
"4304804";"Carlos Barbosa";"RS";"Sul";30420;24456;5964;80,39;19,61;1319;-29,3213886400639;-51,503213839257;18,8;2,2;14,8;1,8
"4304853";"Carlos Gomes";"RS";"Sul";1368;432;936;31,58;68,42;5907;-27,7042535879461;-51,9297535625915;18,8;2,2;14,8;1,8
"4304903";"Casca";"RS";"Sul";9465;6526;2939;68,95;31,05;15075;-28,5944034105956;-51,9673252551347;18,8;2,2;14,8;1,8
"4304952";"Caseiros";"RS";"Sul";3000;1584;1416;52,8;47,2;10397;-28,2483894118513;-51,7369964487149;18,8;2,2;14,8;1,8
"4305009";"Catuípe";"RS";"Sul";8674;6113;2561;70,47;29,53;56725;-28,168442489096;-54,0343681058278;18,8;2,2;14,8;1,8
"4305108";"Caxias do Sul";"RS";"Sul";463501;447132;16369;96,47;3,53;15648;-29,1020652848946;-51,0235205378219;18,8;2,2;14,8;1,8
"4305116";"Centenário";"RS";"Sul";2721;1190;1531;43,73;56,27;11226;-27,7753974661016;-52,0030710576876;18,8;2,2;14,8;1,8
"4305124";"Cerrito";"RS";"Sul";5808;3601;2207;62;38;11993;-31,7296607324768;-52,7960228693806;18,8;2,2;14,8;1,8
"4305132";"Cerro Branco";"RS";"Sul";3802;1184;2618;31,14;68,86;4511;-29,6270328543408;-52,9955713189111;18,8;2,2;14,8;1,8
"4305157";"Cerro Grande";"RS";"Sul";2379;1159;1220;48,72;51,28;6896;-27,6285714034723;-53,1630255024343;18,8;2,2;14,8;1,8
"4305173";"Cerro Grande do Sul";"RS";"Sul";9178;2810;6368;30,62;69,38;6804;-30,5839142917502;-51,7602636989702;18,8;2,2;14,8;1,8
"4305207";"Cerro Largo";"RS";"Sul";13705;11207;2498;81,77;18,23;8819;-28,1307806494881;-54,7394716271032;18,8;2,2;14,8;1,8
"4305306";"Chapada";"RS";"Sul";9540;6411;3129;67,2;32,8;67325;-28,0968604502553;-53,1151036740496;18,8;2,2;14,8;1,8
"4305355";"Charqueadas";"RS";"Sul";35012;34024;988;97,18;2,82;7117;-29,9902119136719;-51,5561530413472;18,8;2,2;14,8;1,8
"4305371";"Charrua";"RS";"Sul";2768;640;2128;23,12;76,88;13959;-27,9449965044216;-52,0004125942147;18,8;2,2;14,8;1,8
"4305405";"Chiapetta";"RS";"Sul";3913;2828;1085;72,27;27,73;47734;-27,9864713865477;-53,9099312197856;18,8;2,2;14,8;1,8
"4305439";"Chuí";"RS";"Sul";6262;6084;178;97,16;2,84;8368;-33,6525540892762;-53,4126857897597;18,8;2,2;14,8;1,8
"4305447";"Chuvisca";"RS";"Sul";4597;337;4260;7,33;92,67;7446;-30,7819582693242;-52,0047112526296;18,8;2,2;14,8;1,8
"4305454";"Cidreira";"RS";"Sul";17071;16717;354;97,93;2,07;1661;-30,1210147692738;-50,272141679891;18,8;2,2;14,8;1,8
"4305504";"Ciríaco";"RS";"Sul";4149;2551;1598;61,48;38,52;21557;-28,3462021252351;-51,9176287676624;18,8;2,2;14,8;1,8
"4305587";"Colinas";"RS";"Sul";2423;1093;1330;45,11;54,89;646;-29,3917410801923;-51,8655229079562;18,8;2,2;14,8;1,8
"4305603";"Colorado";"RS";"Sul";3258;1953;1305;59,94;40,06;29820;-28,4724539415426;-52,9912941280401;18,8;2,2;14,8;1,8
"4305702";"Condor";"RS";"Sul";6406;4604;1802;71,87;28,13;46064;-28,1655477141862;-53,493956116795;18,8;2,2;14,8;1,8
"4305801";"Constantina";"RS";"Sul";10385;8072;2313;77,73;22,27;19214;-27,6892642628707;-52,9903278705852;18,8;2,2;14,8;1,8
"4305835";"Coqueiro Baixo";"RS";"Sul";1290;258;1032;20;80;390;-29,1681466616731;-52,1262394917592;18,8;2,2;14,8;1,8
"4305850";"Coqueiros do Sul";"RS";"Sul";2211;971;1240;43,92;56,08;20203;-28,1308062144172;-52,7591969464945;18,8;2,2;14,8;1,8
"4305871";"Coronel Barros";"RS";"Sul";2822;1576;1246;55,85;44,15;19674;-28,4038614052615;-54,0602491128395;18,8;2,2;14,8;1,8
"4305900";"Coronel Bicaco";"RS";"Sul";6144;4518;1626;73,54;26,46;51452;-27,7977130903823;-53,6463328512694;18,8;2,2;14,8;1,8
"4305934";"Coronel Pilar";"RS";"Sul";1607;197;1410;12,26;87,74;1519;-29,2626466020953;-51,7204206234105;18,8;2,2;14,8;1,8
"4305959";"Cotiporã";"RS";"Sul";3846;2113;1733;54,94;45,06;3528;-28,9952883471446;-51,6892725205749;18,8;2,2;14,8;1,8
"4305975";"Coxilha";"RS";"Sul";2667;1772;895;66,44;33,56;46757;-28,1217076947409;-52,3326626508172;18,8;2,2;14,8;1,8
"4306007";"Crissiumal";"RS";"Sul";12886;6804;6082;52,8;47,2;24831;-27,4874811103469;-54,1367011700743;18,8;2,2;14,8;1,8
"4306056";"Cristal";"RS";"Sul";7299;5093;2206;69,78;30,22;22527;-31,0090911564271;-52,0301609133908;18,8;2,2;14,8;1,8
"4306072";"Cristal do Sul";"RS";"Sul";2692;1269;1423;47,14;52,86;8309;-27,4324379466478;-53,2486231758542;18,8;2,2;14,8;1,8
"4306106";"Cruz Alta";"RS";"Sul";58913;57216;1697;97,12;2,88;138417;-28,7029083794127;-53,5625639663395;18,8;2,2;14,8;1,8
"4306130";"Cruzaltense";"RS";"Sul";1635;483;1152;29,54;70,46;12641;-27,6273008082775;-52,6441742695823;18,8;2,2;14,8;1,8
"4306205";"Cruzeiro do Sul";"RS";"Sul";11600;7408;4192;63,86;36,14;7118;-29,5406044829067;-52,0336196460076;18,8;2,2;14,8;1,8
"4306304";"David Canabarro";"RS";"Sul";4321;2416;1905;55,91;44,09;10478;-28,4163702369909;-51,8121944632631;18,8;2,2;14,8;1,8
"4306320";"Derrubadas";"RS";"Sul";2751;1186;1565;43,11;56,89;20044;-27,2402557169177;-53,8935027089004;18,8;2,2;14,8;1,8
"4306353";"Dezesseis de Novembro";"RS";"Sul";2507;685;1822;27,32;72,68;2862;-28,2046633623893;-55,0796754546253;18,8;2,2;14,8;1,8
"4306379";"Dilermando de Aguiar";"RS";"Sul";2806;1068;1738;38,06;61,94;35113;-29,8133811995316;-54,1632606311733;18,8;2,2;14,8;1,8
"4306403";"Dois Irmãos";"RS";"Sul";30709;30265;444;98,55;1,45;392;-29,5994941167893;-51,0900851740015;18,8;2,2;14,8;1,8
"4306429";"Dois Irmãos das Missões";"RS";"Sul";2090;1130;960;54,07;45,93;24035;-27,6762039737059;-53,4959979293992;18,8;2,2;14,8;1,8
"4306452";"Dois Lajeados";"RS";"Sul";3097;1657;1440;53,5;46,5;3158;-28,9766563099575;-51,8433102946247;18,8;2,2;14,8;1,8
"4306502";"Dom Feliciano";"RS";"Sul";13051;3567;9484;27,33;72,67;19741;-30,6043289094563;-52,2015771619427;18,8;2,2;14,8;1,8
"4306551";"Dom Pedro de Alcântara";"RS";"Sul";2562;1093;1469;42,66;57,34;965;-29,3675682501178;-49,8554203892389;18,8;2,2;14,8;1,8
"4306601";"Dom Pedrito";"RS";"Sul";36981;33652;3329;91;9;159063;-31,0570719915314;-54,6651035858187;18,8;2,2;14,8;1,8
"4306700";"Dona Francisca";"RS";"Sul";3079;2047;1032;66,48;33,52;3754;-29,5604723284454;-53,3464273647345;18,8;2,2;14,8;1,8
"4306734";"Doutor Maurício Cardoso";"RS";"Sul";4470;2668;1802;59,69;40,31;28199;-27,486889337315;-54,3676794215847;18,8;2,2;14,8;1,8
"4306759";"Doutor Ricardo";"RS";"Sul";1888;990;898;52,44;47,56;1615;-29,091957939152;-51,976668365012;18,8;2,2;14,8;1,8
"4306767";"Eldorado do Sul";"RS";"Sul";39559;37163;2396;93,94;6,06;15436;-30,0781475264799;-51,499021144285;18,8;2,2;14,8;1,8
"4306809";"Encantado";"RS";"Sul";22962;20522;2440;89,37;10,63;1301;-29,2130146058913;-51,921848469837;18,8;2,2;14,8;1,8
"4306908";"Encruzilhada do Sul";"RS";"Sul";23819;17623;6196;73,99;26,01;65758;-30,6298311118177;-52,6720552619446;18,8;2,2;14,8;1,8
"4306924";"Engenho Velho";"RS";"Sul";1296;582;714;44,91;55,09;5277;-27,6847986461647;-52,9087093167026;18,8;2,2;14,8;1,8
"4306932";"Entre-Ijuís";"RS";"Sul";9158;5596;3562;61,11;38,89;61665;-28,4594720559304;-54,3017482652233;18,8;2,2;14,8;1,8
"4306957";"Entre Rios do Sul";"RS";"Sul";2685;1981;704;73,78;26,22;8582;-27,5190394037674;-52,7268447106988;18,8;2,2;14,8;1,8
"4306973";"Erebango";"RS";"Sul";3054;1989;1065;65,13;34,87;15559;-27,8291530118538;-52,3184926675333;18,8;2,2;14,8;1,8
"4307005";"Erechim";"RS";"Sul";105705;101874;3831;96,38;3,62;14675;-27,6432025402264;-52,2573723034967;18,8;2,2;14,8;1,8
"4307054";"Ernestina";"RS";"Sul";3034;1784;1250;58,8;41,2;22015;-28,4206741426257;-52,5543505859635;18,8;2,2;14,8;1,8
"4307104";"Herval";"RS";"Sul";6191;4332;1859;69,97;30,03;23215;-32,0209005910293;-53,401337679335;18,8;2,2;14,8;1,8
"4307203";"Erval Grande";"RS";"Sul";4930;3195;1735;64,81;35,19;5393;-27,3513512846573;-52,5808942856523;18,8;2,2;14,8;1,8
"4307302";"Erval Seco";"RS";"Sul";6787;3495;3292;51,5;48,5;29029;-27,5140483518194;-53,5188044315194;18,8;2,2;14,8;1,8
"4307401";"Esmeralda";"RS";"Sul";3195;2086;1109;65,29;34,71;47570;-28,037586424805;-51,1701348472513;18,8;2,2;14,8;1,8
"4307450";"Esperança do Sul";"RS";"Sul";3226;946;2280;29,32;70,68;8680;-27,3282380995061;-54,0091867970132;18,8;2,2;14,8;1,8
"4307500";"Espumoso";"RS";"Sul";15173;11757;3416;77,49;22,51;76161;-28,864133899844;-52,8271934715729;18,8;2,2;14,8;1,8
"4307559";"Estação";"RS";"Sul";5582;4854;728;86,96;13,04;8621;-27,9285216902973;-52,2902614899134;18,8;2,2;14,8;1,8
"4307609";"Estância Velha";"RS";"Sul";47924;46535;1389;97,1;2,9;142;-29,6476478074892;-51,1881830279312;18,8;2,2;14,8;1,8
"4307708";"Esteio";"RS";"Sul";76137;76096;41;99,95;0,05;430;-29,8517503833417;-51,1767010105491;18,8;2,2;14,8;1,8
"4307807";"Estrela";"RS";"Sul";32183;27575;4608;85,68;14,32;4390;-29,508812323641;-51,9198338358882;18,8;2,2;14,8;1,8
"4307815";"Estrela Velha";"RS";"Sul";3070;1334;1736;43,45;56,55;19097;-29,224038230975;-53,1782736832161;18,8;2,2;14,8;1,8
"4307831";"Eugênio de Castro";"RS";"Sul";2633;1679;954;63,77;36,23;48854;-28,5656367592877;-54,2449803966495;18,8;2,2;14,8;1,8
"4307864";"Fagundes Varela";"RS";"Sul";2566;1419;1147;55,3;44,7;3649;-28,8865918777374;-51,7174527972195;18,8;2,2;14,8;1,8
"4307906";"Farroupilha";"RS";"Sul";70286;60749;9537;86,43;13,57;6710;-29,2098692115868;-51,3659907885047;18,8;2,2;14,8;1,8
"4308003";"Faxinal do Soturno";"RS";"Sul";6702;4942;1760;73,74;26,26;4631;-29,5579476899868;-53,4629094994813;18,8;2,2;14,8;1,8
"4308052";"Faxinalzinho";"RS";"Sul";2520;1462;1058;58,02;41,98;8182;-27,3753150710023;-52,6761063219849;18,8;2,2;14,8;1,8
"4308078";"Fazenda Vilanova";"RS";"Sul";4291;2459;1832;57,31;42,69;1325;-29,5890346262441;-51,8385448835676;18,8;2,2;14,8;1,8
"4308102";"Feliz";"RS";"Sul";13764;10924;2840;79,37;20,63;433;-29,4551890466217;-51,2849699585742;18,8;2,2;14,8;1,8
"4308201";"Flores da Cunha";"RS";"Sul";30892;24421;6471;79,05;20,95;6223;-29,0315411039018;-51,2212078273292;18,8;2,2;14,8;1,8
"4308250";"Floriano Peixoto";"RS";"Sul";1668;440;1228;26,38;73,62;9225;-27,8578086446871;-52,0454656496175;18,8;2,2;14,8;1,8
"4308300";"Fontoura Xavier";"RS";"Sul";9550;4935;4615;51,68;48,32;9716;-29,008502823586;-52,3779014406123;18,8;2,2;14,8;1,8
"4308409";"Formigueiro";"RS";"Sul";6413;2738;3675;42,69;57,31;22390;-29,975534743135;-53,5062089080936;18,8;2,2;14,8;1,8
"4308433";"Forquetinha";"RS";"Sul";2393;734;1659;30,67;69,33;1158;-29,3884689748475;-52,125808995094;18,8;2,2;14,8;1,8
"4308458";"Fortaleza dos Valos";"RS";"Sul";4477;3254;1223;72,68;27,32;50270;-28,895121973111;-53,2757441103235;18,8;2,2;14,8;1,8
"4308508";"Frederico Westphalen";"RS";"Sul";32627;27279;5348;83,61;16,39;14217;-27,3405063159151;-53,3598347173532;18,8;2,2;14,8;1,8
"4308607";"Garibaldi";"RS";"Sul";34335;30892;3443;89,97;10,03;3110;-29,2409066247621;-51,5822220706329;18,8;2,2;14,8;1,8
"4308656";"Garruchos";"RS";"Sul";2688;919;1769;34,19;65,81;28365;-28,2338678399484;-55,5386612145265;18,8;2,2;14,8;1,8
"4308706";"Gaurama";"RS";"Sul";5665;3764;1901;66,44;33,56;12040;-27,5987093979646;-52,1155785349285;18,8;2,2;14,8;1,8
"4308805";"General Câmara";"RS";"Sul";7612;4471;3141;58,74;41,26;18808;-29,865325496364;-51,9164296301659;18,8;2,2;14,8;1,8
"4308854";"Gentil";"RS";"Sul";1744;959;785;54,99;45,01;12244;-28,3861753142639;-52,0395645392871;18,8;2,2;14,8;1,8
"4308904";"Getúlio Vargas";"RS";"Sul";16602;14796;1806;89,12;10,88;24618;-27,852157953533;-52,1805423341721;18,8;2,2;14,8;1,8
"4309001";"Giruá";"RS";"Sul";16013;12951;3062;80,88;19,12;107601;-28,0300323606256;-54,2991277333826;18,8;2,2;14,8;1,8
"4309050";"Glorinha";"RS";"Sul";7658;4183;3475;54,62;45,38;4404;-29,8864377816265;-50,7706775761446;18,8;2,2;14,8;1,8
"4309100";"Gramado";"RS";"Sul";40134;34688;5446;86,43;13,57;948;-29,386030329035;-50,8969211053024;18,8;2,2;14,8;1,8
"4309126";"Gramado dos Loureiros";"RS";"Sul";2014;620;1394;30,78;69,22;8284;-27,4456706206986;-52,9148885865606;18,8;2,2;14,8;1,8
"4309159";"Gramado Xavier";"RS";"Sul";3304;509;2795;15,41;84,59;8598;-29,2889742248545;-52,6007060839245;18,8;2,2;14,8;1,8
"4309209";"Gravataí";"RS";"Sul";265074;254651;10423;96,07;3,93;1565;-29,8894565339147;-50,9470728967837;18,8;2,2;14,8;1,8
"4309258";"Guabiju";"RS";"Sul";1417;744;673;52,51;47,49;8424;-28,5775931126788;-51,6598904182085;18,8;2,2;14,8;1,8
"4309308";"Guaíba";"RS";"Sul";92924;90594;2330;97,49;2,51;6815;-30,1773159371025;-51,4341533832735;18,8;2,2;14,8;1,8
"4309407";"Guaporé";"RS";"Sul";25268;23132;2136;91,55;8,45;8281;-28,8549459434054;-51,9044378279242;18,8;2,2;14,8;1,8
"4309506";"Guarani das Missões";"RS";"Sul";7415;4904;2511;66,14;33,86;26415;-28,1678635694368;-54,5865013117211;18,8;2,2;14,8;1,8
"4309555";"Harmonia";"RS";"Sul";5378;3687;1691;68,56;31,44;1563;-29,5455712223327;-51,4264702380383;18,8;2,2;14,8;1,8
"4309571";"Herveiras";"RS";"Sul";2565;564;2001;21,99;78,01;2884;-29,4415624858631;-52,669295416759;18,8;2,2;14,8;1,8
"4309605";"Horizontina";"RS";"Sul";18851;16009;2842;84,92;15,08;20526;-27,5902913908335;-54,2986918430941;18,8;2,2;14,8;1,8
"4309654";"Hulha Negra";"RS";"Sul";5976;2556;3420;42,77;57,23;20179;-31,4475242535223;-53,8894393716595;18,8;2,2;14,8;1,8
"4309704";"Humaitá";"RS";"Sul";4681;2959;1722;63,21;36,79;13619;-27,5741800159141;-53,9798509264139;18,8;2,2;14,8;1,8
"4309753";"Ibarama";"RS";"Sul";3732;1213;2519;32,5;67,5;6637;-29,4183177622537;-53,1660456784997;18,8;2,2;14,8;1,8
"4309803";"Ibiaçá";"RS";"Sul";4527;3150;1377;69,58;30,42;31375;-28,1021369600475;-51,7875211996172;18,8;2,2;14,8;1,8
"4309902";"Ibiraiaras";"RS";"Sul";6776;3830;2946;56,52;43,48;19290;-28,379454466435;-51,6271736024824;18,8;2,2;14,8;1,8
"4309951";"Ibirapuitã";"RS";"Sul";3723;2555;1168;68,63;31,37;23510;-28,6252337688803;-52,4426950968806;18,8;2,2;14,8;1,8
"4310009";"Ibirubá";"RS";"Sul";21583;17974;3609;83,28;16,72;62890;-28,594949351633;-53,1723121233798;18,8;2,2;14,8;1,8
"4310108";"Igrejinha";"RS";"Sul";32808;30729;2079;93,66;6,34;198;-29,5607502731535;-50,7948093842878;18,8;2,2;14,8;1,8
"4310207";"Ijuí";"RS";"Sul";84780;77517;7263;91,43;8,57;61306;-28,320337756817;-53,8949570969468;18,8;2,2;14,8;1,8
"4310306";"Ilópolis";"RS";"Sul";4157;2331;1826;56,07;43,93;7320;-28,932438678096;-52,1323453847359;18,8;2,2;14,8;1,8
"4310330";"Imbé";"RS";"Sul";26824;26822;2;99,99;0,01;152;-29,9307316879567;-50,1176335012896;18,8;2,2;14,8;1,8
"4310363";"Imigrante";"RS";"Sul";3080;1761;1319;57,18;42,82;413;-29,3447920674027;-51,7742746237149;18,8;2,2;14,8;1,8
"4310405";"Independência";"RS";"Sul";6427;4488;1939;69,83;30,17;39185;-27,90114472929;-54,1805311798341;18,8;2,2;14,8;1,8
"4310413";"Inhacorá";"RS";"Sul";2014;1303;711;64,7;35,3;13588;-27,9025047976757;-54,0305350528613;18,8;2,2;14,8;1,8
"4310439";"Ipê";"RS";"Sul";5399;3204;2195;59,34;40,66;12364;-28,7173287533995;-51,2992405043698;18,8;2,2;14,8;1,8
"4310462";"Ipiranga do Sul";"RS";"Sul";1720;738;982;42,91;57,09;18741;-27,9311662296701;-52,4185701201276;18,8;2,2;14,8;1,8
"4310504";"Iraí";"RS";"Sul";7482;4311;3171;57,62;42,38;9930;-27,249311680757;-53,241565033138;18,8;2,2;14,8;1,8
"4310538";"Itaara";"RS";"Sul";5572;4487;1085;80,53;19,47;3893;-29,5769091757113;-53,7619729425725;18,8;2,2;14,8;1,8
"4310553";"Itacurubi";"RS";"Sul";2995;1372;1623;45,81;54,19;33590;-28,8100276261715;-55,2673978351879;18,8;2,2;14,8;1,8
"4310579";"Itapuca";"RS";"Sul";1937;545;1392;28,14;71,86;8998;-28,775727178495;-52,195585745865;18,8;2,2;14,8;1,8
"4310603";"Itaqui";"RS";"Sul";35768;31908;3860;89,21;10,79;137381;-29,2139389105974;-56,1756042027029;18,8;2,2;14,8;1,8
"4310652";"Itati";"RS";"Sul";2638;856;1782;32,45;67,55;546;-29,4621315166328;-50,1642890504088;18,8;2,2;14,8;1,8
"4310702";"Itatiba do Sul";"RS";"Sul";3208;1739;1469;54,21;45,79;4461;-27,3562606689009;-52,4774902577057;18,8;2,2;14,8;1,8
"4310751";"Ivorá";"RS";"Sul";1929;730;1199;37,84;62,16;5860;-29,5136108239304;-53,5836976171337;18,8;2,2;14,8;1,8
"4310801";"Ivoti";"RS";"Sul";22983;21145;1838;92;8;323;-29,580670144131;-51,1569949496942;18,8;2,2;14,8;1,8
"4310850";"Jaboticaba";"RS";"Sul";3779;1957;1822;51,79;48,21;14009;-27,629512210834;-53,2640734374557;18,8;2,2;14,8;1,8
"4310876";"Jacuizinho";"RS";"Sul";2040;601;1439;29,46;70,54;27301;-29,0351458428023;-53,0142895741159;18,8;2,2;14,8;1,8
"4310900";"Jacutinga";"RS";"Sul";3338;2428;910;72,74;27,26;17998;-27,7866146491496;-52,5470991741743;18,8;2,2;14,8;1,8
"4311007";"Jaguarão";"RS";"Sul";26603;24718;1885;92,91;7,09;64165;-32,409903619518;-53,336238663061;18,8;2,2;14,8;1,8
"4311106";"Jaguari";"RS";"Sul";10579;6405;4174;60,54;39,46;19955;-29,4584902854031;-54,6477778832063;18,8;2,2;14,8;1,8
"4311122";"Jaquirana";"RS";"Sul";3690;2413;1277;65,39;34,61;1321;-28,9481390959211;-50,3611838065989;18,8;2,2;14,8;1,8
"4311130";"Jari";"RS";"Sul";3349;913;2436;27,26;72,74;69280;-29,2914417558271;-54,2979605892867;18,8;2,2;14,8;1,8
"4311155";"Jóia";"RS";"Sul";7184;2210;4974;30,76;69,24;120232;-28,7665072077135;-54,1547902749048;18,8;2,2;14,8;1,8
"4311205";"Júlio de Castilhos";"RS";"Sul";18226;15458;2768;84,81;15,19;128052;-29,2583441910622;-53,6523368996749;18,8;2,2;14,8;1,8
"4311239";"Lagoa Bonita do Sul";"RS";"Sul";2251;463;1788;20,57;79,43;3761;-29,5024539596864;-53,0418124329608;18,8;2,2;14,8;1,8
"4311254";"Lagoão";"RS";"Sul";5341;1889;3452;35,37;64,63;15179;-29,2380196259402;-52,7874402031304;18,8;2,2;14,8;1,8
"4311270";"Lagoa dos Três Cantos";"RS";"Sul";1738;1126;612;64,79;35,21;13220;-28,5709015864944;-52,8343011073586;18,8;2,2;14,8;1,8
"4311304";"Lagoa Vermelha";"RS";"Sul";27659;24591;3068;88,91;11,09;68721;-28,2262031018614;-51,5017180925383;18,8;2,2;14,8;1,8
"4311403";"Lajeado";"RS";"Sul";93646;93323;323;99,66;0,34;1331;-29,4435440218621;-52,007418659974;18,8;2,2;14,8;1,8
"4311429";"Lajeado do Bugre";"RS";"Sul";2601;845;1756;32,49;67,51;6420;-27,7032132709576;-53,2059660282079;18,8;2,2;14,8;1,8
"4311502";"Lavras do Sul";"RS";"Sul";7157;5853;1304;81,78;18,22;62227;-30,7721878992486;-54,1535746157615;18,8;2,2;14,8;1,8
"4311601";"Liberato Salzano";"RS";"Sul";4781;1628;3153;34,05;65,95;13756;-27,5495301501015;-53,0638558668987;18,8;2,2;14,8;1,8
"4311627";"Lindolfo Collor";"RS";"Sul";6248;5248;1000;83,99;16,01;403;-29,582622775596;-51,2195558811773;18,8;2,2;14,8;1,8
"4311643";"Linha Nova";"RS";"Sul";1683;439;1244;26,08;73,92;287;-29,4596235881746;-51,2155038567461;18,8;2,2;14,8;1,8
"4311700";"Machadinho";"RS";"Sul";5735;3885;1850;67,74;32,26;20154;-27,5870715244271;-51,674013706892;18,8;2,2;14,8;1,8
"4311718";"Maçambará";"RS";"Sul";4425;1191;3234;26,92;73,08;106027;-29,06644467037;-55,774978616539;18,8;2,2;14,8;1,8
"4311734";"Mampituba";"RS";"Sul";3131;824;2307;26,32;73,68;4179;-29,2624147781957;-50,0029780779461;18,8;2,2;14,8;1,8
"4311759";"Manoel Viana";"RS";"Sul";6801;5170;1631;76,02;23,98;81920;-29,4283006984528;-55,5569784803086;18,8;2,2;14,8;1,8
"4311775";"Maquiné";"RS";"Sul";7418;2576;4842;34,73;65,27;2160;-29,6355192053297;-50,2085040323908;18,8;2,2;14,8;1,8
"4311791";"Maratá";"RS";"Sul";2470;879;1591;35,59;64,41;537;-29,548111839249;-51,5502544205407;18,8;2,2;14,8;1,8
"4311809";"Marau";"RS";"Sul";45124;40884;4240;90,6;9,4;50422;-28,4552093581487;-52,2686017026783;18,8;2,2;14,8;1,8
"4311908";"Marcelino Ramos";"RS";"Sul";4320;2337;1983;54,1;45,9;10086;-27,47857710399;-51,9508015527492;18,8;2,2;14,8;1,8
"4311981";"Mariana Pimentel";"RS";"Sul";3916;653;3263;16,68;83,32;5512;-30,3139476826596;-51,5843246530843;18,8;2,2;14,8;1,8
"4312005";"Mariano Moro";"RS";"Sul";1858;1132;726;60,93;39,07;3688;-27,3425987278698;-52,1684242911847;18,8;2,2;14,8;1,8
"4312054";"Marques de Souza";"RS";"Sul";3969;1709;2260;43,06;56,94;1307;-29,289446993184;-52,148702261772;18,8;2,2;14,8;1,8
"4312104";"Mata";"RS";"Sul";4698;2788;1910;59,34;40,66;8917;-29,5375404096759;-54,4678193644632;18,8;2,2;14,8;1,8
"4312138";"Mato Castelhano";"RS";"Sul";2553;735;1818;28,79;71,21;14043;-28,2776055214489;-52,1988297702431;18,8;2,2;14,8;1,8
"4312153";"Mato Leitão";"RS";"Sul";4859;2073;2786;42,66;57,34;2694;-29,5249143560593;-52,1362167364349;18,8;2,2;14,8;1,8
"4312179";"Mato Queimado";"RS";"Sul";1795;696;1099;38,77;61,23;9987;-28,2429922625268;-54,6566499814547;18,8;2,2;14,8;1,8
"4312203";"Maximiliano de Almeida";"RS";"Sul";4191;2927;1264;69,84;30,16;13012;-27,6038341193188;-51,8153955039135;18,8;2,2;14,8;1,8
"4312252";"Minas do Leão";"RS";"Sul";7505;7250;255;96,6;3,4;16395;-30,0746398155846;-52,0778895118464;18,8;2,2;14,8;1,8
"4312302";"Miraguaí";"RS";"Sul";4427;2332;2095;52,68;47,32;8713;-27,490469132868;-53,7455168851794;18,8;2,2;14,8;1,8
"4312351";"Montauri";"RS";"Sul";1499;794;705;52,97;47,03;5146;-28,6697775066002;-52,0501528365479;18,8;2,2;14,8;1,8
"4312377";"Monte Alegre dos Campos";"RS";"Sul";3180;722;2458;22,7;77,3;5852;-28,7002444655188;-50,80509968925;18,8;2,2;14,8;1,8
"4312385";"Monte Belo do Sul";"RS";"Sul";2557;802;1755;31,36;68,64;2560;-29,1402690614306;-51,6516938183639;18,8;2,2;14,8;1,8
"4312401";"Montenegro";"RS";"Sul";64322;52684;11638;81,91;18,09;5120;-29,710108105236;-51,5029892850473;18,8;2,2;14,8;1,8
"4312427";"Mormaço";"RS";"Sul";2756;716;2040;25,98;74,02;10563;-28,6938047370531;-52,6618956337269;18,8;2,2;14,8;1,8
"4312443";"Morrinhos do Sul";"RS";"Sul";3071;1469;1602;47,83;52,17;4581;-29,3375740923572;-49,9541844054653;18,8;2,2;14,8;1,8
"4312450";"Morro Redondo";"RS";"Sul";6046;2916;3130;48,23;51,77;3828;-31,6373182945562;-52,6378455435501;18,8;2,2;14,8;1,8
"4312476";"Morro Reuter";"RS";"Sul";6029;4387;1642;72,76;27,24;812;-29,5222322122958;-51,0514964474866;18,8;2,2;14,8;1,8
"4312500";"Mostardas";"RS";"Sul";12090;8329;3761;68,89;31,11;40995;-30,85390910658;-50,7283846944156;18,8;2,2;14,8;1,8
"4312609";"Muçum";"RS";"Sul";4601;3941;660;85,66;14,34;1098;-29,1404500694583;-51,8155808125934;18,8;2,2;14,8;1,8
"4312617";"Muitos Capões";"RS";"Sul";2879;805;2074;27,96;72,04;98604;-28,384792696794;-51,2295991917197;18,8;2,2;14,8;1,8
"4312625";"Muliterno";"RS";"Sul";1721;678;1043;39,4;60,6;6083;-28,3269329917581;-51,776917525968;18,8;2,2;14,8;1,8
"4312658";"Não-Me-Toque";"RS";"Sul";17898;16024;1874;89,53;10,47;35202;-28,4594260586771;-52,8248711745687;18,8;2,2;14,8;1,8
"4312674";"Nicolau Vergueiro";"RS";"Sul";1932;946;986;48,96;51,04;15671;-28,5207834755693;-52,44836109293;18,8;2,2;14,8;1,8
"4312708";"Nonoai";"RS";"Sul";13719;10307;3412;75,13;24,87;25454;-27,3695352896915;-52,8572507770456;18,8;2,2;14,8;1,8
"4312757";"Nova Alvorada";"RS";"Sul";3163;1778;1385;56,21;43,79;7689;-28,7079859170629;-52,1714179462604;18,8;2,2;14,8;1,8
"4312807";"Nova Araçá";"RS";"Sul";4954;4029;925;81,33;18,67;2157;-28,6512888838823;-51,7463169243049;18,8;2,2;14,8;1,8
"4312906";"Nova Bassano";"RS";"Sul";9649;6728;2921;69,73;30,27;6435;-28,7259757306361;-51,7540953138774;18,8;2,2;14,8;1,8
"4312955";"Nova Boa Vista";"RS";"Sul";2042;966;1076;47,31;52,69;6430;-27,9967501413946;-52,9795250612873;18,8;2,2;14,8;1,8
"4313003";"Nova Bréscia";"RS";"Sul";3044;1531;1513;50,3;49,7;535;-29,2220602304705;-52,0353362358459;18,8;2,2;14,8;1,8
"4313011";"Nova Candelária";"RS";"Sul";3061;1314;1747;42,93;57,07;5257;-27,5952553691044;-54,12530899093;18,8;2,2;14,8;1,8
"4313037";"Nova Esperança do Sul";"RS";"Sul";4865;3966;899;81,52;18,48;5241;-29,403290196407;-54,8215416817151;18,8;2,2;14,8;1,8
"4313060";"Nova Hartz";"RS";"Sul";20088;18162;1926;90,41;9,59;199;-29,5855697091045;-50,899192212771;18,8;2,2;14,8;1,8
"4313086";"Nova Pádua";"RS";"Sul";2343;808;1535;34,49;65,51;2297;-29,0010013249711;-51,3158857704042;18,8;2,2;14,8;1,8
"4313102";"Nova Palma";"RS";"Sul";5586;3469;2117;62,1;37,9;13996;-29,4333519259707;-53,4162496798385;18,8;2,2;14,8;1,8
"4313201";"Nova Petrópolis";"RS";"Sul";23300;17875;5425;76,72;23,28;1657;-29,3721001494569;-51,0851611479328;18,8;2,2;14,8;1,8
"4313300";"Nova Prata";"RS";"Sul";25692;21664;4028;84,32;15,68;5612;-28,7607381850428;-51,6082526044318;18,8;2,2;14,8;1,8
"4313334";"Nova Ramada";"RS";"Sul";2163;710;1453;32,82;67,18;27953;-28,0762514539943;-53,7037147485195;18,8;2,2;14,8;1,8
"4313359";"Nova Roma do Sul";"RS";"Sul";3466;1693;1773;48,85;51,15;1988;-28,988942076839;-51,4087376580745;18,8;2,2;14,8;1,8
"4313375";"Nova Santa Rita";"RS";"Sul";29024;25995;3029;89,56;10,44;4074;-29,8443301053493;-51,2885325225772;18,8;2,2;14,8;1,8
"4313391";"Novo Cabrais";"RS";"Sul";3568;574;2994;16,09;83,91;11222;-29,7602213291757;-52,9954532553505;18,8;2,2;14,8;1,8
"4313409";"Novo Hamburgo";"RS";"Sul";227646;222122;5524;97,57;2,43;3079;-29,7347711256651;-51,0490427076981;18,8;2,2;14,8;1,8
"4313425";"Novo Machado";"RS";"Sul";3198;1607;1591;50,25;49,75;21092;-27,5450343396078;-54,5372126478931;18,8;2,2;14,8;1,8
"4313441";"Novo Tiradentes";"RS";"Sul";2146;878;1268;40,91;59,09;5706;-27,5618135648091;-53,1671503265895;18,8;2,2;14,8;1,8
"4313466";"Novo Xingu";"RS";"Sul";1646;786;860;47,75;52,25;5643;-27,7442815455418;-53,0584109592146;18,8;2,2;14,8;1,8
"4313490";"Novo Barreiro";"RS";"Sul";4272;2025;2247;47,4;52,6;8869;-27,8994438767524;-53,1160573335056;18,8;2,2;14,8;1,8
"4313508";"Osório";"RS";"Sul";47396;43801;3595;92,41;7,59;6734;-29,9159339499585;-50,2674758088089;18,8;2,2;14,8;1,8
"4313607";"Paim Filho";"RS";"Sul";3629;2128;1501;58,64;41,36;8431;-27,7221075397174;-51,780330078438;18,8;2,2;14,8;1,8
"4313656";"Palmares do Sul";"RS";"Sul";12844;11933;911;92,91;7,09;20961;-30,36228289165;-50,4491504017165;18,8;2,2;14,8;1,8
"4313706";"Palmeira das Missões";"RS";"Sul";33216;29751;3465;89,57;10,43;181434;-27,9399520796666;-53,3822779860518;18,8;2,2;14,8;1,8
"4313805";"Palmitinho";"RS";"Sul";7839;4393;3446;56,04;43,96;2609;-27,3278007668178;-53,5878117966847;18,8;2,2;14,8;1,8
"4313904";"Panambi";"RS";"Sul";43515;40304;3211;92,62;7,38;36149;-28,329603255516;-53,5074373491551;18,8;2,2;14,8;1,8
"4313953";"Pantano Grande";"RS";"Sul";10212;8795;1417;86,12;13,88;30836;-30,2577087356176;-52,3710307664265;18,8;2,2;14,8;1,8
"4314001";"Paraí";"RS";"Sul";7194;4666;2528;64,86;35,14;2971;-28,6003676359088;-51,7884111873204;18,8;2,2;14,8;1,8
"4314027";"Paraíso do Sul";"RS";"Sul";6519;2982;3537;45,74;54,26;13346;-29,6961963131145;-53,1212750820757;18,8;2,2;14,8;1,8
"4314035";"Pareci Novo";"RS";"Sul";4319;1294;3025;29,96;70,04;1167;-29,610120067641;-51,4232250770289;18,8;2,2;14,8;1,8
"4314050";"Parobé";"RS";"Sul";52058;49947;2111;95,94;4,06;519;-29,6592632982766;-50,855999273316;18,8;2,2;14,8;1,8
"4314068";"Passa Sete";"RS";"Sul";3983;552;3431;13,86;86,14;10167;-29,4389002208824;-52,8696293479657;18,8;2,2;14,8;1,8
"4314076";"Passo do Sobrado";"RS";"Sul";6025;1655;4370;27,47;72,53;14735;-29,7592239499346;-52,2450722960719;18,8;2,2;14,8;1,8
"4314100";"Passo Fundo";"RS";"Sul";206215;202681;3534;98,29;1,71;55954;-28,2688966422982;-52,4525665495926;18,8;2,2;14,8;1,8
"4314134";"Paulo Bento";"RS";"Sul";2144;806;1338;37,59;62,41;9797;-27,7096101660949;-52,3947331494498;18,8;2,2;14,8;1,8
"4314159";"Paverama";"RS";"Sul";7978;4614;3364;57,83;42,17;2451;-29,5691918323361;-51,7282562043364;18,8;2,2;14,8;1,8
"4314175";"Pedras Altas";"RS";"Sul";2061;727;1334;35,27;64,73;51824;-31,8388490777591;-53,6911192351742;18,8;2,2;14,8;1,8
"4314209";"Pedro Osório";"RS";"Sul";7484;7046;438;94,15;5,85;14378;-31,9597508780991;-52,8724176581657;18,8;2,2;14,8;1,8
"4314308";"Pejuçara";"RS";"Sul";3745;2631;1114;70,25;29,75;51215;-28,4537650070639;-53,5937970076555;18,8;2,2;14,8;1,8
"4314407";"Pelotas";"RS";"Sul";325685;305656;20029;93,85;6,15;49619;-31,5811023004568;-52,3412707299076;18,8;2,2;14,8;1,8
"4314423";"Picada Café";"RS";"Sul";5351;3717;1634;69,46;30,54;401;-29,460803998348;-51,1091060267883;18,8;2,2;14,8;1,8
"4314456";"Pinhal";"RS";"Sul";2959;1518;1441;51,3;48,7;3286;-27,5290202463876;-53,2350917279614;18,8;2,2;14,8;1,8
"4314464";"Pinhal da Serra";"RS";"Sul";2248;702;1546;31,23;68,77;12045;-27,8535515455578;-51,2194298538078;18,8;2,2;14,8;1,8
"4314472";"Pinhal Grande";"RS";"Sul";3805;2145;1660;56,37;43,63;25466;-29,2914258477823;-53,3356120501991;18,8;2,2;14,8;1,8
"4314498";"Pinheirinho do Vale";"RS";"Sul";4540;978;3562;21,54;78,46;2812;-27,2217474345632;-53,6342651180927;18,8;2,2;14,8;1,8
"4314506";"Pinheiro Machado";"RS";"Sul";11214;8943;2271;79,75;20,25;15477;-31,4043007246373;-53,4133578910701;18,8;2,2;14,8;1,8
"4314548";"Pinto Bandeira";"RS";"Sul";2723;827;1896;30,37;69,63;3076;-29,0929197766234;-51,4616819025131;18,8;2,2;14,8;1,8
"4314555";"Pirapó";"RS";"Sul";2260;818;1442;36,19;63,81;11064;-28,0652243430487;-55,2445160243073;18,8;2,2;14,8;1,8
"4314605";"Piratini";"RS";"Sul";17504;11306;6198;64,59;35,41;55619;-31,4379901040384;-53,1032160231404;18,8;2,2;14,8;1,8
"4314704";"Planalto";"RS";"Sul";10406;6401;4005;61,51;38,49;6625;-27,3357050174639;-53,0779808975846;18,8;2,2;14,8;1,8
"4314753";"Poço das Antas";"RS";"Sul";2171;1197;974;55,14;44,86;318;-29,4461028515595;-51,6407549857579;18,8;2,2;14,8;1,8
"4314779";"Pontão";"RS";"Sul";3296;1689;1607;51,24;48,76;42783;-28,0363139636862;-52,6412715773885;18,8;2,2;14,8;1,8
"4314787";"Ponte Preta";"RS";"Sul";1575;563;1012;35,75;64,25;6498;-27,654729113702;-52,5062728046405;18,8;2,2;14,8;1,8
"4314803";"Portão";"RS";"Sul";34071;29886;4185;87,72;12,28;1451;-29,7009069199556;-51,2486867866794;18,8;2,2;14,8;1,8
"4314902";"Porto Alegre";"RS";"Sul";1332845;1330428;2417;99,82;0,18;1043;-30,0952830036305;-51,1646132787338;18,8;2,2;14,8;1,8
"4315008";"Porto Lucena";"RS";"Sul";4360;2145;2215;49,2;50,8;7487;-27,850655777188;-54,9592667964307;18,8;2,2;14,8;1,8
"4315057";"Porto Mauá";"RS";"Sul";2142;863;1279;40,29;59,71;6024;-27,5918821996165;-54,6571465083828;18,8;2,2;14,8;1,8
"4315073";"Porto Vera Cruz";"RS";"Sul";1560;397;1163;25,45;74,55;1748;-27,754494930318;-54,8910939753253;18,8;2,2;14,8;1,8
"4315107";"Porto Xavier";"RS";"Sul";9938;6203;3735;62,42;37,58;4426;-27,9319338380854;-55,1431548500578;18,8;2,2;14,8;1,8
"4315131";"Pouso Novo";"RS";"Sul";1739;750;989;43,13;56,87;669;-29,1579968577109;-52,2286387559184;18,8;2,2;14,8;1,8
"4315149";"Presidente Lucena";"RS";"Sul";3077;2048;1029;66,56;33,44;622;-29,5243286681387;-51,1742347329742;18,8;2,2;14,8;1,8
"4315156";"Progresso";"RS";"Sul";5340;2017;3323;37,77;62,23;3029;-29,2242835072004;-52,3190018718135;18,8;2,2;14,8;1,8
"4315172";"Protásio Alves";"RS";"Sul";2025;538;1487;26,57;73,43;3296;-28,7368774524317;-51,4873847081457;18,8;2,2;14,8;1,8
"4315206";"Putinga";"RS";"Sul";3747;1705;2042;45,5;54,5;4035;-29,0336970288568;-52,142935484468;18,8;2,2;14,8;1,8
"4315305";"Quaraí";"RS";"Sul";23500;21753;1747;92,57;7,43;11612;-30,279582227589;-56,1530170573482;18,8;2,2;14,8;1,8
"4315313";"Quatro Irmãos";"RS";"Sul";1552;914;638;58,89;41,11;23486;-27,8428100987612;-52,4713028950578;18,8;2,2;14,8;1,8
"4315321";"Quevedos";"RS";"Sul";2507;978;1529;39,01;60,99;31865;-29,309531791243;-54,0654164174483;18,8;2,2;14,8;1,8
"4315354";"Quinze de Novembro";"RS";"Sul";3910;2393;1517;61,2;38,8;13609;-28,7568898092919;-53,1169918066777;18,8;2,2;14,8;1,8
"4315404";"Redentora";"RS";"Sul";9738;3301;6437;33,9;66,1;23273;-27,5701791762278;-53,6317221031314;18,8;2,2;14,8;1,8
"4315453";"Relvado";"RS";"Sul";1796;843;953;46,94;53,06;1421;-29,1233207997217;-52,0652577607174;18,8;2,2;14,8;1,8
"4315503";"Restinga Sêca";"RS";"Sul";14939;9157;5782;61,3;38,7;41757;-29,8173879664925;-53,3440096147239;18,8;2,2;14,8;1,8
"4315552";"Rio dos Índios";"RS";"Sul";2835;916;1919;32,31;67,69;13462;-27,2529154740699;-52,8797595923661;18,8;2,2;14,8;1,8
"4315602";"Rio Grande";"RS";"Sul";191900;183517;8383;95,63;4,37;34382;-32,2171653864738;-52,403127118272;18,8;2,2;14,8;1,8
"4315701";"Rio Pardo";"RS";"Sul";34654;24293;10361;70,1;29,9;91636;-30,0227333774045;-52,436967055227;18,8;2,2;14,8;1,8
"4315750";"Riozinho";"RS";"Sul";4473;2886;1587;64,52;35,48;398;-29,6157635090221;-50,3998505157963;18,8;2,2;14,8;1,8
"4315800";"Roca Sales";"RS";"Sul";10418;7430;2988;71,32;28,68;5083;-29,2566711277955;-51,8292508602247;18,8;2,2;14,8;1,8
"4315909";"Rodeio Bonito";"RS";"Sul";6654;4522;2132;67,96;32,04;7640;-27,4633905865374;-53,1706851519168;18,8;2,2;14,8;1,8
"4315958";"Rolador";"RS";"Sul";2291;740;1551;32,3;67,7;23489;-28,254844384099;-54,8343862771246;18,8;2,2;14,8;1,8
"4316006";"Rolante";"RS";"Sul";21253;16578;4675;78;22;2146;-29,6290522672301;-50,5499781012634;18,8;2,2;14,8;1,8
"4316105";"Ronda Alta";"RS";"Sul";9777;7362;2415;75,3;24,7;36724;-27,8111403595072;-52,7496906522218;18,8;2,2;14,8;1,8
"4316204";"Rondinha";"RS";"Sul";4991;2575;2416;51,59;48,41;15465;-27,8324951698083;-52,8930950646488;18,8;2,2;14,8;1,8
"4316303";"Roque Gonzales";"RS";"Sul";6576;3241;3335;49,29;50,71;14616;-28,0594598767306;-55,0883711473547;18,8;2,2;14,8;1,8
"4316402";"Rosário do Sul";"RS";"Sul";36630;32656;3974;89,15;10,85;78479;-30,3259097824278;-55,1131309777764;18,8;2,2;14,8;1,8
"4316428";"Sagrada Família";"RS";"Sul";2480;1099;1381;44,31;55,69;6443;-27,707928286796;-53,1319434145228;18,8;2,2;14,8;1,8
"4316436";"Saldanha Marinho";"RS";"Sul";2575;1891;684;73,44;26,56;20658;-28,386836280084;-53,0944021313209;18,8;2,2;14,8;1,8
"4316451";"Salto do Jacuí";"RS";"Sul";10203;8788;1415;86,13;13,87;32473;-29,0682347465292;-53,2543602449412;18,8;2,2;14,8;1,8
"4316477";"Salvador das Missões";"RS";"Sul";2877;1658;1219;57,63;42,37;6520;-28,0996248492634;-54,8317496098167;18,8;2,2;14,8;1,8
"4316501";"Salvador do Sul";"RS";"Sul";6879;4354;2525;63,29;36,71;945;-29,4577771723243;-51,5354608382903;18,8;2,2;14,8;1,8
"4316600";"Sananduva";"RS";"Sul";16399;12378;4021;75,48;24,52;30335;-27,9572052558206;-51,8004448631178;18,8;2,2;14,8;1,8
"4316709";"Santa Bárbara do Sul";"RS";"Sul";8122;6657;1465;81,96;18,04;112420;-28,3737625766307;-53,2844820461663;18,8;2,2;14,8;1,8
"4316733";"Santa Cecília do Sul";"RS";"Sul";1674;678;996;40,5;59,5;13456;-28,1812701861992;-51,8985469798888;18,8;2,2;14,8;1,8
"4316758";"Santa Clara do Sul";"RS";"Sul";6887;4839;2048;70,26;29,74;2628;-29,4533174428681;-52,1323269777721;18,8;2,2;14,8;1,8
"4316808";"Santa Cruz do Sul";"RS";"Sul";133230;119959;13271;90,04;9,96;15556;-29,6460309884698;-52,4071584715876;18,8;2,2;14,8;1,8
"4316907";"Santa Maria";"RS";"Sul";271735;261435;10300;96,21;3,79;58489;-29,7849008344413;-53,8250336825906;18,8;2,2;14,8;1,8
"4316956";"Santa Maria do Herval";"RS";"Sul";6340;2995;3345;47,24;52,76;1689;-29,4758488631737;-50,9691321891773;18,8;2,2;14,8;1,8
"4316972";"Santa Margarida do Sul";"RS";"Sul";2596;588;2008;22,65;77,35;57660;-30,3709805589067;-54,0977679556358;18,8;2,2;14,8;1,8
"4317004";"Santana da Boa Vista";"RS";"Sul";7024;3972;3052;56,55;43,45;33732;-30,816943772016;-53,1768390839917;18,8;2,2;14,8;1,8
"4317103";"Sant'ana do Livramento";"RS";"Sul";84421;76922;7499;91,12;8,88;96678;-30,7382846893325;-55,5627770849019;18,8;2,2;14,8;1,8
"4317202";"Santa Rosa";"RS";"Sul";76963;70764;6199;91,95;8,05;33356;-27,8643955948429;-54,4969649983266;18,8;2,2;14,8;1,8
"4317251";"Santa Tereza";"RS";"Sul";1505;565;940;37,54;62,46;965;-29,1636696718078;-51,7108664567926;18,8;2,2;14,8;1,8
"4317301";"Santa Vitória do Palmar";"RS";"Sul";30983;26988;3995;87,11;12,89;120360;-33,1627811429882;-53,0056661137377;18,8;2,2;14,8;1,8
"4317400";"Santiago";"RS";"Sul";48938;45086;3852;92,13;7,87;67962;-29,1271441705671;-54,796496916089;18,8;2,2;14,8;1,8
"4317509";"Santo Ângelo";"RS";"Sul";76917;72837;4080;94,7;5,3;54696;-28,2505170166571;-54,2977912687691;18,8;2,2;14,8;1,8
"4317558";"Santo Antônio do Palma";"RS";"Sul";2091;871;1220;41,65;58,35;5430;-28,4955642048085;-52,0085527842075;18,8;2,2;14,8;1,8
"4317608";"Santo Antônio da Patrulha";"RS";"Sul";42947;33018;9929;76,88;23,12;26884;-29,8726999238985;-50,5591614320603;18,8;2,2;14,8;1,8
"4317707";"Santo Antônio das Missões";"RS";"Sul";10300;7045;3255;68,4;31,6;94864;-28,4938983061755;-55,4259177005025;18,8;2,2;14,8;1,8
"4317756";"Santo Antônio do Planalto";"RS";"Sul";2089;1573;516;75,3;24,7;18818;-28,3651300830714;-52,6814101013823;18,8;2,2;14,8;1,8
"4317806";"Santo Augusto";"RS";"Sul";13902;12032;1870;86,55;13,45;54893;-27,903054604812;-53,7557672060612;18,8;2,2;14,8;1,8
"4317905";"Santo Cristo";"RS";"Sul";15320;9418;5902;61,48;38,52;13280;-27,7983327819615;-54,7110399501627;18,8;2,2;14,8;1,8
"4317954";"Santo Expedito do Sul";"RS";"Sul";2349;1127;1222;47,98;52,02;11538;-27,9230842901191;-51,6611318626186;18,8;2,2;14,8;1,8
"4318002";"São Borja";"RS";"Sul";59676;53657;6019;89,91;10,09;182005;-28,7465644962205;-55,7966752955015;18,8;2,2;14,8;1,8
"4318051";"São Domingos do Sul";"RS";"Sul";2754;2019;735;73,31;26,69;3386;-28,5383617358183;-51,8679009683933;18,8;2,2;14,8;1,8
"4318101";"São Francisco de Assis";"RS";"Sul";17618;13157;4461;74,68;25,32;70992;-29,4477170397233;-55,1314311229113;18,8;2,2;14,8;1,8
"4318200";"São Francisco de Paula";"RS";"Sul";21893;15701;6192;71,72;28,28;17526;-29,202004475448;-50,5568309322085;18,8;2,2;14,8;1,8
"4318309";"São Gabriel";"RS";"Sul";58487;52743;5744;90,18;9,82;176420;-30,3048909252588;-54,36531720296;18,8;2,2;14,8;1,8
"4318408";"São Jerônimo";"RS";"Sul";21028;16464;4564;78,3;21,7;11016;-30,2904693136768;-51,9116355483349;18,8;2,2;14,8;1,8
"4318424";"São João da Urtiga";"RS";"Sul";4461;2672;1789;59,9;40,1;9460;-27,7977209573203;-51,8347215457137;18,8;2,2;14,8;1,8
"4318432";"São João do Polêsine";"RS";"Sul";2649;1634;1015;61,68;38,32;3020;-29,642120163432;-53,4703983244408;18,8;2,2;14,8;1,8
"4318440";"São Jorge";"RS";"Sul";2912;1579;1333;54,22;45,78;4095;-28,4983339583903;-51,715710887805;18,8;2,2;14,8;1,8
"4318457";"São José das Missões";"RS";"Sul";2362;970;1392;41,07;58,93;8296;-27,7947741569203;-53,1317946072117;18,8;2,2;14,8;1,8
"4318465";"São José do Herval";"RS";"Sul";1902;828;1074;43,53;56,47;820;-29,0651004694668;-52,2746990460158;18,8;2,2;14,8;1,8
"4318481";"São José do Hortêncio";"RS";"Sul";4447;2658;1789;59,77;40,23;1385;-29,5356077463327;-51,2575224787685;18,8;2,2;14,8;1,8
"4318499";"São José do Inhacorá";"RS";"Sul";2406;1414;992;58,77;41,23;3696;-27,7385022142093;-54,1240541540254;18,8;2,2;14,8;1,8
"4318507";"São José do Norte";"RS";"Sul";25443;19313;6130;75,91;24,09;3655;-31,763856406698;-51,6651525173801;18,8;2,2;14,8;1,8
"4318606";"São José do Ouro";"RS";"Sul";6834;4436;2398;64,91;35,09;25413;-27,7723844192874;-51,5603359234662;18,8;2,2;14,8;1,8
"4318614";"São José do Sul";"RS";"Sul";2380;930;1450;39,08;60,92;1209;-29,5481465840528;-51,4860946683207;18,8;2,2;14,8;1,8
"4318622";"São José dos Ausentes";"RS";"Sul";4172;2478;1694;59,4;40,6;3950;-28,6484808455598;-49,9615977006048;18,8;2,2;14,8;1,8
"4318705";"São Leopoldo";"RS";"Sul";217409;216240;1169;99,46;0,54;53;-29,7554612816196;-51,1447339067657;18,8;2,2;14,8;1,8
"4318804";"São Lourenço do Sul";"RS";"Sul";41989;25166;16823;59,93;40,07;80041;-31,2345165953658;-52,1226048279491;18,8;2,2;14,8;1,8
"4318903";"São Luiz Gonzaga";"RS";"Sul";34752;31882;2870;91,74;8,26;134819;-28,4184300589887;-54,8910727970777;18,8;2,2;14,8;1,8
"4319000";"São Marcos";"RS";"Sul";21084;18208;2876;86,36;13,64;2019;-28,9630337299757;-51,0651275149899;18,8;2,2;14,8;1,8
"4319109";"São Martinho";"RS";"Sul";5481;3791;1690;69,17;30,83;21929;-27,729018683387;-53,953278585219;18,8;2,2;14,8;1,8
"4319125";"São Martinho da Serra";"RS";"Sul";2860;1110;1750;38,81;61,19;40669;-29,4747863340263;-53,8861827732687;18,8;2,2;14,8;1,8
"4319158";"São Miguel das Missões";"RS";"Sul";7056;4166;2890;59,04;40,96;125711;-28,6726221870526;-54,5217416765858;18,8;2,2;14,8;1,8
"4319208";"São Nicolau";"RS";"Sul";5118;3694;1424;72,18;27,82;33316;-28,2029877752896;-55,2482439021534;18,8;2,2;14,8;1,8
"4319307";"São Paulo das Missões";"RS";"Sul";5846;2350;3496;40,2;59,8;7211;-27,9887962463539;-54,9754022212919;18,8;2,2;14,8;1,8
"4319356";"São Pedro da Serra";"RS";"Sul";3548;2318;1230;65,33;34,67;163;-29,4192423876731;-51,5063506869261;18,8;2,2;14,8;1,8
"4319364";"São Pedro das Missões";"RS";"Sul";1757;559;1198;31,82;68,18;11164;-27,7796688410678;-53,2376207673854;18,8;2,2;14,8;1,8
"4319372";"São Pedro do Butiá";"RS";"Sul";3070;1578;1492;51,4;48,6;8259;-28,1234785721806;-54,894932788455;18,8;2,2;14,8;1,8
"4319406";"São Pedro do Sul";"RS";"Sul";15577;11766;3811;75,53;24,47;27944;-29,6113908666291;-54,2378829557048;18,8;2,2;14,8;1,8
"4319505";"São Sebastião do Caí";"RS";"Sul";24428;20850;3578;85,35;14,65;685;-29,5893148045648;-51,3372580952292;18,8;2,2;14,8;1,8
"4319604";"São Sepé";"RS";"Sul";21219;17634;3585;83,1;16,9;96915;-30,1757304884715;-53,6197727031346;18,8;2,2;14,8;1,8
"4319703";"São Valentim";"RS";"Sul";3264;1882;1382;57,66;42,34;5893;-27,5538041008592;-52,559525151083;18,8;2,2;14,8;1,8
"4319711";"São Valentim do Sul";"RS";"Sul";2207;967;1240;43,82;56,18;2006;-29,0567883444197;-51,7610527101331;18,8;2,2;14,8;1,8
"4319737";"São Valério do Sul";"RS";"Sul";2543;518;2025;20,37;79,63;9677;-27,82103355324;-53,9086502709704;18,8;2,2;14,8;1,8
"4319752";"São Vendelino";"RS";"Sul";2251;1510;741;67,08;32,92;106;-29,3823865642737;-51,3724701489444;18,8;2,2;14,8;1,8
"4319802";"São Vicente do Sul";"RS";"Sul";8097;5907;2190;72,95;27,05;45895;-29,709655856107;-54,7541376333034;18,8;2,2;14,8;1,8
"4319901";"Sapiranga";"RS";"Sul";75648;73016;2632;96,52;3,48;512;-29,6141447232862;-50,9956135639227;18,8;2,2;14,8;1,8
"4320008";"Sapucaia do Sul";"RS";"Sul";132107;131667;440;99,67;0,33;50;-29,8234174062936;-51,1338576222323;18,8;2,2;14,8;1,8
"4320107";"Sarandi";"RS";"Sul";22851;20826;2025;91,14;8,86;29115;-27,9412339178083;-52,8965070883859;18,8;2,2;14,8;1,8
"4320206";"Seberi";"RS";"Sul";11950;7067;4883;59,14;40,86;21668;-27,5010396552133;-53,3627430414847;18,8;2,2;14,8;1,8
"4320230";"Sede Nova";"RS";"Sul";2704;1565;1139;57,88;42,12;12048;-27,6410852118458;-53,9531727161537;18,8;2,2;14,8;1,8
"4320263";"Segredo";"RS";"Sul";6009;1901;4108;31,64;68,36;12308;-29,3121541494089;-52,9296491163302;18,8;2,2;14,8;1,8
"4320305";"Selbach";"RS";"Sul";5107;3895;1212;76,27;23,73;16711;-28,6685802282152;-52,9785861183519;18,8;2,2;14,8;1,8
"4320321";"Senador Salgado Filho";"RS";"Sul";2673;1050;1623;39,28;60,72;13185;-28,0288239157519;-54,5368081660942;18,8;2,2;14,8;1,8
"4320354";"Sentinela do Sul";"RS";"Sul";5306;1380;3926;26,01;73,99;6603;-30,6252245437993;-51,607665411648;18,8;2,2;14,8;1,8
"4320404";"Serafina Corrêa";"RS";"Sul";16961;15054;1907;88,76;11,24;6339;-28,7017339225356;-51,9336097695472;18,8;2,2;14,8;1,8
"4320453";"Sério";"RS";"Sul";1941;629;1312;32,41;67,59;704;-29,3950968946808;-52,2434594271232;18,8;2,2;14,8;1,8
"4320503";"Sertão";"RS";"Sul";5541;3292;2249;59,41;40,59;52589;-28,009940572741;-52,3141579522996;18,8;2,2;14,8;1,8
"4320552";"Sertão Santana";"RS";"Sul";5863;1532;4331;26,13;73,87;5754;-30,4668495204416;-51,6299634287709;18,8;2,2;14,8;1,8
"4320578";"Sete de Setembro";"RS";"Sul";1830;569;1261;31,09;68,91;11490;-28,1452053348812;-54,4601287092539;18,8;2,2;14,8;1,8
"4320602";"Severiano de Almeida";"RS";"Sul";3406;1580;1826;46,39;53,61;6819;-27,4155194738682;-52,1114044533435;18,8;2,2;14,8;1,8
"4320651";"Silveira Martins";"RS";"Sul";2028;978;1050;48,22;51,78;5693;-29,6333803159012;-53,5701130173833;18,8;2,2;14,8;1,8
"4320677";"Sinimbu";"RS";"Sul";8578;1340;7238;15,62;84,38;8293;-29,4449115349177;-52,5690087848319;18,8;2,2;14,8;1,8
"4320701";"Sobradinho";"RS";"Sul";14226;11744;2482;82,55;17,45;6574;-29,4054228156171;-53,0259228060963;18,8;2,2;14,8;1,8
"4320800";"Soledade";"RS";"Sul";29991;26152;3839;87,2;12,8;61665;-28,8391859561755;-52,5370182901514;18,8;2,2;14,8;1,8
"4320859";"Tabaí";"RS";"Sul";4461;1557;2904;34,9;65,1;129;-29,6670219852779;-51,730920284122;18,8;2,2;14,8;1,8
"4320909";"Tapejara";"RS";"Sul";24557;22681;1876;92,36;7,64;25040;-28,0585077545798;-52,0108546135575;18,8;2,2;14,8;1,8
"4321006";"Tapera";"RS";"Sul";10592;9206;1386;86,91;13,09;21521;-28,6613582386695;-52,8613882627077;18,8;2,2;14,8;1,8
"4321105";"Tapes";"RS";"Sul";14695;13475;1220;91,7;8,3;32870;-30,6636763547846;-51,4412129966936;18,8;2,2;14,8;1,8
"4321204";"Taquara";"RS";"Sul";53242;43870;9372;82,4;17,6;1962;-29,6700842437576;-50,7617914146322;18,8;2,2;14,8;1,8
"4321303";"Taquari";"RS";"Sul";25198;22009;3189;87,34;12,66;4243;-29,7447085075012;-51,8314666881997;18,8;2,2;14,8;1,8
"4321329";"Taquaruçu do Sul";"RS";"Sul";3119;1528;1591;48,99;51,01;4695;-27,4082919104871;-53,4859142749843;18,8;2,2;14,8;1,8
"4321352";"Tavares";"RS";"Sul";5212;3552;1660;68,15;31,85;4427;-31,2885192733891;-51,0746856850557;18,8;2,2;14,8;1,8
"4321402";"Tenente Portela";"RS";"Sul";14497;9818;4679;67,72;32,28;27218;-27,3725604453101;-53,7641081456301;18,8;2,2;14,8;1,8
"4321436";"Terra de Areia";"RS";"Sul";10334;8636;1698;83,57;16,43;1379;-29,6019145916765;-50,0663909147464;18,8;2,2;14,8;1,8
"4321451";"Teutônia";"RS";"Sul";32797;29487;3310;89,91;10,09;2467;-29,4718515231676;-51,7778538641574;18,8;2,2;14,8;1,8
"4321469";"Tio Hugo";"RS";"Sul";3267;1800;1467;55,1;44,9;8933;-28,5820738908502;-52,5982111174412;18,8;2,2;14,8;1,8
"4321477";"Tiradentes do Sul";"RS";"Sul";5129;2031;3098;39,6;60,4;12611;-27,3682771772211;-54,1209017603061;18,8;2,2;14,8;1,8
"4321493";"Toropi";"RS";"Sul";2554;834;1720;32,65;67,35;5239;-29,4704356359401;-54,2987952896374;18,8;2,2;14,8;1,8
"4321501";"Torres";"RS";"Sul";41751;40437;1314;96,85;3,15;4114;-29,32845847501;-49,8095748289544;18,8;2,2;14,8;1,8
"4321600";"Tramandaí";"RS";"Sul";54387;54094;293;99,46;0,54;881;-30,0283023535287;-50,221643957842;18,8;2,2;14,8;1,8
"4321626";"Travesseiro";"RS";"Sul";2152;890;1262;41,36;58,64;773;-29,2825918049343;-52,087614362928;18,8;2,2;14,8;1,8
"4321634";"Três Arroios";"RS";"Sul";2591;1209;1382;46,66;53,34;7937;-27,492569146051;-52,1800957152717;18,8;2,2;14,8;1,8
"4321667";"Três Cachoeiras";"RS";"Sul";10962;8182;2780;74,64;25,36;3417;-29,4745223335851;-49,96308775043;18,8;2,2;14,8;1,8
"4321709";"Três Coroas";"RS";"Sul";24425;21471;2954;87,91;12,09;428;-29,4823404827206;-50,7787736411078;18,8;2,2;14,8;1,8
"4321808";"Três de Maio";"RS";"Sul";24916;20954;3962;84,1;15,9;40564;-27,7315876190732;-54,2654169410964;18,8;2,2;14,8;1,8
"4321832";"Três Forquilhas";"RS";"Sul";2760;492;2268;17,83;82,17;984;-29,4283569359132;-50,0854608997942;18,8;2,2;14,8;1,8
"4321857";"Três Palmeiras";"RS";"Sul";4716;2645;2071;56,09;43,91;13549;-27,6171134946811;-52,8374710173443;18,8;2,2;14,8;1,8
"4321907";"Três Passos";"RS";"Sul";25436;20921;4515;82,25;17,75;17088;-27,4410151907206;-53,9293092809735;18,8;2,2;14,8;1,8
"4321956";"Trindade do Sul";"RS";"Sul";7556;4769;2787;63,12;36,88;16800;-27,5277467729326;-52,8990287162367;18,8;2,2;14,8;1,8
"4322004";"Triunfo";"RS";"Sul";27498;17755;9743;64,57;35,43;13047;-29,8447400605445;-51,5712466622538;18,8;2,2;14,8;1,8
"4322103";"Tucunduva";"RS";"Sul";5542;4115;1427;74,25;25,75;19992;-27,6393922250071;-54,4310102713737;18,8;2,2;14,8;1,8
"4322152";"Tunas";"RS";"Sul";3681;1303;2378;35,4;64,6;11018;-29,1140872081196;-52,8928425201462;18,8;2,2;14,8;1,8
"4322186";"Tupanci do Sul";"RS";"Sul";1374;553;821;40,25;59,75;9590;-27,9301590070867;-51,5375984919542;18,8;2,2;14,8;1,8
"4322202";"Tupanciretã";"RS";"Sul";20005;16758;3247;83,77;16,23;174978;-29,0205788497373;-54,0033957635264;18,8;2,2;14,8;1,8
"4322251";"Tupandi";"RS";"Sul";5029;3671;1358;73;27;754;-29,4740008088571;-51,4269474518436;18,8;2,2;14,8;1,8
"4322301";"Tuparendi";"RS";"Sul";8363;5766;2597;68,95;31,05;20817;-27,7065119116777;-54,5545569402085;18,8;2,2;14,8;1,8
"4322327";"Turuçu";"RS";"Sul";3419;1598;1821;46,74;53,26;8486;-31,4751560357635;-52,1560552851473;18,8;2,2;14,8;1,8
"4322343";"Ubiretama";"RS";"Sul";1994;535;1459;26,83;73,17;7121;-28,038090090648;-54,6465396322343;18,8;2,2;14,8;1,8
"4322350";"União da Serra";"RS";"Sul";1170;313;857;26,75;73,25;5335;-28,7724046720055;-52,0215865984097;18,8;2,2;14,8;1,8
"4322376";"Unistalda";"RS";"Sul";1995;875;1120;43,86;56,14;15937;-29,0684720627338;-55,1587585936409;18,8;2,2;14,8;1,8
"4322400";"Uruguaiana";"RS";"Sul";117210;111272;5938;94,93;5,07;76984;-29,8404833467182;-56,7294226597472;18,8;2,2;14,8;1,8
"4322509";"Vacaria";"RS";"Sul";64197;59662;4535;92,94;7,06;107626;-28,3701214557092;-50,9237397274171;18,8;2,2;14,8;1,8
"4322525";"Vale Verde";"RS";"Sul";3150;969;2181;30,76;69,24;13151;-29,83073056781;-52,112465055353;18,8;2,2;14,8;1,8
"4322533";"Vale do Sol";"RS";"Sul";9897;1392;8505;14,06;85,94;12146;-29,5836200722556;-52,6896223950647;18,8;2,2;14,8;1,8
"4322541";"Vale Real";"RS";"Sul";6058;5470;588;90,29;9,71;560;-29,3627625730728;-51,2483666184606;18,8;2,2;14,8;1,8
"4322558";"Vanini";"RS";"Sul";2004;1313;691;65,52;34,48;2838;-28,4902729702262;-51,8351636308111;18,8;2,2;14,8;1,8
"4322608";"Venâncio Aires";"RS";"Sul";68763;46383;22380;67,45;32,55;30093;-29,5785293908345;-52,1950902219613;18,8;2,2;14,8;1,8
"4322707";"Vera Cruz";"RS";"Sul";26710;15862;10848;59,39;40,61;8854;-29,7131599690878;-52,5386601411466;18,8;2,2;14,8;1,8
"4322806";"Veranópolis";"RS";"Sul";24021;20814;3207;86,65;13,35;3893;-28,9633733912956;-51,5516113869791;18,8;2,2;14,8;1,8
"4322855";"Vespasiano Corrêa";"RS";"Sul";1818;522;1296;28,71;71,29;3496;-29,0667752473745;-51,8603535630554;18,8;2,2;14,8;1,8
"4322905";"Viadutos";"RS";"Sul";4769;2890;1879;60,6;39,4;15799;-27,5722873195952;-51,9937076583918;18,8;2,2;14,8;1,8
"4323002";"Viamão";"RS";"Sul";224112;213922;10190;95,45;4,55;30107;-30,1669389064146;-50,8693678483272;18,8;2,2;14,8;1,8
"4323101";"Vicente Dutra";"RS";"Sul";4665;2400;2265;51,45;48,55;13057;-27,1711830762504;-53,3877716390977;18,8;2,2;14,8;1,8
"4323200";"Victor Graeff";"RS";"Sul";2780;1581;1199;56,87;43,13;24931;-28,5501609530394;-52,6852581635937;18,8;2,2;14,8;1,8
"4323309";"Vila Flores";"RS";"Sul";3646;2334;1312;64,02;35,98;2023;-28,8588236815093;-51,552923410141;18,8;2,2;14,8;1,8
"4323358";"Vila Lângaro";"RS";"Sul";2079;631;1448;30,35;69,65;13877;-28,128021327688;-52,1424294624971;18,8;2,2;14,8;1,8
"4323408";"Vila Maria";"RS";"Sul";4413;2795;1618;63,34;36,66;13314;-28,5578027863342;-52,151684282013;18,8;2,2;14,8;1,8
"4323457";"Vila Nova do Sul";"RS";"Sul";3863;2329;1534;60,29;39,71;17802;-30,3459288935565;-53,8789135598647;18,8;2,2;14,8;1,8
"4323507";"Vista Alegre";"RS";"Sul";2660;1318;1342;49,55;50,45;2939;-27,3248093027866;-53,5102463127753;18,8;2,2;14,8;1,8
"4323606";"Vista Alegre do Prata";"RS";"Sul";1590;543;1047;34,15;65,85;2100;-28,8207592076694;-51,782145863928;18,8;2,2;14,8;1,8
"4323705";"Vista Gaúcha";"RS";"Sul";2783;1154;1629;41,47;58,53;5795;-27,2658309771253;-53,7008489014931;18,8;2,2;14,8;1,8
"4323754";"Vitória das Missões";"RS";"Sul";3260;1043;2217;31,99;68,01;15938;-28,3817850119706;-54,4636090805928;18,8;2,2;14,8;1,8
"4323770";"Westfália";"RS";"Sul";3098;1703;1395;54,97;45,03;356;-29,4064279491454;-51,7429355432565;18,8;2,2;14,8;1,8
"4323804";"Xangri-Lá";"RS";"Sul";16463;16431;32;99,81;0,19;371;-29,807961520407;-50,0697713642631;18,8;2,2;14,8;1,8
"5000203";"Água Clara";"MS";"Centro Oeste";16741;13750;2991;82,13;17,87;5435;-19,9621430236632;-52,9272816149835;21,7;2,6;18,5;2,4
"5000252";"Alcinópolis";"MS";"Centro Oeste";4537;2953;1584;65,09;34,91;17503;-18,2091665527149;-53,7490904465069;21,7;2,6;18,5;2,4
"5000609";"Amambai";"MS";"Centro Oeste";39325;25429;13896;64,66;35,34;213548;-23,1577497981898;-54,9680653482214;21,7;2,6;18,5;2,4
"5000708";"Anastácio";"MS";"Centro Oeste";24114;20861;3253;86,51;13,49;34052;-20,6962684592389;-55,7722738389108;21,7;2,6;18,5;2,4
"5000807";"Anaurilândia";"MS";"Centro Oeste";7653;4537;3116;59,28;40,72;57276;-22,1113400663736;-52,8048194158977;21,7;2,6;18,5;2,4
"5000856";"Angélica";"MS";"Centro Oeste";10729;8497;2232;79,2;20,8;69238;-22,0624103519823;-53,8659476603728;21,7;2,6;18,5;2,4
"5000906";"Antônio João";"MS";"Centro Oeste";9303;7184;2119;77,22;22,78;86519;-22,2057494222161;-55,9695931770796;21,7;2,6;18,5;2,4
"5001003";"Aparecida do Taboado";"MS";"Centro Oeste";27674;24984;2690;90,28;9,72;34214;-20,0756102266854;-51,2901441719962;21,7;2,6;18,5;2,4
"5001102";"Aquidauana";"MS";"Centro Oeste";46803;36899;9904;78,84;21,16;3838;-19,7459562936515;-55,8770691972433;21,7;2,6;18,5;2,4
"5001243";"Aral Moreira";"MS";"Centro Oeste";10748;5919;4829;55,07;44,93;207680;-22,9076241520943;-55,450181412484;21,7;2,6;18,5;2,4
"5001508";"Bandeirantes";"MS";"Centro Oeste";7940;5641;2299;71,05;28,95;144865;-19,8056118940615;-54,3057809637481;21,7;2,6;18,5;2,4
"5001904";"Bataguassu";"MS";"Centro Oeste";23031;20556;2475;89,25;10,75;25185;-21,8059030991016;-52,5723643534835;21,7;2,6;18,5;2,4
"5002001";"Batayporã";"MS";"Centro Oeste";10712;8495;2217;79,3;20,7;55483;-22,3906642467983;-53,1775704726662;21,7;2,6;18,5;2,4
"5002100";"Bela Vista";"MS";"Centro Oeste";21613;17600;4013;81,43;18,57;93558;-21,9345444832468;-56,5383389365199;21,7;2,6;18,5;2,4
"5002159";"Bodoquena";"MS";"Centro Oeste";8567;6216;2351;72,56;27,44;22013;-20,5487028528316;-56,6994511303027;21,7;2,6;18,5;2,4
"5002209";"Bonito";"MS";"Centro Oeste";23659;19503;4156;82,43;17,57;124196;-21,0329754113091;-56,4826416136474;21,7;2,6;18,5;2,4
"5002308";"Brasilândia";"MS";"Centro Oeste";11579;8108;3471;70,02;29,98;9048;-21,0758376921145;-52,4347914193942;21,7;2,6;18,5;2,4
"5002407";"Caarapó";"MS";"Centro Oeste";30612;23455;7157;76,62;23,38;226082;-22,5882572854811;-54,8026637122259;21,7;2,6;18,5;2,4
"5002605";"Camapuã";"MS";"Centro Oeste";13583;10626;2957;78,23;21,77;38092;-19,3418733684909;-53,8694160742393;21,7;2,6;18,5;2,4
"5002704";"Campo Grande";"MS";"Centro Oeste";898100;886582;11518;98,72;1,28;171959;-20,9130429346144;-54,2507412313399;21,7;2,6;18,5;2,4
"5002803";"Caracol";"MS";"Centro Oeste";5036;3328;1708;66,08;33,92;21017;-21,9406318883233;-57,0891488674319;21,7;2,6;18,5;2,4
"5002902";"Cassilândia";"MS";"Centro Oeste";20988;18925;2063;90,17;9,83;29499;-19,0954095752537;-52,1800448935786;21,7;2,6;18,5;2,4
"5002951";"Chapadão do Sul";"MS";"Centro Oeste";30993;28717;2276;92,66;7,34;207988;-18,9942761322453;-52,6981331673478;21,7;2,6;18,5;2,4
"5003108";"Corguinho";"MS";"Centro Oeste";4783;1871;2912;39,12;60,88;1150;-19,8074536854007;-55,0572867224176;21,7;2,6;18,5;2,4
"5003157";"Coronel Sapucaia";"MS";"Centro Oeste";14289;9793;4496;68,54;31,46;42369;-23,3476404534822;-55,3831380683148;21,7;2,6;18,5;2,4
"5003207";"Corumbá";"MS";"Centro Oeste";96268;88969;7299;92,42;7,58;4835;-18,7195132509763;-56,7175421462408;21,7;2,6;18,5;2,4
"5003256";"Costa Rica";"MS";"Centro Oeste";26037;23435;2602;90,01;9,99;209672;-18,5185954661884;-53,2030563957463;21,7;2,6;18,5;2,4
"5003306";"Coxim";"MS";"Centro Oeste";32151;29230;2921;90,91;9,09;22185;-18,2812375401109;-54,6742904394283;21,7;2,6;18,5;2,4
"5003454";"Deodápolis";"MS";"Centro Oeste";13663;12060;1603;88,27;11,73;35946;-22,1559874834666;-54,1521369551361;21,7;2,6;18,5;2,4
"5003488";"Dois Irmãos do Buriti";"MS";"Centro Oeste";11100;5615;5485;50,59;49,41;40373;-20,6000429138118;-55,3625667456535;21,7;2,6;18,5;2,4
"5003504";"Douradina";"MS";"Centro Oeste";5578;3635;1943;65,17;34,83;33325;-22,0139407064881;-54,5877974772852;21,7;2,6;18,5;2,4
"5003702";"Dourados";"MS";"Centro Oeste";243367;228516;14851;93,9;6,1;446242;-22,1451387492579;-54,8391993560527;21,7;2,6;18,5;2,4
"5003751";"Eldorado";"MS";"Centro Oeste";11386;9583;1803;84,16;15,84;39038;-23,7382337285831;-54,2250747183898;21,7;2,6;18,5;2,4
"5003801";"Fátima do Sul";"MS";"Centro Oeste";20609;19230;1379;93,31;6,69;28528;-22,3373583969557;-54,4396774977328;21,7;2,6;18,5;2,4
"5003900";"Figueirão";"MS";"Centro Oeste";3539;1886;1653;53,29;46,71;4106;-18,7444642414648;-53,8622100271244;21,7;2,6;18,5;2,4
"5004007";"Glória de Dourados";"MS";"Centro Oeste";10444;8450;1994;80,91;19,09;13282;-22,4272228762486;-54,192583199757;21,7;2,6;18,5;2,4
"5004106";"Guia Lopes da Laguna";"MS";"Centro Oeste";9940;8620;1320;86,72;13,28;49884;-21,5416880263669;-55,9962044355951;21,7;2,6;18,5;2,4
"5004304";"Iguatemi";"MS";"Centro Oeste";13808;10419;3389;75,46;24,54;79877;-23,4340889806181;-54,5382779172953;21,7;2,6;18,5;2,4
"5004403";"Inocência";"MS";"Centro Oeste";8404;5739;2665;68,29;31,71;4208;-19,6574257761208;-52,0220180674806;21,7;2,6;18,5;2,4
"5004502";"Itaporã";"MS";"Centro Oeste";24137;15375;8762;63,7;36,3;179404;-22,0054201666784;-54,8735052089558;21,7;2,6;18,5;2,4
"5004601";"Itaquiraí";"MS";"Centro Oeste";19423;10246;9177;52,75;47,25;107722;-23,3415083567086;-54,1191949294623;21,7;2,6;18,5;2,4
"5004700";"Ivinhema";"MS";"Centro Oeste";27821;23589;4232;84,79;15,21;90985;-22,3714594728646;-53,7991623102815;21,7;2,6;18,5;2,4
"5004809";"Japorã";"MS";"Centro Oeste";8148;1920;6228;23,56;76,44;7989;-23,8107421352482;-54,5380860255808;21,7;2,6;18,5;2,4
"5004908";"Jaraguari";"MS";"Centro Oeste";7139;2532;4607;35,47;64,53;58856;-20,2272507298618;-54,3485305303196;21,7;2,6;18,5;2,4
"5005004";"Jardim";"MS";"Centro Oeste";23981;22517;1464;93,9;6,1;45316;-21,5820992281182;-56,3520097767363;21,7;2,6;18,5;2,4
"5005103";"Jateí";"MS";"Centro Oeste";3586;1969;1617;54,91;45,09;81011;-22,7067739040581;-53,9577352356131;21,7;2,6;18,5;2,4
"5005152";"Juti";"MS";"Centro Oeste";6729;4919;1810;73,1;26,9;60576;-22,776302349767;-54,4887994742158;21,7;2,6;18,5;2,4
"5005202";"Ladário";"MS";"Centro Oeste";21522;20929;593;97,24;2,76;25;-19,1030663304682;-57,5687765337017;21,7;2,6;18,5;2,4
"5005251";"Laguna Carapã";"MS";"Centro Oeste";6799;3388;3411;49,83;50,17;202516;-22,6774554251793;-55,1321354898983;21,7;2,6;18,5;2,4
"5005400";"Maracaju";"MS";"Centro Oeste";45047;41041;4006;91,11;8,89;590207;-21,5432530311042;-55,3969664596936;21,7;2,6;18,5;2,4
"5005608";"Miranda";"MS";"Centro Oeste";25536;14461;11075;56,63;43,37;12083;-20,1211033297989;-56,5966142414806;21,7;2,6;18,5;2,4
"5005681";"Mundo Novo";"MS";"Centro Oeste";19193;16893;2300;88,02;11,98;14733;-23,9426649056516;-54,2742526477365;21,7;2,6;18,5;2,4
"5005707";"Naviraí";"MS";"Centro Oeste";50457;47442;3015;94,02;5,98;217286;-23,0225722493268;-54,0258340437585;21,7;2,6;18,5;2,4
"5005806";"Nioaque";"MS";"Centro Oeste";13220;7244;5976;54,8;45,2;39655;-21,1007886306565;-55,9013671430137;21,7;2,6;18,5;2,4
"5006002";"Nova Alvorada do Sul";"MS";"Centro Oeste";21822;18355;3467;84,11;15,89;203412;-21,4909997421202;-54,2169485726805;21,7;2,6;18,5;2,4
"5006200";"Nova Andradina";"MS";"Centro Oeste";48563;42501;6062;87,52;12,48;133490;-21,9255141663879;-53,4217900880934;21,7;2,6;18,5;2,4
"5006259";"Novo Horizonte do Sul";"MS";"Centro Oeste";4721;3175;1546;67,25;32,75;39033;-22,6030369428319;-53,7818916284019;21,7;2,6;18,5;2,4
"5006275";"Paraíso das Águas";"MS";"Centro Oeste";5510;2993;2517;54,32;45,68;128091;-19,2281361249008;-53,1303070711608;21,7;2,6;18,5;2,4
"5006309";"Paranaíba";"MS";"Centro Oeste";40957;37101;3856;90,59;9,41;24466;-19,5273749443359;-51,396246474974;21,7;2,6;18,5;2,4
"5006358";"Paranhos";"MS";"Centro Oeste";12921;6148;6773;47,58;52,42;31874;-23,7111162156136;-55,3560350641586;21,7;2,6;18,5;2,4
"5006408";"Pedro Gomes";"MS";"Centro Oeste";6941;5363;1578;77,27;22,73;29583;-17,9142913874124;-54,3389631491701;21,7;2,6;18,5;2,4
"5006606";"Ponta Porã";"MS";"Centro Oeste";92017;79687;12330;86,6;13,4;561602;-22,202081505985;-55,5839355520648;21,7;2,6;18,5;2,4
"5006903";"Porto Murtinho";"MS";"Centro Oeste";12859;8455;4404;65,75;34,25;14916;-21,2247279745625;-57,3833814596217;21,7;2,6;18,5;2,4
"5007109";"Ribas do Rio Pardo";"MS";"Centro Oeste";23150;18146;5004;78,38;21,62;31571;-20,5952698004743;-53,5446947292312;21,7;2,6;18,5;2,4
"5007208";"Rio Brilhante";"MS";"Centro Oeste";37601;33552;4049;89,23;10,77;336799;-21,6962037414592;-54,5581916554098;21,7;2,6;18,5;2,4
"5007307";"Rio Negro";"MS";"Centro Oeste";4841;3527;1314;72,86;27,14;4221;-19,4468367024821;-54,9628859356997;21,7;2,6;18,5;2,4
"5007406";"Rio Verde de Mato Grosso";"MS";"Centro Oeste";19818;16878;2940;85,17;14,83;46398;-18,813371418682;-55,0429453773658;21,7;2,6;18,5;2,4
"5007505";"Rochedo";"MS";"Centro Oeste";5199;3590;1609;69,05;30,95;15573;-19,9786834700878;-54,7354367619634;21,7;2,6;18,5;2,4
"5007554";"Santa Rita do Pardo";"MS";"Centro Oeste";7027;3638;3389;51,77;48,23;18085;-21,3187818017134;-52,775249249605;21,7;2,6;18,5;2,4
"5007695";"São Gabriel do Oeste";"MS";"Centro Oeste";29579;27078;2501;91,54;8,46;197853;-19,1688558410776;-54,4825367513484;21,7;2,6;18,5;2,4
"5007703";"Sete Quedas";"MS";"Centro Oeste";10994;8852;2142;80,52;19,48;56385;-23,8806255368376;-55,0277749137314;21,7;2,6;18,5;2,4
"5007802";"Selvíria";"MS";"Centro Oeste";8142;6238;1904;76,62;23,38;4782;-20,2820720184315;-51,7582672693458;21,7;2,6;18,5;2,4
"5007901";"Sidrolândia";"MS";"Centro Oeste";47118;32436;14682;68,84;31,16;464669;-21,0937022115941;-54,9420527985692;21,7;2,6;18,5;2,4
"5007935";"Sonora";"MS";"Centro Oeste";14516;13277;1239;91,46;8,54;108781;-17,6490497939435;-54,4319520771211;21,7;2,6;18,5;2,4
"5007950";"Tacuru";"MS";"Centro Oeste";10808;3828;6980;35,42;64,58;23614;-23,6492770890438;-54,9905056140913;21,7;2,6;18,5;2,4
"5007976";"Taquarussu";"MS";"Centro Oeste";3625;2739;886;75,56;24,44;20539;-22,6677419210102;-53,4309675640448;21,7;2,6;18,5;2,4
"5008008";"Terenos";"MS";"Centro Oeste";17652;9779;7873;55,4;44,6;56891;-20,4472814041909;-55,0241743188742;21,7;2,6;18,5;2,4
"5008305";"Três Lagoas";"MS";"Centro Oeste";132152;127333;4819;96,35;3,65;1371;-20,4381923157667;-52,2121428990332;21,7;2,6;18,5;2,4
"5008404";"Vicentina";"MS";"Centro Oeste";6336;4921;1415;77,67;22,33;22285;-22,4671041660595;-54,4248609555641;21,7;2,6;18,5;2,4
"5100102";"Acorizal";"MT";"Centro Oeste";5014;2989;2025;59,61;40,39;208;-15,1773076856266;-56,3179911414436;27,2;3,9;22,1;2,8
"5100201";"Água Boa";"MT";"Centro Oeste";29219;24523;4696;83,93;16,07;308570;-13,9776828088893;-52,5003560707966;27,2;3,9;22,1;2,8
"5100250";"Alta Floresta";"MT";"Centro Oeste";58613;51412;7201;87,71;12,29;128339;-10,0556369614739;-56,3673814614112;27,2;3,9;22,1;2,8
"5100300";"Alto Araguaia";"MT";"Centro Oeste";17193;15083;2110;87,73;12,27;64845;-17,4490229159016;-53,4664112088161;27,2;3,9;22,1;2,8
"5100359";"Alto Boa Vista";"MT";"Centro Oeste";5715;3840;1875;67,19;32,81;55734;-11,8116077495469;-51,7501673703028;27,2;3,9;22,1;2,8
"5100409";"Alto Garças";"MT";"Centro Oeste";13052;12091;961;92,64;7,36;192630;-16,8881893295414;-53,5807038480271;27,2;3,9;22,1;2,8
"5100508";"Alto Paraguai";"MT";"Centro Oeste";8009;5359;2650;66,91;33,09;11669;-14,7597624766059;-56,6611358385371;27,2;3,9;22,1;2,8
"5100607";"Alto Taquari";"MT";"Centro Oeste";10904;10290;614;94,37;5,63;138045;-17,8270525327595;-53,2967627077997;27,2;3,9;22,1;2,8
"5100805";"Apiacás";"MT";"Centro Oeste";8590;6251;2339;72,77;27,23;7546;-8,75797512862948;-57,8266724539641;27,2;3,9;22,1;2,8
"5101001";"Araguaiana";"MT";"Centro Oeste";3795;2539;1256;66,9;33,1;14110;-15,1296913708696;-51,8062608938072;27,2;3,9;22,1;2,8
"5101209";"Araguainha";"MT";"Centro Oeste";1010;862;148;85,35;14,65;2797;-16,7505196148851;-53,1212873752338;27,2;3,9;22,1;2,8
"5101258";"Araputanga";"MT";"Centro Oeste";14786;12541;2245;84,82;15,18;2573;-15,2529390024632;-58,4592688229134;27,2;3,9;22,1;2,8
"5101308";"Arenápolis";"MT";"Centro Oeste";10576;9878;698;93,4;6,6;11612;-14,5070546380755;-56,8593959599325;27,2;3,9;22,1;2,8
"5101407";"Aripuanã";"MT";"Centro Oeste";24626;18194;6432;73,88;26,12;27057;-10,1795757791545;-59,856662833578;27,2;3,9;22,1;2,8
"5101605";"Barão de Melgaço";"MT";"Centro Oeste";7253;3316;3937;45,72;54,28;177;-16,8102165728615;-56,0292254838467;27,2;3,9;22,1;2,8
"5101704";"Barra do Bugres";"MT";"Centro Oeste";29403;25283;4120;85,99;14,01;58675;-15,0681577342765;-57,5599726271744;27,2;3,9;22,1;2,8
"5101803";"Barra do Garças";"MT";"Centro Oeste";69210;62270;6940;89,97;10,03;80624;-15,3628685787411;-52,4426832864866;27,2;3,9;22,1;2,8
"5101852";"Bom Jesus do Araguaia";"MT";"Centro Oeste";7280;3850;3430;52,88;47,12;238618;-12,2178005098836;-51,7396117955184;27,2;3,9;22,1;2,8
"5101902";"Brasnorte";"MT";"Centro Oeste";17004;10321;6683;60,7;39,3;476259;-12,4223145427321;-57,9994209273602;27,2;3,9;22,1;2,8
"5102504";"Cáceres";"MT";"Centro Oeste";89681;79388;10293;88,52;11,48;17641;-16,536411137273;-57,8334029698386;27,2;3,9;22,1;2,8
"5102603";"Campinápolis";"MT";"Centro Oeste";15347;5707;9640;37,19;62,81;60520;-14,3743109524332;-53,128463206919;27,2;3,9;22,1;2,8
"5102637";"Campo Novo do Parecis";"MT";"Centro Oeste";45899;42905;2994;93,48;6,52;752065;-13,6879478524496;-57,9309853214906;27,2;3,9;22,1;2,8
"5102678";"Campo Verde";"MT";"Centro Oeste";44585;38891;5694;87,23;12,77;460374;-15,3447583518302;-54,9577638320391;27,2;3,9;22,1;2,8
"5102686";"Campos de Júlio";"MT";"Centro Oeste";8822;7041;1781;79,81;20,19;406864;-13,5790706889349;-59,1928895590893;27,2;3,9;22,1;2,8
"5102694";"Canabrava do Norte";"MT";"Centro Oeste";4485;2782;1703;62,03;37,97;72000;-11,2015799497003;-51,8236060077603;27,2;3,9;22,1;2,8
"5102702";"Canarana";"MT";"Centro Oeste";25858;20234;5624;78,25;21,75;452510;-13,3299283479784;-52,3992975176838;27,2;3,9;22,1;2,8
"5102793";"Carlinda";"MT";"Centro Oeste";10332;6119;4213;59,22;40,78;44749;-10,1063268465771;-55,8340520072675;27,2;3,9;22,1;2,8
"5102850";"Castanheira";"MT";"Centro Oeste";7506;3691;3815;49,17;50,83;4167;-10,9406749318532;-58,6027954148195;27,2;3,9;22,1;2,8
"5103007";"Chapada dos Guimarães";"MT";"Centro Oeste";18990;12999;5991;68,45;31,55;66615;-15,1210189731709;-55,5521100137635;27,2;3,9;22,1;2,8
"5103056";"Cláudia";"MT";"Centro Oeste";9593;7122;2471;74,24;25,76;216400;-11,4481381556979;-55,0477172223313;27,2;3,9;22,1;2,8
"5103106";"Cocalinho";"MT";"Centro Oeste";6220;3978;2242;63,95;36,05;22580;-13,8683997589458;-51,147616586826;27,2;3,9;22,1;2,8
"5103205";"Colíder";"MT";"Centro Oeste";31370;26189;5181;83,48;16,52;58371;-10,6308494003391;-55,4686507568712;27,2;3,9;22,1;2,8
"5103254";"Colniza";"MT";"Centro Oeste";25766;15428;10338;59,88;40,12;11103;-9,29305080497405;-60,3041214571456;27,2;3,9;22,1;2,8
"5103304";"Comodoro";"MT";"Centro Oeste";18238;12807;5431;70,22;29,78;200257;-13,1928499402066;-59,7504080591583;27,2;3,9;22,1;2,8
"5103353";"Confresa";"MT";"Centro Oeste";35075;27010;8065;77,01;22,99;124407;-10,4041857976722;-51,6986026719453;27,2;3,9;22,1;2,8
"5103361";"Conquista D'oeste";"MT";"Centro Oeste";3760;2456;1304;65,32;34,68;13409;-14,6346106745315;-59,3321656631728;27,2;3,9;22,1;2,8
"5103379";"Cotriguaçu";"MT";"Centro Oeste";11011;5109;5902;46,4;53,6;10235;-9,53720915086995;-58,6753275095043;27,2;3,9;22,1;2,8
"5103403";"Cuiabá";"MT";"Centro Oeste";650877;639724;11153;98,29;1,71;2361;-15,5924434032334;-55,8190681551795;27,2;3,9;22,1;2,8
"5103437";"Curvelândia";"MT";"Centro Oeste";4903;3083;1820;62,88;37,12;2383;-15,6170942449453;-57,8765008950192;27,2;3,9;22,1;2,8
"5103452";"Denise";"MT";"Centro Oeste";7014;6222;792;88,71;11,29;55599;-14,7299722959122;-56,9616016130457;27,2;3,9;22,1;2,8
"5103502";"Diamantino";"MT";"Centro Oeste";21941;17536;4405;79,92;20,08;756067;-14,0960042202807;-56,8050587638211;27,2;3,9;22,1;2,8
"5103601";"Dom Aquino";"MT";"Centro Oeste";7872;6249;1623;79,38;20,62;79005;-15,6561901521483;-54,7764271276168;27,2;3,9;22,1;2,8
"5103700";"Feliz Natal";"MT";"Centro Oeste";10521;7442;3079;70,73;29,27;275040;-11,9327611973586;-54,1832690618793;27,2;3,9;22,1;2,8
"5103809";"Figueirópolis D'oeste";"MT";"Centro Oeste";3187;1952;1235;61,25;38,75;1107;-15,5273119293914;-58,7025586747417;27,2;3,9;22,1;2,8
"5103858";"Gaúcha do Norte";"MT";"Centro Oeste";8642;3965;4677;45,88;54,12;271222;-12,995342615917;-53,4559333640946;27,2;3,9;22,1;2,8
"5103908";"General Carneiro";"MT";"Centro Oeste";6037;2671;3366;44,24;55,76;104650;-15,520297443082;-53,3427156800579;27,2;3,9;22,1;2,8
"5103957";"Glória D'oeste";"MT";"Centro Oeste";2905;2027;878;69,78;30,22;3579;-15,8391980838263;-58,3253530464561;27,2;3,9;22,1;2,8
"5104104";"Guarantã do Norte";"MT";"Centro Oeste";31024;26274;4750;84,69;15,31;39660;-9,77631245745721;-54,6210521313841;27,2;3,9;22,1;2,8
"5104203";"Guiratinga";"MT";"Centro Oeste";10966;9084;1882;82,84;17,16;106845;-16,3847833180924;-53,5898262175574;27,2;3,9;22,1;2,8
"5104500";"Indiavaí";"MT";"Centro Oeste";2213;1621;592;73,25;26,75;285;-15,3352161124481;-58,5975433699311;27,2;3,9;22,1;2,8
"5104526";"Ipiranga do Norte";"MT";"Centro Oeste";7815;5861;1954;75;25;448302;-12,0167970832198;-56,0584598560487;27,2;3,9;22,1;2,8
"5104542";"Itanhangá";"MT";"Centro Oeste";7539;4650;2889;61,68;38,32;206221;-12,1404131654195;-56,75490617846;27,2;3,9;22,1;2,8
"5104559";"Itaúba";"MT";"Centro Oeste";5020;4096;924;81,59;18,41;132583;-11,111171508704;-55,5898525550225;27,2;3,9;22,1;2,8
"5104609";"Itiquira";"MT";"Centro Oeste";12236;8509;3727;69,54;30,46;396436;-17,3342829957625;-54,5971120258385;27,2;3,9;22,1;2,8
"5104807";"Jaciara";"MT";"Centro Oeste";28569;25994;2575;90,99;9,01;120096;-15,9756359696596;-55,1917711988771;27,2;3,9;22,1;2,8
"5104906";"Jangada";"MT";"Centro Oeste";7426;3696;3730;49,77;50,23;5531;-15,3379103870653;-56,5728419504684;27,2;3,9;22,1;2,8
"5105002";"Jauru";"MT";"Centro Oeste";8367;5560;2807;66,45;33,55;255;-15,3048332696824;-58,8656518098515;27,2;3,9;22,1;2,8
"5105101";"Juara";"MT";"Centro Oeste";34906;28060;6846;80,39;19,61;185435;-11,023222282464;-57,6181468983064;27,2;3,9;22,1;2,8
"5105150";"Juína";"MT";"Centro Oeste";45869;36835;9034;80,3;19,7;70358;-11,5318506232647;-59,3246907411928;27,2;3,9;22,1;2,8
"5105176";"Juruena";"MT";"Centro Oeste";10213;7473;2740;73,17;26,83;5360;-10,3974839404942;-58,6247249281028;27,2;3,9;22,1;2,8
"5105200";"Juscimeira";"MT";"Centro Oeste";11480;7854;3626;68,41;31,59;62235;-16,1828869377544;-54,9039759613808;27,2;3,9;22,1;2,8
"5105234";"Lambari D'oeste";"MT";"Centro Oeste";4790;2963;1827;61,86;38,14;11342;-15,3769947691215;-57,7792175865903;27,2;3,9;22,1;2,8
"5105259";"Lucas do Rio Verde";"MT";"Centro Oeste";83798;80626;3172;96,21;3,79;461291;-13,0371727905428;-56,1674932277924;27,2;3,9;22,1;2,8
"5105309";"Luciara";"MT";"Centro Oeste";2509;1859;650;74,09;25,91;8432;-11,0147916500627;-50,9457994927393;27,2;3,9;22,1;2,8
"5105507";"Vila Bela da Santíssima Trindade";"MT";"Centro Oeste";16774;6394;10380;38,12;61,88;95272;-15,189412500014;-59,9911085098331;27,2;3,9;22,1;2,8
"5105580";"Marcelândia";"MT";"Centro Oeste";11396;8110;3286;71,17;28,83;225064;-10,8863614508765;-54,0532663130369;27,2;3,9;22,1;2,8
"5105606";"Matupá";"MT";"Centro Oeste";20091;16131;3960;80,29;19,71;118608;-10,014058424896;-54,3565016487694;27,2;3,9;22,1;2,8
"5105622";"Mirassol D'oeste";"MT";"Centro Oeste";26785;22670;4115;84,64;15,36;10362;-15,6541108602685;-58,0549283501759;27,2;3,9;22,1;2,8
"5105903";"Nobres";"MT";"Centro Oeste";15492;13442;2050;86,77;13,23;87526;-14,3769705680702;-55,8121727783836;27,2;3,9;22,1;2,8
"5106000";"Nortelândia";"MT";"Centro Oeste";5956;5015;941;84,2;15,8;57609;-14,3476401793647;-56,7226108470778;27,2;3,9;22,1;2,8
"5106109";"Nossa Senhora do Livramento";"MT";"Centro Oeste";12940;5328;7612;41,17;58,83;7726;-15,8389806709923;-56,4843776962878;27,2;3,9;22,1;2,8
"5106158";"Nova Bandeirantes";"MT";"Centro Oeste";13635;6544;7091;47,99;52,01;30386;-9,7680655891508;-58,0772613223849;27,2;3,9;22,1;2,8
"5106174";"Nova Nazaré";"MT";"Centro Oeste";4200;1492;2708;35,52;64,48;30620;-14,1559081598773;-51,8896492269373;27,2;3,9;22,1;2,8
"5106182";"Nova Lacerda";"MT";"Centro Oeste";6670;3421;3249;51,29;48,71;62169;-14,2998188434719;-59,7715420114167;27,2;3,9;22,1;2,8
"5106190";"Nova Santa Helena";"MT";"Centro Oeste";4239;2671;1568;63,01;36,99;80634;-10,9188335429705;-54,9067088720256;27,2;3,9;22,1;2,8
"5106208";"Nova Brasilândia";"MT";"Centro Oeste";3932;2801;1131;71,24;28,76;26580;-14,7845109267734;-55,0508380364683;27,2;3,9;22,1;2,8
"5106216";"Nova Canaã do Norte";"MT";"Centro Oeste";11707;7409;4298;63,29;36,71;126752;-10,700234816508;-56,0416144258057;27,2;3,9;22,1;2,8
"5106224";"Nova Mutum";"MT";"Centro Oeste";55839;49471;6368;88,6;11,4;758334;-13,6293588967303;-56,1065422522561;27,2;3,9;22,1;2,8
"5106232";"Nova Olímpia";"MT";"Centro Oeste";16352;14716;1636;90;10;24477;-14,80449808765;-57,4214523481892;27,2;3,9;22,1;2,8
"5106240";"Nova Ubiratã";"MT";"Centro Oeste";11530;7932;3598;68,79;31,21;806133;-12,9959862738187;-54,7589427133846;27,2;3,9;22,1;2,8
"5106257";"Nova Xavantina";"MT";"Centro Oeste";24345;20028;4317;82,27;17,73;91605;-14,596889190137;-52,4069314443756;27,2;3,9;22,1;2,8
"5106265";"Novo Mundo";"MT";"Centro Oeste";6520;2650;3870;40,64;59,36;143966;-9,75216775851823;-55,4037246504269;27,2;3,9;22,1;2,8
"5106273";"Novo Horizonte do Norte";"MT";"Centro Oeste";3349;1968;1381;58,76;41,24;15012;-11,3836645574104;-57,3035179958452;27,2;3,9;22,1;2,8
"5106281";"Novo São Joaquim";"MT";"Centro Oeste";6919;4183;2736;60,46;39,54;150864;-15,0782004163364;-53,2581464106044;27,2;3,9;22,1;2,8
"5106299";"Paranaíta";"MT";"Centro Oeste";11671;7289;4382;62,45;37,55;49904;-9,59356562295326;-56,6826763104379;27,2;3,9;22,1;2,8
"5106307";"Paranatinga";"MT";"Centro Oeste";26423;19043;7380;72,07;27,93;528521;-13,6760416875979;-54,1087791473894;27,2;3,9;22,1;2,8
"5106315";"Novo Santo Antônio";"MT";"Centro Oeste";2015;1359;656;67,44;32,56;2713;-12,3131586584421;-50,8879960590724;27,2;3,9;22,1;2,8
"5106372";"Pedra Preta";"MT";"Centro Oeste";18066;13921;4145;77,06;22,94;131212;-16,7951283974276;-54,2490844272774;27,2;3,9;22,1;2,8
"5106422";"Peixoto de Azevedo";"MT";"Centro Oeste";32714;26397;6317;80,69;19,31;145263;-10,149685571392;-53,5936261268914;27,2;3,9;22,1;2,8
"5106455";"Planalto da Serra";"MT";"Centro Oeste";3166;2462;704;77,76;22,24;60330;-14,5887020598401;-54,6739934465176;27,2;3,9;22,1;2,8
"5106505";"Poconé";"MT";"Centro Oeste";31217;23408;7809;74,98;25,02;17200;-16,781408356189;-56,9436218795689;27,2;3,9;22,1;2,8
"5106653";"Pontal do Araguaia";"MT";"Centro Oeste";6932;5899;1033;85,1;14,9;5301;-15,93203597039;-52,7215109414281;27,2;3,9;22,1;2,8
"5106703";"Ponte Branca";"MT";"Centro Oeste";2008;1740;268;86,65;13,35;720;-16,6590263154098;-52,9365233185523;27,2;3,9;22,1;2,8
"5106752";"Pontes E Lacerda";"MT";"Centro Oeste";52018;44796;7222;86,12;13,88;69394;-15,5163393947432;-59,4571687971236;27,2;3,9;22,1;2,8
"5106778";"Porto Alegre do Norte";"MT";"Centro Oeste";12127;8439;3688;69,59;30,41;95072;-10,8263015131469;-51,7137297208024;27,2;3,9;22,1;2,8
"5106802";"Porto dos Gaúchos";"MT";"Centro Oeste";5593;3391;2202;60,63;39,37;410965;-11,7350925389934;-56,7459021266849;27,2;3,9;22,1;2,8
"5106828";"Porto Esperidião";"MT";"Centro Oeste";10204;5333;4871;52,26;47,74;4458;-15,9566982179733;-58,9821818892315;27,2;3,9;22,1;2,8
"5106851";"Porto Estrela";"MT";"Centro Oeste";3224;1627;1597;50,47;49,53;2421;-15,5210850243686;-57,2153684646527;27,2;3,9;22,1;2,8
"5107008";"Poxoréu";"MT";"Centro Oeste";23283;16262;7021;69,84;30,16;125769;-15,8507071431574;-54,1860069638668;27,2;3,9;22,1;2,8
"5107040";"Primavera do Leste";"MT";"Centro Oeste";85146;81543;3603;95,77;4,23;560153;-15,096500353709;-54,2198608935731;27,2;3,9;22,1;2,8
"5107065";"Querência";"MT";"Centro Oeste";26769;20984;5785;78,39;21,61;696466;-12,1583587539953;-52,7442597788223;27,2;3,9;22,1;2,8
"5107107";"São José dos Quatro Marcos";"MT";"Centro Oeste";17849;14264;3585;79,91;20,09;992;-15,566595656979;-58,2970663324807;27,2;3,9;22,1;2,8
"5107156";"Reserva do Cabaçal";"MT";"Centro Oeste";2122;1530;592;72,1;27,9;84;-14,9283711206084;-58,4577490780662;27,2;3,9;22,1;2,8
"5107180";"Ribeirão Cascalheira";"MT";"Centro Oeste";10089;6074;4015;60,2;39,8;149270;-12,8746468185974;-51,5682410859884;27,2;3,9;22,1;2,8
"5107198";"Ribeirãozinho";"MT";"Centro Oeste";2593;2143;450;82,65;17,35;47060;-16,4940253628895;-52,7597878437828;27,2;3,9;22,1;2,8
"5107206";"Rio Branco";"MT";"Centro Oeste";4535;3778;757;83,31;16,69;498;-15,2729687926181;-58,1497599712776;27,2;3,9;22,1;2,8
"5107248";"Santa Carmem";"MT";"Centro Oeste";5374;4305;1069;80,11;19,89;250660;-11,934721423525;-54,8997116657159;27,2;3,9;22,1;2,8
"5107263";"Santo Afonso";"MT";"Centro Oeste";2519;1440;1079;57,17;42,83;31560;-14,4504112057532;-57,3467497473875;27,2;3,9;22,1;2,8
"5107297";"São José do Povo";"MT";"Centro Oeste";2875;1365;1510;47,48;52,52;321;-16,4708965821833;-54,2680931301371;27,2;3,9;22,1;2,8
"5107305";"São José do Rio Claro";"MT";"Centro Oeste";14911;12439;2472;83,42;16,58;249686;-13,5511385857913;-56,8081182196515;27,2;3,9;22,1;2,8
"5107354";"São José do Xingu";"MT";"Centro Oeste";5964;4647;1317;77,92;22,08;267260;-10,6964064375444;-52,6169114564839;27,2;3,9;22,1;2,8
"5107404";"São Pedro da Cipa";"MT";"Centro Oeste";4191;3620;571;86,38;13,62;4414;-15,9540489388801;-54,7402767650376;27,2;3,9;22,1;2,8
"5107578";"Rondolândia";"MT";"Centro Oeste";3505;1049;2456;29,93;70,07;828;-10,4627452490851;-61,0100614049361;27,2;3,9;22,1;2,8
"5107602";"Rondonópolis";"MT";"Centro Oeste";244911;236494;8417;96,56;3,44;159181;-16,5671847570352;-54,6846801461389;27,2;3,9;22,1;2,8
"5107701";"Rosário Oeste";"MT";"Centro Oeste";15453;9846;5607;63,72;36,28;59413;-14,7645919631855;-55,9348097104984;27,2;3,9;22,1;2,8
"5107743";"Santa Cruz do Xingu";"MT";"Centro Oeste";2661;1751;910;65,8;34,2;126150;-10,0645794624825;-52,5414407825031;27,2;3,9;22,1;2,8
"5107750";"Salto do Céu";"MT";"Centro Oeste";3679;2067;1612;56,18;43,82;2749;-15,050872842853;-58,0509512310765;27,2;3,9;22,1;2,8
"5107768";"Santa Rita do Trivelato";"MT";"Centro Oeste";3276;1817;1459;55,46;44,54;308987;-13,8329404504672;-55,2943122823;27,2;3,9;22,1;2,8
"5107776";"Santa Terezinha";"MT";"Centro Oeste";7596;2989;4607;39,35;60,65;64398;-10,3323450668488;-50,7919159497459;27,2;3,9;22,1;2,8
"5107792";"Santo Antônio do Leste";"MT";"Centro Oeste";4099;2549;1550;62,19;37,81;239223;-14,8051044297384;-53,6697780355475;27,2;3,9;22,1;2,8
"5107800";"Santo Antônio de Leverger";"MT";"Centro Oeste";15246;9014;6232;59,12;40,88;73389;-16,5348235380268;-55,448111191662;27,2;3,9;22,1;2,8
"5107859";"São Félix do Araguaia";"MT";"Centro Oeste";13621;8022;5599;58,89;41,11;551083;-11,4554233611192;-51,9705359701188;27,2;3,9;22,1;2,8
"5107875";"Sapezal";"MT";"Centro Oeste";28944;25470;3474;88;12;722874;-13,1534453606768;-58,6535262160714;27,2;3,9;22,1;2,8
"5107883";"Serra Nova Dourada";"MT";"Centro Oeste";1800;859;941;47,72;52,28;32488;-12,0229750485231;-51,3620899188723;27,2;3,9;22,1;2,8
"5107909";"Sinop";"MT";"Centro Oeste";196312;190451;5861;97,01;2,99;338864;-11,7107320005339;-55,5015956984021;27,2;3,9;22,1;2,8
"5107925";"Sorriso";"MT";"Centro Oeste";110635;104672;5963;94,61;5,39;1201535;-12,7367114745509;-55,6817140959209;27,2;3,9;22,1;2,8
"5107941";"Tabaporã";"MT";"Centro Oeste";9818;5014;4804;51,07;48,93;474059;-11,2141034182896;-56,496670792036;27,2;3,9;22,1;2,8
"5107958";"Tangará da Serra";"MT";"Centro Oeste";106434;97939;8495;92,02;7,98;201529;-14,4310125545703;-58,291926614764;27,2;3,9;22,1;2,8
"5108006";"Tapurah";"MT";"Centro Oeste";14370;11135;3235;77,49;22,51;403797;-12,5679920286963;-56,5317817254502;27,2;3,9;22,1;2,8
"5108055";"Terra Nova do Norte";"MT";"Centro Oeste";10616;6242;4374;58,8;41,2;61907;-10,5125712067394;-54,9841102178894;27,2;3,9;22,1;2,8
"5108105";"Tesouro";"MT";"Centro Oeste";3025;2220;805;73,39;26,61;52757;-15,9066092063286;-53,4563105294481;27,2;3,9;22,1;2,8
"5108204";"Torixoréu";"MT";"Centro Oeste";4164;3052;1112;73,29;26,71;37191;-16,2947243527784;-52,8897857600273;27,2;3,9;22,1;2,8
"5108303";"União do Sul";"MT";"Centro Oeste";3838;3044;794;79,31;20,69;144647;-11,5276697027312;-54,316357329209;27,2;3,9;22,1;2,8
"5108352";"Vale de São Domingos";"MT";"Centro Oeste";2904;764;2140;26,31;73,69;298;-14,9657702059753;-58,9629375108988;27,2;3,9;22,1;2,8
"5108402";"Várzea Grande";"MT";"Centro Oeste";300078;296557;3521;98,83;1,17;130;-15,5623887538261;-56,2428560229603;27,2;3,9;22,1;2,8
"5108501";"Vera";"MT";"Centro Oeste";12800;10568;2232;82,56;17,44;299245;-12,4413930264447;-55,3426349463764;27,2;3,9;22,1;2,8
"5108600";"Vila Rica";"MT";"Centro Oeste";19888;14297;5591;71,89;28,11;110790;-9,9808390641448;-51,4065943739801;27,2;3,9;22,1;2,8
"5108808";"Nova Guarita";"MT";"Centro Oeste";4590;2928;1662;63,79;36,21;36078;-10,2938543986897;-55,3381951497275;27,2;3,9;22,1;2,8
"5108857";"Nova Marilândia";"MT";"Centro Oeste";3529;2484;1045;70,39;29,61;11430;-14,2905386665312;-57,2573541037529;27,2;3,9;22,1;2,8
"5108907";"Nova Maringá";"MT";"Centro Oeste";5846;3696;2150;63,22;36,78;359422;-12,782999493401;-57,2203650040267;27,2;3,9;22,1;2,8
"5108956";"Nova Monte Verde";"MT";"Centro Oeste";8313;5031;3282;60,52;39,48;48466;-9,97013567203837;-57,245634752162;27,2;3,9;22,1;2,8
"5200050";"Abadia de Goiás";"GO";"Centro Oeste";19128;18450;678;96,46;3,54;1367;-16,7856067305186;-49,4520184526986;24,4;3,7;17,9;2,4
"5200100";"Abadiânia";"GO";"Centro Oeste";17232;13063;4169;75,81;24,19;11176;-16,1866534548151;-48,7134837531721;24,4;3,7;17,9;2,4
"5200134";"Acreúna";"GO";"Centro Oeste";21568;20350;1218;94,35;5,65;132563;-17,4522904828668;-50,3260575161708;24,4;3,7;17,9;2,4
"5200159";"Adelândia";"GO";"Centro Oeste";2297;1981;316;86,24;13,76;800;-16,3691717857958;-50,1845271041059;24,4;3,7;17,9;2,4
"5200175";"Água Fria de Goiás";"GO";"Centro Oeste";4954;3062;1892;61,81;38,19;75739;-14,9065630621141;-47,7950994144226;24,4;3,7;17,9;2,4
"5200209";"Água Limpa";"GO";"Centro Oeste";1858;1457;401;78,42;21,58;404;-18,0798007408369;-48,7911297050234;24,4;3,7;17,9;2,4
"5200258";"Águas Lindas de Goiás";"GO";"Centro Oeste";225693;225174;519;99,77;0,23;1214;-15,7557475471665;-48,2858408037337;24,4;3,7;17,9;2,4
"5200308";"Alexânia";"GO";"Centro Oeste";27008;24909;2099;92,23;7,77;10390;-16,0891351347213;-48,4818986142656;24,4;3,7;17,9;2,4
"5200506";"Aloândia";"GO";"Centro Oeste";1973;1739;234;88,14;11,86;4634;-17,6938246073927;-49,4653970766062;24,4;3,7;17,9;2,4
"5200555";"Alto Horizonte";"GO";"Centro Oeste";6072;5378;694;88,57;11,43;522;-14,1710893036806;-49,4288562897527;24,4;3,7;17,9;2,4
"5200605";"Alto Paraíso de Goiás";"GO";"Centro Oeste";10306;7725;2581;74,96;25,04;27077;-14,1830551612324;-47,5350244515895;24,4;3,7;17,9;2,4
"5200803";"Alvorada do Norte";"GO";"Centro Oeste";8446;7311;1135;86,56;13,44;3960;-14,5671739530133;-46,6326039958737;24,4;3,7;17,9;2,4
"5200829";"Amaralina";"GO";"Centro Oeste";3268;1524;1744;46,63;53,37;3370;-13,8423988438257;-49,615677495308;24,4;3,7;17,9;2,4
"5200852";"Americano do Brasil";"GO";"Centro Oeste";5259;4820;439;91,65;8,35;1500;-16,2610181896923;-50,0000195772869;24,4;3,7;17,9;2,4
"5200902";"Amorinópolis";"GO";"Centro Oeste";3007;2016;991;67,04;32,96;10618;-16,6259185109291;-51,1086462491913;24,4;3,7;17,9;2,4
"5201108";"Anápolis";"GO";"Centro Oeste";398869;391652;7217;98,19;1,81;16803;-16,2905553629923;-48,9729025716701;24,4;3,7;17,9;2,4
"5201207";"Anhanguera";"GO";"Centro Oeste";924;874;50;94,59;5,41;538;-18,3123705758361;-48,2254311117114;24,4;3,7;17,9;2,4
"5201306";"Anicuns";"GO";"Centro Oeste";18503;15857;2646;85,7;14,3;18250;-16,3970895307439;-49,9678597422603;24,4;3,7;17,9;2,4
"5201405";"Aparecida de Goiânia";"GO";"Centro Oeste";527796;527178;618;99,88;0,12;413;-16,8100245352087;-49,2624655596965;24,4;3,7;17,9;2,4
"5201454";"Aparecida do Rio Doce";"GO";"Centro Oeste";2907;2344;563;80,63;19,37;3000;-18,2161057696504;-51,2629993754275;24,4;3,7;17,9;2,4
"5201504";"Aporé";"GO";"Centro Oeste";4325;3291;1034;76,09;23,91;76413;-18,7683796691082;-52,0453674968245;24,4;3,7;17,9;2,4
"5201603";"Araçu";"GO";"Centro Oeste";3799;3396;403;89,39;10,61;1729;-16,3659799445945;-49,7008198964978;24,4;3,7;17,9;2,4
"5201702";"Aragarças";"GO";"Centro Oeste";18390;17610;780;95,76;4,24;1496;-15,9694319324129;-52,1459744316999;24,4;3,7;17,9;2,4
"5201801";"Aragoiânia";"GO";"Centro Oeste";11890;11054;836;92,97;7,03;2893;-16,9515029408;-49,4187295380306;24,4;3,7;17,9;2,4
"5202155";"Araguapaz";"GO";"Centro Oeste";7153;5040;2113;70,46;29,54;4682;-15,1394443918389;-50,4395095058048;24,4;3,7;17,9;2,4
"5202353";"Arenópolis";"GO";"Centro Oeste";2946;1694;1252;57,5;42,5;19025;-16,3531327122393;-51,5853750611215;24,4;3,7;17,9;2,4
"5202502";"Aruanã";"GO";"Centro Oeste";8300;7056;1244;85,01;14,99;15201;-14,8054108729448;-50,9375315347115;24,4;3,7;17,9;2,4
"5202601";"Aurilândia";"GO";"Centro Oeste";3284;2607;677;79,38;20,62;1365;-16,6952630290811;-50,5252224495709;24,4;3,7;17,9;2,4
"5202809";"Avelinópolis";"GO";"Centro Oeste";2868;2064;804;71,97;28,03;3980;-16,4928851956798;-49,7668110768069;24,4;3,7;17,9;2,4
"5203104";"Baliza";"GO";"Centro Oeste";3351;1219;2132;36,38;63,62;15060;-16,3598681242506;-52,4385081978756;24,4;3,7;17,9;2,4
"5203203";"Barro Alto";"GO";"Centro Oeste";10371;9377;994;90,42;9,58;17645;-14,9077904647968;-48,8794923180949;24,4;3,7;17,9;2,4
"5203302";"Bela Vista de Goiás";"GO";"Centro Oeste";34445;26918;7527;78,15;21,85;48052;-16,9576565441128;-48,9115416864068;24,4;3,7;17,9;2,4
"5203401";"Bom Jardim de Goiás";"GO";"Centro Oeste";7826;6256;1570;79,94;20,06;21090;-16,1685202147087;-52,073281471031;24,4;3,7;17,9;2,4
"5203500";"Bom Jesus de Goiás";"GO";"Centro Oeste";23958;22774;1184;95,06;4,94;129925;-18,1892114478081;-49,8784598201828;24,4;3,7;17,9;2,4
"5203559";"Bonfinópolis";"GO";"Centro Oeste";10296;9553;743;92,78;7,22;985;-16,6016620081013;-49,0096123701902;24,4;3,7;17,9;2,4
"5203575";"Bonópolis";"GO";"Centro Oeste";3299;2054;1245;62,26;37,74;24360;-13,5713631869484;-49,862369667027;24,4;3,7;17,9;2,4
"5203609";"Brazabrantes";"GO";"Centro Oeste";3992;2996;996;75,05;24,95;1092;-16,3861113886526;-49,377381126078;24,4;3,7;17,9;2,4
"5203807";"Britânia";"GO";"Centro Oeste";5695;4731;964;83,07;16,93;8727;-15,2370775266157;-51,2083123988054;24,4;3,7;17,9;2,4
"5203906";"Buriti Alegre";"GO";"Centro Oeste";10495;9886;609;94,2;5,8;31320;-18,1256449247786;-49,0078033412333;24,4;3,7;17,9;2,4
"5203939";"Buriti de Goiás";"GO";"Centro Oeste";2732;2318;414;84,85;15,15;579;-16,1694178694434;-50,4533025029512;24,4;3,7;17,9;2,4
"5203962";"Buritinópolis";"GO";"Centro Oeste";3145;1880;1265;59,78;40,22;26;-14,4067338169242;-46,2966610476819;24,4;3,7;17,9;2,4
"5204003";"Cabeceiras";"GO";"Centro Oeste";7560;5853;1707;77,42;22,58;62252;-15,7604572732582;-46,9927599153378;24,4;3,7;17,9;2,4
"5204102";"Cachoeira Alta";"GO";"Centro Oeste";11513;9736;1777;84,57;15,43;11099;-18,5420278076712;-50,9823024610091;24,4;3,7;17,9;2,4
"5204201";"Cachoeira de Goiás";"GO";"Centro Oeste";1405;1139;266;81,07;18,93;2010;-16,7195336865128;-50,6988536322234;24,4;3,7;17,9;2,4
"5204250";"Cachoeira Dourada";"GO";"Centro Oeste";7782;7238;544;93,01;6,99;36106;-18,4902555809348;-49,6230332313029;24,4;3,7;17,9;2,4
"5204300";"Caçu";"GO";"Centro Oeste";13774;11674;2100;84,75;15,25;28619;-18,7005457027032;-51,1316660036284;24,4;3,7;17,9;2,4
"5204409";"Caiapônia";"GO";"Centro Oeste";16513;12389;4124;75,03;24,97;227291;-17,0071486060631;-51,8147967101365;24,4;3,7;17,9;2,4
"5204508";"Caldas Novas";"GO";"Centro Oeste";98622;96119;2503;97,46;2,54;62007;-17,7094448176621;-48,6463493533528;24,4;3,7;17,9;2,4
"5204557";"Caldazinha";"GO";"Centro Oeste";4507;2929;1578;64,99;35,01;1049;-16,7424144851022;-48,9719362465938;24,4;3,7;17,9;2,4
"5204607";"Campestre de Goiás";"GO";"Centro Oeste";3755;2814;941;74,94;25,06;1030;-16,7879684809616;-49,6996452437982;24,4;3,7;17,9;2,4
"5204656";"Campinaçu";"GO";"Centro Oeste";3708;2362;1346;63,7;36,3;4410;-13,8844446468462;-48,5682322973144;24,4;3,7;17,9;2,4
"5204706";"Campinorte";"GO";"Centro Oeste";12510;10855;1655;86,77;13,23;16012;-14,0452027984851;-48,974388553803;24,4;3,7;17,9;2,4
"5204805";"Campo Alegre de Goiás";"GO";"Centro Oeste";7422;5740;1682;77,34;22,66;104302;-17,5507871913592;-47,7681907605511;24,4;3,7;17,9;2,4
"5204854";"Campo Limpo de Goiás";"GO";"Centro Oeste";8081;7043;1038;87,16;12,84;1525;-16,2866645114362;-49,102674889331;24,4;3,7;17,9;2,4
"5204904";"Campos Belos";"GO";"Centro Oeste";18108;16111;1997;88,97;11,03;368;-13,0000196987325;-46,5108894384059;24,4;3,7;17,9;2,4
"5204953";"Campos Verdes";"GO";"Centro Oeste";4005;3601;404;89,91;10,09;369;-14,1997373714859;-49,6597061043936;24,4;3,7;17,9;2,4
"5205000";"Carmo do Rio Verde";"GO";"Centro Oeste";9710;8069;1641;83,1;16,9;10635;-15,4249266621189;-49,7426627148341;24,4;3,7;17,9;2,4
"5205059";"Castelândia";"GO";"Centro Oeste";2985;2769;216;92,76;7,24;14412;-18,1563225611028;-50,3398407130738;24,4;3,7;17,9;2,4
"5205109";"Catalão";"GO";"Centro Oeste";114427;109999;4428;96,13;3,87;145410;-17,9308010262635;-47,6644929931482;24,4;3,7;17,9;2,4
"5205208";"Caturaí";"GO";"Centro Oeste";5184;4329;855;83,51;16,49;3825;-16,4547680551865;-49,5835550826258;24,4;3,7;17,9;2,4
"5205307";"Cavalcante";"GO";"Centro Oeste";9583;5279;4304;55,09;44,91;1360;-13,6351252383303;-47,6966613122813;24,4;3,7;17,9;2,4
"5205406";"Ceres";"GO";"Centro Oeste";22046;21025;1021;95,37;4,63;1495;-15,276367281326;-49,6366492588335;24,4;3,7;17,9;2,4
"5205455";"Cezarina";"GO";"Centro Oeste";8090;6012;2078;74,31;25,69;11875;-17,0859806239074;-49,7562838397304;24,4;3,7;17,9;2,4
"5205471";"Chapadão do Céu";"GO";"Centro Oeste";12870;11865;1005;92,19;7,81;232500;-18,4651210289608;-52,6331627088311;24,4;3,7;17,9;2,4
"5205497";"Cidade Ocidental";"GO";"Centro Oeste";91767;90865;902;99,02;0,98;14855;-16,1239867312404;-47,8190741320792;24,4;3,7;17,9;2,4
"5205513";"Cocalzinho de Goiás";"GO";"Centro Oeste";25016;18883;6133;75,48;24,52;19592;-15,6557289011411;-48,6023806995663;24,4;3,7;17,9;2,4
"5205521";"Colinas do Sul";"GO";"Centro Oeste";4030;2812;1218;69,78;30,22;332;-13,9848405215983;-48,0754196847503;24,4;3,7;17,9;2,4
"5205703";"Córrego do Ouro";"GO";"Centro Oeste";2454;1549;905;63,12;36,88;305;-16,3652917174248;-50,5820444622515;24,4;3,7;17,9;2,4
"5205802";"Corumbá de Goiás";"GO";"Centro Oeste";10562;7034;3528;66,6;33,4;14188;-15,9303981448736;-48,6781876709656;24,4;3,7;17,9;2,4
"5205901";"Corumbaíba";"GO";"Centro Oeste";9164;7632;1532;83,28;16,72;17555;-18,1695690963711;-48,5329876843814;24,4;3,7;17,9;2,4
"5206206";"Cristalina";"GO";"Centro Oeste";62337;54213;8124;86,97;13,03;554599;-16,6977082642566;-47,5176914725195;24,4;3,7;17,9;2,4
"5206305";"Cristianópolis";"GO";"Centro Oeste";3504;2965;539;84,62;15,38;8265;-17,2128497151443;-48,7071044416709;24,4;3,7;17,9;2,4
"5206404";"Crixás";"GO";"Centro Oeste";17065;13448;3617;78,8;21,2;338;-14,6398232497349;-50,0652205767951;24,4;3,7;17,9;2,4
"5206503";"Cromínia";"GO";"Centro Oeste";3883;2943;940;75,79;24,21;7242;-17,2404825460284;-49,3569557129726;24,4;3,7;17,9;2,4
"5206602";"Cumari";"GO";"Centro Oeste";2927;2348;579;80,22;19,78;4230;-18,320800354931;-48,1340493732332;24,4;3,7;17,9;2,4
"5206701";"Damianópolis";"GO";"Centro Oeste";3770;2691;1079;71,38;28,62;5;-14,5568511227105;-46,1917079448654;24,4;3,7;17,9;2,4
"5206800";"Damolândia";"GO";"Centro Oeste";2724;2271;453;83,37;16,63;410;-16,2556439093835;-49,3337193290775;24,4;3,7;17,9;2,4
"5206909";"Davinópolis";"GO";"Centro Oeste";1902;1523;379;80,07;19,93;3972;-18,1175138378794;-47,5654267569196;24,4;3,7;17,9;2,4
"5207105";"Diorama";"GO";"Centro Oeste";2062;1421;641;68,91;31,09;8538;-16,223295706765;-51,3504538629298;24,4;3,7;17,9;2,4
"5207253";"Doverlândia";"GO";"Centro Oeste";6956;4914;2042;70,64;29,36;128700;-16,8046486524126;-52,4931950404966;24,4;3,7;17,9;2,4
"5207352";"Edealina";"GO";"Centro Oeste";4001;3113;888;77,81;22,19;23093;-17,4201006085351;-49,7395953099958;24,4;3,7;17,9;2,4
"5207402";"Edéia";"GO";"Centro Oeste";11747;10402;1345;88,55;11,45;73850;-17,4769354520248;-49,9636794097545;24,4;3,7;17,9;2,4
"5207501";"Estrela do Norte";"GO";"Centro Oeste";3205;2931;274;91,45;8,55;2035;-13,8142603901968;-49,0862131380109;24,4;3,7;17,9;2,4
"5207535";"Faina";"GO";"Centro Oeste";7070;3935;3135;55,66;44,34;170;-15,4355195173977;-50,3705783921913;24,4;3,7;17,9;2,4
"5207600";"Fazenda Nova";"GO";"Centro Oeste";5877;4045;1832;68,83;31,17;5060;-16,1514019030812;-50,8577848817941;24,4;3,7;17,9;2,4
"5207808";"Firminópolis";"GO";"Centro Oeste";10419;8807;1612;84,53;15,47;35098;-16,6399820422751;-50,3128252952271;24,4;3,7;17,9;2,4
"5207907";"Flores de Goiás";"GO";"Centro Oeste";13744;4807;8937;34,98;65,02;27131;-14,6512148418491;-46,9057722836096;24,4;3,7;17,9;2,4
"5208004";"Formosa";"GO";"Centro Oeste";115901;107513;8388;92,76;7,24;50092;-15,3070511073364;-47,2469955169212;24,4;3,7;17,9;2,4
"5208103";"Formoso";"GO";"Centro Oeste";4660;3763;897;80,75;19,25;910;-13,722365427536;-48,8680911343294;24,4;3,7;17,9;2,4
"5208152";"Gameleira de Goiás";"GO";"Centro Oeste";3456;1350;2106;39,06;60,94;53535;-16,4033848556109;-48,6737462809077;24,4;3,7;17,9;2,4
"5208301";"Divinópolis de Goiás";"GO";"Centro Oeste";4457;3275;1182;73,48;26,52;210;-13,2643150205662;-46,5191500148771;24,4;3,7;17,9;2,4
"5208400";"Goianápolis";"GO";"Centro Oeste";13967;13231;736;94,73;5,27;3255;-16,5151124421665;-49,0660616177602;24,4;3,7;17,9;2,4
"5208509";"Goiandira";"GO";"Centro Oeste";4973;4412;561;88,72;11,28;6141;-18,1230709830602;-48,1388793183404;24,4;3,7;17,9;2,4
"5208608";"Goianésia";"GO";"Centro Oeste";73707;69955;3752;94,91;5,09;58965;-15,2749950035433;-49,1664549025971;24,4;3,7;17,9;2,4
"5208707";"Goiânia";"GO";"Centro Oeste";1437366;1435186;2180;99,85;0,15;4570;-16,6435130653547;-49,2737701075857;24,4;3,7;17,9;2,4
"5208806";"Goianira";"GO";"Centro Oeste";71916;71265;651;99,09;0,91;5021;-16,5002791421728;-49,4286027716473;24,4;3,7;17,9;2,4
"5208905";"Goiás";"GO";"Centro Oeste";24071;18370;5701;76,32;23,68;22965;-15,8470696567032;-50,2426362275875;24,4;3,7;17,9;2,4
"5209101";"Goiatuba";"GO";"Centro Oeste";35664;33539;2125;94,04;5,96;183727;-17,9937896277684;-49,6588630265035;24,4;3,7;17,9;2,4
"5209150";"Gouvelândia";"GO";"Centro Oeste";4390;3852;538;87,74;12,26;42881;-18,5091416668847;-50,155754374432;24,4;3,7;17,9;2,4
"5209200";"Guapó";"GO";"Centro Oeste";19545;17961;1584;91,9;8,1;6351;-16,9114813391725;-49,5717649959756;24,4;3,7;17,9;2,4
"5209291";"Guaraíta";"GO";"Centro Oeste";2188;1464;724;66,91;33,09;70;-15,6727605670238;-50,0501419757397;24,4;3,7;17,9;2,4
"5209408";"Guarani de Goiás";"GO";"Centro Oeste";4085;1719;2366;42,08;57,92;360;-13,8894363103518;-46,432468918656;24,4;3,7;17,9;2,4
"5209457";"Guarinos";"GO";"Centro Oeste";2161;1203;958;55,67;44,33;10;-14,6993324332954;-49,7306841996777;24,4;3,7;17,9;2,4
"5209606";"Heitoraí";"GO";"Centro Oeste";3354;2518;836;75,07;24,93;2450;-15,7435965016295;-49,7841016263931;24,4;3,7;17,9;2,4
"5209705";"Hidrolândia";"GO";"Centro Oeste";27742;22896;4846;82,53;17,47;22121;-17,0114988206477;-49,2667796666657;24,4;3,7;17,9;2,4
"5209804";"Hidrolina";"GO";"Centro Oeste";3545;2687;858;75,8;24,2;5810;-14,7395137333451;-49,3630401019946;24,4;3,7;17,9;2,4
"5209903";"Iaciara";"GO";"Centro Oeste";10584;8268;2316;78,12;21,88;3415;-14,0905583096964;-46,7550099431086;24,4;3,7;17,9;2,4
"5209937";"Inaciolândia";"GO";"Centro Oeste";5954;5347;607;89,81;10,19;41953;-18,5093455416472;-49,9156257263884;24,4;3,7;17,9;2,4
"5209952";"Indiara";"GO";"Centro Oeste";17061;15091;1970;88,45;11,55;55834;-17,1851424527364;-49,9681031714545;24,4;3,7;17,9;2,4
"5210000";"Inhumas";"GO";"Centro Oeste";52204;49143;3061;94,14;5,86;10808;-16,3075990620362;-49,5159072116725;24,4;3,7;17,9;2,4
"5210109";"Ipameri";"GO";"Centro Oeste";25548;22309;3239;87,32;12,68;167547;-17,5055428889016;-48,0539243116679;24,4;3,7;17,9;2,4
"5210158";"Ipiranga de Goiás";"GO";"Centro Oeste";2919;1553;1366;53,2;46,8;6300;-15,168714686099;-49,669577924372;24,4;3,7;17,9;2,4
"5210208";"Iporá";"GO";"Centro Oeste";35684;33015;2669;92,52;7,48;17600;-16,4165741014856;-51,1810291610042;24,4;3,7;17,9;2,4
"5210307";"Israelândia";"GO";"Centro Oeste";2560;2021;539;78,95;21,05;2018;-16,3576605905419;-50,8812722914032;24,4;3,7;17,9;2,4
"5210406";"Itaberaí";"GO";"Centro Oeste";44734;38843;5891;86,83;13,17;68180;-16,0808054288589;-49,8227860271637;24,4;3,7;17,9;2,4
"5210562";"Itaguari";"GO";"Centro Oeste";4963;4559;404;91,86;8,14;3145;-15,9378998929343;-49,6244601994335;24,4;3,7;17,9;2,4
"5210604";"Itaguaru";"GO";"Centro Oeste";4904;4223;681;86,11;13,89;2332;-15,7732693209416;-49,6120943898737;24,4;3,7;17,9;2,4
"5210802";"Itajá";"GO";"Centro Oeste";4380;3368;1012;76,89;23,11;6334;-19,1012219619812;-51,3200429566598;24,4;3,7;17,9;2,4
"5210901";"Itapaci";"GO";"Centro Oeste";21087;19498;1589;92,46;7,54;10456;-14,942374463252;-49,6471424669623;24,4;3,7;17,9;2,4
"5211008";"Itapirapuã";"GO";"Centro Oeste";8007;5933;2074;74,1;25,9;5120;-15,7028321237474;-50,7716965768654;24,4;3,7;17,9;2,4
"5211206";"Itapuranga";"GO";"Centro Oeste";26113;21601;4512;82,72;17,28;9290;-15,5479488915233;-49,9497762085212;24,4;3,7;17,9;2,4
"5211305";"Itarumã";"GO";"Centro Oeste";6101;4023;2078;65,94;34,06;24229;-18,844213075665;-51,3313529065088;24,4;3,7;17,9;2,4
"5211404";"Itauçu";"GO";"Centro Oeste";7736;6099;1637;78,84;21,16;3974;-16,1953413183559;-49,6080452699779;24,4;3,7;17,9;2,4
"5211503";"Itumbiara";"GO";"Centro Oeste";107970;104492;3478;96,78;3,22;128477;-18,3537463153803;-49,4174461018912;24,4;3,7;17,9;2,4
"5211602";"Ivolândia";"GO";"Centro Oeste";2693;1554;1139;57,71;42,29;4035;-16,6763562734926;-51,0354694310311;24,4;3,7;17,9;2,4
"5211701";"Jandaia";"GO";"Centro Oeste";6272;4210;2062;67,12;32,88;26812;-17,0921556173797;-50,1821466671558;24,4;3,7;17,9;2,4
"5211800";"Jaraguá";"GO";"Centro Oeste";45223;39287;5936;86,87;13,13;8528;-15,7022873370045;-49,3859592699003;24,4;3,7;17,9;2,4
"5211909";"Jataí";"GO";"Centro Oeste";105729;99668;6061;94,27;5,73;659283;-17,9093194147958;-51,7324883824674;24,4;3,7;17,9;2,4
"5212006";"Jaupaci";"GO";"Centro Oeste";2924;2216;708;75,79;24,21;5050;-16,1904213607392;-51,0590259776065;24,4;3,7;17,9;2,4
"5212055";"Jesúpolis";"GO";"Centro Oeste";2123;1837;286;86,53;13,47;620;-15,962335367907;-49,4105063922527;24,4;3,7;17,9;2,4
"5212105";"Joviânia";"GO";"Centro Oeste";7159;6598;561;92,16;7,84;35993;-17,7951587039254;-49,6189121201451;24,4;3,7;17,9;2,4
"5212204";"Jussara";"GO";"Centro Oeste";19620;16102;3518;82,07;17,93;29904;-15,5824579662768;-51,3307141709483;24,4;3,7;17,9;2,4
"5212253";"Lagoa Santa";"GO";"Centro Oeste";1390;1068;322;76,83;23,17;22;-19,1826158572844;-51,2841461187928;24,4;3,7;17,9;2,4
"5212303";"Leopoldo de Bulhões";"GO";"Centro Oeste";8745;5216;3529;59,65;40,35;20762;-16,5704129430711;-48,888149650127;24,4;3,7;17,9;2,4
"5212501";"Luziânia";"GO";"Centro Oeste";209129;201126;8003;96,17;3,83;130781;-16,4816429686194;-47,9915680191373;24,4;3,7;17,9;2,4
"5212600";"Mairipotaba";"GO";"Centro Oeste";2561;1712;849;66,85;33,15;10702;-17,3003845565065;-49,4572062687093;24,4;3,7;17,9;2,4
"5212709";"Mambaí";"GO";"Centro Oeste";8124;6135;1989;75,52;24,48;108;-14,4201322846824;-46,0670307828949;24,4;3,7;17,9;2,4
"5212808";"Mara Rosa";"GO";"Centro Oeste";10700;8290;2410;77,48;22,52;7608;-13,9971294477404;-49,3944074832445;24,4;3,7;17,9;2,4
"5212907";"Marzagão";"GO";"Centro Oeste";2758;2453;305;88,94;11,06;4405;-17,9861897764005;-48,6884224206802;24,4;3,7;17,9;2,4
"5212956";"Matrinchã";"GO";"Centro Oeste";4042;2985;1057;73,85;26,15;18450;-15,3775107103292;-50,7744934143219;24,4;3,7;17,9;2,4
"5213004";"Maurilândia";"GO";"Centro Oeste";10304;9962;342;96,68;3,32;31948;-18,0362519084903;-50,363916017739;24,4;3,7;17,9;2,4
"5213053";"Mimoso de Goiás";"GO";"Centro Oeste";2614;1246;1368;47,67;52,33;36719;-15,0177670398488;-48,3081166376484;24,4;3,7;17,9;2,4
"5213087";"Minaçu";"GO";"Centro Oeste";27075;23566;3509;87,04;12,96;2050;-13,4990709115868;-48,3485288726892;24,4;3,7;17,9;2,4
"5213103";"Mineiros";"GO";"Centro Oeste";70081;65641;4440;93,66;6,34;344000;-17,6304405619255;-52,7658277494906;24,4;3,7;17,9;2,4
"5213400";"Moiporá";"GO";"Centro Oeste";1685;1072;613;63,62;36,38;2020;-16,5079572091624;-50,7728632528851;24,4;3,7;17,9;2,4
"5213509";"Monte Alegre de Goiás";"GO";"Centro Oeste";6692;3013;3679;45,02;54,98;2738;-13,2946115106762;-46,923771399648;24,4;3,7;17,9;2,4
"5213707";"Montes Claros de Goiás";"GO";"Centro Oeste";8756;6692;2064;76,43;23,57;62850;-15,9143296865224;-51,5800619335705;24,4;3,7;17,9;2,4
"5213756";"Montividiu";"GO";"Centro Oeste";12521;10571;1950;84,43;15,57;281324;-17,3179182203471;-51,1898340767147;24,4;3,7;17,9;2,4
"5213772";"Montividiu do Norte";"GO";"Centro Oeste";3779;1872;1907;49,54;50,46;3810;-13,1451833875517;-48,7316378257748;24,4;3,7;17,9;2,4
"5213806";"Morrinhos";"GO";"Centro Oeste";51351;46231;5120;90,03;9,97;95862;-17,7747038731165;-49,1287700768115;24,4;3,7;17,9;2,4
"5213855";"Morro Agudo de Goiás";"GO";"Centro Oeste";2456;1897;559;77,24;22,76;170;-15,3112334621753;-50,0115740678381;24,4;3,7;17,9;2,4
"5213905";"Mossâmedes";"GO";"Centro Oeste";4654;3170;1484;68,11;31,89;8290;-16,1623669312103;-50,1583657327882;24,4;3,7;17,9;2,4
"5214002";"Mozarlândia";"GO";"Centro Oeste";14750;13630;1120;92,41;7,59;5208;-14,842921023081;-50,5876017607497;24,4;3,7;17,9;2,4
"5214051";"Mundo Novo";"GO";"Centro Oeste";6189;3667;2522;59,25;40,75;23481;-13,7973643097074;-50,2035671119037;24,4;3,7;17,9;2,4
"5214101";"Mutunópolis";"GO";"Centro Oeste";3564;2523;1041;70,79;29,21;3615;-13,7189712074912;-49,3034941738367;24,4;3,7;17,9;2,4
"5214408";"Nazário";"GO";"Centro Oeste";8189;6606;1583;80,67;19,33;4702;-16,5833853175721;-49,8495141604142;24,4;3,7;17,9;2,4
"5214507";"Nerópolis";"GO";"Centro Oeste";31932;30954;978;96,94;3,06;2107;-16,4267717144381;-49,184789336725;24,4;3,7;17,9;2,4
"5214606";"Niquelândia";"GO";"Centro Oeste";34964;27298;7666;78,07;21,93;85348;-14,499030299947;-48,4014027427635;24,4;3,7;17,9;2,4
"5214705";"Nova América";"GO";"Centro Oeste";2337;1676;661;71,72;28,28;885;-15,0451693244563;-49,9343121981263;24,4;3,7;17,9;2,4
"5214804";"Nova Aurora";"GO";"Centro Oeste";2101;1878;223;89,39;10,61;1235;-18,1003018026739;-48,2965475298226;24,4;3,7;17,9;2,4
"5214838";"Nova Crixás";"GO";"Centro Oeste";12815;9441;3374;73,67;26,33;56710;-14,1333432703184;-50,5618240064205;24,4;3,7;17,9;2,4
"5214861";"Nova Glória";"GO";"Centro Oeste";8310;5770;2540;69,43;30,57;10770;-15,0776507018193;-49,5073583653206;24,4;3,7;17,9;2,4
"5214879";"Nova Iguaçu de Goiás";"GO";"Centro Oeste";3010;2278;732;75,68;24,32;175;-14,3120554416995;-49,288305681631;24,4;3,7;17,9;2,4
"5214903";"Nova Roma";"GO";"Centro Oeste";3076;1398;1678;45,45;54,55;842;-13,8004035316677;-47,0103552725702;24,4;3,7;17,9;2,4
"5215009";"Nova Veneza";"GO";"Centro Oeste";9481;8245;1236;86,96;13,04;325;-16,35852365365;-49,3064945289598;24,4;3,7;17,9;2,4
"5215207";"Novo Brasil";"GO";"Centro Oeste";3527;2402;1125;68,1;31,9;210;-16,0547766854997;-50,6462871673185;24,4;3,7;17,9;2,4
"5215231";"Novo Gama";"GO";"Centro Oeste";103804;103275;529;99,49;0,51;1319;-16,1249208958923;-48,0745898164136;24,4;3,7;17,9;2,4
"5215256";"Novo Planalto";"GO";"Centro Oeste";3716;2721;995;73,22;26,78;11880;-13,2505733811974;-49,7267900178464;24,4;3,7;17,9;2,4
"5215306";"Orizona";"GO";"Centro Oeste";16399;11087;5312;67,61;32,39;56609;-17,0077579747623;-48,1949020884161;24,4;3,7;17,9;2,4
"5215405";"Ouro Verde de Goiás";"GO";"Centro Oeste";4057;2847;1210;70,18;29,82;765;-16,254508306463;-49,2196424639648;24,4;3,7;17,9;2,4
"5215504";"Ouvidor";"GO";"Centro Oeste";7200;6604;596;91,72;8,28;7420;-18,2182088945536;-47,7470540837841;24,4;3,7;17,9;2,4
"5215603";"Padre Bernardo";"GO";"Centro Oeste";34967;30125;4842;86,15;13,85;96267;-15,3613939688102;-48,304291158727;24,4;3,7;17,9;2,4
"5215652";"Palestina de Goiás";"GO";"Centro Oeste";3132;2070;1062;66,09;33,91;36130;-16,7045025049828;-51,4418001107515;24,4;3,7;17,9;2,4
"5215702";"Palmeiras de Goiás";"GO";"Centro Oeste";31858;28251;3607;88,68;11,32;58511;-16,8090115514972;-49,94475852892;24,4;3,7;17,9;2,4
"5215801";"Palmelo";"GO";"Centro Oeste";2259;2098;161;92,87;7,13;2236;-17,3063019275793;-48,3973215083078;24,4;3,7;17,9;2,4
"5215900";"Palminópolis";"GO";"Centro Oeste";3851;2881;970;74,81;25,19;9487;-16,8203954076275;-50,1940676026462;24,4;3,7;17,9;2,4
"5216007";"Panamá";"GO";"Centro Oeste";2455;1942;513;79,1;20,9;18749;-18,2045844031944;-49,4039241843392;24,4;3,7;17,9;2,4
"5216304";"Paranaiguara";"GO";"Centro Oeste";7607;6973;634;91,67;8,33;25863;-18,8085714627518;-50,6241181767924;24,4;3,7;17,9;2,4
"5216403";"Paraúna";"GO";"Centro Oeste";10659;8522;2137;79,95;20,05;234140;-17,0470671842417;-50,6380796802798;24,4;3,7;17,9;2,4
"5216452";"Perolândia";"GO";"Centro Oeste";2964;2260;704;76,25;23,75;118800;-17,4940422225616;-52,225232043506;24,4;3,7;17,9;2,4
"5216809";"Petrolina de Goiás";"GO";"Centro Oeste";9573;6786;2787;70,89;29,11;4347;-16,1117910468038;-49,3157688550822;24,4;3,7;17,9;2,4
"5216908";"Pilar de Goiás";"GO";"Centro Oeste";2328;1066;1262;45,79;54,21;70;-14,5868030040103;-49,5216697725502;24,4;3,7;17,9;2,4
"5217104";"Piracanjuba";"GO";"Centro Oeste";24883;19852;5031;79,78;20,22;114668;-17,3322915900755;-48,9928000968186;24,4;3,7;17,9;2,4
"5217203";"Piranhas";"GO";"Centro Oeste";11712;9782;1930;83,52;16,48;51098;-16,4140031886469;-51,8421646869963;24,4;3,7;17,9;2,4
"5217302";"Pirenópolis";"GO";"Centro Oeste";26690;18103;8587;67,83;32,17;7710;-15,8099262126689;-49,011052102204;24,4;3,7;17,9;2,4
"5217401";"Pires do Rio";"GO";"Centro Oeste";32373;30348;2025;93,74;6,26;27227;-17,2715686157889;-48,388877121866;24,4;3,7;17,9;2,4
"5217609";"Planaltina";"GO";"Centro Oeste";105031;99160;5871;94,41;5,59;41871;-15,2845123396277;-47,7504259820545;24,4;3,7;17,9;2,4
"5217708";"Pontalina";"GO";"Centro Oeste";18309;15524;2785;84,79;15,21;47355;-17,5311049317034;-49,5377370572885;24,4;3,7;17,9;2,4
"5218003";"Porangatu";"GO";"Centro Oeste";44317;39083;5234;88,19;11,81;23435;-13,2921541142638;-49,2303695049916;24,4;3,7;17,9;2,4
"5218052";"Porteirão";"GO";"Centro Oeste";4070;3794;276;93,22;6,78;51600;-17,9011637970704;-50,1478689226619;24,4;3,7;17,9;2,4
"5218102";"Portelândia";"GO";"Centro Oeste";3280;2848;432;86,83;13,17;38210;-17,351261714243;-52,704818678877;24,4;3,7;17,9;2,4
"5218300";"Posse";"GO";"Centro Oeste";34914;28772;6142;82,41;17,59;1062;-14,229941093332;-46,4355754876786;24,4;3,7;17,9;2,4
"5218391";"Professor Jamil";"GO";"Centro Oeste";3649;2569;1080;70,4;29,6;5180;-17,2707731413891;-49,2449313758271;24,4;3,7;17,9;2,4
"5218508";"Quirinópolis";"GO";"Centro Oeste";48447;44921;3526;92,72;7,28;144041;-18,4374237536916;-50,5291084098035;24,4;3,7;17,9;2,4
"5218607";"Rialma";"GO";"Centro Oeste";12165;11503;662;94,56;5,44;5735;-15,3408016680766;-49,5317118231947;24,4;3,7;17,9;2,4
"5218706";"Rianápolis";"GO";"Centro Oeste";3980;3560;420;89,45;10,55;1984;-15,4726417918449;-49,4414025605392;24,4;3,7;17,9;2,4
"5218789";"Rio Quente";"GO";"Centro Oeste";3864;3366;498;87,11;12,89;710;-17,8321409195563;-48,7819842761442;24,4;3,7;17,9;2,4
"5218805";"Rio Verde";"GO";"Centro Oeste";225696;212580;13116;94,19;5,81;851475;-17,7388484457521;-51,0388089447318;24,4;3,7;17,9;2,4
"5218904";"Rubiataba";"GO";"Centro Oeste";19788;17532;2256;88,6;11,4;7240;-15,1805670486436;-49,8765302472803;24,4;3,7;17,9;2,4
"5219001";"Sanclerlândia";"GO";"Centro Oeste";7918;6783;1135;85,67;14,33;1907;-16,2850714220886;-50,3751653409037;24,4;3,7;17,9;2,4
"5219100";"Santa Bárbara de Goiás";"GO";"Centro Oeste";6149;5627;522;91,51;8,49;4826;-16,5967064533853;-49,6786721273495;24,4;3,7;17,9;2,4
"5219209";"Santa Cruz de Goiás";"GO";"Centro Oeste";3002;968;2034;32,25;67,75;39397;-17,3598080794122;-48,5936504216234;24,4;3,7;17,9;2,4
"5219258";"Santa Fé de Goiás";"GO";"Centro Oeste";4951;4010;941;80,99;19,01;13835;-15,667377512528;-51,1715022081811;24,4;3,7;17,9;2,4
"5219308";"Santa Helena de Goiás";"GO";"Centro Oeste";38492;36917;1575;95,91;4,09;145917;-17,8017855689443;-50,5791440819403;24,4;3,7;17,9;2,4
"5219357";"Santa Isabel";"GO";"Centro Oeste";3538;2587;951;73,12;26,88;9405;-15,2513105289797;-49,3889771186769;24,4;3,7;17,9;2,4
"5219407";"Santa Rita do Araguaia";"GO";"Centro Oeste";5924;5427;497;91,61;8,39;17009;-17,2442882797028;-53,068846409833;24,4;3,7;17,9;2,4
"5219456";"Santa Rita do Novo Destino";"GO";"Centro Oeste";2689;1545;1144;57,46;42,54;15319;-14,8766807577281;-49,0551363899057;24,4;3,7;17,9;2,4
"5219506";"Santa Rosa de Goiás";"GO";"Centro Oeste";2820;2161;659;76,63;23,37;6030;-16,0614906719639;-49,4814351403207;24,4;3,7;17,9;2,4
"5219605";"Santa Tereza de Goiás";"GO";"Centro Oeste";3293;2881;412;87,49;12,51;3160;-13,5719991520308;-48,9818379064134;24,4;3,7;17,9;2,4
"5219704";"Santa Terezinha de Goiás";"GO";"Centro Oeste";10645;7896;2749;74,18;25,82;284;-14,3219069694365;-49,6729849818763;24,4;3,7;17,9;2,4
"5219712";"Santo Antônio da Barra";"GO";"Centro Oeste";4267;3542;725;83,01;16,99;26031;-17,5254626551498;-50,6309194277241;24,4;3,7;17,9;2,4
"5219738";"Santo Antônio de Goiás";"GO";"Centro Oeste";7386;6855;531;92,81;7,19;1855;-16,4767936289694;-49,2931155690539;24,4;3,7;17,9;2,4
"5219753";"Santo Antônio do Descoberto";"GO";"Centro Oeste";72127;68889;3238;95,51;4,49;2985;-16,0860399566863;-48,2822128396449;24,4;3,7;17,9;2,4
"5219803";"São Domingos";"GO";"Centro Oeste";9711;5897;3814;60,72;39,28;10907;-13,5339103083793;-46,4836677759491;24,4;3,7;17,9;2,4
"5219902";"São Francisco de Goiás";"GO";"Centro Oeste";6378;5031;1347;78,88;21,12;3639;-15,951540803127;-49,2547098769271;24,4;3,7;17,9;2,4
"5220009";"São João D'aliança";"GO";"Centro Oeste";14041;9114;4927;64,91;35,09;77542;-14,4857089013417;-47,4227089641965;24,4;3,7;17,9;2,4
"5220058";"São João da Paraúna";"GO";"Centro Oeste";1774;1385;389;78,07;21,93;22432;-16,8188494451661;-50,3729815926868;24,4;3,7;17,9;2,4
"5220108";"São Luís de Montes Belos";"GO";"Centro Oeste";33852;31069;2783;91,78;8,22;5660;-16,4555004839867;-50,3756901448626;24,4;3,7;17,9;2,4
"5220157";"São Luiz do Norte";"GO";"Centro Oeste";4837;4235;602;87,55;12,45;26275;-14,9163701573775;-49,2754515200315;24,4;3,7;17,9;2,4
"5220207";"São Miguel do Araguaia";"GO";"Centro Oeste";21900;18872;3028;86,17;13,83;14225;-13,1447233135714;-50,2494811512854;24,4;3,7;17,9;2,4
"5220264";"São Miguel do Passa Quatro";"GO";"Centro Oeste";4464;2933;1531;65,7;34,3;23590;-16,9895213807366;-48,6677113072929;24,4;3,7;17,9;2,4
"5220280";"São Patrício";"GO";"Centro Oeste";2143;1426;717;66,54;33,46;1960;-15,3665445319839;-49,8271325670119;24,4;3,7;17,9;2,4
"5220405";"São Simão";"GO";"Centro Oeste";17020;16788;232;98,64;1,36;4812;-19,0105469932739;-50,5904215034466;24,4;3,7;17,9;2,4
"5220454";"Senador Canedo";"GO";"Centro Oeste";155635;154556;1079;99,31;0,69;1988;-16,7044615519956;-49,1072730176987;24,4;3,7;17,9;2,4
"5220504";"Serranópolis";"GO";"Centro Oeste";8027;6531;1496;81,36;18,64;103541;-18,2247869112782;-52,2123508895143;24,4;3,7;17,9;2,4
"5220603";"Silvânia";"GO";"Centro Oeste";22245;16017;6228;72;28;154370;-16,6071210152157;-48,5573780896147;24,4;3,7;17,9;2,4
"5220686";"Simolândia";"GO";"Centro Oeste";5742;4903;839;85,39;14,61;1770;-14,4329143454826;-46,5828956369727;24,4;3,7;17,9;2,4
"5220702";"Sítio D'abadia";"GO";"Centro Oeste";2927;982;1945;33,55;66,45;12920;-14,7528128213678;-46,2694155629336;24,4;3,7;17,9;2,4
"5221007";"Taquaral de Goiás";"GO";"Centro Oeste";4026;3359;667;83,43;16,57;2280;-16,0455044672075;-49,5939062428506;24,4;3,7;17,9;2,4
"5221080";"Teresina de Goiás";"GO";"Centro Oeste";2701;1876;825;69,46;30,54;460;-13,6801944059681;-47,23757639019;24,4;3,7;17,9;2,4
"5221197";"Terezópolis de Goiás";"GO";"Centro Oeste";7944;7413;531;93,32;6,68;2493;-16,4423169157061;-49,0730108103909;24,4;3,7;17,9;2,4
"5221304";"Três Ranchos";"GO";"Centro Oeste";2921;2592;329;88,74;11,26;1490;-18,343538922225;-47,780931854508;24,4;3,7;17,9;2,4
"5221403";"Trindade";"GO";"Centro Oeste";142431;139492;2939;97,94;2,06;11963;-16,6401833431174;-49,5448375606907;24,4;3,7;17,9;2,4
"5221452";"Trombas";"GO";"Centro Oeste";3120;2117;1003;67,85;32,15;3046;-13,4207617282912;-48,7535136988222;24,4;3,7;17,9;2,4
"5221502";"Turvânia";"GO";"Centro Oeste";4480;3730;750;83,26;16,74;34738;-16,5773518296691;-50,132333700684;24,4;3,7;17,9;2,4
"5221551";"Turvelândia";"GO";"Centro Oeste";4985;3935;1050;78,94;21,06;66598;-17,7545654411884;-50,3127287228973;24,4;3,7;17,9;2,4
"5221577";"Uirapuru";"GO";"Centro Oeste";2798;1847;951;66,01;33,99;2129;-14,1491206206629;-49,966288900649;24,4;3,7;17,9;2,4
"5221601";"Uruaçu";"GO";"Centro Oeste";42546;39456;3090;92,74;7,26;40693;-14,4184778104772;-49,089153890608;24,4;3,7;17,9;2,4
"5221700";"Uruana";"GO";"Centro Oeste";13729;11711;2018;85,3;14,7;11660;-15,5777773012956;-49,6422768713472;24,4;3,7;17,9;2,4
"5221809";"Urutaí";"GO";"Centro Oeste";3553;2385;1168;67,13;32,87;9565;-17,4355685953801;-48,1962760310745;24,4;3,7;17,9;2,4
"5221858";"Valparaíso de Goiás";"GO";"Centro Oeste";198861;198861;NA;100;NA;129;-16,0847221000093;-47,9884713710959;24,4;3,7;17,9;2,4
"5221908";"Varjão";"GO";"Centro Oeste";3716;2203;1513;59,28;40,72;4862;-17,0780281545759;-49,6112547696315;24,4;3,7;17,9;2,4
"5222005";"Vianópolis";"GO";"Centro Oeste";14956;11831;3125;79,11;20,89;62194;-16,812790833992;-48,4407337806846;24,4;3,7;17,9;2,4
"5222054";"Vicentinópolis";"GO";"Centro Oeste";8768;7968;800;90,88;9,12;62571;-17,7236966454127;-49,8726675541794;24,4;3,7;17,9;2,4
"5222203";"Vila Boa";"GO";"Centro Oeste";4215;3323;892;78,84;21,16;6913;-14,9930514494266;-47,0624995357179;24,4;3,7;17,9;2,4
"5222302";"Vila Propício";"GO";"Centro Oeste";5815;3532;2283;60,74;39,26;52745;-15,2696428327388;-48,8134622161113;24,4;3,7;17,9;2,4
"5300108";"Brasília";"DF";"Centro Oeste";2817381;2718082;99299;96,48;3,52;189732;-15,7813906656175;-47,7968235907864;23,5;4;27;4,2
