tema,indicador_id,indicador,ano,cenario_id,cenario,faixa_id,faixa,faixa_cor,local_id,local_nome,valor
Recursos hídricos,28,Vazão ecológica para usos ecossistêmicos,2020,,Presente,verylow,Muito baixo,#02C650,2941,Água Azul do Norte/PA,0.0
Recursos hídricos,28,Vazão ecológica para usos ecossistêmicos,2020,,Presente,verylow,Muito baixo,#02C650,3192,Altamira do Maranhão/MA,0.0
Recursos hídricos,28,Vazão ecológica para usos ecossistêmicos,2020,,Presente,verylow,Muito baixo,#02C650,5060,Altamira do Paraná/PR,0.0
Recursos hídricos,28,Vazão ecológica para usos ecossistêmicos,2020,,Presente,verylow,Muito baixo,#02C650,3194,Alto Alegre do Pindaré/MA,0.0
Recursos hídricos,28,Vazão ecológica para usos ecossistêmicos,2020,,Presente,verylow,Muito baixo,#02C650,3052,Alvorada/TO,0.0
Recursos hídricos,28,Vazão ecológica para usos ecossistêmicos,2020,,Presente,verylow,Muito baixo,#02C650,4872,Amaralina/GO,0.0
Recursos hídricos,28,Vazão ecológica para usos ecossistêmicos,2020,,Presente,verylow,Muito baixo,#02C650,3197,Amarante do Maranhão/MA,0.0
Recursos hídricos,28,Vazão ecológica para usos ecossistêmicos,2020,,Presente,verylow,Muito baixo,#02C650,3198,Anajatuba/MA,0.0
Recursos hídricos,28,Vazão ecológica para usos ecossistêmicos,2020,,Presente,verylow,Muito baixo,#02C650,3058,Araguaçu/TO,0.0
Recursos hídricos,28,Vazão ecológica para usos ecossistêmicos,2020,,Presente,verylow,Muito baixo,#02C650,3203,Arame/MA,0.0
Recursos hídricos,28,Vazão ecológica para usos ecossistêmicos,2020,,Presente,verylow,Muito baixo,#02C650,3204,Arari/MA,0.0
Recursos hídricos,28,Vazão ecológica para usos ecossistêmicos,2020,,Presente,verylow,Muito baixo,#02C650,2663,Aurilândia/GO,0.0
Recursos hídricos,28,Vazão ecológica para usos ecossistêmicos,2020,,Presente,verylow,Muito baixo,#02C650,3206,Bacabal/MA,0.0
Recursos hídricos,28,Vazão ecológica para usos ecossistêmicos,2020,,Presente,verylow,Muito baixo,#02C650,2948,Bannach/PA,0.0
Recursos hídricos,28,Vazão ecológica para usos ecossistêmicos,2020,,Presente,verylow,Muito baixo,#02C650,3215,Bela Vista do Maranhão/MA,0.0
Recursos hídricos,28,Vazão ecológica para usos ecossistêmicos,2020,,Presente,verylow,Muito baixo,#02C650,3218,Bernardo do Mearim/MA,0.0
Recursos hídricos,28,Vazão ecológica para usos ecossistêmicos,2020,,Presente,verylow,Muito baixo,#02C650,3220,Bom Jardim/MA,0.0
Recursos hídricos,28,Vazão ecológica para usos ecossistêmicos,2020,,Presente,verylow,Muito baixo,#02C650,3221,Bom Jesus das Selvas/MA,0.0
Recursos hídricos,28,Vazão ecológica para usos ecossistêmicos,2020,,Presente,verylow,Muito baixo,#02C650,3222,Bom Lugar/MA,0.0
Recursos hídricos,28,Vazão ecológica para usos ecossistêmicos,2020,,Presente,verylow,Muito baixo,#02C650,3224,Brejo de Areia/MA,0.0
Recursos hídricos,28,Vazão ecológica para usos ecossistêmicos,2020,,Presente,verylow,Muito baixo,#02C650,3227,Buriticupu/MA,0.0
Recursos hídricos,28,Vazão ecológica para usos ecossistêmicos,2020,,Presente,verylow,Muito baixo,#02C650,538,Caarapó/MS,0.0
Recursos hídricos,28,Vazão ecológica para usos ecossistêmicos,2020,,Presente,verylow,Muito baixo,#02C650,3231,Cajari/MA,0.0
Recursos hídricos,28,Vazão ecológica para usos ecossistêmicos,2020,,Presente,verylow,Muito baixo,#02C650,5091,Campina do Simão/PR,0.0
Recursos hídricos,28,Vazão ecológica para usos ecossistêmicos,2020,,Presente,verylow,Muito baixo,#02C650,5013,Campinorte/GO,0.0
Recursos hídricos,28,Vazão ecológica para usos ecossistêmicos,2020,,Presente,verylow,Muito baixo,#02C650,5014,Campos Verdes/GO,0.0
Recursos hídricos,28,Vazão ecológica para usos ecossistêmicos,2020,,Presente,verylow,Muito baixo,#02C650,2962,Canaã dos Carajás/PA,0.0
Recursos hídricos,28,Vazão ecológica para usos ecossistêmicos,2020,,Presente,verylow,Muito baixo,#02C650,1889,Capela do Alto/SP,0.0
Recursos hídricos,28,Vazão ecológica para usos ecossistêmicos,2020,,Presente,verylow,Muito baixo,#02C650,2683,Carmo do Rio Verde/GO,0.0
Recursos hídricos,28,Vazão ecológica para usos ecossistêmicos,2020,,Presente,verylow,Muito baixo,#02C650,3839,Carnaubais/RN,0.0
Recursos hídricos,28,Vazão ecológica para usos ecossistêmicos,2020,,Presente,verylow,Muito baixo,#02C650,2849,Caroebe/RR,0.0
Recursos hídricos,28,Vazão ecológica para usos ecossistêmicos,2020,,Presente,verylow,Muito baixo,#02C650,3240,Central do Maranhão/MA,0.0
Recursos hídricos,28,Vazão ecológica para usos ecossistêmicos,2020,,Presente,verylow,Muito baixo,#02C650,2687,Ceres/GO,0.0
Recursos hídricos,28,Vazão ecológica para usos ecossistêmicos,2020,,Presente,verylow,Muito baixo,#02C650,3085,Colinas do Tocantins/TO,0.0
Recursos hídricos,28,Vazão ecológica para usos ecossistêmicos,2020,,Presente,verylow,Muito baixo,#02C650,3248,Conceição do Lago-Açu/MA,0.0
Recursos hídricos,28,Vazão ecológica para usos ecossistêmicos,2020,,Presente,verylow,Muito baixo,#02C650,4042,Coremas/PB,0.0
Recursos hídricos,28,Vazão ecológica para usos ecossistêmicos,2020,,Presente,verylow,Muito baixo,#02C650,1915,Cravinhos/SP,0.0
Recursos hídricos,28,Vazão ecológica para usos ecossistêmicos,2020,,Presente,verylow,Muito baixo,#02C650,5031,Cumaru do Norte/PA,0.0
Recursos hídricos,28,Vazão ecológica para usos ecossistêmicos,2020,,Presente,verylow,Muito baixo,#02C650,5115,Diamante do Sul/PR,0.0
Recursos hídricos,28,Vazão ecológica para usos ecossistêmicos,2020,,Presente,verylow,Muito baixo,#02C650,1923,Dirce Reis/SP,0.0
Recursos hídricos,28,Vazão ecológica para usos ecossistêmicos,2020,,Presente,verylow,Muito baixo,#02C650,5118,Douradina/PR,0.0
Recursos hídricos,28,Vazão ecológica para usos ecossistêmicos,2020,,Presente,verylow,Muito baixo,#02C650,5119,Doutor Camargo/PR,0.0
Recursos hídricos,28,Vazão ecológica para usos ecossistêmicos,2020,,Presente,verylow,Muito baixo,#02C650,3095,Dueré/TO,0.0
Recursos hídricos,28,Vazão ecológica para usos ecossistêmicos,2020,,Presente,verylow,Muito baixo,#02C650,3254,Esperantinópolis/MA,0.0
Recursos hídricos,28,Vazão ecológica para usos ecossistêmicos,2020,,Presente,verylow,Muito baixo,#02C650,4877,Estrela do Norte/GO,0.0
Recursos hídricos,28,Vazão ecológica para usos ecossistêmicos,2020,,Presente,verylow,Muito baixo,#02C650,554,Fátima do Sul/MS,0.0
Recursos hídricos,28,Vazão ecológica para usos ecossistêmicos,2020,,Presente,verylow,Muito baixo,#02C650,2899,Feliz Natal/MT,0.0
Recursos hídricos,28,Vazão ecológica para usos ecossistêmicos,2020,,Presente,verylow,Muito baixo,#02C650,3098,Figueirópolis/TO,0.0
Recursos hídricos,28,Vazão ecológica para usos ecossistêmicos,2020,,Presente,verylow,Muito baixo,#02C650,3258,Formosa da Serra Negra/MA,0.0
Recursos hídricos,28,Vazão ecológica para usos ecossistêmicos,2020,,Presente,verylow,Muito baixo,#02C650,4878,Formoso/GO,0.0
Recursos hídricos,28,Vazão ecológica para usos ecossistêmicos,2020,,Presente,verylow,Muito baixo,#02C650,3260,Fortuna/MA,0.0
Recursos hídricos,28,Vazão ecológica para usos ecossistêmicos,2020,,Presente,verylow,Muito baixo,#02C650,3267,Governador Newton Bello/MA,0.0
Recursos hídricos,28,Vazão ecológica para usos ecossistêmicos,2020,,Presente,verylow,Muito baixo,#02C650,3270,Grajaú/MA,0.0
Recursos hídricos,28,Vazão ecológica para usos ecossistêmicos,2020,,Presente,verylow,Muito baixo,#02C650,4901,Guaraçaí/SP,0.0
Recursos hídricos,28,Vazão ecológica para usos ecossistêmicos,2020,,Presente,verylow,Muito baixo,#02C650,2717,Guaraíta/GO,0.0
Recursos hídricos,28,Vazão ecológica para usos ecossistêmicos,2020,,Presente,verylow,Muito baixo,#02C650,2718,Guarinos/GO,0.0
Recursos hídricos,28,Vazão ecológica para usos ecossistêmicos,2020,,Presente,verylow,Muito baixo,#02C650,2719,Heitoraí/GO,0.0
Recursos hídricos,28,Vazão ecológica para usos ecossistêmicos,2020,,Presente,verylow,Muito baixo,#02C650,2721,Hidrolina/GO,0.0
Recursos hídricos,28,Vazão ecológica para usos ecossistêmicos,2020,,Presente,verylow,Muito baixo,#02C650,5145,Icaraíma/PR,0.0
Recursos hídricos,28,Vazão ecológica para usos ecossistêmicos,2020,,Presente,verylow,Muito baixo,#02C650,3274,Igarapé do Meio/MA,0.0
Recursos hídricos,28,Vazão ecológica para usos ecossistêmicos,2020,,Presente,verylow,Muito baixo,#02C650,3275,Igarapé Grande/MA,0.0
Recursos hídricos,28,Vazão ecológica para usos ecossistêmicos,2020,,Presente,verylow,Muito baixo,#02C650,5149,Indianópolis/PR,0.0
Recursos hídricos,28,Vazão ecológica para usos ecossistêmicos,2020,,Presente,verylow,Muito baixo,#02C650,2003,Iperó/SP,0.0
Recursos hídricos,28,Vazão ecológica para usos ecossistêmicos,2020,,Presente,verylow,Muito baixo,#02C650,2726,Ipiranga de Goiás/GO,0.0
Recursos hídricos,28,Vazão ecológica para usos ecossistêmicos,2020,,Presente,verylow,Muito baixo,#02C650,2730,Itaguaru/GO,0.0
Recursos hídricos,28,Vazão ecológica para usos ecossistêmicos,2020,,Presente,verylow,Muito baixo,#02C650,3277,Itaipava do Grajaú/MA,0.0
Recursos hídricos,28,Vazão ecológica para usos ecossistêmicos,2020,,Presente,verylow,Muito baixo,#02C650,5155,Itambé/PR,0.0
Recursos hídricos,28,Vazão ecológica para usos ecossistêmicos,2020,,Presente,verylow,Muito baixo,#02C650,2731,Itapaci/GO,0.0
Recursos hídricos,28,Vazão ecológica para usos ecossistêmicos,2020,,Presente,verylow,Muito baixo,#02C650,2732,Itapirapuã/GO,0.0
Recursos hídricos,28,Vazão ecológica para usos ecossistêmicos,2020,,Presente,verylow,Muito baixo,#02C650,5159,Ivaté/PR,0.0
Recursos hídricos,28,Vazão ecológica para usos ecossistêmicos,2020,,Presente,verylow,Muito baixo,#02C650,5160,Ivatuba/PR,0.0
Recursos hídricos,28,Vazão ecológica para usos ecossistêmicos,2020,,Presente,verylow,Muito baixo,#02C650,3281,Jenipapo dos Vieiras/MA,0.0
Recursos hídricos,28,Vazão ecológica para usos ecossistêmicos,2020,,Presente,verylow,Muito baixo,#02C650,3283,Joselândia/MA,0.0
Recursos hídricos,28,Vazão ecológica para usos ecossistêmicos,2020,,Presente,verylow,Muito baixo,#02C650,5167,Juranda/PR,0.0
Recursos hídricos,28,Vazão ecológica para usos ecossistêmicos,2020,,Presente,verylow,Muito baixo,#02C650,5168,Jussara/PR,0.0
Recursos hídricos,28,Vazão ecológica para usos ecossistêmicos,2020,,Presente,verylow,Muito baixo,#02C650,3290,Lagoa Grande do Maranhão/MA,0.0
Recursos hídricos,28,Vazão ecológica para usos ecossistêmicos,2020,,Presente,verylow,Muito baixo,#02C650,3285,Lago da Pedra/MA,0.0
Recursos hídricos,28,Vazão ecológica para usos ecossistêmicos,2020,,Presente,verylow,Muito baixo,#02C650,3286,Lago do Junco/MA,0.0
Recursos hídricos,28,Vazão ecológica para usos ecossistêmicos,2020,,Presente,verylow,Muito baixo,#02C650,3289,Lago dos Rodrigues/MA,0.0
Recursos hídricos,28,Vazão ecológica para usos ecossistêmicos,2020,,Presente,verylow,Muito baixo,#02C650,3287,Lago Verde/MA,0.0
Recursos hídricos,28,Vazão ecológica para usos ecossistêmicos,2020,,Presente,verylow,Muito baixo,#02C650,5170,Laranjal/PR,0.0
Recursos hídricos,28,Vazão ecológica para usos ecossistêmicos,2020,,Presente,verylow,Muito baixo,#02C650,3292,Lima Campos/MA,0.0
Recursos hídricos,28,Vazão ecológica para usos ecossistêmicos,2020,,Presente,verylow,Muito baixo,#02C650,76,Lindóia do Sul/SC,0.0
Recursos hídricos,28,Vazão ecológica para usos ecossistêmicos,2020,,Presente,verylow,Muito baixo,#02C650,5019,Mambaí/GO,0.0
Recursos hídricos,28,Vazão ecológica para usos ecossistêmicos,2020,,Presente,verylow,Muito baixo,#02C650,4307,Manari/PE,0.0
Recursos hídricos,28,Vazão ecológica para usos ecossistêmicos,2020,,Presente,verylow,Muito baixo,#02C650,3297,Marajá do Sena/MA,0.0
Recursos hídricos,28,Vazão ecológica para usos ecossistêmicos,2020,,Presente,verylow,Muito baixo,#02C650,4881,Mara Rosa/GO,0.0
Recursos hídricos,28,Vazão ecológica para usos ecossistêmicos,2020,,Presente,verylow,Muito baixo,#02C650,5186,Maria Helena/PR,0.0
Recursos hídricos,28,Vazão ecológica para usos ecossistêmicos,2020,,Presente,verylow,Muito baixo,#02C650,3119,Marianópolis do Tocantins/TO,0.0
Recursos hídricos,28,Vazão ecológica para usos ecossistêmicos,2020,,Presente,verylow,Muito baixo,#02C650,1214,Marilac/MG,0.0
Recursos hídricos,28,Vazão ecológica para usos ecossistêmicos,2020,,Presente,verylow,Muito baixo,#02C650,5194,Marquinho/PR,0.0
Recursos hídricos,28,Vazão ecológica para usos ecossistêmicos,2020,,Presente,verylow,Muito baixo,#02C650,5195,Marumbi/PR,0.0
Recursos hídricos,28,Vazão ecológica para usos ecossistêmicos,2020,,Presente,verylow,Muito baixo,#02C650,3300,Matinha/MA,0.0
Recursos hídricos,28,Vazão ecológica para usos ecossistêmicos,2020,,Presente,verylow,Muito baixo,#02C650,5197,Mato Rico/PR,0.0
Recursos hídricos,28,Vazão ecológica para usos ecossistêmicos,2020,,Presente,verylow,Muito baixo,#02C650,2092,Mesópolis/SP,0.0
Recursos hídricos,28,Vazão ecológica para usos ecossistêmicos,2020,,Presente,verylow,Muito baixo,#02C650,3304,Mirador/MA,0.0
Recursos hídricos,28,Vazão ecológica para usos ecossistêmicos,2020,,Presente,verylow,Muito baixo,#02C650,3307,Monção/MA,0.0
Recursos hídricos,28,Vazão ecológica para usos ecossistêmicos,2020,,Presente,verylow,Muito baixo,#02C650,8,Monte Castelo/SP,0.0
Recursos hídricos,28,Vazão ecológica para usos ecossistêmicos,2020,,Presente,verylow,Muito baixo,#02C650,4885,Mundo Novo/GO,0.0
Recursos hídricos,28,Vazão ecológica para usos ecossistêmicos,2020,,Presente,verylow,Muito baixo,#02C650,4886,Mutunópolis/GO,0.0
Recursos hídricos,28,Vazão ecológica para usos ecossistêmicos,2020,,Presente,verylow,Muito baixo,#02C650,2122,Nipoã/SP,0.0
Recursos hídricos,28,Vazão ecológica para usos ecossistêmicos,2020,,Presente,verylow,Muito baixo,#02C650,2852,Normandia/RR,0.0
Recursos hídricos,28,Vazão ecológica para usos ecossistêmicos,2020,,Presente,verylow,Muito baixo,#02C650,2756,Nova América/GO,0.0
Recursos hídricos,28,Vazão ecológica para usos ecossistêmicos,2020,,Presente,verylow,Muito baixo,#02C650,2758,Nova Glória/GO,0.0
Recursos hídricos,28,Vazão ecológica para usos ecossistêmicos,2020,,Presente,verylow,Muito baixo,#02C650,10,Nova Guataporanga/SP,0.0
Recursos hídricos,28,Vazão ecológica para usos ecossistêmicos,2020,,Presente,verylow,Muito baixo,#02C650,2760,Novo Brasil/GO,0.0
Recursos hídricos,28,Vazão ecológica para usos ecossistêmicos,2020,,Presente,verylow,Muito baixo,#02C650,5217,Novo Itacolomi/PR,0.0
Recursos hídricos,28,Vazão ecológica para usos ecossistêmicos,2020,,Presente,verylow,Muito baixo,#02C650,3134,Novo Jardim/TO,0.0
Recursos hídricos,28,Vazão ecológica para usos ecossistêmicos,2020,,Presente,verylow,Muito baixo,#02C650,3314,Olho d'Água das Cunhãs/MA,0.0
Recursos hídricos,28,Vazão ecológica para usos ecossistêmicos,2020,,Presente,verylow,Muito baixo,#02C650,3315,Olinda Nova do Maranhão/MA,0.0
Recursos hídricos,28,Vazão ecológica para usos ecossistêmicos,2020,,Presente,verylow,Muito baixo,#02C650,5218,Ourizona/PR,0.0
Recursos hídricos,28,Vazão ecológica para usos ecossistêmicos,2020,,Presente,verylow,Muito baixo,#02C650,5220,Paiçandu/PR,0.0
Recursos hídricos,28,Vazão ecológica para usos ecossistêmicos,2020,,Presente,verylow,Muito baixo,#02C650,5222,Palmital/PR,0.0
Recursos hídricos,28,Vazão ecológica para usos ecossistêmicos,2020,,Presente,verylow,Muito baixo,#02C650,5228,Pato Bragado/PR,0.0
Recursos hídricos,28,Vazão ecológica para usos ecossistêmicos,2020,,Presente,verylow,Muito baixo,#02C650,3322,Paulino Neves/MA,0.0
Recursos hídricos,28,Vazão ecológica para usos ecossistêmicos,2020,,Presente,verylow,Muito baixo,#02C650,3323,Paulo Ramos/MA,0.0
Recursos hídricos,28,Vazão ecológica para usos ecossistêmicos,2020,,Presente,verylow,Muito baixo,#02C650,3324,Pedreiras/MA,0.0
Recursos hídricos,28,Vazão ecológica para usos ecossistêmicos,2020,,Presente,verylow,Muito baixo,#02C650,3326,Penalva/MA,0.0
Recursos hídricos,28,Vazão ecológica para usos ecossistêmicos,2020,,Presente,verylow,Muito baixo,#02C650,2772,Petrolina de Goiás/GO,0.0
Recursos hídricos,28,Vazão ecológica para usos ecossistêmicos,2020,,Presente,verylow,Muito baixo,#02C650,5023,Pilar de Goiás/GO,0.0
Recursos hídricos,28,Vazão ecológica para usos ecossistêmicos,2020,,Presente,verylow,Muito baixo,#02C650,3329,Pindaré-Mirim/MA,0.0
Recursos hídricos,28,Vazão ecológica para usos ecossistêmicos,2020,,Presente,verylow,Muito baixo,#02C650,3331,Pio XII/MA,0.0
Recursos hídricos,28,Vazão ecológica para usos ecossistêmicos,2020,,Presente,verylow,Muito baixo,#02C650,5237,Planaltina do Paraná/PR,0.0
Recursos hídricos,28,Vazão ecológica para usos ecossistêmicos,2020,,Presente,verylow,Muito baixo,#02C650,3333,Poção de Pedras/MA,0.0
Recursos hídricos,28,Vazão ecológica para usos ecossistêmicos,2020,,Presente,verylow,Muito baixo,#02C650,4889,Porangatu/GO,0.0
Recursos hídricos,28,Vazão ecológica para usos ecossistêmicos,2020,,Presente,verylow,Muito baixo,#02C650,3336,Presidente Dutra/MA,0.0
Recursos hídricos,28,Vazão ecológica para usos ecossistêmicos,2020,,Presente,verylow,Muito baixo,#02C650,5244,Quatro Pontes/PR,0.0
Recursos hídricos,28,Vazão ecológica para usos ecossistêmicos,2020,,Presente,verylow,Muito baixo,#02C650,2781,Rialma/GO,0.0
Recursos hídricos,28,Vazão ecológica para usos ecossistêmicos,2020,,Presente,verylow,Muito baixo,#02C650,2782,Rianápolis/GO,0.0
Recursos hídricos,28,Vazão ecológica para usos ecossistêmicos,2020,,Presente,verylow,Muito baixo,#02C650,2234,Rincão/SP,0.0
Recursos hídricos,28,Vazão ecológica para usos ecossistêmicos,2020,,Presente,verylow,Muito baixo,#02C650,3161,Sandolândia/TO,0.0
Recursos hídricos,28,Vazão ecológica para usos ecossistêmicos,2020,,Presente,verylow,Muito baixo,#02C650,3347,Santa Filomena do Maranhão/MA,0.0
Recursos hídricos,28,Vazão ecológica para usos ecossistêmicos,2020,,Presente,verylow,Muito baixo,#02C650,3349,Santa Inês/MA,0.0
Recursos hídricos,28,Vazão ecológica para usos ecossistêmicos,2020,,Presente,verylow,Muito baixo,#02C650,2789,Santa Isabel/GO,0.0
Recursos hídricos,28,Vazão ecológica para usos ecossistêmicos,2020,,Presente,verylow,Muito baixo,#02C650,3350,Santa Luzia/MA,0.0
Recursos hídricos,28,Vazão ecológica para usos ecossistêmicos,2020,,Presente,verylow,Muito baixo,#02C650,5267,Santa Mônica/PR,0.0
Recursos hídricos,28,Vazão ecológica para usos ecossistêmicos,2020,,Presente,verylow,Muito baixo,#02C650,2790,Santa Rita do Novo Destino/GO,0.0
Recursos hídricos,28,Vazão ecológica para usos ecossistêmicos,2020,,Presente,verylow,Muito baixo,#02C650,4890,Santa Tereza de Goiás/GO,0.0
Recursos hídricos,28,Vazão ecológica para usos ecossistêmicos,2020,,Presente,verylow,Muito baixo,#02C650,5268,Santa Tereza do Oeste/PR,0.0
Recursos hídricos,28,Vazão ecológica para usos ecossistêmicos,2020,,Presente,verylow,Muito baixo,#02C650,5025,Santa Terezinha de Goiás/GO,0.0
Recursos hídricos,28,Vazão ecológica para usos ecossistêmicos,2020,,Presente,verylow,Muito baixo,#02C650,3361,São Domingos do Maranhão/MA,0.0
Recursos hídricos,28,Vazão ecológica para usos ecossistêmicos,2020,,Presente,verylow,Muito baixo,#02C650,2286,São Francisco/SP,0.0
Recursos hídricos,28,Vazão ecológica para usos ecossistêmicos,2020,,Presente,verylow,Muito baixo,#02C650,23,São João do Pau d'Alho/SP,0.0
Recursos hídricos,28,Vazão ecológica para usos ecossistêmicos,2020,,Presente,verylow,Muito baixo,#02C650,3371,São José dos Basílios/MA,0.0
Recursos hídricos,28,Vazão ecológica para usos ecossistêmicos,2020,,Presente,verylow,Muito baixo,#02C650,3373,São Luís Gonzaga do Maranhão/MA,0.0
Recursos hídricos,28,Vazão ecológica para usos ecossistêmicos,2020,,Presente,verylow,Muito baixo,#02C650,2798,São Luiz do Norte/GO,0.0
Recursos hídricos,28,Vazão ecológica para usos ecossistêmicos,2020,,Presente,verylow,Muito baixo,#02C650,4892,São Miguel do Araguaia/GO,0.0
Recursos hídricos,28,Vazão ecológica para usos ecossistêmicos,2020,,Presente,verylow,Muito baixo,#02C650,2800,São Patrício/GO,0.0
Recursos hídricos,28,Vazão ecológica para usos ecossistêmicos,2020,,Presente,verylow,Muito baixo,#02C650,3378,São Raimundo do Doca Bezerra/MA,0.0
Recursos hídricos,28,Vazão ecológica para usos ecossistêmicos,2020,,Presente,verylow,Muito baixo,#02C650,3379,São Roberto/MA,0.0
Recursos hídricos,28,Vazão ecológica para usos ecossistêmicos,2020,,Presente,verylow,Muito baixo,#02C650,5286,São Tomé/PR,0.0
Recursos hídricos,28,Vazão ecológica para usos ecossistêmicos,2020,,Presente,verylow,Muito baixo,#02C650,3035,Sapucaia/PA,0.0
Recursos hídricos,28,Vazão ecológica para usos ecossistêmicos,2020,,Presente,verylow,Muito baixo,#02C650,3381,Satubinha/MA,0.0
Recursos hídricos,28,Vazão ecológica para usos ecossistêmicos,2020,,Presente,verylow,Muito baixo,#02C650,3179,Talismã/TO,0.0
Recursos hídricos,28,Vazão ecológica para usos ecossistêmicos,2020,,Presente,verylow,Muito baixo,#02C650,5293,Tapira/PR,0.0
Recursos hídricos,28,Vazão ecológica para usos ecossistêmicos,2020,,Presente,verylow,Muito baixo,#02C650,5294,Terra Boa/PR,0.0
Recursos hídricos,28,Vazão ecológica para usos ecossistêmicos,2020,,Presente,verylow,Muito baixo,#02C650,3391,Trizidela do Vale/MA,0.0
Recursos hídricos,28,Vazão ecológica para usos ecossistêmicos,2020,,Presente,verylow,Muito baixo,#02C650,5038,Tucumã/PA,0.0
Recursos hídricos,28,Vazão ecológica para usos ecossistêmicos,2020,,Presente,verylow,Muito baixo,#02C650,3392,Tufilândia/MA,0.0
Recursos hídricos,28,Vazão ecológica para usos ecossistêmicos,2020,,Presente,verylow,Muito baixo,#02C650,3393,Tuntum/MA,0.0
Recursos hídricos,28,Vazão ecológica para usos ecossistêmicos,2020,,Presente,verylow,Muito baixo,#02C650,26,Tupi Paulista/SP,0.0
Recursos hídricos,28,Vazão ecológica para usos ecossistêmicos,2020,,Presente,verylow,Muito baixo,#02C650,5027,Uirapuru/GO,0.0
Recursos hídricos,28,Vazão ecológica para usos ecossistêmicos,2020,,Presente,verylow,Muito baixo,#02C650,2812,Uruana/GO,0.0
Recursos hídricos,28,Vazão ecológica para usos ecossistêmicos,2020,,Presente,verylow,Muito baixo,#02C650,2361,Urupês/SP,0.0
Recursos hídricos,28,Vazão ecológica para usos ecossistêmicos,2020,,Presente,verylow,Muito baixo,#02C650,2362,Valentim Gentil/SP,0.0
Recursos hídricos,28,Vazão ecológica para usos ecossistêmicos,2020,,Presente,verylow,Muito baixo,#02C650,3399,Viana/MA,0.0
Recursos hídricos,28,Vazão ecológica para usos ecossistêmicos,2020,,Presente,verylow,Muito baixo,#02C650,597,Vicentina/MS,0.0
Recursos hídricos,28,Vazão ecológica para usos ecossistêmicos,2020,,Presente,verylow,Muito baixo,#02C650,3401,Vitória do Mearim/MA,0.0
Recursos hídricos,28,Vazão ecológica para usos ecossistêmicos,2020,,Presente,verylow,Muito baixo,#02C650,3402,Vitorino Freire/MA,0.0
Recursos hídricos,28,Vazão ecológica para usos ecossistêmicos,2020,,Presente,verylow,Muito baixo,#02C650,3045,Xinguara/PA,0.0
Recursos hídricos,28,Vazão ecológica para usos ecossistêmicos,2020,,Presente,low,Baixo,#A9DE00,3048,Abreulândia/TO,0.25
Recursos hídricos,28,Vazão ecológica para usos ecossistêmicos,2020,,Presente,low,Baixo,#A9DE00,2648,Água Fria de Goiás/GO,0.25
Recursos hídricos,28,Vazão ecológica para usos ecossistêmicos,2020,,Presente,low,Baixo,#A9DE00,2858,Alenquer/PA,0.25
Recursos hídricos,28,Vazão ecológica para usos ecossistêmicos,2020,,Presente,low,Baixo,#A9DE00,1785,Altair/SP,0.25
Recursos hídricos,28,Vazão ecológica para usos ecossistêmicos,2020,,Presente,low,Baixo,#A9DE00,5010,Alto Horizonte/GO,0.25
Recursos hídricos,28,Vazão ecológica para usos ecossistêmicos,2020,,Presente,low,Baixo,#A9DE00,5011,Alto Paraíso de Goiás/GO,0.25
Recursos hídricos,28,Vazão ecológica para usos ecossistêmicos,2020,,Presente,low,Baixo,#A9DE00,5062,Alto Paraná/PR,0.25
Recursos hídricos,28,Vazão ecológica para usos ecossistêmicos,2020,,Presente,low,Baixo,#A9DE00,2654,Americano do Brasil/GO,0.25
Recursos hídricos,28,Vazão ecológica para usos ecossistêmicos,2020,,Presente,low,Baixo,#A9DE00,2655,Amorinópolis/GO,0.25
Recursos hídricos,28,Vazão ecológica para usos ecossistêmicos,2020,,Presente,low,Baixo,#A9DE00,4490,Aquidabã/SE,0.25
Recursos hídricos,28,Vazão ecológica para usos ecossistêmicos,2020,,Presente,low,Baixo,#A9DE00,4213,Araçoiaba/PE,0.25
Recursos hídricos,28,Vazão ecológica para usos ecossistêmicos,2020,,Presente,low,Baixo,#A9DE00,4949,Araguaiana/MT,0.25
Recursos hídricos,28,Vazão ecológica para usos ecossistêmicos,2020,,Presente,low,Baixo,#A9DE00,530,Aral Moreira/MS,0.25
Recursos hídricos,28,Vazão ecológica para usos ecossistêmicos,2020,,Presente,low,Baixo,#A9DE00,3063,Arraias/TO,0.25
Recursos hídricos,28,Vazão ecológica para usos ecossistêmicos,2020,,Presente,low,Baixo,#A9DE00,5012,Aruanã/GO,0.25
Recursos hídricos,28,Vazão ecológica para usos ecossistêmicos,2020,,Presente,low,Baixo,#A9DE00,1822,Avanhandava/SP,0.25
Recursos hídricos,28,Vazão ecológica para usos ecossistêmicos,2020,,Presente,low,Baixo,#A9DE00,1826,Bálsamo/SP,0.25
Recursos hídricos,28,Vazão ecológica para usos ecossistêmicos,2020,,Presente,low,Baixo,#A9DE00,3068,Bandeirantes do Tocantins/TO,0.25
Recursos hídricos,28,Vazão ecológica para usos ecossistêmicos,2020,,Presente,low,Baixo,#A9DE00,4391,Barra de Santo Antônio/AL,0.25
Recursos hídricos,28,Vazão ecológica para usos ecossistêmicos,2020,,Presente,low,Baixo,#A9DE00,3212,Barra do Corda/MA,0.25
Recursos hídricos,28,Vazão ecológica para usos ecossistêmicos,2020,,Presente,low,Baixo,#A9DE00,2665,Barro Alto/GO,0.25
Recursos hídricos,28,Vazão ecológica para usos ecossistêmicos,2020,,Presente,low,Baixo,#A9DE00,3070,Barrolândia/TO,0.25
Recursos hídricos,28,Vazão ecológica para usos ecossistêmicos,2020,,Presente,low,Baixo,#A9DE00,533,Batayporã/MS,0.25
Recursos hídricos,28,Vazão ecológica para usos ecossistêmicos,2020,,Presente,low,Baixo,#A9DE00,1840,Bebedouro/SP,0.25
Recursos hídricos,28,Vazão ecológica para usos ecossistêmicos,2020,,Presente,low,Baixo,#A9DE00,1841,Bento de Abreu/SP,0.25
Recursos hídricos,28,Vazão ecológica para usos ecossistêmicos,2020,,Presente,low,Baixo,#A9DE00,3071,Bernardo Sayão/TO,0.25
Recursos hídricos,28,Vazão ecológica para usos ecossistêmicos,2020,,Presente,low,Baixo,#A9DE00,1619,Bom Jesus do Norte/ES,0.25
Recursos hídricos,28,Vazão ecológica para usos ecossistêmicos,2020,,Presente,low,Baixo,#A9DE00,5081,Bom Sucesso/PR,0.25
Recursos hídricos,28,Vazão ecológica para usos ecossistêmicos,2020,,Presente,low,Baixo,#A9DE00,4873,Bonópolis/GO,0.25
Recursos hídricos,28,Vazão ecológica para usos ecossistêmicos,2020,,Presente,low,Baixo,#A9DE00,2670,Britânia/GO,0.25
Recursos hídricos,28,Vazão ecológica para usos ecossistêmicos,2020,,Presente,low,Baixo,#A9DE00,1864,Buritama/SP,0.25
Recursos hídricos,28,Vazão ecológica para usos ecossistêmicos,2020,,Presente,low,Baixo,#A9DE00,2672,Buriti de Goiás/GO,0.25
Recursos hídricos,28,Vazão ecológica para usos ecossistêmicos,2020,,Presente,low,Baixo,#A9DE00,3228,Buritirana/MA,0.25
Recursos hídricos,28,Vazão ecológica para usos ecossistêmicos,2020,,Presente,low,Baixo,#A9DE00,5524,Cacoal/RO,0.25
Recursos hídricos,28,Vazão ecológica para usos ecossistêmicos,2020,,Presente,low,Baixo,#A9DE00,5087,Cafelândia/PR,0.25
Recursos hídricos,28,Vazão ecológica para usos ecossistêmicos,2020,,Presente,low,Baixo,#A9DE00,863,Caiana/MG,0.25
Recursos hídricos,28,Vazão ecológica para usos ecossistêmicos,2020,,Presente,low,Baixo,#A9DE00,1876,Cajobi/SP,0.25
Recursos hídricos,28,Vazão ecológica para usos ecossistêmicos,2020,,Presente,low,Baixo,#A9DE00,2678,Caldas Novas/GO,0.25
Recursos hídricos,28,Vazão ecológica para usos ecossistêmicos,2020,,Presente,low,Baixo,#A9DE00,540,Campo Grande/MS,0.25
Recursos hídricos,28,Vazão ecológica para usos ecossistêmicos,2020,,Presente,low,Baixo,#A9DE00,5093,Campo Mourão/PR,0.25
Recursos hídricos,28,Vazão ecológica para usos ecossistêmicos,2020,,Presente,low,Baixo,#A9DE00,1886,Cândido Rodrigues/SP,0.25
Recursos hídricos,28,Vazão ecológica para usos ecossistêmicos,2020,,Presente,low,Baixo,#A9DE00,3081,Caseara/TO,0.25
Recursos hídricos,28,Vazão ecológica para usos ecossistêmicos,2020,,Presente,low,Baixo,#A9DE00,2965,Castanhal/PA,0.25
Recursos hídricos,28,Vazão ecológica para usos ecossistêmicos,2020,,Presente,low,Baixo,#A9DE00,5525,Cerejeiras/RO,0.25
Recursos hídricos,28,Vazão ecológica para usos ecossistêmicos,2020,,Presente,low,Baixo,#A9DE00,3083,Chapada de Areia/TO,0.25
Recursos hídricos,28,Vazão ecológica para usos ecossistêmicos,2020,,Presente,low,Baixo,#A9DE00,4406,Chã Preta/AL,0.25
Recursos hídricos,28,Vazão ecológica para usos ecossistêmicos,2020,,Presente,low,Baixo,#A9DE00,5103,Cianorte/PR,0.25
Recursos hídricos,28,Vazão ecológica para usos ecossistêmicos,2020,,Presente,low,Baixo,#A9DE00,4953,Cocalinho/MT,0.25
Recursos hídricos,28,Vazão ecológica para usos ecossistêmicos,2020,,Presente,low,Baixo,#A9DE00,5526,Colorado do Oeste/RO,0.25
Recursos hídricos,28,Vazão ecológica para usos ecossistêmicos,2020,,Presente,low,Baixo,#A9DE00,5107,Corbélia/PR,0.25
Recursos hídricos,28,Vazão ecológica para usos ecossistêmicos,2020,,Presente,low,Baixo,#A9DE00,2691,Córrego do Ouro/GO,0.25
Recursos hídricos,28,Vazão ecológica para usos ecossistêmicos,2020,,Presente,low,Baixo,#A9DE00,2426,Correia Pinto/SC,0.25
Recursos hídricos,28,Vazão ecológica para usos ecossistêmicos,2020,,Presente,low,Baixo,#A9DE00,5016,Crixás/GO,0.25
Recursos hídricos,28,Vazão ecológica para usos ecossistêmicos,2020,,Presente,low,Baixo,#A9DE00,5112,Cruzeiro do Oeste/PR,0.25
Recursos hídricos,28,Vazão ecológica para usos ecossistêmicos,2020,,Presente,low,Baixo,#A9DE00,2970,Curionópolis/PA,0.25
Recursos hídricos,28,Vazão ecológica para usos ecossistêmicos,2020,,Presente,low,Baixo,#A9DE00,2864,Curuá/PA,0.25
Recursos hídricos,28,Vazão ecológica para usos ecossistêmicos,2020,,Presente,low,Baixo,#A9DE00,3093,Divinópolis do Tocantins/TO,0.25
Recursos hídricos,28,Vazão ecológica para usos ecossistêmicos,2020,,Presente,low,Baixo,#A9DE00,3252,Dom Pedro/MA,0.25
Recursos hídricos,28,Vazão ecológica para usos ecossistêmicos,2020,,Presente,low,Baixo,#A9DE00,551,Douradina/MS,0.25
Recursos hídricos,28,Vazão ecológica para usos ecossistêmicos,2020,,Presente,low,Baixo,#A9DE00,552,Dourados/MS,0.25
Recursos hídricos,28,Vazão ecológica para usos ecossistêmicos,2020,,Presente,low,Baixo,#A9DE00,1928,Dourado/SP,0.25
Recursos hídricos,28,Vazão ecológica para usos ecossistêmicos,2020,,Presente,low,Baixo,#A9DE00,3,Dracena/SP,0.25
Recursos hídricos,28,Vazão ecológica para usos ecossistêmicos,2020,,Presente,low,Baixo,#A9DE00,5123,Entre Rios do Oeste/PR,0.25
Recursos hídricos,28,Vazão ecológica para usos ecossistêmicos,2020,,Presente,low,Baixo,#A9DE00,5122,Esperança Nova/PR,0.25
Recursos hídricos,28,Vazão ecológica para usos ecossistêmicos,2020,,Presente,low,Baixo,#A9DE00,2704,Fazenda Nova/GO,0.25
Recursos hídricos,28,Vazão ecológica para usos ecossistêmicos,2020,,Presente,low,Baixo,#A9DE00,3257,Fernando Falcão/MA,0.25
Recursos hídricos,28,Vazão ecológica para usos ecossistêmicos,2020,,Presente,low,Baixo,#A9DE00,1948,Flórida Paulista/SP,0.25
Recursos hídricos,28,Vazão ecológica para usos ecossistêmicos,2020,,Presente,low,Baixo,#A9DE00,1957,Gavião Peixoto/SP,0.25
Recursos hídricos,28,Vazão ecológica para usos ecossistêmicos,2020,,Presente,low,Baixo,#A9DE00,2713,Goiás/GO,0.25
Recursos hídricos,28,Vazão ecológica para usos ecossistêmicos,2020,,Presente,low,Baixo,#A9DE00,5137,Goioxim/PR,0.25
Recursos hídricos,28,Vazão ecológica para usos ecossistêmicos,2020,,Presente,low,Baixo,#A9DE00,4990,Gongogi/BA,0.25
Recursos hídricos,28,Vazão ecológica para usos ecossistêmicos,2020,,Presente,low,Baixo,#A9DE00,3264,Governador Edison Lobão/MA,0.25
Recursos hídricos,28,Vazão ecológica para usos ecossistêmicos,2020,,Presente,low,Baixo,#A9DE00,3269,Graça Aranha/MA,0.25
Recursos hídricos,28,Vazão ecológica para usos ecossistêmicos,2020,,Presente,low,Baixo,#A9DE00,5142,Guaraniaçu/PR,0.25
Recursos hídricos,28,Vazão ecológica para usos ecossistêmicos,2020,,Presente,low,Baixo,#A9DE00,4917,Ibicaré/SC,0.25
Recursos hídricos,28,Vazão ecológica para usos ecossistêmicos,2020,,Presente,low,Baixo,#A9DE00,3273,Icatu/MA,0.25
Recursos hídricos,28,Vazão ecológica para usos ecossistêmicos,2020,,Presente,low,Baixo,#A9DE00,2980,Inhangapi/PA,0.25
Recursos hídricos,28,Vazão ecológica para usos ecossistêmicos,2020,,Presente,low,Baixo,#A9DE00,2902,Ipiranga do Norte/MT,0.25
Recursos hídricos,28,Vazão ecológica para usos ecossistêmicos,2020,,Presente,low,Baixo,#A9DE00,4971,Iporá/GO,0.25
Recursos hídricos,28,Vazão ecológica para usos ecossistêmicos,2020,,Presente,low,Baixo,#A9DE00,64,Ipumirim/SC,0.25
Recursos hídricos,28,Vazão ecológica para usos ecossistêmicos,2020,,Presente,low,Baixo,#A9DE00,2728,Itaberaí/GO,0.25
Recursos hídricos,28,Vazão ecológica para usos ecossistêmicos,2020,,Presente,low,Baixo,#A9DE00,4282,Itacuruba/PE,0.25
Recursos hídricos,28,Vazão ecológica para usos ecossistêmicos,2020,,Presente,low,Baixo,#A9DE00,2455,Itajaí/SC,0.25
Recursos hídricos,28,Vazão ecológica para usos ecossistêmicos,2020,,Presente,low,Baixo,#A9DE00,2733,Itapuranga/GO,0.25
Recursos hídricos,28,Vazão ecológica para usos ecossistêmicos,2020,,Presente,low,Baixo,#A9DE00,2734,Itauçu/GO,0.25
Recursos hídricos,28,Vazão ecológica para usos ecossistêmicos,2020,,Presente,low,Baixo,#A9DE00,5358,Ivaí/PR,0.25
Recursos hídricos,28,Vazão ecológica para usos ecossistêmicos,2020,,Presente,low,Baixo,#A9DE00,2036,Jaborandi/SP,0.25
Recursos hídricos,28,Vazão ecológica para usos ecossistêmicos,2020,,Presente,low,Baixo,#A9DE00,2039,Jaci/SP,0.25
Recursos hídricos,28,Vazão ecológica para usos ecossistêmicos,2020,,Presente,low,Baixo,#A9DE00,2984,Jacundá/PA,0.25
Recursos hídricos,28,Vazão ecológica para usos ecossistêmicos,2020,,Presente,low,Baixo,#A9DE00,2042,Jales/SP,0.25
Recursos hídricos,28,Vazão ecológica para usos ecossistêmicos,2020,,Presente,low,Baixo,#A9DE00,5161,Jandaia do Sul/PR,0.25
Recursos hídricos,28,Vazão ecológica para usos ecossistêmicos,2020,,Presente,low,Baixo,#A9DE00,2738,Jaraguá/GO,0.25
Recursos hídricos,28,Vazão ecológica para usos ecossistêmicos,2020,,Presente,low,Baixo,#A9DE00,5532,Ji-Paraná/RO,0.25
Recursos hídricos,28,Vazão ecológica para usos ecossistêmicos,2020,,Presente,low,Baixo,#A9DE00,3282,João Lisboa/MA,0.25
Recursos hídricos,28,Vazão ecológica para usos ecossistêmicos,2020,,Presente,low,Baixo,#A9DE00,2053,Jumirim/SP,0.25
Recursos hídricos,28,Vazão ecológica para usos ecossistêmicos,2020,,Presente,low,Baixo,#A9DE00,4975,Jussara/GO,0.25
Recursos hídricos,28,Vazão ecológica para usos ecossistêmicos,2020,,Presente,low,Baixo,#A9DE00,5169,Kaloré/PR,0.25
Recursos hídricos,28,Vazão ecológica para usos ecossistêmicos,2020,,Presente,low,Baixo,#A9DE00,74,Lacerdópolis/SC,0.25
Recursos hídricos,28,Vazão ecológica para usos ecossistêmicos,2020,,Presente,low,Baixo,#A9DE00,2058,Laranjal Paulista/SP,0.25
Recursos hídricos,28,Vazão ecológica para usos ecossistêmicos,2020,,Presente,low,Baixo,#A9DE00,2059,Lavínia/SP,0.25
Recursos hídricos,28,Vazão ecológica para usos ecossistêmicos,2020,,Presente,low,Baixo,#A9DE00,3298,Maranhãozinho/MA,0.25
Recursos hídricos,28,Vazão ecológica para usos ecossistêmicos,2020,,Presente,low,Baixo,#A9DE00,2990,Marapanim/PA,0.25
Recursos hídricos,28,Vazão ecológica para usos ecossistêmicos,2020,,Presente,low,Baixo,#A9DE00,5185,Marechal Cândido Rondon/PR,0.25
Recursos hídricos,28,Vazão ecológica para usos ecossistêmicos,2020,,Presente,low,Baixo,#A9DE00,5450,Marilândia do Sul/PR,0.25
Recursos hídricos,28,Vazão ecológica para usos ecossistêmicos,2020,,Presente,low,Baixo,#A9DE00,5192,Maripá/PR,0.25
Recursos hídricos,28,Vazão ecológica para usos ecossistêmicos,2020,,Presente,low,Baixo,#A9DE00,5196,Matelândia/PR,0.25
Recursos hídricos,28,Vazão ecológica para usos ecossistêmicos,2020,,Presente,low,Baixo,#A9DE00,3302,Matões do Norte/MA,0.25
Recursos hídricos,28,Vazão ecológica para usos ecossistêmicos,2020,,Presente,low,Baixo,#A9DE00,2746,Matrinchã/GO,0.25
Recursos hídricos,28,Vazão ecológica para usos ecossistêmicos,2020,,Presente,low,Baixo,#A9DE00,5372,Mauá da Serra/PR,0.25
Recursos hídricos,28,Vazão ecológica para usos ecossistêmicos,2020,,Presente,low,Baixo,#A9DE00,5198,Medianeira/PR,0.25
Recursos hídricos,28,Vazão ecológica para usos ecossistêmicos,2020,,Presente,low,Baixo,#A9DE00,5199,Mercedes/PR,0.25
Recursos hídricos,28,Vazão ecológica para usos ecossistêmicos,2020,,Presente,low,Baixo,#A9DE00,1233,Mercês/MG,0.25
Recursos hídricos,28,Vazão ecológica para usos ecossistêmicos,2020,,Presente,low,Baixo,#A9DE00,3305,Miranda do Norte/MA,0.25
Recursos hídricos,28,Vazão ecológica para usos ecossistêmicos,2020,,Presente,low,Baixo,#A9DE00,4883,Monte Alegre de Goiás/GO,0.25
Recursos hídricos,28,Vazão ecológica para usos ecossistêmicos,2020,,Presente,low,Baixo,#A9DE00,2871,Monte Alegre/PA,0.25
Recursos hídricos,28,Vazão ecológica para usos ecossistêmicos,2020,,Presente,low,Baixo,#A9DE00,2109,Monte Aprazível/SP,0.25
Recursos hídricos,28,Vazão ecológica para usos ecossistêmicos,2020,,Presente,low,Baixo,#A9DE00,2110,Monte Azul Paulista/SP,0.25
Recursos hídricos,28,Vazão ecológica para usos ecossistêmicos,2020,,Presente,low,Baixo,#A9DE00,4977,Montes Claros de Goiás/GO,0.25
Recursos hídricos,28,Vazão ecológica para usos ecossistêmicos,2020,,Presente,low,Baixo,#A9DE00,4884,Montividiu do Norte/GO,0.25
Recursos hídricos,28,Vazão ecológica para usos ecossistêmicos,2020,,Presente,low,Baixo,#A9DE00,4363,Moreilândia/PE,0.25
Recursos hídricos,28,Vazão ecológica para usos ecossistêmicos,2020,,Presente,low,Baixo,#A9DE00,5203,Moreira Sales/PR,0.25
Recursos hídricos,28,Vazão ecológica para usos ecossistêmicos,2020,,Presente,low,Baixo,#A9DE00,2752,Mossâmedes/GO,0.25
Recursos hídricos,28,Vazão ecológica para usos ecossistêmicos,2020,,Presente,low,Baixo,#A9DE00,2115,Motuca/SP,0.25
Recursos hídricos,28,Vazão ecológica para usos ecossistêmicos,2020,,Presente,low,Baixo,#A9DE00,2116,Murutinga do Sul/SP,0.25
Recursos hídricos,28,Vazão ecológica para usos ecossistêmicos,2020,,Presente,low,Baixo,#A9DE00,1262,Nacip Raydan/MG,0.25
Recursos hídricos,28,Vazão ecológica para usos ecossistêmicos,2020,,Presente,low,Baixo,#A9DE00,2120,Neves Paulista/SP,0.25
Recursos hídricos,28,Vazão ecológica para usos ecossistêmicos,2020,,Presente,low,Baixo,#A9DE00,2121,Nhandeara/SP,0.25
Recursos hídricos,28,Vazão ecológica para usos ecossistêmicos,2020,,Presente,low,Baixo,#A9DE00,5206,Nova Aliança do Ivaí/PR,0.25
Recursos hídricos,28,Vazão ecológica para usos ecossistêmicos,2020,,Presente,low,Baixo,#A9DE00,5207,Nova Aurora/PR,0.25
Recursos hídricos,28,Vazão ecológica para usos ecossistêmicos,2020,,Presente,low,Baixo,#A9DE00,5208,Nova Cantu/PR,0.25
Recursos hídricos,28,Vazão ecológica para usos ecossistêmicos,2020,,Presente,low,Baixo,#A9DE00,5021,Nova Crixás/GO,0.25
Recursos hídricos,28,Vazão ecológica para usos ecossistêmicos,2020,,Presente,low,Baixo,#A9DE00,1271,Nova Era/MG,0.25
Recursos hídricos,28,Vazão ecológica para usos ecossistêmicos,2020,,Presente,low,Baixo,#A9DE00,5022,Nova Iguaçu de Goiás/GO,0.25
Recursos hídricos,28,Vazão ecológica para usos ecossistêmicos,2020,,Presente,low,Baixo,#A9DE00,4906,Nova Independência/SP,0.25
Recursos hídricos,28,Vazão ecológica para usos ecossistêmicos,2020,,Presente,low,Baixo,#A9DE00,5211,Nova Laranjeiras/PR,0.25
Recursos hídricos,28,Vazão ecológica para usos ecossistêmicos,2020,,Presente,low,Baixo,#A9DE00,2915,Nova Ubiratã/MT,0.25
Recursos hídricos,28,Vazão ecológica para usos ecossistêmicos,2020,,Presente,low,Baixo,#A9DE00,3132,Novo Acordo/TO,0.25
Recursos hídricos,28,Vazão ecológica para usos ecossistêmicos,2020,,Presente,low,Baixo,#A9DE00,4888,Novo Planalto/GO,0.25
Recursos hídricos,28,Vazão ecológica para usos ecossistêmicos,2020,,Presente,low,Baixo,#A9DE00,632,Novo São Joaquim/MT,0.25
Recursos hídricos,28,Vazão ecológica para usos ecossistêmicos,2020,,Presente,low,Baixo,#A9DE00,2136,Olímpia/SP,0.25
Recursos hídricos,28,Vazão ecológica para usos ecossistêmicos,2020,,Presente,low,Baixo,#A9DE00,5034,Ourilândia do Norte/PA,0.25
Recursos hídricos,28,Vazão ecológica para usos ecossistêmicos,2020,,Presente,low,Baixo,#A9DE00,4765,Ourolândia/BA,0.25
Recursos hídricos,28,Vazão ecológica para usos ecossistêmicos,2020,,Presente,low,Baixo,#A9DE00,5219,Ouro Verde do Oeste/PR,0.25
Recursos hídricos,28,Vazão ecológica para usos ecossistêmicos,2020,,Presente,low,Baixo,#A9DE00,2146,Pacaembu/SP,0.25
Recursos hídricos,28,Vazão ecológica para usos ecossistêmicos,2020,,Presente,low,Baixo,#A9DE00,2147,Palestina/SP,0.25
Recursos hídricos,28,Vazão ecológica para usos ecossistêmicos,2020,,Presente,low,Baixo,#A9DE00,4316,Palmares/PE,0.25
Recursos hídricos,28,Vazão ecológica para usos ecossistêmicos,2020,,Presente,low,Baixo,#A9DE00,2149,Palmeira d'Oeste/SP,0.25
Recursos hídricos,28,Vazão ecológica para usos ecossistêmicos,2020,,Presente,low,Baixo,#A9DE00,3136,Palmeirante/TO,0.25
Recursos hídricos,28,Vazão ecológica para usos ecossistêmicos,2020,,Presente,low,Baixo,#A9DE00,3137,Palmeirópolis/TO,0.25
Recursos hídricos,28,Vazão ecológica para usos ecossistêmicos,2020,,Presente,low,Baixo,#A9DE00,5224,Paraíso do Norte/PR,0.25
Recursos hídricos,28,Vazão ecológica para usos ecossistêmicos,2020,,Presente,low,Baixo,#A9DE00,2153,Paraíso/SP,0.25
Recursos hídricos,28,Vazão ecológica para usos ecossistêmicos,2020,,Presente,low,Baixo,#A9DE00,2155,Paranapuã/SP,0.25
Recursos hídricos,28,Vazão ecológica para usos ecossistêmicos,2020,,Presente,low,Baixo,#A9DE00,5562,Parecis/RO,0.25
Recursos hídricos,28,Vazão ecológica para usos ecossistêmicos,2020,,Presente,low,Baixo,#A9DE00,4456,Paripueira/AL,0.25
Recursos hídricos,28,Vazão ecológica para usos ecossistêmicos,2020,,Presente,low,Baixo,#A9DE00,5230,Peabiru/PR,0.25
Recursos hídricos,28,Vazão ecológica para usos ecossistêmicos,2020,,Presente,low,Baixo,#A9DE00,3141,Pedro Afonso/TO,0.25
Recursos hídricos,28,Vazão ecológica para usos ecossistêmicos,2020,,Presente,low,Baixo,#A9DE00,3006,Peixe-Boi/PA,0.25
Recursos hídricos,28,Vazão ecológica para usos ecossistêmicos,2020,,Presente,low,Baixo,#A9DE00,3919,Pendências/RN,0.25
Recursos hídricos,28,Vazão ecológica para usos ecossistêmicos,2020,,Presente,low,Baixo,#A9DE00,3143,Pequizeiro/TO,0.25
Recursos hídricos,28,Vazão ecológica para usos ecossistêmicos,2020,,Presente,low,Baixo,#A9DE00,3328,Peritoró/MA,0.25
Recursos hídricos,28,Vazão ecológica para usos ecossistêmicos,2020,,Presente,low,Baixo,#A9DE00,2175,Piacatu/SP,0.25
Recursos hídricos,28,Vazão ecológica para usos ecossistêmicos,2020,,Presente,low,Baixo,#A9DE00,3007,Piçarra/PA,0.25
Recursos hídricos,28,Vazão ecológica para usos ecossistêmicos,2020,,Presente,low,Baixo,#A9DE00,5563,Pimenteiras do Oeste/RO,0.25
Recursos hídricos,28,Vazão ecológica para usos ecossistêmicos,2020,,Presente,low,Baixo,#A9DE00,4462,Pindoba/AL,0.25
Recursos hídricos,28,Vazão ecológica para usos ecossistêmicos,2020,,Presente,low,Baixo,#A9DE00,2500,Pinheiro Preto/SC,0.25
Recursos hídricos,28,Vazão ecológica para usos ecossistêmicos,2020,,Presente,low,Baixo,#A9DE00,1344,Pintópolis/MG,0.25
Recursos hídricos,28,Vazão ecológica para usos ecossistêmicos,2020,,Presente,low,Baixo,#A9DE00,5235,Pitanga/PR,0.25
Recursos hídricos,28,Vazão ecológica para usos ecossistêmicos,2020,,Presente,low,Baixo,#A9DE00,2194,Poloni/SP,0.25
Recursos hídricos,28,Vazão ecológica para usos ecossistêmicos,2020,,Presente,low,Baixo,#A9DE00,2198,Pontalinda/SP,0.25
Recursos hídricos,28,Vazão ecológica para usos ecossistêmicos,2020,,Presente,low,Baixo,#A9DE00,581,Ponta Porã/MS,0.25
Recursos hídricos,28,Vazão ecológica para usos ecossistêmicos,2020,,Presente,low,Baixo,#A9DE00,2920,Porto dos Gaúchos/MT,0.25
Recursos hídricos,28,Vazão ecológica para usos ecossistêmicos,2020,,Presente,low,Baixo,#A9DE00,641,Poxoréu/MT,0.25
Recursos hídricos,28,Vazão ecológica para usos ecossistêmicos,2020,,Presente,low,Baixo,#A9DE00,2210,Presidente Alves/SP,0.25
Recursos hídricos,28,Vazão ecológica para usos ecossistêmicos,2020,,Presente,low,Baixo,#A9DE00,3338,Presidente Médici/MA,0.25
Recursos hídricos,28,Vazão ecológica para usos ecossistêmicos,2020,,Presente,low,Baixo,#A9DE00,642,Primavera do Leste/MT,0.25
Recursos hídricos,28,Vazão ecológica para usos ecossistêmicos,2020,,Presente,low,Baixo,#A9DE00,5248,Ramilândia/PR,0.25
Recursos hídricos,28,Vazão ecológica para usos ecossistêmicos,2020,,Presente,low,Baixo,#A9DE00,5249,Rancho Alegre D'Oeste/PR,0.25
Recursos hídricos,28,Vazão ecológica para usos ecossistêmicos,2020,,Presente,low,Baixo,#A9DE00,3011,Redenção/PA,0.25
Recursos hídricos,28,Vazão ecológica para usos ecossistêmicos,2020,,Presente,low,Baixo,#A9DE00,2223,Restinga/SP,0.25
Recursos hídricos,28,Vazão ecológica para usos ecossistêmicos,2020,,Presente,low,Baixo,#A9DE00,5454,Rio Bom/PR,0.25
Recursos hídricos,28,Vazão ecológica para usos ecossistêmicos,2020,,Presente,low,Baixo,#A9DE00,3012,Rio Maria/PA,0.25
Recursos hídricos,28,Vazão ecológica para usos ecossistêmicos,2020,,Presente,low,Baixo,#A9DE00,5540,Rolim de Moura/RO,0.25
Recursos hídricos,28,Vazão ecológica para usos ecossistêmicos,2020,,Presente,low,Baixo,#A9DE00,2784,Rubiataba/GO,0.25
Recursos hídricos,28,Vazão ecológica para usos ecossistêmicos,2020,,Presente,low,Baixo,#A9DE00,2242,Rubinéia/SP,0.25
Recursos hídricos,28,Vazão ecológica para usos ecossistêmicos,2020,,Presente,low,Baixo,#A9DE00,2785,Sanclerlândia/GO,0.25
Recursos hídricos,28,Vazão ecológica para usos ecossistêmicos,2020,,Presente,low,Baixo,#A9DE00,5259,Santa Cruz de Monte Castelo/PR,0.25
Recursos hídricos,28,Vazão ecológica para usos ecossistêmicos,2020,,Presente,low,Baixo,#A9DE00,4981,Santa Fé de Goiás/GO,0.25
Recursos hídricos,28,Vazão ecológica para usos ecossistêmicos,2020,,Presente,low,Baixo,#A9DE00,5263,Santa Isabel do Ivaí/PR,0.25
Recursos hídricos,28,Vazão ecológica para usos ecossistêmicos,2020,,Presente,low,Baixo,#A9DE00,3351,Santa Luzia do Paruá/MA,0.25
Recursos hídricos,28,Vazão ecológica para usos ecossistêmicos,2020,,Presente,low,Baixo,#A9DE00,5266,Santa Maria do Oeste/PR,0.25
Recursos hídricos,28,Vazão ecológica para usos ecossistêmicos,2020,,Presente,low,Baixo,#A9DE00,21,Santa Mercedes/SP,0.25
Recursos hídricos,28,Vazão ecológica para usos ecossistêmicos,2020,,Presente,low,Baixo,#A9DE00,2791,Santa Rosa de Goiás/GO,0.25
Recursos hídricos,28,Vazão ecológica para usos ecossistêmicos,2020,,Presente,low,Baixo,#A9DE00,3356,Santo Antônio dos Lopes/MA,0.25
Recursos hídricos,28,Vazão ecológica para usos ecossistêmicos,2020,,Presente,low,Baixo,#A9DE00,4349,São Benedito do Sul/PE,0.25
Recursos hídricos,28,Vazão ecológica para usos ecossistêmicos,2020,,Presente,low,Baixo,#A9DE00,2795,São Francisco de Goiás/GO,0.25
Recursos hídricos,28,Vazão ecológica para usos ecossistêmicos,2020,,Presente,low,Baixo,#A9DE00,2855,São João da Baliza/RR,0.25
Recursos hídricos,28,Vazão ecológica para usos ecossistêmicos,2020,,Presente,low,Baixo,#A9DE00,5026,São João d'Aliança/GO,0.25
Recursos hídricos,28,Vazão ecológica para usos ecossistêmicos,2020,,Presente,low,Baixo,#A9DE00,2289,São João de Iracema/SP,0.25
Recursos hídricos,28,Vazão ecológica para usos ecossistêmicos,2020,,Presente,low,Baixo,#A9DE00,5278,São Jorge do Ivaí/PR,0.25
Recursos hídricos,28,Vazão ecológica para usos ecossistêmicos,2020,,Presente,low,Baixo,#A9DE00,5280,São José das Palmeiras/PR,0.25
Recursos hídricos,28,Vazão ecológica para usos ecossistêmicos,2020,,Presente,low,Baixo,#A9DE00,1672,São José do Calçado/ES,0.25
Recursos hídricos,28,Vazão ecológica para usos ecossistêmicos,2020,,Presente,low,Baixo,#A9DE00,2923,São José do Rio Claro/MT,0.25
Recursos hídricos,28,Vazão ecológica para usos ecossistêmicos,2020,,Presente,low,Baixo,#A9DE00,2797,São Luís de Montes Belos/GO,0.25
Recursos hídricos,28,Vazão ecológica para usos ecossistêmicos,2020,,Presente,low,Baixo,#A9DE00,5281,São Manoel do Paraná/PR,0.25
Recursos hídricos,28,Vazão ecológica para usos ecossistêmicos,2020,,Presente,low,Baixo,#A9DE00,3374,São Mateus do Maranhão/MA,0.25
Recursos hídricos,28,Vazão ecológica para usos ecossistêmicos,2020,,Presente,low,Baixo,#A9DE00,5283,São Pedro do Iguaçu/PR,0.25
Recursos hídricos,28,Vazão ecológica para usos ecossistêmicos,2020,,Presente,low,Baixo,#A9DE00,5284,São Pedro do Ivaí/PR,0.25
Recursos hídricos,28,Vazão ecológica para usos ecossistêmicos,2020,,Presente,low,Baixo,#A9DE00,2310,Sebastianópolis do Sul/SP,0.25
Recursos hídricos,28,Vazão ecológica para usos ecossistêmicos,2020,,Presente,low,Baixo,#A9DE00,590,Sete Quedas/MS,0.25
Recursos hídricos,28,Vazão ecológica para usos ecossistêmicos,2020,,Presente,low,Baixo,#A9DE00,3174,Silvanópolis/TO,0.25
Recursos hídricos,28,Vazão ecológica para usos ecossistêmicos,2020,,Presente,low,Baixo,#A9DE00,4839,Sítio do Mato/BA,0.25
Recursos hídricos,28,Vazão ecológica para usos ecossistêmicos,2020,,Presente,low,Baixo,#A9DE00,3385,Sítio Novo/MA,0.25
Recursos hídricos,28,Vazão ecológica para usos ecossistêmicos,2020,,Presente,low,Baixo,#A9DE00,3176,Sucupira/TO,0.25
Recursos hídricos,28,Vazão ecológica para usos ecossistêmicos,2020,,Presente,low,Baixo,#A9DE00,2324,Tabapuã/SP,0.25
Recursos hídricos,28,Vazão ecológica para usos ecossistêmicos,2020,,Presente,low,Baixo,#A9DE00,5291,Tamboara/PR,0.25
Recursos hídricos,28,Vazão ecológica para usos ecossistêmicos,2020,,Presente,low,Baixo,#A9DE00,2544,Tangará/SC,0.25
Recursos hídricos,28,Vazão ecológica para usos ecossistêmicos,2020,,Presente,low,Baixo,#A9DE00,2931,Tapurah/MT,0.25
Recursos hídricos,28,Vazão ecológica para usos ecossistêmicos,2020,,Presente,low,Baixo,#A9DE00,2806,Taquaral de Goiás/GO,0.25
Recursos hídricos,28,Vazão ecológica para usos ecossistêmicos,2020,,Presente,low,Baixo,#A9DE00,594,Taquarussu/MS,0.25
Recursos hídricos,28,Vazão ecológica para usos ecossistêmicos,2020,,Presente,low,Baixo,#A9DE00,3181,Tocantínia/TO,0.25
Recursos hídricos,28,Vazão ecológica para usos ecossistêmicos,2020,,Presente,low,Baixo,#A9DE00,5297,Toledo/PR,0.25
Recursos hídricos,28,Vazão ecológica para usos ecossistêmicos,2020,,Presente,low,Baixo,#A9DE00,2349,Três Fronteiras/SP,0.25
Recursos hídricos,28,Vazão ecológica para usos ecossistêmicos,2020,,Presente,low,Baixo,#A9DE00,2808,Três Ranchos/GO,0.25
Recursos hídricos,28,Vazão ecológica para usos ecossistêmicos,2020,,Presente,low,Baixo,#A9DE00,4894,Trombas/GO,0.25
Recursos hídricos,28,Vazão ecológica para usos ecossistêmicos,2020,,Presente,low,Baixo,#A9DE00,2351,Tupã/SP,0.25
Recursos hídricos,28,Vazão ecológica para usos ecossistêmicos,2020,,Presente,low,Baixo,#A9DE00,498,Turuçu/RS,0.25
Recursos hídricos,28,Vazão ecológica para usos ecossistêmicos,2020,,Presente,low,Baixo,#A9DE00,5301,Ubiratã/PR,0.25
Recursos hídricos,28,Vazão ecológica para usos ecossistêmicos,2020,,Presente,low,Baixo,#A9DE00,2357,Uchoa/SP,0.25
Recursos hídricos,28,Vazão ecológica para usos ecossistêmicos,2020,,Presente,low,Baixo,#A9DE00,5302,Umuarama/PR,0.25
Recursos hídricos,28,Vazão ecológica para usos ecossistêmicos,2020,,Presente,low,Baixo,#A9DE00,5028,Uruaçu/GO,0.25
Recursos hídricos,28,Vazão ecológica para usos ecossistêmicos,2020,,Presente,low,Baixo,#A9DE00,656,Vale de São Domingos/MT,0.25
Recursos hídricos,28,Vazão ecológica para usos ecossistêmicos,2020,,Presente,low,Baixo,#A9DE00,3043,Vigia/PA,0.25
Recursos hídricos,28,Vazão ecológica para usos ecossistêmicos,2020,,Presente,low,Baixo,#A9DE00,2819,Vila Propício/GO,0.25
Recursos hídricos,28,Vazão ecológica para usos ecossistêmicos,2020,,Presente,low,Baixo,#A9DE00,5307,Virmond/PR,0.25
Recursos hídricos,28,Vazão ecológica para usos ecossistêmicos,2020,,Presente,low,Baixo,#A9DE00,2883,Vitória do Xingu/PA,0.25
Recursos hídricos,28,Vazão ecológica para usos ecossistêmicos,2020,,Presente,low,Baixo,#A9DE00,5309,Xambrê/PR,0.25
Recursos hídricos,28,Vazão ecológica para usos ecossistêmicos,2020,,Presente,low,Baixo,#A9DE00,3403,Zé Doca/MA,0.25
Recursos hídricos,28,Vazão ecológica para usos ecossistêmicos,2020,,Presente,mid,Médio,#FFCD00,4202,Abreu e Lima/PE,0.5
Recursos hídricos,28,Vazão ecológica para usos ecossistêmicos,2020,,Presente,mid,Médio,#FFCD00,3187,Açailândia/MA,0.5
Recursos hídricos,28,Vazão ecológica para usos ecossistêmicos,2020,,Presente,mid,Médio,#FFCD00,2646,Acreúna/GO,0.5
Recursos hídricos,28,Vazão ecológica para usos ecossistêmicos,2020,,Presente,mid,Médio,#FFCD00,3813,Açu/RN,0.5
Recursos hídricos,28,Vazão ecológica para usos ecossistêmicos,2020,,Presente,mid,Médio,#FFCD00,1776,Adamantina/SP,0.5
Recursos hídricos,28,Vazão ecológica para usos ecossistêmicos,2020,,Presente,mid,Médio,#FFCD00,2647,Adelândia/GO,0.5
Recursos hídricos,28,Vazão ecológica para usos ecossistêmicos,2020,,Presente,mid,Médio,#FFCD00,3814,Afonso Bezerra/RN,0.5
Recursos hídricos,28,Vazão ecológica para usos ecossistêmicos,2020,,Presente,mid,Médio,#FFCD00,2381,Agronômica/SC,0.5
Recursos hídricos,28,Vazão ecológica para usos ecossistêmicos,2020,,Presente,mid,Médio,#FFCD00,4948,Água Boa/MT,0.5
Recursos hídricos,28,Vazão ecológica para usos ecossistêmicos,2020,,Presente,mid,Médio,#FFCD00,3979,Água Branca/PB,0.5
Recursos hídricos,28,Vazão ecológica para usos ecossistêmicos,2020,,Presente,mid,Médio,#FFCD00,1778,Aguaí/SP,0.5
Recursos hídricos,28,Vazão ecológica para usos ecossistêmicos,2020,,Presente,mid,Médio,#FFCD00,761,Aguanil/MG,0.5
Recursos hídricos,28,Vazão ecológica para usos ecossistêmicos,2020,,Presente,mid,Médio,#FFCD00,4206,Água Preta/PE,0.5
Recursos hídricos,28,Vazão ecológica para usos ecossistêmicos,2020,,Presente,mid,Médio,#FFCD00,129,Água Santa/RS,0.5
Recursos hídricos,28,Vazão ecológica para usos ecossistêmicos,2020,,Presente,mid,Médio,#FFCD00,1779,Águas da Prata/SP,0.5
Recursos hídricos,28,Vazão ecológica para usos ecossistêmicos,2020,,Presente,mid,Médio,#FFCD00,131,Ajuricaba/RS,0.5
Recursos hídricos,28,Vazão ecológica para usos ecossistêmicos,2020,,Presente,mid,Médio,#FFCD00,4208,Alagoinha/PE,0.5
Recursos hídricos,28,Vazão ecológica para usos ecossistêmicos,2020,,Presente,mid,Médio,#FFCD00,134,Alegria/RS,0.5
Recursos hídricos,28,Vazão ecológica para usos ecossistêmicos,2020,,Presente,mid,Médio,#FFCD00,3050,Aliança do Tocantins/TO,0.5
Recursos hídricos,28,Vazão ecológica para usos ecossistêmicos,2020,,Presente,mid,Médio,#FFCD00,3051,Almas/TO,0.5
Recursos hídricos,28,Vazão ecológica para usos ecossistêmicos,2020,,Presente,mid,Médio,#FFCD00,2652,Aloândia/GO,0.5
Recursos hídricos,28,Vazão ecológica para usos ecossistêmicos,2020,,Presente,mid,Médio,#FFCD00,2888,Alta Floresta/MT,0.5
Recursos hídricos,28,Vazão ecológica para usos ecossistêmicos,2020,,Presente,mid,Médio,#FFCD00,2860,Altamira/PA,0.5
Recursos hídricos,28,Vazão ecológica para usos ecossistêmicos,2020,,Presente,mid,Médio,#FFCD00,5546,Alto Alegre dos Parecis/RO,0.5
Recursos hídricos,28,Vazão ecológica para usos ecossistêmicos,2020,,Presente,mid,Médio,#FFCD00,3818,Alto do Rodrigues/RN,0.5
Recursos hídricos,28,Vazão ecológica para usos ecossistêmicos,2020,,Presente,mid,Médio,#FFCD00,600,Alto Garças/MT,0.5
Recursos hídricos,28,Vazão ecológica para usos ecossistêmicos,2020,,Presente,mid,Médio,#FFCD00,602,Alto Taquari/MT,0.5
Recursos hídricos,28,Vazão ecológica para usos ecossistêmicos,2020,,Presente,mid,Médio,#FFCD00,1789,Álvares Florence/SP,0.5
Recursos hídricos,28,Vazão ecológica para usos ecossistêmicos,2020,,Presente,mid,Médio,#FFCD00,4896,Álvares Machado/SP,0.5
Recursos hídricos,28,Vazão ecológica para usos ecossistêmicos,2020,,Presente,mid,Médio,#FFCD00,2565,Alvorada/RS,0.5
Recursos hídricos,28,Vazão ecológica para usos ecossistêmicos,2020,,Presente,mid,Médio,#FFCD00,4489,Amparo de São Francisco/SE,0.5
Recursos hídricos,28,Vazão ecológica para usos ecossistêmicos,2020,,Presente,mid,Médio,#FFCD00,672,Anagé/BA,0.5
Recursos hídricos,28,Vazão ecológica para usos ecossistêmicos,2020,,Presente,mid,Médio,#FFCD00,3053,Ananás/TO,0.5
Recursos hídricos,28,Vazão ecológica para usos ecossistêmicos,2020,,Presente,mid,Médio,#FFCD00,2943,Ananindeua/PA,0.5
Recursos hídricos,28,Vazão ecológica para usos ecossistêmicos,2020,,Presente,mid,Médio,#FFCD00,5030,Anapu/PA,0.5
Recursos hídricos,28,Vazão ecológica para usos ecossistêmicos,2020,,Presente,mid,Médio,#FFCD00,31,Anchieta/SC,0.5
Recursos hídricos,28,Vazão ecológica para usos ecossistêmicos,2020,,Presente,mid,Médio,#FFCD00,4897,Andradina/SP,0.5
Recursos hídricos,28,Vazão ecológica para usos ecossistêmicos,2020,,Presente,mid,Médio,#FFCD00,1798,Anhembi/SP,0.5
Recursos hídricos,28,Vazão ecológica para usos ecossistêmicos,2020,,Presente,mid,Médio,#FFCD00,4581,Antônio Gonçalves/BA,0.5
Recursos hídricos,28,Vazão ecológica para usos ecossistêmicos,2020,,Presente,mid,Médio,#FFCD00,528,Antônio João/MS,0.5
Recursos hídricos,28,Vazão ecológica para usos ecossistêmicos,2020,,Presente,mid,Médio,#FFCD00,1800,Aparecida d'Oeste/SP,0.5
Recursos hídricos,28,Vazão ecológica para usos ecossistêmicos,2020,,Presente,mid,Médio,#FFCD00,4945,Aparecida do Taboado/MS,0.5
Recursos hídricos,28,Vazão ecológica para usos ecossistêmicos,2020,,Presente,mid,Médio,#FFCD00,1613,Apiacá/ES,0.5
Recursos hídricos,28,Vazão ecológica para usos ecossistêmicos,2020,,Presente,mid,Médio,#FFCD00,1803,Araçatuba/SP,0.5
Recursos hídricos,28,Vazão ecológica para usos ecossistêmicos,2020,,Presente,mid,Médio,#FFCD00,2660,Araçu/GO,0.5
Recursos hídricos,28,Vazão ecológica para usos ecossistêmicos,2020,,Presente,mid,Médio,#FFCD00,3057,Araguacema/TO,0.5
Recursos hídricos,28,Vazão ecológica para usos ecossistêmicos,2020,,Presente,mid,Médio,#FFCD00,1805,Aramina/SP,0.5
Recursos hídricos,28,Vazão ecológica para usos ecossistêmicos,2020,,Presente,mid,Médio,#FFCD00,3062,Arapoema/TO,0.5
Recursos hídricos,28,Vazão ecológica para usos ecossistêmicos,2020,,Presente,mid,Médio,#FFCD00,5069,Araruna/PR,0.5
Recursos hídricos,28,Vazão ecológica para usos ecossistêmicos,2020,,Presente,mid,Médio,#FFCD00,1810,Arco-Íris/SP,0.5
Recursos hídricos,28,Vazão ecológica para usos ecossistêmicos,2020,,Presente,mid,Médio,#FFCD00,1811,Arealva/SP,0.5
Recursos hídricos,28,Vazão ecológica para usos ecossistêmicos,2020,,Presente,mid,Médio,#FFCD00,803,Arinos/MG,0.5
Recursos hídricos,28,Vazão ecológica para usos ecossistêmicos,2020,,Presente,mid,Médio,#FFCD00,1815,Artur Nogueira/SP,0.5
Recursos hídricos,28,Vazão ecológica para usos ecossistêmicos,2020,,Presente,mid,Médio,#FFCD00,5072,Astorga/PR,0.5
Recursos hídricos,28,Vazão ecológica para usos ecossistêmicos,2020,,Presente,mid,Médio,#FFCD00,4390,Atalaia/AL,0.5
Recursos hídricos,28,Vazão ecológica para usos ecossistêmicos,2020,,Presente,mid,Médio,#FFCD00,1615,Atílio Vivacqua/ES,0.5
Recursos hídricos,28,Vazão ecológica para usos ecossistêmicos,2020,,Presente,mid,Médio,#FFCD00,674,Aurelino Leal/BA,0.5
Recursos hídricos,28,Vazão ecológica para usos ecossistêmicos,2020,,Presente,mid,Médio,#FFCD00,1820,Auriflama/SP,0.5
Recursos hídricos,28,Vazão ecológica para usos ecossistêmicos,2020,,Presente,mid,Médio,#FFCD00,2664,Avelinópolis/GO,0.5
Recursos hídricos,28,Vazão ecológica para usos ecossistêmicos,2020,,Presente,mid,Médio,#FFCD00,3207,Bacabeira/MA,0.5
Recursos hídricos,28,Vazão ecológica para usos ecossistêmicos,2020,,Presente,mid,Médio,#FFCD00,1824,Bady Bassitt/SP,0.5
Recursos hídricos,28,Vazão ecológica para usos ecossistêmicos,2020,,Presente,mid,Médio,#FFCD00,2946,Bagre/PA,0.5
Recursos hídricos,28,Vazão ecológica para usos ecossistêmicos,2020,,Presente,mid,Médio,#FFCD00,808,Baldim/MG,0.5
Recursos hídricos,28,Vazão ecológica para usos ecossistêmicos,2020,,Presente,mid,Médio,#FFCD00,531,Bandeirantes/MS,0.5
Recursos hídricos,28,Vazão ecológica para usos ecossistêmicos,2020,,Presente,mid,Médio,#FFCD00,5074,Barbosa Ferraz/PR,0.5
Recursos hídricos,28,Vazão ecológica para usos ecossistêmicos,2020,,Presente,mid,Médio,#FFCD00,4591,Barra/BA,0.5
Recursos hídricos,28,Vazão ecológica para usos ecossistêmicos,2020,,Presente,mid,Médio,#FFCD00,4003,Barra de São Miguel/PB,0.5
Recursos hídricos,28,Vazão ecológica para usos ecossistêmicos,2020,,Presente,mid,Médio,#FFCD00,608,Barra do Garças/MT,0.5
Recursos hídricos,28,Vazão ecológica para usos ecossistêmicos,2020,,Presente,mid,Médio,#FFCD00,4926,Barra do Ribeiro/RS,0.5
Recursos hídricos,28,Vazão ecológica para usos ecossistêmicos,2020,,Presente,mid,Médio,#FFCD00,4594,Barra do Rocha/BA,0.5
Recursos hídricos,28,Vazão ecológica para usos ecossistêmicos,2020,,Presente,mid,Médio,#FFCD00,1833,Barra do Turvo/SP,0.5
Recursos hídricos,28,Vazão ecológica para usos ecossistêmicos,2020,,Presente,mid,Médio,#FFCD00,3213,Barreirinhas/MA,0.5
Recursos hídricos,28,Vazão ecológica para usos ecossistêmicos,2020,,Presente,mid,Médio,#FFCD00,1834,Barretos/SP,0.5
Recursos hídricos,28,Vazão ecológica para usos ecossistêmicos,2020,,Presente,mid,Médio,#FFCD00,4393,Batalha/AL,0.5
Recursos hídricos,28,Vazão ecológica para usos ecossistêmicos,2020,,Presente,mid,Médio,#FFCD00,4218,Belém de Maria/PE,0.5
Recursos hídricos,28,Vazão ecológica para usos ecossistêmicos,2020,,Presente,mid,Médio,#FFCD00,3217,Bequimão/MA,0.5
Recursos hídricos,28,Vazão ecológica para usos ecossistêmicos,2020,,Presente,mid,Médio,#FFCD00,1847,Boa Esperança do Sul/SP,0.5
Recursos hídricos,28,Vazão ecológica para usos ecossistêmicos,2020,,Presente,mid,Médio,#FFCD00,2845,Boa Vista/RR,0.5
Recursos hídricos,28,Vazão ecológica para usos ecossistêmicos,2020,,Presente,mid,Médio,#FFCD00,1850,Boituva/SP,0.5
Recursos hídricos,28,Vazão ecológica para usos ecossistêmicos,2020,,Presente,mid,Médio,#FFCD00,4600,Bom Jesus da Lapa/BA,0.5
Recursos hídricos,28,Vazão ecológica para usos ecossistêmicos,2020,,Presente,mid,Médio,#FFCD00,835,Bom Jesus do Amparo/MG,0.5
Recursos hídricos,28,Vazão ecológica para usos ecossistêmicos,2020,,Presente,mid,Médio,#FFCD00,1694,Bom Jesus do Itabapoana/RJ,0.5
Recursos hídricos,28,Vazão ecológica para usos ecossistêmicos,2020,,Presente,mid,Médio,#FFCD00,2846,Bonfim/RR,0.5
Recursos hídricos,28,Vazão ecológica para usos ecossistêmicos,2020,,Presente,mid,Médio,#FFCD00,168,Bossoroca/RS,0.5
Recursos hídricos,28,Vazão ecológica para usos ecossistêmicos,2020,,Presente,mid,Médio,#FFCD00,169,Bozano/RS,0.5
Recursos hídricos,28,Vazão ecológica para usos ecossistêmicos,2020,,Presente,mid,Médio,#FFCD00,170,Braga/RS,0.5
Recursos hídricos,28,Vazão ecológica para usos ecossistêmicos,2020,,Presente,mid,Médio,#FFCD00,845,Brasilândia de Minas/MG,0.5
Recursos hídricos,28,Vazão ecológica para usos ecossistêmicos,2020,,Presente,mid,Médio,#FFCD00,3438,Brasileira/PI,0.5
Recursos hídricos,28,Vazão ecológica para usos ecossistêmicos,2020,,Presente,mid,Médio,#FFCD00,2863,Brasil Novo/PA,0.5
Recursos hídricos,28,Vazão ecológica para usos ecossistêmicos,2020,,Presente,mid,Médio,#FFCD00,1859,Braúna/SP,0.5
Recursos hídricos,28,Vazão ecológica para usos ecossistêmicos,2020,,Presente,mid,Médio,#FFCD00,3074,Brejinho de Nazaré/TO,0.5
Recursos hídricos,28,Vazão ecológica para usos ecossistêmicos,2020,,Presente,mid,Médio,#FFCD00,1862,Brotas/SP,0.5
Recursos hídricos,28,Vazão ecológica para usos ecossistêmicos,2020,,Presente,mid,Médio,#FFCD00,1863,Buri/SP,0.5
Recursos hídricos,28,Vazão ecológica para usos ecossistêmicos,2020,,Presente,mid,Médio,#FFCD00,172,Butiá/RS,0.5
Recursos hídricos,28,Vazão ecológica para usos ecossistêmicos,2020,,Presente,mid,Médio,#FFCD00,4019,Cabaceiras/PB,0.5
Recursos hídricos,28,Vazão ecológica para usos ecossistêmicos,2020,,Presente,mid,Médio,#FFCD00,2674,Cabeceiras/GO,0.5
Recursos hídricos,28,Vazão ecológica para usos ecossistêmicos,2020,,Presente,mid,Médio,#FFCD00,4912,Caçador/SC,0.5
Recursos hídricos,28,Vazão ecológica para usos ecossistêmicos,2020,,Presente,mid,Médio,#FFCD00,5550,Cacaulândia/RO,0.5
Recursos hídricos,28,Vazão ecológica para usos ecossistêmicos,2020,,Presente,mid,Médio,#FFCD00,2675,Cachoeira Alta/GO,0.5
Recursos hídricos,28,Vazão ecológica para usos ecossistêmicos,2020,,Presente,mid,Médio,#FFCD00,2676,Cachoeira de Goiás/GO,0.5
Recursos hídricos,28,Vazão ecológica para usos ecossistêmicos,2020,,Presente,mid,Médio,#FFCD00,861,Caetanópolis/MG,0.5
Recursos hídricos,28,Vazão ecológica para usos ecossistêmicos,2020,,Presente,mid,Médio,#FFCD00,4025,Caiçara/PB,0.5
Recursos hídricos,28,Vazão ecológica para usos ecossistêmicos,2020,,Presente,mid,Médio,#FFCD00,4399,Cajueiro/AL,0.5
Recursos hídricos,28,Vazão ecológica para usos ecossistêmicos,2020,,Presente,mid,Médio,#FFCD00,2679,Caldazinha/GO,0.5
Recursos hídricos,28,Vazão ecológica para usos ecossistêmicos,2020,,Presente,mid,Médio,#FFCD00,4237,Calumbi/PE,0.5
Recursos hídricos,28,Vazão ecológica para usos ecossistêmicos,2020,,Presente,mid,Médio,#FFCD00,5089,Cambira/PR,0.5
Recursos hídricos,28,Vazão ecológica para usos ecossistêmicos,2020,,Presente,mid,Médio,#FFCD00,2680,Campestre de Goiás/GO,0.5
Recursos hídricos,28,Vazão ecológica para usos ecossistêmicos,2020,,Presente,mid,Médio,#FFCD00,5090,Campina da Lagoa/PR,0.5
Recursos hídricos,28,Vazão ecológica para usos ecossistêmicos,2020,,Presente,mid,Médio,#FFCD00,181,Campina das Missões/RS,0.5
Recursos hídricos,28,Vazão ecológica para usos ecossistêmicos,2020,,Presente,mid,Médio,#FFCD00,3446,Campinas do Piauí/PI,0.5
Recursos hídricos,28,Vazão ecológica para usos ecossistêmicos,2020,,Presente,mid,Médio,#FFCD00,873,Campina Verde/MG,0.5
Recursos hídricos,28,Vazão ecológica para usos ecossistêmicos,2020,,Presente,mid,Médio,#FFCD00,4617,Campo Alegre de Lourdes/BA,0.5
Recursos hídricos,28,Vazão ecológica para usos ecossistêmicos,2020,,Presente,mid,Médio,#FFCD00,2574,Campo Bom/RS,0.5
Recursos hídricos,28,Vazão ecológica para usos ecossistêmicos,2020,,Presente,mid,Médio,#FFCD00,4618,Campo Formoso/BA,0.5
Recursos hídricos,28,Vazão ecológica para usos ecossistêmicos,2020,,Presente,mid,Médio,#FFCD00,3448,Campo Grande do Piauí/PI,0.5
Recursos hídricos,28,Vazão ecológica para usos ecossistêmicos,2020,,Presente,mid,Médio,#FFCD00,4875,Campos Belos/GO,0.5
Recursos hídricos,28,Vazão ecológica para usos ecossistêmicos,2020,,Presente,mid,Médio,#FFCD00,3451,Canavieira/PI,0.5
Recursos hídricos,28,Vazão ecológica para usos ecossistêmicos,2020,,Presente,mid,Médio,#FFCD00,186,Cândido Godói/RS,0.5
Recursos hídricos,28,Vazão ecológica para usos ecossistêmicos,2020,,Presente,mid,Médio,#FFCD00,3836,Canguaretama/RN,0.5
Recursos hídricos,28,Vazão ecológica para usos ecossistêmicos,2020,,Presente,mid,Médio,#FFCD00,4498,Canhoba/SE,0.5
Recursos hídricos,28,Vazão ecológica para usos ecossistêmicos,2020,,Presente,mid,Médio,#FFCD00,2576,Canoas/RS,0.5
Recursos hídricos,28,Vazão ecológica para usos ecossistêmicos,2020,,Presente,mid,Médio,#FFCD00,5095,Cantagalo/PR,0.5
Recursos hídricos,28,Vazão ecológica para usos ecossistêmicos,2020,,Presente,mid,Médio,#FFCD00,2963,Capanema/PA,0.5
Recursos hídricos,28,Vazão ecológica para usos ecossistêmicos,2020,,Presente,mid,Médio,#FFCD00,885,Caparaó/MG,0.5
Recursos hídricos,28,Vazão ecológica para usos ecossistêmicos,2020,,Presente,mid,Médio,#FFCD00,4031,Capim/PB,0.5
Recursos hídricos,28,Vazão ecológica para usos ecossistêmicos,2020,,Presente,mid,Médio,#FFCD00,3235,Capinzal do Norte/MA,0.5
Recursos hídricos,28,Vazão ecológica para usos ecossistêmicos,2020,,Presente,mid,Médio,#FFCD00,2825,Capixaba/AC,0.5
Recursos hídricos,28,Vazão ecológica para usos ecossistêmicos,2020,,Presente,mid,Médio,#FFCD00,1892,Carapicuíba/SP,0.5
Recursos hídricos,28,Vazão ecológica para usos ecossistêmicos,2020,,Presente,mid,Médio,#FFCD00,3456,Caraúbas do Piauí/PI,0.5
Recursos hídricos,28,Vazão ecológica para usos ecossistêmicos,2020,,Presente,mid,Médio,#FFCD00,193,Carazinho/RS,0.5
Recursos hídricos,28,Vazão ecológica para usos ecossistêmicos,2020,,Presente,mid,Médio,#FFCD00,4987,Carinhanha/BA,0.5
Recursos hídricos,28,Vazão ecológica para usos ecossistêmicos,2020,,Presente,mid,Médio,#FFCD00,3078,Cariri do Tocantins/TO,0.5
Recursos hídricos,28,Vazão ecológica para usos ecossistêmicos,2020,,Presente,mid,Médio,#FFCD00,194,Carlos Gomes/RS,0.5
Recursos hídricos,28,Vazão ecológica para usos ecossistêmicos,2020,,Presente,mid,Médio,#FFCD00,4243,Carnaíba/PE,0.5
Recursos hídricos,28,Vazão ecológica para usos ecossistêmicos,2020,,Presente,mid,Médio,#FFCD00,4405,Carneiros/AL,0.5
Recursos hídricos,28,Vazão ecológica para usos ecossistêmicos,2020,,Presente,mid,Médio,#FFCD00,5098,Cascavel/PR,0.5
Recursos hídricos,28,Vazão ecológica para usos ecossistêmicos,2020,,Presente,mid,Médio,#FFCD00,2,Castilho/SP,0.5
Recursos hídricos,28,Vazão ecológica para usos ecossistêmicos,2020,,Presente,mid,Médio,#FFCD00,2685,Catalão/GO,0.5
Recursos hídricos,28,Vazão ecológica para usos ecossistêmicos,2020,,Presente,mid,Médio,#FFCD00,42,Catanduvas/SC,0.5
Recursos hídricos,28,Vazão ecológica para usos ecossistêmicos,2020,,Presente,mid,Médio,#FFCD00,4248,Catende/PE,0.5
Recursos hídricos,28,Vazão ecológica para usos ecossistêmicos,2020,,Presente,mid,Médio,#FFCD00,197,Catuípe/RS,0.5
Recursos hídricos,28,Vazão ecológica para usos ecossistêmicos,2020,,Presente,mid,Médio,#FFCD00,923,Catuti/MG,0.5
Recursos hídricos,28,Vazão ecológica para usos ecossistêmicos,2020,,Presente,mid,Médio,#FFCD00,1898,Cedral/SP,0.5
Recursos hídricos,28,Vazão ecológica para usos ecossistêmicos,2020,,Presente,mid,Médio,#FFCD00,4503,Cedro de São João/SE,0.5
Recursos hídricos,28,Vazão ecológica para usos ecossistêmicos,2020,,Presente,mid,Médio,#FFCD00,4249,Cedro/PE,0.5
Recursos hídricos,28,Vazão ecológica para usos ecossistêmicos,2020,,Presente,mid,Médio,#FFCD00,5101,Céu Azul/PR,0.5
Recursos hídricos,28,Vazão ecológica para usos ecossistêmicos,2020,,Presente,mid,Médio,#FFCD00,3084,Chapada da Natividade/TO,0.5
Recursos hídricos,28,Vazão ecológica para usos ecossistêmicos,2020,,Presente,mid,Médio,#FFCD00,207,Chiapetta/RS,0.5
Recursos hídricos,28,Vazão ecológica para usos ecossistêmicos,2020,,Presente,mid,Médio,#FFCD00,5104,Cidade Gaúcha/PR,0.5
Recursos hídricos,28,Vazão ecológica para usos ecossistêmicos,2020,,Presente,mid,Médio,#FFCD00,934,Claraval/MG,0.5
Recursos hídricos,28,Vazão ecológica para usos ecossistêmicos,2020,,Presente,mid,Médio,#FFCD00,1903,Clementina/SP,0.5
Recursos hídricos,28,Vazão ecológica para usos ecossistêmicos,2020,,Presente,mid,Médio,#FFCD00,2895,Colíder/MT,0.5
Recursos hídricos,28,Vazão ecológica para usos ecossistêmicos,2020,,Presente,mid,Médio,#FFCD00,1904,Colina/SP,0.5
Recursos hídricos,28,Vazão ecológica para usos ecossistêmicos,2020,,Presente,mid,Médio,#FFCD00,939,Comendador Gomes/MG,0.5
Recursos hídricos,28,Vazão ecológica para usos ecossistêmicos,2020,,Presente,mid,Médio,#FFCD00,2968,Conceição do Araguaia/PA,0.5
Recursos hídricos,28,Vazão ecológica para usos ecossistêmicos,2020,,Presente,mid,Médio,#FFCD00,3466,Conceição do Canindé/PI,0.5
Recursos hídricos,28,Vazão ecológica para usos ecossistêmicos,2020,,Presente,mid,Médio,#FFCD00,45,Concórdia/SC,0.5
Recursos hídricos,28,Vazão ecológica para usos ecossistêmicos,2020,,Presente,mid,Médio,#FFCD00,213,Condor/RS,0.5
Recursos hídricos,28,Vazão ecológica para usos ecossistêmicos,2020,,Presente,mid,Médio,#FFCD00,5053,Confresa/MT,0.5
Recursos hídricos,28,Vazão ecológica para usos ecossistêmicos,2020,,Presente,mid,Médio,#FFCD00,961,Cordisburgo/MG,0.5
Recursos hídricos,28,Vazão ecológica para usos ecossistêmicos,2020,,Presente,mid,Médio,#FFCD00,4644,Coribe/BA,0.5
Recursos hídricos,28,Vazão ecológica para usos ecossistêmicos,2020,,Presente,mid,Médio,#FFCD00,964,Coroaci/MG,0.5
Recursos hídricos,28,Vazão ecológica para usos ecossistêmicos,2020,,Presente,mid,Médio,#FFCD00,967,Coronel Murta/MG,0.5
Recursos hídricos,28,Vazão ecológica para usos ecossistêmicos,2020,,Presente,mid,Médio,#FFCD00,5110,Corumbataí do Sul/PR,0.5
Recursos hídricos,28,Vazão ecológica para usos ecossistêmicos,2020,,Presente,mid,Médio,#FFCD00,5527,Corumbiara/RO,0.5
Recursos hídricos,28,Vazão ecológica para usos ecossistêmicos,2020,,Presente,mid,Médio,#FFCD00,1913,Cosmorama/SP,0.5
Recursos hídricos,28,Vazão ecológica para usos ecossistêmicos,2020,,Presente,mid,Médio,#FFCD00,2898,Cotriguaçu/MT,0.5
Recursos hídricos,28,Vazão ecológica para usos ecossistêmicos,2020,,Presente,mid,Médio,#FFCD00,3088,Couto Magalhães/TO,0.5
Recursos hídricos,28,Vazão ecológica para usos ecossistêmicos,2020,,Presente,mid,Médio,#FFCD00,222,Crissiumal/RS,0.5
Recursos hídricos,28,Vazão ecológica para usos ecossistêmicos,2020,,Presente,mid,Médio,#FFCD00,976,Cristais/MG,0.5
Recursos hídricos,28,Vazão ecológica para usos ecossistêmicos,2020,,Presente,mid,Médio,#FFCD00,1916,Cristais Paulista/SP,0.5
Recursos hídricos,28,Vazão ecológica para usos ecossistêmicos,2020,,Presente,mid,Médio,#FFCD00,3090,Crixás do Tocantins/TO,0.5
Recursos hídricos,28,Vazão ecológica para usos ecossistêmicos,2020,,Presente,mid,Médio,#FFCD00,1917,Cruzália/SP,0.5
Recursos hídricos,28,Vazão ecológica para usos ecossistêmicos,2020,,Presente,mid,Médio,#FFCD00,981,Cruzeiro da Fortaleza/MG,0.5
Recursos hídricos,28,Vazão ecológica para usos ecossistêmicos,2020,,Presente,mid,Médio,#FFCD00,2826,Cruzeiro do Sul/AC,0.5
Recursos hídricos,28,Vazão ecológica para usos ecossistêmicos,2020,,Presente,mid,Médio,#FFCD00,4049,Curral de Cima/PB,0.5
Recursos hídricos,28,Vazão ecológica para usos ecossistêmicos,2020,,Presente,mid,Médio,#FFCD00,2698,Damianópolis/GO,0.5
Recursos hídricos,28,Vazão ecológica para usos ecossistêmicos,2020,,Presente,mid,Médio,#FFCD00,2699,Damolândia/GO,0.5
Recursos hídricos,28,Vazão ecológica para usos ecossistêmicos,2020,,Presente,mid,Médio,#FFCD00,3251,Davinópolis/MA,0.5
Recursos hídricos,28,Vazão ecológica para usos ecossistêmicos,2020,,Presente,mid,Médio,#FFCD00,3475,Demerval Lobão/PI,0.5
Recursos hídricos,28,Vazão ecológica para usos ecossistêmicos,2020,,Presente,mid,Médio,#FFCD00,549,Deodápolis/MS,0.5
Recursos hídricos,28,Vazão ecológica para usos ecossistêmicos,2020,,Presente,mid,Médio,#FFCD00,1921,Descalvado/SP,0.5
Recursos hídricos,28,Vazão ecológica para usos ecossistêmicos,2020,,Presente,mid,Médio,#FFCD00,5116,Diamante D'Oeste/PR,0.5
Recursos hídricos,28,Vazão ecológica para usos ecossistêmicos,2020,,Presente,mid,Médio,#FFCD00,232,Dois Irmãos das Missões/RS,0.5
Recursos hídricos,28,Vazão ecológica para usos ecossistêmicos,2020,,Presente,mid,Médio,#FFCD00,3094,Dois Irmãos do Tocantins/TO,0.5
Recursos hídricos,28,Vazão ecológica para usos ecossistêmicos,2020,,Presente,mid,Médio,#FFCD00,2582,Dois Irmãos/RS,0.5
Recursos hídricos,28,Vazão ecológica para usos ecossistêmicos,2020,,Presente,mid,Médio,#FFCD00,2430,Doutor Pedrinho/SC,0.5
Recursos hídricos,28,Vazão ecológica para usos ecossistêmicos,2020,,Presente,mid,Médio,#FFCD00,3253,Duque Bacelar/MA,0.5
Recursos hídricos,28,Vazão ecológica para usos ecossistêmicos,2020,,Presente,mid,Médio,#FFCD00,2974,Eldorado do Carajás/PA,0.5
Recursos hídricos,28,Vazão ecológica para usos ecossistêmicos,2020,,Presente,mid,Médio,#FFCD00,1935,Embaúba/SP,0.5
Recursos hídricos,28,Vazão ecológica para usos ecossistêmicos,2020,,Presente,mid,Médio,#FFCD00,1023,Esmeraldas/MG,0.5
Recursos hídricos,28,Vazão ecológica para usos ecossistêmicos,2020,,Presente,mid,Médio,#FFCD00,1024,Espera Feliz/MG,0.5
Recursos hídricos,28,Vazão ecológica para usos ecossistêmicos,2020,,Presente,mid,Médio,#FFCD00,5529,Espigão D'Oeste/RO,0.5
Recursos hídricos,28,Vazão ecológica para usos ecossistêmicos,2020,,Presente,mid,Médio,#FFCD00,3850,Espírito Santo/RN,0.5
Recursos hídricos,28,Vazão ecológica para usos ecossistêmicos,2020,,Presente,mid,Médio,#FFCD00,2378,Estiva Gerbi/SP,0.5
Recursos hídricos,28,Vazão ecológica para usos ecossistêmicos,2020,,Presente,mid,Médio,#FFCD00,4414,Estrela de Alagoas/AL,0.5
Recursos hídricos,28,Vazão ecológica para usos ecossistêmicos,2020,,Presente,mid,Médio,#FFCD00,1941,Estrela d'Oeste/SP,0.5
Recursos hídricos,28,Vazão ecológica para usos ecossistêmicos,2020,,Presente,mid,Médio,#FFCD00,255,Eugênio de Castro/RS,0.5
Recursos hídricos,28,Vazão ecológica para usos ecossistêmicos,2020,,Presente,mid,Médio,#FFCD00,2703,Faina/GO,0.5
Recursos hídricos,28,Vazão ecológica para usos ecossistêmicos,2020,,Presente,mid,Médio,#FFCD00,5444,Faxinal/PR,0.5
Recursos hídricos,28,Vazão ecológica para usos ecossistêmicos,2020,,Presente,mid,Médio,#FFCD00,2828,Feijó/AC,0.5
Recursos hídricos,28,Vazão ecológica para usos ecossistêmicos,2020,,Presente,mid,Médio,#FFCD00,4415,Feira Grande/AL,0.5
Recursos hídricos,28,Vazão ecológica para usos ecossistêmicos,2020,,Presente,mid,Médio,#FFCD00,1944,Fernando Prestes/SP,0.5
Recursos hídricos,28,Vazão ecológica para usos ecossistêmicos,2020,,Presente,mid,Médio,#FFCD00,2705,Firminópolis/GO,0.5
Recursos hídricos,28,Vazão ecológica para usos ecossistêmicos,2020,,Presente,mid,Médio,#FFCD00,1947,Floreal/SP,0.5
Recursos hídricos,28,Vazão ecológica para usos ecossistêmicos,2020,,Presente,mid,Médio,#FFCD00,5017,Flores de Goiás/GO,0.5
Recursos hídricos,28,Vazão ecológica para usos ecossistêmicos,2020,,Presente,mid,Médio,#FFCD00,4264,Flores/PE,0.5
Recursos hídricos,28,Vazão ecológica para usos ecossistêmicos,2020,,Presente,mid,Médio,#FFCD00,5131,Formosa do Oeste/PR,0.5
Recursos hídricos,28,Vazão ecológica para usos ecossistêmicos,2020,,Presente,mid,Médio,#FFCD00,2706,Formosa/GO,0.5
Recursos hídricos,28,Vazão ecológica para usos ecossistêmicos,2020,,Presente,mid,Médio,#FFCD00,3100,Formoso do Araguaia/TO,0.5
Recursos hídricos,28,Vazão ecológica para usos ecossistêmicos,2020,,Presente,mid,Médio,#FFCD00,2433,Forquilhinha/SC,0.5
Recursos hídricos,28,Vazão ecológica para usos ecossistêmicos,2020,,Presente,mid,Médio,#FFCD00,1950,Franca/SP,0.5
Recursos hídricos,28,Vazão ecológica para usos ecossistêmicos,2020,,Presente,mid,Médio,#FFCD00,1053,Frei Inocêncio/MG,0.5
Recursos hídricos,28,Vazão ecológica para usos ecossistêmicos,2020,,Presente,mid,Médio,#FFCD00,1057,Fruta de Leite/MG,0.5
Recursos hídricos,28,Vazão ecológica para usos ecossistêmicos,2020,,Presente,mid,Médio,#FFCD00,1954,Gália/SP,0.5
Recursos hídricos,28,Vazão ecológica para usos ecossistêmicos,2020,,Presente,mid,Médio,#FFCD00,1955,Garça/SP,0.5
Recursos hídricos,28,Vazão ecológica para usos ecossistêmicos,2020,,Presente,mid,Médio,#FFCD00,2436,Garopaba/SC,0.5
Recursos hídricos,28,Vazão ecológica para usos ecossistêmicos,2020,,Presente,mid,Médio,#FFCD00,3492,Geminiano/PI,0.5
Recursos hídricos,28,Vazão ecológica para usos ecossistêmicos,2020,,Presente,mid,Médio,#FFCD00,272,Giruá/RS,0.5
Recursos hídricos,28,Vazão ecológica para usos ecossistêmicos,2020,,Presente,mid,Médio,#FFCD00,556,Glória de Dourados/MS,0.5
Recursos hídricos,28,Vazão ecológica para usos ecossistêmicos,2020,,Presente,mid,Médio,#FFCD00,2589,Glorinha/RS,0.5
Recursos hídricos,28,Vazão ecológica para usos ecossistêmicos,2020,,Presente,mid,Médio,#FFCD00,2710,Goianésia/GO,0.5
Recursos hídricos,28,Vazão ecológica para usos ecossistêmicos,2020,,Presente,mid,Médio,#FFCD00,3858,Goianinha/RN,0.5
Recursos hídricos,28,Vazão ecológica para usos ecossistêmicos,2020,,Presente,mid,Médio,#FFCD00,5136,Goioerê/PR,0.5
Recursos hídricos,28,Vazão ecológica para usos ecossistêmicos,2020,,Presente,mid,Médio,#FFCD00,3263,Governador Archer/MA,0.5
Recursos hídricos,28,Vazão ecológica para usos ecossistêmicos,2020,,Presente,mid,Médio,#FFCD00,3265,Governador Eugênio Barros/MA,0.5
Recursos hídricos,28,Vazão ecológica para usos ecossistêmicos,2020,,Presente,mid,Médio,#FFCD00,3691,Granja/CE,0.5
Recursos hídricos,28,Vazão ecológica para usos ecossistêmicos,2020,,Presente,mid,Médio,#FFCD00,2591,Gravataí/RS,0.5
Recursos hídricos,28,Vazão ecológica para usos ecossistêmicos,2020,,Presente,mid,Médio,#FFCD00,1633,Guaçuí/ES,0.5
Recursos hídricos,28,Vazão ecológica para usos ecossistêmicos,2020,,Presente,mid,Médio,#FFCD00,4933,Guaíba/RS,0.5
Recursos hídricos,28,Vazão ecológica para usos ecossistêmicos,2020,,Presente,mid,Médio,#FFCD00,1961,Guaiçara/SP,0.5
Recursos hídricos,28,Vazão ecológica para usos ecossistêmicos,2020,,Presente,mid,Médio,#FFCD00,5138,Guaíra/PR,0.5
Recursos hídricos,28,Vazão ecológica para usos ecossistêmicos,2020,,Presente,mid,Médio,#FFCD00,1964,Guapiaçu/SP,0.5
Recursos hídricos,28,Vazão ecológica para usos ecossistêmicos,2020,,Presente,mid,Médio,#FFCD00,2716,Guapó/GO,0.5
Recursos hídricos,28,Vazão ecológica para usos ecossistêmicos,2020,,Presente,mid,Médio,#FFCD00,1074,Guaraciama/MG,0.5
Recursos hídricos,28,Vazão ecológica para usos ecossistêmicos,2020,,Presente,mid,Médio,#FFCD00,5448,Guarapuava/PR,0.5
Recursos hídricos,28,Vazão ecológica para usos ecossistêmicos,2020,,Presente,mid,Médio,#FFCD00,1971,Guararema/SP,0.5
Recursos hídricos,28,Vazão ecológica para usos ecossistêmicos,2020,,Presente,mid,Médio,#FFCD00,1078,Guarda-Mor/MG,0.5
Recursos hídricos,28,Vazão ecológica para usos ecossistêmicos,2020,,Presente,mid,Médio,#FFCD00,1973,Guareí/SP,0.5
Recursos hídricos,28,Vazão ecológica para usos ecossistêmicos,2020,,Presente,mid,Médio,#FFCD00,1976,Guarulhos/SP,0.5
Recursos hídricos,28,Vazão ecológica para usos ecossistêmicos,2020,,Presente,mid,Médio,#FFCD00,1977,Guatapará/SP,0.5
Recursos hídricos,28,Vazão ecológica para usos ecossistêmicos,2020,,Presente,mid,Médio,#FFCD00,3105,Gurupi/TO,0.5
Recursos hídricos,28,Vazão ecológica para usos ecossistêmicos,2020,,Presente,mid,Médio,#FFCD00,1978,Guzolândia/SP,0.5
Recursos hídricos,28,Vazão ecológica para usos ecossistêmicos,2020,,Presente,mid,Médio,#FFCD00,4916,Herval d'Oeste/SC,0.5
Recursos hídricos,28,Vazão ecológica para usos ecossistêmicos,2020,,Presente,mid,Médio,#FFCD00,3496,Hugo Napoleão/PI,0.5
Recursos hídricos,28,Vazão ecológica para usos ecossistêmicos,2020,,Presente,mid,Médio,#FFCD00,281,Humaitá/RS,0.5
Recursos hídricos,28,Vazão ecológica para usos ecossistêmicos,2020,,Presente,mid,Médio,#FFCD00,3272,Humberto de Campos/MA,0.5
Recursos hídricos,28,Vazão ecológica para usos ecossistêmicos,2020,,Presente,mid,Médio,#FFCD00,1982,Iacanga/SP,0.5
Recursos hídricos,28,Vazão ecológica para usos ecossistêmicos,2020,,Presente,mid,Médio,#FFCD00,1983,Iacri/SP,0.5
Recursos hídricos,28,Vazão ecológica para usos ecossistêmicos,2020,,Presente,mid,Médio,#FFCD00,4419,Ibateguara/AL,0.5
Recursos hídricos,28,Vazão ecológica para usos ecossistêmicos,2020,,Presente,mid,Médio,#FFCD00,4274,Ibimirim/PE,0.5
Recursos hídricos,28,Vazão ecológica para usos ecossistêmicos,2020,,Presente,mid,Médio,#FFCD00,1986,Ibirá/SP,0.5
Recursos hídricos,28,Vazão ecológica para usos ecossistêmicos,2020,,Presente,mid,Médio,#FFCD00,1988,Ibitinga/SP,0.5
Recursos hídricos,28,Vazão ecológica para usos ecossistêmicos,2020,,Presente,mid,Médio,#FFCD00,3862,Ielmo Marinho/RN,0.5
Recursos hídricos,28,Vazão ecológica para usos ecossistêmicos,2020,,Presente,mid,Médio,#FFCD00,2978,Igarapé-Açu/PA,0.5
Recursos hídricos,28,Vazão ecológica para usos ecossistêmicos,2020,,Presente,mid,Médio,#FFCD00,1097,Iguatama/MG,0.5
Recursos hídricos,28,Vazão ecológica para usos ecossistêmicos,2020,,Presente,mid,Médio,#FFCD00,558,Iguatemi/MS,0.5
Recursos hídricos,28,Vazão ecológica para usos ecossistêmicos,2020,,Presente,mid,Médio,#FFCD00,4902,Ilha Solteira/SP,0.5
Recursos hídricos,28,Vazão ecológica para usos ecossistêmicos,2020,,Presente,mid,Médio,#FFCD00,703,Ilhéus/BA,0.5
Recursos hídricos,28,Vazão ecológica para usos ecossistêmicos,2020,,Presente,mid,Médio,#FFCD00,4278,Inajá/PE,0.5
Recursos hídricos,28,Vazão ecológica para usos ecossistêmicos,2020,,Presente,mid,Médio,#FFCD00,1998,Indaiatuba/SP,0.5
Recursos hídricos,28,Vazão ecológica para usos ecossistêmicos,2020,,Presente,mid,Médio,#FFCD00,2723,Indiara/GO,0.5
Recursos hídricos,28,Vazão ecológica para usos ecossistêmicos,2020,,Presente,mid,Médio,#FFCD00,291,Inhacorá/RS,0.5
Recursos hídricos,28,Vazão ecológica para usos ecossistêmicos,2020,,Presente,mid,Médio,#FFCD00,3498,Inhuma/PI,0.5
Recursos hídricos,28,Vazão ecológica para usos ecossistêmicos,2020,,Presente,mid,Médio,#FFCD00,2724,Inhumas/GO,0.5
Recursos hídricos,28,Vazão ecológica para usos ecossistêmicos,2020,,Presente,mid,Médio,#FFCD00,2001,Inúbia Paulista/SP,0.5
Recursos hídricos,28,Vazão ecológica para usos ecossistêmicos,2020,,Presente,mid,Médio,#FFCD00,2452,Iomerê/SC,0.5
Recursos hídricos,28,Vazão ecológica para usos ecossistêmicos,2020,,Presente,mid,Médio,#FFCD00,2005,Ipiguá/SP,0.5
Recursos hídricos,28,Vazão ecológica para usos ecossistêmicos,2020,,Presente,mid,Médio,#FFCD00,3499,Ipiranga do Piauí/PI,0.5
Recursos hídricos,28,Vazão ecológica para usos ecossistêmicos,2020,,Presente,mid,Médio,#FFCD00,4281,Ipubi/PE,0.5
Recursos hídricos,28,Vazão ecológica para usos ecossistêmicos,2020,,Presente,mid,Médio,#FFCD00,4903,Irapuru/SP,0.5
Recursos hídricos,28,Vazão ecológica para usos ecossistêmicos,2020,,Presente,mid,Médio,#FFCD00,5152,Iretama/PR,0.5
Recursos hídricos,28,Vazão ecológica para usos ecossistêmicos,2020,,Presente,mid,Médio,#FFCD00,2727,Israelândia/GO,0.5
Recursos hídricos,28,Vazão ecológica para usos ecossistêmicos,2020,,Presente,mid,Médio,#FFCD00,4994,Itacaré/BA,0.5
Recursos hídricos,28,Vazão ecológica para usos ecossistêmicos,2020,,Presente,mid,Médio,#FFCD00,2729,Itaguari/GO,0.5
Recursos hídricos,28,Vazão ecológica para usos ecossistêmicos,2020,,Presente,mid,Médio,#FFCD00,3108,Itaguatins/TO,0.5
Recursos hídricos,28,Vazão ecológica para usos ecossistêmicos,2020,,Presente,mid,Médio,#FFCD00,4283,Itaíba/PE,0.5
Recursos hídricos,28,Vazão ecológica para usos ecossistêmicos,2020,,Presente,mid,Médio,#FFCD00,5154,Itaipulândia/PR,0.5
Recursos hídricos,28,Vazão ecológica para usos ecossistêmicos,2020,,Presente,mid,Médio,#FFCD00,3865,Itajá/RN,0.5
Recursos hídricos,28,Vazão ecológica para usos ecossistêmicos,2020,,Presente,mid,Médio,#FFCD00,2012,Itajobi/SP,0.5
Recursos hídricos,28,Vazão ecológica para usos ecossistêmicos,2020,,Presente,mid,Médio,#FFCD00,1641,Itapemirim/ES,0.5
Recursos hídricos,28,Vazão ecológica para usos ecossistêmicos,2020,,Presente,mid,Médio,#FFCD00,4286,Itapetim/PE,0.5
Recursos hídricos,28,Vazão ecológica para usos ecossistêmicos,2020,,Presente,mid,Médio,#FFCD00,3110,Itaporã do Tocantins/TO,0.5
Recursos hídricos,28,Vazão ecológica para usos ecossistêmicos,2020,,Presente,mid,Médio,#FFCD00,4070,Itapororoca/PB,0.5
Recursos hídricos,28,Vazão ecológica para usos ecossistêmicos,2020,,Presente,mid,Médio,#FFCD00,4904,Itapura/SP,0.5
Recursos hídricos,28,Vazão ecológica para usos ecossistêmicos,2020,,Presente,mid,Médio,#FFCD00,561,Itaquiraí/MS,0.5
Recursos hídricos,28,Vazão ecológica para usos ecossistêmicos,2020,,Presente,mid,Médio,#FFCD00,68,Itá/SC,0.5
Recursos hídricos,28,Vazão ecológica para usos ecossistêmicos,2020,,Presente,mid,Médio,#FFCD00,2983,Itupiranga/PA,0.5
Recursos hídricos,28,Vazão ecológica para usos ecossistêmicos,2020,,Presente,mid,Médio,#FFCD00,2033,Itu/SP,0.5
Recursos hídricos,28,Vazão ecológica para usos ecossistêmicos,2020,,Presente,mid,Médio,#FFCD00,4998,Jaborandi/BA,0.5
Recursos hídricos,28,Vazão ecológica para usos ecossistêmicos,2020,,Presente,mid,Médio,#FFCD00,2037,Jaboticabal/SP,0.5
Recursos hídricos,28,Vazão ecológica para usos ecossistêmicos,2020,,Presente,mid,Médio,#FFCD00,4072,Jacaraú/PB,0.5
Recursos hídricos,28,Vazão ecológica para usos ecossistêmicos,2020,,Presente,mid,Médio,#FFCD00,5449,Jaguapitã/PR,0.5
Recursos hídricos,28,Vazão ecológica para usos ecossistêmicos,2020,,Presente,mid,Médio,#FFCD00,2737,Jandaia/GO,0.5
Recursos hídricos,28,Vazão ecológica para usos ecossistêmicos,2020,,Presente,mid,Médio,#FFCD00,1153,Japaraíba/MG,0.5
Recursos hídricos,28,Vazão ecológica para usos ecossistêmicos,2020,,Presente,mid,Médio,#FFCD00,5163,Japurá/PR,0.5
Recursos hídricos,28,Vazão ecológica para usos ecossistêmicos,2020,,Presente,mid,Médio,#FFCD00,4426,Jaramataia/AL,0.5
Recursos hídricos,28,Vazão ecológica para usos ecossistêmicos,2020,,Presente,mid,Médio,#FFCD00,3280,Jatobá/MA,0.5
Recursos hídricos,28,Vazão ecológica para usos ecossistêmicos,2020,,Presente,mid,Médio,#FFCD00,3111,Jaú do Tocantins/TO,0.5
Recursos hídricos,28,Vazão ecológica para usos ecossistêmicos,2020,,Presente,mid,Médio,#FFCD00,2739,Jaupaci/GO,0.5
Recursos hídricos,28,Vazão ecológica para usos ecossistêmicos,2020,,Presente,mid,Médio,#FFCD00,625,Jauru/MT,0.5
Recursos hídricos,28,Vazão ecológica para usos ecossistêmicos,2020,,Presente,mid,Médio,#FFCD00,2048,Jeriquara/SP,0.5
Recursos hídricos,28,Vazão ecológica para usos ecossistêmicos,2020,,Presente,mid,Médio,#FFCD00,2740,Jesúpolis/GO,0.5
Recursos hídricos,28,Vazão ecológica para usos ecossistêmicos,2020,,Presente,mid,Médio,#FFCD00,72,Joaçaba/SC,0.5
Recursos hídricos,28,Vazão ecológica para usos ecossistêmicos,2020,,Presente,mid,Médio,#FFCD00,3510,Joca Marques/PI,0.5
Recursos hídricos,28,Vazão ecológica para usos ecossistêmicos,2020,,Presente,mid,Médio,#FFCD00,3112,Juarina/TO,0.5
Recursos hídricos,28,Vazão ecológica para usos ecossistêmicos,2020,,Presente,mid,Médio,#FFCD00,3878,Jucurutu/RN,0.5
Recursos hídricos,28,Vazão ecológica para usos ecossistêmicos,2020,,Presente,mid,Médio,#FFCD00,2906,Juína/MT,0.5
Recursos hídricos,28,Vazão ecológica para usos ecossistêmicos,2020,,Presente,mid,Médio,#FFCD00,4905,Junqueirópolis/SP,0.5
Recursos hídricos,28,Vazão ecológica para usos ecossistêmicos,2020,,Presente,mid,Médio,#FFCD00,567,Juti/MS,0.5
Recursos hídricos,28,Vazão ecológica para usos ecossistêmicos,2020,,Presente,mid,Médio,#FFCD00,4431,Lagoa da Canoa/AL,0.5
Recursos hídricos,28,Vazão ecológica para usos ecossistêmicos,2020,,Presente,mid,Médio,#FFCD00,3113,Lagoa da Confusão/TO,0.5
Recursos hídricos,28,Vazão ecológica para usos ecossistêmicos,2020,,Presente,mid,Médio,#FFCD00,4081,Lagoa de Dentro/PB,0.5
Recursos hídricos,28,Vazão ecológica para usos ecossistêmicos,2020,,Presente,mid,Médio,#FFCD00,1179,Lagoa dos Patos/MG,0.5
Recursos hídricos,28,Vazão ecológica para usos ecossistêmicos,2020,,Presente,mid,Médio,#FFCD00,1182,Lagoa Grande/MG,0.5
Recursos hídricos,28,Vazão ecológica para usos ecossistêmicos,2020,,Presente,mid,Médio,#FFCD00,5171,Laranjeiras do Sul/PR,0.5
Recursos hídricos,28,Vazão ecológica para usos ecossistêmicos,2020,,Presente,mid,Médio,#FFCD00,1188,Lassance/MG,0.5
Recursos hídricos,28,Vazão ecológica para usos ecossistêmicos,2020,,Presente,mid,Médio,#FFCD00,2466,Laurentino/SC,0.5
Recursos hídricos,28,Vazão ecológica para usos ecossistêmicos,2020,,Presente,mid,Médio,#FFCD00,5172,Lidianópolis/PR,0.5
Recursos hídricos,28,Vazão ecológica para usos ecossistêmicos,2020,,Presente,mid,Médio,#FFCD00,2470,Lontras/SC,0.5
Recursos hídricos,28,Vazão ecológica para usos ecossistêmicos,2020,,Presente,mid,Médio,#FFCD00,2069,Lucélia/SP,0.5
Recursos hídricos,28,Vazão ecológica para usos ecossistêmicos,2020,,Presente,mid,Médio,#FFCD00,5176,Luiziana/PR,0.5
Recursos hídricos,28,Vazão ecológica para usos ecossistêmicos,2020,,Presente,mid,Médio,#FFCD00,2072,Luiziânia/SP,0.5
Recursos hídricos,28,Vazão ecológica para usos ecossistêmicos,2020,,Presente,mid,Médio,#FFCD00,5177,Lunardelli/PR,0.5
Recursos hídricos,28,Vazão ecológica para usos ecossistêmicos,2020,,Presente,mid,Médio,#FFCD00,3523,Luzilândia/PI,0.5
Recursos hídricos,28,Vazão ecológica para usos ecossistêmicos,2020,,Presente,mid,Médio,#FFCD00,2076,Macaubal/SP,0.5
Recursos hídricos,28,Vazão ecológica para usos ecossistêmicos,2020,,Presente,mid,Médio,#FFCD00,5001,Malhada de Pedras/BA,0.5
Recursos hídricos,28,Vazão ecológica para usos ecossistêmicos,2020,,Presente,mid,Médio,#FFCD00,4089,Mamanguape/PB,0.5
Recursos hídricos,28,Vazão ecológica para usos ecossistêmicos,2020,,Presente,mid,Médio,#FFCD00,5180,Mandaguaçu/PR,0.5
Recursos hídricos,28,Vazão ecológica para usos ecossistêmicos,2020,,Presente,mid,Médio,#FFCD00,5181,Mandaguari/PR,0.5
Recursos hídricos,28,Vazão ecológica para usos ecossistêmicos,2020,,Presente,mid,Médio,#FFCD00,2081,Manduri/SP,0.5
Recursos hídricos,28,Vazão ecológica para usos ecossistêmicos,2020,,Presente,mid,Médio,#FFCD00,1206,Manga/MG,0.5
Recursos hídricos,28,Vazão ecológica para usos ecossistêmicos,2020,,Presente,mid,Médio,#FFCD00,1207,Manhuaçu/MG,0.5
Recursos hídricos,28,Vazão ecológica para usos ecossistêmicos,2020,,Presente,mid,Médio,#FFCD00,5002,Manoel Vitorino/BA,0.5
Recursos hídricos,28,Vazão ecológica para usos ecossistêmicos,2020,,Presente,mid,Médio,#FFCD00,2988,Marabá/PA,0.5
Recursos hídricos,28,Vazão ecológica para usos ecossistêmicos,2020,,Presente,mid,Médio,#FFCD00,6,Marabá Paulista/SP,0.5
Recursos hídricos,28,Vazão ecológica para usos ecossistêmicos,2020,,Presente,mid,Médio,#FFCD00,2082,Maracaí/SP,0.5
Recursos hídricos,28,Vazão ecológica para usos ecossistêmicos,2020,,Presente,mid,Médio,#FFCD00,2475,Maracajá/SC,0.5
Recursos hídricos,28,Vazão ecológica para usos ecossistêmicos,2020,,Presente,mid,Médio,#FFCD00,570,Maracaju/MS,0.5
Recursos hídricos,28,Vazão ecológica para usos ecossistêmicos,2020,,Presente,mid,Médio,#FFCD00,2083,Marapoama/SP,0.5
Recursos hídricos,28,Vazão ecológica para usos ecossistêmicos,2020,,Presente,mid,Médio,#FFCD00,1650,Marataízes/ES,0.5
Recursos hídricos,28,Vazão ecológica para usos ecossistêmicos,2020,,Presente,mid,Médio,#FFCD00,5187,Marialva/PR,0.5
Recursos hídricos,28,Vazão ecológica para usos ecossistêmicos,2020,,Presente,mid,Médio,#FFCD00,4438,Maribondo/AL,0.5
Recursos hídricos,28,Vazão ecológica para usos ecossistêmicos,2020,,Presente,mid,Médio,#FFCD00,2085,Marília/SP,0.5
Recursos hídricos,28,Vazão ecológica para usos ecossistêmicos,2020,,Presente,mid,Médio,#FFCD00,5189,Mariluz/PR,0.5
Recursos hídricos,28,Vazão ecológica para usos ecossistêmicos,2020,,Presente,mid,Médio,#FFCD00,2086,Marinópolis/SP,0.5
Recursos hídricos,28,Vazão ecológica para usos ecossistêmicos,2020,,Presente,mid,Médio,#FFCD00,1219,Martinho Campos/MG,0.5
Recursos hídricos,28,Vazão ecológica para usos ecossistêmicos,2020,,Presente,mid,Médio,#FFCD00,4440,Mata Grande/AL,0.5
Recursos hídricos,28,Vazão ecológica para usos ecossistêmicos,2020,,Presente,mid,Médio,#FFCD00,4095,Mataraca/PB,0.5
Recursos hídricos,28,Vazão ecológica para usos ecossistêmicos,2020,,Presente,mid,Médio,#FFCD00,1598,Mathias Lobato/MG,0.5
Recursos hídricos,28,Vazão ecológica para usos ecossistêmicos,2020,,Presente,mid,Médio,#FFCD00,1226,Matipó/MG,0.5
Recursos hídricos,28,Vazão ecológica para usos ecossistêmicos,2020,,Presente,mid,Médio,#FFCD00,1227,Mato Verde/MG,0.5
Recursos hídricos,28,Vazão ecológica para usos ecossistêmicos,2020,,Presente,mid,Médio,#FFCD00,2747,Maurilândia/GO,0.5
Recursos hídricos,28,Vazão ecológica para usos ecossistêmicos,2020,,Presente,mid,Médio,#FFCD00,3894,Maxaranguape/RN,0.5
Recursos hídricos,28,Vazão ecológica para usos ecossistêmicos,2020,,Presente,mid,Médio,#FFCD00,727,Medeiros Neto/BA,0.5
Recursos hídricos,28,Vazão ecológica para usos ecossistêmicos,2020,,Presente,mid,Médio,#FFCD00,2869,Medicilândia/PA,0.5
Recursos hídricos,28,Vazão ecológica para usos ecossistêmicos,2020,,Presente,mid,Médio,#FFCD00,2478,Meleiro/SC,0.5
Recursos hídricos,28,Vazão ecológica para usos ecossistêmicos,2020,,Presente,mid,Médio,#FFCD00,3303,Milagres do Maranhão/MA,0.5
Recursos hídricos,28,Vazão ecológica para usos ecossistêmicos,2020,,Presente,mid,Médio,#FFCD00,1653,Mimoso do Sul/ES,0.5
Recursos hídricos,28,Vazão ecológica para usos ecossistêmicos,2020,,Presente,mid,Médio,#FFCD00,4882,Minaçu/GO,0.5
Recursos hídricos,28,Vazão ecológica para usos ecossistêmicos,2020,,Presente,mid,Médio,#FFCD00,4443,Minador do Negrão/AL,0.5
Recursos hídricos,28,Vazão ecológica para usos ecossistêmicos,2020,,Presente,mid,Médio,#FFCD00,329,Minas do Leão/RS,0.5
Recursos hídricos,28,Vazão ecológica para usos ecossistêmicos,2020,,Presente,mid,Médio,#FFCD00,664,Mineiros/GO,0.5
Recursos hídricos,28,Vazão ecológica para usos ecossistêmicos,2020,,Presente,mid,Médio,#FFCD00,5558,Ministro Andreazza/RO,0.5
Recursos hídricos,28,Vazão ecológica para usos ecossistêmicos,2020,,Presente,mid,Médio,#FFCD00,3122,Miracema do Tocantins/TO,0.5
Recursos hídricos,28,Vazão ecológica para usos ecossistêmicos,2020,,Presente,mid,Médio,#FFCD00,2097,Mirandópolis/SP,0.5
Recursos hídricos,28,Vazão ecológica para usos ecossistêmicos,2020,,Presente,mid,Médio,#FFCD00,4741,Mirangaba/BA,0.5
Recursos hídricos,28,Vazão ecológica para usos ecossistêmicos,2020,,Presente,mid,Médio,#FFCD00,3123,Miranorte/TO,0.5
Recursos hídricos,28,Vazão ecológica para usos ecossistêmicos,2020,,Presente,mid,Médio,#FFCD00,5004,Mirante/BA,0.5
Recursos hídricos,28,Vazão ecológica para usos ecossistêmicos,2020,,Presente,mid,Médio,#FFCD00,2098,Mirassol/SP,0.5
Recursos hídricos,28,Vazão ecológica para usos ecossistêmicos,2020,,Presente,mid,Médio,#FFCD00,5202,Missal/PR,0.5
Recursos hídricos,28,Vazão ecológica para usos ecossistêmicos,2020,,Presente,mid,Médio,#FFCD00,2101,Mogi das Cruzes/SP,0.5
Recursos hídricos,28,Vazão ecológica para usos ecossistêmicos,2020,,Presente,mid,Médio,#FFCD00,2749,Moiporá/GO,0.5
Recursos hídricos,28,Vazão ecológica para usos ecossistêmicos,2020,,Presente,mid,Médio,#FFCD00,4528,Monte Alegre de Sergipe/SE,0.5
Recursos hídricos,28,Vazão ecológica para usos ecossistêmicos,2020,,Presente,mid,Médio,#FFCD00,2108,Monte Alto/SP,0.5
Recursos hídricos,28,Vazão ecológica para usos ecossistêmicos,2020,,Presente,mid,Médio,#FFCD00,5560,Monte Negro/RO,0.5
Recursos hídricos,28,Vazão ecológica para usos ecossistêmicos,2020,,Presente,mid,Médio,#FFCD00,3125,Monte Santo do Tocantins/TO,0.5
Recursos hídricos,28,Vazão ecológica para usos ecossistêmicos,2020,,Presente,mid,Médio,#FFCD00,2753,Mozarlândia/GO,0.5
Recursos hídricos,28,Vazão ecológica para usos ecossistêmicos,2020,,Presente,mid,Médio,#FFCD00,1657,Muqui/ES,0.5
Recursos hídricos,28,Vazão ecológica para usos ecossistêmicos,2020,,Presente,mid,Médio,#FFCD00,1259,Muriaé/MG,0.5
Recursos hídricos,28,Vazão ecológica para usos ecossistêmicos,2020,,Presente,mid,Médio,#FFCD00,3128,Natividade/TO,0.5
Recursos hídricos,28,Vazão ecológica para usos ecossistêmicos,2020,,Presente,mid,Médio,#FFCD00,573,Naviraí/MS,0.5
Recursos hídricos,28,Vazão ecológica para usos ecossistêmicos,2020,,Presente,mid,Médio,#FFCD00,5020,Niquelândia/GO,0.5
Recursos hídricos,28,Vazão ecológica para usos ecossistêmicos,2020,,Presente,mid,Médio,#FFCD00,4956,Nobres/MT,0.5
Recursos hídricos,28,Vazão ecológica para usos ecossistêmicos,2020,,Presente,mid,Médio,#FFCD00,2123,Nova Aliança/SP,0.5
Recursos hídricos,28,Vazão ecológica para usos ecossistêmicos,2020,,Presente,mid,Médio,#FFCD00,575,Nova Alvorada do Sul/MS,0.5
Recursos hídricos,28,Vazão ecológica para usos ecossistêmicos,2020,,Presente,mid,Médio,#FFCD00,576,Nova Andradina/MS,0.5
Recursos hídricos,28,Vazão ecológica para usos ecossistêmicos,2020,,Presente,mid,Médio,#FFCD00,2125,Nova Canaã Paulista/SP,0.5
Recursos hídricos,28,Vazão ecológica para usos ecossistêmicos,2020,,Presente,mid,Médio,#FFCD00,345,Nova Candelária/RS,0.5
Recursos hídricos,28,Vazão ecológica para usos ecossistêmicos,2020,,Presente,mid,Médio,#FFCD00,5209,Nova Esperança/PR,0.5
Recursos hídricos,28,Vazão ecológica para usos ecossistêmicos,2020,,Presente,mid,Médio,#FFCD00,2127,Nova Europa/SP,0.5
Recursos hídricos,28,Vazão ecológica para usos ecossistêmicos,2020,,Presente,mid,Médio,#FFCD00,2128,Nova Granada/SP,0.5
Recursos hídricos,28,Vazão ecológica para usos ecossistêmicos,2020,,Presente,mid,Médio,#FFCD00,2936,Nova Maringá/MT,0.5
Recursos hídricos,28,Vazão ecológica para usos ecossistêmicos,2020,,Presente,mid,Médio,#FFCD00,3130,Nova Olinda/TO,0.5
Recursos hídricos,28,Vazão ecológica para usos ecossistêmicos,2020,,Presente,mid,Médio,#FFCD00,5214,Nova Santa Rosa/PR,0.5
Recursos hídricos,28,Vazão ecológica para usos ecossistêmicos,2020,,Presente,mid,Médio,#FFCD00,5216,Nova Tebas/PR,0.5
Recursos hídricos,28,Vazão ecológica para usos ecossistêmicos,2020,,Presente,mid,Médio,#FFCD00,4960,Nova Xavantina/MT,0.5
Recursos hídricos,28,Vazão ecológica para usos ecossistêmicos,2020,,Presente,mid,Médio,#FFCD00,2917,Novo Horizonte do Norte/MT,0.5
Recursos hídricos,28,Vazão ecológica para usos ecossistêmicos,2020,,Presente,mid,Médio,#FFCD00,3751,Novo Oriente/CE,0.5
Recursos hídricos,28,Vazão ecológica para usos ecossistêmicos,2020,,Presente,mid,Médio,#FFCD00,2873,Óbidos/PA,0.5
Recursos hídricos,28,Vazão ecológica para usos ecossistêmicos,2020,,Presente,mid,Médio,#FFCD00,4447,Olho d'Água das Flores/AL,0.5
Recursos hídricos,28,Vazão ecológica para usos ecossistêmicos,2020,,Presente,mid,Médio,#FFCD00,2137,Onda Verde/SP,0.5
Recursos hídricos,28,Vazão ecológica para usos ecossistêmicos,2020,,Presente,mid,Médio,#FFCD00,2143,Osvaldo Cruz/SP,0.5
Recursos hídricos,28,Vazão ecológica para usos ecossistêmicos,2020,,Presente,mid,Médio,#FFCD00,2763,Ouro Verde de Goiás/GO,0.5
Recursos hídricos,28,Vazão ecológica para usos ecossistêmicos,2020,,Presente,mid,Médio,#FFCD00,11,Ouro Verde/SP,0.5
Recursos hídricos,28,Vazão ecológica para usos ecossistêmicos,2020,,Presente,mid,Médio,#FFCD00,2764,Ouvidor/GO,0.5
Recursos hídricos,28,Vazão ecológica para usos ecossistêmicos,2020,,Presente,mid,Médio,#FFCD00,2765,Padre Bernardo/GO,0.5
Recursos hídricos,28,Vazão ecológica para usos ecossistêmicos,2020,,Presente,mid,Médio,#FFCD00,1293,Padre Carvalho/MG,0.5
Recursos hídricos,28,Vazão ecológica para usos ecossistêmicos,2020,,Presente,mid,Médio,#FFCD00,3548,Paes Landim/PI,0.5
Recursos hídricos,28,Vazão ecológica para usos ecossistêmicos,2020,,Presente,mid,Médio,#FFCD00,355,Paim Filho/RS,0.5
Recursos hídricos,28,Vazão ecológica para usos ecossistêmicos,2020,,Presente,mid,Médio,#FFCD00,1297,Pai Pedro/MG,0.5
Recursos hídricos,28,Vazão ecológica para usos ecossistêmicos,2020,,Presente,mid,Médio,#FFCD00,5223,Palotina/PR,0.5
Recursos hídricos,28,Vazão ecológica para usos ecossistêmicos,2020,,Presente,mid,Médio,#FFCD00,2769,Panamá/GO,0.5
Recursos hídricos,28,Vazão ecológica para usos ecossistêmicos,2020,,Presente,mid,Médio,#FFCD00,358,Panambi/RS,0.5
Recursos hídricos,28,Vazão ecológica para usos ecossistêmicos,2020,,Presente,mid,Médio,#FFCD00,3552,Paquetá/PI,0.5
Recursos hídricos,28,Vazão ecológica para usos ecossistêmicos,2020,,Presente,mid,Médio,#FFCD00,3003,Paragominas/PA,0.5
Recursos hídricos,28,Vazão ecológica para usos ecossistêmicos,2020,,Presente,mid,Médio,#FFCD00,2154,Paranapanema/SP,0.5
Recursos hídricos,28,Vazão ecológica para usos ecossistêmicos,2020,,Presente,mid,Médio,#FFCD00,4319,Paranatama/PE,0.5
Recursos hídricos,28,Vazão ecológica para usos ecossistêmicos,2020,,Presente,mid,Médio,#FFCD00,5227,Paranavaí/PR,0.5
Recursos hídricos,28,Vazão ecológica para usos ecossistêmicos,2020,,Presente,mid,Médio,#FFCD00,1306,Paraopeba/MG,0.5
Recursos hídricos,28,Vazão ecológica para usos ecossistêmicos,2020,,Presente,mid,Médio,#FFCD00,2156,Parapuã/SP,0.5
Recursos hídricos,28,Vazão ecológica para usos ecossistêmicos,2020,,Presente,mid,Médio,#FFCD00,4768,Paratinga/BA,0.5
Recursos hídricos,28,Vazão ecológica para usos ecossistêmicos,2020,,Presente,mid,Médio,#FFCD00,3004,Parauapebas/PA,0.5
Recursos hídricos,28,Vazão ecológica para usos ecossistêmicos,2020,,Presente,mid,Médio,#FFCD00,3907,Parazinho/RN,0.5
Recursos hídricos,28,Vazão ecológica para usos ecossistêmicos,2020,,Presente,mid,Médio,#FFCD00,3908,Parelhas/RN,0.5
Recursos hídricos,28,Vazão ecológica para usos ecossistêmicos,2020,,Presente,mid,Médio,#FFCD00,2159,Parisi/SP,0.5
Recursos hídricos,28,Vazão ecológica para usos ecossistêmicos,2020,,Presente,mid,Médio,#FFCD00,4320,Parnamirim/PE,0.5
Recursos hídricos,28,Vazão ecológica para usos ecossistêmicos,2020,,Presente,mid,Médio,#FFCD00,3555,Passagem Franca do Piauí/PI,0.5
Recursos hídricos,28,Vazão ecológica para usos ecossistêmicos,2020,,Presente,mid,Médio,#FFCD00,1308,Passa Quatro/MG,0.5
Recursos hídricos,28,Vazão ecológica para usos ecossistêmicos,2020,,Presente,mid,Médio,#FFCD00,1315,Patrocínio do Muriaé/MG,0.5
Recursos hídricos,28,Vazão ecológica para usos ecossistêmicos,2020,,Presente,mid,Médio,#FFCD00,3005,Pau D'Arco/PA,0.5
Recursos hídricos,28,Vazão ecológica para usos ecossistêmicos,2020,,Presente,mid,Médio,#FFCD00,3140,Pau D'Arco/TO,0.5
Recursos hídricos,28,Vazão ecológica para usos ecossistêmicos,2020,,Presente,mid,Médio,#FFCD00,13,Paulicéia/SP,0.5
Recursos hídricos,28,Vazão ecológica para usos ecossistêmicos,2020,,Presente,mid,Médio,#FFCD00,3558,Paulistana/PI,0.5
Recursos hídricos,28,Vazão ecológica para usos ecossistêmicos,2020,,Presente,mid,Médio,#FFCD00,4323,Paulista/PE,0.5
Recursos hídricos,28,Vazão ecológica para usos ecossistêmicos,2020,,Presente,mid,Médio,#FFCD00,4458,Paulo Jacinto/AL,0.5
Recursos hídricos,28,Vazão ecológica para usos ecossistêmicos,2020,,Presente,mid,Médio,#FFCD00,2494,Paulo Lopes/SC,0.5
Recursos hídricos,28,Vazão ecológica para usos ecossistêmicos,2020,,Presente,mid,Médio,#FFCD00,3559,Pavussu/PI,0.5
Recursos hídricos,28,Vazão ecológica para usos ecossistêmicos,2020,,Presente,mid,Médio,#FFCD00,2885,Pedra Branca do Amapari/AP,0.5
Recursos hídricos,28,Vazão ecológica para usos ecossistêmicos,2020,,Presente,mid,Médio,#FFCD00,3915,Pedra Grande/RN,0.5
Recursos hídricos,28,Vazão ecológica para usos ecossistêmicos,2020,,Presente,mid,Médio,#FFCD00,2166,Pedranópolis/SP,0.5
Recursos hídricos,28,Vazão ecológica para usos ecossistêmicos,2020,,Presente,mid,Médio,#FFCD00,4324,Pedra/PE,0.5
Recursos hídricos,28,Vazão ecológica para usos ecossistêmicos,2020,,Presente,mid,Médio,#FFCD00,3325,Pedro do Rosário/MA,0.5
Recursos hídricos,28,Vazão ecológica para usos ecossistêmicos,2020,,Presente,mid,Médio,#FFCD00,3918,Pedro Velho/RN,0.5
Recursos hídricos,28,Vazão ecológica para usos ecossistêmicos,2020,,Presente,mid,Médio,#FFCD00,3142,Peixe/TO,0.5
Recursos hídricos,28,Vazão ecológica para usos ecossistêmicos,2020,,Presente,mid,Médio,#FFCD00,369,Pejuçara/RS,0.5
Recursos hídricos,28,Vazão ecológica para usos ecossistêmicos,2020,,Presente,mid,Médio,#FFCD00,370,Pelotas/RS,0.5
Recursos hídricos,28,Vazão ecológica para usos ecossistêmicos,2020,,Presente,mid,Médio,#FFCD00,3765,Penaforte/CE,0.5
Recursos hídricos,28,Vazão ecológica para usos ecossistêmicos,2020,,Presente,mid,Médio,#FFCD00,665,Perolândia/GO,0.5
Recursos hídricos,28,Vazão ecológica para usos ecossistêmicos,2020,,Presente,mid,Médio,#FFCD00,5232,Pérola/PR,0.5
Recursos hídricos,28,Vazão ecológica para usos ecossistêmicos,2020,,Presente,mid,Médio,#FFCD00,4460,Piaçabuçu/AL,0.5
Recursos hídricos,28,Vazão ecológica para usos ecossistêmicos,2020,,Presente,mid,Médio,#FFCD00,4119,Piancó/PB,0.5
Recursos hídricos,28,Vazão ecológica para usos ecossistêmicos,2020,,Presente,mid,Médio,#FFCD00,3563,Picos/PI,0.5
Recursos hídricos,28,Vazão ecológica para usos ecossistêmicos,2020,,Presente,mid,Médio,#FFCD00,5536,Pimenta Bueno/RO,0.5
Recursos hídricos,28,Vazão ecológica para usos ecossistêmicos,2020,,Presente,mid,Médio,#FFCD00,5383,Pinhais/PR,0.5
Recursos hídricos,28,Vazão ecológica para usos ecossistêmicos,2020,,Presente,mid,Médio,#FFCD00,14,Piquerobi/SP,0.5
Recursos hídricos,28,Vazão ecológica para usos ecossistêmicos,2020,,Presente,mid,Médio,#FFCD00,1346,Pirajuba/MG,0.5
Recursos hídricos,28,Vazão ecológica para usos ecossistêmicos,2020,,Presente,mid,Médio,#FFCD00,2185,Pirajuí/SP,0.5
Recursos hídricos,28,Vazão ecológica para usos ecossistêmicos,2020,,Presente,mid,Médio,#FFCD00,2774,Pirenópolis/GO,0.5
Recursos hídricos,28,Vazão ecológica para usos ecossistêmicos,2020,,Presente,mid,Médio,#FFCD00,5236,Pitangueiras/PR,0.5
Recursos hídricos,28,Vazão ecológica para usos ecossistêmicos,2020,,Presente,mid,Médio,#FFCD00,3147,Pium/TO,0.5
Recursos hídricos,28,Vazão ecológica para usos ecossistêmicos,2020,,Presente,mid,Médio,#FFCD00,2776,Planaltina/GO,0.5
Recursos hídricos,28,Vazão ecológica para usos ecossistêmicos,2020,,Presente,mid,Médio,#FFCD00,1355,Planura/MG,0.5
Recursos hídricos,28,Vazão ecológica para usos ecossistêmicos,2020,,Presente,mid,Médio,#FFCD00,4129,Pombal/PB,0.5
Recursos hídricos,28,Vazão ecológica para usos ecossistêmicos,2020,,Presente,mid,Médio,#FFCD00,1359,Pompéu/MG,0.5
Recursos hídricos,28,Vazão ecológica para usos ecossistêmicos,2020,,Presente,mid,Médio,#FFCD00,2777,Pontalina/GO,0.5
Recursos hídricos,28,Vazão ecológica para usos ecossistêmicos,2020,,Presente,mid,Médio,#FFCD00,379,Pontão/RS,0.5
Recursos hídricos,28,Vazão ecológica para usos ecossistêmicos,2020,,Presente,mid,Médio,#FFCD00,638,Pontes e Lacerda/MT,0.5
Recursos hídricos,28,Vazão ecológica para usos ecossistêmicos,2020,,Presente,mid,Médio,#FFCD00,2199,Pontes Gestal/SP,0.5
Recursos hídricos,28,Vazão ecológica para usos ecossistêmicos,2020,,Presente,mid,Médio,#FFCD00,1741,Porciúncula/RJ,0.5
Recursos hídricos,28,Vazão ecológica para usos ecossistêmicos,2020,,Presente,mid,Médio,#FFCD00,2778,Porteirão/GO,0.5
Recursos hídricos,28,Vazão ecológica para usos ecossistêmicos,2020,,Presente,mid,Médio,#FFCD00,3150,Porto Alegre do Tocantins/TO,0.5
Recursos hídricos,28,Vazão ecológica para usos ecossistêmicos,2020,,Presente,mid,Médio,#FFCD00,2876,Porto de Moz/PA,0.5
Recursos hídricos,28,Vazão ecológica para usos ecossistêmicos,2020,,Presente,mid,Médio,#FFCD00,2203,Porto Ferreira/SP,0.5
Recursos hídricos,28,Vazão ecológica para usos ecossistêmicos,2020,,Presente,mid,Médio,#FFCD00,3334,Porto Franco/MA,0.5
Recursos hídricos,28,Vazão ecológica para usos ecossistêmicos,2020,,Presente,mid,Médio,#FFCD00,5045,Porto Grande/AP,0.5
Recursos hídricos,28,Vazão ecológica para usos ecossistêmicos,2020,,Presente,mid,Médio,#FFCD00,2877,Prainha/PA,0.5
Recursos hídricos,28,Vazão ecológica para usos ecossistêmicos,2020,,Presente,mid,Médio,#FFCD00,1369,Prata/MG,0.5
Recursos hídricos,28,Vazão ecológica para usos ecossistêmicos,2020,,Presente,mid,Médio,#FFCD00,2209,Pratânia/SP,0.5
Recursos hídricos,28,Vazão ecológica para usos ecossistêmicos,2020,,Presente,mid,Médio,#FFCD00,5242,Presidente Castelo Branco/PR,0.5
Recursos hídricos,28,Vazão ecológica para usos ecossistêmicos,2020,,Presente,mid,Médio,#FFCD00,1373,Presidente Juscelino/MG,0.5
Recursos hídricos,28,Vazão ecológica para usos ecossistêmicos,2020,,Presente,mid,Médio,#FFCD00,4908,Presidente Prudente/SP,0.5
Recursos hídricos,28,Vazão ecológica para usos ecossistêmicos,2020,,Presente,mid,Médio,#FFCD00,2211,Promissão/SP,0.5
Recursos hídricos,28,Vazão ecológica para usos ecossistêmicos,2020,,Presente,mid,Médio,#FFCD00,3925,Pureza/RN,0.5
Recursos hídricos,28,Vazão ecológica para usos ecossistêmicos,2020,,Presente,mid,Médio,#FFCD00,5243,Quarto Centenário/PR,0.5
Recursos hídricos,28,Vazão ecológica para usos ecossistêmicos,2020,,Presente,mid,Médio,#FFCD00,5246,Querência do Norte/PR,0.5
Recursos hídricos,28,Vazão ecológica para usos ecossistêmicos,2020,,Presente,mid,Médio,#FFCD00,4331,Quipapá/PE,0.5
Recursos hídricos,28,Vazão ecológica para usos ecossistêmicos,2020,,Presente,mid,Médio,#FFCD00,2221,Reginópolis/SP,0.5
Recursos hídricos,28,Vazão ecológica para usos ecossistêmicos,2020,,Presente,mid,Médio,#FFCD00,1387,Riachinho/MG,0.5
Recursos hídricos,28,Vazão ecológica para usos ecossistêmicos,2020,,Presente,mid,Médio,#FFCD00,3156,Riachinho/TO,0.5
Recursos hídricos,28,Vazão ecológica para usos ecossistêmicos,2020,,Presente,mid,Médio,#FFCD00,583,Ribas do Rio Pardo/MS,0.5
Recursos hídricos,28,Vazão ecológica para usos ecossistêmicos,2020,,Presente,mid,Médio,#FFCD00,3575,Ribeira do Piauí/PI,0.5
Recursos hídricos,28,Vazão ecológica para usos ecossistêmicos,2020,,Presente,mid,Médio,#FFCD00,2225,Ribeirão Bonito/SP,0.5
Recursos hídricos,28,Vazão ecológica para usos ecossistêmicos,2020,,Presente,mid,Médio,#FFCD00,4335,Ribeirão/PE,0.5
Recursos hídricos,28,Vazão ecológica para usos ecossistêmicos,2020,,Presente,mid,Médio,#FFCD00,2231,Ribeirão Preto/SP,0.5
Recursos hídricos,28,Vazão ecológica para usos ecossistêmicos,2020,,Presente,mid,Médio,#FFCD00,2236,Rio Claro/SP,0.5
Recursos hídricos,28,Vazão ecológica para usos ecossistêmicos,2020,,Presente,mid,Médio,#FFCD00,2237,Rio das Pedras/SP,0.5
Recursos hídricos,28,Vazão ecológica para usos ecossistêmicos,2020,,Presente,mid,Médio,#FFCD00,2515,Rio do Sul/SC,0.5
Recursos hídricos,28,Vazão ecológica para usos ecossistêmicos,2020,,Presente,mid,Médio,#FFCD00,1401,Rio Pomba/MG,0.5
Recursos hídricos,28,Vazão ecológica para usos ecossistêmicos,2020,,Presente,mid,Médio,#FFCD00,2783,Rio Quente/GO,0.5
Recursos hídricos,28,Vazão ecológica para usos ecossistêmicos,2020,,Presente,mid,Médio,#FFCD00,100,Riqueza/SC,0.5
Recursos hídricos,28,Vazão ecológica para usos ecossistêmicos,2020,,Presente,mid,Médio,#FFCD00,101,Romelândia/SC,0.5
Recursos hídricos,28,Vazão ecológica para usos ecossistêmicos,2020,,Presente,mid,Médio,#FFCD00,5254,Roncador/PR,0.5
Recursos hídricos,28,Vazão ecológica para usos ecossistêmicos,2020,,Presente,mid,Médio,#FFCD00,3013,Rondon do Pará/PA,0.5
Recursos hídricos,28,Vazão ecológica para usos ecossistêmicos,2020,,Presente,mid,Médio,#FFCD00,5255,Rondon/PR,0.5
Recursos hídricos,28,Vazão ecológica para usos ecossistêmicos,2020,,Presente,mid,Médio,#FFCD00,404,Roque Gonzales/RS,0.5
Recursos hídricos,28,Vazão ecológica para usos ecossistêmicos,2020,,Presente,mid,Médio,#FFCD00,1408,Rosário da Limeira/MG,0.5
Recursos hídricos,28,Vazão ecológica para usos ecossistêmicos,2020,,Presente,mid,Médio,#FFCD00,4962,Rosário Oeste/MT,0.5
Recursos hídricos,28,Vazão ecológica para usos ecossistêmicos,2020,,Presente,mid,Médio,#FFCD00,4339,Salgueiro/PE,0.5
Recursos hídricos,28,Vazão ecológica para usos ecossistêmicos,2020,,Presente,mid,Médio,#FFCD00,2248,Salmourão/SP,0.5
Recursos hídricos,28,Vazão ecológica para usos ecossistêmicos,2020,,Presente,mid,Médio,#FFCD00,2250,Salto/SP,0.5
Recursos hídricos,28,Vazão ecológica para usos ecossistêmicos,2020,,Presente,mid,Médio,#FFCD00,2253,Santa Adélia/SP,0.5
Recursos hídricos,28,Vazão ecológica para usos ecossistêmicos,2020,,Presente,mid,Médio,#FFCD00,2786,Santa Bárbara de Goiás/GO,0.5
Recursos hídricos,28,Vazão ecológica para usos ecossistêmicos,2020,,Presente,mid,Médio,#FFCD00,3016,Santa Bárbara do Pará/PA,0.5
Recursos hídricos,28,Vazão ecológica para usos ecossistêmicos,2020,,Presente,mid,Médio,#FFCD00,413,Santa Cecília do Sul/RS,0.5
Recursos hídricos,28,Vazão ecológica para usos ecossistêmicos,2020,,Presente,mid,Médio,#FFCD00,2257,Santa Clara d'Oeste/SP,0.5
Recursos hídricos,28,Vazão ecológica para usos ecossistêmicos,2020,,Presente,mid,Médio,#FFCD00,4343,Santa Cruz da Baixa Verde/PE,0.5
Recursos hídricos,28,Vazão ecológica para usos ecossistêmicos,2020,,Presente,mid,Médio,#FFCD00,2261,Santa Cruz do Rio Pardo/SP,0.5
Recursos hídricos,28,Vazão ecológica para usos ecossistêmicos,2020,,Presente,mid,Médio,#FFCD00,4342,Santa Cruz/PE,0.5
Recursos hídricos,28,Vazão ecológica para usos ecossistêmicos,2020,,Presente,mid,Médio,#FFCD00,2263,Santa Fé do Sul/SP,0.5
Recursos hídricos,28,Vazão ecológica para usos ecossistêmicos,2020,,Presente,mid,Médio,#FFCD00,2264,Santa Gertrudes/SP,0.5
Recursos hídricos,28,Vazão ecológica para usos ecossistêmicos,2020,,Presente,mid,Médio,#FFCD00,5261,Santa Helena/PR,0.5
Recursos hídricos,28,Vazão ecológica para usos ecossistêmicos,2020,,Presente,mid,Médio,#FFCD00,5541,Santa Luzia D'Oeste/RO,0.5
Recursos hídricos,28,Vazão ecológica para usos ecossistêmicos,2020,,Presente,mid,Médio,#FFCD00,3020,Santa Maria das Barreiras/PA,0.5
Recursos hídricos,28,Vazão ecológica para usos ecossistêmicos,2020,,Presente,mid,Médio,#FFCD00,4807,Santa Maria da Vitória/BA,0.5
Recursos hídricos,28,Vazão ecológica para usos ecossistêmicos,2020,,Presente,mid,Médio,#FFCD00,4808,Santana/BA,0.5
Recursos hídricos,28,Vazão ecológica para usos ecossistêmicos,2020,,Presente,mid,Médio,#FFCD00,418,Santana da Boa Vista/RS,0.5
Recursos hídricos,28,Vazão ecológica para usos ecossistêmicos,2020,,Presente,mid,Médio,#FFCD00,1434,Santana de Pirapama/MG,0.5
Recursos hídricos,28,Vazão ecológica para usos ecossistêmicos,2020,,Presente,mid,Médio,#FFCD00,4472,Santana do Ipanema/AL,0.5
Recursos hídricos,28,Vazão ecológica para usos ecossistêmicos,2020,,Presente,mid,Médio,#FFCD00,3354,Santana do Maranhão/MA,0.5
Recursos hídricos,28,Vazão ecológica para usos ecossistêmicos,2020,,Presente,mid,Médio,#FFCD00,3936,Santana do Seridó/RN,0.5
Recursos hídricos,28,Vazão ecológica para usos ecossistêmicos,2020,,Presente,mid,Médio,#FFCD00,3352,Santa Quitéria do Maranhão/MA,0.5
Recursos hídricos,28,Vazão ecológica para usos ecossistêmicos,2020,,Presente,mid,Médio,#FFCD00,2271,Santa Rita do Passa Quatro/SP,0.5
Recursos hídricos,28,Vazão ecológica para usos ecossistêmicos,2020,,Presente,mid,Médio,#FFCD00,3164,Santa Rita do Tocantins/TO,0.5
Recursos hídricos,28,Vazão ecológica para usos ecossistêmicos,2020,,Presente,mid,Médio,#FFCD00,2523,Santa Rosa de Lima/SC,0.5
Recursos hídricos,28,Vazão ecológica para usos ecossistêmicos,2020,,Presente,mid,Médio,#FFCD00,3165,Santa Rosa do Tocantins/TO,0.5
Recursos hídricos,28,Vazão ecológica para usos ecossistêmicos,2020,,Presente,mid,Médio,#FFCD00,3167,Santa Terezinha do Tocantins/TO,0.5
Recursos hídricos,28,Vazão ecológica para usos ecossistêmicos,2020,,Presente,mid,Médio,#FFCD00,22,Santo Anastácio/SP,0.5
Recursos hídricos,28,Vazão ecológica para usos ecossistêmicos,2020,,Presente,mid,Médio,#FFCD00,424,Santo Ângelo/RS,0.5
Recursos hídricos,28,Vazão ecológica para usos ecossistêmicos,2020,,Presente,mid,Médio,#FFCD00,3584,Santo Antônio de Lisboa/PI,0.5
Recursos hídricos,28,Vazão ecológica para usos ecossistêmicos,2020,,Presente,mid,Médio,#FFCD00,2277,Santo Antônio do Aracanguá/SP,0.5
Recursos hídricos,28,Vazão ecológica para usos ecossistêmicos,2020,,Presente,mid,Médio,#FFCD00,3024,Santo Antônio do Tauá/PA,0.5
Recursos hídricos,28,Vazão ecológica para usos ecossistêmicos,2020,,Presente,mid,Médio,#FFCD00,1458,Santo Hipólito/MG,0.5
Recursos hídricos,28,Vazão ecológica para usos ecossistêmicos,2020,,Presente,mid,Médio,#FFCD00,2280,Santópolis do Aguapeí/SP,0.5
Recursos hídricos,28,Vazão ecológica para usos ecossistêmicos,2020,,Presente,mid,Médio,#FFCD00,5273,São Carlos do Ivaí/PR,0.5
Recursos hídricos,28,Vazão ecológica para usos ecossistêmicos,2020,,Presente,mid,Médio,#FFCD00,4159,São Domingos/PB,0.5
Recursos hídricos,28,Vazão ecológica para usos ecossistêmicos,2020,,Presente,mid,Médio,#FFCD00,3362,São Félix de Balsas/MA,0.5
Recursos hídricos,28,Vazão ecológica para usos ecossistêmicos,2020,,Presente,mid,Médio,#FFCD00,5057,São Félix do Araguaia/MT,0.5
Recursos hídricos,28,Vazão ecológica para usos ecossistêmicos,2020,,Presente,mid,Médio,#FFCD00,4818,São Félix do Coribe/BA,0.5
Recursos hídricos,28,Vazão ecológica para usos ecossistêmicos,2020,,Presente,mid,Médio,#FFCD00,5036,São Félix do Xingu/PA,0.5
Recursos hídricos,28,Vazão ecológica para usos ecossistêmicos,2020,,Presente,mid,Médio,#FFCD00,1468,São Francisco do Glória/MG,0.5
Recursos hídricos,28,Vazão ecológica para usos ecossistêmicos,2020,,Presente,mid,Médio,#FFCD00,5566,São Francisco do Guaporé/RO,0.5
Recursos hídricos,28,Vazão ecológica para usos ecossistêmicos,2020,,Presente,mid,Médio,#FFCD00,3028,São Francisco do Pará/PA,0.5
Recursos hídricos,28,Vazão ecológica para usos ecossistêmicos,2020,,Presente,mid,Médio,#FFCD00,4556,São Francisco/SE,0.5
Recursos hídricos,28,Vazão ecológica para usos ecossistêmicos,2020,,Presente,mid,Médio,#FFCD00,589,São Gabriel do Oeste/MS,0.5
Recursos hídricos,28,Vazão ecológica para usos ecossistêmicos,2020,,Presente,mid,Médio,#FFCD00,3029,São Geraldo do Araguaia/PA,0.5
Recursos hídricos,28,Vazão ecológica para usos ecossistêmicos,2020,,Presente,mid,Médio,#FFCD00,3592,São Gonçalo do Piauí/PI,0.5
Recursos hídricos,28,Vazão ecológica para usos ecossistêmicos,2020,,Presente,mid,Médio,#FFCD00,3365,São João Batista/MA,0.5
Recursos hídricos,28,Vazão ecológica para usos ecossistêmicos,2020,,Presente,mid,Médio,#FFCD00,2287,São João da Boa Vista/SP,0.5
Recursos hídricos,28,Vazão ecológica para usos ecossistêmicos,2020,,Presente,mid,Médio,#FFCD00,2796,São João da Paraúna/GO,0.5
Recursos hídricos,28,Vazão ecológica para usos ecossistêmicos,2020,,Presente,mid,Médio,#FFCD00,2288,São João das Duas Pontes/SP,0.5
Recursos hídricos,28,Vazão ecológica para usos ecossistêmicos,2020,,Presente,mid,Médio,#FFCD00,3366,São João do Carú/MA,0.5
Recursos hídricos,28,Vazão ecológica para usos ecossistêmicos,2020,,Presente,mid,Médio,#FFCD00,1483,São João do Manhuaçu/MG,0.5
Recursos hídricos,28,Vazão ecológica para usos ecossistêmicos,2020,,Presente,mid,Médio,#FFCD00,3367,São João do Paraíso/MA,0.5
Recursos hídricos,28,Vazão ecológica para usos ecossistêmicos,2020,,Presente,mid,Médio,#FFCD00,1490,São Joaquim de Bicas/MG,0.5
Recursos hídricos,28,Vazão ecológica para usos ecossistêmicos,2020,,Presente,mid,Médio,#FFCD00,4353,São Joaquim do Monte/PE,0.5
Recursos hídricos,28,Vazão ecológica para usos ecossistêmicos,2020,,Presente,mid,Médio,#FFCD00,4355,São José do Belmonte/PE,0.5
Recursos hídricos,28,Vazão ecológica para usos ecossistêmicos,2020,,Presente,mid,Médio,#FFCD00,3599,São José do Divino/PI,0.5
Recursos hídricos,28,Vazão ecológica para usos ecossistêmicos,2020,,Presente,mid,Médio,#FFCD00,4356,São José do Egito/PE,0.5
Recursos hídricos,28,Vazão ecológica para usos ecossistêmicos,2020,,Presente,mid,Médio,#FFCD00,2294,São José do Rio Preto/SP,0.5
Recursos hídricos,28,Vazão ecológica para usos ecossistêmicos,2020,,Presente,mid,Médio,#FFCD00,5415,São José dos Pinhais/PR,0.5
Recursos hídricos,28,Vazão ecológica para usos ecossistêmicos,2020,,Presente,mid,Médio,#FFCD00,4166,São José dos Ramos/PB,0.5
Recursos hídricos,28,Vazão ecológica para usos ecossistêmicos,2020,,Presente,mid,Médio,#FFCD00,444,São Lourenço do Sul/RS,0.5
Recursos hídricos,28,Vazão ecológica para usos ecossistêmicos,2020,,Presente,mid,Médio,#FFCD00,445,São Luiz Gonzaga/RS,0.5
Recursos hídricos,28,Vazão ecológica para usos ecossistêmicos,2020,,Presente,mid,Médio,#FFCD00,2299,São Miguel Arcanjo/SP,0.5
Recursos hídricos,28,Vazão ecológica para usos ecossistêmicos,2020,,Presente,mid,Médio,#FFCD00,4174,São Miguel de Taipu/PB,0.5
Recursos hídricos,28,Vazão ecológica para usos ecossistêmicos,2020,,Presente,mid,Médio,#FFCD00,3948,São Miguel do Gostoso/RN,0.5
Recursos hídricos,28,Vazão ecológica para usos ecossistêmicos,2020,,Presente,mid,Médio,#FFCD00,5282,São Miguel do Iguaçu/PR,0.5
Recursos hídricos,28,Vazão ecológica para usos ecossistêmicos,2020,,Presente,mid,Médio,#FFCD00,449,São Nicolau/RS,0.5
Recursos hídricos,28,Vazão ecológica para usos ecossistêmicos,2020,,Presente,mid,Médio,#FFCD00,453,São Pedro do Butiá/RS,0.5
Recursos hídricos,28,Vazão ecológica para usos ecossistêmicos,2020,,Presente,mid,Médio,#FFCD00,5285,São Pedro do Paraná/PR,0.5
Recursos hídricos,28,Vazão ecológica para usos ecossistêmicos,2020,,Presente,mid,Médio,#FFCD00,3376,São Pedro dos Crentes/MA,0.5
Recursos hídricos,28,Vazão ecológica para usos ecossistêmicos,2020,,Presente,mid,Médio,#FFCD00,2301,São Pedro/SP,0.5
Recursos hídricos,28,Vazão ecológica para usos ecossistêmicos,2020,,Presente,mid,Médio,#FFCD00,3951,São Rafael/RN,0.5
Recursos hídricos,28,Vazão ecológica para usos ecossistêmicos,2020,,Presente,mid,Médio,#FFCD00,3377,São Raimundo das Mangabeiras/MA,0.5
Recursos hídricos,28,Vazão ecológica para usos ecossistêmicos,2020,,Presente,mid,Médio,#FFCD00,4177,Sapé/PB,0.5
Recursos hídricos,28,Vazão ecológica para usos ecossistêmicos,2020,,Presente,mid,Médio,#FFCD00,2630,Sapiranga/RS,0.5
Recursos hídricos,28,Vazão ecológica para usos ecossistêmicos,2020,,Presente,mid,Médio,#FFCD00,3382,Senador Alexandre Costa/MA,0.5
Recursos hídricos,28,Vazão ecológica para usos ecossistêmicos,2020,,Presente,mid,Médio,#FFCD00,5037,Senador José Porfírio/PA,0.5
Recursos hídricos,28,Vazão ecológica para usos ecossistêmicos,2020,,Presente,mid,Médio,#FFCD00,3383,Senador La Rocque/MA,0.5
Recursos hídricos,28,Vazão ecológica para usos ecossistêmicos,2020,,Presente,mid,Médio,#FFCD00,4482,Senador Rui Palmeira/AL,0.5
Recursos hídricos,28,Vazão ecológica para usos ecossistêmicos,2020,,Presente,mid,Médio,#FFCD00,4831,Senhor do Bonfim/BA,0.5
Recursos hídricos,28,Vazão ecológica para usos ecossistêmicos,2020,,Presente,mid,Médio,#FFCD00,5567,Seringueiras/RO,0.5
Recursos hídricos,28,Vazão ecológica para usos ecossistêmicos,2020,,Presente,mid,Médio,#FFCD00,2884,Serra do Navio/AP,0.5
Recursos hídricos,28,Vazão ecológica para usos ecossistêmicos,2020,,Presente,mid,Médio,#FFCD00,4832,Serra do Ramalho/BA,0.5
Recursos hídricos,28,Vazão ecológica para usos ecossistêmicos,2020,,Presente,mid,Médio,#FFCD00,1538,Serrania/MG,0.5
Recursos hídricos,28,Vazão ecológica para usos ecossistêmicos,2020,,Presente,mid,Médio,#FFCD00,4360,Serrita/PE,0.5
Recursos hídricos,28,Vazão ecológica para usos ecossistêmicos,2020,,Presente,mid,Médio,#FFCD00,2315,Sete Barras/SP,0.5
Recursos hídricos,28,Vazão ecológica para usos ecossistêmicos,2020,,Presente,mid,Médio,#FFCD00,2316,Severínia/SP,0.5
Recursos hídricos,28,Vazão ecológica para usos ecossistêmicos,2020,,Presente,mid,Médio,#FFCD00,591,Sidrolândia/MS,0.5
Recursos hídricos,28,Vazão ecológica para usos ecossistêmicos,2020,,Presente,mid,Médio,#FFCD00,2928,Sinop/MT,0.5
Recursos hídricos,28,Vazão ecológica para usos ecossistêmicos,2020,,Presente,mid,Médio,#FFCD00,2318,Socorro/SP,0.5
Recursos hídricos,28,Vazão ecológica para usos ecossistêmicos,2020,,Presente,mid,Médio,#FFCD00,2929,Sorriso/MT,0.5
Recursos hídricos,28,Vazão ecológica para usos ecossistêmicos,2020,,Presente,mid,Médio,#FFCD00,4189,Sousa/PB,0.5
Recursos hídricos,28,Vazão ecológica para usos ecossistêmicos,2020,,Presente,mid,Médio,#FFCD00,3616,Sussuapara/PI,0.5
Recursos hídricos,28,Vazão ecológica para usos ecossistêmicos,2020,,Presente,mid,Médio,#FFCD00,2323,Suzanápolis/SP,0.5
Recursos hídricos,28,Vazão ecológica para usos ecossistêmicos,2020,,Presente,mid,Médio,#FFCD00,2322,Suzano/SP,0.5
Recursos hídricos,28,Vazão ecológica para usos ecossistêmicos,2020,,Presente,mid,Médio,#FFCD00,2930,Tabaporã/MT,0.5
Recursos hídricos,28,Vazão ecológica para usos ecossistêmicos,2020,,Presente,mid,Médio,#FFCD00,4366,Tabira/PE,0.5
Recursos hídricos,28,Vazão ecológica para usos ecossistêmicos,2020,,Presente,mid,Médio,#FFCD00,4368,Tacaratu/PE,0.5
Recursos hídricos,28,Vazão ecológica para usos ecossistêmicos,2020,,Presente,mid,Médio,#FFCD00,593,Tacuru/MS,0.5
Recursos hídricos,28,Vazão ecológica para usos ecossistêmicos,2020,,Presente,mid,Médio,#FFCD00,2327,Taguaí/SP,0.5
Recursos hídricos,28,Vazão ecológica para usos ecossistêmicos,2020,,Presente,mid,Médio,#FFCD00,2331,Tanabi/SP,0.5
Recursos hídricos,28,Vazão ecológica para usos ecossistêmicos,2020,,Presente,mid,Médio,#FFCD00,5292,Tapejara/PR,0.5
Recursos hídricos,28,Vazão ecológica para usos ecossistêmicos,2020,,Presente,mid,Médio,#FFCD00,4192,Taperoá/PB,0.5
Recursos hídricos,28,Vazão ecológica para usos ecossistêmicos,2020,,Presente,mid,Médio,#FFCD00,2840,Tarauacá/AC,0.5
Recursos hídricos,28,Vazão ecológica para usos ecossistêmicos,2020,,Presente,mid,Médio,#FFCD00,2339,Tatuí/SP,0.5
Recursos hídricos,28,Vazão ecológica para usos ecossistêmicos,2020,,Presente,mid,Médio,#FFCD00,3799,Tauá/CE,0.5
Recursos hídricos,28,Vazão ecológica para usos ecossistêmicos,2020,,Presente,mid,Médio,#FFCD00,4372,Terra Nova/PE,0.5
Recursos hídricos,28,Vazão ecológica para usos ecossistêmicos,2020,,Presente,mid,Médio,#FFCD00,2342,Terra Roxa/SP,0.5
Recursos hídricos,28,Vazão ecológica para usos ecossistêmicos,2020,,Presente,mid,Médio,#FFCD00,1563,Toledo/MG,0.5
Recursos hídricos,28,Vazão ecológica para usos ecossistêmicos,2020,,Presente,mid,Médio,#FFCD00,655,Torixoréu/MT,0.5
Recursos hídricos,28,Vazão ecológica para usos ecossistêmicos,2020,,Presente,mid,Médio,#FFCD00,3970,Touros/RN,0.5
Recursos hídricos,28,Vazão ecológica para usos ecossistêmicos,2020,,Presente,mid,Médio,#FFCD00,489,Três de Maio/RS,0.5
Recursos hídricos,28,Vazão ecológica para usos ecossistêmicos,2020,,Presente,mid,Médio,#FFCD00,5299,Tuneiras do Oeste/PR,0.5
Recursos hídricos,28,Vazão ecológica para usos ecossistêmicos,2020,,Presente,mid,Médio,#FFCD00,4379,Tuparetama/PE,0.5
Recursos hídricos,28,Vazão ecológica para usos ecossistêmicos,2020,,Presente,mid,Médio,#FFCD00,3395,Turilândia/MA,0.5
Recursos hídricos,28,Vazão ecológica para usos ecossistêmicos,2020,,Presente,mid,Médio,#FFCD00,1570,Turmalina/MG,0.5
Recursos hídricos,28,Vazão ecológica para usos ecossistêmicos,2020,,Presente,mid,Médio,#FFCD00,2810,Turvânia/GO,0.5
Recursos hídricos,28,Vazão ecológica para usos ecossistêmicos,2020,,Presente,mid,Médio,#FFCD00,5457,Turvo/PR,0.5
Recursos hídricos,28,Vazão ecológica para usos ecossistêmicos,2020,,Presente,mid,Médio,#FFCD00,3396,Tutóia/MA,0.5
Recursos hídricos,28,Vazão ecológica para usos ecossistêmicos,2020,,Presente,mid,Médio,#FFCD00,5008,Ubaitaba/BA,0.5
Recursos hídricos,28,Vazão ecológica para usos ecossistêmicos,2020,,Presente,mid,Médio,#FFCD00,1576,Uberlândia/MG,0.5
Recursos hídricos,28,Vazão ecológica para usos ecossistêmicos,2020,,Presente,mid,Médio,#FFCD00,3042,Ulianópolis/PA,0.5
Recursos hídricos,28,Vazão ecológica para usos ecossistêmicos,2020,,Presente,mid,Médio,#FFCD00,4857,Umburanas/BA,0.5
Recursos hídricos,28,Vazão ecológica para usos ecossistêmicos,2020,,Presente,mid,Médio,#FFCD00,749,Una/BA,0.5
Recursos hídricos,28,Vazão ecológica para usos ecossistêmicos,2020,,Presente,mid,Médio,#FFCD00,2359,Urânia/SP,0.5
Recursos hídricos,28,Vazão ecológica para usos ecossistêmicos,2020,,Presente,mid,Médio,#FFCD00,3397,Urbano Santos/MA,0.5
Recursos hídricos,28,Vazão ecológica para usos ecossistêmicos,2020,,Presente,mid,Médio,#FFCD00,751,Uruçuca/BA,0.5
Recursos hídricos,28,Vazão ecológica para usos ecossistêmicos,2020,,Presente,mid,Médio,#FFCD00,2364,Valparaíso/SP,0.5
Recursos hídricos,28,Vazão ecológica para usos ecossistêmicos,2020,,Presente,mid,Médio,#FFCD00,1773,Varre-Sai/RJ,0.5
Recursos hídricos,28,Vazão ecológica para usos ecossistêmicos,2020,,Presente,mid,Médio,#FFCD00,4863,Várzea Nova/BA,0.5
Recursos hídricos,28,Vazão ecológica para usos ecossistêmicos,2020,,Presente,mid,Médio,#FFCD00,2368,Várzea Paulista/SP,0.5
Recursos hídricos,28,Vazão ecológica para usos ecossistêmicos,2020,,Presente,mid,Médio,#FFCD00,3974,Várzea/RN,0.5
Recursos hídricos,28,Vazão ecológica para usos ecossistêmicos,2020,,Presente,mid,Médio,#FFCD00,1589,Varzelândia/MG,0.5
Recursos hídricos,28,Vazão ecológica para usos ecossistêmicos,2020,,Presente,mid,Médio,#FFCD00,1590,Vazante/MG,0.5
Recursos hídricos,28,Vazão ecológica para usos ecossistêmicos,2020,,Presente,mid,Médio,#FFCD00,4380,Venturosa/PE,0.5
Recursos hídricos,28,Vazão ecológica para usos ecossistêmicos,2020,,Presente,mid,Médio,#FFCD00,5304,Vera Cruz do Oeste/PR,0.5
Recursos hídricos,28,Vazão ecológica para usos ecossistêmicos,2020,,Presente,mid,Médio,#FFCD00,2934,Vera/MT,0.5
Recursos hídricos,28,Vazão ecológica para usos ecossistêmicos,2020,,Presente,mid,Médio,#FFCD00,1593,Veríssimo/MG,0.5
Recursos hídricos,28,Vazão ecológica para usos ecossistêmicos,2020,,Presente,mid,Médio,#FFCD00,4488,Viçosa/AL,0.5
Recursos hídricos,28,Vazão ecológica para usos ecossistêmicos,2020,,Presente,mid,Médio,#FFCD00,4955,Vila Bela da Santíssima Trindade/MT,0.5
Recursos hídricos,28,Vazão ecológica para usos ecossistêmicos,2020,,Presente,mid,Médio,#FFCD00,3978,Vila Flor/RN,0.5
Recursos hídricos,28,Vazão ecológica para usos ecossistêmicos,2020,,Presente,mid,Médio,#FFCD00,3400,Vila Nova dos Martírios/MA,0.5
Recursos hídricos,28,Vazão ecológica para usos ecossistêmicos,2020,,Presente,mid,Médio,#FFCD00,5059,Vila Rica/MT,0.5
Recursos hídricos,28,Vazão ecológica para usos ecossistêmicos,2020,,Presente,mid,Médio,#FFCD00,2371,Viradouro/SP,0.5
Recursos hídricos,28,Vazão ecológica para usos ecossistêmicos,2020,,Presente,mid,Médio,#FFCD00,2375,Votuporanga/SP,0.5
Recursos hídricos,28,Vazão ecológica para usos ecossistêmicos,2020,,Presente,mid,Médio,#FFCD00,3627,Wall Ferraz/PI,0.5
Recursos hídricos,28,Vazão ecológica para usos ecossistêmicos,2020,,Presente,mid,Médio,#FFCD00,3186,Xambioá/TO,0.5
Recursos hídricos,28,Vazão ecológica para usos ecossistêmicos,2020,,Presente,high,Alto,#FF8300,756,Abre Campo/MG,0.75
Recursos hídricos,28,Vazão ecológica para usos ecossistêmicos,2020,,Presente,high,Alto,#FF8300,3406,Água Branca/PI,0.75
Recursos hídricos,28,Vazão ecológica para usos ecossistêmicos,2020,,Presente,high,Alto,#FF8300,3189,Água Doce do Maranhão/MA,0.75
Recursos hídricos,28,Vazão ecológica para usos ecossistêmicos,2020,,Presente,high,Alto,#FF8300,4207,Águas Belas/PE,0.75
Recursos hídricos,28,Vazão ecológica para usos ecossistêmicos,2020,,Presente,high,Alto,#FF8300,764,Aimorés/MG,0.75
Recursos hídricos,28,Vazão ecológica para usos ecossistêmicos,2020,,Presente,high,Alto,#FF8300,1609,Alegre/ES,0.75
Recursos hídricos,28,Vazão ecológica para usos ecossistêmicos,2020,,Presente,high,Alto,#FF8300,4209,Aliança/PE,0.75
Recursos hídricos,28,Vazão ecológica para usos ecossistêmicos,2020,,Presente,high,Alto,#FF8300,5521,Alta Floresta D'Oeste/RO,0.75
Recursos hídricos,28,Vazão ecológica para usos ecossistêmicos,2020,,Presente,high,Alto,#FF8300,2844,Alto Alegre/RR,0.75
Recursos hídricos,28,Vazão ecológica para usos ecossistêmicos,2020,,Presente,high,Alto,#FF8300,3411,Alvorada do Gurguéia/PI,0.75
Recursos hídricos,28,Vazão ecológica para usos ecossistêmicos,2020,,Presente,high,Alto,#FF8300,4211,Amaraji/PE,0.75
Recursos hídricos,28,Vazão ecológica para usos ecossistêmicos,2020,,Presente,high,Alto,#FF8300,1795,Amparo/SP,0.75
Recursos hídricos,28,Vazão ecológica para usos ecossistêmicos,2020,,Presente,high,Alto,#FF8300,781,Andradas/MG,0.75
Recursos hídricos,28,Vazão ecológica para usos ecossistêmicos,2020,,Presente,high,Alto,#FF8300,1797,Angatuba/SP,0.75
Recursos hídricos,28,Vazão ecológica para usos ecossistêmicos,2020,,Presente,high,Alto,#FF8300,4577,Angical/BA,0.75
Recursos hídricos,28,Vazão ecológica para usos ecossistêmicos,2020,,Presente,high,Alto,#FF8300,3054,Angico/TO,0.75
Recursos hídricos,28,Vazão ecológica para usos ecossistêmicos,2020,,Presente,high,Alto,#FF8300,4898,Anhumas/SP,0.75
Recursos hídricos,28,Vazão ecológica para usos ecossistêmicos,2020,,Presente,high,Alto,#FF8300,2658,Anicuns/GO,0.75
Recursos hídricos,28,Vazão ecológica para usos ecossistêmicos,2020,,Presente,high,Alto,#FF8300,2889,Apiacás/MT,0.75
Recursos hídricos,28,Vazão ecológica para usos ecossistêmicos,2020,,Presente,high,Alto,#FF8300,5435,Apucarana/PR,0.75
Recursos hídricos,28,Vazão ecológica para usos ecossistêmicos,2020,,Presente,high,Alto,#FF8300,529,Aquidauana/MS,0.75
Recursos hídricos,28,Vazão ecológica para usos ecossistêmicos,2020,,Presente,high,Alto,#FF8300,3059,Araguaína/TO,0.75
Recursos hídricos,28,Vazão ecológica para usos ecossistêmicos,2020,,Presente,high,Alto,#FF8300,3201,Araguanã/MA,0.75
Recursos hídricos,28,Vazão ecológica para usos ecossistêmicos,2020,,Presente,high,Alto,#FF8300,3060,Araguanã/TO,0.75
Recursos hídricos,28,Vazão ecológica para usos ecossistêmicos,2020,,Presente,high,Alto,#FF8300,2390,Araranguá/SC,0.75
Recursos hídricos,28,Vazão ecológica para usos ecossistêmicos,2020,,Presente,high,Alto,#FF8300,4214,Araripina/PE,0.75
Recursos hídricos,28,Vazão ecológica para usos ecossistêmicos,2020,,Presente,high,Alto,#FF8300,2890,Aripuanã/MT,0.75
Recursos hídricos,28,Vazão ecológica para usos ecossistêmicos,2020,,Presente,high,Alto,#FF8300,3417,Aroeiras do Itaim/PI,0.75
Recursos hídricos,28,Vazão ecológica para usos ecossistêmicos,2020,,Presente,high,Alto,#FF8300,149,Augusto Pestana/RS,0.75
Recursos hídricos,28,Vazão ecológica para usos ecossistêmicos,2020,,Presente,high,Alto,#FF8300,3066,Axixá do Tocantins/TO,0.75
Recursos hídricos,28,Vazão ecológica para usos ecossistêmicos,2020,,Presente,high,Alto,#FF8300,3998,Baía da Traição/PB,0.75
Recursos hídricos,28,Vazão ecológica para usos ecossistêmicos,2020,,Presente,high,Alto,#FF8300,3825,Baía Formosa/RN,0.75
Recursos hídricos,28,Vazão ecológica para usos ecossistêmicos,2020,,Presente,high,Alto,#FF8300,5321,Balsa Nova/PR,0.75
Recursos hídricos,28,Vazão ecológica para usos ecossistêmicos,2020,,Presente,high,Alto,#FF8300,1830,Bariri/SP,0.75
Recursos hídricos,28,Vazão ecológica para usos ecossistêmicos,2020,,Presente,high,Alto,#FF8300,4595,Barreiras/BA,0.75
Recursos hídricos,28,Vazão ecológica para usos ecossistêmicos,2020,,Presente,high,Alto,#FF8300,3425,Barro Duro/PI,0.75
Recursos hídricos,28,Vazão ecológica para usos ecossistêmicos,2020,,Presente,high,Alto,#FF8300,1836,Barueri/SP,0.75
Recursos hídricos,28,Vazão ecológica para usos ecossistêmicos,2020,,Presente,high,Alto,#FF8300,3426,Batalha/PI,0.75
Recursos hídricos,28,Vazão ecológica para usos ecossistêmicos,2020,,Presente,high,Alto,#FF8300,2950,Belém/PA,0.75
Recursos hídricos,28,Vazão ecológica para usos ecossistêmicos,2020,,Presente,high,Alto,#FF8300,2951,Benevides/PA,0.75
Recursos hídricos,28,Vazão ecológica para usos ecossistêmicos,2020,,Presente,high,Alto,#FF8300,1844,Bilac/SP,0.75
Recursos hídricos,28,Vazão ecológica para usos ecossistêmicos,2020,,Presente,high,Alto,#FF8300,1845,Birigui/SP,0.75
Recursos hídricos,28,Vazão ecológica para usos ecossistêmicos,2020,,Presente,high,Alto,#FF8300,829,Boa Esperança/MG,0.75
Recursos hídricos,28,Vazão ecológica para usos ecossistêmicos,2020,,Presente,high,Alto,#FF8300,161,Boa Vista do Buricá/RS,0.75
Recursos hídricos,28,Vazão ecológica para usos ecossistêmicos,2020,,Presente,high,Alto,#FF8300,3433,Bocaina/PI,0.75
Recursos hídricos,28,Vazão ecológica para usos ecossistêmicos,2020,,Presente,high,Alto,#FF8300,831,Bocaiúva/MG,0.75
Recursos hídricos,28,Vazão ecológica para usos ecossistêmicos,2020,,Presente,high,Alto,#FF8300,4223,Bodocó/PE,0.75
Recursos hídricos,28,Vazão ecológica para usos ecossistêmicos,2020,,Presente,high,Alto,#FF8300,832,Bom Despacho/MG,0.75
Recursos hídricos,28,Vazão ecológica para usos ecossistêmicos,2020,,Presente,high,Alto,#FF8300,2667,Bom Jesus de Goiás/GO,0.75
Recursos hídricos,28,Vazão ecológica para usos ecossistêmicos,2020,,Presente,high,Alto,#FF8300,4226,Bonito/PE,0.75
Recursos hídricos,28,Vazão ecológica para usos ecossistêmicos,2020,,Presente,high,Alto,#FF8300,4013,Boqueirão/PB,0.75
Recursos hídricos,28,Vazão ecológica para usos ecossistêmicos,2020,,Presente,high,Alto,#FF8300,1855,Borborema/SP,0.75
Recursos hídricos,28,Vazão ecológica para usos ecossistêmicos,2020,,Presente,high,Alto,#FF8300,2891,Brasnorte/MT,0.75
Recursos hídricos,28,Vazão ecológica para usos ecossistêmicos,2020,,Presente,high,Alto,#FF8300,4984,Brumado/BA,0.75
Recursos hídricos,28,Vazão ecológica para usos ecossistêmicos,2020,,Presente,high,Alto,#FF8300,4230,Buenos Aires/PE,0.75
Recursos hídricos,28,Vazão ecológica para usos ecossistêmicos,2020,,Presente,high,Alto,#FF8300,4020,Cabedelo/PB,0.75
Recursos hídricos,28,Vazão ecológica para usos ecossistêmicos,2020,,Presente,high,Alto,#FF8300,174,Cacequi/RS,0.75
Recursos hídricos,28,Vazão ecológica para usos ecossistêmicos,2020,,Presente,high,Alto,#FF8300,176,Cacique Doble/RS,0.75
Recursos hídricos,28,Vazão ecológica para usos ecossistêmicos,2020,,Presente,high,Alto,#FF8300,4985,Caetanos/BA,0.75
Recursos hídricos,28,Vazão ecológica para usos ecossistêmicos,2020,,Presente,high,Alto,#FF8300,862,Caeté/MG,0.75
Recursos hídricos,28,Vazão ecológica para usos ecossistêmicos,2020,,Presente,high,Alto,#FF8300,3230,Cajapió/MA,0.75
Recursos hídricos,28,Vazão ecológica para usos ecossistêmicos,2020,,Presente,high,Alto,#FF8300,4028,Caldas Brandão/PB,0.75
Recursos hídricos,28,Vazão ecológica para usos ecossistêmicos,2020,,Presente,high,Alto,#FF8300,5439,Califórnia/PR,0.75
Recursos hídricos,28,Vazão ecológica para usos ecossistêmicos,2020,,Presente,high,Alto,#FF8300,3232,Campestre do Maranhão/MA,0.75
Recursos hídricos,28,Vazão ecológica para usos ecossistêmicos,2020,,Presente,high,Alto,#FF8300,2681,Campo Alegre de Goiás/GO,0.75
Recursos hídricos,28,Vazão ecológica para usos ecossistêmicos,2020,,Presente,high,Alto,#FF8300,5092,Campo Bonito/PR,0.75
Recursos hídricos,28,Vazão ecológica para usos ecossistêmicos,2020,,Presente,high,Alto,#FF8300,877,Campo Florido/MG,0.75
Recursos hídricos,28,Vazão ecológica para usos ecossistêmicos,2020,,Presente,high,Alto,#FF8300,4402,Campo Grande/AL,0.75
Recursos hídricos,28,Vazão ecológica para usos ecossistêmicos,2020,,Presente,high,Alto,#FF8300,1880,Campo Limpo Paulista/SP,0.75
Recursos hídricos,28,Vazão ecológica para usos ecossistêmicos,2020,,Presente,high,Alto,#FF8300,3450,Campo Maior/PI,0.75
Recursos hídricos,28,Vazão ecológica para usos ecossistêmicos,2020,,Presente,high,Alto,#FF8300,5551,Campo Novo de Rondônia/RO,0.75
Recursos hídricos,28,Vazão ecológica para usos ecossistêmicos,2020,,Presente,high,Alto,#FF8300,4951,Campo Novo do Parecis/MT,0.75
Recursos hídricos,28,Vazão ecológica para usos ecossistêmicos,2020,,Presente,high,Alto,#FF8300,3077,Campos Lindos/TO,0.75
Recursos hídricos,28,Vazão ecológica para usos ecossistêmicos,2020,,Presente,high,Alto,#FF8300,3233,Cândido Mendes/MA,0.75
Recursos hídricos,28,Vazão ecológica para usos ecossistêmicos,2020,,Presente,high,Alto,#FF8300,4499,Canindé de São Francisco/SE,0.75
Recursos hídricos,28,Vazão ecológica para usos ecossistêmicos,2020,,Presente,high,Alto,#FF8300,4404,Capela/AL,0.75
Recursos hídricos,28,Vazão ecológica para usos ecossistêmicos,2020,,Presente,high,Alto,#FF8300,1890,Capivari/SP,0.75
Recursos hídricos,28,Vazão ecológica para usos ecossistêmicos,2020,,Presente,high,Alto,#FF8300,687,Caraíbas/BA,0.75
Recursos hídricos,28,Vazão ecológica para usos ecossistêmicos,2020,,Presente,high,Alto,#FF8300,3457,Caridade do Piauí/PI,0.75
Recursos hídricos,28,Vazão ecológica para usos ecossistêmicos,2020,,Presente,high,Alto,#FF8300,2892,Carlinda/MT,0.75
Recursos hídricos,28,Vazão ecológica para usos ecossistêmicos,2020,,Presente,high,Alto,#FF8300,4244,Carnaubeira da Penha/PE,0.75
Recursos hídricos,28,Vazão ecológica para usos ecossistêmicos,2020,,Presente,high,Alto,#FF8300,916,Cascalho Rico/MG,0.75
Recursos hídricos,28,Vazão ecológica para usos ecossistêmicos,2020,,Presente,high,Alto,#FF8300,5553,Castanheiras/RO,0.75
Recursos hídricos,28,Vazão ecológica para usos ecossistêmicos,2020,,Presente,high,Alto,#FF8300,4876,Cavalcante/GO,0.75
Recursos hídricos,28,Vazão ecológica para usos ecossistêmicos,2020,,Presente,high,Alto,#FF8300,2688,Cezarina/GO,0.75
Recursos hídricos,28,Vazão ecológica para usos ecossistêmicos,2020,,Presente,high,Alto,#FF8300,3243,Chapadinha/MA,0.75
Recursos hídricos,28,Vazão ecológica para usos ecossistêmicos,2020,,Presente,high,Alto,#FF8300,3244,Cidelândia/MA,0.75
Recursos hídricos,28,Vazão ecológica para usos ecossistêmicos,2020,,Presente,high,Alto,#FF8300,4636,Cipó/BA,0.75
Recursos hídricos,28,Vazão ecológica para usos ecossistêmicos,2020,,Presente,high,Alto,#FF8300,3462,Cocal dos Alves/PI,0.75
Recursos hídricos,28,Vazão ecológica para usos ecossistêmicos,2020,,Presente,high,Alto,#FF8300,2690,Cocalzinho de Goiás/GO,0.75
Recursos hídricos,28,Vazão ecológica para usos ecossistêmicos,2020,,Presente,high,Alto,#FF8300,3144,Colméia/TO,0.75
Recursos hídricos,28,Vazão ecológica para usos ecossistêmicos,2020,,Presente,high,Alto,#FF8300,2896,Colniza/MT,0.75
Recursos hídricos,28,Vazão ecológica para usos ecossistêmicos,2020,,Presente,high,Alto,#FF8300,4408,Colônia Leopoldina/AL,0.75
Recursos hídricos,28,Vazão ecológica para usos ecossistêmicos,2020,,Presente,high,Alto,#FF8300,943,Conceição das Alagoas/MG,0.75
Recursos hídricos,28,Vazão ecológica para usos ecossistêmicos,2020,,Presente,high,Alto,#FF8300,946,Conceição do Pará/MG,0.75
Recursos hídricos,28,Vazão ecológica para usos ecossistêmicos,2020,,Presente,high,Alto,#FF8300,4252,Condado/PE,0.75
Recursos hídricos,28,Vazão ecológica para usos ecossistêmicos,2020,,Presente,high,Alto,#FF8300,1909,Coroados/SP,0.75
Recursos hídricos,28,Vazão ecológica para usos ecossistêmicos,2020,,Presente,high,Alto,#FF8300,218,Coronel Bicaco/RS,0.75
Recursos hídricos,28,Vazão ecológica para usos ecossistêmicos,2020,,Presente,high,Alto,#FF8300,4646,Correntina/BA,0.75
Recursos hídricos,28,Vazão ecológica para usos ecossistêmicos,2020,,Presente,high,Alto,#FF8300,2692,Corumbá de Goiás/GO,0.75
Recursos hídricos,28,Vazão ecológica para usos ecossistêmicos,2020,,Presente,high,Alto,#FF8300,546,Corumbá/MS,0.75
Recursos hídricos,28,Vazão ecológica para usos ecossistêmicos,2020,,Presente,high,Alto,#FF8300,1912,Cosmópolis/SP,0.75
Recursos hídricos,28,Vazão ecológica para usos ecossistêmicos,2020,,Presente,high,Alto,#FF8300,3089,Cristalândia/TO,0.75
Recursos hídricos,28,Vazão ecológica para usos ecossistêmicos,2020,,Presente,high,Alto,#FF8300,5443,Cruzmaltina/PR,0.75
Recursos hídricos,28,Vazão ecológica para usos ecossistêmicos,2020,,Presente,high,Alto,#FF8300,985,Curvelo/MG,0.75
Recursos hídricos,28,Vazão ecológica para usos ecossistêmicos,2020,,Presente,high,Alto,#FF8300,4257,Custódia/PE,0.75
Recursos hídricos,28,Vazão ecológica para usos ecossistêmicos,2020,,Presente,high,Alto,#FF8300,3091,Darcinópolis/TO,0.75
Recursos hídricos,28,Vazão ecológica para usos ecossistêmicos,2020,,Presente,high,Alto,#FF8300,230,Dezesseis de Novembro/RS,0.75
Recursos hídricos,28,Vazão ecológica para usos ecossistêmicos,2020,,Presente,high,Alto,#FF8300,1922,Diadema/SP,0.75
Recursos hídricos,28,Vazão ecológica para usos ecossistêmicos,2020,,Presente,high,Alto,#FF8300,4954,Diamantino/MT,0.75
Recursos hídricos,28,Vazão ecológica para usos ecossistêmicos,2020,,Presente,high,Alto,#FF8300,3477,Dom Expedito Lopes/PI,0.75
Recursos hídricos,28,Vazão ecológica para usos ecossistêmicos,2020,,Presente,high,Alto,#FF8300,1628,Domingos Martins/ES,0.75
Recursos hídricos,28,Vazão ecológica para usos ecossistêmicos,2020,,Presente,high,Alto,#FF8300,1629,Dores do Rio Preto/ES,0.75
Recursos hídricos,28,Vazão ecológica para usos ecossistêmicos,2020,,Presente,high,Alto,#FF8300,4258,Dormentes/PE,0.75
Recursos hídricos,28,Vazão ecológica para usos ecossistêmicos,2020,,Presente,high,Alto,#FF8300,2701,Edealina/GO,0.75
Recursos hídricos,28,Vazão ecológica para usos ecossistêmicos,2020,,Presente,high,Alto,#FF8300,1932,Eldorado/SP,0.75
Recursos hídricos,28,Vazão ecológica para usos ecossistêmicos,2020,,Presente,high,Alto,#FF8300,3480,Elesbão Veloso/PI,0.75
Recursos hídricos,28,Vazão ecológica para usos ecossistêmicos,2020,,Presente,high,Alto,#FF8300,3481,Eliseu Martins/PI,0.75
Recursos hídricos,28,Vazão ecológica para usos ecossistêmicos,2020,,Presente,high,Alto,#FF8300,242,Entre-Ijuís/RS,0.75
Recursos hídricos,28,Vazão ecológica para usos ecossistêmicos,2020,,Presente,high,Alto,#FF8300,4915,Erval Velho/SC,0.75
Recursos hídricos,28,Vazão ecológica para usos ecossistêmicos,2020,,Presente,high,Alto,#FF8300,3482,Esperantina/PI,0.75
Recursos hídricos,28,Vazão ecológica para usos ecossistêmicos,2020,,Presente,high,Alto,#FF8300,1025,Espinosa/MG,0.75
Recursos hídricos,28,Vazão ecológica para usos ecossistêmicos,2020,,Presente,high,Alto,#FF8300,1031,Eugenópolis/MG,0.75
Recursos hídricos,28,Vazão ecológica para usos ecossistêmicos,2020,,Presente,high,Alto,#FF8300,1943,Fernandópolis/SP,0.75
Recursos hídricos,28,Vazão ecológica para usos ecossistêmicos,2020,,Presente,high,Alto,#FF8300,1042,Fervedouro/MG,0.75
Recursos hídricos,28,Vazão ecológica para usos ecossistêmicos,2020,,Presente,high,Alto,#FF8300,5129,Floresta/PR,0.75
Recursos hídricos,28,Vazão ecológica para usos ecossistêmicos,2020,,Presente,high,Alto,#FF8300,5133,Francisco Beltrão/PR,0.75
Recursos hídricos,28,Vazão ecológica para usos ecossistêmicos,2020,,Presente,high,Alto,#FF8300,1049,Francisco Dumont/MG,0.75
Recursos hídricos,28,Vazão ecológica para usos ecossistêmicos,2020,,Presente,high,Alto,#FF8300,1061,Gameleiras/MG,0.75
Recursos hídricos,28,Vazão ecológica para usos ecossistêmicos,2020,,Presente,high,Alto,#FF8300,618,General Carneiro/MT,0.75
Recursos hídricos,28,Vazão ecológica para usos ecossistêmicos,2020,,Presente,high,Alto,#FF8300,1958,General Salgado/SP,0.75
Recursos hídricos,28,Vazão ecológica para usos ecossistêmicos,2020,,Presente,high,Alto,#FF8300,2714,Goiatuba/GO,0.75
Recursos hídricos,28,Vazão ecológica para usos ecossistêmicos,2020,,Presente,high,Alto,#FF8300,3262,Gonçalves Dias/MA,0.75
Recursos hídricos,28,Vazão ecológica para usos ecossistêmicos,2020,,Presente,high,Alto,#FF8300,2715,Gouvelândia/GO,0.75
Recursos hídricos,28,Vazão ecológica para usos ecossistêmicos,2020,,Presente,high,Alto,#FF8300,5556,Governador Jorge Teixeira/RO,0.75
Recursos hídricos,28,Vazão ecológica para usos ecossistêmicos,2020,,Presente,high,Alto,#FF8300,3266,Governador Luiz Rocha/MA,0.75
Recursos hídricos,28,Vazão ecológica para usos ecossistêmicos,2020,,Presente,high,Alto,#FF8300,4512,Gracho Cardoso/SE,0.75
Recursos hídricos,28,Vazão ecológica para usos ecossistêmicos,2020,,Presente,high,Alto,#FF8300,1963,Guaíra/SP,0.75
Recursos hídricos,28,Vazão ecológica para usos ecossistêmicos,2020,,Presente,high,Alto,#FF8300,697,Guajeru/BA,0.75
Recursos hídricos,28,Vazão ecológica para usos ecossistêmicos,2020,,Presente,high,Alto,#FF8300,1073,Guaraciaba/MG,0.75
Recursos hídricos,28,Vazão ecológica para usos ecossistêmicos,2020,,Presente,high,Alto,#FF8300,59,Guarujá do Sul/SC,0.75
Recursos hídricos,28,Vazão ecológica para usos ecossistêmicos,2020,,Presente,high,Alto,#FF8300,60,Guatambú/SC,0.75
Recursos hídricos,28,Vazão ecológica para usos ecossistêmicos,2020,,Presente,high,Alto,#FF8300,4669,Heliópolis/BA,0.75
Recursos hídricos,28,Vazão ecológica para usos ecossistêmicos,2020,,Presente,high,Alto,#FF8300,1980,Holambra/SP,0.75
Recursos hídricos,28,Vazão ecológica para usos ecossistêmicos,2020,,Presente,high,Alto,#FF8300,280,Hulha Negra/RS,0.75
Recursos hídricos,28,Vazão ecológica para usos ecossistêmicos,2020,,Presente,high,Alto,#FF8300,5018,Iaciara/GO,0.75
Recursos hídricos,28,Vazão ecológica para usos ecossistêmicos,2020,,Presente,high,Alto,#FF8300,1984,Iaras/SP,0.75
Recursos hídricos,28,Vazão ecológica para usos ecossistêmicos,2020,,Presente,high,Alto,#FF8300,4273,Iati/PE,0.75
Recursos hídricos,28,Vazão ecológica para usos ecossistêmicos,2020,,Presente,high,Alto,#FF8300,2444,Ibiam/SC,0.75
Recursos hídricos,28,Vazão ecológica para usos ecossistêmicos,2020,,Presente,high,Alto,#FF8300,4678,Ibotirama/BA,0.75
Recursos hídricos,28,Vazão ecológica para usos ecossistêmicos,2020,,Presente,high,Alto,#FF8300,4276,Igarassu/PE,0.75
Recursos hídricos,28,Vazão ecológica para usos ecossistêmicos,2020,,Presente,high,Alto,#FF8300,2449,Imbituba/SC,0.75
Recursos hídricos,28,Vazão ecológica para usos ecossistêmicos,2020,,Presente,high,Alto,#FF8300,5148,Inajá/PR,0.75
Recursos hídricos,28,Vazão ecológica para usos ecossistêmicos,2020,,Presente,high,Alto,#FF8300,1103,Indianópolis/MG,0.75
Recursos hídricos,28,Vazão ecológica para usos ecossistêmicos,2020,,Presente,high,Alto,#FF8300,4279,Ingazeira/PE,0.75
Recursos hídricos,28,Vazão ecológica para usos ecossistêmicos,2020,,Presente,high,Alto,#FF8300,1106,Inhaúma/MG,0.75
Recursos hídricos,28,Vazão ecológica para usos ecossistêmicos,2020,,Presente,high,Alto,#FF8300,2004,Ipeúna/SP,0.75
Recursos hídricos,28,Vazão ecológica para usos ecossistêmicos,2020,,Presente,high,Alto,#FF8300,1111,Ipiaçu/MG,0.75
Recursos hídricos,28,Vazão ecológica para usos ecossistêmicos,2020,,Presente,high,Alto,#FF8300,61,Ipira/SC,0.75
Recursos hídricos,28,Vazão ecológica para usos ecossistêmicos,2020,,Presente,high,Alto,#FF8300,4688,Iramaia/BA,0.75
Recursos hídricos,28,Vazão ecológica para usos ecossistêmicos,2020,,Presente,high,Alto,#FF8300,295,Itacurubi/RS,0.75
Recursos hídricos,28,Vazão ecológica para usos ecossistêmicos,2020,,Presente,high,Alto,#FF8300,4693,Itaeté/BA,0.75
Recursos hídricos,28,Vazão ecológica para usos ecossistêmicos,2020,,Presente,high,Alto,#FF8300,5153,Itaguajé/PR,0.75
Recursos hídricos,28,Vazão ecológica para usos ecossistêmicos,2020,,Presente,high,Alto,#FF8300,2011,Itaí/SP,0.75
Recursos hídricos,28,Vazão ecológica para usos ecossistêmicos,2020,,Presente,high,Alto,#FF8300,708,Itajuípe/BA,0.75
Recursos hídricos,28,Vazão ecológica para usos ecossistêmicos,2020,,Presente,high,Alto,#FF8300,3278,Itapecuru Mirim/MA,0.75
Recursos hídricos,28,Vazão ecológica para usos ecossistêmicos,2020,,Presente,high,Alto,#FF8300,2017,Itapetininga/SP,0.75
Recursos hídricos,28,Vazão ecológica para usos ecossistêmicos,2020,,Presente,high,Alto,#FF8300,2022,Itápolis/SP,0.75
Recursos hídricos,28,Vazão ecológica para usos ecossistêmicos,2020,,Presente,high,Alto,#FF8300,1142,Iturama/MG,0.75
Recursos hídricos,28,Vazão ecológica para usos ecossistêmicos,2020,,Presente,high,Alto,#FF8300,2035,Ituverava/SP,0.75
Recursos hídricos,28,Vazão ecológica para usos ecossistêmicos,2020,,Presente,high,Alto,#FF8300,2736,Ivolândia/GO,0.75
Recursos hídricos,28,Vazão ecológica para usos ecossistêmicos,2020,,Presente,high,Alto,#FF8300,4423,Jacaré dos Homens/AL,0.75
Recursos hídricos,28,Vazão ecológica para usos ecossistêmicos,2020,,Presente,high,Alto,#FF8300,4705,Jacobina/BA,0.75
Recursos hídricos,28,Vazão ecológica para usos ecossistêmicos,2020,,Presente,high,Alto,#FF8300,3503,Jacobina do Piauí/PI,0.75
Recursos hídricos,28,Vazão ecológica para usos ecossistêmicos,2020,,Presente,high,Alto,#FF8300,3504,Jaicós/PI,0.75
Recursos hídricos,28,Vazão ecológica para usos ecossistêmicos,2020,,Presente,high,Alto,#FF8300,4425,Japaratinga/AL,0.75
Recursos hídricos,28,Vazão ecológica para usos ecossistêmicos,2020,,Presente,high,Alto,#FF8300,5164,Jardim Alegre/PR,0.75
Recursos hídricos,28,Vazão ecológica para usos ecossistêmicos,2020,,Presente,high,Alto,#FF8300,1158,Jequitaí/MG,0.75
Recursos hídricos,28,Vazão ecológica para usos ecossistêmicos,2020,,Presente,high,Alto,#FF8300,1159,Jequitibá/MG,0.75
Recursos hídricos,28,Vazão ecológica para usos ecossistêmicos,2020,,Presente,high,Alto,#FF8300,3875,João Câmara/RN,0.75
Recursos hídricos,28,Vazão ecológica para usos ecossistêmicos,2020,,Presente,high,Alto,#FF8300,4074,João Pessoa/PB,0.75
Recursos hídricos,28,Vazão ecológica para usos ecossistêmicos,2020,,Presente,high,Alto,#FF8300,1165,João Pinheiro/MG,0.75
Recursos hídricos,28,Vazão ecológica para usos ecossistêmicos,2020,,Presente,high,Alto,#FF8300,306,Jóia/RS,0.75
Recursos hídricos,28,Vazão ecológica para usos ecossistêmicos,2020,,Presente,high,Alto,#FF8300,1169,José Raydan/MG,0.75
Recursos hídricos,28,Vazão ecológica para usos ecossistêmicos,2020,,Presente,high,Alto,#FF8300,4429,Jundiá/AL,0.75
Recursos hídricos,28,Vazão ecológica para usos ecossistêmicos,2020,,Presente,high,Alto,#FF8300,2054,Jundiaí/SP,0.75
Recursos hídricos,28,Vazão ecológica para usos ecossistêmicos,2020,,Presente,high,Alto,#FF8300,2907,Juruena/MT,0.75
Recursos hídricos,28,Vazão ecológica para usos ecossistêmicos,2020,,Presente,high,Alto,#FF8300,1177,Lagamar/MG,0.75
Recursos hídricos,28,Vazão ecológica para usos ecossistêmicos,2020,,Presente,high,Alto,#FF8300,2465,Laguna/SC,0.75
Recursos hídricos,28,Vazão ecológica para usos ecossistêmicos,2020,,Presente,high,Alto,#FF8300,3116,Lavandeira/TO,0.75
Recursos hídricos,28,Vazão ecológica para usos ecossistêmicos,2020,,Presente,high,Alto,#FF8300,313,Lavras do Sul/RS,0.75
Recursos hídricos,28,Vazão ecológica para usos ecossistêmicos,2020,,Presente,high,Alto,#FF8300,2063,Limeira/SP,0.75
Recursos hídricos,28,Vazão ecológica para usos ecossistêmicos,2020,,Presente,high,Alto,#FF8300,5173,Lindoeste/PR,0.75
Recursos hídricos,28,Vazão ecológica para usos ecossistêmicos,2020,,Presente,high,Alto,#FF8300,2067,Lourdes/SP,0.75
Recursos hídricos,28,Vazão ecológica para usos ecossistêmicos,2020,,Presente,high,Alto,#FF8300,4727,Luís Eduardo Magalhães/BA,0.75
Recursos hídricos,28,Vazão ecológica para usos ecossistêmicos,2020,,Presente,high,Alto,#FF8300,3890,Macau/RN,0.75
Recursos hídricos,28,Vazão ecológica para usos ecossistêmicos,2020,,Presente,high,Alto,#FF8300,3524,Madeiro/PI,0.75
Recursos hídricos,28,Vazão ecológica para usos ecossistêmicos,2020,,Presente,high,Alto,#FF8300,3295,Magalhães de Almeida/MA,0.75
Recursos hídricos,28,Vazão ecológica para usos ecossistêmicos,2020,,Presente,high,Alto,#FF8300,2078,Magda/SP,0.75
Recursos hídricos,28,Vazão ecológica para usos ecossistêmicos,2020,,Presente,high,Alto,#FF8300,2744,Mairipotaba/GO,0.75
Recursos hídricos,28,Vazão ecológica para usos ecossistêmicos,2020,,Presente,high,Alto,#FF8300,4524,Malhada dos Bois/SE,0.75
Recursos hídricos,28,Vazão ecológica para usos ecossistêmicos,2020,,Presente,high,Alto,#FF8300,5496,Manaus/AM,0.75
Recursos hídricos,28,Vazão ecológica para usos ecossistêmicos,2020,,Presente,high,Alto,#FF8300,5184,Manoel Ribas/PR,0.75
Recursos hídricos,28,Vazão ecológica para usos ecossistêmicos,2020,,Presente,high,Alto,#FF8300,4435,Maragogi/AL,0.75
Recursos hídricos,28,Vazão ecológica para usos ecossistêmicos,2020,,Presente,high,Alto,#FF8300,4091,Marcação/PB,0.75
Recursos hídricos,28,Vazão ecológica para usos ecossistêmicos,2020,,Presente,high,Alto,#FF8300,322,Mariano Moro/RS,0.75
Recursos hídricos,28,Vazão ecológica para usos ecossistêmicos,2020,,Presente,high,Alto,#FF8300,5190,Maringá/PR,0.75
Recursos hídricos,28,Vazão ecológica para usos ecossistêmicos,2020,,Presente,high,Alto,#FF8300,2991,Marituba/PA,0.75
Recursos hídricos,28,Vazão ecológica para usos ecossistêmicos,2020,,Presente,high,Alto,#FF8300,4439,Mar Vermelho/AL,0.75
Recursos hídricos,28,Vazão ecológica para usos ecossistêmicos,2020,,Presente,high,Alto,#FF8300,2091,Meridiano/SP,0.75
Recursos hídricos,28,Vazão ecológica para usos ecossistêmicos,2020,,Presente,high,Alto,#FF8300,2094,Mineiros do Tietê/SP,0.75
Recursos hídricos,28,Vazão ecológica para usos ecossistêmicos,2020,,Presente,high,Alto,#FF8300,5200,Mirador/PR,0.75
Recursos hídricos,28,Vazão ecológica para usos ecossistêmicos,2020,,Presente,high,Alto,#FF8300,1238,Miradouro/MG,0.75
Recursos hídricos,28,Vazão ecológica para usos ecossistêmicos,2020,,Presente,high,Alto,#FF8300,571,Miranda/MS,0.75
Recursos hídricos,28,Vazão ecológica para usos ecossistêmicos,2020,,Presente,high,Alto,#FF8300,5559,Mirante da Serra/RO,0.75
Recursos hídricos,28,Vazão ecológica para usos ecossistêmicos,2020,,Presente,high,Alto,#FF8300,7,Mirante do Paranapanema/SP,0.75
Recursos hídricos,28,Vazão ecológica para usos ecossistêmicos,2020,,Presente,high,Alto,#FF8300,2099,Mirassolândia/SP,0.75
Recursos hídricos,28,Vazão ecológica para usos ecossistêmicos,2020,,Presente,high,Alto,#FF8300,81,Mondaí/SC,0.75
Recursos hídricos,28,Vazão ecológica para usos ecossistêmicos,2020,,Presente,high,Alto,#FF8300,3896,Montanhas/RN,0.75
Recursos hídricos,28,Vazão ecológica para usos ecossistêmicos,2020,,Presente,high,Alto,#FF8300,3124,Monte do Carmo/TO,0.75
Recursos hídricos,28,Vazão ecológica para usos ecossistêmicos,2020,,Presente,high,Alto,#FF8300,2112,Monte Mor/SP,0.75
Recursos hídricos,28,Vazão ecológica para usos ecossistêmicos,2020,,Presente,high,Alto,#FF8300,2113,Morro Agudo/SP,0.75
Recursos hídricos,28,Vazão ecológica para usos ecossistêmicos,2020,,Presente,high,Alto,#FF8300,3309,Morros/MA,0.75
Recursos hídricos,28,Vazão ecológica para usos ecossistêmicos,2020,,Presente,high,Alto,#FF8300,4749,Muquém do São Francisco/BA,0.75
Recursos hídricos,28,Vazão ecológica para usos ecossistêmicos,2020,,Presente,high,Alto,#FF8300,3127,Muricilândia/TO,0.75
Recursos hídricos,28,Vazão ecológica para usos ecossistêmicos,2020,,Presente,high,Alto,#FF8300,1729,Natividade/RJ,0.75
Recursos hídricos,28,Vazão ecológica para usos ecossistêmicos,2020,,Presente,high,Alto,#FF8300,2754,Nazário/GO,0.75
Recursos hídricos,28,Vazão ecológica para usos ecossistêmicos,2020,,Presente,high,Alto,#FF8300,2755,Nerópolis/GO,0.75
Recursos hídricos,28,Vazão ecológica para usos ecossistêmicos,2020,,Presente,high,Alto,#FF8300,4532,Nossa Senhora da Glória/SE,0.75
Recursos hídricos,28,Vazão ecológica para usos ecossistêmicos,2020,,Presente,high,Alto,#FF8300,3541,Nossa Senhora de Nazaré/PI,0.75
Recursos hídricos,28,Vazão ecológica para usos ecossistêmicos,2020,,Presente,high,Alto,#FF8300,5534,Nova Brasilândia D'Oeste/RO,0.75
Recursos hídricos,28,Vazão ecológica para usos ecossistêmicos,2020,,Presente,high,Alto,#FF8300,3902,Nova Cruz/RN,0.75
Recursos hídricos,28,Vazão ecológica para usos ecossistêmicos,2020,,Presente,high,Alto,#FF8300,82,Nova Erechim/SC,0.75
Recursos hídricos,28,Vazão ecológica para usos ecossistêmicos,2020,,Presente,high,Alto,#FF8300,2129,Novais/SP,0.75
Recursos hídricos,28,Vazão ecológica para usos ecossistêmicos,2020,,Presente,high,Alto,#FF8300,4758,Nova Redenção/BA,0.75
Recursos hídricos,28,Vazão ecológica para usos ecossistêmicos,2020,,Presente,high,Alto,#FF8300,1171,Nova União/MG,0.75
Recursos hídricos,28,Vazão ecológica para usos ecossistêmicos,2020,,Presente,high,Alto,#FF8300,5561,Nova União/RO,0.75
Recursos hídricos,28,Vazão ecológica para usos ecossistêmicos,2020,,Presente,high,Alto,#FF8300,4446,Novo Lino/AL,0.75
Recursos hídricos,28,Vazão ecológica para usos ecossistêmicos,2020,,Presente,high,Alto,#FF8300,1281,Olaria/MG,0.75
Recursos hídricos,28,Vazão ecológica para usos ecossistêmicos,2020,,Presente,high,Alto,#FF8300,3546,Olho D'Água do Piauí/PI,0.75
Recursos hídricos,28,Vazão ecológica para usos ecossistêmicos,2020,,Presente,high,Alto,#FF8300,4312,Olinda/PE,0.75
Recursos hídricos,28,Vazão ecológica para usos ecossistêmicos,2020,,Presente,high,Alto,#FF8300,4314,Orocó/PE,0.75
Recursos hídricos,28,Vazão ecológica para usos ecossistêmicos,2020,,Presente,high,Alto,#FF8300,2141,Osasco/SP,0.75
Recursos hídricos,28,Vazão ecológica para usos ecossistêmicos,2020,,Presente,high,Alto,#FF8300,4315,Ouricuri/PE,0.75
Recursos hídricos,28,Vazão ecológica para usos ecossistêmicos,2020,,Presente,high,Alto,#FF8300,4452,Palestina/AL,0.75
Recursos hídricos,28,Vazão ecológica para usos ecossistêmicos,2020,,Presente,high,Alto,#FF8300,2490,Palhoça/SC,0.75
Recursos hídricos,28,Vazão ecológica para usos ecossistêmicos,2020,,Presente,high,Alto,#FF8300,2148,Palmares Paulista/SP,0.75
Recursos hídricos,28,Vazão ecológica para usos ecossistêmicos,2020,,Presente,high,Alto,#FF8300,356,Palmeira das Missões/RS,0.75
Recursos hídricos,28,Vazão ecológica para usos ecossistêmicos,2020,,Presente,high,Alto,#FF8300,2491,Palmeira/SC,0.75
Recursos hídricos,28,Vazão ecológica para usos ecossistêmicos,2020,,Presente,high,Alto,#FF8300,2766,Palmeiras de Goiás/GO,0.75
Recursos hídricos,28,Vazão ecológica para usos ecossistêmicos,2020,,Presente,high,Alto,#FF8300,3126,Palmeiras do Tocantins/TO,0.75
Recursos hídricos,28,Vazão ecológica para usos ecossistêmicos,2020,,Presente,high,Alto,#FF8300,1302,Paracatu/MG,0.75
Recursos hídricos,28,Vazão ecológica para usos ecossistêmicos,2020,,Presente,high,Alto,#FF8300,2770,Paranaiguara/GO,0.75
Recursos hídricos,28,Vazão ecológica para usos ecossistêmicos,2020,,Presente,high,Alto,#FF8300,1313,Patos de Minas/MG,0.75
Recursos hídricos,28,Vazão ecológica para usos ecossistêmicos,2020,,Presente,high,Alto,#FF8300,2161,Paulínia/SP,0.75
Recursos hídricos,28,Vazão ecológica para usos ecossistêmicos,2020,,Presente,high,Alto,#FF8300,2165,Pedra Bela/SP,0.75
Recursos hídricos,28,Vazão ecológica para usos ecossistêmicos,2020,,Presente,high,Alto,#FF8300,1328,Pedro Leopoldo/MG,0.75
Recursos hídricos,28,Vazão ecológica para usos ecossistêmicos,2020,,Presente,high,Alto,#FF8300,4136,Pedro Régis/PB,0.75
Recursos hídricos,28,Vazão ecológica para usos ecossistêmicos,2020,,Presente,high,Alto,#FF8300,3327,Peri Mirim/MA,0.75
Recursos hídricos,28,Vazão ecológica para usos ecossistêmicos,2020,,Presente,high,Alto,#FF8300,4326,Petrolândia/PE,0.75
Recursos hídricos,28,Vazão ecológica para usos ecossistêmicos,2020,,Presente,high,Alto,#FF8300,4775,Pilão Arcado/BA,0.75
Recursos hídricos,28,Vazão ecológica para usos ecossistêmicos,2020,,Presente,high,Alto,#FF8300,4121,Pilar/PB,0.75
Recursos hídricos,28,Vazão ecológica para usos ecossistêmicos,2020,,Presente,high,Alto,#FF8300,93,Pinhalzinho/SC,0.75
Recursos hídricos,28,Vazão ecológica para usos ecossistêmicos,2020,,Presente,high,Alto,#FF8300,3330,Pinheiro/MA,0.75
Recursos hídricos,28,Vazão ecológica para usos ecossistêmicos,2020,,Presente,high,Alto,#FF8300,2773,Piracanjuba/GO,0.75
Recursos hídricos,28,Vazão ecológica para usos ecossistêmicos,2020,,Presente,high,Alto,#FF8300,2183,Piracicaba/SP,0.75
Recursos hídricos,28,Vazão ecológica para usos ecossistêmicos,2020,,Presente,high,Alto,#FF8300,2186,Pirangi/SP,0.75
Recursos hídricos,28,Vazão ecológica para usos ecossistêmicos,2020,,Presente,high,Alto,#FF8300,2187,Pirapora do Bom Jesus/SP,0.75
Recursos hídricos,28,Vazão ecológica para usos ecossistêmicos,2020,,Presente,high,Alto,#FF8300,1353,Pitangui/MG,0.75
Recursos hídricos,28,Vazão ecológica para usos ecossistêmicos,2020,,Presente,high,Alto,#FF8300,2196,Pongaí/SP,0.75
Recursos hídricos,28,Vazão ecológica para usos ecossistêmicos,2020,,Presente,high,Alto,#FF8300,3148,Ponte Alta do Bom Jesus/TO,0.75
Recursos hídricos,28,Vazão ecológica para usos ecossistêmicos,2020,,Presente,high,Alto,#FF8300,5035,Portel/PA,0.75
Recursos hídricos,28,Vazão ecológica para usos ecossistêmicos,2020,,Presente,high,Alto,#FF8300,5055,Porto Alegre do Norte/MT,0.75
Recursos hídricos,28,Vazão ecológica para usos ecossistêmicos,2020,,Presente,high,Alto,#FF8300,2617,Porto Alegre/RS,0.75
Recursos hídricos,28,Vazão ecológica para usos ecossistêmicos,2020,,Presente,high,Alto,#FF8300,4465,Porto Calvo/AL,0.75
Recursos hídricos,28,Vazão ecológica para usos ecossistêmicos,2020,,Presente,high,Alto,#FF8300,4466,Porto de Pedras/AL,0.75
Recursos hídricos,28,Vazão ecológica para usos ecossistêmicos,2020,,Presente,high,Alto,#FF8300,5240,Porto Rico/PR,0.75
Recursos hídricos,28,Vazão ecológica para usos ecossistêmicos,2020,,Presente,high,Alto,#FF8300,2205,Potirendaba/SP,0.75
Recursos hídricos,28,Vazão ecológica para usos ecossistêmicos,2020,,Presente,high,Alto,#FF8300,15,Presidente Bernardes/SP,0.75
Recursos hídricos,28,Vazão ecológica para usos ecossistêmicos,2020,,Presente,high,Alto,#FF8300,97,Presidente Castello Branco/SC,0.75
Recursos hídricos,28,Vazão ecológica para usos ecossistêmicos,2020,,Presente,high,Alto,#FF8300,1664,Presidente Kennedy/ES,0.75
Recursos hídricos,28,Vazão ecológica para usos ecossistêmicos,2020,,Presente,high,Alto,#FF8300,3153,Presidente Kennedy/TO,0.75
Recursos hídricos,28,Vazão ecológica para usos ecossistêmicos,2020,,Presente,high,Alto,#FF8300,5538,Presidente Médici/RO,0.75
Recursos hídricos,28,Vazão ecológica para usos ecossistêmicos,2020,,Presente,high,Alto,#FF8300,17,Presidente Venceslau/SP,0.75
Recursos hídricos,28,Vazão ecológica para usos ecossistêmicos,2020,,Presente,high,Alto,#FF8300,4544,Propriá/SE,0.75
Recursos hídricos,28,Vazão ecológica para usos ecossistêmicos,2020,,Presente,high,Alto,#FF8300,4468,Quebrangulo/AL,0.75
Recursos hídricos,28,Vazão ecológica para usos ecossistêmicos,2020,,Presente,high,Alto,#FF8300,5247,Quinta do Sol/PR,0.75
Recursos hídricos,28,Vazão ecológica para usos ecossistêmicos,2020,,Presente,high,Alto,#FF8300,2222,Registro/SP,0.75
Recursos hídricos,28,Vazão ecológica para usos ecossistêmicos,2020,,Presente,high,Alto,#FF8300,3343,Riachão/MA,0.75
Recursos hídricos,28,Vazão ecológica para usos ecossistêmicos,2020,,Presente,high,Alto,#FF8300,1388,Riacho dos Machados/MG,0.75
Recursos hídricos,28,Vazão ecológica para usos ecossistêmicos,2020,,Presente,high,Alto,#FF8300,4794,Ribeira do Amparo/BA,0.75
Recursos hídricos,28,Vazão ecológica para usos ecossistêmicos,2020,,Presente,high,Alto,#FF8300,4795,Ribeira do Pombal/BA,0.75
Recursos hídricos,28,Vazão ecológica para usos ecossistêmicos,2020,,Presente,high,Alto,#FF8300,1389,Ribeirão das Neves/MG,0.75
Recursos hídricos,28,Vazão ecológica para usos ecossistêmicos,2020,,Presente,high,Alto,#FF8300,2235,Rinópolis/SP,0.75
Recursos hídricos,28,Vazão ecológica para usos ecossistêmicos,2020,,Presente,high,Alto,#FF8300,1391,Rio Acima/MG,0.75
Recursos hídricos,28,Vazão ecológica para usos ecossistêmicos,2020,,Presente,high,Alto,#FF8300,584,Rio Brilhante/MS,0.75
Recursos hídricos,28,Vazão ecológica para usos ecossistêmicos,2020,,Presente,high,Alto,#FF8300,5006,Rio do Antônio/BA,0.75
Recursos hídricos,28,Vazão ecológica para usos ecossistêmicos,2020,,Presente,high,Alto,#FF8300,2239,Riolândia/SP,0.75
Recursos hídricos,28,Vazão ecológica para usos ecossistêmicos,2020,,Presente,high,Alto,#FF8300,4142,Rio Tinto/PB,0.75
Recursos hídricos,28,Vazão ecológica para usos ecossistêmicos,2020,,Presente,high,Alto,#FF8300,2925,Rondolândia/MT,0.75
Recursos hídricos,28,Vazão ecológica para usos ecossistêmicos,2020,,Presente,high,Alto,#FF8300,2854,Rorainópolis/RR,0.75
Recursos hídricos,28,Vazão ecológica para usos ecossistêmicos,2020,,Presente,high,Alto,#FF8300,1411,Sabará/MG,0.75
Recursos hídricos,28,Vazão ecológica para usos ecossistêmicos,2020,,Presente,high,Alto,#FF8300,5256,Sabáudia/PR,0.75
Recursos hídricos,28,Vazão ecológica para usos ecossistêmicos,2020,,Presente,high,Alto,#FF8300,2243,Sabino/SP,0.75
Recursos hídricos,28,Vazão ecológica para usos ecossistêmicos,2020,,Presente,high,Alto,#FF8300,1413,Sacramento/MG,0.75
Recursos hídricos,28,Vazão ecológica para usos ecossistêmicos,2020,,Presente,high,Alto,#FF8300,2245,Sales/SP,0.75
Recursos hídricos,28,Vazão ecológica para usos ecossistêmicos,2020,,Presente,high,Alto,#FF8300,4340,Saloá/PE,0.75
Recursos hídricos,28,Vazão ecológica para usos ecossistêmicos,2020,,Presente,high,Alto,#FF8300,2254,Santa Albertina/SP,0.75
Recursos hídricos,28,Vazão ecológica para usos ecossistêmicos,2020,,Presente,high,Alto,#FF8300,4345,Santa Filomena/PE,0.75
Recursos hídricos,28,Vazão ecológica para usos ecossistêmicos,2020,,Presente,high,Alto,#FF8300,1427,Santa Luzia/MG,0.75
Recursos hídricos,28,Vazão ecológica para usos ecossistêmicos,2020,,Presente,high,Alto,#FF8300,1668,Santa Maria de Jetibá/ES,0.75
Recursos hídricos,28,Vazão ecológica para usos ecossistêmicos,2020,,Presente,high,Alto,#FF8300,3022,Santana do Araguaia/PA,0.75
Recursos hídricos,28,Vazão ecológica para usos ecossistêmicos,2020,,Presente,high,Alto,#FF8300,4473,Santana do Mundaú/AL,0.75
Recursos hídricos,28,Vazão ecológica para usos ecossistêmicos,2020,,Presente,high,Alto,#FF8300,3582,Santana do Piauí/PI,0.75
Recursos hídricos,28,Vazão ecológica para usos ecossistêmicos,2020,,Presente,high,Alto,#FF8300,4963,Santa Rita do Trivelato/MT,0.75
Recursos hídricos,28,Vazão ecológica para usos ecossistêmicos,2020,,Presente,high,Alto,#FF8300,3355,Santo Amaro do Maranhão/MA,0.75
Recursos hídricos,28,Vazão ecológica para usos ecossistêmicos,2020,,Presente,high,Alto,#FF8300,2276,Santo Antônio de Posse/SP,0.75
Recursos hídricos,28,Vazão ecológica para usos ecossistêmicos,2020,,Presente,high,Alto,#FF8300,1455,Santo Antônio do Monte/MG,0.75
Recursos hídricos,28,Vazão ecológica para usos ecossistêmicos,2020,,Presente,high,Alto,#FF8300,3938,São Bento do Norte/RN,0.75
Recursos hídricos,28,Vazão ecológica para usos ecossistêmicos,2020,,Presente,high,Alto,#FF8300,4156,São Bento/PB,0.75
Recursos hídricos,28,Vazão ecológica para usos ecossistêmicos,2020,,Presente,high,Alto,#FF8300,4815,São Desidério/BA,0.75
Recursos hídricos,28,Vazão ecológica para usos ecossistêmicos,2020,,Presente,high,Alto,#FF8300,5565,São Felipe D'Oeste/RO,0.75
Recursos hídricos,28,Vazão ecológica para usos ecossistêmicos,2020,,Presente,high,Alto,#FF8300,3363,São Francisco do Brejão/MA,0.75
Recursos hídricos,28,Vazão ecológica para usos ecossistêmicos,2020,,Presente,high,Alto,#FF8300,3364,São Francisco do Maranhão/MA,0.75
Recursos hídricos,28,Vazão ecológica para usos ecossistêmicos,2020,,Presente,high,Alto,#FF8300,1465,São Francisco/MG,0.75
Recursos hídricos,28,Vazão ecológica para usos ecossistêmicos,2020,,Presente,high,Alto,#FF8300,1477,São João Batista do Glória/MG,0.75
Recursos hídricos,28,Vazão ecológica para usos ecossistêmicos,2020,,Presente,high,Alto,#FF8300,436,São João da Urtiga/RS,0.75
Recursos hídricos,28,Vazão ecológica para usos ecossistêmicos,2020,,Presente,high,Alto,#FF8300,5276,São João do Ivaí/PR,0.75
Recursos hídricos,28,Vazão ecológica para usos ecossistêmicos,2020,,Presente,high,Alto,#FF8300,1484,São João do Manteninha/MG,0.75
Recursos hídricos,28,Vazão ecológica para usos ecossistêmicos,2020,,Presente,high,Alto,#FF8300,3598,São João do Piauí/PI,0.75
Recursos hídricos,28,Vazão ecológica para usos ecossistêmicos,2020,,Presente,high,Alto,#FF8300,4476,São José da Tapera/AL,0.75
Recursos hídricos,28,Vazão ecológica para usos ecossistêmicos,2020,,Presente,high,Alto,#FF8300,441,São José do Inhacorá/RS,0.75
Recursos hídricos,28,Vazão ecológica para usos ecossistêmicos,2020,,Presente,high,Alto,#FF8300,3601,São José do Piauí/PI,0.75
Recursos hídricos,28,Vazão ecológica para usos ecossistêmicos,2020,,Presente,high,Alto,#FF8300,2626,São Leopoldo/RS,0.75
Recursos hídricos,28,Vazão ecológica para usos ecossistêmicos,2020,,Presente,high,Alto,#FF8300,2856,São Luiz/RR,0.75
Recursos hídricos,28,Vazão ecológica para usos ecossistêmicos,2020,,Presente,high,Alto,#FF8300,2538,São Martinho/SC,0.75
Recursos hídricos,28,Vazão ecológica para usos ecossistêmicos,2020,,Presente,high,Alto,#FF8300,3606,São Miguel do Fidalgo/PI,0.75
Recursos hídricos,28,Vazão ecológica para usos ecossistêmicos,2020,,Presente,high,Alto,#FF8300,454,São Pedro do Sul/RS,0.75
Recursos hídricos,28,Vazão ecológica para usos ecossistêmicos,2020,,Presente,high,Alto,#FF8300,1505,São Romão/MG,0.75
Recursos hídricos,28,Vazão ecológica para usos ecossistêmicos,2020,,Presente,high,Alto,#FF8300,1511,São Sebastião do Oeste/MG,0.75
Recursos hídricos,28,Vazão ecológica para usos ecossistêmicos,2020,,Presente,high,Alto,#FF8300,1512,São Sebastião do Paraíso/MG,0.75
Recursos hídricos,28,Vazão ecológica para usos ecossistêmicos,2020,,Presente,high,Alto,#FF8300,2631,Sapucaia do Sul/RS,0.75
Recursos hídricos,28,Vazão ecológica para usos ecossistêmicos,2020,,Presente,high,Alto,#FF8300,5287,Sarandi/PR,0.75
Recursos hídricos,28,Vazão ecológica para usos ecossistêmicos,2020,,Presente,high,Alto,#FF8300,114,Saudades/SC,0.75
Recursos hídricos,28,Vazão ecológica para usos ecossistêmicos,2020,,Presente,high,Alto,#FF8300,4947,Selvíria/MS,0.75
Recursos hídricos,28,Vazão ecológica para usos ecossistêmicos,2020,,Presente,high,Alto,#FF8300,2838,Senador Guiomard/AC,0.75
Recursos hídricos,28,Vazão ecológica para usos ecossistêmicos,2020,,Presente,high,Alto,#FF8300,1534,Serra Azul de Minas/MG,0.75
Recursos hídricos,28,Vazão ecológica para usos ecossistêmicos,2020,,Presente,high,Alto,#FF8300,1537,Serra do Salitre/MG,0.75
Recursos hídricos,28,Vazão ecológica para usos ecossistêmicos,2020,,Presente,high,Alto,#FF8300,3958,Serra Negra do Norte/RN,0.75
Recursos hídricos,28,Vazão ecológica para usos ecossistêmicos,2020,,Presente,high,Alto,#FF8300,4359,Serra Talhada/PE,0.75
Recursos hídricos,28,Vazão ecológica para usos ecossistêmicos,2020,,Presente,high,Alto,#FF8300,469,Sertão/RS,0.75
Recursos hídricos,28,Vazão ecológica para usos ecossistêmicos,2020,,Presente,high,Alto,#FF8300,3613,Simões/PI,0.75
Recursos hídricos,28,Vazão ecológica para usos ecossistêmicos,2020,,Presente,high,Alto,#FF8300,3175,Sítio Novo do Tocantins/TO,0.75
Recursos hídricos,28,Vazão ecológica para usos ecossistêmicos,2020,,Presente,high,Alto,#FF8300,592,Sonora/MS,0.75
Recursos hídricos,28,Vazão ecológica para usos ecossistêmicos,2020,,Presente,high,Alto,#FF8300,2320,Sud Mennucci/SP,0.75
Recursos hídricos,28,Vazão ecológica para usos ecossistêmicos,2020,,Presente,high,Alto,#FF8300,2328,Taiaçu/SP,0.75
Recursos hídricos,28,Vazão ecológica para usos ecossistêmicos,2020,,Presente,high,Alto,#FF8300,4942,Tapes/RS,0.75
Recursos hídricos,28,Vazão ecológica para usos ecossistêmicos,2020,,Presente,high,Alto,#FF8300,4560,Telha/SE,0.75
Recursos hídricos,28,Vazão ecológica para usos ecossistêmicos,2020,,Presente,high,Alto,#FF8300,3619,Teresina/PI,0.75
Recursos hídricos,28,Vazão ecológica para usos ecossistêmicos,2020,,Presente,high,Alto,#FF8300,2807,Terezópolis de Goiás/GO,0.75
Recursos hídricos,28,Vazão ecológica para usos ecossistêmicos,2020,,Presente,high,Alto,#FF8300,3038,Terra Alta/PA,0.75
Recursos hídricos,28,Vazão ecológica para usos ecossistêmicos,2020,,Presente,high,Alto,#FF8300,5296,Terra Roxa/PR,0.75
Recursos hídricos,28,Vazão ecológica para usos ecossistêmicos,2020,,Presente,high,Alto,#FF8300,5569,Theobroma/RO,0.75
Recursos hídricos,28,Vazão ecológica para usos ecossistêmicos,2020,,Presente,high,Alto,#FF8300,4486,Traipu/AL,0.75
Recursos hídricos,28,Vazão ecológica para usos ecossistêmicos,2020,,Presente,high,Alto,#FF8300,4376,Trindade/PE,0.75
Recursos hídricos,28,Vazão ecológica para usos ecossistêmicos,2020,,Presente,high,Alto,#FF8300,2352,Turiúba/SP,0.75
Recursos hídricos,28,Vazão ecológica para usos ecossistêmicos,2020,,Presente,high,Alto,#FF8300,1578,Unaí/MG,0.75
Recursos hídricos,28,Vazão ecológica para usos ecossistêmicos,2020,,Presente,high,Alto,#FF8300,3620,União/PI,0.75
Recursos hídricos,28,Vazão ecológica para usos ecossistêmicos,2020,,Presente,high,Alto,#FF8300,1580,Uruana de Minas/MG,0.75
Recursos hídricos,28,Vazão ecológica para usos ecossistêmicos,2020,,Presente,high,Alto,#FF8300,1582,Urucuia/MG,0.75
Recursos hídricos,28,Vazão ecológica para usos ecossistêmicos,2020,,Presente,high,Alto,#FF8300,5570,Urupá/RO,0.75
Recursos hídricos,28,Vazão ecológica para usos ecossistêmicos,2020,,Presente,high,Alto,#FF8300,2360,Uru/SP,0.75
Recursos hídricos,28,Vazão ecológica para usos ecossistêmicos,2020,,Presente,high,Alto,#FF8300,1586,Varginha/MG,0.75
Recursos hídricos,28,Vazão ecológica para usos ecossistêmicos,2020,,Presente,high,Alto,#FF8300,1588,Várzea da Palma/MG,0.75
Recursos hídricos,28,Vazão ecológica para usos ecossistêmicos,2020,,Presente,high,Alto,#FF8300,4381,Verdejante/PE,0.75
Recursos hídricos,28,Vazão ecológica para usos ecossistêmicos,2020,,Presente,high,Alto,#FF8300,2818,Vila Boa/GO,0.75
Recursos hídricos,28,Vazão ecológica para usos ecossistêmicos,2020,,Presente,high,Alto,#FF8300,2841,Xapuri/AC,0.75
Recursos hídricos,28,Vazão ecológica para usos ecossistêmicos,2020,,Presente,high,Alto,#FF8300,124,Xavantina/SC,0.75
Recursos hídricos,28,Vazão ecológica para usos ecossistêmicos,2020,,Presente,veryhigh,Muito alto,#F40000,2644,Abadia de Goiás/GO,1.0
Recursos hídricos,28,Vazão ecológica para usos ecossistêmicos,2020,,Presente,veryhigh,Muito alto,#F40000,754,Abadia dos Dourados/MG,1.0
Recursos hídricos,28,Vazão ecológica para usos ecossistêmicos,2020,,Presente,veryhigh,Muito alto,#F40000,2645,Abadiânia/GO,1.0
Recursos hídricos,28,Vazão ecológica para usos ecossistêmicos,2020,,Presente,veryhigh,Muito alto,#F40000,755,Abaeté/MG,1.0
Recursos hídricos,28,Vazão ecológica para usos ecossistêmicos,2020,,Presente,veryhigh,Muito alto,#F40000,2938,Abaetetuba/PA,1.0
Recursos hídricos,28,Vazão ecológica para usos ecossistêmicos,2020,,Presente,veryhigh,Muito alto,#F40000,4564,Abaíra/BA,1.0
Recursos hídricos,28,Vazão ecológica para usos ecossistêmicos,2020,,Presente,veryhigh,Muito alto,#F40000,4565,Abaré/BA,1.0
Recursos hídricos,28,Vazão ecológica para usos ecossistêmicos,2020,,Presente,veryhigh,Muito alto,#F40000,757,Acaiaca/MG,1.0
Recursos hídricos,28,Vazão ecológica para usos ecossistêmicos,2020,,Presente,veryhigh,Muito alto,#F40000,3812,Acari/RN,1.0
Recursos hídricos,28,Vazão ecológica para usos ecossistêmicos,2020,,Presente,veryhigh,Muito alto,#F40000,3404,Acauã/PI,1.0
Recursos hídricos,28,Vazão ecológica para usos ecossistêmicos,2020,,Presente,veryhigh,Muito alto,#F40000,128,Aceguá/RS,1.0
Recursos hídricos,28,Vazão ecológica para usos ecossistêmicos,2020,,Presente,veryhigh,Muito alto,#F40000,1777,Adolfo/SP,1.0
Recursos hídricos,28,Vazão ecológica para usos ecossistêmicos,2020,,Presente,veryhigh,Muito alto,#F40000,5311,Adrianópolis/PR,1.0
Recursos hídricos,28,Vazão ecológica para usos ecossistêmicos,2020,,Presente,veryhigh,Muito alto,#F40000,4203,Afogados da Ingazeira/PE,1.0
Recursos hídricos,28,Vazão ecológica para usos ecossistêmicos,2020,,Presente,veryhigh,Muito alto,#F40000,1606,Afonso Cláudio/ES,1.0
Recursos hídricos,28,Vazão ecológica para usos ecossistêmicos,2020,,Presente,veryhigh,Muito alto,#F40000,4204,Afrânio/PE,1.0
Recursos hídricos,28,Vazão ecológica para usos ecossistêmicos,2020,,Presente,veryhigh,Muito alto,#F40000,3405,Agricolândia/PI,1.0
Recursos hídricos,28,Vazão ecológica para usos ecossistêmicos,2020,,Presente,veryhigh,Muito alto,#F40000,4387,Água Branca/AL,1.0
Recursos hídricos,28,Vazão ecológica para usos ecossistêmicos,2020,,Presente,veryhigh,Muito alto,#F40000,522,Água Clara/MS,1.0
Recursos hídricos,28,Vazão ecológica para usos ecossistêmicos,2020,,Presente,veryhigh,Muito alto,#F40000,760,Água Comprida/MG,1.0
Recursos hídricos,28,Vazão ecológica para usos ecossistêmicos,2020,,Presente,veryhigh,Muito alto,#F40000,4911,Água Doce/SC,1.0
Recursos hídricos,28,Vazão ecológica para usos ecossistêmicos,2020,,Presente,veryhigh,Muito alto,#F40000,2649,Água Limpa/GO,1.0
Recursos hídricos,28,Vazão ecológica para usos ecossistêmicos,2020,,Presente,veryhigh,Muito alto,#F40000,28,Águas de Chapecó/SC,1.0
Recursos hídricos,28,Vazão ecológica para usos ecossistêmicos,2020,,Presente,veryhigh,Muito alto,#F40000,1781,Águas de Santa Bárbara/SP,1.0
Recursos hídricos,28,Vazão ecológica para usos ecossistêmicos,2020,,Presente,veryhigh,Muito alto,#F40000,1783,Agudos/SP,1.0
Recursos hídricos,28,Vazão ecológica para usos ecossistêmicos,2020,,Presente,veryhigh,Muito alto,#F40000,3980,Aguiar/PB,1.0
Recursos hídricos,28,Vazão ecológica para usos ecossistêmicos,2020,,Presente,veryhigh,Muito alto,#F40000,4570,Aiquara/BA,1.0
Recursos hídricos,28,Vazão ecológica para usos ecossistêmicos,2020,,Presente,veryhigh,Muito alto,#F40000,3632,Aiuaba/CE,1.0
Recursos hídricos,28,Vazão ecológica para usos ecossistêmicos,2020,,Presente,veryhigh,Muito alto,#F40000,3407,Alagoinha do Piauí/PI,1.0
Recursos hídricos,28,Vazão ecológica para usos ecossistêmicos,2020,,Presente,veryhigh,Muito alto,#F40000,670,Alcobaça/BA,1.0
Recursos hídricos,28,Vazão ecológica para usos ecossistêmicos,2020,,Presente,veryhigh,Muito alto,#F40000,3191,Aldeias Altas/MA,1.0
Recursos hídricos,28,Vazão ecológica para usos ecossistêmicos,2020,,Presente,veryhigh,Muito alto,#F40000,133,Alegrete/RS,1.0
Recursos hídricos,28,Vazão ecológica para usos ecossistêmicos,2020,,Presente,veryhigh,Muito alto,#F40000,2651,Alexânia/GO,1.0
Recursos hídricos,28,Vazão ecológica para usos ecossistêmicos,2020,,Presente,veryhigh,Muito alto,#F40000,769,Alfenas/MG,1.0
Recursos hídricos,28,Vazão ecológica para usos ecossistêmicos,2020,,Presente,veryhigh,Muito alto,#F40000,1610,Alfredo Chaves/ES,1.0
Recursos hídricos,28,Vazão ecológica para usos ecossistêmicos,2020,,Presente,veryhigh,Muito alto,#F40000,3986,Alhandra/PB,1.0
Recursos hídricos,28,Vazão ecológica para usos ecossistêmicos,2020,,Presente,veryhigh,Muito alto,#F40000,2859,Almeirim/PA,1.0
Recursos hídricos,28,Vazão ecológica para usos ecossistêmicos,2020,,Presente,veryhigh,Muito alto,#F40000,771,Almenara/MG,1.0
Recursos hídricos,28,Vazão ecológica para usos ecossistêmicos,2020,,Presente,veryhigh,Muito alto,#F40000,135,Almirante Tamandaré do Sul/RS,1.0
Recursos hídricos,28,Vazão ecológica para usos ecossistêmicos,2020,,Presente,veryhigh,Muito alto,#F40000,773,Alpinópolis/MG,1.0
Recursos hídricos,28,Vazão ecológica para usos ecossistêmicos,2020,,Presente,veryhigh,Muito alto,#F40000,1786,Altinópolis/SP,1.0
Recursos hídricos,28,Vazão ecológica para usos ecossistêmicos,2020,,Presente,veryhigh,Muito alto,#F40000,3193,Alto Alegre do Maranhão/MA,1.0
Recursos hídricos,28,Vazão ecológica para usos ecossistêmicos,2020,,Presente,veryhigh,Muito alto,#F40000,599,Alto Araguaia/MT,1.0
Recursos hídricos,28,Vazão ecológica para usos ecossistêmicos,2020,,Presente,veryhigh,Muito alto,#F40000,30,Alto Bela Vista/SC,1.0
Recursos hídricos,28,Vazão ecológica para usos ecossistêmicos,2020,,Presente,veryhigh,Muito alto,#F40000,775,Alto Caparaó/MG,1.0
Recursos hídricos,28,Vazão ecológica para usos ecossistêmicos,2020,,Presente,veryhigh,Muito alto,#F40000,1376,Alto Jequitibá/MG,1.0
Recursos hídricos,28,Vazão ecológica para usos ecossistêmicos,2020,,Presente,veryhigh,Muito alto,#F40000,3409,Alto Longá/PI,1.0
Recursos hídricos,28,Vazão ecológica para usos ecossistêmicos,2020,,Presente,veryhigh,Muito alto,#F40000,601,Alto Paraguai/MT,1.0
Recursos hídricos,28,Vazão ecológica para usos ecossistêmicos,2020,,Presente,veryhigh,Muito alto,#F40000,776,Alto Rio Doce/MG,1.0
Recursos hídricos,28,Vazão ecológica para usos ecossistêmicos,2020,,Presente,veryhigh,Muito alto,#F40000,2653,Alvorada do Norte/GO,1.0
Recursos hídricos,28,Vazão ecológica para usos ecossistêmicos,2020,,Presente,veryhigh,Muito alto,#F40000,2843,Amajari/RR,1.0
Recursos hídricos,28,Vazão ecológica para usos ecossistêmicos,2020,,Presente,veryhigh,Muito alto,#F40000,5064,Amaporã/PR,1.0
Recursos hídricos,28,Vazão ecológica para usos ecossistêmicos,2020,,Presente,veryhigh,Muito alto,#F40000,3412,Amarante/PI,1.0
Recursos hídricos,28,Vazão ecológica para usos ecossistêmicos,2020,,Presente,veryhigh,Muito alto,#F40000,1792,Americana/SP,1.0
Recursos hídricos,28,Vazão ecológica para usos ecossistêmicos,2020,,Presente,veryhigh,Muito alto,#F40000,1793,Américo Brasiliense/SP,1.0
Recursos hídricos,28,Vazão ecológica para usos ecossistêmicos,2020,,Presente,veryhigh,Muito alto,#F40000,1794,Américo de Campos/SP,1.0
Recursos hídricos,28,Vazão ecológica para usos ecossistêmicos,2020,,Presente,veryhigh,Muito alto,#F40000,139,Ametista do Sul/RS,1.0
Recursos hídricos,28,Vazão ecológica para usos ecossistêmicos,2020,,Presente,veryhigh,Muito alto,#F40000,780,Amparo do Serra/MG,1.0
Recursos hídricos,28,Vazão ecológica para usos ecossistêmicos,2020,,Presente,veryhigh,Muito alto,#F40000,4388,Anadia/AL,1.0
Recursos hídricos,28,Vazão ecológica para usos ecossistêmicos,2020,,Presente,veryhigh,Muito alto,#F40000,2656,Anápolis/GO,1.0
Recursos hídricos,28,Vazão ecológica para usos ecossistêmicos,2020,,Presente,veryhigh,Muito alto,#F40000,3199,Anapurus/MA,1.0
Recursos hídricos,28,Vazão ecológica para usos ecossistêmicos,2020,,Presente,veryhigh,Muito alto,#F40000,4576,Andorinha/BA,1.0
Recursos hídricos,28,Vazão ecológica para usos ecossistêmicos,2020,,Presente,veryhigh,Muito alto,#F40000,527,Angélica/MS,1.0
Recursos hídricos,28,Vazão ecológica para usos ecossistêmicos,2020,,Presente,veryhigh,Muito alto,#F40000,1684,Angra dos Reis/RJ,1.0
Recursos hídricos,28,Vazão ecológica para usos ecossistêmicos,2020,,Presente,veryhigh,Muito alto,#F40000,5067,Ângulo/PR,1.0
Recursos hídricos,28,Vazão ecológica para usos ecossistêmicos,2020,,Presente,veryhigh,Muito alto,#F40000,4580,Antônio Cardoso/BA,1.0
Recursos hídricos,28,Vazão ecológica para usos ecossistêmicos,2020,,Presente,veryhigh,Muito alto,#F40000,5317,Antônio Olinto/PR,1.0
Recursos hídricos,28,Vazão ecológica para usos ecossistêmicos,2020,,Presente,veryhigh,Muito alto,#F40000,2659,Aparecida de Goiânia/GO,1.0
Recursos hídricos,28,Vazão ecológica para usos ecossistêmicos,2020,,Presente,veryhigh,Muito alto,#F40000,3989,Aparecida/PB,1.0
Recursos hídricos,28,Vazão ecológica para usos ecossistêmicos,2020,,Presente,veryhigh,Muito alto,#F40000,1801,Apiaí/SP,1.0
Recursos hídricos,28,Vazão ecológica para usos ecossistêmicos,2020,,Presente,veryhigh,Muito alto,#F40000,32,Arabutã/SC,1.0
Recursos hídricos,28,Vazão ecológica para usos ecossistêmicos,2020,,Presente,veryhigh,Muito alto,#F40000,3990,Araçagi/PB,1.0
Recursos hídricos,28,Vazão ecológica para usos ecossistêmicos,2020,,Presente,veryhigh,Muito alto,#F40000,1802,Araçariguama/SP,1.0
Recursos hídricos,28,Vazão ecológica para usos ecossistêmicos,2020,,Presente,veryhigh,Muito alto,#F40000,4982,Aracatu/BA,1.0
Recursos hídricos,28,Vazão ecológica para usos ecossistêmicos,2020,,Presente,veryhigh,Muito alto,#F40000,1804,Araçoiaba da Serra/SP,1.0
Recursos hídricos,28,Vazão ecológica para usos ecossistêmicos,2020,,Presente,veryhigh,Muito alto,#F40000,790,Araçuaí/MG,1.0
Recursos hídricos,28,Vazão ecológica para usos ecossistêmicos,2020,,Presente,veryhigh,Muito alto,#F40000,2661,Aragoiânia/GO,1.0
Recursos hídricos,28,Vazão ecológica para usos ecossistêmicos,2020,,Presente,veryhigh,Muito alto,#F40000,3056,Aragominas/TO,1.0
Recursos hídricos,28,Vazão ecológica para usos ecossistêmicos,2020,,Presente,veryhigh,Muito alto,#F40000,2662,Araguapaz/GO,1.0
Recursos hídricos,28,Vazão ecológica para usos ecossistêmicos,2020,,Presente,veryhigh,Muito alto,#F40000,791,Araguari/MG,1.0
Recursos hídricos,28,Vazão ecológica para usos ecossistêmicos,2020,,Presente,veryhigh,Muito alto,#F40000,3061,Araguatins/TO,1.0
Recursos hídricos,28,Vazão ecológica para usos ecossistêmicos,2020,,Presente,veryhigh,Muito alto,#F40000,3202,Araioses/MA,1.0
Recursos hídricos,28,Vazão ecológica para usos ecossistêmicos,2020,,Presente,veryhigh,Muito alto,#F40000,141,Arambaré/RS,1.0
Recursos hídricos,28,Vazão ecológica para usos ecossistêmicos,2020,,Presente,veryhigh,Muito alto,#F40000,4389,Arapiraca/AL,1.0
Recursos hídricos,28,Vazão ecológica para usos ecossistêmicos,2020,,Presente,veryhigh,Muito alto,#F40000,5436,Arapongas/PR,1.0
Recursos hídricos,28,Vazão ecológica para usos ecossistêmicos,2020,,Presente,veryhigh,Muito alto,#F40000,794,Araporã/MG,1.0
Recursos hídricos,28,Vazão ecológica para usos ecossistêmicos,2020,,Presente,veryhigh,Muito alto,#F40000,5318,Arapoti/PR,1.0
Recursos hídricos,28,Vazão ecológica para usos ecossistêmicos,2020,,Presente,veryhigh,Muito alto,#F40000,795,Arapuá/MG,1.0
Recursos hídricos,28,Vazão ecológica para usos ecossistêmicos,2020,,Presente,veryhigh,Muito alto,#F40000,1808,Araraquara/SP,1.0
Recursos hídricos,28,Vazão ecológica para usos ecossistêmicos,2020,,Presente,veryhigh,Muito alto,#F40000,1809,Araras/SP,1.0
Recursos hídricos,28,Vazão ecológica para usos ecossistêmicos,2020,,Presente,veryhigh,Muito alto,#F40000,3642,Ararendá/CE,1.0
Recursos hídricos,28,Vazão ecológica para usos ecossistêmicos,2020,,Presente,veryhigh,Muito alto,#F40000,673,Arataca/BA,1.0
Recursos hídricos,28,Vazão ecológica para usos ecossistêmicos,2020,,Presente,veryhigh,Muito alto,#F40000,142,Aratiba/RS,1.0
Recursos hídricos,28,Vazão ecológica para usos ecossistêmicos,2020,,Presente,veryhigh,Muito alto,#F40000,5319,Araucária/PR,1.0
Recursos hídricos,28,Vazão ecológica para usos ecossistêmicos,2020,,Presente,veryhigh,Muito alto,#F40000,796,Araújos/MG,1.0
Recursos hídricos,28,Vazão ecológica para usos ecossistêmicos,2020,,Presente,veryhigh,Muito alto,#F40000,797,Araxá/MG,1.0
Recursos hídricos,28,Vazão ecológica para usos ecossistêmicos,2020,,Presente,veryhigh,Muito alto,#F40000,799,Arcos/MG,1.0
Recursos hídricos,28,Vazão ecológica para usos ecossistêmicos,2020,,Presente,veryhigh,Muito alto,#F40000,4215,Arcoverde/PE,1.0
Recursos hídricos,28,Vazão ecológica para usos ecossistêmicos,2020,,Presente,veryhigh,Muito alto,#F40000,800,Areado/MG,1.0
Recursos hídricos,28,Vazão ecológica para usos ecossistêmicos,2020,,Presente,veryhigh,Muito alto,#F40000,1813,Areiópolis/SP,1.0
Recursos hídricos,28,Vazão ecológica para usos ecossistêmicos,2020,,Presente,veryhigh,Muito alto,#F40000,3823,Arês/RN,1.0
Recursos hídricos,28,Vazão ecológica para usos ecossistêmicos,2020,,Presente,veryhigh,Muito alto,#F40000,802,Aricanduva/MG,1.0
Recursos hídricos,28,Vazão ecológica para usos ecossistêmicos,2020,,Presente,veryhigh,Muito alto,#F40000,5522,Ariquemes/RO,1.0
Recursos hídricos,28,Vazão ecológica para usos ecossistêmicos,2020,,Presente,veryhigh,Muito alto,#F40000,1814,Ariranha/SP,1.0
Recursos hídricos,28,Vazão ecológica para usos ecossistêmicos,2020,,Presente,veryhigh,Muito alto,#F40000,2391,Armazém/SC,1.0
Recursos hídricos,28,Vazão ecológica para usos ecossistêmicos,2020,,Presente,veryhigh,Muito alto,#F40000,3645,Arneiroz/CE,1.0
Recursos hídricos,28,Vazão ecológica para usos ecossistêmicos,2020,,Presente,veryhigh,Muito alto,#F40000,3416,Aroazes/PI,1.0
Recursos hídricos,28,Vazão ecológica para usos ecossistêmicos,2020,,Presente,veryhigh,Muito alto,#F40000,3418,Arraial/PI,1.0
Recursos hídricos,28,Vazão ecológica para usos ecossistêmicos,2020,,Presente,veryhigh,Muito alto,#F40000,148,Arvorezinha/RS,1.0
Recursos hídricos,28,Vazão ecológica para usos ecossistêmicos,2020,,Presente,veryhigh,Muito alto,#F40000,1817,Aspásia/SP,1.0
Recursos hídricos,28,Vazão ecológica para usos ecossistêmicos,2020,,Presente,veryhigh,Muito alto,#F40000,5320,Assaí/PR,1.0
Recursos hídricos,28,Vazão ecológica para usos ecossistêmicos,2020,,Presente,veryhigh,Muito alto,#F40000,805,Ataléia/MG,1.0
Recursos hídricos,28,Vazão ecológica para usos ecossistêmicos,2020,,Presente,veryhigh,Muito alto,#F40000,1819,Atibaia/SP,1.0
Recursos hídricos,28,Vazão ecológica para usos ecossistêmicos,2020,,Presente,veryhigh,Muito alto,#F40000,806,Augusto de Lima/MG,1.0
Recursos hídricos,28,Vazão ecológica para usos ecossistêmicos,2020,,Presente,veryhigh,Muito alto,#F40000,2945,Aurora do Pará/PA,1.0
Recursos hídricos,28,Vazão ecológica para usos ecossistêmicos,2020,,Presente,veryhigh,Muito alto,#F40000,1821,Avaí/SP,1.0
Recursos hídricos,28,Vazão ecológica para usos ecossistêmicos,2020,,Presente,veryhigh,Muito alto,#F40000,1823,Avaré/SP,1.0
Recursos hídricos,28,Vazão ecológica para usos ecossistêmicos,2020,,Presente,veryhigh,Muito alto,#F40000,3420,Avelino Lopes/PI,1.0
Recursos hídricos,28,Vazão ecológica para usos ecossistêmicos,2020,,Presente,veryhigh,Muito alto,#F40000,3205,Axixá/MA,1.0
Recursos hídricos,28,Vazão ecológica para usos ecossistêmicos,2020,,Presente,veryhigh,Muito alto,#F40000,3067,Babaçulândia/TO,1.0
Recursos hídricos,28,Vazão ecológica para usos ecossistêmicos,2020,,Presente,veryhigh,Muito alto,#F40000,151,Bagé/RS,1.0
Recursos hídricos,28,Vazão ecológica para usos ecossistêmicos,2020,,Presente,veryhigh,Muito alto,#F40000,4588,Baianópolis/BA,1.0
Recursos hídricos,28,Vazão ecológica para usos ecossistêmicos,2020,,Presente,veryhigh,Muito alto,#F40000,1825,Balbinos/SP,1.0
Recursos hídricos,28,Vazão ecológica para usos ecossistêmicos,2020,,Presente,veryhigh,Muito alto,#F40000,2563,Balneário Rincão/SC,1.0
Recursos hídricos,28,Vazão ecológica para usos ecossistêmicos,2020,,Presente,veryhigh,Muito alto,#F40000,3210,Balsas/MA,1.0
Recursos hídricos,28,Vazão ecológica para usos ecossistêmicos,2020,,Presente,veryhigh,Muito alto,#F40000,809,Bambuí/MG,1.0
Recursos hídricos,28,Vazão ecológica para usos ecossistêmicos,2020,,Presente,veryhigh,Muito alto,#F40000,1827,Bananal/SP,1.0
Recursos hídricos,28,Vazão ecológica para usos ecossistêmicos,2020,,Presente,veryhigh,Muito alto,#F40000,34,Bandeirante/SC,1.0
Recursos hídricos,28,Vazão ecológica para usos ecossistêmicos,2020,,Presente,veryhigh,Muito alto,#F40000,4590,Banzaê/BA,1.0
Recursos hídricos,28,Vazão ecológica para usos ecossistêmicos,2020,,Presente,veryhigh,Muito alto,#F40000,812,Barão de Cocais/MG,1.0
Recursos hídricos,28,Vazão ecológica para usos ecossistêmicos,2020,,Presente,veryhigh,Muito alto,#F40000,3211,Barão de Grajaú/MA,1.0
Recursos hídricos,28,Vazão ecológica para usos ecossistêmicos,2020,,Presente,veryhigh,Muito alto,#F40000,606,Barão de Melgaço/MT,1.0
Recursos hídricos,28,Vazão ecológica para usos ecossistêmicos,2020,,Presente,veryhigh,Muito alto,#F40000,813,Barão de Monte Alto/MG,1.0
Recursos hídricos,28,Vazão ecológica para usos ecossistêmicos,2020,,Presente,veryhigh,Muito alto,#F40000,3650,Barbalha/CE,1.0
Recursos hídricos,28,Vazão ecológica para usos ecossistêmicos,2020,,Presente,veryhigh,Muito alto,#F40000,35,Barra Bonita/SC,1.0
Recursos hídricos,28,Vazão ecológica para usos ecossistêmicos,2020,,Presente,veryhigh,Muito alto,#F40000,4592,Barra da Estiva/BA,1.0
Recursos hídricos,28,Vazão ecológica para usos ecossistêmicos,2020,,Presente,veryhigh,Muito alto,#F40000,4002,Barra de Santa Rosa/PB,1.0
Recursos hídricos,28,Vazão ecológica para usos ecossistêmicos,2020,,Presente,veryhigh,Muito alto,#F40000,1617,Barra de São Francisco/ES,1.0
Recursos hídricos,28,Vazão ecológica para usos ecossistêmicos,2020,,Presente,veryhigh,Muito alto,#F40000,4392,Barra de São Miguel/AL,1.0
Recursos hídricos,28,Vazão ecológica para usos ecossistêmicos,2020,,Presente,veryhigh,Muito alto,#F40000,607,Barra do Bugres/MT,1.0
Recursos hídricos,28,Vazão ecológica para usos ecossistêmicos,2020,,Presente,veryhigh,Muito alto,#F40000,155,Barra do Quaraí/RS,1.0
Recursos hídricos,28,Vazão ecológica para usos ecossistêmicos,2020,,Presente,veryhigh,Muito alto,#F40000,1691,Barra Mansa/RJ,1.0
Recursos hídricos,28,Vazão ecológica para usos ecossistêmicos,2020,,Presente,veryhigh,Muito alto,#F40000,3423,Barras/PI,1.0
Recursos hídricos,28,Vazão ecológica para usos ecossistêmicos,2020,,Presente,veryhigh,Muito alto,#F40000,4217,Barreiros/PE,1.0
Recursos hídricos,28,Vazão ecológica para usos ecossistêmicos,2020,,Presente,veryhigh,Muito alto,#F40000,1835,Barrinha/SP,1.0
Recursos hídricos,28,Vazão ecológica para usos ecossistêmicos,2020,,Presente,veryhigh,Muito alto,#F40000,676,Barro Preto/BA,1.0
Recursos hídricos,28,Vazão ecológica para usos ecossistêmicos,2020,,Presente,veryhigh,Muito alto,#F40000,1838,Batatais/SP,1.0
Recursos hídricos,28,Vazão ecológica para usos ecossistêmicos,2020,,Presente,veryhigh,Muito alto,#F40000,1839,Bauru/SP,1.0
Recursos hídricos,28,Vazão ecológica para usos ecossistêmicos,2020,,Presente,veryhigh,Muito alto,#F40000,4004,Bayeux/PB,1.0
Recursos hídricos,28,Vazão ecológica para usos ecossistêmicos,2020,,Presente,veryhigh,Muito alto,#F40000,3214,Belágua/MA,1.0
Recursos hídricos,28,Vazão ecológica para usos ecossistêmicos,2020,,Presente,veryhigh,Muito alto,#F40000,2666,Bela Vista de Goiás/GO,1.0
Recursos hídricos,28,Vazão ecológica para usos ecossistêmicos,2020,,Presente,veryhigh,Muito alto,#F40000,3427,Bela Vista do Piauí/PI,1.0
Recursos hídricos,28,Vazão ecológica para usos ecossistêmicos,2020,,Presente,veryhigh,Muito alto,#F40000,4219,Belém do São Francisco/PE,1.0
Recursos hídricos,28,Vazão ecológica para usos ecossistêmicos,2020,,Presente,veryhigh,Muito alto,#F40000,36,Belmonte/SC,1.0
Recursos hídricos,28,Vazão ecológica para usos ecossistêmicos,2020,,Presente,veryhigh,Muito alto,#F40000,819,Belo Horizonte/MG,1.0
Recursos hídricos,28,Vazão ecológica para usos ecossistêmicos,2020,,Presente,veryhigh,Muito alto,#F40000,4220,Belo Jardim/PE,1.0
Recursos hídricos,28,Vazão ecológica para usos ecossistêmicos,2020,,Presente,veryhigh,Muito alto,#F40000,4395,Belo Monte/AL,1.0
Recursos hídricos,28,Vazão ecológica para usos ecossistêmicos,2020,,Presente,veryhigh,Muito alto,#F40000,821,Belo Vale/MG,1.0
Recursos hídricos,28,Vazão ecológica para usos ecossistêmicos,2020,,Presente,veryhigh,Muito alto,#F40000,3429,Beneditinos/PI,1.0
Recursos hídricos,28,Vazão ecológica para usos ecossistêmicos,2020,,Presente,veryhigh,Muito alto,#F40000,3828,Bento Fernandes/RN,1.0
Recursos hídricos,28,Vazão ecológica para usos ecossistêmicos,2020,,Presente,veryhigh,Muito alto,#F40000,822,Berilo/MG,1.0
Recursos hídricos,28,Vazão ecológica para usos ecossistêmicos,2020,,Presente,veryhigh,Muito alto,#F40000,1842,Bernardino de Campos/SP,1.0
Recursos hídricos,28,Vazão ecológica para usos ecossistêmicos,2020,,Presente,veryhigh,Muito alto,#F40000,823,Bertópolis/MG,1.0
Recursos hídricos,28,Vazão ecológica para usos ecossistêmicos,2020,,Presente,veryhigh,Muito alto,#F40000,3431,Betânia do Piauí/PI,1.0
Recursos hídricos,28,Vazão ecológica para usos ecossistêmicos,2020,,Presente,veryhigh,Muito alto,#F40000,4221,Betânia/PE,1.0
Recursos hídricos,28,Vazão ecológica para usos ecossistêmicos,2020,,Presente,veryhigh,Muito alto,#F40000,825,Betim/MG,1.0
Recursos hídricos,28,Vazão ecológica para usos ecossistêmicos,2020,,Presente,veryhigh,Muito alto,#F40000,1846,Biritiba Mirim/SP,1.0
Recursos hídricos,28,Vazão ecológica para usos ecossistêmicos,2020,,Presente,veryhigh,Muito alto,#F40000,3432,Boa Hora/PI,1.0
Recursos hídricos,28,Vazão ecológica para usos ecossistêmicos,2020,,Presente,veryhigh,Muito alto,#F40000,4983,Boa Nova/BA,1.0
Recursos hídricos,28,Vazão ecológica para usos ecossistêmicos,2020,,Presente,veryhigh,Muito alto,#F40000,162,Boa Vista do Cadeado/RS,1.0
Recursos hídricos,28,Vazão ecológica para usos ecossistêmicos,2020,,Presente,veryhigh,Muito alto,#F40000,4396,Boca da Mata/AL,1.0
Recursos hídricos,28,Vazão ecológica para usos ecossistêmicos,2020,,Presente,veryhigh,Muito alto,#F40000,5471,Boca do Acre/AM,1.0
Recursos hídricos,28,Vazão ecológica para usos ecossistêmicos,2020,,Presente,veryhigh,Muito alto,#F40000,2405,Bocaina do Sul/SC,1.0
Recursos hídricos,28,Vazão ecológica para usos ecossistêmicos,2020,,Presente,veryhigh,Muito alto,#F40000,1848,Bocaina/SP,1.0
Recursos hídricos,28,Vazão ecológica para usos ecossistêmicos,2020,,Presente,veryhigh,Muito alto,#F40000,5325,Bocaiúva do Sul/PR,1.0
Recursos hídricos,28,Vazão ecológica para usos ecossistêmicos,2020,,Presente,veryhigh,Muito alto,#F40000,535,Bodoquena/MS,1.0
Recursos hídricos,28,Vazão ecológica para usos ecossistêmicos,2020,,Presente,veryhigh,Muito alto,#F40000,1849,Bofete/SP,1.0
Recursos hídricos,28,Vazão ecológica para usos ecossistêmicos,2020,,Presente,veryhigh,Muito alto,#F40000,4224,Bom Conselho/PE,1.0
Recursos hídricos,28,Vazão ecológica para usos ecossistêmicos,2020,,Presente,veryhigh,Muito alto,#F40000,661,Bom Jardim de Goiás/GO,1.0
Recursos hídricos,28,Vazão ecológica para usos ecossistêmicos,2020,,Presente,veryhigh,Muito alto,#F40000,833,Bom Jardim de Minas/MG,1.0
Recursos hídricos,28,Vazão ecológica para usos ecossistêmicos,2020,,Presente,veryhigh,Muito alto,#F40000,1693,Bom Jardim/RJ,1.0
Recursos hídricos,28,Vazão ecológica para usos ecossistêmicos,2020,,Presente,veryhigh,Muito alto,#F40000,3434,Bom Jesus/PI,1.0
Recursos hídricos,28,Vazão ecológica para usos ecossistêmicos,2020,,Presente,veryhigh,Muito alto,#F40000,3830,Bom Jesus/RN,1.0
Recursos hídricos,28,Vazão ecológica para usos ecossistêmicos,2020,,Presente,veryhigh,Muito alto,#F40000,837,Bom Repouso/MG,1.0
Recursos hídricos,28,Vazão ecológica para usos ecossistêmicos,2020,,Presente,veryhigh,Muito alto,#F40000,4011,Bom Sucesso/PB,1.0
Recursos hídricos,28,Vazão ecológica para usos ecossistêmicos,2020,,Presente,veryhigh,Muito alto,#F40000,839,Bonfim/MG,1.0
Recursos hídricos,28,Vazão ecológica para usos ecossistêmicos,2020,,Presente,veryhigh,Muito alto,#F40000,840,Bonfinópolis de Minas/MG,1.0
Recursos hídricos,28,Vazão ecológica para usos ecossistêmicos,2020,,Presente,veryhigh,Muito alto,#F40000,4012,Bonito de Santa Fé/PB,1.0
Recursos hídricos,28,Vazão ecológica para usos ecossistêmicos,2020,,Presente,veryhigh,Muito alto,#F40000,536,Bonito/MS,1.0
Recursos hídricos,28,Vazão ecológica para usos ecossistêmicos,2020,,Presente,veryhigh,Muito alto,#F40000,3437,Boqueirão do Piauí/PI,1.0
Recursos hídricos,28,Vazão ecológica para usos ecossistêmicos,2020,,Presente,veryhigh,Muito alto,#F40000,1854,Boracéia/SP,1.0
Recursos hídricos,28,Vazão ecológica para usos ecossistêmicos,2020,,Presente,veryhigh,Muito alto,#F40000,843,Botelhos/MG,1.0
Recursos hídricos,28,Vazão ecológica para usos ecossistêmicos,2020,,Presente,veryhigh,Muito alto,#F40000,1857,Botucatu/SP,1.0
Recursos hídricos,28,Vazão ecológica para usos ecossistêmicos,2020,,Presente,veryhigh,Muito alto,#F40000,844,Botumirim/MG,1.0
Recursos hídricos,28,Vazão ecológica para usos ecossistêmicos,2020,,Presente,veryhigh,Muito alto,#F40000,1858,Bragança Paulista/SP,1.0
Recursos hídricos,28,Vazão ecológica para usos ecossistêmicos,2020,,Presente,veryhigh,Muito alto,#F40000,4397,Branquinha/AL,1.0
Recursos hídricos,28,Vazão ecológica para usos ecossistêmicos,2020,,Presente,veryhigh,Muito alto,#F40000,2820,Brasília/DF,1.0
Recursos hídricos,28,Vazão ecológica para usos ecossistêmicos,2020,,Presente,veryhigh,Muito alto,#F40000,847,Brás Pires/MG,1.0
Recursos hídricos,28,Vazão ecológica para usos ecossistêmicos,2020,,Presente,veryhigh,Muito alto,#F40000,2669,Brazabrantes/GO,1.0
Recursos hídricos,28,Vazão ecológica para usos ecossistêmicos,2020,,Presente,veryhigh,Muito alto,#F40000,3831,Brejinho/RN,1.0
Recursos hídricos,28,Vazão ecológica para usos ecossistêmicos,2020,,Presente,veryhigh,Muito alto,#F40000,3439,Brejo do Piauí/PI,1.0
Recursos hídricos,28,Vazão ecológica para usos ecossistêmicos,2020,,Presente,veryhigh,Muito alto,#F40000,3223,Brejo/MA,1.0
Recursos hídricos,28,Vazão ecológica para usos ecossistêmicos,2020,,Presente,veryhigh,Muito alto,#F40000,1861,Brodowski/SP,1.0
Recursos hídricos,28,Vazão ecológica para usos ecossistêmicos,2020,,Presente,veryhigh,Muito alto,#F40000,850,Brumadinho/MG,1.0
Recursos hídricos,28,Vazão ecológica para usos ecossistêmicos,2020,,Presente,veryhigh,Muito alto,#F40000,680,Buerarema/BA,1.0
Recursos hídricos,28,Vazão ecológica para usos ecossistêmicos,2020,,Presente,veryhigh,Muito alto,#F40000,4231,Buíque/PE,1.0
Recursos hídricos,28,Vazão ecológica para usos ecossistêmicos,2020,,Presente,veryhigh,Muito alto,#F40000,2824,Bujari/AC,1.0
Recursos hídricos,28,Vazão ecológica para usos ecossistêmicos,2020,,Presente,veryhigh,Muito alto,#F40000,2671,Buriti Alegre/GO,1.0
Recursos hídricos,28,Vazão ecológica para usos ecossistêmicos,2020,,Presente,veryhigh,Muito alto,#F40000,3440,Buriti dos Lopes/PI,1.0
Recursos hídricos,28,Vazão ecológica para usos ecossistêmicos,2020,,Presente,veryhigh,Muito alto,#F40000,3441,Buriti dos Montes/PI,1.0
Recursos hídricos,28,Vazão ecológica para usos ecossistêmicos,2020,,Presente,veryhigh,Muito alto,#F40000,3225,Buriti/MA,1.0
Recursos hídricos,28,Vazão ecológica para usos ecossistêmicos,2020,,Presente,veryhigh,Muito alto,#F40000,854,Buritis/MG,1.0
Recursos hídricos,28,Vazão ecológica para usos ecossistêmicos,2020,,Presente,veryhigh,Muito alto,#F40000,1865,Buritizal/SP,1.0
Recursos hídricos,28,Vazão ecológica para usos ecossistêmicos,2020,,Presente,veryhigh,Muito alto,#F40000,855,Buritizeiro/MG,1.0
Recursos hídricos,28,Vazão ecológica para usos ecossistêmicos,2020,,Presente,veryhigh,Muito alto,#F40000,4018,Caaporã/PB,1.0
Recursos hídricos,28,Vazão ecológica para usos ecossistêmicos,2020,,Presente,veryhigh,Muito alto,#F40000,4609,Cabaceiras do Paraguaçu/BA,1.0
Recursos hídricos,28,Vazão ecológica para usos ecossistêmicos,2020,,Presente,veryhigh,Muito alto,#F40000,856,Cabeceira Grande/MG,1.0
Recursos hídricos,28,Vazão ecológica para usos ecossistêmicos,2020,,Presente,veryhigh,Muito alto,#F40000,3442,Cabeceiras do Piauí/PI,1.0
Recursos hídricos,28,Vazão ecológica para usos ecossistêmicos,2020,,Presente,veryhigh,Muito alto,#F40000,4232,Cabo de Santo Agostinho/PE,1.0
Recursos hídricos,28,Vazão ecológica para usos ecossistêmicos,2020,,Presente,veryhigh,Muito alto,#F40000,1866,Cabrália Paulista/SP,1.0
Recursos hídricos,28,Vazão ecológica para usos ecossistêmicos,2020,,Presente,veryhigh,Muito alto,#F40000,1867,Cabreúva/SP,1.0
Recursos hídricos,28,Vazão ecológica para usos ecossistêmicos,2020,,Presente,veryhigh,Muito alto,#F40000,4233,Cabrobó/PE,1.0
Recursos hídricos,28,Vazão ecológica para usos ecossistêmicos,2020,,Presente,veryhigh,Muito alto,#F40000,173,Caçapava do Sul/RS,1.0
Recursos hídricos,28,Vazão ecológica para usos ecossistêmicos,2020,,Presente,veryhigh,Muito alto,#F40000,609,Cáceres/MT,1.0
Recursos hídricos,28,Vazão ecológica para usos ecossistêmicos,2020,,Presente,veryhigh,Muito alto,#F40000,859,Cachoeira de Minas/MG,1.0
Recursos hídricos,28,Vazão ecológica para usos ecossistêmicos,2020,,Presente,veryhigh,Muito alto,#F40000,175,Cachoeira do Sul/RS,1.0
Recursos hídricos,28,Vazão ecológica para usos ecossistêmicos,2020,,Presente,veryhigh,Muito alto,#F40000,2677,Cachoeira Dourada/GO,1.0
Recursos hídricos,28,Vazão ecológica para usos ecossistêmicos,2020,,Presente,veryhigh,Muito alto,#F40000,860,Cachoeira Dourada/MG,1.0
Recursos hídricos,28,Vazão ecológica para usos ecossistêmicos,2020,,Presente,veryhigh,Muito alto,#F40000,3229,Cachoeira Grande/MA,1.0
Recursos hídricos,28,Vazão ecológica para usos ecossistêmicos,2020,,Presente,veryhigh,Muito alto,#F40000,2571,Cachoeirinha/RS,1.0
Recursos hídricos,28,Vazão ecológica para usos ecossistêmicos,2020,,Presente,veryhigh,Muito alto,#F40000,3076,Cachoeirinha/TO,1.0
Recursos hídricos,28,Vazão ecológica para usos ecossistêmicos,2020,,Presente,veryhigh,Muito alto,#F40000,1621,Cachoeiro de Itapemirim/ES,1.0
Recursos hídricos,28,Vazão ecológica para usos ecossistêmicos,2020,,Presente,veryhigh,Muito alto,#F40000,4398,Cacimbinhas/AL,1.0
Recursos hídricos,28,Vazão ecológica para usos ecossistêmicos,2020,,Presente,veryhigh,Muito alto,#F40000,4235,Caetés/PE,1.0
Recursos hídricos,28,Vazão ecológica para usos ecossistêmicos,2020,,Presente,veryhigh,Muito alto,#F40000,5086,Cafeara/PR,1.0
Recursos hídricos,28,Vazão ecológica para usos ecossistêmicos,2020,,Presente,veryhigh,Muito alto,#F40000,1871,Cafelândia/SP,1.0
Recursos hídricos,28,Vazão ecológica para usos ecossistêmicos,2020,,Presente,veryhigh,Muito alto,#F40000,177,Caibaté/RS,1.0
Recursos hídricos,28,Vazão ecológica para usos ecossistêmicos,2020,,Presente,veryhigh,Muito alto,#F40000,178,Caiçara/RS,1.0
Recursos hídricos,28,Vazão ecológica para usos ecossistêmicos,2020,,Presente,veryhigh,Muito alto,#F40000,1873,Caieiras/SP,1.0
Recursos hídricos,28,Vazão ecológica para usos ecossistêmicos,2020,,Presente,veryhigh,Muito alto,#F40000,1,Caiuá/SP,1.0
Recursos hídricos,28,Vazão ecológica para usos ecossistêmicos,2020,,Presente,veryhigh,Muito alto,#F40000,1874,Cajamar/SP,1.0
Recursos hídricos,28,Vazão ecológica para usos ecossistêmicos,2020,,Presente,veryhigh,Muito alto,#F40000,1875,Cajati/SP,1.0
Recursos hídricos,28,Vazão ecológica para usos ecossistêmicos,2020,,Presente,veryhigh,Muito alto,#F40000,3443,Cajazeiras do Piauí/PI,1.0
Recursos hídricos,28,Vazão ecológica para usos ecossistêmicos,2020,,Presente,veryhigh,Muito alto,#F40000,4026,Cajazeiras/PB,1.0
Recursos hídricos,28,Vazão ecológica para usos ecossistêmicos,2020,,Presente,veryhigh,Muito alto,#F40000,1877,Cajuru/SP,1.0
Recursos hídricos,28,Vazão ecológica para usos ecossistêmicos,2020,,Presente,veryhigh,Muito alto,#F40000,5040,Calçoene/AP,1.0
Recursos hídricos,28,Vazão ecológica para usos ecossistêmicos,2020,,Presente,veryhigh,Muito alto,#F40000,3445,Caldeirão Grande do Piauí/PI,1.0
Recursos hídricos,28,Vazão ecológica para usos ecossistêmicos,2020,,Presente,veryhigh,Muito alto,#F40000,867,Camanducaia/MG,1.0
Recursos hídricos,28,Vazão ecológica para usos ecossistêmicos,2020,,Presente,veryhigh,Muito alto,#F40000,179,Camaquã/RS,1.0
Recursos hídricos,28,Vazão ecológica para usos ecossistêmicos,2020,,Presente,veryhigh,Muito alto,#F40000,4238,Camaragibe/PE,1.0
Recursos hídricos,28,Vazão ecológica para usos ecossistêmicos,2020,,Presente,veryhigh,Muito alto,#F40000,3659,Camocim/CE,1.0
Recursos hídricos,28,Vazão ecológica para usos ecossistêmicos,2020,,Presente,veryhigh,Muito alto,#F40000,871,Campanha/MG,1.0
Recursos hídricos,28,Vazão ecológica para usos ecossistêmicos,2020,,Presente,veryhigh,Muito alto,#F40000,4400,Campestre/AL,1.0
Recursos hídricos,28,Vazão ecológica para usos ecossistêmicos,2020,,Presente,veryhigh,Muito alto,#F40000,872,Campestre/MG,1.0
Recursos hídricos,28,Vazão ecológica para usos ecossistêmicos,2020,,Presente,veryhigh,Muito alto,#F40000,1878,Campina do Monte Alegre/SP,1.0
Recursos hídricos,28,Vazão ecológica para usos ecossistêmicos,2020,,Presente,veryhigh,Muito alto,#F40000,5327,Campina Grande do Sul/PR,1.0
Recursos hídricos,28,Vazão ecológica para usos ecossistêmicos,2020,,Presente,veryhigh,Muito alto,#F40000,1879,Campinas/SP,1.0
Recursos hídricos,28,Vazão ecológica para usos ecossistêmicos,2020,,Presente,veryhigh,Muito alto,#F40000,4401,Campo Alegre/AL,1.0
Recursos hídricos,28,Vazão ecológica para usos ecossistêmicos,2020,,Presente,veryhigh,Muito alto,#F40000,874,Campo Azul/MG,1.0
Recursos hídricos,28,Vazão ecológica para usos ecossistêmicos,2020,,Presente,veryhigh,Muito alto,#F40000,875,Campo Belo/MG,1.0
Recursos hídricos,28,Vazão ecológica para usos ecossistêmicos,2020,,Presente,veryhigh,Muito alto,#F40000,3449,Campo Largo do Piauí/PI,1.0
Recursos hídricos,28,Vazão ecológica para usos ecossistêmicos,2020,,Presente,veryhigh,Muito alto,#F40000,2682,Campo Limpo de Goiás/GO,1.0
Recursos hídricos,28,Vazão ecológica para usos ecossistêmicos,2020,,Presente,veryhigh,Muito alto,#F40000,5330,Campo Magro/PR,1.0
Recursos hídricos,28,Vazão ecológica para usos ecossistêmicos,2020,,Presente,veryhigh,Muito alto,#F40000,183,Campo Novo/RS,1.0
Recursos hídricos,28,Vazão ecológica para usos ecossistêmicos,2020,,Presente,veryhigh,Muito alto,#F40000,878,Campos Altos/MG,1.0
Recursos hídricos,28,Vazão ecológica para usos ecossistêmicos,2020,,Presente,veryhigh,Muito alto,#F40000,1700,Campos dos Goytacazes/RJ,1.0
Recursos hídricos,28,Vazão ecológica para usos ecossistêmicos,2020,,Presente,veryhigh,Muito alto,#F40000,879,Campos Gerais/MG,1.0
Recursos hídricos,28,Vazão ecológica para usos ecossistêmicos,2020,,Presente,veryhigh,Muito alto,#F40000,4913,Campos Novos/SC,1.0
Recursos hídricos,28,Vazão ecológica para usos ecossistêmicos,2020,,Presente,veryhigh,Muito alto,#F40000,4240,Camutanga/PE,1.0
Recursos hídricos,28,Vazão ecológica para usos ecossistêmicos,2020,,Presente,veryhigh,Muito alto,#F40000,4403,Canapi/AL,1.0
Recursos hídricos,28,Vazão ecológica para usos ecossistêmicos,2020,,Presente,veryhigh,Muito alto,#F40000,185,Candelária/RS,1.0
Recursos hídricos,28,Vazão ecológica para usos ecossistêmicos,2020,,Presente,veryhigh,Muito alto,#F40000,5441,Cândido de Abreu/PR,1.0
Recursos hídricos,28,Vazão ecológica para usos ecossistêmicos,2020,,Presente,veryhigh,Muito alto,#F40000,187,Candiota/RS,1.0
Recursos hídricos,28,Vazão ecológica para usos ecossistêmicos,2020,,Presente,veryhigh,Muito alto,#F40000,188,Canguçu/RS,1.0
Recursos hídricos,28,Vazão ecológica para usos ecossistêmicos,2020,,Presente,veryhigh,Muito alto,#F40000,4241,Canhotinho/PE,1.0
Recursos hídricos,28,Vazão ecológica para usos ecossistêmicos,2020,,Presente,veryhigh,Muito alto,#F40000,884,Cantagalo/MG,1.0
Recursos hídricos,28,Vazão ecológica para usos ecossistêmicos,2020,,Presente,veryhigh,Muito alto,#F40000,3234,Cantanhede/MA,1.0
Recursos hídricos,28,Vazão ecológica para usos ecossistêmicos,2020,,Presente,veryhigh,Muito alto,#F40000,2847,Cantá/RR,1.0
Recursos hídricos,28,Vazão ecológica para usos ecossistêmicos,2020,,Presente,veryhigh,Muito alto,#F40000,3452,Canto do Buriti/PI,1.0
Recursos hídricos,28,Vazão ecológica para usos ecossistêmicos,2020,,Presente,veryhigh,Muito alto,#F40000,4624,Canudos/BA,1.0
Recursos hídricos,28,Vazão ecológica para usos ecossistêmicos,2020,,Presente,veryhigh,Muito alto,#F40000,1888,Capão Bonito/SP,1.0
Recursos hídricos,28,Vazão ecológica para usos ecossistêmicos,2020,,Presente,veryhigh,Muito alto,#F40000,4625,Capela do Alto Alegre/BA,1.0
Recursos hídricos,28,Vazão ecológica para usos ecossistêmicos,2020,,Presente,veryhigh,Muito alto,#F40000,886,Capela Nova/MG,1.0
Recursos hídricos,28,Vazão ecológica para usos ecossistêmicos,2020,,Presente,veryhigh,Muito alto,#F40000,890,Capinópolis/MG,1.0
Recursos hídricos,28,Vazão ecológica para usos ecossistêmicos,2020,,Presente,veryhigh,Muito alto,#F40000,41,Capinzal/SC,1.0
Recursos hídricos,28,Vazão ecológica para usos ecossistêmicos,2020,,Presente,veryhigh,Muito alto,#F40000,3453,Capitão de Campos/PI,1.0
Recursos hídricos,28,Vazão ecológica para usos ecossistêmicos,2020,,Presente,veryhigh,Muito alto,#F40000,892,Capitão Enéas/MG,1.0
Recursos hídricos,28,Vazão ecológica para usos ecossistêmicos,2020,,Presente,veryhigh,Muito alto,#F40000,893,Capitólio/MG,1.0
Recursos hídricos,28,Vazão ecológica para usos ecossistêmicos,2020,,Presente,veryhigh,Muito alto,#F40000,2848,Caracaraí/RR,1.0
Recursos hídricos,28,Vazão ecológica para usos ecossistêmicos,2020,,Presente,veryhigh,Muito alto,#F40000,541,Caracol/MS,1.0
Recursos hídricos,28,Vazão ecológica para usos ecossistêmicos,2020,,Presente,veryhigh,Muito alto,#F40000,5331,Carambeí/PR,1.0
Recursos hídricos,28,Vazão ecológica para usos ecossistêmicos,2020,,Presente,veryhigh,Muito alto,#F40000,898,Carangola/MG,1.0
Recursos hídricos,28,Vazão ecológica para usos ecossistêmicos,2020,,Presente,veryhigh,Muito alto,#F40000,899,Caratinga/MG,1.0
Recursos hídricos,28,Vazão ecológica para usos ecossistêmicos,2020,,Presente,veryhigh,Muito alto,#F40000,688,Caravelas/BA,1.0
Recursos hídricos,28,Vazão ecológica para usos ecossistêmicos,2020,,Presente,veryhigh,Muito alto,#F40000,1702,Cardoso Moreira/RJ,1.0
Recursos hídricos,28,Vazão ecológica para usos ecossistêmicos,2020,,Presente,veryhigh,Muito alto,#F40000,1893,Cardoso/SP,1.0
Recursos hídricos,28,Vazão ecológica para usos ecossistêmicos,2020,,Presente,veryhigh,Muito alto,#F40000,1622,Cariacica/ES,1.0
Recursos hídricos,28,Vazão ecológica para usos ecossistêmicos,2020,,Presente,veryhigh,Muito alto,#F40000,5332,Carlópolis/PR,1.0
Recursos hídricos,28,Vazão ecológica para usos ecossistêmicos,2020,,Presente,veryhigh,Muito alto,#F40000,902,Carlos Chagas/MG,1.0
Recursos hídricos,28,Vazão ecológica para usos ecossistêmicos,2020,,Presente,veryhigh,Muito alto,#F40000,908,Carmo do Paranaíba/MG,1.0
Recursos hídricos,28,Vazão ecológica para usos ecossistêmicos,2020,,Presente,veryhigh,Muito alto,#F40000,909,Carmo do Rio Claro/MG,1.0
Recursos hídricos,28,Vazão ecológica para usos ecossistêmicos,2020,,Presente,veryhigh,Muito alto,#F40000,3667,Carnaubal/CE,1.0
Recursos hídricos,28,Vazão ecológica para usos ecossistêmicos,2020,,Presente,veryhigh,Muito alto,#F40000,911,Carneirinho/MG,1.0
Recursos hídricos,28,Vazão ecológica para usos ecossistêmicos,2020,,Presente,veryhigh,Muito alto,#F40000,3236,Carolina/MA,1.0
Recursos hídricos,28,Vazão ecológica para usos ecossistêmicos,2020,,Presente,veryhigh,Muito alto,#F40000,4245,Carpina/PE,1.0
Recursos hídricos,28,Vazão ecológica para usos ecossistêmicos,2020,,Presente,veryhigh,Muito alto,#F40000,3080,Carrasco Bonito/TO,1.0
Recursos hídricos,28,Vazão ecológica para usos ecossistêmicos,2020,,Presente,veryhigh,Muito alto,#F40000,1894,Casa Branca/SP,1.0
Recursos hídricos,28,Vazão ecológica para usos ecossistêmicos,2020,,Presente,veryhigh,Muito alto,#F40000,4628,Casa Nova/BA,1.0
Recursos hídricos,28,Vazão ecológica para usos ecossistêmicos,2020,,Presente,veryhigh,Muito alto,#F40000,2893,Castanheira/MT,1.0
Recursos hídricos,28,Vazão ecológica para usos ecossistêmicos,2020,,Presente,veryhigh,Muito alto,#F40000,2684,Castelândia/GO,1.0
Recursos hídricos,28,Vazão ecológica para usos ecossistêmicos,2020,,Presente,veryhigh,Muito alto,#F40000,3458,Castelo do Piauí/PI,1.0
Recursos hídricos,28,Vazão ecológica para usos ecossistêmicos,2020,,Presente,veryhigh,Muito alto,#F40000,1623,Castelo/ES,1.0
Recursos hídricos,28,Vazão ecológica para usos ecossistêmicos,2020,,Presente,veryhigh,Muito alto,#F40000,1896,Catanduva/SP,1.0
Recursos hídricos,28,Vazão ecológica para usos ecossistêmicos,2020,,Presente,veryhigh,Muito alto,#F40000,3669,Catarina/CE,1.0
Recursos hídricos,28,Vazão ecológica para usos ecossistêmicos,2020,,Presente,veryhigh,Muito alto,#F40000,1897,Catiguá/SP,1.0
Recursos hídricos,28,Vazão ecológica para usos ecossistêmicos,2020,,Presente,veryhigh,Muito alto,#F40000,2686,Caturaí/GO,1.0
Recursos hídricos,28,Vazão ecológica para usos ecossistêmicos,2020,,Presente,veryhigh,Muito alto,#F40000,3238,Caxias/MA,1.0
Recursos hídricos,28,Vazão ecológica para usos ecossistêmicos,2020,,Presente,veryhigh,Muito alto,#F40000,3459,Caxingó/PI,1.0
Recursos hídricos,28,Vazão ecológica para usos ecossistêmicos,2020,,Presente,veryhigh,Muito alto,#F40000,3840,Ceará-Mirim/RN,1.0
Recursos hídricos,28,Vazão ecológica para usos ecossistêmicos,2020,,Presente,veryhigh,Muito alto,#F40000,927,Centralina/MG,1.0
Recursos hídricos,28,Vazão ecológica para usos ecossistêmicos,2020,,Presente,veryhigh,Muito alto,#F40000,3242,Centro Novo do Maranhão/MA,1.0
Recursos hídricos,28,Vazão ecológica para usos ecossistêmicos,2020,,Presente,veryhigh,Muito alto,#F40000,1899,Cerqueira César/SP,1.0
Recursos hídricos,28,Vazão ecológica para usos ecossistêmicos,2020,,Presente,veryhigh,Muito alto,#F40000,1900,Cerquilho/SP,1.0
Recursos hídricos,28,Vazão ecológica para usos ecossistêmicos,2020,,Presente,veryhigh,Muito alto,#F40000,202,Cerro Grande do Sul/RS,1.0
Recursos hídricos,28,Vazão ecológica para usos ecossistêmicos,2020,,Presente,veryhigh,Muito alto,#F40000,1901,Cesário Lange/SP,1.0
Recursos hídricos,28,Vazão ecológica para usos ecossistêmicos,2020,,Presente,veryhigh,Muito alto,#F40000,4250,Chã de Alegria/PE,1.0
Recursos hídricos,28,Vazão ecológica para usos ecossistêmicos,2020,,Presente,veryhigh,Muito alto,#F40000,4251,Chã Grande/PE,1.0
Recursos hídricos,28,Vazão ecológica para usos ecossistêmicos,2020,,Presente,veryhigh,Muito alto,#F40000,930,Chapada do Norte/MG,1.0
Recursos hídricos,28,Vazão ecológica para usos ecossistêmicos,2020,,Presente,veryhigh,Muito alto,#F40000,611,Chapada dos Guimarães/MT,1.0
Recursos hídricos,28,Vazão ecológica para usos ecossistêmicos,2020,,Presente,veryhigh,Muito alto,#F40000,931,Chapada Gaúcha/MG,1.0
Recursos hídricos,28,Vazão ecológica para usos ecossistêmicos,2020,,Presente,veryhigh,Muito alto,#F40000,543,Chapadão do Sul/MS,1.0
Recursos hídricos,28,Vazão ecológica para usos ecossistêmicos,2020,,Presente,veryhigh,Muito alto,#F40000,204,Chapada/RS,1.0
Recursos hídricos,28,Vazão ecológica para usos ecossistêmicos,2020,,Presente,veryhigh,Muito alto,#F40000,44,Chapecó/SC,1.0
Recursos hídricos,28,Vazão ecológica para usos ecossistêmicos,2020,,Presente,veryhigh,Muito alto,#F40000,1902,Charqueada/SP,1.0
Recursos hídricos,28,Vazão ecológica para usos ecossistêmicos,2020,,Presente,veryhigh,Muito alto,#F40000,206,Charrua/RS,1.0
Recursos hídricos,28,Vazão ecológica para usos ecossistêmicos,2020,,Presente,veryhigh,Muito alto,#F40000,2966,Chaves/PA,1.0
Recursos hídricos,28,Vazão ecológica para usos ecossistêmicos,2020,,Presente,veryhigh,Muito alto,#F40000,5102,Chopinzinho/PR,1.0
Recursos hídricos,28,Vazão ecológica para usos ecossistêmicos,2020,,Presente,veryhigh,Muito alto,#F40000,4634,Chorrochó/BA,1.0
Recursos hídricos,28,Vazão ecológica para usos ecossistêmicos,2020,,Presente,veryhigh,Muito alto,#F40000,5554,Chupinguaia/RO,1.0
Recursos hídricos,28,Vazão ecológica para usos ecossistêmicos,2020,,Presente,veryhigh,Muito alto,#F40000,4635,Cícero Dantas/BA,1.0
Recursos hídricos,28,Vazão ecológica para usos ecossistêmicos,2020,,Presente,veryhigh,Muito alto,#F40000,2689,Cidade Ocidental/GO,1.0
Recursos hídricos,28,Vazão ecológica para usos ecossistêmicos,2020,,Presente,veryhigh,Muito alto,#F40000,933,Cipotânea/MG,1.0
Recursos hídricos,28,Vazão ecológica para usos ecossistêmicos,2020,,Presente,veryhigh,Muito alto,#F40000,935,Claro dos Poções/MG,1.0
Recursos hídricos,28,Vazão ecológica para usos ecossistêmicos,2020,,Presente,veryhigh,Muito alto,#F40000,689,Coaraci/BA,1.0
Recursos hídricos,28,Vazão ecológica para usos ecossistêmicos,2020,,Presente,veryhigh,Muito alto,#F40000,3461,Cocal de Telha/PI,1.0
Recursos hídricos,28,Vazão ecológica para usos ecossistêmicos,2020,,Presente,veryhigh,Muito alto,#F40000,3460,Cocal/PI,1.0
Recursos hídricos,28,Vazão ecológica para usos ecossistêmicos,2020,,Presente,veryhigh,Muito alto,#F40000,4988,Cocos/BA,1.0
Recursos hídricos,28,Vazão ecológica para usos ecossistêmicos,2020,,Presente,veryhigh,Muito alto,#F40000,3246,Coelho Neto/MA,1.0
Recursos hídricos,28,Vazão ecológica para usos ecossistêmicos,2020,,Presente,veryhigh,Muito alto,#F40000,5015,Colinas do Sul/GO,1.0
Recursos hídricos,28,Vazão ecológica para usos ecossistêmicos,2020,,Presente,veryhigh,Muito alto,#F40000,3247,Colinas/MA,1.0
Recursos hídricos,28,Vazão ecológica para usos ecossistêmicos,2020,,Presente,veryhigh,Muito alto,#F40000,1905,Colômbia/SP,1.0
Recursos hídricos,28,Vazão ecológica para usos ecossistêmicos,2020,,Presente,veryhigh,Muito alto,#F40000,3464,Colônia do Gurguéia/PI,1.0
Recursos hídricos,28,Vazão ecológica para usos ecossistêmicos,2020,,Presente,veryhigh,Muito alto,#F40000,3465,Colônia do Piauí/PI,1.0
Recursos hídricos,28,Vazão ecológica para usos ecossistêmicos,2020,,Presente,veryhigh,Muito alto,#F40000,5106,Colorado/PR,1.0
Recursos hídricos,28,Vazão ecológica para usos ecossistêmicos,2020,,Presente,veryhigh,Muito alto,#F40000,945,Conceição do Mato Dentro/MG,1.0
Recursos hídricos,28,Vazão ecológica para usos ecossistêmicos,2020,,Presente,veryhigh,Muito alto,#F40000,1906,Conchal/SP,1.0
Recursos hídricos,28,Vazão ecológica para usos ecossistêmicos,2020,,Presente,veryhigh,Muito alto,#F40000,1907,Conchas/SP,1.0
Recursos hídricos,28,Vazão ecológica para usos ecossistêmicos,2020,,Presente,veryhigh,Muito alto,#F40000,4641,Conde/BA,1.0
Recursos hídricos,28,Vazão ecológica para usos ecossistêmicos,2020,,Presente,veryhigh,Muito alto,#F40000,4040,Conde/PB,1.0
Recursos hídricos,28,Vazão ecológica para usos ecossistêmicos,2020,,Presente,veryhigh,Muito alto,#F40000,690,Condeúba/BA,1.0
Recursos hídricos,28,Vazão ecológica para usos ecossistêmicos,2020,,Presente,veryhigh,Muito alto,#F40000,949,Cônego Marinho/MG,1.0
Recursos hídricos,28,Vazão ecológica para usos ecossistêmicos,2020,,Presente,veryhigh,Muito alto,#F40000,952,Congonhas/MG,1.0
Recursos hídricos,28,Vazão ecológica para usos ecossistêmicos,2020,,Presente,veryhigh,Muito alto,#F40000,954,Conquista/MG,1.0
Recursos hídricos,28,Vazão ecológica para usos ecossistêmicos,2020,,Presente,veryhigh,Muito alto,#F40000,955,Conselheiro Lafaiete/MG,1.0
Recursos hídricos,28,Vazão ecológica para usos ecossistêmicos,2020,,Presente,veryhigh,Muito alto,#F40000,956,Conselheiro Pena/MG,1.0
Recursos hídricos,28,Vazão ecológica para usos ecossistêmicos,2020,,Presente,veryhigh,Muito alto,#F40000,958,Contagem/MG,1.0
Recursos hídricos,28,Vazão ecológica para usos ecossistêmicos,2020,,Presente,veryhigh,Muito alto,#F40000,4642,Contendas do Sincorá/BA,1.0
Recursos hídricos,28,Vazão ecológica para usos ecossistêmicos,2020,,Presente,veryhigh,Muito alto,#F40000,216,Coqueiros do Sul/RS,1.0
Recursos hídricos,28,Vazão ecológica para usos ecossistêmicos,2020,,Presente,veryhigh,Muito alto,#F40000,960,Coração de Jesus/MG,1.0
Recursos hídricos,28,Vazão ecológica para usos ecossistêmicos,2020,,Presente,veryhigh,Muito alto,#F40000,1908,Cordeirópolis/SP,1.0
Recursos hídricos,28,Vazão ecológica para usos ecossistêmicos,2020,,Presente,veryhigh,Muito alto,#F40000,3676,Coreaú/CE,1.0
Recursos hídricos,28,Vazão ecológica para usos ecossistêmicos,2020,,Presente,veryhigh,Muito alto,#F40000,544,Corguinho/MS,1.0
Recursos hídricos,28,Vazão ecológica para usos ecossistêmicos,2020,,Presente,veryhigh,Muito alto,#F40000,963,Corinto/MG,1.0
Recursos hídricos,28,Vazão ecológica para usos ecossistêmicos,2020,,Presente,veryhigh,Muito alto,#F40000,3249,Coroatá/MA,1.0
Recursos hídricos,28,Vazão ecológica para usos ecossistêmicos,2020,,Presente,veryhigh,Muito alto,#F40000,965,Coromandel/MG,1.0
Recursos hídricos,28,Vazão ecológica para usos ecossistêmicos,2020,,Presente,veryhigh,Muito alto,#F40000,217,Coronel Barros/RS,1.0
Recursos hídricos,28,Vazão ecológica para usos ecossistêmicos,2020,,Presente,veryhigh,Muito alto,#F40000,47,Coronel Freitas/SC,1.0
Recursos hídricos,28,Vazão ecológica para usos ecossistêmicos,2020,,Presente,veryhigh,Muito alto,#F40000,3467,Coronel José Dias/PI,1.0
Recursos hídricos,28,Vazão ecológica para usos ecossistêmicos,2020,,Presente,veryhigh,Muito alto,#F40000,1910,Coronel Macedo/SP,1.0
Recursos hídricos,28,Vazão ecológica para usos ecossistêmicos,2020,,Presente,veryhigh,Muito alto,#F40000,972,Córrego Fundo/MG,1.0
Recursos hídricos,28,Vazão ecológica para usos ecossistêmicos,2020,,Presente,veryhigh,Muito alto,#F40000,973,Córrego Novo/MG,1.0
Recursos hídricos,28,Vazão ecológica para usos ecossistêmicos,2020,,Presente,veryhigh,Muito alto,#F40000,3468,Corrente/PI,1.0
Recursos hídricos,28,Vazão ecológica para usos ecossistêmicos,2020,,Presente,veryhigh,Muito alto,#F40000,4253,Correntes/PE,1.0
Recursos hídricos,28,Vazão ecológica para usos ecossistêmicos,2020,,Presente,veryhigh,Muito alto,#F40000,4254,Cortês/PE,1.0
Recursos hídricos,28,Vazão ecológica para usos ecossistêmicos,2020,,Presente,veryhigh,Muito alto,#F40000,4410,Coruripe/AL,1.0
Recursos hídricos,28,Vazão ecológica para usos ecossistêmicos,2020,,Presente,veryhigh,Muito alto,#F40000,5528,Costa Marques/RO,1.0
Recursos hídricos,28,Vazão ecológica para usos ecossistêmicos,2020,,Presente,veryhigh,Muito alto,#F40000,4647,Cotegipe/BA,1.0
Recursos hídricos,28,Vazão ecológica para usos ecossistêmicos,2020,,Presente,veryhigh,Muito alto,#F40000,1914,Cotia/SP,1.0
Recursos hídricos,28,Vazão ecológica para usos ecossistêmicos,2020,,Presente,veryhigh,Muito alto,#F40000,974,Couto de Magalhães de Minas/MG,1.0
Recursos hídricos,28,Vazão ecológica para usos ecossistêmicos,2020,,Presente,veryhigh,Muito alto,#F40000,221,Coxilha/RS,1.0
Recursos hídricos,28,Vazão ecológica para usos ecossistêmicos,2020,,Presente,veryhigh,Muito alto,#F40000,548,Coxim/MS,1.0
Recursos hídricos,28,Vazão ecológica para usos ecossistêmicos,2020,,Presente,veryhigh,Muito alto,#F40000,4411,Craíbas/AL,1.0
Recursos hídricos,28,Vazão ecológica para usos ecossistêmicos,2020,,Presente,veryhigh,Muito alto,#F40000,3677,Crateús/CE,1.0
Recursos hídricos,28,Vazão ecológica para usos ecossistêmicos,2020,,Presente,veryhigh,Muito alto,#F40000,2427,Criciúma/SC,1.0
Recursos hídricos,28,Vazão ecológica para usos ecossistêmicos,2020,,Presente,veryhigh,Muito alto,#F40000,4649,Crisópolis/BA,1.0
Recursos hídricos,28,Vazão ecológica para usos ecossistêmicos,2020,,Presente,veryhigh,Muito alto,#F40000,3469,Cristalândia do Piauí/PI,1.0
Recursos hídricos,28,Vazão ecológica para usos ecossistêmicos,2020,,Presente,veryhigh,Muito alto,#F40000,977,Cristália/MG,1.0
Recursos hídricos,28,Vazão ecológica para usos ecossistêmicos,2020,,Presente,veryhigh,Muito alto,#F40000,2694,Cristalina/GO,1.0
Recursos hídricos,28,Vazão ecológica para usos ecossistêmicos,2020,,Presente,veryhigh,Muito alto,#F40000,223,Cristal/RS,1.0
Recursos hídricos,28,Vazão ecológica para usos ecossistêmicos,2020,,Presente,veryhigh,Muito alto,#F40000,2695,Cristianópolis/GO,1.0
Recursos hídricos,28,Vazão ecológica para usos ecossistêmicos,2020,,Presente,veryhigh,Muito alto,#F40000,3470,Cristino Castro/PI,1.0
Recursos hídricos,28,Vazão ecológica para usos ecossistêmicos,2020,,Presente,veryhigh,Muito alto,#F40000,3679,Croatá/CE,1.0
Recursos hídricos,28,Vazão ecológica para usos ecossistêmicos,2020,,Presente,veryhigh,Muito alto,#F40000,2696,Cromínia/GO,1.0
Recursos hídricos,28,Vazão ecológica para usos ecossistêmicos,2020,,Presente,veryhigh,Muito alto,#F40000,225,Cruz Alta/RS,1.0
Recursos hídricos,28,Vazão ecológica para usos ecossistêmicos,2020,,Presente,veryhigh,Muito alto,#F40000,4044,Cruz do Espírito Santo/PB,1.0
Recursos hídricos,28,Vazão ecológica para usos ecossistêmicos,2020,,Presente,veryhigh,Muito alto,#F40000,3844,Cruzeta/RN,1.0
Recursos hídricos,28,Vazão ecológica para usos ecossistêmicos,2020,,Presente,veryhigh,Muito alto,#F40000,613,Cuiabá/MT,1.0
Recursos hídricos,28,Vazão ecológica para usos ecossistêmicos,2020,,Presente,veryhigh,Muito alto,#F40000,4048,Cuité de Mamanguape/PB,1.0
Recursos hídricos,28,Vazão ecológica para usos ecossistêmicos,2020,,Presente,veryhigh,Muito alto,#F40000,983,Cuparaque/MG,1.0
Recursos hídricos,28,Vazão ecológica para usos ecossistêmicos,2020,,Presente,veryhigh,Muito alto,#F40000,4652,Curaçá/BA,1.0
Recursos hídricos,28,Vazão ecológica para usos ecossistêmicos,2020,,Presente,veryhigh,Muito alto,#F40000,5340,Curitiba/PR,1.0
Recursos hídricos,28,Vazão ecológica para usos ecossistêmicos,2020,,Presente,veryhigh,Muito alto,#F40000,3474,Curral Novo do Piauí/PI,1.0
Recursos hídricos,28,Vazão ecológica para usos ecossistêmicos,2020,,Presente,veryhigh,Muito alto,#F40000,2972,Curuçá/PA,1.0
Recursos hídricos,28,Vazão ecológica para usos ecossistêmicos,2020,,Presente,veryhigh,Muito alto,#F40000,3250,Cururupu/MA,1.0
Recursos hídricos,28,Vazão ecológica para usos ecossistêmicos,2020,,Presente,veryhigh,Muito alto,#F40000,692,Dário Meira/BA,1.0
Recursos hídricos,28,Vazão ecológica para usos ecossistêmicos,2020,,Presente,veryhigh,Muito alto,#F40000,986,Datas/MG,1.0
Recursos hídricos,28,Vazão ecológica para usos ecossistêmicos,2020,,Presente,veryhigh,Muito alto,#F40000,2700,Davinópolis/GO,1.0
Recursos hídricos,28,Vazão ecológica para usos ecossistêmicos,2020,,Presente,veryhigh,Muito alto,#F40000,988,Delfinópolis/MG,1.0
Recursos hídricos,28,Vazão ecológica para usos ecossistêmicos,2020,,Presente,veryhigh,Muito alto,#F40000,4412,Delmiro Gouveia/AL,1.0
Recursos hídricos,28,Vazão ecológica para usos ecossistêmicos,2020,,Presente,veryhigh,Muito alto,#F40000,989,Delta/MG,1.0
Recursos hídricos,28,Vazão ecológica para usos ecossistêmicos,2020,,Presente,veryhigh,Muito alto,#F40000,615,Denise/MT,1.0
Recursos hídricos,28,Vazão ecológica para usos ecossistêmicos,2020,,Presente,veryhigh,Muito alto,#F40000,229,Derrubadas/RS,1.0
Recursos hídricos,28,Vazão ecológica para usos ecossistêmicos,2020,,Presente,veryhigh,Muito alto,#F40000,51,Descanso/SC,1.0
Recursos hídricos,28,Vazão ecológica para usos ecossistêmicos,2020,,Presente,veryhigh,Muito alto,#F40000,4052,Desterro/PB,1.0
Recursos hídricos,28,Vazão ecológica para usos ecossistêmicos,2020,,Presente,veryhigh,Muito alto,#F40000,993,Diamantina/MG,1.0
Recursos hídricos,28,Vazão ecológica para usos ecossistêmicos,2020,,Presente,veryhigh,Muito alto,#F40000,3092,Dianópolis/TO,1.0
Recursos hídricos,28,Vazão ecológica para usos ecossistêmicos,2020,,Presente,veryhigh,Muito alto,#F40000,231,Dilermando de Aguiar/RS,1.0
Recursos hídricos,28,Vazão ecológica para usos ecossistêmicos,2020,,Presente,veryhigh,Muito alto,#F40000,1627,Divino de São Lourenço/ES,1.0
Recursos hídricos,28,Vazão ecológica para usos ecossistêmicos,2020,,Presente,veryhigh,Muito alto,#F40000,997,Divino/MG,1.0
Recursos hídricos,28,Vazão ecológica para usos ecossistêmicos,2020,,Presente,veryhigh,Muito alto,#F40000,4879,Divinópolis de Goiás/GO,1.0
Recursos hídricos,28,Vazão ecológica para usos ecossistêmicos,2020,,Presente,veryhigh,Muito alto,#F40000,1000,Divinópolis/MG,1.0
Recursos hídricos,28,Vazão ecológica para usos ecossistêmicos,2020,,Presente,veryhigh,Muito alto,#F40000,1926,Dois Córregos/SP,1.0
Recursos hídricos,28,Vazão ecológica para usos ecossistêmicos,2020,,Presente,veryhigh,Muito alto,#F40000,1927,Dolcinópolis/SP,1.0
Recursos hídricos,28,Vazão ecológica para usos ecossistêmicos,2020,,Presente,veryhigh,Muito alto,#F40000,616,Dom Aquino/MT,1.0
Recursos hídricos,28,Vazão ecológica para usos ecossistêmicos,2020,,Presente,veryhigh,Muito alto,#F40000,1004,Dom Bosco/MG,1.0
Recursos hídricos,28,Vazão ecológica para usos ecossistêmicos,2020,,Presente,veryhigh,Muito alto,#F40000,3478,Domingos Mourão/PI,1.0
Recursos hídricos,28,Vazão ecológica para usos ecossistêmicos,2020,,Presente,veryhigh,Muito alto,#F40000,235,Dom Pedrito/RS,1.0
Recursos hídricos,28,Vazão ecológica para usos ecossistêmicos,2020,,Presente,veryhigh,Muito alto,#F40000,1012,Dores do Indaiá/MG,1.0
Recursos hídricos,28,Vazão ecológica para usos ecossistêmicos,2020,,Presente,veryhigh,Muito alto,#F40000,1013,Dores do Turvo/MG,1.0
Recursos hídricos,28,Vazão ecológica para usos ecossistêmicos,2020,,Presente,veryhigh,Muito alto,#F40000,1630,Ecoporanga/ES,1.0
Recursos hídricos,28,Vazão ecológica para usos ecossistêmicos,2020,,Presente,veryhigh,Muito alto,#F40000,2702,Edéia/GO,1.0
Recursos hídricos,28,Vazão ecológica para usos ecossistêmicos,2020,,Presente,veryhigh,Muito alto,#F40000,553,Eldorado/MS,1.0
Recursos hídricos,28,Vazão ecológica para usos ecossistêmicos,2020,,Presente,veryhigh,Muito alto,#F40000,1933,Elias Fausto/SP,1.0
Recursos hídricos,28,Vazão ecológica para usos ecossistêmicos,2020,,Presente,veryhigh,Muito alto,#F40000,1934,Elisiário/SP,1.0
Recursos hídricos,28,Vazão ecológica para usos ecossistêmicos,2020,,Presente,veryhigh,Muito alto,#F40000,1017,Elói Mendes/MG,1.0
Recursos hídricos,28,Vazão ecológica para usos ecossistêmicos,2020,,Presente,veryhigh,Muito alto,#F40000,4057,Emas/PB,1.0
Recursos hídricos,28,Vazão ecológica para usos ecossistêmicos,2020,,Presente,veryhigh,Muito alto,#F40000,1937,Embu-Guaçu/SP,1.0
Recursos hídricos,28,Vazão ecológica para usos ecossistêmicos,2020,,Presente,veryhigh,Muito alto,#F40000,240,Encruzilhada do Sul/RS,1.0
Recursos hídricos,28,Vazão ecológica para usos ecossistêmicos,2020,,Presente,veryhigh,Muito alto,#F40000,5121,Engenheiro Beltrão/PR,1.0
Recursos hídricos,28,Vazão ecológica para usos ecossistêmicos,2020,,Presente,veryhigh,Muito alto,#F40000,1019,Engenheiro Navarro/MG,1.0
Recursos hídricos,28,Vazão ecológica para usos ecossistêmicos,2020,,Presente,veryhigh,Muito alto,#F40000,1021,Entre Rios de Minas/MG,1.0
Recursos hídricos,28,Vazão ecológica para usos ecossistêmicos,2020,,Presente,veryhigh,Muito alto,#F40000,2827,Epitaciolândia/AC,1.0
Recursos hídricos,28,Vazão ecológica para usos ecossistêmicos,2020,,Presente,veryhigh,Muito alto,#F40000,245,Erechim/RS,1.0
Recursos hídricos,28,Vazão ecológica para usos ecossistêmicos,2020,,Presente,veryhigh,Muito alto,#F40000,1022,Ervália/MG,1.0
Recursos hídricos,28,Vazão ecológica para usos ecossistêmicos,2020,,Presente,veryhigh,Muito alto,#F40000,249,Erval Seco/RS,1.0
Recursos hídricos,28,Vazão ecológica para usos ecossistêmicos,2020,,Presente,veryhigh,Muito alto,#F40000,4259,Escada/PE,1.0
Recursos hídricos,28,Vazão ecológica para usos ecossistêmicos,2020,,Presente,veryhigh,Muito alto,#F40000,250,Esperança do Sul/RS,1.0
Recursos hídricos,28,Vazão ecológica para usos ecossistêmicos,2020,,Presente,veryhigh,Muito alto,#F40000,1939,Espírito Santo do Pinhal/SP,1.0
Recursos hídricos,28,Vazão ecológica para usos ecossistêmicos,2020,,Presente,veryhigh,Muito alto,#F40000,1030,Estrela do Sul/MG,1.0
Recursos hídricos,28,Vazão ecológica para usos ecossistêmicos,2020,,Presente,veryhigh,Muito alto,#F40000,4659,Euclides da Cunha/BA,1.0
Recursos hídricos,28,Vazão ecológica para usos ecossistêmicos,2020,,Presente,veryhigh,Muito alto,#F40000,3851,Extremoz/RN,1.0
Recursos hídricos,28,Vazão ecológica para usos ecossistêmicos,2020,,Presente,veryhigh,Muito alto,#F40000,4260,Exu/PE,1.0
Recursos hídricos,28,Vazão ecológica para usos ecossistêmicos,2020,,Presente,veryhigh,Muito alto,#F40000,1035,Faria Lemos/MG,1.0
Recursos hídricos,28,Vazão ecológica para usos ecossistêmicos,2020,,Presente,veryhigh,Muito alto,#F40000,3483,Fartura do Piauí/PI,1.0
Recursos hídricos,28,Vazão ecológica para usos ecossistêmicos,2020,,Presente,veryhigh,Muito alto,#F40000,5342,Fazenda Rio Grande/PR,1.0
Recursos hídricos,28,Vazão ecológica para usos ecossistêmicos,2020,,Presente,veryhigh,Muito alto,#F40000,4661,Feira de Santana/BA,1.0
Recursos hídricos,28,Vazão ecológica para usos ecossistêmicos,2020,,Presente,veryhigh,Muito alto,#F40000,4261,Feira Nova/PE,1.0
Recursos hídricos,28,Vazão ecológica para usos ecossistêmicos,2020,,Presente,veryhigh,Muito alto,#F40000,4508,Feira Nova/SE,1.0
Recursos hídricos,28,Vazão ecológica para usos ecossistêmicos,2020,,Presente,veryhigh,Muito alto,#F40000,1039,Felixlândia/MG,1.0
Recursos hídricos,28,Vazão ecológica para usos ecossistêmicos,2020,,Presente,veryhigh,Muito alto,#F40000,4416,Feliz Deserto/AL,1.0
Recursos hídricos,28,Vazão ecológica para usos ecossistêmicos,2020,,Presente,veryhigh,Muito alto,#F40000,5126,Fênix/PR,1.0
Recursos hídricos,28,Vazão ecológica para usos ecossistêmicos,2020,,Presente,veryhigh,Muito alto,#F40000,5041,Ferreira Gomes/AP,1.0
Recursos hídricos,28,Vazão ecológica para usos ecossistêmicos,2020,,Presente,veryhigh,Muito alto,#F40000,4263,Ferreiros/PE,1.0
Recursos hídricos,28,Vazão ecológica para usos ecossistêmicos,2020,,Presente,veryhigh,Muito alto,#F40000,1041,Ferros/MG,1.0
Recursos hídricos,28,Vazão ecológica para usos ecossistêmicos,2020,,Presente,veryhigh,Muito alto,#F40000,3099,Filadélfia/TO,1.0
Recursos hídricos,28,Vazão ecológica para usos ecossistêmicos,2020,,Presente,veryhigh,Muito alto,#F40000,4417,Flexeiras/AL,1.0
Recursos hídricos,28,Vazão ecológica para usos ecossistêmicos,2020,,Presente,veryhigh,Muito alto,#F40000,55,Flor do Sertão/SC,1.0
Recursos hídricos,28,Vazão ecológica para usos ecossistêmicos,2020,,Presente,veryhigh,Muito alto,#F40000,2975,Floresta do Araguaia/PA,1.0
Recursos hídricos,28,Vazão ecológica para usos ecossistêmicos,2020,,Presente,veryhigh,Muito alto,#F40000,3485,Floresta do Piauí/PI,1.0
Recursos hídricos,28,Vazão ecológica para usos ecossistêmicos,2020,,Presente,veryhigh,Muito alto,#F40000,1043,Florestal/MG,1.0
Recursos hídricos,28,Vazão ecológica para usos ecossistêmicos,2020,,Presente,veryhigh,Muito alto,#F40000,4265,Floresta/PE,1.0
Recursos hídricos,28,Vazão ecológica para usos ecossistêmicos,2020,,Presente,veryhigh,Muito alto,#F40000,3486,Floriano/PI,1.0
Recursos hídricos,28,Vazão ecológica para usos ecossistêmicos,2020,,Presente,veryhigh,Muito alto,#F40000,1949,Florínea/SP,1.0
Recursos hídricos,28,Vazão ecológica para usos ecossistêmicos,2020,,Presente,veryhigh,Muito alto,#F40000,261,Fontoura Xavier/RS,1.0
Recursos hídricos,28,Vazão ecológica para usos ecossistêmicos,2020,,Presente,veryhigh,Muito alto,#F40000,1044,Formiga/MG,1.0
Recursos hídricos,28,Vazão ecológica para usos ecossistêmicos,2020,,Presente,veryhigh,Muito alto,#F40000,4663,Formosa do Rio Preto/BA,1.0
Recursos hídricos,28,Vazão ecológica para usos ecossistêmicos,2020,,Presente,veryhigh,Muito alto,#F40000,56,Formosa do Sul/SC,1.0
Recursos hídricos,28,Vazão ecológica para usos ecossistêmicos,2020,,Presente,veryhigh,Muito alto,#F40000,1045,Formoso/MG,1.0
Recursos hídricos,28,Vazão ecológica para usos ecossistêmicos,2020,,Presente,veryhigh,Muito alto,#F40000,3685,Forquilha/CE,1.0
Recursos hídricos,28,Vazão ecológica para usos ecossistêmicos,2020,,Presente,veryhigh,Muito alto,#F40000,3259,Fortaleza dos Nogueiras/MA,1.0
Recursos hídricos,28,Vazão ecológica para usos ecossistêmicos,2020,,Presente,veryhigh,Muito alto,#F40000,1047,Fortuna de Minas/MG,1.0
Recursos hídricos,28,Vazão ecológica para usos ecossistêmicos,2020,,Presente,veryhigh,Muito alto,#F40000,3487,Francinópolis/PI,1.0
Recursos hídricos,28,Vazão ecológica para usos ecossistêmicos,2020,,Presente,veryhigh,Muito alto,#F40000,3488,Francisco Ayres/PI,1.0
Recursos hídricos,28,Vazão ecológica para usos ecossistêmicos,2020,,Presente,veryhigh,Muito alto,#F40000,1050,Francisco Sá/MG,1.0
Recursos hídricos,28,Vazão ecológica para usos ecossistêmicos,2020,,Presente,veryhigh,Muito alto,#F40000,3490,Francisco Santos/PI,1.0
Recursos hídricos,28,Vazão ecológica para usos ecossistêmicos,2020,,Presente,veryhigh,Muito alto,#F40000,4060,Frei Martinho/PB,1.0
Recursos hídricos,28,Vazão ecológica para usos ecossistêmicos,2020,,Presente,veryhigh,Muito alto,#F40000,4266,Frei Miguelinho/PE,1.0
Recursos hídricos,28,Vazão ecológica para usos ecossistêmicos,2020,,Presente,veryhigh,Muito alto,#F40000,3491,Fronteiras/PI,1.0
Recursos hídricos,28,Vazão ecológica para usos ecossistêmicos,2020,,Presente,veryhigh,Muito alto,#F40000,1058,Frutal/MG,1.0
Recursos hídricos,28,Vazão ecológica para usos ecossistêmicos,2020,,Presente,veryhigh,Muito alto,#F40000,1059,Funilândia/MG,1.0
Recursos hídricos,28,Vazão ecológica para usos ecossistêmicos,2020,,Presente,veryhigh,Muito alto,#F40000,1953,Gabriel Monteiro/SP,1.0
Recursos hídricos,28,Vazão ecológica para usos ecossistêmicos,2020,,Presente,veryhigh,Muito alto,#F40000,1060,Galiléia/MG,1.0
Recursos hídricos,28,Vazão ecológica para usos ecossistêmicos,2020,,Presente,veryhigh,Muito alto,#F40000,2707,Gameleira de Goiás/GO,1.0
Recursos hídricos,28,Vazão ecológica para usos ecossistêmicos,2020,,Presente,veryhigh,Muito alto,#F40000,4267,Gameleira/PE,1.0
Recursos hídricos,28,Vazão ecológica para usos ecossistêmicos,2020,,Presente,veryhigh,Muito alto,#F40000,4268,Garanhuns/PE,1.0
Recursos hídricos,28,Vazão ecológica para usos ecossistêmicos,2020,,Presente,veryhigh,Muito alto,#F40000,4510,Gararu/SE,1.0
Recursos hídricos,28,Vazão ecológica para usos ecossistêmicos,2020,,Presente,veryhigh,Muito alto,#F40000,267,Garruchos/RS,1.0
Recursos hídricos,28,Vazão ecológica para usos ecossistêmicos,2020,,Presente,veryhigh,Muito alto,#F40000,1956,Gastão Vidigal/SP,1.0
Recursos hídricos,28,Vazão ecológica para usos ecossistêmicos,2020,,Presente,veryhigh,Muito alto,#F40000,4666,Gentio do Ouro/BA,1.0
Recursos hídricos,28,Vazão ecológica para usos ecossistêmicos,2020,,Presente,veryhigh,Muito alto,#F40000,1959,Getulina/SP,1.0
Recursos hídricos,28,Vazão ecológica para usos ecossistêmicos,2020,,Presente,veryhigh,Muito alto,#F40000,4418,Girau do Ponciano/AL,1.0
Recursos hídricos,28,Vazão ecológica para usos ecossistêmicos,2020,,Presente,veryhigh,Muito alto,#F40000,1062,Glaucilândia/MG,1.0
Recursos hídricos,28,Vazão ecológica para usos ecossistêmicos,2020,,Presente,veryhigh,Muito alto,#F40000,1960,Glicério/SP,1.0
Recursos hídricos,28,Vazão ecológica para usos ecossistêmicos,2020,,Presente,veryhigh,Muito alto,#F40000,4269,Glória do Goitá/PE,1.0
Recursos hídricos,28,Vazão ecológica para usos ecossistêmicos,2020,,Presente,veryhigh,Muito alto,#F40000,3261,Godofredo Viana/MA,1.0
Recursos hídricos,28,Vazão ecológica para usos ecossistêmicos,2020,,Presente,veryhigh,Muito alto,#F40000,1063,Goiabeira/MG,1.0
Recursos hídricos,28,Vazão ecológica para usos ecossistêmicos,2020,,Presente,veryhigh,Muito alto,#F40000,4270,Goiana/PE,1.0
Recursos hídricos,28,Vazão ecológica para usos ecossistêmicos,2020,,Presente,veryhigh,Muito alto,#F40000,2708,Goianápolis/GO,1.0
Recursos hídricos,28,Vazão ecológica para usos ecossistêmicos,2020,,Presente,veryhigh,Muito alto,#F40000,2709,Goiandira/GO,1.0
Recursos hídricos,28,Vazão ecológica para usos ecossistêmicos,2020,,Presente,veryhigh,Muito alto,#F40000,2711,Goiânia/GO,1.0
Recursos hídricos,28,Vazão ecológica para usos ecossistêmicos,2020,,Presente,veryhigh,Muito alto,#F40000,2712,Goianira/GO,1.0
Recursos hídricos,28,Vazão ecológica para usos ecossistêmicos,2020,,Presente,veryhigh,Muito alto,#F40000,1067,Gouveia/MG,1.0
Recursos hídricos,28,Vazão ecológica para usos ecossistêmicos,2020,,Presente,veryhigh,Muito alto,#F40000,3268,Governador Nunes Freire/MA,1.0
Recursos hídricos,28,Vazão ecológica para usos ecossistêmicos,2020,,Presente,veryhigh,Muito alto,#F40000,1068,Governador Valadares/MG,1.0
Recursos hídricos,28,Vazão ecológica para usos ecossistêmicos,2020,,Presente,veryhigh,Muito alto,#F40000,5447,Grandes Rios/PR,1.0
Recursos hídricos,28,Vazão ecológica para usos ecossistêmicos,2020,,Presente,veryhigh,Muito alto,#F40000,4271,Granito/PE,1.0
Recursos hídricos,28,Vazão ecológica para usos ecossistêmicos,2020,,Presente,veryhigh,Muito alto,#F40000,1069,Grão Mogol/MG,1.0
Recursos hídricos,28,Vazão ecológica para usos ecossistêmicos,2020,,Presente,veryhigh,Muito alto,#F40000,2441,Gravatal/SC,1.0
Recursos hídricos,28,Vazão ecológica para usos ecossistêmicos,2020,,Presente,veryhigh,Muito alto,#F40000,4272,Gravatá/PE,1.0
Recursos hídricos,28,Vazão ecológica para usos ecossistêmicos,2020,,Presente,veryhigh,Muito alto,#F40000,2442,Guabiruba/SC,1.0
Recursos hídricos,28,Vazão ecológica para usos ecossistêmicos,2020,,Presente,veryhigh,Muito alto,#F40000,1962,Guaimbê/SP,1.0
Recursos hídricos,28,Vazão ecológica para usos ecossistêmicos,2020,,Presente,veryhigh,Muito alto,#F40000,1072,Guapé/MG,1.0
Recursos hídricos,28,Vazão ecológica para usos ecossistêmicos,2020,,Presente,veryhigh,Muito alto,#F40000,5346,Guapirama/PR,1.0
Recursos hídricos,28,Vazão ecológica para usos ecossistêmicos,2020,,Presente,veryhigh,Muito alto,#F40000,5140,Guaporema/PR,1.0
Recursos hídricos,28,Vazão ecológica para usos ecossistêmicos,2020,,Presente,veryhigh,Muito alto,#F40000,1967,Guaraci/SP,1.0
Recursos hídricos,28,Vazão ecológica para usos ecossistêmicos,2020,,Presente,veryhigh,Muito alto,#F40000,277,Guarani das Missões/RS,1.0
Recursos hídricos,28,Vazão ecológica para usos ecossistêmicos,2020,,Presente,veryhigh,Muito alto,#F40000,4880,Guarani de Goiás/GO,1.0
Recursos hídricos,28,Vazão ecológica para usos ecossistêmicos,2020,,Presente,veryhigh,Muito alto,#F40000,1968,Guarani d'Oeste/SP,1.0
Recursos hídricos,28,Vazão ecológica para usos ecossistêmicos,2020,,Presente,veryhigh,Muito alto,#F40000,1076,Guarani/MG,1.0
Recursos hídricos,28,Vazão ecológica para usos ecossistêmicos,2020,,Presente,veryhigh,Muito alto,#F40000,2901,Guarantã do Norte/MT,1.0
Recursos hídricos,28,Vazão ecológica para usos ecossistêmicos,2020,,Presente,veryhigh,Muito alto,#F40000,1969,Guarantã/SP,1.0
Recursos hídricos,28,Vazão ecológica para usos ecossistêmicos,2020,,Presente,veryhigh,Muito alto,#F40000,1634,Guarapari/ES,1.0
Recursos hídricos,28,Vazão ecológica para usos ecossistêmicos,2020,,Presente,veryhigh,Muito alto,#F40000,5347,Guaraqueçaba/PR,1.0
Recursos hídricos,28,Vazão ecológica para usos ecossistêmicos,2020,,Presente,veryhigh,Muito alto,#F40000,1970,Guararapes/SP,1.0
Recursos hídricos,28,Vazão ecológica para usos ecossistêmicos,2020,,Presente,veryhigh,Muito alto,#F40000,1974,Guariba/SP,1.0
Recursos hídricos,28,Vazão ecológica para usos ecossistêmicos,2020,,Presente,veryhigh,Muito alto,#F40000,3271,Guimarães/MA,1.0
Recursos hídricos,28,Vazão ecológica para usos ecossistêmicos,2020,,Presente,veryhigh,Muito alto,#F40000,1081,Guimarânia/MG,1.0
Recursos hídricos,28,Vazão ecológica para usos ecossistêmicos,2020,,Presente,veryhigh,Muito alto,#F40000,620,Guiratinga/MT,1.0
Recursos hídricos,28,Vazão ecológica para usos ecossistêmicos,2020,,Presente,veryhigh,Muito alto,#F40000,1083,Gurinhatã/MG,1.0
Recursos hídricos,28,Vazão ecológica para usos ecossistêmicos,2020,,Presente,veryhigh,Muito alto,#F40000,4063,Gurinhém/PB,1.0
Recursos hídricos,28,Vazão ecológica para usos ecossistêmicos,2020,,Presente,veryhigh,Muito alto,#F40000,5032,Gurupá/PA,1.0
Recursos hídricos,28,Vazão ecológica para usos ecossistêmicos,2020,,Presente,veryhigh,Muito alto,#F40000,1979,Herculândia/SP,1.0
Recursos hídricos,28,Vazão ecológica para usos ecossistêmicos,2020,,Presente,veryhigh,Muito alto,#F40000,2720,Hidrolândia/GO,1.0
Recursos hídricos,28,Vazão ecológica para usos ecossistêmicos,2020,,Presente,veryhigh,Muito alto,#F40000,279,Horizontina/RS,1.0
Recursos hídricos,28,Vazão ecológica para usos ecossistêmicos,2020,,Presente,veryhigh,Muito alto,#F40000,1981,Hortolândia/SP,1.0
Recursos hídricos,28,Vazão ecológica para usos ecossistêmicos,2020,,Presente,veryhigh,Muito alto,#F40000,1085,Iapu/MG,1.0
Recursos hídricos,28,Vazão ecológica para usos ecossistêmicos,2020,,Presente,veryhigh,Muito alto,#F40000,1985,Ibaté/SP,1.0
Recursos hídricos,28,Vazão ecológica para usos ecossistêmicos,2020,,Presente,veryhigh,Muito alto,#F40000,1086,Ibertioga/MG,1.0
Recursos hídricos,28,Vazão ecológica para usos ecossistêmicos,2020,,Presente,veryhigh,Muito alto,#F40000,283,Ibiaçá/RS,1.0
Recursos hídricos,28,Vazão ecológica para usos ecossistêmicos,2020,,Presente,veryhigh,Muito alto,#F40000,1088,Ibiaí/MG,1.0
Recursos hídricos,28,Vazão ecológica para usos ecossistêmicos,2020,,Presente,veryhigh,Muito alto,#F40000,1087,Ibiá/MG,1.0
Recursos hídricos,28,Vazão ecológica para usos ecossistêmicos,2020,,Presente,veryhigh,Muito alto,#F40000,4992,Ibiassucê/BA,1.0
Recursos hídricos,28,Vazão ecológica para usos ecossistêmicos,2020,,Presente,veryhigh,Muito alto,#F40000,700,Ibicuí/BA,1.0
Recursos hídricos,28,Vazão ecológica para usos ecossistêmicos,2020,,Presente,veryhigh,Muito alto,#F40000,4993,Ibirapitanga/BA,1.0
Recursos hídricos,28,Vazão ecológica para usos ecossistêmicos,2020,,Presente,veryhigh,Muito alto,#F40000,1989,Ibiúna/SP,1.0
Recursos hídricos,28,Vazão ecológica para usos ecossistêmicos,2020,,Presente,veryhigh,Muito alto,#F40000,1094,Icaraí de Minas/MG,1.0
Recursos hídricos,28,Vazão ecológica para usos ecossistêmicos,2020,,Presente,veryhigh,Muito alto,#F40000,2446,Içara/SC,1.0
Recursos hídricos,28,Vazão ecológica para usos ecossistêmicos,2020,,Presente,veryhigh,Muito alto,#F40000,1990,Icém/SP,1.0
Recursos hídricos,28,Vazão ecológica para usos ecossistêmicos,2020,,Presente,veryhigh,Muito alto,#F40000,4420,Igaci/AL,1.0
Recursos hídricos,28,Vazão ecológica para usos ecossistêmicos,2020,,Presente,veryhigh,Muito alto,#F40000,1992,Igaraçu do Tietê/SP,1.0
Recursos hídricos,28,Vazão ecológica para usos ecossistêmicos,2020,,Presente,veryhigh,Muito alto,#F40000,4014,Igaracy/PB,1.0
Recursos hídricos,28,Vazão ecológica para usos ecossistêmicos,2020,,Presente,veryhigh,Muito alto,#F40000,1095,Igarapé/MG,1.0
Recursos hídricos,28,Vazão ecológica para usos ecossistêmicos,2020,,Presente,veryhigh,Muito alto,#F40000,1994,Igaratá/SP,1.0
Recursos hídricos,28,Vazão ecológica para usos ecossistêmicos,2020,,Presente,veryhigh,Muito alto,#F40000,4421,Igreja Nova/AL,1.0
Recursos hídricos,28,Vazão ecológica para usos ecossistêmicos,2020,,Presente,veryhigh,Muito alto,#F40000,5146,Iguaraçu/PR,1.0
Recursos hídricos,28,Vazão ecológica para usos ecossistêmicos,2020,,Presente,veryhigh,Muito alto,#F40000,4277,Iguaracy/PE,1.0
Recursos hídricos,28,Vazão ecológica para usos ecossistêmicos,2020,,Presente,veryhigh,Muito alto,#F40000,287,Ijuí/RS,1.0
Recursos hídricos,28,Vazão ecológica para usos ecossistêmicos,2020,,Presente,veryhigh,Muito alto,#F40000,2447,Ilhota/SC,1.0
Recursos hídricos,28,Vazão ecológica para usos ecossistêmicos,2020,,Presente,veryhigh,Muito alto,#F40000,1099,Ilicínea/MG,1.0
Recursos hídricos,28,Vazão ecológica para usos ecossistêmicos,2020,,Presente,veryhigh,Muito alto,#F40000,2448,Imaruí/SC,1.0
Recursos hídricos,28,Vazão ecológica para usos ecossistêmicos,2020,,Presente,veryhigh,Muito alto,#F40000,3276,Imperatriz/MA,1.0
Recursos hídricos,28,Vazão ecológica para usos ecossistêmicos,2020,,Presente,veryhigh,Muito alto,#F40000,2722,Inaciolândia/GO,1.0
Recursos hídricos,28,Vazão ecológica para usos ecossistêmicos,2020,,Presente,veryhigh,Muito alto,#F40000,3705,Independência/CE,1.0
Recursos hídricos,28,Vazão ecológica para usos ecossistêmicos,2020,,Presente,veryhigh,Muito alto,#F40000,290,Independência/RS,1.0
Recursos hídricos,28,Vazão ecológica para usos ecossistêmicos,2020,,Presente,veryhigh,Muito alto,#F40000,4422,Inhapi/AL,1.0
Recursos hídricos,28,Vazão ecológica para usos ecossistêmicos,2020,,Presente,veryhigh,Muito alto,#F40000,1105,Inhapim/MG,1.0
Recursos hídricos,28,Vazão ecológica para usos ecossistêmicos,2020,,Presente,veryhigh,Muito alto,#F40000,1107,Inimutaba/MG,1.0
Recursos hídricos,28,Vazão ecológica para usos ecossistêmicos,2020,,Presente,veryhigh,Muito alto,#F40000,2725,Ipameri/GO,1.0
Recursos hídricos,28,Vazão ecológica para usos ecossistêmicos,2020,,Presente,veryhigh,Muito alto,#F40000,3706,Ipaporanga/CE,1.0
Recursos hídricos,28,Vazão ecológica para usos ecossistêmicos,2020,,Presente,veryhigh,Muito alto,#F40000,4685,Ipirá/BA,1.0
Recursos hídricos,28,Vazão ecológica para usos ecossistêmicos,2020,,Presente,veryhigh,Muito alto,#F40000,292,Ipiranga do Sul/RS,1.0
Recursos hídricos,28,Vazão ecológica para usos ecossistêmicos,2020,,Presente,veryhigh,Muito alto,#F40000,2981,Ipixuna do Pará/PA,1.0
Recursos hídricos,28,Vazão ecológica para usos ecossistêmicos,2020,,Presente,veryhigh,Muito alto,#F40000,4280,Ipojuca/PE,1.0
Recursos hídricos,28,Vazão ecológica para usos ecossistêmicos,2020,,Presente,veryhigh,Muito alto,#F40000,62,Iporã do Oeste/SC,1.0
Recursos hídricos,28,Vazão ecológica para usos ecossistêmicos,2020,,Presente,veryhigh,Muito alto,#F40000,3709,Ipueiras/CE,1.0
Recursos hídricos,28,Vazão ecológica para usos ecossistêmicos,2020,,Presente,veryhigh,Muito alto,#F40000,1112,Ipuiúna/MG,1.0
Recursos hídricos,28,Vazão ecológica para usos ecossistêmicos,2020,,Presente,veryhigh,Muito alto,#F40000,2008,Iracemápolis/SP,1.0
Recursos hídricos,28,Vazão ecológica para usos ecossistêmicos,2020,,Presente,veryhigh,Muito alto,#F40000,1113,Iraí de Minas/MG,1.0
Recursos hídricos,28,Vazão ecológica para usos ecossistêmicos,2020,,Presente,veryhigh,Muito alto,#F40000,66,Irani/SC,1.0
Recursos hídricos,28,Vazão ecológica para usos ecossistêmicos,2020,,Presente,veryhigh,Muito alto,#F40000,2009,Irapuã/SP,1.0
Recursos hídricos,28,Vazão ecológica para usos ecossistêmicos,2020,,Presente,veryhigh,Muito alto,#F40000,4689,Iraquara/BA,1.0
Recursos hídricos,28,Vazão ecológica para usos ecossistêmicos,2020,,Presente,veryhigh,Muito alto,#F40000,3500,Isaías Coelho/PI,1.0
Recursos hídricos,28,Vazão ecológica para usos ecossistêmicos,2020,,Presente,veryhigh,Muito alto,#F40000,294,Itaara/RS,1.0
Recursos hídricos,28,Vazão ecológica para usos ecossistêmicos,2020,,Presente,veryhigh,Muito alto,#F40000,4068,Itabaiana/PB,1.0
Recursos hídricos,28,Vazão ecológica para usos ecossistêmicos,2020,,Presente,veryhigh,Muito alto,#F40000,4692,Itaberaba/BA,1.0
Recursos hídricos,28,Vazão ecológica para usos ecossistêmicos,2020,,Presente,veryhigh,Muito alto,#F40000,2010,Itaberá/SP,1.0
Recursos hídricos,28,Vazão ecológica para usos ecossistêmicos,2020,,Presente,veryhigh,Muito alto,#F40000,1114,Itabira/MG,1.0
Recursos hídricos,28,Vazão ecológica para usos ecossistêmicos,2020,,Presente,veryhigh,Muito alto,#F40000,1116,Itabirito/MG,1.0
Recursos hídricos,28,Vazão ecológica para usos ecossistêmicos,2020,,Presente,veryhigh,Muito alto,#F40000,4517,Itabi/SE,1.0
Recursos hídricos,28,Vazão ecológica para usos ecossistêmicos,2020,,Presente,veryhigh,Muito alto,#F40000,705,Itabuna/BA,1.0
Recursos hídricos,28,Vazão ecológica para usos ecossistêmicos,2020,,Presente,veryhigh,Muito alto,#F40000,1117,Itacambira/MG,1.0
Recursos hídricos,28,Vazão ecológica para usos ecossistêmicos,2020,,Presente,veryhigh,Muito alto,#F40000,1118,Itacarambi/MG,1.0
Recursos hídricos,28,Vazão ecológica para usos ecossistêmicos,2020,,Presente,veryhigh,Muito alto,#F40000,4995,Itagi/BA,1.0
Recursos hídricos,28,Vazão ecológica para usos ecossistêmicos,2020,,Presente,veryhigh,Muito alto,#F40000,4996,Itagibá/BA,1.0
Recursos hídricos,28,Vazão ecológica para usos ecossistêmicos,2020,,Presente,veryhigh,Muito alto,#F40000,4694,Itaguaçu da Bahia/BA,1.0
Recursos hídricos,28,Vazão ecológica para usos ecossistêmicos,2020,,Presente,veryhigh,Muito alto,#F40000,1119,Itaguara/MG,1.0
Recursos hídricos,28,Vazão ecológica para usos ecossistêmicos,2020,,Presente,veryhigh,Muito alto,#F40000,3501,Itainópolis/PI,1.0
Recursos hídricos,28,Vazão ecológica para usos ecossistêmicos,2020,,Presente,veryhigh,Muito alto,#F40000,1121,Itajubá/MG,1.0
Recursos hídricos,28,Vazão ecológica para usos ecossistêmicos,2020,,Presente,veryhigh,Muito alto,#F40000,2013,Itaju/SP,1.0
Recursos hídricos,28,Vazão ecológica para usos ecossistêmicos,2020,,Presente,veryhigh,Muito alto,#F40000,709,Itamaraju/BA,1.0
Recursos hídricos,28,Vazão ecológica para usos ecossistêmicos,2020,,Presente,veryhigh,Muito alto,#F40000,1122,Itamarandiba/MG,1.0
Recursos hídricos,28,Vazão ecológica para usos ecossistêmicos,2020,,Presente,veryhigh,Muito alto,#F40000,1124,Itambacuri/MG,1.0
Recursos hídricos,28,Vazão ecológica para usos ecossistêmicos,2020,,Presente,veryhigh,Muito alto,#F40000,710,Itambé/BA,1.0
Recursos hídricos,28,Vazão ecológica para usos ecossistêmicos,2020,,Presente,veryhigh,Muito alto,#F40000,4285,Itambé/PE,1.0
Recursos hídricos,28,Vazão ecológica para usos ecossistêmicos,2020,,Presente,veryhigh,Muito alto,#F40000,711,Itanhém/BA,1.0
Recursos hídricos,28,Vazão ecológica para usos ecossistêmicos,2020,,Presente,veryhigh,Muito alto,#F40000,1131,Itapagipe/MG,1.0
Recursos hídricos,28,Vazão ecológica para usos ecossistêmicos,2020,,Presente,veryhigh,Muito alto,#F40000,5357,Itaperuçu/PR,1.0
Recursos hídricos,28,Vazão ecológica para usos ecossistêmicos,2020,,Presente,veryhigh,Muito alto,#F40000,1716,Itaperuna/RJ,1.0
Recursos hídricos,28,Vazão ecológica para usos ecossistêmicos,2020,,Presente,veryhigh,Muito alto,#F40000,2018,Itapeva/SP,1.0
Recursos hídricos,28,Vazão ecológica para usos ecossistêmicos,2020,,Presente,veryhigh,Muito alto,#F40000,4698,Itapicuru/BA,1.0
Recursos hídricos,28,Vazão ecológica para usos ecossistêmicos,2020,,Presente,veryhigh,Muito alto,#F40000,69,Itapiranga/SC,1.0
Recursos hídricos,28,Vazão ecológica para usos ecossistêmicos,2020,,Presente,veryhigh,Muito alto,#F40000,4287,Itapissuma/PE,1.0
Recursos hídricos,28,Vazão ecológica para usos ecossistêmicos,2020,,Presente,veryhigh,Muito alto,#F40000,715,Itapitanga/BA,1.0
Recursos hídricos,28,Vazão ecológica para usos ecossistêmicos,2020,,Presente,veryhigh,Muito alto,#F40000,560,Itaporã/MS,1.0
Recursos hídricos,28,Vazão ecológica para usos ecossistêmicos,2020,,Presente,veryhigh,Muito alto,#F40000,2023,Itaporanga/SP,1.0
Recursos hídricos,28,Vazão ecológica para usos ecossistêmicos,2020,,Presente,veryhigh,Muito alto,#F40000,2024,Itapuí/SP,1.0
Recursos hídricos,28,Vazão ecológica para usos ecossistêmicos,2020,,Presente,veryhigh,Muito alto,#F40000,297,Itaqui/RS,1.0
Recursos hídricos,28,Vazão ecológica para usos ecossistêmicos,2020,,Presente,veryhigh,Muito alto,#F40000,4288,Itaquitinga/PE,1.0
Recursos hídricos,28,Vazão ecológica para usos ecossistêmicos,2020,,Presente,veryhigh,Muito alto,#F40000,1642,Itarana/ES,1.0
Recursos hídricos,28,Vazão ecológica para usos ecossistêmicos,2020,,Presente,veryhigh,Muito alto,#F40000,2028,Itatiba/SP,1.0
Recursos hídricos,28,Vazão ecológica para usos ecossistêmicos,2020,,Presente,veryhigh,Muito alto,#F40000,2029,Itatinga/SP,1.0
Recursos hídricos,28,Vazão ecológica para usos ecossistêmicos,2020,,Presente,veryhigh,Muito alto,#F40000,3279,Itinga do Maranhão/MA,1.0
Recursos hídricos,28,Vazão ecológica para usos ecossistêmicos,2020,,Presente,veryhigh,Muito alto,#F40000,2030,Itirapina/SP,1.0
Recursos hídricos,28,Vazão ecológica para usos ecossistêmicos,2020,,Presente,veryhigh,Muito alto,#F40000,4702,Itiúba/BA,1.0
Recursos hídricos,28,Vazão ecológica para usos ecossistêmicos,2020,,Presente,veryhigh,Muito alto,#F40000,1139,Itueta/MG,1.0
Recursos hídricos,28,Vazão ecológica para usos ecossistêmicos,2020,,Presente,veryhigh,Muito alto,#F40000,1140,Ituiutaba/MG,1.0
Recursos hídricos,28,Vazão ecológica para usos ecossistêmicos,2020,,Presente,veryhigh,Muito alto,#F40000,2735,Itumbiara/GO,1.0
Recursos hídricos,28,Vazão ecológica para usos ecossistêmicos,2020,,Presente,veryhigh,Muito alto,#F40000,2034,Itupeva/SP,1.0
Recursos hídricos,28,Vazão ecológica para usos ecossistêmicos,2020,,Presente,veryhigh,Muito alto,#F40000,4997,Iuiu/BA,1.0
Recursos hídricos,28,Vazão ecológica para usos ecossistêmicos,2020,,Presente,veryhigh,Muito alto,#F40000,5158,Ivaiporã/PR,1.0
Recursos hídricos,28,Vazão ecológica para usos ecossistêmicos,2020,,Presente,veryhigh,Muito alto,#F40000,4289,Jaboatão dos Guararapes/PE,1.0
Recursos hídricos,28,Vazão ecológica para usos ecossistêmicos,2020,,Presente,veryhigh,Muito alto,#F40000,1144,Jaboticatubas/MG,1.0
Recursos hídricos,28,Vazão ecológica para usos ecossistêmicos,2020,,Presente,veryhigh,Muito alto,#F40000,718,Jacaraci/BA,1.0
Recursos hídricos,28,Vazão ecológica para usos ecossistêmicos,2020,,Presente,veryhigh,Muito alto,#F40000,1145,Jacinto/MG,1.0
Recursos hídricos,28,Vazão ecológica para usos ecossistêmicos,2020,,Presente,veryhigh,Muito alto,#F40000,4424,Jacuípe/AL,1.0
Recursos hídricos,28,Vazão ecológica para usos ecossistêmicos,2020,,Presente,veryhigh,Muito alto,#F40000,1147,Jacutinga/MG,1.0
Recursos hídricos,28,Vazão ecológica para usos ecossistêmicos,2020,,Presente,veryhigh,Muito alto,#F40000,4707,Jaguarari/BA,1.0
Recursos hídricos,28,Vazão ecológica para usos ecossistêmicos,2020,,Presente,veryhigh,Muito alto,#F40000,304,Jaguari/RS,1.0
Recursos hídricos,28,Vazão ecológica para usos ecossistêmicos,2020,,Presente,veryhigh,Muito alto,#F40000,2041,Jaguariúna/SP,1.0
Recursos hídricos,28,Vazão ecológica para usos ecossistêmicos,2020,,Presente,veryhigh,Muito alto,#F40000,1149,Jaíba/MG,1.0
Recursos hídricos,28,Vazão ecológica para usos ecossistêmicos,2020,,Presente,veryhigh,Muito alto,#F40000,1150,Jampruca/MG,1.0
Recursos hídricos,28,Vazão ecológica para usos ecossistêmicos,2020,,Presente,veryhigh,Muito alto,#F40000,1151,Janaúba/MG,1.0
Recursos hídricos,28,Vazão ecológica para usos ecossistêmicos,2020,,Presente,veryhigh,Muito alto,#F40000,4709,Jandaíra/BA,1.0
Recursos hídricos,28,Vazão ecológica para usos ecossistêmicos,2020,,Presente,veryhigh,Muito alto,#F40000,1152,Januária/MG,1.0
Recursos hídricos,28,Vazão ecológica para usos ecossistêmicos,2020,,Presente,veryhigh,Muito alto,#F40000,5362,Japira/PR,1.0
Recursos hídricos,28,Vazão ecológica para usos ecossistêmicos,2020,,Presente,veryhigh,Muito alto,#F40000,4520,Japoatã/SE,1.0
Recursos hídricos,28,Vazão ecológica para usos ecossistêmicos,2020,,Presente,veryhigh,Muito alto,#F40000,4290,Jaqueira/PE,1.0
Recursos hídricos,28,Vazão ecológica para usos ecossistêmicos,2020,,Presente,veryhigh,Muito alto,#F40000,564,Jaraguari/MS,1.0
Recursos hídricos,28,Vazão ecológica para usos ecossistêmicos,2020,,Presente,veryhigh,Muito alto,#F40000,3723,Jardim/CE,1.0
Recursos hídricos,28,Vazão ecológica para usos ecossistêmicos,2020,,Presente,veryhigh,Muito alto,#F40000,3873,Jardim de Piranhas/RN,1.0
Recursos hídricos,28,Vazão ecológica para usos ecossistêmicos,2020,,Presente,veryhigh,Muito alto,#F40000,3505,Jardim do Mulato/PI,1.0
Recursos hídricos,28,Vazão ecológica para usos ecossistêmicos,2020,,Presente,veryhigh,Muito alto,#F40000,3874,Jardim do Seridó/RN,1.0
Recursos hídricos,28,Vazão ecológica para usos ecossistêmicos,2020,,Presente,veryhigh,Muito alto,#F40000,565,Jardim/MS,1.0
Recursos hídricos,28,Vazão ecológica para usos ecossistêmicos,2020,,Presente,veryhigh,Muito alto,#F40000,305,Jari/RS,1.0
Recursos hídricos,28,Vazão ecológica para usos ecossistêmicos,2020,,Presente,veryhigh,Muito alto,#F40000,5531,Jaru/RO,1.0
Recursos hídricos,28,Vazão ecológica para usos ecossistêmicos,2020,,Presente,veryhigh,Muito alto,#F40000,566,Jateí/MS,1.0
Recursos hídricos,28,Vazão ecológica para usos ecossistêmicos,2020,,Presente,veryhigh,Muito alto,#F40000,3506,Jatobá do Piauí/PI,1.0
Recursos hídricos,28,Vazão ecológica para usos ecossistêmicos,2020,,Presente,veryhigh,Muito alto,#F40000,2047,Jaú/SP,1.0
Recursos hídricos,28,Vazão ecológica para usos ecossistêmicos,2020,,Presente,veryhigh,Muito alto,#F40000,4427,Jequiá da Praia/AL,1.0
Recursos hídricos,28,Vazão ecológica para usos ecossistêmicos,2020,,Presente,veryhigh,Muito alto,#F40000,4999,Jequié/BA,1.0
Recursos hídricos,28,Vazão ecológica para usos ecossistêmicos,2020,,Presente,veryhigh,Muito alto,#F40000,4710,Jeremoabo/BA,1.0
Recursos hídricos,28,Vazão ecológica para usos ecossistêmicos,2020,,Presente,veryhigh,Muito alto,#F40000,4073,Jericó/PB,1.0
Recursos hídricos,28,Vazão ecológica para usos ecossistêmicos,2020,,Presente,veryhigh,Muito alto,#F40000,1645,Jerônimo Monteiro/ES,1.0
Recursos hídricos,28,Vazão ecológica para usos ecossistêmicos,2020,,Presente,veryhigh,Muito alto,#F40000,3507,Jerumenha/PI,1.0
Recursos hídricos,28,Vazão ecológica para usos ecossistêmicos,2020,,Presente,veryhigh,Muito alto,#F40000,1164,João Monlevade/MG,1.0
Recursos hídricos,28,Vazão ecológica para usos ecossistêmicos,2020,,Presente,veryhigh,Muito alto,#F40000,2050,João Ramalho/SP,1.0
Recursos hídricos,28,Vazão ecológica para usos ecossistêmicos,2020,,Presente,veryhigh,Muito alto,#F40000,1166,Joaquim Felício/MG,1.0
Recursos hídricos,28,Vazão ecológica para usos ecossistêmicos,2020,,Presente,veryhigh,Muito alto,#F40000,4428,Joaquim Gomes/AL,1.0
Recursos hídricos,28,Vazão ecológica para usos ecossistêmicos,2020,,Presente,veryhigh,Muito alto,#F40000,4294,Joaquim Nabuco/PE,1.0
Recursos hídricos,28,Vazão ecológica para usos ecossistêmicos,2020,,Presente,veryhigh,Muito alto,#F40000,2462,Joinville/SC,1.0
Recursos hídricos,28,Vazão ecológica para usos ecossistêmicos,2020,,Presente,veryhigh,Muito alto,#F40000,2463,José Boiteux/SC,1.0
Recursos hídricos,28,Vazão ecológica para usos ecossistêmicos,2020,,Presente,veryhigh,Muito alto,#F40000,2051,José Bonifácio/SP,1.0
Recursos hídricos,28,Vazão ecológica para usos ecossistêmicos,2020,,Presente,veryhigh,Muito alto,#F40000,3511,José de Freitas/PI,1.0
Recursos hídricos,28,Vazão ecológica para usos ecossistêmicos,2020,,Presente,veryhigh,Muito alto,#F40000,1168,José Gonçalves de Minas/MG,1.0
Recursos hídricos,28,Vazão ecológica para usos ecossistêmicos,2020,,Presente,veryhigh,Muito alto,#F40000,1170,Josenópolis/MG,1.0
Recursos hídricos,28,Vazão ecológica para usos ecossistêmicos,2020,,Presente,veryhigh,Muito alto,#F40000,2741,Joviânia/GO,1.0
Recursos hídricos,28,Vazão ecológica para usos ecossistêmicos,2020,,Presente,veryhigh,Muito alto,#F40000,2905,Juara/MT,1.0
Recursos hídricos,28,Vazão ecológica para usos ecossistêmicos,2020,,Presente,veryhigh,Muito alto,#F40000,1172,Juatuba/MG,1.0
Recursos hídricos,28,Vazão ecológica para usos ecossistêmicos,2020,,Presente,veryhigh,Muito alto,#F40000,4714,Juazeiro/BA,1.0
Recursos hídricos,28,Vazão ecológica para usos ecossistêmicos,2020,,Presente,veryhigh,Muito alto,#F40000,3512,Juazeiro do Piauí/PI,1.0
Recursos hídricos,28,Vazão ecológica para usos ecossistêmicos,2020,,Presente,veryhigh,Muito alto,#F40000,719,Jucuruçu/BA,1.0
Recursos hídricos,28,Vazão ecológica para usos ecossistêmicos,2020,,Presente,veryhigh,Muito alto,#F40000,307,Júlio de Castilhos/RS,1.0
Recursos hídricos,28,Vazão ecológica para usos ecossistêmicos,2020,,Presente,veryhigh,Muito alto,#F40000,3879,Jundiá/RN,1.0
Recursos hídricos,28,Vazão ecológica para usos ecossistêmicos,2020,,Presente,veryhigh,Muito alto,#F40000,2055,Juquiá/SP,1.0
Recursos hídricos,28,Vazão ecológica para usos ecossistêmicos,2020,,Presente,veryhigh,Muito alto,#F40000,1174,Juramento/MG,1.0
Recursos hídricos,28,Vazão ecológica para usos ecossistêmicos,2020,,Presente,veryhigh,Muito alto,#F40000,4297,Jurema/PE,1.0
Recursos hídricos,28,Vazão ecológica para usos ecossistêmicos,2020,,Presente,veryhigh,Muito alto,#F40000,3514,Jurema/PI,1.0
Recursos hídricos,28,Vazão ecológica para usos ecossistêmicos,2020,,Presente,veryhigh,Muito alto,#F40000,4078,Juripiranga/PB,1.0
Recursos hídricos,28,Vazão ecológica para usos ecossistêmicos,2020,,Presente,veryhigh,Muito alto,#F40000,720,Jussari/BA,1.0
Recursos hídricos,28,Vazão ecológica para usos ecossistêmicos,2020,,Presente,veryhigh,Muito alto,#F40000,4716,Jussiape/BA,1.0
Recursos hídricos,28,Vazão ecológica para usos ecossistêmicos,2020,,Presente,veryhigh,Muito alto,#F40000,5009,Juvenília/MG,1.0
Recursos hídricos,28,Vazão ecológica para usos ecossistêmicos,2020,,Presente,veryhigh,Muito alto,#F40000,1176,Ladainha/MG,1.0
Recursos hídricos,28,Vazão ecológica para usos ecossistêmicos,2020,,Presente,veryhigh,Muito alto,#F40000,568,Ladário/MS,1.0
Recursos hídricos,28,Vazão ecológica para usos ecossistêmicos,2020,,Presente,veryhigh,Muito alto,#F40000,3516,Lagoa Alegre/PI,1.0
Recursos hídricos,28,Vazão ecológica para usos ecossistêmicos,2020,,Presente,veryhigh,Muito alto,#F40000,1178,Lagoa da Prata/MG,1.0
Recursos hídricos,28,Vazão ecológica para usos ecossistêmicos,2020,,Presente,veryhigh,Muito alto,#F40000,4298,Lagoa do Carro/PE,1.0
Recursos hídricos,28,Vazão ecológica para usos ecossistêmicos,2020,,Presente,veryhigh,Muito alto,#F40000,3288,Lagoa do Mato/MA,1.0
Recursos hídricos,28,Vazão ecológica para usos ecossistêmicos,2020,,Presente,veryhigh,Muito alto,#F40000,3519,Lagoa do Piauí/PI,1.0
Recursos hídricos,28,Vazão ecológica para usos ecossistêmicos,2020,,Presente,veryhigh,Muito alto,#F40000,4301,Lagoa dos Gatos/PE,1.0
Recursos hídricos,28,Vazão ecológica para usos ecossistêmicos,2020,,Presente,veryhigh,Muito alto,#F40000,3520,Lagoa do Sítio/PI,1.0
Recursos hídricos,28,Vazão ecológica para usos ecossistêmicos,2020,,Presente,veryhigh,Muito alto,#F40000,1181,Lagoa Formosa/MG,1.0
Recursos hídricos,28,Vazão ecológica para usos ecossistêmicos,2020,,Presente,veryhigh,Muito alto,#F40000,4302,Lagoa Grande/PE,1.0
Recursos hídricos,28,Vazão ecológica para usos ecossistêmicos,2020,,Presente,veryhigh,Muito alto,#F40000,4718,Lagoa Real/BA,1.0
Recursos hídricos,28,Vazão ecológica para usos ecossistêmicos,2020,,Presente,veryhigh,Muito alto,#F40000,1183,Lagoa Santa/MG,1.0
Recursos hídricos,28,Vazão ecológica para usos ecossistêmicos,2020,,Presente,veryhigh,Muito alto,#F40000,4936,Lagoa Vermelha/RS,1.0
Recursos hídricos,28,Vazão ecológica para usos ecossistêmicos,2020,,Presente,veryhigh,Muito alto,#F40000,3515,Lagoinha do Piauí/PI,1.0
Recursos hídricos,28,Vazão ecológica para usos ecossistêmicos,2020,,Presente,veryhigh,Muito alto,#F40000,569,Laguna Carapã/MS,1.0
Recursos hídricos,28,Vazão ecológica para usos ecossistêmicos,2020,,Presente,veryhigh,Muito alto,#F40000,1719,Laje do Muriaé/RJ,1.0
Recursos hídricos,28,Vazão ecológica para usos ecossistêmicos,2020,,Presente,veryhigh,Muito alto,#F40000,627,Lambari D'Oeste/MT,1.0
Recursos hídricos,28,Vazão ecológica para usos ecossistêmicos,2020,,Presente,veryhigh,Muito alto,#F40000,3521,Landri Sales/PI,1.0
Recursos hídricos,28,Vazão ecológica para usos ecossistêmicos,2020,,Presente,veryhigh,Muito alto,#F40000,5366,Lapa/PR,1.0
Recursos hídricos,28,Vazão ecológica para usos ecossistêmicos,2020,,Presente,veryhigh,Muito alto,#F40000,1190,Leandro Ferreira/MG,1.0
Recursos hídricos,28,Vazão ecológica para usos ecossistêmicos,2020,,Presente,veryhigh,Muito alto,#F40000,2061,Leme/SP,1.0
Recursos hídricos,28,Vazão ecológica para usos ecossistêmicos,2020,,Presente,veryhigh,Muito alto,#F40000,2062,Lençóis Paulista/SP,1.0
Recursos hídricos,28,Vazão ecológica para usos ecossistêmicos,2020,,Presente,veryhigh,Muito alto,#F40000,2742,Leopoldo de Bulhões/GO,1.0
Recursos hídricos,28,Vazão ecológica para usos ecossistêmicos,2020,,Presente,veryhigh,Muito alto,#F40000,1194,Lima Duarte/MG,1.0
Recursos hídricos,28,Vazão ecológica para usos ecossistêmicos,2020,,Presente,veryhigh,Muito alto,#F40000,1195,Limeira do Oeste/MG,1.0
Recursos hídricos,28,Vazão ecológica para usos ecossistêmicos,2020,,Presente,veryhigh,Muito alto,#F40000,4304,Limoeiro/PE,1.0
Recursos hídricos,28,Vazão ecológica para usos ecossistêmicos,2020,,Presente,veryhigh,Muito alto,#F40000,1648,Linhares/ES,1.0
Recursos hídricos,28,Vazão ecológica para usos ecossistêmicos,2020,,Presente,veryhigh,Muito alto,#F40000,2065,Lins/SP,1.0
Recursos hídricos,28,Vazão ecológica para usos ecossistêmicos,2020,,Presente,veryhigh,Muito alto,#F40000,4726,Livramento de Nossa Senhora/BA,1.0
Recursos hídricos,28,Vazão ecológica para usos ecossistêmicos,2020,,Presente,veryhigh,Muito alto,#F40000,5368,Londrina/PR,1.0
Recursos hídricos,28,Vazão ecológica para usos ecossistêmicos,2020,,Presente,veryhigh,Muito alto,#F40000,3293,Loreto/MA,1.0
Recursos hídricos,28,Vazão ecológica para usos ecossistêmicos,2020,,Presente,veryhigh,Muito alto,#F40000,2068,Louveira/SP,1.0
Recursos hídricos,28,Vazão ecológica para usos ecossistêmicos,2020,,Presente,veryhigh,Muito alto,#F40000,2908,Lucas do Rio Verde/MT,1.0
Recursos hídricos,28,Vazão ecológica para usos ecossistêmicos,2020,,Presente,veryhigh,Muito alto,#F40000,4086,Lucena/PB,1.0
Recursos hídricos,28,Vazão ecológica para usos ecossistêmicos,2020,,Presente,veryhigh,Muito alto,#F40000,2071,Luís Antônio/SP,1.0
Recursos hídricos,28,Vazão ecológica para usos ecossistêmicos,2020,,Presente,veryhigh,Muito alto,#F40000,1198,Luislândia/MG,1.0
Recursos hídricos,28,Vazão ecológica para usos ecossistêmicos,2020,,Presente,veryhigh,Muito alto,#F40000,5178,Lupionópolis/PR,1.0
Recursos hídricos,28,Vazão ecológica para usos ecossistêmicos,2020,,Presente,veryhigh,Muito alto,#F40000,2743,Luziânia/GO,1.0
Recursos hídricos,28,Vazão ecológica para usos ecossistêmicos,2020,,Presente,veryhigh,Muito alto,#F40000,3118,Luzinópolis/TO,1.0
Recursos hídricos,28,Vazão ecológica para usos ecossistêmicos,2020,,Presente,veryhigh,Muito alto,#F40000,1200,Luz/MG,1.0
Recursos hídricos,28,Vazão ecológica para usos ecossistêmicos,2020,,Presente,veryhigh,Muito alto,#F40000,3889,Macaíba/RN,1.0
Recursos hídricos,28,Vazão ecológica para usos ecossistêmicos,2020,,Presente,veryhigh,Muito alto,#F40000,316,Maçambará/RS,1.0
Recursos hídricos,28,Vazão ecológica para usos ecossistêmicos,2020,,Presente,veryhigh,Muito alto,#F40000,4305,Macaparana/PE,1.0
Recursos hídricos,28,Vazão ecológica para usos ecossistêmicos,2020,,Presente,veryhigh,Muito alto,#F40000,2075,Macatuba/SP,1.0
Recursos hídricos,28,Vazão ecológica para usos ecossistêmicos,2020,,Presente,veryhigh,Muito alto,#F40000,4433,Maceió/AL,1.0
Recursos hídricos,28,Vazão ecológica para usos ecossistêmicos,2020,,Presente,veryhigh,Muito alto,#F40000,1201,Machacalis/MG,1.0
Recursos hídricos,28,Vazão ecológica para usos ecossistêmicos,2020,,Presente,veryhigh,Muito alto,#F40000,5533,Machadinho D'Oeste/RO,1.0
Recursos hídricos,28,Vazão ecológica para usos ecossistêmicos,2020,,Presente,veryhigh,Muito alto,#F40000,4730,Macururé/BA,1.0
Recursos hídricos,28,Vazão ecológica para usos ecossistêmicos,2020,,Presente,veryhigh,Muito alto,#F40000,2079,Mairinque/SP,1.0
Recursos hídricos,28,Vazão ecológica para usos ecossistêmicos,2020,,Presente,veryhigh,Muito alto,#F40000,2080,Mairiporã/SP,1.0
Recursos hídricos,28,Vazão ecológica para usos ecossistêmicos,2020,,Presente,veryhigh,Muito alto,#F40000,4434,Major Isidoro/AL,1.0
Recursos hídricos,28,Vazão ecológica para usos ecossistêmicos,2020,,Presente,veryhigh,Muito alto,#F40000,5000,Malhada/BA,1.0
Recursos hídricos,28,Vazão ecológica para usos ecossistêmicos,2020,,Presente,veryhigh,Muito alto,#F40000,1205,Mamonas/MG,1.0
Recursos hídricos,28,Vazão ecológica para usos ecossistêmicos,2020,,Presente,veryhigh,Muito alto,#F40000,4090,Manaíra/PB,1.0
Recursos hídricos,28,Vazão ecológica para usos ecossistêmicos,2020,,Presente,veryhigh,Muito alto,#F40000,1208,Manhumirim/MG,1.0
Recursos hídricos,28,Vazão ecológica para usos ecossistêmicos,2020,,Presente,veryhigh,Muito alto,#F40000,5497,Manicoré/AM,1.0
Recursos hídricos,28,Vazão ecológica para usos ecossistêmicos,2020,,Presente,veryhigh,Muito alto,#F40000,3525,Manoel Emídio/PI,1.0
Recursos hídricos,28,Vazão ecológica para usos ecossistêmicos,2020,,Presente,veryhigh,Muito alto,#F40000,317,Manoel Viana/RS,1.0
Recursos hídricos,28,Vazão ecológica para usos ecossistêmicos,2020,,Presente,veryhigh,Muito alto,#F40000,4733,Mansidão/BA,1.0
Recursos hídricos,28,Vazão ecológica para usos ecossistêmicos,2020,,Presente,veryhigh,Muito alto,#F40000,1209,Mantena/MG,1.0
Recursos hídricos,28,Vazão ecológica para usos ecossistêmicos,2020,,Presente,veryhigh,Muito alto,#F40000,3296,Maracaçumé/MA,1.0
Recursos hídricos,28,Vazão ecológica para usos ecossistêmicos,2020,,Presente,veryhigh,Muito alto,#F40000,2989,Maracanã/PA,1.0
Recursos hídricos,28,Vazão ecológica para usos ecossistêmicos,2020,,Presente,veryhigh,Muito alto,#F40000,4734,Maracás/BA,1.0
Recursos hídricos,28,Vazão ecológica para usos ecossistêmicos,2020,,Presente,veryhigh,Muito alto,#F40000,4308,Maraial/PE,1.0
Recursos hídricos,28,Vazão ecológica para usos ecossistêmicos,2020,,Presente,veryhigh,Muito alto,#F40000,5003,Maraú/BA,1.0
Recursos hídricos,28,Vazão ecológica para usos ecossistêmicos,2020,,Presente,veryhigh,Muito alto,#F40000,4436,Maravilha/AL,1.0
Recursos hídricos,28,Vazão ecológica para usos ecossistêmicos,2020,,Presente,veryhigh,Muito alto,#F40000,1210,Maravilhas/MG,1.0
Recursos hídricos,28,Vazão ecológica para usos ecossistêmicos,2020,,Presente,veryhigh,Muito alto,#F40000,3527,Marcos Parente/PI,1.0
Recursos hídricos,28,Vazão ecológica para usos ecossistêmicos,2020,,Presente,veryhigh,Muito alto,#F40000,4437,Marechal Deodoro/AL,1.0
Recursos hídricos,28,Vazão ecológica para usos ecossistêmicos,2020,,Presente,veryhigh,Muito alto,#F40000,1651,Marechal Floriano/ES,1.0
Recursos hídricos,28,Vazão ecológica para usos ecossistêmicos,2020,,Presente,veryhigh,Muito alto,#F40000,1213,Mariana/MG,1.0
Recursos hídricos,28,Vazão ecológica para usos ecossistêmicos,2020,,Presente,veryhigh,Muito alto,#F40000,4092,Mari/PB,1.0
Recursos hídricos,28,Vazão ecológica para usos ecossistêmicos,2020,,Presente,veryhigh,Muito alto,#F40000,4093,Marizópolis/PB,1.0
Recursos hídricos,28,Vazão ecológica para usos ecossistêmicos,2020,,Presente,veryhigh,Muito alto,#F40000,1220,Martins Soares/MG,1.0
Recursos hídricos,28,Vazão ecológica para usos ecossistêmicos,2020,,Presente,veryhigh,Muito alto,#F40000,3528,Massapê do Piauí/PI,1.0
Recursos hídricos,28,Vazão ecológica para usos ecossistêmicos,2020,,Presente,veryhigh,Muito alto,#F40000,2088,Matão/SP,1.0
Recursos hídricos,28,Vazão ecológica para usos ecossistêmicos,2020,,Presente,veryhigh,Muito alto,#F40000,324,Mata/RS,1.0
Recursos hídricos,28,Vazão ecológica para usos ecossistêmicos,2020,,Presente,veryhigh,Muito alto,#F40000,1223,Mateus Leme/MG,1.0
Recursos hídricos,28,Vazão ecológica para usos ecossistêmicos,2020,,Presente,veryhigh,Muito alto,#F40000,1225,Matias Cardoso/MG,1.0
Recursos hídricos,28,Vazão ecológica para usos ecossistêmicos,2020,,Presente,veryhigh,Muito alto,#F40000,3529,Matias Olímpio/PI,1.0
Recursos hídricos,28,Vazão ecológica para usos ecossistêmicos,2020,,Presente,veryhigh,Muito alto,#F40000,3301,Matões/MA,1.0
Recursos hídricos,28,Vazão ecológica para usos ecossistêmicos,2020,,Presente,veryhigh,Muito alto,#F40000,327,Mato Queimado/RS,1.0
Recursos hídricos,28,Vazão ecológica para usos ecossistêmicos,2020,,Presente,veryhigh,Muito alto,#F40000,1228,Matozinhos/MG,1.0
Recursos hídricos,28,Vazão ecológica para usos ecossistêmicos,2020,,Presente,veryhigh,Muito alto,#F40000,4441,Matriz de Camaragibe/AL,1.0
Recursos hídricos,28,Vazão ecológica para usos ecossistêmicos,2020,,Presente,veryhigh,Muito alto,#F40000,2910,Matupá/MT,1.0
Recursos hídricos,28,Vazão ecológica para usos ecossistêmicos,2020,,Presente,veryhigh,Muito alto,#F40000,1229,Matutina/MG,1.0
Recursos hídricos,28,Vazão ecológica para usos ecossistêmicos,2020,,Presente,veryhigh,Muito alto,#F40000,3121,Maurilândia do Tocantins/TO,1.0
Recursos hídricos,28,Vazão ecológica para usos ecossistêmicos,2020,,Presente,veryhigh,Muito alto,#F40000,5043,Mazagão/AP,1.0
Recursos hídricos,28,Vazão ecológica para usos ecossistêmicos,2020,,Presente,veryhigh,Muito alto,#F40000,2090,Mendonça/SP,1.0
Recursos hídricos,28,Vazão ecológica para usos ecossistêmicos,2020,,Presente,veryhigh,Muito alto,#F40000,3530,Miguel Alves/PI,1.0
Recursos hídricos,28,Vazão ecológica para usos ecossistêmicos,2020,,Presente,veryhigh,Muito alto,#F40000,2093,Miguelópolis/SP,1.0
Recursos hídricos,28,Vazão ecológica para usos ecossistêmicos,2020,,Presente,veryhigh,Muito alto,#F40000,2748,Mimoso de Goiás/GO,1.0
Recursos hídricos,28,Vazão ecológica para usos ecossistêmicos,2020,,Presente,veryhigh,Muito alto,#F40000,1235,Minas Novas/MG,1.0
Recursos hídricos,28,Vazão ecológica para usos ecossistêmicos,2020,,Presente,veryhigh,Muito alto,#F40000,1237,Mirabela/MG,1.0
Recursos hídricos,28,Vazão ecológica para usos ecossistêmicos,2020,,Presente,veryhigh,Muito alto,#F40000,1239,Miraí/MG,1.0
Recursos hídricos,28,Vazão ecológica para usos ecossistêmicos,2020,,Presente,veryhigh,Muito alto,#F40000,4309,Mirandiba/PE,1.0
Recursos hídricos,28,Vazão ecológica para usos ecossistêmicos,2020,,Presente,veryhigh,Muito alto,#F40000,1240,Miravânia/MG,1.0
Recursos hídricos,28,Vazão ecológica para usos ecossistêmicos,2020,,Presente,veryhigh,Muito alto,#F40000,3306,Mirinzal/MA,1.0
Recursos hídricos,28,Vazão ecológica para usos ecossistêmicos,2020,,Presente,veryhigh,Muito alto,#F40000,2100,Mococa/SP,1.0
Recursos hídricos,28,Vazão ecológica para usos ecossistêmicos,2020,,Presente,veryhigh,Muito alto,#F40000,1241,Moeda/MG,1.0
Recursos hídricos,28,Vazão ecológica para usos ecossistêmicos,2020,,Presente,veryhigh,Muito alto,#F40000,1242,Moema/MG,1.0
Recursos hídricos,28,Vazão ecológica para usos ecossistêmicos,2020,,Presente,veryhigh,Muito alto,#F40000,2102,Mogi Guaçu/SP,1.0
Recursos hídricos,28,Vazão ecológica para usos ecossistêmicos,2020,,Presente,veryhigh,Muito alto,#F40000,2103,Mogi Mirim/SP,1.0
Recursos hídricos,28,Vazão ecológica para usos ecossistêmicos,2020,,Presente,veryhigh,Muito alto,#F40000,2993,Moju/PA,1.0
Recursos hídricos,28,Vazão ecológica para usos ecossistêmicos,2020,,Presente,veryhigh,Muito alto,#F40000,2104,Mombuca/SP,1.0
Recursos hídricos,28,Vazão ecológica para usos ecossistêmicos,2020,,Presente,veryhigh,Muito alto,#F40000,2105,Monções/SP,1.0
Recursos hídricos,28,Vazão ecológica para usos ecossistêmicos,2020,,Presente,veryhigh,Muito alto,#F40000,3533,Monsenhor Gil/PI,1.0
Recursos hídricos,28,Vazão ecológica para usos ecossistêmicos,2020,,Presente,veryhigh,Muito alto,#F40000,1244,Monsenhor Paulo/MG,1.0
Recursos hídricos,28,Vazão ecológica para usos ecossistêmicos,2020,,Presente,veryhigh,Muito alto,#F40000,1246,Monte Alegre de Minas/MG,1.0
Recursos hídricos,28,Vazão ecológica para usos ecossistêmicos,2020,,Presente,veryhigh,Muito alto,#F40000,2107,Monte Alegre do Sul/SP,1.0
Recursos hídricos,28,Vazão ecológica para usos ecossistêmicos,2020,,Presente,veryhigh,Muito alto,#F40000,3897,Monte Alegre/RN,1.0
Recursos hídricos,28,Vazão ecológica para usos ecossistêmicos,2020,,Presente,veryhigh,Muito alto,#F40000,1247,Monte Azul/MG,1.0
Recursos hídricos,28,Vazão ecológica para usos ecossistêmicos,2020,,Presente,veryhigh,Muito alto,#F40000,1248,Monte Belo/MG,1.0
Recursos hídricos,28,Vazão ecológica para usos ecossistêmicos,2020,,Presente,veryhigh,Muito alto,#F40000,1249,Monte Carmelo/MG,1.0
Recursos hídricos,28,Vazão ecológica para usos ecossistêmicos,2020,,Presente,veryhigh,Muito alto,#F40000,4444,Monteirópolis/AL,1.0
Recursos hídricos,28,Vazão ecológica para usos ecossistêmicos,2020,,Presente,veryhigh,Muito alto,#F40000,3308,Montes Altos/MA,1.0
Recursos hídricos,28,Vazão ecológica para usos ecossistêmicos,2020,,Presente,veryhigh,Muito alto,#F40000,1252,Montes Claros/MG,1.0
Recursos hídricos,28,Vazão ecológica para usos ecossistêmicos,2020,,Presente,veryhigh,Muito alto,#F40000,1253,Monte Sião/MG,1.0
Recursos hídricos,28,Vazão ecológica para usos ecossistêmicos,2020,,Presente,veryhigh,Muito alto,#F40000,1254,Montezuma/MG,1.0
Recursos hídricos,28,Vazão ecológica para usos ecossistêmicos,2020,,Presente,veryhigh,Muito alto,#F40000,4978,Montividiu/GO,1.0
Recursos hídricos,28,Vazão ecológica para usos ecossistêmicos,2020,,Presente,veryhigh,Muito alto,#F40000,1255,Morada Nova de Minas/MG,1.0
Recursos hídricos,28,Vazão ecológica para usos ecossistêmicos,2020,,Presente,veryhigh,Muito alto,#F40000,4310,Moreno/PE,1.0
Recursos hídricos,28,Vazão ecológica para usos ecossistêmicos,2020,,Presente,veryhigh,Muito alto,#F40000,2750,Morrinhos/GO,1.0
Recursos hídricos,28,Vazão ecológica para usos ecossistêmicos,2020,,Presente,veryhigh,Muito alto,#F40000,1256,Morro da Garça/MG,1.0
Recursos hídricos,28,Vazão ecológica para usos ecossistêmicos,2020,,Presente,veryhigh,Muito alto,#F40000,4744,Morro do Chapéu/BA,1.0
Recursos hídricos,28,Vazão ecológica para usos ecossistêmicos,2020,,Presente,veryhigh,Muito alto,#F40000,2483,Morro Grande/SC,1.0
Recursos hídricos,28,Vazão ecológica para usos ecossistêmicos,2020,,Presente,veryhigh,Muito alto,#F40000,728,Mortugaba/BA,1.0
Recursos hídricos,28,Vazão ecológica para usos ecossistêmicos,2020,,Presente,veryhigh,Muito alto,#F40000,2851,Mucajaí/RR,1.0
Recursos hídricos,28,Vazão ecológica para usos ecossistêmicos,2020,,Presente,veryhigh,Muito alto,#F40000,3747,Mucambo/CE,1.0
Recursos hídricos,28,Vazão ecológica para usos ecossistêmicos,2020,,Presente,veryhigh,Muito alto,#F40000,4745,Mucugê/BA,1.0
Recursos hídricos,28,Vazão ecológica para usos ecossistêmicos,2020,,Presente,veryhigh,Muito alto,#F40000,4529,Muribeca/SE,1.0
Recursos hídricos,28,Vazão ecológica para usos ecossistêmicos,2020,,Presente,veryhigh,Muito alto,#F40000,4445,Murici/AL,1.0
Recursos hídricos,28,Vazão ecológica para usos ecossistêmicos,2020,,Presente,veryhigh,Muito alto,#F40000,3538,Murici dos Portelas/PI,1.0
Recursos hídricos,28,Vazão ecológica para usos ecossistêmicos,2020,,Presente,veryhigh,Muito alto,#F40000,9,Narandiba/SP,1.0
Recursos hídricos,28,Vazão ecológica para usos ecossistêmicos,2020,,Presente,veryhigh,Muito alto,#F40000,1265,Natalândia/MG,1.0
Recursos hídricos,28,Vazão ecológica para usos ecossistêmicos,2020,,Presente,veryhigh,Muito alto,#F40000,3900,Natal/RN,1.0
Recursos hídricos,28,Vazão ecológica para usos ecossistêmicos,2020,,Presente,veryhigh,Muito alto,#F40000,4311,Nazaré da Mata/PE,1.0
Recursos hídricos,28,Vazão ecológica para usos ecossistêmicos,2020,,Presente,veryhigh,Muito alto,#F40000,3539,Nazaré do Piauí/PI,1.0
Recursos hídricos,28,Vazão ecológica para usos ecossistêmicos,2020,,Presente,veryhigh,Muito alto,#F40000,2119,Nazaré Paulista/SP,1.0
Recursos hídricos,28,Vazão ecológica para usos ecossistêmicos,2020,,Presente,veryhigh,Muito alto,#F40000,4105,Nazarezinho/PB,1.0
Recursos hídricos,28,Vazão ecológica para usos ecossistêmicos,2020,,Presente,veryhigh,Muito alto,#F40000,3540,Nazária/PI,1.0
Recursos hídricos,28,Vazão ecológica para usos ecossistêmicos,2020,,Presente,veryhigh,Muito alto,#F40000,1268,Nepomuceno/MG,1.0
Recursos hídricos,28,Vazão ecológica para usos ecossistêmicos,2020,,Presente,veryhigh,Muito alto,#F40000,3310,Nina Rodrigues/MA,1.0
Recursos hídricos,28,Vazão ecológica para usos ecossistêmicos,2020,,Presente,veryhigh,Muito alto,#F40000,1269,Ninheira/MG,1.0
Recursos hídricos,28,Vazão ecológica para usos ecossistêmicos,2020,,Presente,veryhigh,Muito alto,#F40000,3901,Nísia Floresta/RN,1.0
Recursos hídricos,28,Vazão ecológica para usos ecossistêmicos,2020,,Presente,veryhigh,Muito alto,#F40000,629,Nossa Senhora do Livramento/MT,1.0
Recursos hídricos,28,Vazão ecológica para usos ecossistêmicos,2020,,Presente,veryhigh,Muito alto,#F40000,2911,Nova Bandeirantes/MT,1.0
Recursos hídricos,28,Vazão ecológica para usos ecossistêmicos,2020,,Presente,veryhigh,Muito alto,#F40000,2126,Nova Castilho/SP,1.0
Recursos hídricos,28,Vazão ecológica para usos ecossistêmicos,2020,,Presente,veryhigh,Muito alto,#F40000,3311,Nova Colinas/MA,1.0
Recursos hídricos,28,Vazão ecológica para usos ecossistêmicos,2020,,Presente,veryhigh,Muito alto,#F40000,1732,Nova Friburgo/RJ,1.0
Recursos hídricos,28,Vazão ecológica para usos ecossistêmicos,2020,,Presente,veryhigh,Muito alto,#F40000,1272,Nova Lima/MG,1.0
Recursos hídricos,28,Vazão ecológica para usos ecossistêmicos,2020,,Presente,veryhigh,Muito alto,#F40000,2130,Nova Luzitânia/SP,1.0
Recursos hídricos,28,Vazão ecológica para usos ecossistêmicos,2020,,Presente,veryhigh,Muito alto,#F40000,2131,Nova Odessa/SP,1.0
Recursos hídricos,28,Vazão ecológica para usos ecossistêmicos,2020,,Presente,veryhigh,Muito alto,#F40000,631,Nova Olímpia/MT,1.0
Recursos hídricos,28,Vazão ecológica para usos ecossistêmicos,2020,,Presente,veryhigh,Muito alto,#F40000,3313,Nova Olinda do Maranhão/MA,1.0
Recursos hídricos,28,Vazão ecológica para usos ecossistêmicos,2020,,Presente,veryhigh,Muito alto,#F40000,347,Nova Palma/RS,1.0
Recursos hídricos,28,Vazão ecológica para usos ecossistêmicos,2020,,Presente,veryhigh,Muito alto,#F40000,1274,Nova Ponte/MG,1.0
Recursos hídricos,28,Vazão ecológica para usos ecossistêmicos,2020,,Presente,veryhigh,Muito alto,#F40000,1275,Nova Porteirinha/MG,1.0
Recursos hídricos,28,Vazão ecológica para usos ecossistêmicos,2020,,Presente,veryhigh,Muito alto,#F40000,349,Nova Ramada/RS,1.0
Recursos hídricos,28,Vazão ecológica para usos ecossistêmicos,2020,,Presente,veryhigh,Muito alto,#F40000,4887,Nova Roma/GO,1.0
Recursos hídricos,28,Vazão ecológica para usos ecossistêmicos,2020,,Presente,veryhigh,Muito alto,#F40000,1277,Nova Serrana/MG,1.0
Recursos hídricos,28,Vazão ecológica para usos ecossistêmicos,2020,,Presente,veryhigh,Muito alto,#F40000,4759,Nova Soure/BA,1.0
Recursos hídricos,28,Vazão ecológica para usos ecossistêmicos,2020,,Presente,veryhigh,Muito alto,#F40000,1658,Nova Venécia/ES,1.0
Recursos hídricos,28,Vazão ecológica para usos ecossistêmicos,2020,,Presente,veryhigh,Muito alto,#F40000,2759,Nova Veneza/GO,1.0
Recursos hídricos,28,Vazão ecológica para usos ecossistêmicos,2020,,Presente,veryhigh,Muito alto,#F40000,2761,Novo Gama/GO,1.0
Recursos hídricos,28,Vazão ecológica para usos ecossistêmicos,2020,,Presente,veryhigh,Muito alto,#F40000,2610,Novo Hamburgo/RS,1.0
Recursos hídricos,28,Vazão ecológica para usos ecossistêmicos,2020,,Presente,veryhigh,Muito alto,#F40000,2132,Novo Horizonte/SP,1.0
Recursos hídricos,28,Vazão ecológica para usos ecossistêmicos,2020,,Presente,veryhigh,Muito alto,#F40000,2872,Novo Progresso/PA,1.0
Recursos hídricos,28,Vazão ecológica para usos ecossistêmicos,2020,,Presente,veryhigh,Muito alto,#F40000,2998,Novo Repartimento/PA,1.0
Recursos hídricos,28,Vazão ecológica para usos ecossistêmicos,2020,,Presente,veryhigh,Muito alto,#F40000,3544,Novo Santo Antônio/PI,1.0
Recursos hídricos,28,Vazão ecológica para usos ecossistêmicos,2020,,Presente,veryhigh,Muito alto,#F40000,3545,Oeiras/PI,1.0
Recursos hídricos,28,Vazão ecológica para usos ecossistêmicos,2020,,Presente,veryhigh,Muito alto,#F40000,4449,Olho d'Água Grande/AL,1.0
Recursos hídricos,28,Vazão ecológica para usos ecossistêmicos,2020,,Presente,veryhigh,Muito alto,#F40000,1282,Olhos-d'Água/MG,1.0
Recursos hídricos,28,Vazão ecológica para usos ecossistêmicos,2020,,Presente,veryhigh,Muito alto,#F40000,4762,Olindina/BA,1.0
Recursos hídricos,28,Vazão ecológica para usos ecossistêmicos,2020,,Presente,veryhigh,Muito alto,#F40000,4450,Olivença/AL,1.0
Recursos hídricos,28,Vazão ecológica para usos ecossistêmicos,2020,,Presente,veryhigh,Muito alto,#F40000,1286,Onça de Pitangui/MG,1.0
Recursos hídricos,28,Vazão ecológica para usos ecossistêmicos,2020,,Presente,veryhigh,Muito alto,#F40000,2139,Orindiúva/SP,1.0
Recursos hídricos,28,Vazão ecológica para usos ecossistêmicos,2020,,Presente,veryhigh,Muito alto,#F40000,2762,Orizona/GO,1.0
Recursos hídricos,28,Vazão ecológica para usos ecossistêmicos,2020,,Presente,veryhigh,Muito alto,#F40000,2487,Orleans/SC,1.0
Recursos hídricos,28,Vazão ecológica para usos ecossistêmicos,2020,,Presente,veryhigh,Muito alto,#F40000,5377,Ortigueira/PR,1.0
Recursos hídricos,28,Vazão ecológica para usos ecossistêmicos,2020,,Presente,veryhigh,Muito alto,#F40000,2488,Otacílio Costa/SC,1.0
Recursos hídricos,28,Vazão ecológica para usos ecossistêmicos,2020,,Presente,veryhigh,Muito alto,#F40000,1289,Ouro Branco/MG,1.0
Recursos hídricos,28,Vazão ecológica para usos ecossistêmicos,2020,,Presente,veryhigh,Muito alto,#F40000,2145,Ouroeste/SP,1.0
Recursos hídricos,28,Vazão ecológica para usos ecossistêmicos,2020,,Presente,veryhigh,Muito alto,#F40000,1291,Ouro Preto/MG,1.0
Recursos hídricos,28,Vazão ecológica para usos ecossistêmicos,2020,,Presente,veryhigh,Muito alto,#F40000,85,Ouro/SC,1.0
Recursos hídricos,28,Vazão ecológica para usos ecossistêmicos,2020,,Presente,veryhigh,Muito alto,#F40000,1292,Ouro Verde de Minas/MG,1.0
Recursos hídricos,28,Vazão ecológica para usos ecossistêmicos,2020,,Presente,veryhigh,Muito alto,#F40000,2853,Pacaraima/RR,1.0
Recursos hídricos,28,Vazão ecológica para usos ecossistêmicos,2020,,Presente,veryhigh,Muito alto,#F40000,4536,Pacatuba/SE,1.0
Recursos hídricos,28,Vazão ecológica para usos ecossistêmicos,2020,,Presente,veryhigh,Muito alto,#F40000,3547,Padre Marcos/PI,1.0
Recursos hídricos,28,Vazão ecológica para usos ecossistêmicos,2020,,Presente,veryhigh,Muito alto,#F40000,1296,Pains/MG,1.0
Recursos hídricos,28,Vazão ecológica para usos ecossistêmicos,2020,,Presente,veryhigh,Muito alto,#F40000,3549,Pajeú do Piauí/PI,1.0
Recursos hídricos,28,Vazão ecológica para usos ecossistêmicos,2020,,Presente,veryhigh,Muito alto,#F40000,88,Palma Sola/SC,1.0
Recursos hídricos,28,Vazão ecológica para usos ecossistêmicos,2020,,Presente,veryhigh,Muito alto,#F40000,3180,Palmas/TO,1.0
Recursos hídricos,28,Vazão ecológica para usos ecossistêmicos,2020,,Presente,veryhigh,Muito alto,#F40000,3550,Palmeira do Piauí/PI,1.0
Recursos hídricos,28,Vazão ecológica para usos ecossistêmicos,2020,,Presente,veryhigh,Muito alto,#F40000,4453,Palmeira dos Índios/AL,1.0
Recursos hídricos,28,Vazão ecológica para usos ecossistêmicos,2020,,Presente,veryhigh,Muito alto,#F40000,3551,Palmeirais/PI,1.0
Recursos hídricos,28,Vazão ecológica para usos ecossistêmicos,2020,,Presente,veryhigh,Muito alto,#F40000,3317,Palmeirândia/MA,1.0
Recursos hídricos,28,Vazão ecológica para usos ecossistêmicos,2020,,Presente,veryhigh,Muito alto,#F40000,5378,Palmeira/PR,1.0
Recursos hídricos,28,Vazão ecológica para usos ecossistêmicos,2020,,Presente,veryhigh,Muito alto,#F40000,4766,Palmeiras/BA,1.0
Recursos hídricos,28,Vazão ecológica para usos ecossistêmicos,2020,,Presente,veryhigh,Muito alto,#F40000,4317,Palmeirina/PE,1.0
Recursos hídricos,28,Vazão ecológica para usos ecossistêmicos,2020,,Presente,veryhigh,Muito alto,#F40000,2768,Palminópolis/GO,1.0
Recursos hídricos,28,Vazão ecológica para usos ecossistêmicos,2020,,Presente,veryhigh,Muito alto,#F40000,357,Palmitinho/RS,1.0
Recursos hídricos,28,Vazão ecológica para usos ecossistêmicos,2020,,Presente,veryhigh,Muito alto,#F40000,4318,Panelas/PE,1.0
Recursos hídricos,28,Vazão ecológica para usos ecossistêmicos,2020,,Presente,veryhigh,Muito alto,#F40000,4454,Pão de Açúcar/AL,1.0
Recursos hídricos,28,Vazão ecológica para usos ecossistêmicos,2020,,Presente,veryhigh,Muito alto,#F40000,1301,Papagaios/MG,1.0
Recursos hídricos,28,Vazão ecológica para usos ecossistêmicos,2020,,Presente,veryhigh,Muito alto,#F40000,2492,Papanduva/SC,1.0
Recursos hídricos,28,Vazão ecológica para usos ecossistêmicos,2020,,Presente,veryhigh,Muito alto,#F40000,1303,Pará de Minas/MG,1.0
Recursos hídricos,28,Vazão ecológica para usos ecossistêmicos,2020,,Presente,veryhigh,Muito alto,#F40000,1304,Paraguaçu/MG,1.0
Recursos hídricos,28,Vazão ecológica para usos ecossistêmicos,2020,,Presente,veryhigh,Muito alto,#F40000,2151,Paraguaçu Paulista/SP,1.0
Recursos hídricos,28,Vazão ecológica para usos ecossistêmicos,2020,,Presente,veryhigh,Muito alto,#F40000,1735,Paraíba do Sul/RJ,1.0
Recursos hídricos,28,Vazão ecológica para usos ecossistêmicos,2020,,Presente,veryhigh,Muito alto,#F40000,578,Paraíso das Águas/MS,1.0
Recursos hídricos,28,Vazão ecológica para usos ecossistêmicos,2020,,Presente,veryhigh,Muito alto,#F40000,3138,Paraíso do Tocantins/TO,1.0
Recursos hídricos,28,Vazão ecológica para usos ecossistêmicos,2020,,Presente,veryhigh,Muito alto,#F40000,3762,Parambu/CE,1.0
Recursos hídricos,28,Vazão ecológica para usos ecossistêmicos,2020,,Presente,veryhigh,Muito alto,#F40000,5225,Paranacity/PR,1.0
Recursos hídricos,28,Vazão ecológica para usos ecossistêmicos,2020,,Presente,veryhigh,Muito alto,#F40000,5226,Paranapoema/PR,1.0
Recursos hídricos,28,Vazão ecológica para usos ecossistêmicos,2020,,Presente,veryhigh,Muito alto,#F40000,3139,Paranã/TO,1.0
Recursos hídricos,28,Vazão ecológica para usos ecossistêmicos,2020,,Presente,veryhigh,Muito alto,#F40000,579,Paranhos/MS,1.0
Recursos hídricos,28,Vazão ecológica para usos ecossistêmicos,2020,,Presente,veryhigh,Muito alto,#F40000,2771,Paraúna/GO,1.0
Recursos hídricos,28,Vazão ecológica para usos ecossistêmicos,2020,,Presente,veryhigh,Muito alto,#F40000,3906,Paraú/RN,1.0
Recursos hídricos,28,Vazão ecológica para usos ecossistêmicos,2020,,Presente,veryhigh,Muito alto,#F40000,3553,Parnaguá/PI,1.0
Recursos hídricos,28,Vazão ecológica para usos ecossistêmicos,2020,,Presente,veryhigh,Muito alto,#F40000,3847,Parnamirim/RN,1.0
Recursos hídricos,28,Vazão ecológica para usos ecossistêmicos,2020,,Presente,veryhigh,Muito alto,#F40000,3319,Parnarama/MA,1.0
Recursos hídricos,28,Vazão ecológica para usos ecossistêmicos,2020,,Presente,veryhigh,Muito alto,#F40000,1309,Passa Tempo/MG,1.0
Recursos hídricos,28,Vazão ecológica para usos ecossistêmicos,2020,,Presente,veryhigh,Muito alto,#F40000,4321,Passira/PE,1.0
Recursos hídricos,28,Vazão ecológica para usos ecossistêmicos,2020,,Presente,veryhigh,Muito alto,#F40000,4457,Passo de Camaragibe/AL,1.0
Recursos hídricos,28,Vazão ecológica para usos ecossistêmicos,2020,,Presente,veryhigh,Muito alto,#F40000,1311,Passos/MG,1.0
Recursos hídricos,28,Vazão ecológica para usos ecossistêmicos,2020,,Presente,veryhigh,Muito alto,#F40000,1312,Patis/MG,1.0
Recursos hídricos,28,Vazão ecológica para usos ecossistêmicos,2020,,Presente,veryhigh,Muito alto,#F40000,3556,Patos do Piauí/PI,1.0
Recursos hídricos,28,Vazão ecológica para usos ecossistêmicos,2020,,Presente,veryhigh,Muito alto,#F40000,1314,Patrocínio/MG,1.0
Recursos hídricos,28,Vazão ecológica para usos ecossistêmicos,2020,,Presente,veryhigh,Muito alto,#F40000,2160,Patrocínio Paulista/SP,1.0
Recursos hídricos,28,Vazão ecológica para usos ecossistêmicos,2020,,Presente,veryhigh,Muito alto,#F40000,4322,Paudalho/PE,1.0
Recursos hídricos,28,Vazão ecológica para usos ecossistêmicos,2020,,Presente,veryhigh,Muito alto,#F40000,2162,Paulistânia/SP,1.0
Recursos hídricos,28,Vazão ecológica para usos ecossistêmicos,2020,,Presente,veryhigh,Muito alto,#F40000,4115,Paulista/PB,1.0
Recursos hídricos,28,Vazão ecológica para usos ecossistêmicos,2020,,Presente,veryhigh,Muito alto,#F40000,4770,Paulo Afonso/BA,1.0
Recursos hídricos,28,Vazão ecológica para usos ecossistêmicos,2020,,Presente,veryhigh,Muito alto,#F40000,365,Paulo Bento/RS,1.0
Recursos hídricos,28,Vazão ecológica para usos ecossistêmicos,2020,,Presente,veryhigh,Muito alto,#F40000,2163,Paulo de Faria/SP,1.0
Recursos hídricos,28,Vazão ecológica para usos ecossistêmicos,2020,,Presente,veryhigh,Muito alto,#F40000,1319,Peçanha/MG,1.0
Recursos hídricos,28,Vazão ecológica para usos ecossistêmicos,2020,,Presente,veryhigh,Muito alto,#F40000,2164,Pederneiras/SP,1.0
Recursos hídricos,28,Vazão ecológica para usos ecossistêmicos,2020,,Presente,veryhigh,Muito alto,#F40000,4771,Pé de Serra/BA,1.0
Recursos hídricos,28,Vazão ecológica para usos ecossistêmicos,2020,,Presente,veryhigh,Muito alto,#F40000,1321,Pedra Bonita/MG,1.0
Recursos hídricos,28,Vazão ecológica para usos ecossistêmicos,2020,,Presente,veryhigh,Muito alto,#F40000,4118,Pedras de Fogo/PB,1.0
Recursos hídricos,28,Vazão ecológica para usos ecossistêmicos,2020,,Presente,veryhigh,Muito alto,#F40000,1326,Pedras de Maria da Cruz/MG,1.0
Recursos hídricos,28,Vazão ecológica para usos ecossistêmicos,2020,,Presente,veryhigh,Muito alto,#F40000,2495,Pedras Grandes/SC,1.0
Recursos hídricos,28,Vazão ecológica para usos ecossistêmicos,2020,,Presente,veryhigh,Muito alto,#F40000,2167,Pedregulho/SP,1.0
Recursos hídricos,28,Vazão ecológica para usos ecossistêmicos,2020,,Presente,veryhigh,Muito alto,#F40000,2168,Pedreira/SP,1.0
Recursos hídricos,28,Vazão ecológica para usos ecossistêmicos,2020,,Presente,veryhigh,Muito alto,#F40000,1327,Pedrinópolis/MG,1.0
Recursos hídricos,28,Vazão ecológica para usos ecossistêmicos,2020,,Presente,veryhigh,Muito alto,#F40000,1329,Pedro Teixeira/MG,1.0
Recursos hídricos,28,Vazão ecológica para usos ecossistêmicos,2020,,Presente,veryhigh,Muito alto,#F40000,2919,Peixoto de Azevedo/MT,1.0
Recursos hídricos,28,Vazão ecológica para usos ecossistêmicos,2020,,Presente,veryhigh,Muito alto,#F40000,2171,Penápolis/SP,1.0
Recursos hídricos,28,Vazão ecológica para usos ecossistêmicos,2020,,Presente,veryhigh,Muito alto,#F40000,4459,Penedo/AL,1.0
Recursos hídricos,28,Vazão ecológica para usos ecossistêmicos,2020,,Presente,veryhigh,Muito alto,#F40000,1333,Perdizes/MG,1.0
Recursos hídricos,28,Vazão ecológica para usos ecossistêmicos,2020,,Presente,veryhigh,Muito alto,#F40000,2172,Pereira Barreto/SP,1.0
Recursos hídricos,28,Vazão ecológica para usos ecossistêmicos,2020,,Presente,veryhigh,Muito alto,#F40000,2497,Pescaria Brava/SC,1.0
Recursos hídricos,28,Vazão ecológica para usos ecossistêmicos,2020,,Presente,veryhigh,Muito alto,#F40000,4325,Pesqueira/PE,1.0
Recursos hídricos,28,Vazão ecológica para usos ecossistêmicos,2020,,Presente,veryhigh,Muito alto,#F40000,4327,Petrolina/PE,1.0
Recursos hídricos,28,Vazão ecológica para usos ecossistêmicos,2020,,Presente,veryhigh,Muito alto,#F40000,4774,Piatã/BA,1.0
Recursos hídricos,28,Vazão ecológica para usos ecossistêmicos,2020,,Presente,veryhigh,Muito alto,#F40000,4120,Picuí/PB,1.0
Recursos hídricos,28,Vazão ecológica para usos ecossistêmicos,2020,,Presente,veryhigh,Muito alto,#F40000,2176,Piedade/SP,1.0
Recursos hídricos,28,Vazão ecológica para usos ecossistêmicos,2020,,Presente,veryhigh,Muito alto,#F40000,4461,Pilar/AL,1.0
Recursos hídricos,28,Vazão ecológica para usos ecossistêmicos,2020,,Presente,veryhigh,Muito alto,#F40000,2177,Pilar do Sul/SP,1.0
Recursos hídricos,28,Vazão ecológica para usos ecossistêmicos,2020,,Presente,veryhigh,Muito alto,#F40000,3564,Pimenteiras/PI,1.0
Recursos hídricos,28,Vazão ecológica para usos ecossistêmicos,2020,,Presente,veryhigh,Muito alto,#F40000,4776,Pindobaçu/BA,1.0
Recursos hídricos,28,Vazão ecológica para usos ecossistêmicos,2020,,Presente,veryhigh,Muito alto,#F40000,2179,Pindorama/SP,1.0
Recursos hídricos,28,Vazão ecológica para usos ecossistêmicos,2020,,Presente,veryhigh,Muito alto,#F40000,5384,Pinhalão/PR,1.0
Recursos hídricos,28,Vazão ecológica para usos ecossistêmicos,2020,,Presente,veryhigh,Muito alto,#F40000,372,Pinhal Grande/RS,1.0
Recursos hídricos,28,Vazão ecológica para usos ecossistêmicos,2020,,Presente,veryhigh,Muito alto,#F40000,5451,Pinhão/PR,1.0
Recursos hídricos,28,Vazão ecológica para usos ecossistêmicos,2020,,Presente,veryhigh,Muito alto,#F40000,373,Pinheirinho do Vale/RS,1.0
Recursos hídricos,28,Vazão ecológica para usos ecossistêmicos,2020,,Presente,veryhigh,Muito alto,#F40000,374,Pinheiro Machado/RS,1.0
Recursos hídricos,28,Vazão ecológica para usos ecossistêmicos,2020,,Presente,veryhigh,Muito alto,#F40000,3565,Pio IX/PI,1.0
Recursos hídricos,28,Vazão ecológica para usos ecossistêmicos,2020,,Presente,veryhigh,Muito alto,#F40000,2182,Piracaia/SP,1.0
Recursos hídricos,28,Vazão ecológica para usos ecossistêmicos,2020,,Presente,veryhigh,Muito alto,#F40000,1345,Piracema/MG,1.0
Recursos hídricos,28,Vazão ecológica para usos ecossistêmicos,2020,,Presente,veryhigh,Muito alto,#F40000,3566,Piracuruca/PI,1.0
Recursos hídricos,28,Vazão ecológica para usos ecossistêmicos,2020,,Presente,veryhigh,Muito alto,#F40000,2184,Piraju/SP,1.0
Recursos hídricos,28,Vazão ecológica para usos ecossistêmicos,2020,,Presente,veryhigh,Muito alto,#F40000,4540,Pirambu/SE,1.0
Recursos hídricos,28,Vazão ecológica para usos ecossistêmicos,2020,,Presente,veryhigh,Muito alto,#F40000,1349,Piranguinho/MG,1.0
Recursos hídricos,28,Vazão ecológica para usos ecossistêmicos,2020,,Presente,veryhigh,Muito alto,#F40000,4463,Piranhas/AL,1.0
Recursos hídricos,28,Vazão ecológica para usos ecossistêmicos,2020,,Presente,veryhigh,Muito alto,#F40000,666,Piranhas/GO,1.0
Recursos hídricos,28,Vazão ecológica para usos ecossistêmicos,2020,,Presente,veryhigh,Muito alto,#F40000,1351,Pirapora/MG,1.0
Recursos hídricos,28,Vazão ecológica para usos ecossistêmicos,2020,,Presente,veryhigh,Muito alto,#F40000,375,Pirapó/RS,1.0
Recursos hídricos,28,Vazão ecológica para usos ecossistêmicos,2020,,Presente,veryhigh,Muito alto,#F40000,4907,Pirapozinho/SP,1.0
Recursos hídricos,28,Vazão ecológica para usos ecossistêmicos,2020,,Presente,veryhigh,Muito alto,#F40000,5386,Piraquara/PR,1.0
Recursos hídricos,28,Vazão ecológica para usos ecossistêmicos,2020,,Presente,veryhigh,Muito alto,#F40000,3146,Piraquê/TO,1.0
Recursos hídricos,28,Vazão ecológica para usos ecossistêmicos,2020,,Presente,veryhigh,Muito alto,#F40000,2188,Pirassununga/SP,1.0
Recursos hídricos,28,Vazão ecológica para usos ecossistêmicos,2020,,Presente,veryhigh,Muito alto,#F40000,2189,Piratininga/SP,1.0
Recursos hídricos,28,Vazão ecológica para usos ecossistêmicos,2020,,Presente,veryhigh,Muito alto,#F40000,2775,Pires do Rio/GO,1.0
Recursos hídricos,28,Vazão ecológica para usos ecossistêmicos,2020,,Presente,veryhigh,Muito alto,#F40000,734,Piripá/BA,1.0
Recursos hídricos,28,Vazão ecológica para usos ecossistêmicos,2020,,Presente,veryhigh,Muito alto,#F40000,3567,Piripiri/PI,1.0
Recursos hídricos,28,Vazão ecológica para usos ecossistêmicos,2020,,Presente,veryhigh,Muito alto,#F40000,2190,Pitangueiras/SP,1.0
Recursos hídricos,28,Vazão ecológica para usos ecossistêmicos,2020,,Presente,veryhigh,Muito alto,#F40000,4125,Pitimbu/PB,1.0
Recursos hídricos,28,Vazão ecológica para usos ecossistêmicos,2020,,Presente,veryhigh,Muito alto,#F40000,1354,Piumhi/MG,1.0
Recursos hídricos,28,Vazão ecológica para usos ecossistêmicos,2020,,Presente,veryhigh,Muito alto,#F40000,2191,Planalto/SP,1.0
Recursos hídricos,28,Vazão ecológica para usos ecossistêmicos,2020,,Presente,veryhigh,Muito alto,#F40000,3921,Poço Branco/RN,1.0
Recursos hídricos,28,Vazão ecológica para usos ecossistêmicos,2020,,Presente,veryhigh,Muito alto,#F40000,4464,Poço das Trincheiras/AL,1.0
Recursos hídricos,28,Vazão ecológica para usos ecossistêmicos,2020,,Presente,veryhigh,Muito alto,#F40000,1356,Poço Fundo/MG,1.0
Recursos hídricos,28,Vazão ecológica para usos ecossistêmicos,2020,,Presente,veryhigh,Muito alto,#F40000,635,Poconé/MT,1.0
Recursos hídricos,28,Vazão ecológica para usos ecossistêmicos,2020,,Presente,veryhigh,Muito alto,#F40000,4541,Poço Redondo/SE,1.0
Recursos hídricos,28,Vazão ecológica para usos ecossistêmicos,2020,,Presente,veryhigh,Muito alto,#F40000,1357,Poços de Caldas/MG,1.0
Recursos hídricos,28,Vazão ecológica para usos ecossistêmicos,2020,,Presente,veryhigh,Muito alto,#F40000,4542,Poço Verde/SE,1.0
Recursos hídricos,28,Vazão ecológica para usos ecossistêmicos,2020,,Presente,veryhigh,Muito alto,#F40000,4329,Pombos/PE,1.0
Recursos hídricos,28,Vazão ecológica para usos ecossistêmicos,2020,,Presente,veryhigh,Muito alto,#F40000,5387,Ponta Grossa/PR,1.0
Recursos hídricos,28,Vazão ecológica para usos ecossistêmicos,2020,,Presente,veryhigh,Muito alto,#F40000,2197,Pontal/SP,1.0
Recursos hídricos,28,Vazão ecológica para usos ecossistêmicos,2020,,Presente,veryhigh,Muito alto,#F40000,1360,Ponte Nova/MG,1.0
Recursos hídricos,28,Vazão ecológica para usos ecossistêmicos,2020,,Presente,veryhigh,Muito alto,#F40000,2200,Populina/SP,1.0
Recursos hídricos,28,Vazão ecológica para usos ecossistêmicos,2020,,Presente,veryhigh,Muito alto,#F40000,3771,Poranga/CE,1.0
Recursos hídricos,28,Vazão ecológica para usos ecossistêmicos,2020,,Presente,veryhigh,Muito alto,#F40000,1363,Porteirinha/MG,1.0
Recursos hídricos,28,Vazão ecológica para usos ecossistêmicos,2020,,Presente,veryhigh,Muito alto,#F40000,3569,Porto Alegre do Piauí/PI,1.0
Recursos hídricos,28,Vazão ecológica para usos ecossistêmicos,2020,,Presente,veryhigh,Muito alto,#F40000,5389,Porto Amazonas/PR,1.0
Recursos hídricos,28,Vazão ecológica para usos ecossistêmicos,2020,,Presente,veryhigh,Muito alto,#F40000,4543,Porto da Folha/SE,1.0
Recursos hídricos,28,Vazão ecológica para usos ecossistêmicos,2020,,Presente,veryhigh,Muito alto,#F40000,639,Porto Esperidião/MT,1.0
Recursos hídricos,28,Vazão ecológica para usos ecossistêmicos,2020,,Presente,veryhigh,Muito alto,#F40000,640,Porto Estrela/MT,1.0
Recursos hídricos,28,Vazão ecológica para usos ecossistêmicos,2020,,Presente,veryhigh,Muito alto,#F40000,2202,Porto Feliz/SP,1.0
Recursos hídricos,28,Vazão ecológica para usos ecossistêmicos,2020,,Presente,veryhigh,Muito alto,#F40000,381,Porto Lucena/RS,1.0
Recursos hídricos,28,Vazão ecológica para usos ecossistêmicos,2020,,Presente,veryhigh,Muito alto,#F40000,582,Porto Murtinho/MS,1.0
Recursos hídricos,28,Vazão ecológica para usos ecossistêmicos,2020,,Presente,veryhigh,Muito alto,#F40000,3151,Porto Nacional/TO,1.0
Recursos hídricos,28,Vazão ecológica para usos ecossistêmicos,2020,,Presente,veryhigh,Muito alto,#F40000,3568,Porto/PI,1.0
Recursos hídricos,28,Vazão ecológica para usos ecossistêmicos,2020,,Presente,veryhigh,Muito alto,#F40000,737,Porto Seguro/BA,1.0
Recursos hídricos,28,Vazão ecológica para usos ecossistêmicos,2020,,Presente,veryhigh,Muito alto,#F40000,383,Porto Vera Cruz/RS,1.0
Recursos hídricos,28,Vazão ecológica para usos ecossistêmicos,2020,,Presente,veryhigh,Muito alto,#F40000,384,Porto Xavier/RS,1.0
Recursos hídricos,28,Vazão ecológica para usos ecossistêmicos,2020,,Presente,veryhigh,Muito alto,#F40000,5024,Posse/GO,1.0
Recursos hídricos,28,Vazão ecológica para usos ecossistêmicos,2020,,Presente,veryhigh,Muito alto,#F40000,1365,Poté/MG,1.0
Recursos hídricos,28,Vazão ecológica para usos ecossistêmicos,2020,,Presente,veryhigh,Muito alto,#F40000,1366,Pouso Alegre/MG,1.0
Recursos hídricos,28,Vazão ecológica para usos ecossistêmicos,2020,,Presente,veryhigh,Muito alto,#F40000,739,Prado/BA,1.0
Recursos hídricos,28,Vazão ecológica para usos ecossistêmicos,2020,,Presente,veryhigh,Muito alto,#F40000,2207,Pradópolis/SP,1.0
Recursos hídricos,28,Vazão ecológica para usos ecossistêmicos,2020,,Presente,veryhigh,Muito alto,#F40000,1370,Pratápolis/MG,1.0
Recursos hídricos,28,Vazão ecológica para usos ecossistêmicos,2020,,Presente,veryhigh,Muito alto,#F40000,1371,Pratinha/MG,1.0
Recursos hídricos,28,Vazão ecológica para usos ecossistêmicos,2020,,Presente,veryhigh,Muito alto,#F40000,1372,Presidente Bernardes/MG,1.0
Recursos hídricos,28,Vazão ecológica para usos ecossistêmicos,2020,,Presente,veryhigh,Muito alto,#F40000,16,Presidente Epitácio/SP,1.0
Recursos hídricos,28,Vazão ecológica para usos ecossistêmicos,2020,,Presente,veryhigh,Muito alto,#F40000,2508,Presidente Getúlio/SC,1.0
Recursos hídricos,28,Vazão ecológica para usos ecossistêmicos,2020,,Presente,veryhigh,Muito alto,#F40000,740,Presidente Jânio Quadros/BA,1.0
Recursos hídricos,28,Vazão ecológica para usos ecossistêmicos,2020,,Presente,veryhigh,Muito alto,#F40000,3337,Presidente Juscelino/MA,1.0
Recursos hídricos,28,Vazão ecológica para usos ecossistêmicos,2020,,Presente,veryhigh,Muito alto,#F40000,1375,Presidente Olegário/MG,1.0
Recursos hídricos,28,Vazão ecológica para usos ecossistêmicos,2020,,Presente,veryhigh,Muito alto,#F40000,4330,Primavera/PE,1.0
Recursos hídricos,28,Vazão ecológica para usos ecossistêmicos,2020,,Presente,veryhigh,Muito alto,#F40000,3341,Primeira Cruz/MA,1.0
Recursos hídricos,28,Vazão ecológica para usos ecossistêmicos,2020,,Presente,veryhigh,Muito alto,#F40000,4131,Princesa Isabel/PB,1.0
Recursos hídricos,28,Vazão ecológica para usos ecossistêmicos,2020,,Presente,veryhigh,Muito alto,#F40000,2779,Professor Jamil/GO,1.0
Recursos hídricos,28,Vazão ecológica para usos ecossistêmicos,2020,,Presente,veryhigh,Muito alto,#F40000,5392,Prudentópolis/PR,1.0
Recursos hídricos,28,Vazão ecológica para usos ecossistêmicos,2020,,Presente,veryhigh,Muito alto,#F40000,2212,Quadra/SP,1.0
Recursos hídricos,28,Vazão ecológica para usos ecossistêmicos,2020,,Presente,veryhigh,Muito alto,#F40000,389,Quaraí/RS,1.0
Recursos hídricos,28,Vazão ecológica para usos ecossistêmicos,2020,,Presente,veryhigh,Muito alto,#F40000,1378,Quartel Geral/MG,1.0
Recursos hídricos,28,Vazão ecológica para usos ecossistêmicos,2020,,Presente,veryhigh,Muito alto,#F40000,2213,Quatá/SP,1.0
Recursos hídricos,28,Vazão ecológica para usos ecossistêmicos,2020,,Presente,veryhigh,Muito alto,#F40000,390,Quatro Irmãos/RS,1.0
Recursos hídricos,28,Vazão ecológica para usos ecossistêmicos,2020,,Presente,veryhigh,Muito alto,#F40000,3571,Queimada Nova/PI,1.0
Recursos hídricos,28,Vazão ecológica para usos ecossistêmicos,2020,,Presente,veryhigh,Muito alto,#F40000,4785,Queimadas/BA,1.0
Recursos hídricos,28,Vazão ecológica para usos ecossistêmicos,2020,,Presente,veryhigh,Muito alto,#F40000,2214,Queiroz/SP,1.0
Recursos hídricos,28,Vazão ecológica para usos ecossistêmicos,2020,,Presente,veryhigh,Muito alto,#F40000,391,Quevedos/RS,1.0
Recursos hídricos,28,Vazão ecológica para usos ecossistêmicos,2020,,Presente,veryhigh,Muito alto,#F40000,99,Quilombo/SC,1.0
Recursos hídricos,28,Vazão ecológica para usos ecossistêmicos,2020,,Presente,veryhigh,Muito alto,#F40000,2780,Quirinópolis/GO,1.0
Recursos hídricos,28,Vazão ecológica para usos ecossistêmicos,2020,,Presente,veryhigh,Muito alto,#F40000,3775,Quiterianópolis/CE,1.0
Recursos hídricos,28,Vazão ecológica para usos ecossistêmicos,2020,,Presente,veryhigh,Muito alto,#F40000,4332,Quixaba/PE,1.0
Recursos hídricos,28,Vazão ecológica para usos ecossistêmicos,2020,,Presente,veryhigh,Muito alto,#F40000,4787,Quixabeira/BA,1.0
Recursos hídricos,28,Vazão ecológica para usos ecossistêmicos,2020,,Presente,veryhigh,Muito alto,#F40000,2217,Rafard/SP,1.0
Recursos hídricos,28,Vazão ecológica para usos ecossistêmicos,2020,,Presente,veryhigh,Muito alto,#F40000,2218,Rancharia/SP,1.0
Recursos hídricos,28,Vazão ecológica para usos ecossistêmicos,2020,,Presente,veryhigh,Muito alto,#F40000,1380,Raposos/MG,1.0
Recursos hídricos,28,Vazão ecológica para usos ecossistêmicos,2020,,Presente,veryhigh,Muito alto,#F40000,1381,Raul Soares/MG,1.0
Recursos hídricos,28,Vazão ecológica para usos ecossistêmicos,2020,,Presente,veryhigh,Muito alto,#F40000,4333,Recife/PE,1.0
Recursos hídricos,28,Vazão ecológica para usos ecossistêmicos,2020,,Presente,veryhigh,Muito alto,#F40000,3572,Redenção do Gurguéia/PI,1.0
Recursos hídricos,28,Vazão ecológica para usos ecossistêmicos,2020,,Presente,veryhigh,Muito alto,#F40000,393,Redentora/RS,1.0
Recursos hídricos,28,Vazão ecológica para usos ecossistêmicos,2020,,Presente,veryhigh,Muito alto,#F40000,1383,Reduto/MG,1.0
Recursos hídricos,28,Vazão ecológica para usos ecossistêmicos,2020,,Presente,veryhigh,Muito alto,#F40000,3573,Regeneração/PI,1.0
Recursos hídricos,28,Vazão ecológica para usos ecossistêmicos,2020,,Presente,veryhigh,Muito alto,#F40000,4789,Remanso/BA,1.0
Recursos hídricos,28,Vazão ecológica para usos ecossistêmicos,2020,,Presente,veryhigh,Muito alto,#F40000,1384,Resende Costa/MG,1.0
Recursos hídricos,28,Vazão ecológica para usos ecossistêmicos,2020,,Presente,veryhigh,Muito alto,#F40000,5398,Reserva/PR,1.0
Recursos hídricos,28,Vazão ecológica para usos ecossistêmicos,2020,,Presente,veryhigh,Muito alto,#F40000,1385,Resplendor/MG,1.0
Recursos hídricos,28,Vazão ecológica para usos ecossistêmicos,2020,,Presente,veryhigh,Muito alto,#F40000,4791,Riachão das Neves/BA,1.0
Recursos hídricos,28,Vazão ecológica para usos ecossistêmicos,2020,,Presente,veryhigh,Muito alto,#F40000,4792,Riachão do Jacuípe/BA,1.0
Recursos hídricos,28,Vazão ecológica para usos ecossistêmicos,2020,,Presente,veryhigh,Muito alto,#F40000,4139,Riachão do Poço/PB,1.0
Recursos hídricos,28,Vazão ecológica para usos ecossistêmicos,2020,,Presente,veryhigh,Muito alto,#F40000,4334,Riacho das Almas/PE,1.0
Recursos hídricos,28,Vazão ecológica para usos ecossistêmicos,2020,,Presente,veryhigh,Muito alto,#F40000,4141,Riacho dos Cavalos/PB,1.0
Recursos hídricos,28,Vazão ecológica para usos ecossistêmicos,2020,,Presente,veryhigh,Muito alto,#F40000,3574,Riacho Frio/PI,1.0
Recursos hídricos,28,Vazão ecológica para usos ecossistêmicos,2020,,Presente,veryhigh,Muito alto,#F40000,3344,Ribamar Fiquene/MA,1.0
Recursos hídricos,28,Vazão ecológica para usos ecossistêmicos,2020,,Presente,veryhigh,Muito alto,#F40000,2227,Ribeirão Corrente/SP,1.0
Recursos hídricos,28,Vazão ecológica para usos ecossistêmicos,2020,,Presente,veryhigh,Muito alto,#F40000,741,Ribeirão do Largo/BA,1.0
Recursos hídricos,28,Vazão ecológica para usos ecossistêmicos,2020,,Presente,veryhigh,Muito alto,#F40000,1665,Rio Bananal/ES,1.0
Recursos hídricos,28,Vazão ecológica para usos ecossistêmicos,2020,,Presente,veryhigh,Muito alto,#F40000,2835,Rio Branco/AC,1.0
Recursos hídricos,28,Vazão ecológica para usos ecossistêmicos,2020,,Presente,veryhigh,Muito alto,#F40000,1748,Rio Claro/RJ,1.0
Recursos hídricos,28,Vazão ecológica para usos ecossistêmicos,2020,,Presente,veryhigh,Muito alto,#F40000,1749,Rio das Flores/RJ,1.0
Recursos hídricos,28,Vazão ecológica para usos ecossistêmicos,2020,,Presente,veryhigh,Muito alto,#F40000,4796,Rio de Contas/BA,1.0
Recursos hídricos,28,Vazão ecológica para usos ecossistêmicos,2020,,Presente,veryhigh,Muito alto,#F40000,2512,Rio do Campo/SC,1.0
Recursos hídricos,28,Vazão ecológica para usos ecossistêmicos,2020,,Presente,veryhigh,Muito alto,#F40000,1393,Rio Doce/MG,1.0
Recursos hídricos,28,Vazão ecológica para usos ecossistêmicos,2020,,Presente,veryhigh,Muito alto,#F40000,3909,Rio do Fogo/RN,1.0
Recursos hídricos,28,Vazão ecológica para usos ecossistêmicos,2020,,Presente,veryhigh,Muito alto,#F40000,2513,Rio do Oeste/SC,1.0
Recursos hídricos,28,Vazão ecológica para usos ecossistêmicos,2020,,Presente,veryhigh,Muito alto,#F40000,1395,Rio Espera/MG,1.0
Recursos hídricos,28,Vazão ecológica para usos ecossistêmicos,2020,,Presente,veryhigh,Muito alto,#F40000,4336,Rio Formoso/PE,1.0
Recursos hídricos,28,Vazão ecológica para usos ecossistêmicos,2020,,Presente,veryhigh,Muito alto,#F40000,2516,Rio Fortuna/SC,1.0
Recursos hídricos,28,Vazão ecológica para usos ecossistêmicos,2020,,Presente,veryhigh,Muito alto,#F40000,397,Rio Grande/RS,1.0
Recursos hídricos,28,Vazão ecológica para usos ecossistêmicos,2020,,Presente,veryhigh,Muito alto,#F40000,4469,Rio Largo/AL,1.0
Recursos hídricos,28,Vazão ecológica para usos ecossistêmicos,2020,,Presente,veryhigh,Muito alto,#F40000,1396,Rio Manso/MG,1.0
Recursos hídricos,28,Vazão ecológica para usos ecossistêmicos,2020,,Presente,veryhigh,Muito alto,#F40000,2517,Rio Negrinho/SC,1.0
Recursos hídricos,28,Vazão ecológica para usos ecossistêmicos,2020,,Presente,veryhigh,Muito alto,#F40000,585,Rio Negro/MS,1.0
Recursos hídricos,28,Vazão ecológica para usos ecossistêmicos,2020,,Presente,veryhigh,Muito alto,#F40000,1398,Rio Paranaíba/MG,1.0
Recursos hídricos,28,Vazão ecológica para usos ecossistêmicos,2020,,Presente,veryhigh,Muito alto,#F40000,1399,Rio Pardo de Minas/MG,1.0
Recursos hídricos,28,Vazão ecológica para usos ecossistêmicos,2020,,Presente,veryhigh,Muito alto,#F40000,398,Rio Pardo/RS,1.0
Recursos hídricos,28,Vazão ecológica para usos ecossistêmicos,2020,,Presente,veryhigh,Muito alto,#F40000,1400,Rio Piracicaba/MG,1.0
Recursos hídricos,28,Vazão ecológica para usos ecossistêmicos,2020,,Presente,veryhigh,Muito alto,#F40000,1402,Rio Preto/MG,1.0
Recursos hídricos,28,Vazão ecológica para usos ecossistêmicos,2020,,Presente,veryhigh,Muito alto,#F40000,4798,Rio Real/BA,1.0
Recursos hídricos,28,Vazão ecológica para usos ecossistêmicos,2020,,Presente,veryhigh,Muito alto,#F40000,586,Rio Verde de Mato Grosso/MS,1.0
Recursos hídricos,28,Vazão ecológica para usos ecossistêmicos,2020,,Presente,veryhigh,Muito alto,#F40000,4980,Rio Verde/GO,1.0
Recursos hídricos,28,Vazão ecológica para usos ecossistêmicos,2020,,Presente,veryhigh,Muito alto,#F40000,1403,Rio Vermelho/MG,1.0
Recursos hídricos,28,Vazão ecológica para usos ecossistêmicos,2020,,Presente,veryhigh,Muito alto,#F40000,587,Rochedo/MS,1.0
Recursos hídricos,28,Vazão ecológica para usos ecossistêmicos,2020,,Presente,veryhigh,Muito alto,#F40000,400,Rodeio Bonito/RS,1.0
Recursos hídricos,28,Vazão ecológica para usos ecossistêmicos,2020,,Presente,veryhigh,Muito alto,#F40000,4799,Rodelas/BA,1.0
Recursos hídricos,28,Vazão ecológica para usos ecossistêmicos,2020,,Presente,veryhigh,Muito alto,#F40000,401,Rolador/RS,1.0
Recursos hídricos,28,Vazão ecológica para usos ecossistêmicos,2020,,Presente,veryhigh,Muito alto,#F40000,1407,Romaria/MG,1.0
Recursos hídricos,28,Vazão ecológica para usos ecossistêmicos,2020,,Presente,veryhigh,Muito alto,#F40000,402,Ronda Alta/RS,1.0
Recursos hídricos,28,Vazão ecológica para usos ecossistêmicos,2020,,Presente,veryhigh,Muito alto,#F40000,403,Rondinha/RS,1.0
Recursos hídricos,28,Vazão ecológica para usos ecossistêmicos,2020,,Presente,veryhigh,Muito alto,#F40000,405,Rosário do Sul/RS,1.0
Recursos hídricos,28,Vazão ecológica para usos ecossistêmicos,2020,,Presente,veryhigh,Muito alto,#F40000,3345,Rosário/MA,1.0
Recursos hídricos,28,Vazão ecológica para usos ecossistêmicos,2020,,Presente,veryhigh,Muito alto,#F40000,4470,Roteiro/AL,1.0
Recursos hídricos,28,Vazão ecológica para usos ecossistêmicos,2020,,Presente,veryhigh,Muito alto,#F40000,1409,Rubelita/MG,1.0
Recursos hídricos,28,Vazão ecológica para usos ecossistêmicos,2020,,Presente,veryhigh,Muito alto,#F40000,2241,Rubiácea/SP,1.0
Recursos hídricos,28,Vazão ecológica para usos ecossistêmicos,2020,,Presente,veryhigh,Muito alto,#F40000,3783,Saboeiro/CE,1.0
Recursos hídricos,28,Vazão ecológica para usos ecossistêmicos,2020,,Presente,veryhigh,Muito alto,#F40000,2247,Salesópolis/SP,1.0
Recursos hídricos,28,Vazão ecológica para usos ecossistêmicos,2020,,Presente,veryhigh,Muito alto,#F40000,2520,Salete/SC,1.0
Recursos hídricos,28,Vazão ecológica para usos ecossistêmicos,2020,,Presente,veryhigh,Muito alto,#F40000,1414,Salinas/MG,1.0
Recursos hídricos,28,Vazão ecológica para usos ecossistêmicos,2020,,Presente,veryhigh,Muito alto,#F40000,3784,Salitre/CE,1.0
Recursos hídricos,28,Vazão ecológica para usos ecossistêmicos,2020,,Presente,veryhigh,Muito alto,#F40000,2249,Saltinho/SP,1.0
Recursos hídricos,28,Vazão ecológica para usos ecossistêmicos,2020,,Presente,veryhigh,Muito alto,#F40000,2251,Salto de Pirapora/SP,1.0
Recursos hídricos,28,Vazão ecológica para usos ecossistêmicos,2020,,Presente,veryhigh,Muito alto,#F40000,651,Salto do Céu/MT,1.0
Recursos hídricos,28,Vazão ecológica para usos ecossistêmicos,2020,,Presente,veryhigh,Muito alto,#F40000,3346,Sambaíba/MA,1.0
Recursos hídricos,28,Vazão ecológica para usos ecossistêmicos,2020,,Presente,veryhigh,Muito alto,#F40000,3160,Sampaio/TO,1.0
Recursos hídricos,28,Vazão ecológica para usos ecossistêmicos,2020,,Presente,veryhigh,Muito alto,#F40000,411,Sananduva/RS,1.0
Recursos hídricos,28,Vazão ecológica para usos ecossistêmicos,2020,,Presente,veryhigh,Muito alto,#F40000,2255,Santa Bárbara d'Oeste/SP,1.0
Recursos hídricos,28,Vazão ecológica para usos ecossistêmicos,2020,,Presente,veryhigh,Muito alto,#F40000,1417,Santa Bárbara do Leste/MG,1.0
Recursos hídricos,28,Vazão ecológica para usos ecossistêmicos,2020,,Presente,veryhigh,Muito alto,#F40000,412,Santa Bárbara do Sul/RS,1.0
Recursos hídricos,28,Vazão ecológica para usos ecossistêmicos,2020,,Presente,veryhigh,Muito alto,#F40000,1416,Santa Bárbara/MG,1.0
Recursos hídricos,28,Vazão ecológica para usos ecossistêmicos,2020,,Presente,veryhigh,Muito alto,#F40000,2258,Santa Cruz da Conceição/SP,1.0
Recursos hídricos,28,Vazão ecológica para usos ecossistêmicos,2020,,Presente,veryhigh,Muito alto,#F40000,2260,Santa Cruz das Palmeiras/SP,1.0
Recursos hídricos,28,Vazão ecológica para usos ecossistêmicos,2020,,Presente,veryhigh,Muito alto,#F40000,1422,Santa Cruz do Escalvado/MG,1.0
Recursos hídricos,28,Vazão ecológica para usos ecossistêmicos,2020,,Presente,veryhigh,Muito alto,#F40000,3578,Santa Cruz do Piauí/PI,1.0
Recursos hídricos,28,Vazão ecológica para usos ecossistêmicos,2020,,Presente,veryhigh,Muito alto,#F40000,3579,Santa Cruz dos Milagres/PI,1.0
Recursos hídricos,28,Vazão ecológica para usos ecossistêmicos,2020,,Presente,veryhigh,Muito alto,#F40000,1424,Santa Fé de Minas/MG,1.0
Recursos hídricos,28,Vazão ecológica para usos ecossistêmicos,2020,,Presente,veryhigh,Muito alto,#F40000,2788,Santa Helena de Goiás/GO,1.0
Recursos hídricos,28,Vazão ecológica para usos ecossistêmicos,2020,,Presente,veryhigh,Muito alto,#F40000,3348,Santa Helena/MA,1.0
Recursos hídricos,28,Vazão ecológica para usos ecossistêmicos,2020,,Presente,veryhigh,Muito alto,#F40000,3018,Santa Izabel do Pará/PA,1.0
Recursos hídricos,28,Vazão ecológica para usos ecossistêmicos,2020,,Presente,veryhigh,Muito alto,#F40000,1426,Santa Juliana/MG,1.0
Recursos hídricos,28,Vazão ecológica para usos ecossistêmicos,2020,,Presente,veryhigh,Muito alto,#F40000,1667,Santa Leopoldina/ES,1.0
Recursos hídricos,28,Vazão ecológica para usos ecossistêmicos,2020,,Presente,veryhigh,Muito alto,#F40000,2266,Santa Lúcia/SP,1.0
Recursos hídricos,28,Vazão ecológica para usos ecossistêmicos,2020,,Presente,veryhigh,Muito alto,#F40000,744,Santa Luzia/BA,1.0
Recursos hídricos,28,Vazão ecológica para usos ecossistêmicos,2020,,Presente,veryhigh,Muito alto,#F40000,3581,Santa Luz/PI,1.0
Recursos hídricos,28,Vazão ecológica para usos ecossistêmicos,2020,,Presente,veryhigh,Muito alto,#F40000,417,Santa Margarida do Sul/RS,1.0
Recursos hídricos,28,Vazão ecológica para usos ecossistêmicos,2020,,Presente,veryhigh,Muito alto,#F40000,1428,Santa Margarida/MG,1.0
Recursos hídricos,28,Vazão ecológica para usos ecossistêmicos,2020,,Presente,veryhigh,Muito alto,#F40000,4346,Santa Maria da Boa Vista/PE,1.0
Recursos hídricos,28,Vazão ecológica para usos ecossistêmicos,2020,,Presente,veryhigh,Muito alto,#F40000,1429,Santa Maria de Itabira/MG,1.0
Recursos hídricos,28,Vazão ecológica para usos ecossistêmicos,2020,,Presente,veryhigh,Muito alto,#F40000,416,Santa Maria/RS,1.0
Recursos hídricos,28,Vazão ecológica para usos ecossistêmicos,2020,,Presente,veryhigh,Muito alto,#F40000,2268,Santana da Ponte Pensa/SP,1.0
Recursos hídricos,28,Vazão ecológica para usos ecossistêmicos,2020,,Presente,veryhigh,Muito alto,#F40000,2269,Santana de Parnaíba/SP,1.0
Recursos hídricos,28,Vazão ecológica para usos ecossistêmicos,2020,,Presente,veryhigh,Muito alto,#F40000,419,Sant'Ana do Livramento/RS,1.0
Recursos hídricos,28,Vazão ecológica para usos ecossistêmicos,2020,,Presente,veryhigh,Muito alto,#F40000,1438,Santana do Manhuaçu/MG,1.0
Recursos hídricos,28,Vazão ecológica para usos ecossistêmicos,2020,,Presente,veryhigh,Muito alto,#F40000,3935,Santana do Matos/RN,1.0
Recursos hídricos,28,Vazão ecológica para usos ecossistêmicos,2020,,Presente,veryhigh,Muito alto,#F40000,1441,Santana dos Montes/MG,1.0
Recursos hídricos,28,Vazão ecológica para usos ecossistêmicos,2020,,Presente,veryhigh,Muito alto,#F40000,1442,Santa Rita de Caldas/MG,1.0
Recursos hídricos,28,Vazão ecológica para usos ecossistêmicos,2020,,Presente,veryhigh,Muito alto,#F40000,668,Santa Rita do Araguaia/GO,1.0
Recursos hídricos,28,Vazão ecológica para usos ecossistêmicos,2020,,Presente,veryhigh,Muito alto,#F40000,1446,Santa Rita do Itueto/MG,1.0
Recursos hídricos,28,Vazão ecológica para usos ecossistêmicos,2020,,Presente,veryhigh,Muito alto,#F40000,588,Santa Rita do Pardo/MS,1.0
Recursos hídricos,28,Vazão ecológica para usos ecossistêmicos,2020,,Presente,veryhigh,Muito alto,#F40000,3353,Santa Rita/MA,1.0
Recursos hídricos,28,Vazão ecológica para usos ecossistêmicos,2020,,Presente,veryhigh,Muito alto,#F40000,4153,Santa Rita/PB,1.0
Recursos hídricos,28,Vazão ecológica para usos ecossistêmicos,2020,,Presente,veryhigh,Muito alto,#F40000,2272,Santa Rosa de Viterbo/SP,1.0
Recursos hídricos,28,Vazão ecológica para usos ecossistêmicos,2020,,Presente,veryhigh,Muito alto,#F40000,3583,Santa Rosa do Piauí/PI,1.0
Recursos hídricos,28,Vazão ecológica para usos ecossistêmicos,2020,,Presente,veryhigh,Muito alto,#F40000,420,Santa Rosa/RS,1.0
Recursos hídricos,28,Vazão ecológica para usos ecossistêmicos,2020,,Presente,veryhigh,Muito alto,#F40000,2273,Santa Salete/SP,1.0
Recursos hídricos,28,Vazão ecológica para usos ecossistêmicos,2020,,Presente,veryhigh,Muito alto,#F40000,1669,Santa Teresa/ES,1.0
Recursos hídricos,28,Vazão ecológica para usos ecossistêmicos,2020,,Presente,veryhigh,Muito alto,#F40000,4871,Santa Terezinha/MT,1.0
Recursos hídricos,28,Vazão ecológica para usos ecossistêmicos,2020,,Presente,veryhigh,Muito alto,#F40000,4348,Santa Terezinha/PE,1.0
Recursos hídricos,28,Vazão ecológica para usos ecossistêmicos,2020,,Presente,veryhigh,Muito alto,#F40000,2525,Santa Terezinha/SC,1.0
Recursos hídricos,28,Vazão ecológica para usos ecossistêmicos,2020,,Presente,veryhigh,Muito alto,#F40000,422,Santa Vitória do Palmar/RS,1.0
Recursos hídricos,28,Vazão ecológica para usos ecossistêmicos,2020,,Presente,veryhigh,Muito alto,#F40000,1449,Santa Vitória/MG,1.0
Recursos hídricos,28,Vazão ecológica para usos ecossistêmicos,2020,,Presente,veryhigh,Muito alto,#F40000,105,Santiago do Sul/SC,1.0
Recursos hídricos,28,Vazão ecológica para usos ecossistêmicos,2020,,Presente,veryhigh,Muito alto,#F40000,423,Santiago/RS,1.0
Recursos hídricos,28,Vazão ecológica para usos ecossistêmicos,2020,,Presente,veryhigh,Muito alto,#F40000,2526,Santo Amaro da Imperatriz/SC,1.0
Recursos hídricos,28,Vazão ecológica para usos ecossistêmicos,2020,,Presente,veryhigh,Muito alto,#F40000,2275,Santo Antônio da Alegria/SP,1.0
Recursos hídricos,28,Vazão ecológica para usos ecossistêmicos,2020,,Presente,veryhigh,Muito alto,#F40000,2792,Santo Antônio da Barra/GO,1.0
Recursos hídricos,28,Vazão ecológica para usos ecossistêmicos,2020,,Presente,veryhigh,Muito alto,#F40000,2622,Santo Antônio da Patrulha/RS,1.0
Recursos hídricos,28,Vazão ecológica para usos ecossistêmicos,2020,,Presente,veryhigh,Muito alto,#F40000,426,Santo Antônio das Missões/RS,1.0
Recursos hídricos,28,Vazão ecológica para usos ecossistêmicos,2020,,Presente,veryhigh,Muito alto,#F40000,2793,Santo Antônio de Goiás/GO,1.0
Recursos hídricos,28,Vazão ecológica para usos ecossistêmicos,2020,,Presente,veryhigh,Muito alto,#F40000,2794,Santo Antônio do Descoberto/GO,1.0
Recursos hídricos,28,Vazão ecológica para usos ecossistêmicos,2020,,Presente,veryhigh,Muito alto,#F40000,2278,Santo Antônio do Jardim/SP,1.0
Recursos hídricos,28,Vazão ecológica para usos ecossistêmicos,2020,,Presente,veryhigh,Muito alto,#F40000,652,Santo Antônio do Leste/MT,1.0
Recursos hídricos,28,Vazão ecológica para usos ecossistêmicos,2020,,Presente,veryhigh,Muito alto,#F40000,653,Santo Antônio do Leverger/MT,1.0
Recursos hídricos,28,Vazão ecológica para usos ecossistêmicos,2020,,Presente,veryhigh,Muito alto,#F40000,1456,Santo Antônio do Retiro/MG,1.0
Recursos hídricos,28,Vazão ecológica para usos ecossistêmicos,2020,,Presente,veryhigh,Muito alto,#F40000,428,Santo Augusto/RS,1.0
Recursos hídricos,28,Vazão ecológica para usos ecossistêmicos,2020,,Presente,veryhigh,Muito alto,#F40000,3586,Santo Inácio do Piauí/PI,1.0
Recursos hídricos,28,Vazão ecológica para usos ecossistêmicos,2020,,Presente,veryhigh,Muito alto,#F40000,5272,Santo Inácio/PR,1.0
Recursos hídricos,28,Vazão ecológica para usos ecossistêmicos,2020,,Presente,veryhigh,Muito alto,#F40000,3788,São Benedito/CE,1.0
Recursos hídricos,28,Vazão ecológica para usos ecossistêmicos,2020,,Presente,veryhigh,Muito alto,#F40000,3357,São Benedito do Rio Preto/MA,1.0
Recursos hídricos,28,Vazão ecológica para usos ecossistêmicos,2020,,Presente,veryhigh,Muito alto,#F40000,3168,São Bento do Tocantins/TO,1.0
Recursos hídricos,28,Vazão ecológica para usos ecossistêmicos,2020,,Presente,veryhigh,Muito alto,#F40000,4350,São Bento do Una/PE,1.0
Recursos hídricos,28,Vazão ecológica para usos ecossistêmicos,2020,,Presente,veryhigh,Muito alto,#F40000,3358,São Bento/MA,1.0
Recursos hídricos,28,Vazão ecológica para usos ecossistêmicos,2020,,Presente,veryhigh,Muito alto,#F40000,3359,São Bernardo/MA,1.0
Recursos hídricos,28,Vazão ecológica para usos ecossistêmicos,2020,,Presente,veryhigh,Muito alto,#F40000,2528,São Bonifácio/SC,1.0
Recursos hídricos,28,Vazão ecológica para usos ecossistêmicos,2020,,Presente,veryhigh,Muito alto,#F40000,431,São Borja/RS,1.0
Recursos hídricos,28,Vazão ecológica para usos ecossistêmicos,2020,,Presente,veryhigh,Muito alto,#F40000,2284,São Caetano do Sul/SP,1.0
Recursos hídricos,28,Vazão ecológica para usos ecossistêmicos,2020,,Presente,veryhigh,Muito alto,#F40000,107,São Carlos/SC,1.0
Recursos hídricos,28,Vazão ecológica para usos ecossistêmicos,2020,,Presente,veryhigh,Muito alto,#F40000,2285,São Carlos/SP,1.0
Recursos hídricos,28,Vazão ecológica para usos ecossistêmicos,2020,,Presente,veryhigh,Muito alto,#F40000,4158,São Domingos do Cariri/PB,1.0
Recursos hídricos,28,Vazão ecológica para usos ecossistêmicos,2020,,Presente,veryhigh,Muito alto,#F40000,4891,São Domingos/GO,1.0
Recursos hídricos,28,Vazão ecológica para usos ecossistêmicos,2020,,Presente,veryhigh,Muito alto,#F40000,3588,São Félix do Piauí/PI,1.0
Recursos hídricos,28,Vazão ecológica para usos ecossistêmicos,2020,,Presente,veryhigh,Muito alto,#F40000,3940,São Fernando/RN,1.0
Recursos hídricos,28,Vazão ecológica para usos ecossistêmicos,2020,,Presente,veryhigh,Muito alto,#F40000,3589,São Francisco de Assis do Piauí/PI,1.0
Recursos hídricos,28,Vazão ecológica para usos ecossistêmicos,2020,,Presente,veryhigh,Muito alto,#F40000,433,São Francisco de Assis/RS,1.0
Recursos hídricos,28,Vazão ecológica para usos ecossistêmicos,2020,,Presente,veryhigh,Muito alto,#F40000,1754,São Francisco de Itabapoana/RJ,1.0
Recursos hídricos,28,Vazão ecológica para usos ecossistêmicos,2020,,Presente,veryhigh,Muito alto,#F40000,1467,São Francisco de Sales/MG,1.0
Recursos hídricos,28,Vazão ecológica para usos ecossistêmicos,2020,,Presente,veryhigh,Muito alto,#F40000,3590,São Francisco do Piauí/PI,1.0
Recursos hídricos,28,Vazão ecológica para usos ecossistêmicos,2020,,Presente,veryhigh,Muito alto,#F40000,434,São Gabriel/RS,1.0
Recursos hídricos,28,Vazão ecológica para usos ecossistêmicos,2020,,Presente,veryhigh,Muito alto,#F40000,1471,São Geraldo do Baixio/MG,1.0
Recursos hídricos,28,Vazão ecológica para usos ecossistêmicos,2020,,Presente,veryhigh,Muito alto,#F40000,1472,São Gonçalo do Abaeté/MG,1.0
Recursos hídricos,28,Vazão ecológica para usos ecossistêmicos,2020,,Presente,veryhigh,Muito alto,#F40000,3942,São Gonçalo do Amarante/RN,1.0
Recursos hídricos,28,Vazão ecológica para usos ecossistêmicos,2020,,Presente,veryhigh,Muito alto,#F40000,3591,São Gonçalo do Gurguéia/PI,1.0
Recursos hídricos,28,Vazão ecológica para usos ecossistêmicos,2020,,Presente,veryhigh,Muito alto,#F40000,1473,São Gonçalo do Pará/MG,1.0
Recursos hídricos,28,Vazão ecológica para usos ecossistêmicos,2020,,Presente,veryhigh,Muito alto,#F40000,1474,São Gonçalo do Rio Abaixo/MG,1.0
Recursos hídricos,28,Vazão ecológica para usos ecossistêmicos,2020,,Presente,veryhigh,Muito alto,#F40000,1475,São Gonçalo do Sapucaí/MG,1.0
Recursos hídricos,28,Vazão ecológica para usos ecossistêmicos,2020,,Presente,veryhigh,Muito alto,#F40000,4822,São Gonçalo dos Campos/BA,1.0
Recursos hídricos,28,Vazão ecológica para usos ecossistêmicos,2020,,Presente,veryhigh,Muito alto,#F40000,1476,São Gotardo/MG,1.0
Recursos hídricos,28,Vazão ecológica para usos ecossistêmicos,2020,,Presente,veryhigh,Muito alto,#F40000,5412,São Jerônimo da Serra/PR,1.0
Recursos hídricos,28,Vazão ecológica para usos ecossistêmicos,2020,,Presente,veryhigh,Muito alto,#F40000,1757,São João da Barra/RJ,1.0
Recursos hídricos,28,Vazão ecológica para usos ecossistêmicos,2020,,Presente,veryhigh,Muito alto,#F40000,3594,São João da Fronteira/PI,1.0
Recursos hídricos,28,Vazão ecológica para usos ecossistêmicos,2020,,Presente,veryhigh,Muito alto,#F40000,1478,São João da Lagoa/MG,1.0
Recursos hídricos,28,Vazão ecológica para usos ecossistêmicos,2020,,Presente,veryhigh,Muito alto,#F40000,3030,São João da Ponta/PA,1.0
Recursos hídricos,28,Vazão ecológica para usos ecossistêmicos,2020,,Presente,veryhigh,Muito alto,#F40000,1480,São João da Ponte/MG,1.0
Recursos hídricos,28,Vazão ecológica para usos ecossistêmicos,2020,,Presente,veryhigh,Muito alto,#F40000,3595,São João da Serra/PI,1.0
Recursos hídricos,28,Vazão ecológica para usos ecossistêmicos,2020,,Presente,veryhigh,Muito alto,#F40000,3596,São João da Varjota/PI,1.0
Recursos hídricos,28,Vazão ecológica para usos ecossistêmicos,2020,,Presente,veryhigh,Muito alto,#F40000,1482,São João del Rei/MG,1.0
Recursos hídricos,28,Vazão ecológica para usos ecossistêmicos,2020,,Presente,veryhigh,Muito alto,#F40000,5275,São João do Caiuá/PR,1.0
Recursos hídricos,28,Vazão ecológica para usos ecossistêmicos,2020,,Presente,veryhigh,Muito alto,#F40000,1485,São João do Oriente/MG,1.0
Recursos hídricos,28,Vazão ecológica para usos ecossistêmicos,2020,,Presente,veryhigh,Muito alto,#F40000,1486,São João do Pacuí/MG,1.0
Recursos hídricos,28,Vazão ecológica para usos ecossistêmicos,2020,,Presente,veryhigh,Muito alto,#F40000,1487,São João do Paraíso/MG,1.0
Recursos hídricos,28,Vazão ecológica para usos ecossistêmicos,2020,,Presente,veryhigh,Muito alto,#F40000,3987,São João do Rio do Peixe/PB,1.0
Recursos hídricos,28,Vazão ecológica para usos ecossistêmicos,2020,,Presente,veryhigh,Muito alto,#F40000,3369,São João dos Patos/MA,1.0
Recursos hídricos,28,Vazão ecológica para usos ecossistêmicos,2020,,Presente,veryhigh,Muito alto,#F40000,5413,São João do Triunfo/PR,1.0
Recursos hídricos,28,Vazão ecológica para usos ecossistêmicos,2020,,Presente,veryhigh,Muito alto,#F40000,2534,São Joaquim/SC,1.0
Recursos hídricos,28,Vazão ecológica para usos ecossistêmicos,2020,,Presente,veryhigh,Muito alto,#F40000,1491,São José da Barra/MG,1.0
Recursos hídricos,28,Vazão ecológica para usos ecossistêmicos,2020,,Presente,veryhigh,Muito alto,#F40000,4354,São José da Coroa Grande/PE,1.0
Recursos hídricos,28,Vazão ecológica para usos ecossistêmicos,2020,,Presente,veryhigh,Muito alto,#F40000,4475,São José da Laje/AL,1.0
Recursos hídricos,28,Vazão ecológica para usos ecossistêmicos,2020,,Presente,veryhigh,Muito alto,#F40000,1494,São José da Varginha/MG,1.0
Recursos hídricos,28,Vazão ecológica para usos ecossistêmicos,2020,,Presente,veryhigh,Muito alto,#F40000,745,São José da Vitória/BA,1.0
Recursos hídricos,28,Vazão ecológica para usos ecossistêmicos,2020,,Presente,veryhigh,Muito alto,#F40000,3944,São José de Mipibu/RN,1.0
Recursos hídricos,28,Vazão ecológica para usos ecossistêmicos,2020,,Presente,veryhigh,Muito alto,#F40000,4167,São José de Piranhas/PB,1.0
Recursos hídricos,28,Vazão ecológica para usos ecossistêmicos,2020,,Presente,veryhigh,Muito alto,#F40000,4169,São José do Bonfim/PB,1.0
Recursos hídricos,28,Vazão ecológica para usos ecossistêmicos,2020,,Presente,veryhigh,Muito alto,#F40000,110,São José do Cedro/SC,1.0
Recursos hídricos,28,Vazão ecológica para usos ecossistêmicos,2020,,Presente,veryhigh,Muito alto,#F40000,1497,São José do Goiabal/MG,1.0
Recursos hídricos,28,Vazão ecológica para usos ecossistêmicos,2020,,Presente,veryhigh,Muito alto,#F40000,442,São José do Ouro/RS,1.0
Recursos hídricos,28,Vazão ecológica para usos ecossistêmicos,2020,,Presente,veryhigh,Muito alto,#F40000,2293,São José do Rio Pardo/SP,1.0
Recursos hídricos,28,Vazão ecológica para usos ecossistêmicos,2020,,Presente,veryhigh,Muito alto,#F40000,2625,São José dos Ausentes/RS,1.0
Recursos hídricos,28,Vazão ecológica para usos ecossistêmicos,2020,,Presente,veryhigh,Muito alto,#F40000,3946,São José do Seridó/RN,1.0
Recursos hídricos,28,Vazão ecológica para usos ecossistêmicos,2020,,Presente,veryhigh,Muito alto,#F40000,4357,São Lourenço da Mata/PE,1.0
Recursos hídricos,28,Vazão ecológica para usos ecossistêmicos,2020,,Presente,veryhigh,Muito alto,#F40000,2537,São Ludgero/SC,1.0
Recursos hídricos,28,Vazão ecológica para usos ecossistêmicos,2020,,Presente,veryhigh,Muito alto,#F40000,4477,São Luís do Quitunde/AL,1.0
Recursos hídricos,28,Vazão ecológica para usos ecossistêmicos,2020,,Presente,veryhigh,Muito alto,#F40000,2297,São Luiz do Paraitinga/SP,1.0
Recursos hídricos,28,Vazão ecológica para usos ecossistêmicos,2020,,Presente,veryhigh,Muito alto,#F40000,447,São Martinho da Serra/RS,1.0
Recursos hídricos,28,Vazão ecológica para usos ecossistêmicos,2020,,Presente,veryhigh,Muito alto,#F40000,446,São Martinho/RS,1.0
Recursos hídricos,28,Vazão ecológica para usos ecossistêmicos,2020,,Presente,veryhigh,Muito alto,#F40000,5416,São Mateus do Sul/PR,1.0
Recursos hídricos,28,Vazão ecológica para usos ecossistêmicos,2020,,Presente,veryhigh,Muito alto,#F40000,3605,São Miguel da Baixa Grande/PI,1.0
Recursos hídricos,28,Vazão ecológica para usos ecossistêmicos,2020,,Presente,veryhigh,Muito alto,#F40000,448,São Miguel das Missões/RS,1.0
Recursos hídricos,28,Vazão ecológica para usos ecossistêmicos,2020,,Presente,veryhigh,Muito alto,#F40000,5543,São Miguel do Guaporé/RO,1.0
Recursos hídricos,28,Vazão ecológica para usos ecossistêmicos,2020,,Presente,veryhigh,Muito alto,#F40000,113,São Miguel do Oeste/SC,1.0
Recursos hídricos,28,Vazão ecológica para usos ecossistêmicos,2020,,Presente,veryhigh,Muito alto,#F40000,2799,São Miguel do Passa Quatro/GO,1.0
Recursos hídricos,28,Vazão ecológica para usos ecossistêmicos,2020,,Presente,veryhigh,Muito alto,#F40000,4478,São Miguel dos Campos/AL,1.0
Recursos hídricos,28,Vazão ecológica para usos ecossistêmicos,2020,,Presente,veryhigh,Muito alto,#F40000,4479,São Miguel dos Milagres/AL,1.0
Recursos hídricos,28,Vazão ecológica para usos ecossistêmicos,2020,,Presente,veryhigh,Muito alto,#F40000,3607,São Miguel do Tapuio/PI,1.0
Recursos hídricos,28,Vazão ecológica para usos ecossistêmicos,2020,,Presente,veryhigh,Muito alto,#F40000,3170,São Miguel do Tocantins/TO,1.0
Recursos hídricos,28,Vazão ecológica para usos ecossistêmicos,2020,,Presente,veryhigh,Muito alto,#F40000,2300,São Paulo/SP,1.0
Recursos hídricos,28,Vazão ecológica para usos ecossistêmicos,2020,,Presente,veryhigh,Muito alto,#F40000,3375,São Pedro da Água Branca/MA,1.0
Recursos hídricos,28,Vazão ecológica para usos ecossistêmicos,2020,,Presente,veryhigh,Muito alto,#F40000,1503,São Pedro dos Ferros/MG,1.0
Recursos hídricos,28,Vazão ecológica para usos ecossistêmicos,2020,,Presente,veryhigh,Muito alto,#F40000,1504,São Pedro do Suaçuí/MG,1.0
Recursos hídricos,28,Vazão ecológica para usos ecossistêmicos,2020,,Presente,veryhigh,Muito alto,#F40000,3950,São Pedro/RN,1.0
Recursos hídricos,28,Vazão ecológica para usos ecossistêmicos,2020,,Presente,veryhigh,Muito alto,#F40000,3609,São Raimundo Nonato/PI,1.0
Recursos hídricos,28,Vazão ecológica para usos ecossistêmicos,2020,,Presente,veryhigh,Muito alto,#F40000,1506,São Roque de Minas/MG,1.0
Recursos hídricos,28,Vazão ecológica para usos ecossistêmicos,2020,,Presente,veryhigh,Muito alto,#F40000,1674,São Roque do Canaã/ES,1.0
Recursos hídricos,28,Vazão ecológica para usos ecossistêmicos,2020,,Presente,veryhigh,Muito alto,#F40000,2303,São Roque/SP,1.0
Recursos hídricos,28,Vazão ecológica para usos ecossistêmicos,2020,,Presente,veryhigh,Muito alto,#F40000,3171,São Salvador do Tocantins/TO,1.0
Recursos hídricos,28,Vazão ecológica para usos ecossistêmicos,2020,,Presente,veryhigh,Muito alto,#F40000,4480,São Sebastião/AL,1.0
Recursos hídricos,28,Vazão ecológica para usos ecossistêmicos,2020,,Presente,veryhigh,Muito alto,#F40000,1508,São Sebastião da Vargem Alegre/MG,1.0
Recursos hídricos,28,Vazão ecológica para usos ecossistêmicos,2020,,Presente,veryhigh,Muito alto,#F40000,1513,São Sebastião do Rio Preto/MG,1.0
Recursos hídricos,28,Vazão ecológica para usos ecossistêmicos,2020,,Presente,veryhigh,Muito alto,#F40000,3172,São Sebastião do Tocantins/TO,1.0
Recursos hídricos,28,Vazão ecológica para usos ecossistêmicos,2020,,Presente,veryhigh,Muito alto,#F40000,4176,São Sebastião do Umbuzeiro/PB,1.0
Recursos hídricos,28,Vazão ecológica para usos ecossistêmicos,2020,,Presente,veryhigh,Muito alto,#F40000,455,São Sepé/RS,1.0
Recursos hídricos,28,Vazão ecológica para usos ecossistêmicos,2020,,Presente,veryhigh,Muito alto,#F40000,2306,São Simão/SP,1.0
Recursos hídricos,28,Vazão ecológica para usos ecossistêmicos,2020,,Presente,veryhigh,Muito alto,#F40000,1516,São Tomás de Aquino/MG,1.0
Recursos hídricos,28,Vazão ecológica para usos ecossistêmicos,2020,,Presente,veryhigh,Muito alto,#F40000,458,São Valério do Sul/RS,1.0
Recursos hídricos,28,Vazão ecológica para usos ecossistêmicos,2020,,Presente,veryhigh,Muito alto,#F40000,459,São Vicente do Sul/RS,1.0
Recursos hídricos,28,Vazão ecológica para usos ecossistêmicos,2020,,Presente,veryhigh,Muito alto,#F40000,3380,São Vicente Ferrer/MA,1.0
Recursos hídricos,28,Vazão ecológica para usos ecossistêmicos,2020,,Presente,veryhigh,Muito alto,#F40000,460,Sarandi/RS,1.0
Recursos hídricos,28,Vazão ecológica para usos ecossistêmicos,2020,,Presente,veryhigh,Muito alto,#F40000,2308,Sarapuí/SP,1.0
Recursos hídricos,28,Vazão ecológica para usos ecossistêmicos,2020,,Presente,veryhigh,Muito alto,#F40000,4827,Sátiro Dias/BA,1.0
Recursos hídricos,28,Vazão ecológica para usos ecossistêmicos,2020,,Presente,veryhigh,Muito alto,#F40000,4481,Satuba/AL,1.0
Recursos hídricos,28,Vazão ecológica para usos ecossistêmicos,2020,,Presente,veryhigh,Muito alto,#F40000,4830,Seabra/BA,1.0
Recursos hídricos,28,Vazão ecológica para usos ecossistêmicos,2020,,Presente,veryhigh,Muito alto,#F40000,115,Seara/SC,1.0
Recursos hídricos,28,Vazão ecológica para usos ecossistêmicos,2020,,Presente,veryhigh,Muito alto,#F40000,3610,Sebastião Barros/PI,1.0
Recursos hídricos,28,Vazão ecológica para usos ecossistêmicos,2020,,Presente,veryhigh,Muito alto,#F40000,746,Sebastião Laranjeiras/BA,1.0
Recursos hídricos,28,Vazão ecológica para usos ecossistêmicos,2020,,Presente,veryhigh,Muito alto,#F40000,3611,Sebastião Leal/PI,1.0
Recursos hídricos,28,Vazão ecológica para usos ecossistêmicos,2020,,Presente,veryhigh,Muito alto,#F40000,2802,Senador Canedo/GO,1.0
Recursos hídricos,28,Vazão ecológica para usos ecossistêmicos,2020,,Presente,veryhigh,Muito alto,#F40000,1526,Senador Firmino/MG,1.0
Recursos hídricos,28,Vazão ecológica para usos ecossistêmicos,2020,,Presente,veryhigh,Muito alto,#F40000,3955,Senador Georgino Avelino/RN,1.0
Recursos hídricos,28,Vazão ecológica para usos ecossistêmicos,2020,,Presente,veryhigh,Muito alto,#F40000,2839,Sena Madureira/AC,1.0
Recursos hídricos,28,Vazão ecológica para usos ecossistêmicos,2020,,Presente,veryhigh,Muito alto,#F40000,1531,Senhora dos Remédios/MG,1.0
Recursos hídricos,28,Vazão ecológica para usos ecossistêmicos,2020,,Presente,veryhigh,Muito alto,#F40000,466,Sentinela do Sul/RS,1.0
Recursos hídricos,28,Vazão ecológica para usos ecossistêmicos,2020,,Presente,veryhigh,Muito alto,#F40000,4833,Sento Sé/BA,1.0
Recursos hídricos,28,Vazão ecológica para usos ecossistêmicos,2020,,Presente,veryhigh,Muito alto,#F40000,1532,Sericita/MG,1.0
Recursos hídricos,28,Vazão ecológica para usos ecossistêmicos,2020,,Presente,veryhigh,Muito alto,#F40000,1675,Serra/ES,1.0
Recursos hídricos,28,Vazão ecológica para usos ecossistêmicos,2020,,Presente,veryhigh,Muito alto,#F40000,2313,Serra Negra/SP,1.0
Recursos hídricos,28,Vazão ecológica para usos ecossistêmicos,2020,,Presente,veryhigh,Muito alto,#F40000,3384,Serrano do Maranhão/MA,1.0
Recursos hídricos,28,Vazão ecológica para usos ecossistêmicos,2020,,Presente,veryhigh,Muito alto,#F40000,1539,Serranópolis de Minas/MG,1.0
Recursos hídricos,28,Vazão ecológica para usos ecossistêmicos,2020,,Presente,veryhigh,Muito alto,#F40000,5289,Serranópolis do Iguaçu/PR,1.0
Recursos hídricos,28,Vazão ecológica para usos ecossistêmicos,2020,,Presente,veryhigh,Muito alto,#F40000,4837,Serrolândia/BA,1.0
Recursos hídricos,28,Vazão ecológica para usos ecossistêmicos,2020,,Presente,veryhigh,Muito alto,#F40000,4361,Sertânia/PE,1.0
Recursos hídricos,28,Vazão ecológica para usos ecossistêmicos,2020,,Presente,veryhigh,Muito alto,#F40000,2314,Sertãozinho/SP,1.0
Recursos hídricos,28,Vazão ecológica para usos ecossistêmicos,2020,,Presente,veryhigh,Muito alto,#F40000,1542,Sete Lagoas/MG,1.0
Recursos hídricos,28,Vazão ecológica para usos ecossistêmicos,2020,,Presente,veryhigh,Muito alto,#F40000,472,Severiano de Almeida/RS,1.0
Recursos hídricos,28,Vazão ecológica para usos ecossistêmicos,2020,,Presente,veryhigh,Muito alto,#F40000,2541,Siderópolis/SC,1.0
Recursos hídricos,28,Vazão ecológica para usos ecossistêmicos,2020,,Presente,veryhigh,Muito alto,#F40000,2803,Silvânia/GO,1.0
Recursos hídricos,28,Vazão ecológica para usos ecossistêmicos,2020,,Presente,veryhigh,Muito alto,#F40000,1546,Simonésia/MG,1.0
Recursos hídricos,28,Vazão ecológica para usos ecossistêmicos,2020,,Presente,veryhigh,Muito alto,#F40000,3614,Simplício Mendes/PI,1.0
Recursos hídricos,28,Vazão ecológica para usos ecossistêmicos,2020,,Presente,veryhigh,Muito alto,#F40000,4362,Sirinhaém/PE,1.0
Recursos hídricos,28,Vazão ecológica para usos ecossistêmicos,2020,,Presente,veryhigh,Muito alto,#F40000,2805,Sítio d'Abadia/GO,1.0
Recursos hídricos,28,Vazão ecológica para usos ecossistêmicos,2020,,Presente,veryhigh,Muito alto,#F40000,4840,Sítio do Quinto/BA,1.0
Recursos hídricos,28,Vazão ecológica para usos ecossistêmicos,2020,,Presente,veryhigh,Muito alto,#F40000,4185,Sobrado/PB,1.0
Recursos hídricos,28,Vazão ecológica para usos ecossistêmicos,2020,,Presente,veryhigh,Muito alto,#F40000,3794,Sobral/CE,1.0
Recursos hídricos,28,Vazão ecológica para usos ecossistêmicos,2020,,Presente,veryhigh,Muito alto,#F40000,1547,Sobrália/MG,1.0
Recursos hídricos,28,Vazão ecológica para usos ecossistêmicos,2020,,Presente,veryhigh,Muito alto,#F40000,4364,Solidão/PE,1.0
Recursos hídricos,28,Vazão ecológica para usos ecossistêmicos,2020,,Presente,veryhigh,Muito alto,#F40000,2319,Sorocaba/SP,1.0
Recursos hídricos,28,Vazão ecológica para usos ecossistêmicos,2020,,Presente,veryhigh,Muito alto,#F40000,4188,Sossêgo/PB,1.0
Recursos hídricos,28,Vazão ecológica para usos ecossistêmicos,2020,,Presente,veryhigh,Muito alto,#F40000,2321,Sumaré/SP,1.0
Recursos hídricos,28,Vazão ecológica para usos ecossistêmicos,2020,,Presente,veryhigh,Muito alto,#F40000,4365,Surubim/PE,1.0
Recursos hídricos,28,Vazão ecológica para usos ecossistêmicos,2020,,Presente,veryhigh,Muito alto,#F40000,2325,Tabatinga/SP,1.0
Recursos hídricos,28,Vazão ecológica para usos ecossistêmicos,2020,,Presente,veryhigh,Muito alto,#F40000,1549,Tabuleiro/MG,1.0
Recursos hídricos,28,Vazão ecológica para usos ecossistêmicos,2020,,Presente,veryhigh,Muito alto,#F40000,1550,Taiobeiras/MG,1.0
Recursos hídricos,28,Vazão ecológica para usos ecossistêmicos,2020,,Presente,veryhigh,Muito alto,#F40000,3964,Taipu/RN,1.0
Recursos hídricos,28,Vazão ecológica para usos ecossistêmicos,2020,,Presente,veryhigh,Muito alto,#F40000,2329,Taiúva/SP,1.0
Recursos hídricos,28,Vazão ecológica para usos ecossistêmicos,2020,,Presente,veryhigh,Muito alto,#F40000,4369,Tamandaré/PE,1.0
Recursos hídricos,28,Vazão ecológica para usos ecossistêmicos,2020,,Presente,veryhigh,Muito alto,#F40000,2330,Tambaú/SP,1.0
Recursos hídricos,28,Vazão ecológica para usos ecossistêmicos,2020,,Presente,veryhigh,Muito alto,#F40000,3797,Tamboril/CE,1.0
Recursos hídricos,28,Vazão ecológica para usos ecossistêmicos,2020,,Presente,veryhigh,Muito alto,#F40000,4964,Tangará da Serra/MT,1.0
Recursos hídricos,28,Vazão ecológica para usos ecossistêmicos,2020,,Presente,veryhigh,Muito alto,#F40000,5007,Tanhaçu/BA,1.0
Recursos hídricos,28,Vazão ecológica para usos ecossistêmicos,2020,,Presente,veryhigh,Muito alto,#F40000,3618,Tanque do Piauí/PI,1.0
Recursos hídricos,28,Vazão ecológica para usos ecossistêmicos,2020,,Presente,veryhigh,Muito alto,#F40000,478,Tapejara/RS,1.0
Recursos hídricos,28,Vazão ecológica para usos ecossistêmicos,2020,,Presente,veryhigh,Muito alto,#F40000,1553,Tapiraí/MG,1.0
Recursos hídricos,28,Vazão ecológica para usos ecossistêmicos,2020,,Presente,veryhigh,Muito alto,#F40000,1552,Tapira/MG,1.0
Recursos hídricos,28,Vazão ecológica para usos ecossistêmicos,2020,,Presente,veryhigh,Muito alto,#F40000,2333,Tapiratiba/SP,1.0
Recursos hídricos,28,Vazão ecológica para usos ecossistêmicos,2020,,Presente,veryhigh,Muito alto,#F40000,1554,Taquaraçu de Minas/MG,1.0
Recursos hídricos,28,Vazão ecológica para usos ecossistêmicos,2020,,Presente,veryhigh,Muito alto,#F40000,2632,Taquara/RS,1.0
Recursos hídricos,28,Vazão ecológica para usos ecossistêmicos,2020,,Presente,veryhigh,Muito alto,#F40000,2335,Taquaritinga/SP,1.0
Recursos hídricos,28,Vazão ecológica para usos ecossistêmicos,2020,,Presente,veryhigh,Muito alto,#F40000,2336,Taquarituba/SP,1.0
Recursos hídricos,28,Vazão ecológica para usos ecossistêmicos,2020,,Presente,veryhigh,Muito alto,#F40000,24,Tarabai/SP,1.0
Recursos hídricos,28,Vazão ecológica para usos ecossistêmicos,2020,,Presente,veryhigh,Muito alto,#F40000,2338,Tarumã/SP,1.0
Recursos hídricos,28,Vazão ecológica para usos ecossistêmicos,2020,,Presente,veryhigh,Muito alto,#F40000,1555,Tarumirim/MG,1.0
Recursos hídricos,28,Vazão ecológica para usos ecossistêmicos,2020,,Presente,veryhigh,Muito alto,#F40000,3388,Tasso Fragoso/MA,1.0
Recursos hídricos,28,Vazão ecológica para usos ecossistêmicos,2020,,Presente,veryhigh,Muito alto,#F40000,2340,Taubaté/SP,1.0
Recursos hídricos,28,Vazão ecológica para usos ecossistêmicos,2020,,Presente,veryhigh,Muito alto,#F40000,1556,Teixeiras/MG,1.0
Recursos hídricos,28,Vazão ecológica para usos ecossistêmicos,2020,,Presente,veryhigh,Muito alto,#F40000,5425,Telêmaco Borba/PR,1.0
Recursos hídricos,28,Vazão ecológica para usos ecossistêmicos,2020,,Presente,veryhigh,Muito alto,#F40000,482,Tenente Portela/RS,1.0
Recursos hídricos,28,Vazão ecológica para usos ecossistêmicos,2020,,Presente,veryhigh,Muito alto,#F40000,25,Teodoro Sampaio/SP,1.0
Recursos hídricos,28,Vazão ecológica para usos ecossistêmicos,2020,,Presente,veryhigh,Muito alto,#F40000,1557,Teófilo Otoni/MG,1.0
Recursos hídricos,28,Vazão ecológica para usos ecossistêmicos,2020,,Presente,veryhigh,Muito alto,#F40000,654,Tesouro/MT,1.0
Recursos hídricos,28,Vazão ecológica para usos ecossistêmicos,2020,,Presente,veryhigh,Muito alto,#F40000,3801,Tianguá/CE,1.0
Recursos hídricos,28,Vazão ecológica para usos ecossistêmicos,2020,,Presente,veryhigh,Muito alto,#F40000,3968,Tibau do Sul/RN,1.0
Recursos hídricos,28,Vazão ecológica para usos ecossistêmicos,2020,,Presente,veryhigh,Muito alto,#F40000,2343,Tietê/SP,1.0
Recursos hídricos,28,Vazão ecológica para usos ecossistêmicos,2020,,Presente,veryhigh,Muito alto,#F40000,4373,Timbaúba/PE,1.0
Recursos hídricos,28,Vazão ecológica para usos ecossistêmicos,2020,,Presente,veryhigh,Muito alto,#F40000,3390,Timon/MA,1.0
Recursos hídricos,28,Vazão ecológica para usos ecossistêmicos,2020,,Presente,veryhigh,Muito alto,#F40000,485,Tiradentes do Sul/RS,1.0
Recursos hídricos,28,Vazão ecológica para usos ecossistêmicos,2020,,Presente,veryhigh,Muito alto,#F40000,1560,Tiros/MG,1.0
Recursos hídricos,28,Vazão ecológica para usos ecossistêmicos,2020,,Presente,veryhigh,Muito alto,#F40000,4561,Tobias Barreto/SE,1.0
Recursos hídricos,28,Vazão ecológica para usos ecossistêmicos,2020,,Presente,veryhigh,Muito alto,#F40000,1562,Tocos do Moji/MG,1.0
Recursos hídricos,28,Vazão ecológica para usos ecossistêmicos,2020,,Presente,veryhigh,Muito alto,#F40000,5428,Tomazina/PR,1.0
Recursos hídricos,28,Vazão ecológica para usos ecossistêmicos,2020,,Presente,veryhigh,Muito alto,#F40000,1564,Tombos/MG,1.0
Recursos hídricos,28,Vazão ecológica para usos ecossistêmicos,2020,,Presente,veryhigh,Muito alto,#F40000,3039,Tomé-Açu/PA,1.0
Recursos hídricos,28,Vazão ecológica para usos ecossistêmicos,2020,,Presente,veryhigh,Muito alto,#F40000,486,Toropi/RS,1.0
Recursos hídricos,28,Vazão ecológica para usos ecossistêmicos,2020,,Presente,veryhigh,Muito alto,#F40000,2347,Trabiju/SP,1.0
Recursos hídricos,28,Vazão ecológica para usos ecossistêmicos,2020,,Presente,veryhigh,Muito alto,#F40000,4375,Tracunhaém/PE,1.0
Recursos hídricos,28,Vazão ecológica para usos ecossistêmicos,2020,,Presente,veryhigh,Muito alto,#F40000,748,Tremedal/BA,1.0
Recursos hídricos,28,Vazão ecológica para usos ecossistêmicos,2020,,Presente,veryhigh,Muito alto,#F40000,596,Três Lagoas/MS,1.0
Recursos hídricos,28,Vazão ecológica para usos ecossistêmicos,2020,,Presente,veryhigh,Muito alto,#F40000,1566,Três Marias/MG,1.0
Recursos hídricos,28,Vazão ecológica para usos ecossistêmicos,2020,,Presente,veryhigh,Muito alto,#F40000,491,Três Passos/RS,1.0
Recursos hídricos,28,Vazão ecológica para usos ecossistêmicos,2020,,Presente,veryhigh,Muito alto,#F40000,1567,Três Pontas/MG,1.0
Recursos hídricos,28,Vazão ecológica para usos ecossistêmicos,2020,,Presente,veryhigh,Muito alto,#F40000,4920,Treze Tílias/SC,1.0
Recursos hídricos,28,Vazão ecológica para usos ecossistêmicos,2020,,Presente,veryhigh,Muito alto,#F40000,492,Trindade do Sul/RS,1.0
Recursos hídricos,28,Vazão ecológica para usos ecossistêmicos,2020,,Presente,veryhigh,Muito alto,#F40000,2809,Trindade/GO,1.0
Recursos hídricos,28,Vazão ecológica para usos ecossistêmicos,2020,,Presente,veryhigh,Muito alto,#F40000,4377,Triunfo/PE,1.0
Recursos hídricos,28,Vazão ecológica para usos ecossistêmicos,2020,,Presente,veryhigh,Muito alto,#F40000,3971,Triunfo Potiguar/RN,1.0
Recursos hídricos,28,Vazão ecológica para usos ecossistêmicos,2020,,Presente,veryhigh,Muito alto,#F40000,2553,Tubarão/SC,1.0
Recursos hídricos,28,Vazão ecológica para usos ecossistêmicos,2020,,Presente,veryhigh,Muito alto,#F40000,4852,Tucano/BA,1.0
Recursos hídricos,28,Vazão ecológica para usos ecossistêmicos,2020,,Presente,veryhigh,Muito alto,#F40000,1568,Tumiritinga/MG,1.0
Recursos hídricos,28,Vazão ecológica para usos ecossistêmicos,2020,,Presente,veryhigh,Muito alto,#F40000,5429,Tunas do Paraná/PR,1.0
Recursos hídricos,28,Vazão ecológica para usos ecossistêmicos,2020,,Presente,veryhigh,Muito alto,#F40000,1569,Tupaciguara/MG,1.0
Recursos hídricos,28,Vazão ecológica para usos ecossistêmicos,2020,,Presente,veryhigh,Muito alto,#F40000,4378,Tupanatinga/PE,1.0
Recursos hídricos,28,Vazão ecológica para usos ecossistêmicos,2020,,Presente,veryhigh,Muito alto,#F40000,496,Tupanciretã/RS,1.0
Recursos hídricos,28,Vazão ecológica para usos ecossistêmicos,2020,,Presente,veryhigh,Muito alto,#F40000,2353,Turmalina/SP,1.0
Recursos hídricos,28,Vazão ecológica para usos ecossistêmicos,2020,,Presente,veryhigh,Muito alto,#F40000,2811,Turvelândia/GO,1.0
Recursos hídricos,28,Vazão ecológica para usos ecossistêmicos,2020,,Presente,veryhigh,Muito alto,#F40000,4853,Uauá/BA,1.0
Recursos hídricos,28,Vazão ecológica para usos ecossistêmicos,2020,,Presente,veryhigh,Muito alto,#F40000,1573,Ubaí/MG,1.0
Recursos hídricos,28,Vazão ecológica para usos ecossistêmicos,2020,,Presente,veryhigh,Muito alto,#F40000,4855,Ubatã/BA,1.0
Recursos hídricos,28,Vazão ecológica para usos ecossistêmicos,2020,,Presente,veryhigh,Muito alto,#F40000,1575,Uberaba/MG,1.0
Recursos hídricos,28,Vazão ecológica para usos ecossistêmicos,2020,,Presente,veryhigh,Muito alto,#F40000,1579,União de Minas/MG,1.0
Recursos hídricos,28,Vazão ecológica para usos ecossistêmicos,2020,,Presente,veryhigh,Muito alto,#F40000,4487,União dos Palmares/AL,1.0
Recursos hídricos,28,Vazão ecológica para usos ecossistêmicos,2020,,Presente,veryhigh,Muito alto,#F40000,2358,União Paulista/SP,1.0
Recursos hídricos,28,Vazão ecológica para usos ecossistêmicos,2020,,Presente,veryhigh,Muito alto,#F40000,750,Urandi/BA,1.0
Recursos hídricos,28,Vazão ecológica para usos ecossistêmicos,2020,,Presente,veryhigh,Muito alto,#F40000,3621,Uruçuí/PI,1.0
Recursos hídricos,28,Vazão ecológica para usos ecossistêmicos,2020,,Presente,veryhigh,Muito alto,#F40000,502,Uruguaiana/RS,1.0
Recursos hídricos,28,Vazão ecológica para usos ecossistêmicos,2020,,Presente,veryhigh,Muito alto,#F40000,3808,Uruoca/CE,1.0
Recursos hídricos,28,Vazão ecológica para usos ecossistêmicos,2020,,Presente,veryhigh,Muito alto,#F40000,2557,Urussanga/SC,1.0
Recursos hídricos,28,Vazão ecológica para usos ecossistêmicos,2020,,Presente,veryhigh,Muito alto,#F40000,2640,Vacaria/RS,1.0
Recursos hídricos,28,Vazão ecológica para usos ecossistêmicos,2020,,Presente,veryhigh,Muito alto,#F40000,5571,Vale do Anari/RO,1.0
Recursos hídricos,28,Vazão ecológica para usos ecossistêmicos,2020,,Presente,veryhigh,Muito alto,#F40000,3622,Valença do Piauí/PI,1.0
Recursos hídricos,28,Vazão ecológica para usos ecossistêmicos,2020,,Presente,veryhigh,Muito alto,#F40000,1772,Valença/RJ,1.0
Recursos hídricos,28,Vazão ecológica para usos ecossistêmicos,2020,,Presente,veryhigh,Muito alto,#F40000,2363,Valinhos/SP,1.0
Recursos hídricos,28,Vazão ecológica para usos ecossistêmicos,2020,,Presente,veryhigh,Muito alto,#F40000,1677,Vargem Alta/ES,1.0
Recursos hídricos,28,Vazão ecológica para usos ecossistêmicos,2020,,Presente,veryhigh,Muito alto,#F40000,122,Vargem Bonita/SC,1.0
Recursos hídricos,28,Vazão ecológica para usos ecossistêmicos,2020,,Presente,veryhigh,Muito alto,#F40000,3398,Vargem Grande/MA,1.0
Recursos hídricos,28,Vazão ecológica para usos ecossistêmicos,2020,,Presente,veryhigh,Muito alto,#F40000,2367,Vargem Grande Paulista/SP,1.0
Recursos hídricos,28,Vazão ecológica para usos ecossistêmicos,2020,,Presente,veryhigh,Muito alto,#F40000,1587,Varjão de Minas/MG,1.0
Recursos hídricos,28,Vazão ecológica para usos ecossistêmicos,2020,,Presente,veryhigh,Muito alto,#F40000,2815,Varjão/GO,1.0
Recursos hídricos,28,Vazão ecológica para usos ecossistêmicos,2020,,Presente,veryhigh,Muito alto,#F40000,3623,Várzea Branca/PI,1.0
Recursos hídricos,28,Vazão ecológica para usos ecossistêmicos,2020,,Presente,veryhigh,Muito alto,#F40000,657,Várzea Grande/MT,1.0
Recursos hídricos,28,Vazão ecológica para usos ecossistêmicos,2020,,Presente,veryhigh,Muito alto,#F40000,1774,Vassouras/RJ,1.0
Recursos hídricos,28,Vazão ecológica para usos ecossistêmicos,2020,,Presente,veryhigh,Muito alto,#F40000,3976,Vera Cruz/RN,1.0
Recursos hídricos,28,Vazão ecológica para usos ecossistêmicos,2020,,Presente,veryhigh,Muito alto,#F40000,2369,Vera Cruz/SP,1.0
Recursos hídricos,28,Vazão ecológica para usos ecossistêmicos,2020,,Presente,veryhigh,Muito alto,#F40000,1591,Verdelândia/MG,1.0
Recursos hídricos,28,Vazão ecológica para usos ecossistêmicos,2020,,Presente,veryhigh,Muito alto,#F40000,752,Vereda/BA,1.0
Recursos hídricos,28,Vazão ecológica para usos ecossistêmicos,2020,,Presente,veryhigh,Muito alto,#F40000,1595,Vespasiano/MG,1.0
Recursos hídricos,28,Vazão ecológica para usos ecossistêmicos,2020,,Presente,veryhigh,Muito alto,#F40000,2642,Viamão/RS,1.0
Recursos hídricos,28,Vazão ecológica para usos ecossistêmicos,2020,,Presente,veryhigh,Muito alto,#F40000,1679,Viana/ES,1.0
Recursos hídricos,28,Vazão ecológica para usos ecossistêmicos,2020,,Presente,veryhigh,Muito alto,#F40000,2816,Vianópolis/GO,1.0
Recursos hídricos,28,Vazão ecológica para usos ecossistêmicos,2020,,Presente,veryhigh,Muito alto,#F40000,4384,Vicência/PE,1.0
Recursos hídricos,28,Vazão ecológica para usos ecossistêmicos,2020,,Presente,veryhigh,Muito alto,#F40000,2817,Vicentinópolis/GO,1.0
Recursos hídricos,28,Vazão ecológica para usos ecossistêmicos,2020,,Presente,veryhigh,Muito alto,#F40000,3811,Viçosa do Ceará/CE,1.0
Recursos hídricos,28,Vazão ecológica para usos ecossistêmicos,2020,,Presente,veryhigh,Muito alto,#F40000,1596,Viçosa/MG,1.0
Recursos hídricos,28,Vazão ecológica para usos ecossistêmicos,2020,,Presente,veryhigh,Muito alto,#F40000,2560,Videira/SC,1.0
Recursos hídricos,28,Vazão ecológica para usos ecossistêmicos,2020,,Presente,veryhigh,Muito alto,#F40000,516,Vila Nova do Sul/RS,1.0
Recursos hídricos,28,Vazão ecológica para usos ecossistêmicos,2020,,Presente,veryhigh,Muito alto,#F40000,1680,Vila Pavão/ES,1.0
Recursos hídricos,28,Vazão ecológica para usos ecossistêmicos,2020,,Presente,veryhigh,Muito alto,#F40000,1682,Vila Velha/ES,1.0
Recursos hídricos,28,Vazão ecológica para usos ecossistêmicos,2020,,Presente,veryhigh,Muito alto,#F40000,1599,Virgem da Lapa/MG,1.0
Recursos hídricos,28,Vazão ecológica para usos ecossistêmicos,2020,,Presente,veryhigh,Muito alto,#F40000,2372,Vista Alegre do Alto/SP,1.0
Recursos hídricos,28,Vazão ecológica para usos ecossistêmicos,2020,,Presente,veryhigh,Muito alto,#F40000,2373,Vitória Brasil/SP,1.0
Recursos hídricos,28,Vazão ecológica para usos ecossistêmicos,2020,,Presente,veryhigh,Muito alto,#F40000,753,Vitória da Conquista/BA,1.0
Recursos hídricos,28,Vazão ecológica para usos ecossistêmicos,2020,,Presente,veryhigh,Muito alto,#F40000,520,Vitória das Missões/RS,1.0
Recursos hídricos,28,Vazão ecológica para usos ecossistêmicos,2020,,Presente,veryhigh,Muito alto,#F40000,4385,Vitória de Santo Antão/PE,1.0
Recursos hídricos,28,Vazão ecológica para usos ecossistêmicos,2020,,Presente,veryhigh,Muito alto,#F40000,2887,Vitória do Jari/AP,1.0
Recursos hídricos,28,Vazão ecológica para usos ecossistêmicos,2020,,Presente,veryhigh,Muito alto,#F40000,2374,Votorantim/SP,1.0
Recursos hídricos,28,Vazão ecológica para usos ecossistêmicos,2020,,Presente,veryhigh,Muito alto,#F40000,3185,Wanderlândia/TO,1.0
Recursos hídricos,28,Vazão ecológica para usos ecossistêmicos,2020,,Presente,veryhigh,Muito alto,#F40000,4867,Wanderley/BA,1.0
Recursos hídricos,28,Vazão ecológica para usos ecossistêmicos,2020,,Presente,veryhigh,Muito alto,#F40000,123,Xanxerê/SC,1.0
Recursos hídricos,28,Vazão ecológica para usos ecossistêmicos,2020,,Presente,veryhigh,Muito alto,#F40000,125,Xaxim/SC,1.0
Recursos hídricos,28,Vazão ecológica para usos ecossistêmicos,2020,,Presente,veryhigh,Muito alto,#F40000,4386,Xexéu/PE,1.0
Recursos hídricos,28,Vazão ecológica para usos ecossistêmicos,2020,,Presente,veryhigh,Muito alto,#F40000,4869,Xique-Xique/BA,1.0
Recursos hídricos,28,Vazão ecológica para usos ecossistêmicos,2020,,Presente,None,Dado indisponível,#DCDCDC,3628,Abaiara/CE,
Recursos hídricos,28,Vazão ecológica para usos ecossistêmicos,2020,,Presente,None,Dado indisponível,#DCDCDC,5310,Abatiá/PR,
Recursos hídricos,28,Vazão ecológica para usos ecossistêmicos,2020,,Presente,None,Dado indisponível,#DCDCDC,2379,Abdon Batista/SC,
Recursos hídricos,28,Vazão ecológica para usos ecossistêmicos,2020,,Presente,None,Dado indisponível,#DCDCDC,27,Abelardo Luz/SC,
Recursos hídricos,28,Vazão ecológica para usos ecossistêmicos,2020,,Presente,None,Dado indisponível,#DCDCDC,2939,Abel Figueiredo/PA,
Recursos hídricos,28,Vazão ecológica para usos ecossistêmicos,2020,,Presente,None,Dado indisponível,#DCDCDC,4566,Acajutiba/BA,
Recursos hídricos,28,Vazão ecológica para usos ecossistêmicos,2020,,Presente,None,Dado indisponível,#DCDCDC,2940,Acará/PA,
Recursos hídricos,28,Vazão ecológica para usos ecossistêmicos,2020,,Presente,None,Dado indisponível,#DCDCDC,3629,Acarape/CE,
Recursos hídricos,28,Vazão ecológica para usos ecossistêmicos,2020,,Presente,None,Dado indisponível,#DCDCDC,3630,Acaraú/CE,
Recursos hídricos,28,Vazão ecológica para usos ecossistêmicos,2020,,Presente,None,Dado indisponível,#DCDCDC,3631,Acopiara/CE,
Recursos hídricos,28,Vazão ecológica para usos ecossistêmicos,2020,,Presente,None,Dado indisponível,#DCDCDC,598,Acorizal/MT,
Recursos hídricos,28,Vazão ecológica para usos ecossistêmicos,2020,,Presente,None,Dado indisponível,#DCDCDC,2821,Acrelândia/AC,
Recursos hídricos,28,Vazão ecológica para usos ecossistêmicos,2020,,Presente,None,Dado indisponível,#DCDCDC,758,Açucena/MG,
Recursos hídricos,28,Vazão ecológica para usos ecossistêmicos,2020,,Presente,None,Dado indisponível,#DCDCDC,4567,Adustina/BA,
Recursos hídricos,28,Vazão ecológica para usos ecossistêmicos,2020,,Presente,None,Dado indisponível,#DCDCDC,3188,Afonso Cunha/MA,
Recursos hídricos,28,Vazão ecológica para usos ecossistêmicos,2020,,Presente,None,Dado indisponível,#DCDCDC,5029,Afuá/PA,
Recursos hídricos,28,Vazão ecológica para usos ecossistêmicos,2020,,Presente,None,Dado indisponível,#DCDCDC,4205,Agrestina/PE,
Recursos hídricos,28,Vazão ecológica para usos ecossistêmicos,2020,,Presente,None,Dado indisponível,#DCDCDC,2380,Agrolândia/SC,
Recursos hídricos,28,Vazão ecológica para usos ecossistêmicos,2020,,Presente,None,Dado indisponível,#DCDCDC,759,Água Boa/MG,
Recursos hídricos,28,Vazão ecológica para usos ecossistêmicos,2020,,Presente,None,Dado indisponível,#DCDCDC,1608,Água Doce do Norte/ES,
Recursos hídricos,28,Vazão ecológica para usos ecossistêmicos,2020,,Presente,None,Dado indisponível,#DCDCDC,4568,Água Fria/BA,
Recursos hídricos,28,Vazão ecológica para usos ecossistêmicos,2020,,Presente,None,Dado indisponível,#DCDCDC,3815,Água Nova/RN,
Recursos hídricos,28,Vazão ecológica para usos ecossistêmicos,2020,,Presente,None,Dado indisponível,#DCDCDC,1780,Águas de Lindóia/SP,
Recursos hídricos,28,Vazão ecológica para usos ecossistêmicos,2020,,Presente,None,Dado indisponível,#DCDCDC,1782,Águas de São Pedro/SP,
Recursos hídricos,28,Vazão ecológica para usos ecossistêmicos,2020,,Presente,None,Dado indisponível,#DCDCDC,762,Águas Formosas/MG,
Recursos hídricos,28,Vazão ecológica para usos ecossistêmicos,2020,,Presente,None,Dado indisponível,#DCDCDC,29,Águas Frias/SC,
Recursos hídricos,28,Vazão ecológica para usos ecossistêmicos,2020,,Presente,None,Dado indisponível,#DCDCDC,2650,Águas Lindas de Goiás/GO,
Recursos hídricos,28,Vazão ecológica para usos ecossistêmicos,2020,,Presente,None,Dado indisponível,#DCDCDC,2382,Águas Mornas/SC,
Recursos hídricos,28,Vazão ecológica para usos ecossistêmicos,2020,,Presente,None,Dado indisponível,#DCDCDC,763,Águas Vermelhas/MG,
Recursos hídricos,28,Vazão ecológica para usos ecossistêmicos,2020,,Presente,None,Dado indisponível,#DCDCDC,130,Agudo/RS,
Recursos hídricos,28,Vazão ecológica para usos ecossistêmicos,2020,,Presente,None,Dado indisponível,#DCDCDC,5312,Agudos do Sul/PR,
Recursos hídricos,28,Vazão ecológica para usos ecossistêmicos,2020,,Presente,None,Dado indisponível,#DCDCDC,1607,Águia Branca/ES,
Recursos hídricos,28,Vazão ecológica para usos ecossistêmicos,2020,,Presente,None,Dado indisponível,#DCDCDC,3049,Aguiarnópolis/TO,
Recursos hídricos,28,Vazão ecológica para usos ecossistêmicos,2020,,Presente,None,Dado indisponível,#DCDCDC,765,Aiuruoca/MG,
Recursos hídricos,28,Vazão ecológica para usos ecossistêmicos,2020,,Presente,None,Dado indisponível,#DCDCDC,3981,Alagoa Grande/PB,
Recursos hídricos,28,Vazão ecológica para usos ecossistêmicos,2020,,Presente,None,Dado indisponível,#DCDCDC,766,Alagoa/MG,
Recursos hídricos,28,Vazão ecológica para usos ecossistêmicos,2020,,Presente,None,Dado indisponível,#DCDCDC,3982,Alagoa Nova/PB,
Recursos hídricos,28,Vazão ecológica para usos ecossistêmicos,2020,,Presente,None,Dado indisponível,#DCDCDC,3983,Alagoinha/PB,
Recursos hídricos,28,Vazão ecológica para usos ecossistêmicos,2020,,Presente,None,Dado indisponível,#DCDCDC,4571,Alagoinhas/BA,
Recursos hídricos,28,Vazão ecológica para usos ecossistêmicos,2020,,Presente,None,Dado indisponível,#DCDCDC,1784,Alambari/SP,
Recursos hídricos,28,Vazão ecológica para usos ecossistêmicos,2020,,Presente,None,Dado indisponível,#DCDCDC,767,Albertina/MG,
Recursos hídricos,28,Vazão ecológica para usos ecossistêmicos,2020,,Presente,None,Dado indisponível,#DCDCDC,3190,Alcântara/MA,
Recursos hídricos,28,Vazão ecológica para usos ecossistêmicos,2020,,Presente,None,Dado indisponível,#DCDCDC,3633,Alcântaras/CE,
Recursos hídricos,28,Vazão ecológica para usos ecossistêmicos,2020,,Presente,None,Dado indisponível,#DCDCDC,3984,Alcantil/PB,
Recursos hídricos,28,Vazão ecológica para usos ecossistêmicos,2020,,Presente,None,Dado indisponível,#DCDCDC,523,Alcinópolis/MS,
Recursos hídricos,28,Vazão ecológica para usos ecossistêmicos,2020,,Presente,None,Dado indisponível,#DCDCDC,132,Alecrim/RS,
Recursos hídricos,28,Vazão ecológica para usos ecossistêmicos,2020,,Presente,None,Dado indisponível,#DCDCDC,3408,Alegrete do Piauí/PI,
Recursos hídricos,28,Vazão ecológica para usos ecossistêmicos,2020,,Presente,None,Dado indisponível,#DCDCDC,768,Além Paraíba/MG,
Recursos hídricos,28,Vazão ecológica para usos ecossistêmicos,2020,,Presente,None,Dado indisponível,#DCDCDC,3816,Alexandria/RN,
Recursos hídricos,28,Vazão ecológica para usos ecossistêmicos,2020,,Presente,None,Dado indisponível,#DCDCDC,4895,Alfredo Marcondes/SP,
Recursos hídricos,28,Vazão ecológica para usos ecossistêmicos,2020,,Presente,None,Dado indisponível,#DCDCDC,770,Alfredo Vasconcelos/MG,
Recursos hídricos,28,Vazão ecológica para usos ecossistêmicos,2020,,Presente,None,Dado indisponível,#DCDCDC,2383,Alfredo Wagner/SC,
Recursos hídricos,28,Vazão ecológica para usos ecossistêmicos,2020,,Presente,None,Dado indisponível,#DCDCDC,3985,Algodão de Jandaíra/PB,
Recursos hídricos,28,Vazão ecológica para usos ecossistêmicos,2020,,Presente,None,Dado indisponível,#DCDCDC,671,Almadina/BA,
Recursos hídricos,28,Vazão ecológica para usos ecossistêmicos,2020,,Presente,None,Dado indisponível,#DCDCDC,3817,Almino Afonso/RN,
Recursos hídricos,28,Vazão ecológica para usos ecossistêmicos,2020,,Presente,None,Dado indisponível,#DCDCDC,5313,Almirante Tamandaré/PR,
Recursos hídricos,28,Vazão ecológica para usos ecossistêmicos,2020,,Presente,None,Dado indisponível,#DCDCDC,772,Alpercata/MG,
Recursos hídricos,28,Vazão ecológica para usos ecossistêmicos,2020,,Presente,None,Dado indisponível,#DCDCDC,136,Alpestre/RS,
Recursos hídricos,28,Vazão ecológica para usos ecossistêmicos,2020,,Presente,None,Dado indisponível,#DCDCDC,3634,Altaneira/CE,
Recursos hídricos,28,Vazão ecológica para usos ecossistêmicos,2020,,Presente,None,Dado indisponível,#DCDCDC,774,Alterosa/MG,
Recursos hídricos,28,Vazão ecológica para usos ecossistêmicos,2020,,Presente,None,Dado indisponível,#DCDCDC,4210,Altinho/PE,
Recursos hídricos,28,Vazão ecológica para usos ecossistêmicos,2020,,Presente,None,Dado indisponível,#DCDCDC,137,Alto Alegre/RS,
Recursos hídricos,28,Vazão ecológica para usos ecossistêmicos,2020,,Presente,None,Dado indisponível,#DCDCDC,1787,Alto Alegre/SP,
Recursos hídricos,28,Vazão ecológica para usos ecossistêmicos,2020,,Presente,None,Dado indisponível,#DCDCDC,5049,Alto Boa Vista/MT,
Recursos hídricos,28,Vazão ecológica para usos ecossistêmicos,2020,,Presente,None,Dado indisponível,#DCDCDC,2564,Alto Feliz/RS,
Recursos hídricos,28,Vazão ecológica para usos ecossistêmicos,2020,,Presente,None,Dado indisponível,#DCDCDC,5061,Altônia/PR,
Recursos hídricos,28,Vazão ecológica para usos ecossistêmicos,2020,,Presente,None,Dado indisponível,#DCDCDC,5306,Alto Paraíso/PR,
Recursos hídricos,28,Vazão ecológica para usos ecossistêmicos,2020,,Presente,None,Dado indisponível,#DCDCDC,5547,Alto Paraíso/RO,
Recursos hídricos,28,Vazão ecológica para usos ecossistêmicos,2020,,Presente,None,Dado indisponível,#DCDCDC,3195,Alto Parnaíba/MA,
Recursos hídricos,28,Vazão ecológica para usos ecossistêmicos,2020,,Presente,None,Dado indisponível,#DCDCDC,5063,Alto Piquiri/PR,
Recursos hídricos,28,Vazão ecológica para usos ecossistêmicos,2020,,Presente,None,Dado indisponível,#DCDCDC,1611,Alto Rio Novo/ES,
Recursos hídricos,28,Vazão ecológica para usos ecossistêmicos,2020,,Presente,None,Dado indisponível,#DCDCDC,3635,Alto Santo/CE,
Recursos hídricos,28,Vazão ecológica para usos ecossistêmicos,2020,,Presente,None,Dado indisponível,#DCDCDC,3410,Altos/PI,
Recursos hídricos,28,Vazão ecológica para usos ecossistêmicos,2020,,Presente,None,Dado indisponível,#DCDCDC,1788,Alumínio/SP,
Recursos hídricos,28,Vazão ecológica para usos ecossistêmicos,2020,,Presente,None,Dado indisponível,#DCDCDC,5459,Alvarães/AM,
Recursos hídricos,28,Vazão ecológica para usos ecossistêmicos,2020,,Presente,None,Dado indisponível,#DCDCDC,777,Alvarenga/MG,
Recursos hídricos,28,Vazão ecológica para usos ecossistêmicos,2020,,Presente,None,Dado indisponível,#DCDCDC,1790,Álvaro de Carvalho/SP,
Recursos hídricos,28,Vazão ecológica para usos ecossistêmicos,2020,,Presente,None,Dado indisponível,#DCDCDC,1791,Alvinlândia/SP,
Recursos hídricos,28,Vazão ecológica para usos ecossistêmicos,2020,,Presente,None,Dado indisponível,#DCDCDC,778,Alvinópolis/MG,
Recursos hídricos,28,Vazão ecológica para usos ecossistêmicos,2020,,Presente,None,Dado indisponível,#DCDCDC,779,Alvorada de Minas/MG,
Recursos hídricos,28,Vazão ecológica para usos ecossistêmicos,2020,,Presente,None,Dado indisponível,#DCDCDC,5545,Alvorada D'Oeste/RO,
Recursos hídricos,28,Vazão ecológica para usos ecossistêmicos,2020,,Presente,None,Dado indisponível,#DCDCDC,5314,Alvorada do Sul/PR,
Recursos hídricos,28,Vazão ecológica para usos ecossistêmicos,2020,,Presente,None,Dado indisponível,#DCDCDC,524,Amambai/MS,
Recursos hídricos,28,Vazão ecológica para usos ecossistêmicos,2020,,Presente,None,Dado indisponível,#DCDCDC,5039,Amapá/AP,
Recursos hídricos,28,Vazão ecológica para usos ecossistêmicos,2020,,Presente,None,Dado indisponível,#DCDCDC,3196,Amapá do Maranhão/MA,
Recursos hídricos,28,Vazão ecológica para usos ecossistêmicos,2020,,Presente,None,Dado indisponível,#DCDCDC,138,Amaral Ferrador/RS,
Recursos hídricos,28,Vazão ecológica para usos ecossistêmicos,2020,,Presente,None,Dado indisponível,#DCDCDC,4572,Amargosa/BA,
Recursos hídricos,28,Vazão ecológica para usos ecossistêmicos,2020,,Presente,None,Dado indisponível,#DCDCDC,5460,Amaturá/AM,
Recursos hídricos,28,Vazão ecológica para usos ecossistêmicos,2020,,Presente,None,Dado indisponível,#DCDCDC,4573,Amélia Rodrigues/BA,
Recursos hídricos,28,Vazão ecológica para usos ecossistêmicos,2020,,Presente,None,Dado indisponível,#DCDCDC,4574,América Dourada/BA,
Recursos hídricos,28,Vazão ecológica para usos ecossistêmicos,2020,,Presente,None,Dado indisponível,#DCDCDC,3636,Amontada/CE,
Recursos hídricos,28,Vazão ecológica para usos ecossistêmicos,2020,,Presente,None,Dado indisponível,#DCDCDC,3988,Amparo/PB,
Recursos hídricos,28,Vazão ecológica para usos ecossistêmicos,2020,,Presente,None,Dado indisponível,#DCDCDC,5065,Ampére/PR,
Recursos hídricos,28,Vazão ecológica para usos ecossistêmicos,2020,,Presente,None,Dado indisponível,#DCDCDC,5066,Anahy/PR,
Recursos hídricos,28,Vazão ecológica para usos ecossistêmicos,2020,,Presente,None,Dado indisponível,#DCDCDC,2942,Anajás/PA,
Recursos hídricos,28,Vazão ecológica para usos ecossistêmicos,2020,,Presente,None,Dado indisponível,#DCDCDC,1796,Analândia/SP,
Recursos hídricos,28,Vazão ecológica para usos ecossistêmicos,2020,,Presente,None,Dado indisponível,#DCDCDC,5461,Anamã/AM,
Recursos hídricos,28,Vazão ecológica para usos ecossistêmicos,2020,,Presente,None,Dado indisponível,#DCDCDC,525,Anastácio/MS,
Recursos hídricos,28,Vazão ecológica para usos ecossistêmicos,2020,,Presente,None,Dado indisponível,#DCDCDC,526,Anaurilândia/MS,
Recursos hídricos,28,Vazão ecológica para usos ecossistêmicos,2020,,Presente,None,Dado indisponível,#DCDCDC,1612,Anchieta/ES,
Recursos hídricos,28,Vazão ecológica para usos ecossistêmicos,2020,,Presente,None,Dado indisponível,#DCDCDC,4575,Andaraí/BA,
Recursos hídricos,28,Vazão ecológica para usos ecossistêmicos,2020,,Presente,None,Dado indisponível,#DCDCDC,5315,Andirá/PR,
Recursos hídricos,28,Vazão ecológica para usos ecossistêmicos,2020,,Presente,None,Dado indisponível,#DCDCDC,4922,André da Rocha/RS,
Recursos hídricos,28,Vazão ecológica para usos ecossistêmicos,2020,,Presente,None,Dado indisponível,#DCDCDC,783,Andrelândia/MG,
Recursos hídricos,28,Vazão ecológica para usos ecossistêmicos,2020,,Presente,None,Dado indisponível,#DCDCDC,784,Angelândia/MG,
Recursos hídricos,28,Vazão ecológica para usos ecossistêmicos,2020,,Presente,None,Dado indisponível,#DCDCDC,4212,Angelim/PE,
Recursos hídricos,28,Vazão ecológica para usos ecossistêmicos,2020,,Presente,None,Dado indisponível,#DCDCDC,2384,Angelina/SC,
Recursos hídricos,28,Vazão ecológica para usos ecossistêmicos,2020,,Presente,None,Dado indisponível,#DCDCDC,3413,Angical do Piauí/PI,
Recursos hídricos,28,Vazão ecológica para usos ecossistêmicos,2020,,Presente,None,Dado indisponível,#DCDCDC,3819,Angicos/RN,
Recursos hídricos,28,Vazão ecológica para usos ecossistêmicos,2020,,Presente,None,Dado indisponível,#DCDCDC,4578,Anguera/BA,
Recursos hídricos,28,Vazão ecológica para usos ecossistêmicos,2020,,Presente,None,Dado indisponível,#DCDCDC,2657,Anhanguera/GO,
Recursos hídricos,28,Vazão ecológica para usos ecossistêmicos,2020,,Presente,None,Dado indisponível,#DCDCDC,3414,Anísio de Abreu/PI,
Recursos hídricos,28,Vazão ecológica para usos ecossistêmicos,2020,,Presente,None,Dado indisponível,#DCDCDC,2385,Anita Garibaldi/SC,
Recursos hídricos,28,Vazão ecológica para usos ecossistêmicos,2020,,Presente,None,Dado indisponível,#DCDCDC,2386,Anitápolis/SC,
Recursos hídricos,28,Vazão ecológica para usos ecossistêmicos,2020,,Presente,None,Dado indisponível,#DCDCDC,5462,Anori/AM,
Recursos hídricos,28,Vazão ecológica para usos ecossistêmicos,2020,,Presente,None,Dado indisponível,#DCDCDC,140,Anta Gorda/RS,
Recursos hídricos,28,Vazão ecológica para usos ecossistêmicos,2020,,Presente,None,Dado indisponível,#DCDCDC,4579,Antas/BA,
Recursos hídricos,28,Vazão ecológica para usos ecossistêmicos,2020,,Presente,None,Dado indisponível,#DCDCDC,3637,Antonina do Norte/CE,
Recursos hídricos,28,Vazão ecológica para usos ecossistêmicos,2020,,Presente,None,Dado indisponível,#DCDCDC,5316,Antonina/PR,
Recursos hídricos,28,Vazão ecológica para usos ecossistêmicos,2020,,Presente,None,Dado indisponível,#DCDCDC,3415,Antônio Almeida/PI,
Recursos hídricos,28,Vazão ecológica para usos ecossistêmicos,2020,,Presente,None,Dado indisponível,#DCDCDC,785,Antônio Carlos/MG,
Recursos hídricos,28,Vazão ecológica para usos ecossistêmicos,2020,,Presente,None,Dado indisponível,#DCDCDC,2387,Antônio Carlos/SC,
Recursos hídricos,28,Vazão ecológica para usos ecossistêmicos,2020,,Presente,None,Dado indisponível,#DCDCDC,786,Antônio Dias/MG,
Recursos hídricos,28,Vazão ecológica para usos ecossistêmicos,2020,,Presente,None,Dado indisponível,#DCDCDC,3820,Antônio Martins/RN,
Recursos hídricos,28,Vazão ecológica para usos ecossistêmicos,2020,,Presente,None,Dado indisponível,#DCDCDC,787,Antônio Prado de Minas/MG,
Recursos hídricos,28,Vazão ecológica para usos ecossistêmicos,2020,,Presente,None,Dado indisponível,#DCDCDC,4923,Antônio Prado/RS,
Recursos hídricos,28,Vazão ecológica para usos ecossistêmicos,2020,,Presente,None,Dado indisponível,#DCDCDC,4966,Aparecida do Rio Doce/GO,
Recursos hídricos,28,Vazão ecológica para usos ecossistêmicos,2020,,Presente,None,Dado indisponível,#DCDCDC,3055,Aparecida do Rio Negro/TO,
Recursos hídricos,28,Vazão ecológica para usos ecossistêmicos,2020,,Presente,None,Dado indisponível,#DCDCDC,1799,Aparecida/SP,
Recursos hídricos,28,Vazão ecológica para usos ecossistêmicos,2020,,Presente,None,Dado indisponível,#DCDCDC,1685,Aperibé/RJ,
Recursos hídricos,28,Vazão ecológica para usos ecossistêmicos,2020,,Presente,None,Dado indisponível,#DCDCDC,3200,Apicum-Açu/MA,
Recursos hídricos,28,Vazão ecológica para usos ecossistêmicos,2020,,Presente,None,Dado indisponível,#DCDCDC,2388,Apiúna/SC,
Recursos hídricos,28,Vazão ecológica para usos ecossistêmicos,2020,,Presente,None,Dado indisponível,#DCDCDC,3821,Apodi/RN,
Recursos hídricos,28,Vazão ecológica para usos ecossistêmicos,2020,,Presente,None,Dado indisponível,#DCDCDC,4582,Aporá/BA,
Recursos hídricos,28,Vazão ecológica para usos ecossistêmicos,2020,,Presente,None,Dado indisponível,#DCDCDC,658,Aporé/GO,
Recursos hídricos,28,Vazão ecológica para usos ecossistêmicos,2020,,Presente,None,Dado indisponível,#DCDCDC,4583,Apuarema/BA,
Recursos hídricos,28,Vazão ecológica para usos ecossistêmicos,2020,,Presente,None,Dado indisponível,#DCDCDC,5463,Apuí/AM,
Recursos hídricos,28,Vazão ecológica para usos ecossistêmicos,2020,,Presente,None,Dado indisponível,#DCDCDC,3638,Apuiarés/CE,
Recursos hídricos,28,Vazão ecológica para usos ecossistêmicos,2020,,Presente,None,Dado indisponível,#DCDCDC,3639,Aquiraz/CE,
Recursos hídricos,28,Vazão ecológica para usos ecossistêmicos,2020,,Presente,None,Dado indisponível,#DCDCDC,788,Araçaí/MG,
Recursos hídricos,28,Vazão ecológica para usos ecossistêmicos,2020,,Presente,None,Dado indisponível,#DCDCDC,4491,Aracaju/SE,
Recursos hídricos,28,Vazão ecológica para usos ecossistêmicos,2020,,Presente,None,Dado indisponível,#DCDCDC,4584,Araçás/BA,
Recursos hídricos,28,Vazão ecológica para usos ecossistêmicos,2020,,Presente,None,Dado indisponível,#DCDCDC,3640,Aracati/CE,
Recursos hídricos,28,Vazão ecológica para usos ecossistêmicos,2020,,Presente,None,Dado indisponível,#DCDCDC,4585,Araci/BA,
Recursos hídricos,28,Vazão ecológica para usos ecossistêmicos,2020,,Presente,None,Dado indisponível,#DCDCDC,789,Aracitaba/MG,
Recursos hídricos,28,Vazão ecológica para usos ecossistêmicos,2020,,Presente,None,Dado indisponível,#DCDCDC,3641,Aracoiaba/CE,
Recursos hídricos,28,Vazão ecológica para usos ecossistêmicos,2020,,Presente,None,Dado indisponível,#DCDCDC,1614,Aracruz/ES,
Recursos hídricos,28,Vazão ecológica para usos ecossistêmicos,2020,,Presente,None,Dado indisponível,#DCDCDC,659,Aragarças/GO,
Recursos hídricos,28,Vazão ecológica para usos ecossistêmicos,2020,,Presente,None,Dado indisponível,#DCDCDC,603,Araguainha/MT,
Recursos hídricos,28,Vazão ecológica para usos ecossistêmicos,2020,,Presente,None,Dado indisponível,#DCDCDC,4586,Aramari/BA,
Recursos hídricos,28,Vazão ecológica para usos ecossistêmicos,2020,,Presente,None,Dado indisponível,#DCDCDC,1806,Arandu/SP,
Recursos hídricos,28,Vazão ecológica para usos ecossistêmicos,2020,,Presente,None,Dado indisponível,#DCDCDC,792,Arantina/MG,
Recursos hídricos,28,Vazão ecológica para usos ecossistêmicos,2020,,Presente,None,Dado indisponível,#DCDCDC,1807,Arapeí/SP,
Recursos hídricos,28,Vazão ecológica para usos ecossistêmicos,2020,,Presente,None,Dado indisponível,#DCDCDC,793,Araponga/MG,
Recursos hídricos,28,Vazão ecológica para usos ecossistêmicos,2020,,Presente,None,Dado indisponível,#DCDCDC,5068,Arapuã/PR,
Recursos hídricos,28,Vazão ecológica para usos ecossistêmicos,2020,,Presente,None,Dado indisponível,#DCDCDC,604,Araputanga/MT,
Recursos hídricos,28,Vazão ecológica para usos ecossistêmicos,2020,,Presente,None,Dado indisponível,#DCDCDC,2389,Araquari/SC,
Recursos hídricos,28,Vazão ecológica para usos ecossistêmicos,2020,,Presente,None,Dado indisponível,#DCDCDC,3991,Arara/PB,
Recursos hídricos,28,Vazão ecológica para usos ecossistêmicos,2020,,Presente,None,Dado indisponível,#DCDCDC,2566,Araricá/RS,
Recursos hídricos,28,Vazão ecológica para usos ecossistêmicos,2020,,Presente,None,Dado indisponível,#DCDCDC,3643,Araripe/CE,
Recursos hídricos,28,Vazão ecológica para usos ecossistêmicos,2020,,Presente,None,Dado indisponível,#DCDCDC,1686,Araruama/RJ,
Recursos hídricos,28,Vazão ecológica para usos ecossistêmicos,2020,,Presente,None,Dado indisponível,#DCDCDC,3992,Araruna/PB,
Recursos hídricos,28,Vazão ecológica para usos ecossistêmicos,2020,,Presente,None,Dado indisponível,#DCDCDC,3644,Aratuba/CE,
Recursos hídricos,28,Vazão ecológica para usos ecossistêmicos,2020,,Presente,None,Dado indisponível,#DCDCDC,4587,Aratuípe/BA,
Recursos hídricos,28,Vazão ecológica para usos ecossistêmicos,2020,,Presente,None,Dado indisponível,#DCDCDC,4492,Arauá/SE,
Recursos hídricos,28,Vazão ecológica para usos ecossistêmicos,2020,,Presente,None,Dado indisponível,#DCDCDC,798,Arceburgo/MG,
Recursos hídricos,28,Vazão ecológica para usos ecossistêmicos,2020,,Presente,None,Dado indisponível,#DCDCDC,1687,Areal/RJ,
Recursos hídricos,28,Vazão ecológica para usos ecossistêmicos,2020,,Presente,None,Dado indisponível,#DCDCDC,3822,Areia Branca/RN,
Recursos hídricos,28,Vazão ecológica para usos ecossistêmicos,2020,,Presente,None,Dado indisponível,#DCDCDC,4493,Areia Branca/SE,
Recursos hídricos,28,Vazão ecológica para usos ecossistêmicos,2020,,Presente,None,Dado indisponível,#DCDCDC,3994,Areia de Baraúnas/PB,
Recursos hídricos,28,Vazão ecológica para usos ecossistêmicos,2020,,Presente,None,Dado indisponível,#DCDCDC,3995,Areial/PB,
Recursos hídricos,28,Vazão ecológica para usos ecossistêmicos,2020,,Presente,None,Dado indisponível,#DCDCDC,3993,Areia/PB,
Recursos hídricos,28,Vazão ecológica para usos ecossistêmicos,2020,,Presente,None,Dado indisponível,#DCDCDC,1812,Areias/SP,
Recursos hídricos,28,Vazão ecológica para usos ecossistêmicos,2020,,Presente,None,Dado indisponível,#DCDCDC,605,Arenápolis/MT,
Recursos hídricos,28,Vazão ecológica para usos ecossistêmicos,2020,,Presente,None,Dado indisponível,#DCDCDC,4967,Arenópolis/GO,
Recursos hídricos,28,Vazão ecológica para usos ecossistêmicos,2020,,Presente,None,Dado indisponível,#DCDCDC,801,Argirita/MG,
Recursos hídricos,28,Vazão ecológica para usos ecossistêmicos,2020,,Presente,None,Dado indisponível,#DCDCDC,5070,Ariranha do Ivaí/PR,
Recursos hídricos,28,Vazão ecológica para usos ecossistêmicos,2020,,Presente,None,Dado indisponível,#DCDCDC,1688,Armação dos Búzios/RJ,
Recursos hídricos,28,Vazão ecológica para usos ecossistêmicos,2020,,Presente,None,Dado indisponível,#DCDCDC,3996,Aroeiras/PB,
Recursos hídricos,28,Vazão ecológica para usos ecossistêmicos,2020,,Presente,None,Dado indisponível,#DCDCDC,1689,Arraial do Cabo/RJ,
Recursos hídricos,28,Vazão ecológica para usos ecossistêmicos,2020,,Presente,None,Dado indisponível,#DCDCDC,143,Arroio do Meio/RS,
Recursos hídricos,28,Vazão ecológica para usos ecossistêmicos,2020,,Presente,None,Dado indisponível,#DCDCDC,144,Arroio do Padre/RS,
Recursos hídricos,28,Vazão ecológica para usos ecossistêmicos,2020,,Presente,None,Dado indisponível,#DCDCDC,2567,Arroio do Sal/RS,
Recursos hídricos,28,Vazão ecológica para usos ecossistêmicos,2020,,Presente,None,Dado indisponível,#DCDCDC,145,Arroio dos Ratos/RS,
Recursos hídricos,28,Vazão ecológica para usos ecossistêmicos,2020,,Presente,None,Dado indisponível,#DCDCDC,146,Arroio do Tigre/RS,
Recursos hídricos,28,Vazão ecológica para usos ecossistêmicos,2020,,Presente,None,Dado indisponível,#DCDCDC,147,Arroio Grande/RS,
Recursos hídricos,28,Vazão ecológica para usos ecossistêmicos,2020,,Presente,None,Dado indisponível,#DCDCDC,2392,Arroio Trinta/SC,
Recursos hídricos,28,Vazão ecológica para usos ecossistêmicos,2020,,Presente,None,Dado indisponível,#DCDCDC,1816,Arujá/SP,
Recursos hídricos,28,Vazão ecológica para usos ecossistêmicos,2020,,Presente,None,Dado indisponível,#DCDCDC,33,Arvoredo/SC,
Recursos hídricos,28,Vazão ecológica para usos ecossistêmicos,2020,,Presente,None,Dado indisponível,#DCDCDC,2393,Ascurra/SC,
Recursos hídricos,28,Vazão ecológica para usos ecossistêmicos,2020,,Presente,None,Dado indisponível,#DCDCDC,3646,Assaré/CE,
Recursos hídricos,28,Vazão ecológica para usos ecossistêmicos,2020,,Presente,None,Dado indisponível,#DCDCDC,2822,Assis Brasil/AC,
Recursos hídricos,28,Vazão ecológica para usos ecossistêmicos,2020,,Presente,None,Dado indisponível,#DCDCDC,5071,Assis Chateaubriand/PR,
Recursos hídricos,28,Vazão ecológica para usos ecossistêmicos,2020,,Presente,None,Dado indisponível,#DCDCDC,1818,Assis/SP,
Recursos hídricos,28,Vazão ecológica para usos ecossistêmicos,2020,,Presente,None,Dado indisponível,#DCDCDC,3419,Assunção do Piauí/PI,
Recursos hídricos,28,Vazão ecológica para usos ecossistêmicos,2020,,Presente,None,Dado indisponível,#DCDCDC,3997,Assunção/PB,
Recursos hídricos,28,Vazão ecológica para usos ecossistêmicos,2020,,Presente,None,Dado indisponível,#DCDCDC,804,Astolfo Dutra/MG,
Recursos hídricos,28,Vazão ecológica para usos ecossistêmicos,2020,,Presente,None,Dado indisponível,#DCDCDC,5464,Atalaia do Norte/AM,
Recursos hídricos,28,Vazão ecológica para usos ecossistêmicos,2020,,Presente,None,Dado indisponível,#DCDCDC,5073,Atalaia/PR,
Recursos hídricos,28,Vazão ecológica para usos ecossistêmicos,2020,,Presente,None,Dado indisponível,#DCDCDC,2394,Atalanta/SC,
Recursos hídricos,28,Vazão ecológica para usos ecossistêmicos,2020,,Presente,None,Dado indisponível,#DCDCDC,3064,Augustinópolis/TO,
Recursos hídricos,28,Vazão ecológica para usos ecossistêmicos,2020,,Presente,None,Dado indisponível,#DCDCDC,2944,Augusto Corrêa/PA,
Recursos hídricos,28,Vazão ecológica para usos ecossistêmicos,2020,,Presente,None,Dado indisponível,#DCDCDC,150,Áurea/RS,
Recursos hídricos,28,Vazão ecológica para usos ecossistêmicos,2020,,Presente,None,Dado indisponível,#DCDCDC,3647,Aurora/CE,
Recursos hídricos,28,Vazão ecológica para usos ecossistêmicos,2020,,Presente,None,Dado indisponível,#DCDCDC,3065,Aurora do Tocantins/TO,
Recursos hídricos,28,Vazão ecológica para usos ecossistêmicos,2020,,Presente,None,Dado indisponível,#DCDCDC,2395,Aurora/SC,
Recursos hídricos,28,Vazão ecológica para usos ecossistêmicos,2020,,Presente,None,Dado indisponível,#DCDCDC,5465,Autazes/AM,
Recursos hídricos,28,Vazão ecológica para usos ecossistêmicos,2020,,Presente,None,Dado indisponível,#DCDCDC,2861,Aveiro/PA,
Recursos hídricos,28,Vazão ecológica para usos ecossistêmicos,2020,,Presente,None,Dado indisponível,#DCDCDC,3208,Bacuri/MA,
Recursos hídricos,28,Vazão ecológica para usos ecossistêmicos,2020,,Presente,None,Dado indisponível,#DCDCDC,3209,Bacurituba/MA,
Recursos hídricos,28,Vazão ecológica para usos ecossistêmicos,2020,,Presente,None,Dado indisponível,#DCDCDC,807,Baependi/MG,
Recursos hídricos,28,Vazão ecológica para usos ecossistêmicos,2020,,Presente,None,Dado indisponível,#DCDCDC,2947,Baião/PA,
Recursos hídricos,28,Vazão ecológica para usos ecossistêmicos,2020,,Presente,None,Dado indisponível,#DCDCDC,4589,Baixa Grande/BA,
Recursos hídricos,28,Vazão ecológica para usos ecossistêmicos,2020,,Presente,None,Dado indisponível,#DCDCDC,3421,Baixa Grande do Ribeiro/PI,
Recursos hídricos,28,Vazão ecológica para usos ecossistêmicos,2020,,Presente,None,Dado indisponível,#DCDCDC,3648,Baixio/CE,
Recursos hídricos,28,Vazão ecológica para usos ecossistêmicos,2020,,Presente,None,Dado indisponível,#DCDCDC,1616,Baixo Guandu/ES,
Recursos hídricos,28,Vazão ecológica para usos ecossistêmicos,2020,,Presente,None,Dado indisponível,#DCDCDC,660,Baliza/GO,
Recursos hídricos,28,Vazão ecológica para usos ecossistêmicos,2020,,Presente,None,Dado indisponível,#DCDCDC,2396,Balneário Arroio do Silva/SC,
Recursos hídricos,28,Vazão ecológica para usos ecossistêmicos,2020,,Presente,None,Dado indisponível,#DCDCDC,2398,Balneário Barra do Sul/SC,
Recursos hídricos,28,Vazão ecológica para usos ecossistêmicos,2020,,Presente,None,Dado indisponível,#DCDCDC,2397,Balneário Camboriú/SC,
Recursos hídricos,28,Vazão ecológica para usos ecossistêmicos,2020,,Presente,None,Dado indisponível,#DCDCDC,2399,Balneário Gaivota/SC,
Recursos hídricos,28,Vazão ecológica para usos ecossistêmicos,2020,,Presente,None,Dado indisponível,#DCDCDC,2499,Balneário Piçarras/SC,
Recursos hídricos,28,Vazão ecológica para usos ecossistêmicos,2020,,Presente,None,Dado indisponível,#DCDCDC,2568,Balneário Pinhal/RS,
Recursos hídricos,28,Vazão ecológica para usos ecossistêmicos,2020,,Presente,None,Dado indisponível,#DCDCDC,3649,Banabuiú/CE,
Recursos hídricos,28,Vazão ecológica para usos ecossistêmicos,2020,,Presente,None,Dado indisponível,#DCDCDC,3999,Bananeiras/PB,
Recursos hídricos,28,Vazão ecológica para usos ecossistêmicos,2020,,Presente,None,Dado indisponível,#DCDCDC,811,Bandeira do Sul/MG,
Recursos hídricos,28,Vazão ecológica para usos ecossistêmicos,2020,,Presente,None,Dado indisponível,#DCDCDC,810,Bandeira/MG,
Recursos hídricos,28,Vazão ecológica para usos ecossistêmicos,2020,,Presente,None,Dado indisponível,#DCDCDC,5322,Bandeirantes/PR,
Recursos hídricos,28,Vazão ecológica para usos ecossistêmicos,2020,,Presente,None,Dado indisponível,#DCDCDC,1828,Barão de Antonina/SP,
Recursos hídricos,28,Vazão ecológica para usos ecossistêmicos,2020,,Presente,None,Dado indisponível,#DCDCDC,152,Barão de Cotegipe/RS,
Recursos hídricos,28,Vazão ecológica para usos ecossistêmicos,2020,,Presente,None,Dado indisponível,#DCDCDC,153,Barão do Triunfo/RS,
Recursos hídricos,28,Vazão ecológica para usos ecossistêmicos,2020,,Presente,None,Dado indisponível,#DCDCDC,4924,Barão/RS,
Recursos hídricos,28,Vazão ecológica para usos ecossistêmicos,2020,,Presente,None,Dado indisponível,#DCDCDC,4000,Baraúna/PB,
Recursos hídricos,28,Vazão ecológica para usos ecossistêmicos,2020,,Presente,None,Dado indisponível,#DCDCDC,3826,Baraúna/RN,
Recursos hídricos,28,Vazão ecológica para usos ecossistêmicos,2020,,Presente,None,Dado indisponível,#DCDCDC,814,Barbacena/MG,
Recursos hídricos,28,Vazão ecológica para usos ecossistêmicos,2020,,Presente,None,Dado indisponível,#DCDCDC,1829,Barbosa/SP,
Recursos hídricos,28,Vazão ecológica para usos ecossistêmicos,2020,,Presente,None,Dado indisponível,#DCDCDC,2949,Barcarena/PA,
Recursos hídricos,28,Vazão ecológica para usos ecossistêmicos,2020,,Presente,None,Dado indisponível,#DCDCDC,3827,Barcelona/RN,
Recursos hídricos,28,Vazão ecológica para usos ecossistêmicos,2020,,Presente,None,Dado indisponível,#DCDCDC,5466,Barcelos/AM,
Recursos hídricos,28,Vazão ecológica para usos ecossistêmicos,2020,,Presente,None,Dado indisponível,#DCDCDC,1831,Barra Bonita/SP,
Recursos hídricos,28,Vazão ecológica para usos ecossistêmicos,2020,,Presente,None,Dado indisponível,#DCDCDC,5075,Barracão/PR,
Recursos hídricos,28,Vazão ecológica para usos ecossistêmicos,2020,,Presente,None,Dado indisponível,#DCDCDC,4925,Barracão/RS,
Recursos hídricos,28,Vazão ecológica para usos ecossistêmicos,2020,,Presente,None,Dado indisponível,#DCDCDC,3422,Barra D'Alcântara/PI,
Recursos hídricos,28,Vazão ecológica para usos ecossistêmicos,2020,,Presente,None,Dado indisponível,#DCDCDC,4216,Barra de Guabiraba/PE,
Recursos hídricos,28,Vazão ecológica para usos ecossistêmicos,2020,,Presente,None,Dado indisponível,#DCDCDC,4001,Barra de Santana/PB,
Recursos hídricos,28,Vazão ecológica para usos ecossistêmicos,2020,,Presente,None,Dado indisponível,#DCDCDC,1832,Barra do Chapéu/SP,
Recursos hídricos,28,Vazão ecológica para usos ecossistêmicos,2020,,Presente,None,Dado indisponível,#DCDCDC,675,Barra do Choça/BA,
Recursos hídricos,28,Vazão ecológica para usos ecossistêmicos,2020,,Presente,None,Dado indisponível,#DCDCDC,154,Barra do Guarita/RS,
Recursos hídricos,28,Vazão ecológica para usos ecossistêmicos,2020,,Presente,None,Dado indisponível,#DCDCDC,5323,Barra do Jacaré/PR,
Recursos hídricos,28,Vazão ecológica para usos ecossistêmicos,2020,,Presente,None,Dado indisponível,#DCDCDC,4593,Barra do Mendes/BA,
Recursos hídricos,28,Vazão ecológica para usos ecossistêmicos,2020,,Presente,None,Dado indisponível,#DCDCDC,3069,Barra do Ouro/TO,
Recursos hídricos,28,Vazão ecológica para usos ecossistêmicos,2020,,Presente,None,Dado indisponível,#DCDCDC,1690,Barra do Piraí/RJ,
Recursos hídricos,28,Vazão ecológica para usos ecossistêmicos,2020,,Presente,None,Dado indisponível,#DCDCDC,156,Barra do Rio Azul/RS,
Recursos hídricos,28,Vazão ecológica para usos ecossistêmicos,2020,,Presente,None,Dado indisponível,#DCDCDC,4494,Barra dos Coqueiros/SE,
Recursos hídricos,28,Vazão ecológica para usos ecossistêmicos,2020,,Presente,None,Dado indisponível,#DCDCDC,157,Barra Funda/RS,
Recursos hídricos,28,Vazão ecológica para usos ecossistêmicos,2020,,Presente,None,Dado indisponível,#DCDCDC,815,Barra Longa/MG,
Recursos hídricos,28,Vazão ecológica para usos ecossistêmicos,2020,,Presente,None,Dado indisponível,#DCDCDC,2400,Barra Velha/SC,
Recursos hídricos,28,Vazão ecológica para usos ecossistêmicos,2020,,Presente,None,Dado indisponível,#DCDCDC,3651,Barreira/CE,
Recursos hídricos,28,Vazão ecológica para usos ecossistêmicos,2020,,Presente,None,Dado indisponível,#DCDCDC,3424,Barreiras do Piauí/PI,
Recursos hídricos,28,Vazão ecológica para usos ecossistêmicos,2020,,Presente,None,Dado indisponível,#DCDCDC,5467,Barreirinha/AM,
Recursos hídricos,28,Vazão ecológica para usos ecossistêmicos,2020,,Presente,None,Dado indisponível,#DCDCDC,4596,Barro Alto/BA,
Recursos hídricos,28,Vazão ecológica para usos ecossistêmicos,2020,,Presente,None,Dado indisponível,#DCDCDC,4597,Barrocas/BA,
Recursos hídricos,28,Vazão ecológica para usos ecossistêmicos,2020,,Presente,None,Dado indisponível,#DCDCDC,3652,Barro/CE,
Recursos hídricos,28,Vazão ecológica para usos ecossistêmicos,2020,,Presente,None,Dado indisponível,#DCDCDC,3653,Barroquinha/CE,
Recursos hídricos,28,Vazão ecológica para usos ecossistêmicos,2020,,Presente,None,Dado indisponível,#DCDCDC,158,Barros Cassal/RS,
Recursos hídricos,28,Vazão ecológica para usos ecossistêmicos,2020,,Presente,None,Dado indisponível,#DCDCDC,816,Barroso/MG,
Recursos hídricos,28,Vazão ecológica para usos ecossistêmicos,2020,,Presente,None,Dado indisponível,#DCDCDC,1837,Bastos/SP,
Recursos hídricos,28,Vazão ecológica para usos ecossistêmicos,2020,,Presente,None,Dado indisponível,#DCDCDC,532,Bataguassu/MS,
Recursos hídricos,28,Vazão ecológica para usos ecossistêmicos,2020,,Presente,None,Dado indisponível,#DCDCDC,3654,Baturité/CE,
Recursos hídricos,28,Vazão ecológica para usos ecossistêmicos,2020,,Presente,None,Dado indisponível,#DCDCDC,3655,Beberibe/CE,
Recursos hídricos,28,Vazão ecológica para usos ecossistêmicos,2020,,Presente,None,Dado indisponível,#DCDCDC,3656,Bela Cruz/CE,
Recursos hídricos,28,Vazão ecológica para usos ecossistêmicos,2020,,Presente,None,Dado indisponível,#DCDCDC,5076,Bela Vista da Caroba/PR,
Recursos hídricos,28,Vazão ecológica para usos ecossistêmicos,2020,,Presente,None,Dado indisponível,#DCDCDC,817,Bela Vista de Minas/MG,
Recursos hídricos,28,Vazão ecológica para usos ecossistêmicos,2020,,Presente,None,Dado indisponível,#DCDCDC,5324,Bela Vista do Paraíso/PR,
Recursos hídricos,28,Vazão ecológica para usos ecossistêmicos,2020,,Presente,None,Dado indisponível,#DCDCDC,2401,Bela Vista do Toldo/SC,
Recursos hídricos,28,Vazão ecológica para usos ecossistêmicos,2020,,Presente,None,Dado indisponível,#DCDCDC,534,Bela Vista/MS,
Recursos hídricos,28,Vazão ecológica para usos ecossistêmicos,2020,,Presente,None,Dado indisponível,#DCDCDC,4394,Belém/AL,
Recursos hídricos,28,Vazão ecológica para usos ecossistêmicos,2020,,Presente,None,Dado indisponível,#DCDCDC,4006,Belém do Brejo do Cruz/PB,
Recursos hídricos,28,Vazão ecológica para usos ecossistêmicos,2020,,Presente,None,Dado indisponível,#DCDCDC,3428,Belém do Piauí/PI,
Recursos hídricos,28,Vazão ecológica para usos ecossistêmicos,2020,,Presente,None,Dado indisponível,#DCDCDC,4005,Belém/PB,
Recursos hídricos,28,Vazão ecológica para usos ecossistêmicos,2020,,Presente,None,Dado indisponível,#DCDCDC,1692,Belford Roxo/RJ,
Recursos hídricos,28,Vazão ecológica para usos ecossistêmicos,2020,,Presente,None,Dado indisponível,#DCDCDC,818,Belmiro Braga/MG,
Recursos hídricos,28,Vazão ecológica para usos ecossistêmicos,2020,,Presente,None,Dado indisponível,#DCDCDC,677,Belmonte/BA,
Recursos hídricos,28,Vazão ecológica para usos ecossistêmicos,2020,,Presente,None,Dado indisponível,#DCDCDC,678,Belo Campo/BA,
Recursos hídricos,28,Vazão ecológica para usos ecossistêmicos,2020,,Presente,None,Dado indisponível,#DCDCDC,820,Belo Oriente/MG,
Recursos hídricos,28,Vazão ecológica para usos ecossistêmicos,2020,,Presente,None,Dado indisponível,#DCDCDC,2862,Belterra/PA,
Recursos hídricos,28,Vazão ecológica para usos ecossistêmicos,2020,,Presente,None,Dado indisponível,#DCDCDC,3216,Benedito Leite/MA,
Recursos hídricos,28,Vazão ecológica para usos ecossistêmicos,2020,,Presente,None,Dado indisponível,#DCDCDC,2402,Benedito Novo/SC,
Recursos hídricos,28,Vazão ecológica para usos ecossistêmicos,2020,,Presente,None,Dado indisponível,#DCDCDC,5468,Benjamin Constant/AM,
Recursos hídricos,28,Vazão ecológica para usos ecossistêmicos,2020,,Presente,None,Dado indisponível,#DCDCDC,159,Benjamin Constant do Sul/RS,
Recursos hídricos,28,Vazão ecológica para usos ecossistêmicos,2020,,Presente,None,Dado indisponível,#DCDCDC,4927,Bento Gonçalves/RS,
Recursos hídricos,28,Vazão ecológica para usos ecossistêmicos,2020,,Presente,None,Dado indisponível,#DCDCDC,824,Berizal/MG,
Recursos hídricos,28,Vazão ecológica para usos ecossistêmicos,2020,,Presente,None,Dado indisponível,#DCDCDC,4007,Bernardino Batista/PB,
Recursos hídricos,28,Vazão ecológica para usos ecossistêmicos,2020,,Presente,None,Dado indisponível,#DCDCDC,1843,Bertioga/SP,
Recursos hídricos,28,Vazão ecológica para usos ecossistêmicos,2020,,Presente,None,Dado indisponível,#DCDCDC,3430,Bertolínia/PI,
Recursos hídricos,28,Vazão ecológica para usos ecossistêmicos,2020,,Presente,None,Dado indisponível,#DCDCDC,5469,Beruri/AM,
Recursos hídricos,28,Vazão ecológica para usos ecossistêmicos,2020,,Presente,None,Dado indisponível,#DCDCDC,4222,Bezerros/PE,
Recursos hídricos,28,Vazão ecológica para usos ecossistêmicos,2020,,Presente,None,Dado indisponível,#DCDCDC,826,Bias Fortes/MG,
Recursos hídricos,28,Vazão ecológica para usos ecossistêmicos,2020,,Presente,None,Dado indisponível,#DCDCDC,827,Bicas/MG,
Recursos hídricos,28,Vazão ecológica para usos ecossistêmicos,2020,,Presente,None,Dado indisponível,#DCDCDC,2403,Biguaçu/SC,
Recursos hídricos,28,Vazão ecológica para usos ecossistêmicos,2020,,Presente,None,Dado indisponível,#DCDCDC,828,Biquinhas/MG,
Recursos hídricos,28,Vazão ecológica para usos ecossistêmicos,2020,,Presente,None,Dado indisponível,#DCDCDC,4598,Biritinga/BA,
Recursos hídricos,28,Vazão ecológica para usos ecossistêmicos,2020,,Presente,None,Dado indisponível,#DCDCDC,5437,Bituruna/PR,
Recursos hídricos,28,Vazão ecológica para usos ecossistêmicos,2020,,Presente,None,Dado indisponível,#DCDCDC,2404,Blumenau/SC,
Recursos hídricos,28,Vazão ecológica para usos ecossistêmicos,2020,,Presente,None,Dado indisponível,#DCDCDC,5078,Boa Esperança do Iguaçu/PR,
Recursos hídricos,28,Vazão ecológica para usos ecossistêmicos,2020,,Presente,None,Dado indisponível,#DCDCDC,1618,Boa Esperança/ES,
Recursos hídricos,28,Vazão ecológica para usos ecossistêmicos,2020,,Presente,None,Dado indisponível,#DCDCDC,5077,Boa Esperança/PR,
Recursos hídricos,28,Vazão ecológica para usos ecossistêmicos,2020,,Presente,None,Dado indisponível,#DCDCDC,5438,Boa Ventura de São Roque/PR,
Recursos hídricos,28,Vazão ecológica para usos ecossistêmicos,2020,,Presente,None,Dado indisponível,#DCDCDC,4008,Boa Ventura/PB,
Recursos hídricos,28,Vazão ecológica para usos ecossistêmicos,2020,,Presente,None,Dado indisponível,#DCDCDC,3657,Boa Viagem/CE,
Recursos hídricos,28,Vazão ecológica para usos ecossistêmicos,2020,,Presente,None,Dado indisponível,#DCDCDC,5079,Boa Vista da Aparecida/PR,
Recursos hídricos,28,Vazão ecológica para usos ecossistêmicos,2020,,Presente,None,Dado indisponível,#DCDCDC,160,Boa Vista das Missões/RS,
Recursos hídricos,28,Vazão ecológica para usos ecossistêmicos,2020,,Presente,None,Dado indisponível,#DCDCDC,3219,Boa Vista do Gurupi/MA,
Recursos hídricos,28,Vazão ecológica para usos ecossistêmicos,2020,,Presente,None,Dado indisponível,#DCDCDC,163,Boa Vista do Incra/RS,
Recursos hídricos,28,Vazão ecológica para usos ecossistêmicos,2020,,Presente,None,Dado indisponível,#DCDCDC,5470,Boa Vista do Ramos/AM,
Recursos hídricos,28,Vazão ecológica para usos ecossistêmicos,2020,,Presente,None,Dado indisponível,#DCDCDC,164,Boa Vista do Sul/RS,
Recursos hídricos,28,Vazão ecológica para usos ecossistêmicos,2020,,Presente,None,Dado indisponível,#DCDCDC,4599,Boa Vista do Tupim/BA,
Recursos hídricos,28,Vazão ecológica para usos ecossistêmicos,2020,,Presente,None,Dado indisponível,#DCDCDC,4009,Boa Vista/PB,
Recursos hídricos,28,Vazão ecológica para usos ecossistêmicos,2020,,Presente,None,Dado indisponível,#DCDCDC,830,Bocaina de Minas/MG,
Recursos hídricos,28,Vazão ecológica para usos ecossistêmicos,2020,,Presente,None,Dado indisponível,#DCDCDC,3829,Bodó/RN,
Recursos hídricos,28,Vazão ecológica para usos ecossistêmicos,2020,,Presente,None,Dado indisponível,#DCDCDC,2406,Bombinhas/SC,
Recursos hídricos,28,Vazão ecológica para usos ecossistêmicos,2020,,Presente,None,Dado indisponível,#DCDCDC,2407,Bom Jardim da Serra/SC,
Recursos hídricos,28,Vazão ecológica para usos ecossistêmicos,2020,,Presente,None,Dado indisponível,#DCDCDC,4225,Bom Jardim/PE,
Recursos hídricos,28,Vazão ecológica para usos ecossistêmicos,2020,,Presente,None,Dado indisponível,#DCDCDC,834,Bom Jesus da Penha/MG,
Recursos hídricos,28,Vazão ecológica para usos ecossistêmicos,2020,,Presente,None,Dado indisponível,#DCDCDC,679,Bom Jesus da Serra/BA,
Recursos hídricos,28,Vazão ecológica para usos ecossistêmicos,2020,,Presente,None,Dado indisponível,#DCDCDC,5050,Bom Jesus do Araguaia/MT,
Recursos hídricos,28,Vazão ecológica para usos ecossistêmicos,2020,,Presente,None,Dado indisponível,#DCDCDC,836,Bom Jesus do Galho/MG,
Recursos hídricos,28,Vazão ecológica para usos ecossistêmicos,2020,,Presente,None,Dado indisponível,#DCDCDC,38,Bom Jesus do Oeste/SC,
Recursos hídricos,28,Vazão ecológica para usos ecossistêmicos,2020,,Presente,None,Dado indisponível,#DCDCDC,1851,Bom Jesus dos Perdões/SP,
Recursos hídricos,28,Vazão ecológica para usos ecossistêmicos,2020,,Presente,None,Dado indisponível,#DCDCDC,5080,Bom Jesus do Sul/PR,
Recursos hídricos,28,Vazão ecológica para usos ecossistêmicos,2020,,Presente,None,Dado indisponível,#DCDCDC,2952,Bom Jesus do Tocantins/PA,
Recursos hídricos,28,Vazão ecológica para usos ecossistêmicos,2020,,Presente,None,Dado indisponível,#DCDCDC,3072,Bom Jesus do Tocantins/TO,
Recursos hídricos,28,Vazão ecológica para usos ecossistêmicos,2020,,Presente,None,Dado indisponível,#DCDCDC,4010,Bom Jesus/PB,
Recursos hídricos,28,Vazão ecológica para usos ecossistêmicos,2020,,Presente,None,Dado indisponível,#DCDCDC,2569,Bom Jesus/RS,
Recursos hídricos,28,Vazão ecológica para usos ecossistêmicos,2020,,Presente,None,Dado indisponível,#DCDCDC,37,Bom Jesus/SC,
Recursos hídricos,28,Vazão ecológica para usos ecossistêmicos,2020,,Presente,None,Dado indisponível,#DCDCDC,3435,Bom Princípio do Piauí/PI,
Recursos hídricos,28,Vazão ecológica para usos ecossistêmicos,2020,,Presente,None,Dado indisponível,#DCDCDC,2570,Bom Princípio/RS,
Recursos hídricos,28,Vazão ecológica para usos ecossistêmicos,2020,,Presente,None,Dado indisponível,#DCDCDC,165,Bom Progresso/RS,
Recursos hídricos,28,Vazão ecológica para usos ecossistêmicos,2020,,Presente,None,Dado indisponível,#DCDCDC,166,Bom Retiro do Sul/RS,
Recursos hídricos,28,Vazão ecológica para usos ecossistêmicos,2020,,Presente,None,Dado indisponível,#DCDCDC,2408,Bom Retiro/SC,
Recursos hídricos,28,Vazão ecológica para usos ecossistêmicos,2020,,Presente,None,Dado indisponível,#DCDCDC,1852,Bom Sucesso de Itararé/SP,
Recursos hídricos,28,Vazão ecológica para usos ecossistêmicos,2020,,Presente,None,Dado indisponível,#DCDCDC,5082,Bom Sucesso do Sul/PR,
Recursos hídricos,28,Vazão ecológica para usos ecossistêmicos,2020,,Presente,None,Dado indisponível,#DCDCDC,838,Bom Sucesso/MG,
Recursos hídricos,28,Vazão ecológica para usos ecossistêmicos,2020,,Presente,None,Dado indisponível,#DCDCDC,3436,Bonfim do Piauí/PI,
Recursos hídricos,28,Vazão ecológica para usos ecossistêmicos,2020,,Presente,None,Dado indisponível,#DCDCDC,2668,Bonfinópolis/GO,
Recursos hídricos,28,Vazão ecológica para usos ecossistêmicos,2020,,Presente,None,Dado indisponível,#DCDCDC,4601,Boninal/BA,
Recursos hídricos,28,Vazão ecológica para usos ecossistêmicos,2020,,Presente,None,Dado indisponível,#DCDCDC,4602,Bonito/BA,
Recursos hídricos,28,Vazão ecológica para usos ecossistêmicos,2020,,Presente,None,Dado indisponível,#DCDCDC,841,Bonito de Minas/MG,
Recursos hídricos,28,Vazão ecológica para usos ecossistêmicos,2020,,Presente,None,Dado indisponível,#DCDCDC,2953,Bonito/PA,
Recursos hídricos,28,Vazão ecológica para usos ecossistêmicos,2020,,Presente,None,Dado indisponível,#DCDCDC,167,Boqueirão do Leão/RS,
Recursos hídricos,28,Vazão ecológica para usos ecossistêmicos,2020,,Presente,None,Dado indisponível,#DCDCDC,4495,Boquim/SE,
Recursos hídricos,28,Vazão ecológica para usos ecossistêmicos,2020,,Presente,None,Dado indisponível,#DCDCDC,4603,Boquira/BA,
Recursos hídricos,28,Vazão ecológica para usos ecossistêmicos,2020,,Presente,None,Dado indisponível,#DCDCDC,1853,Borá/SP,
Recursos hídricos,28,Vazão ecológica para usos ecossistêmicos,2020,,Presente,None,Dado indisponível,#DCDCDC,5472,Borba/AM,
Recursos hídricos,28,Vazão ecológica para usos ecossistêmicos,2020,,Presente,None,Dado indisponível,#DCDCDC,4015,Borborema/PB,
Recursos hídricos,28,Vazão ecológica para usos ecossistêmicos,2020,,Presente,None,Dado indisponível,#DCDCDC,842,Borda da Mata/MG,
Recursos hídricos,28,Vazão ecológica para usos ecossistêmicos,2020,,Presente,None,Dado indisponível,#DCDCDC,1856,Borebi/SP,
Recursos hídricos,28,Vazão ecológica para usos ecossistêmicos,2020,,Presente,None,Dado indisponível,#DCDCDC,5083,Borrazópolis/PR,
Recursos hídricos,28,Vazão ecológica para usos ecossistêmicos,2020,,Presente,None,Dado indisponível,#DCDCDC,4604,Botuporã/BA,
Recursos hídricos,28,Vazão ecológica para usos ecossistêmicos,2020,,Presente,None,Dado indisponível,#DCDCDC,2409,Botuverá/SC,
Recursos hídricos,28,Vazão ecológica para usos ecossistêmicos,2020,,Presente,None,Dado indisponível,#DCDCDC,2410,Braço do Norte/SC,
Recursos hídricos,28,Vazão ecológica para usos ecossistêmicos,2020,,Presente,None,Dado indisponível,#DCDCDC,2411,Braço do Trombudo/SC,
Recursos hídricos,28,Vazão ecológica para usos ecossistêmicos,2020,,Presente,None,Dado indisponível,#DCDCDC,2954,Bragança/PA,
Recursos hídricos,28,Vazão ecológica para usos ecossistêmicos,2020,,Presente,None,Dado indisponível,#DCDCDC,5084,Braganey/PR,
Recursos hídricos,28,Vazão ecológica para usos ecossistêmicos,2020,,Presente,None,Dado indisponível,#DCDCDC,5085,Brasilândia do Sul/PR,
Recursos hídricos,28,Vazão ecológica para usos ecossistêmicos,2020,,Presente,None,Dado indisponível,#DCDCDC,3073,Brasilândia do Tocantins/TO,
Recursos hídricos,28,Vazão ecológica para usos ecossistêmicos,2020,,Presente,None,Dado indisponível,#DCDCDC,537,Brasilândia/MS,
Recursos hídricos,28,Vazão ecológica para usos ecossistêmicos,2020,,Presente,None,Dado indisponível,#DCDCDC,2823,Brasiléia/AC,
Recursos hídricos,28,Vazão ecológica para usos ecossistêmicos,2020,,Presente,None,Dado indisponível,#DCDCDC,846,Brasília de Minas/MG,
Recursos hídricos,28,Vazão ecológica para usos ecossistêmicos,2020,,Presente,None,Dado indisponível,#DCDCDC,848,Braúnas/MG,
Recursos hídricos,28,Vazão ecológica para usos ecossistêmicos,2020,,Presente,None,Dado indisponível,#DCDCDC,849,Brazópolis/MG,
Recursos hídricos,28,Vazão ecológica para usos ecossistêmicos,2020,,Presente,None,Dado indisponível,#DCDCDC,4227,Brejão/PE,
Recursos hídricos,28,Vazão ecológica para usos ecossistêmicos,2020,,Presente,None,Dado indisponível,#DCDCDC,1620,Brejetuba/ES,
Recursos hídricos,28,Vazão ecológica para usos ecossistêmicos,2020,,Presente,None,Dado indisponível,#DCDCDC,4228,Brejinho/PE,
Recursos hídricos,28,Vazão ecológica para usos ecossistêmicos,2020,,Presente,None,Dado indisponível,#DCDCDC,1860,Brejo Alegre/SP,
Recursos hídricos,28,Vazão ecológica para usos ecossistêmicos,2020,,Presente,None,Dado indisponível,#DCDCDC,4229,Brejo da Madre de Deus/PE,
Recursos hídricos,28,Vazão ecológica para usos ecossistêmicos,2020,,Presente,None,Dado indisponível,#DCDCDC,4016,Brejo do Cruz/PB,
Recursos hídricos,28,Vazão ecológica para usos ecossistêmicos,2020,,Presente,None,Dado indisponível,#DCDCDC,4017,Brejo dos Santos/PB,
Recursos hídricos,28,Vazão ecológica para usos ecossistêmicos,2020,,Presente,None,Dado indisponível,#DCDCDC,4605,Brejões/BA,
Recursos hídricos,28,Vazão ecológica para usos ecossistêmicos,2020,,Presente,None,Dado indisponível,#DCDCDC,2955,Brejo Grande do Araguaia/PA,
Recursos hídricos,28,Vazão ecológica para usos ecossistêmicos,2020,,Presente,None,Dado indisponível,#DCDCDC,4496,Brejo Grande/SE,
Recursos hídricos,28,Vazão ecológica para usos ecossistêmicos,2020,,Presente,None,Dado indisponível,#DCDCDC,4606,Brejolândia/BA,
Recursos hídricos,28,Vazão ecológica para usos ecossistêmicos,2020,,Presente,None,Dado indisponível,#DCDCDC,3658,Brejo Santo/CE,
Recursos hídricos,28,Vazão ecológica para usos ecossistêmicos,2020,,Presente,None,Dado indisponível,#DCDCDC,2956,Breu Branco/PA,
Recursos hídricos,28,Vazão ecológica para usos ecossistêmicos,2020,,Presente,None,Dado indisponível,#DCDCDC,2957,Breves/PA,
Recursos hídricos,28,Vazão ecológica para usos ecossistêmicos,2020,,Presente,None,Dado indisponível,#DCDCDC,171,Brochier/RS,
Recursos hídricos,28,Vazão ecológica para usos ecossistêmicos,2020,,Presente,None,Dado indisponível,#DCDCDC,4607,Brotas de Macaúbas/BA,
Recursos hídricos,28,Vazão ecológica para usos ecossistêmicos,2020,,Presente,None,Dado indisponível,#DCDCDC,2412,Brunópolis/SC,
Recursos hídricos,28,Vazão ecológica para usos ecossistêmicos,2020,,Presente,None,Dado indisponível,#DCDCDC,2413,Brusque/SC,
Recursos hídricos,28,Vazão ecológica para usos ecossistêmicos,2020,,Presente,None,Dado indisponível,#DCDCDC,851,Bueno Brandão/MG,
Recursos hídricos,28,Vazão ecológica para usos ecossistêmicos,2020,,Presente,None,Dado indisponível,#DCDCDC,852,Buenópolis/MG,
Recursos hídricos,28,Vazão ecológica para usos ecossistêmicos,2020,,Presente,None,Dado indisponível,#DCDCDC,853,Bugre/MG,
Recursos hídricos,28,Vazão ecológica para usos ecossistêmicos,2020,,Presente,None,Dado indisponível,#DCDCDC,2958,Bujaru/PA,
Recursos hídricos,28,Vazão ecológica para usos ecossistêmicos,2020,,Presente,None,Dado indisponível,#DCDCDC,3226,Buriti Bravo/MA,
Recursos hídricos,28,Vazão ecológica para usos ecossistêmicos,2020,,Presente,None,Dado indisponível,#DCDCDC,3075,Buriti do Tocantins/TO,
Recursos hídricos,28,Vazão ecológica para usos ecossistêmicos,2020,,Presente,None,Dado indisponível,#DCDCDC,2673,Buritinópolis/GO,
Recursos hídricos,28,Vazão ecológica para usos ecossistêmicos,2020,,Presente,None,Dado indisponível,#DCDCDC,4608,Buritirama/BA,
Recursos hídricos,28,Vazão ecológica para usos ecossistêmicos,2020,,Presente,None,Dado indisponível,#DCDCDC,5548,Buritis/RO,
Recursos hídricos,28,Vazão ecológica para usos ecossistêmicos,2020,,Presente,None,Dado indisponível,#DCDCDC,5473,Caapiranga/AM,
Recursos hídricos,28,Vazão ecológica para usos ecossistêmicos,2020,,Presente,None,Dado indisponível,#DCDCDC,681,Caatiba/BA,
Recursos hídricos,28,Vazão ecológica para usos ecossistêmicos,2020,,Presente,None,Dado indisponível,#DCDCDC,5523,Cabixi/RO,
Recursos hídricos,28,Vazão ecológica para usos ecossistêmicos,2020,,Presente,None,Dado indisponível,#DCDCDC,1695,Cabo Frio/RJ,
Recursos hídricos,28,Vazão ecológica para usos ecossistêmicos,2020,,Presente,None,Dado indisponível,#DCDCDC,857,Cabo Verde/MG,
Recursos hídricos,28,Vazão ecológica para usos ecossistêmicos,2020,,Presente,None,Dado indisponível,#DCDCDC,1868,Caçapava/SP,
Recursos hídricos,28,Vazão ecológica para usos ecossistêmicos,2020,,Presente,None,Dado indisponível,#DCDCDC,4610,Cachoeira/BA,
Recursos hídricos,28,Vazão ecológica para usos ecossistêmicos,2020,,Presente,None,Dado indisponível,#DCDCDC,858,Cachoeira da Prata/MG,
Recursos hídricos,28,Vazão ecológica para usos ecossistêmicos,2020,,Presente,None,Dado indisponível,#DCDCDC,782,Cachoeira de Pajeú/MG,
Recursos hídricos,28,Vazão ecológica para usos ecossistêmicos,2020,,Presente,None,Dado indisponível,#DCDCDC,2960,Cachoeira do Arari/PA,
Recursos hídricos,28,Vazão ecológica para usos ecossistêmicos,2020,,Presente,None,Dado indisponível,#DCDCDC,2959,Cachoeira do Piriá/PA,
Recursos hídricos,28,Vazão ecológica para usos ecossistêmicos,2020,,Presente,None,Dado indisponível,#DCDCDC,4021,Cachoeira dos Índios/PB,
Recursos hídricos,28,Vazão ecológica para usos ecossistêmicos,2020,,Presente,None,Dado indisponível,#DCDCDC,1869,Cachoeira Paulista/SP,
Recursos hídricos,28,Vazão ecológica para usos ecossistêmicos,2020,,Presente,None,Dado indisponível,#DCDCDC,1696,Cachoeiras de Macacu/RJ,
Recursos hídricos,28,Vazão ecológica para usos ecossistêmicos,2020,,Presente,None,Dado indisponível,#DCDCDC,4234,Cachoeirinha/PE,
Recursos hídricos,28,Vazão ecológica para usos ecossistêmicos,2020,,Presente,None,Dado indisponível,#DCDCDC,4022,Cacimba de Areia/PB,
Recursos hídricos,28,Vazão ecológica para usos ecossistêmicos,2020,,Presente,None,Dado indisponível,#DCDCDC,4023,Cacimba de Dentro/PB,
Recursos hídricos,28,Vazão ecológica para usos ecossistêmicos,2020,,Presente,None,Dado indisponível,#DCDCDC,4024,Cacimbas/PB,
Recursos hídricos,28,Vazão ecológica para usos ecossistêmicos,2020,,Presente,None,Dado indisponível,#DCDCDC,1870,Caconde/SP,
Recursos hídricos,28,Vazão ecológica para usos ecossistêmicos,2020,,Presente,None,Dado indisponível,#DCDCDC,4968,Caçu/GO,
Recursos hídricos,28,Vazão ecológica para usos ecossistêmicos,2020,,Presente,None,Dado indisponível,#DCDCDC,682,Caculé/BA,
Recursos hídricos,28,Vazão ecológica para usos ecossistêmicos,2020,,Presente,None,Dado indisponível,#DCDCDC,4611,Caém/BA,
Recursos hídricos,28,Vazão ecológica para usos ecossistêmicos,2020,,Presente,None,Dado indisponível,#DCDCDC,4986,Caetité/BA,
Recursos hídricos,28,Vazão ecológica para usos ecossistêmicos,2020,,Presente,None,Dado indisponível,#DCDCDC,4612,Cafarnaum/BA,
Recursos hídricos,28,Vazão ecológica para usos ecossistêmicos,2020,,Presente,None,Dado indisponível,#DCDCDC,5088,Cafezal do Sul/PR,
Recursos hídricos,28,Vazão ecológica para usos ecossistêmicos,2020,,Presente,None,Dado indisponível,#DCDCDC,1872,Caiabu/SP,
Recursos hídricos,28,Vazão ecológica para usos ecossistêmicos,2020,,Presente,None,Dado indisponível,#DCDCDC,4969,Caiapônia/GO,
Recursos hídricos,28,Vazão ecológica para usos ecossistêmicos,2020,,Presente,None,Dado indisponível,#DCDCDC,39,Caibi/SC,
Recursos hídricos,28,Vazão ecológica para usos ecossistêmicos,2020,,Presente,None,Dado indisponível,#DCDCDC,3832,Caiçara do Norte/RN,
Recursos hídricos,28,Vazão ecológica para usos ecossistêmicos,2020,,Presente,None,Dado indisponível,#DCDCDC,3833,Caiçara do Rio do Vento/RN,
Recursos hídricos,28,Vazão ecológica para usos ecossistêmicos,2020,,Presente,None,Dado indisponível,#DCDCDC,3834,Caicó/RN,
Recursos hídricos,28,Vazão ecológica para usos ecossistêmicos,2020,,Presente,None,Dado indisponível,#DCDCDC,4613,Cairu/BA,
Recursos hídricos,28,Vazão ecológica para usos ecossistêmicos,2020,,Presente,None,Dado indisponível,#DCDCDC,4027,Cajazeirinhas/PB,
Recursos hídricos,28,Vazão ecológica para usos ecossistêmicos,2020,,Presente,None,Dado indisponível,#DCDCDC,3444,Cajueiro da Praia/PI,
Recursos hídricos,28,Vazão ecológica para usos ecossistêmicos,2020,,Presente,None,Dado indisponível,#DCDCDC,864,Cajuri/MG,
Recursos hídricos,28,Vazão ecológica para usos ecossistêmicos,2020,,Presente,None,Dado indisponível,#DCDCDC,4236,Calçado/PE,
Recursos hídricos,28,Vazão ecológica para usos ecossistêmicos,2020,,Presente,None,Dado indisponível,#DCDCDC,865,Caldas/MG,
Recursos hídricos,28,Vazão ecológica para usos ecossistêmicos,2020,,Presente,None,Dado indisponível,#DCDCDC,4614,Caldeirão Grande/BA,
Recursos hídricos,28,Vazão ecológica para usos ecossistêmicos,2020,,Presente,None,Dado indisponível,#DCDCDC,2414,Calmon/SC,
Recursos hídricos,28,Vazão ecológica para usos ecossistêmicos,2020,,Presente,None,Dado indisponível,#DCDCDC,683,Camacan/BA,
Recursos hídricos,28,Vazão ecológica para usos ecossistêmicos,2020,,Presente,None,Dado indisponível,#DCDCDC,4615,Camaçari/BA,
Recursos hídricos,28,Vazão ecológica para usos ecossistêmicos,2020,,Presente,None,Dado indisponível,#DCDCDC,866,Camacho/MG,
Recursos hídricos,28,Vazão ecológica para usos ecossistêmicos,2020,,Presente,None,Dado indisponível,#DCDCDC,4029,Camalaú/PB,
Recursos hídricos,28,Vazão ecológica para usos ecossistêmicos,2020,,Presente,None,Dado indisponível,#DCDCDC,4616,Camamu/BA,
Recursos hídricos,28,Vazão ecológica para usos ecossistêmicos,2020,,Presente,None,Dado indisponível,#DCDCDC,539,Camapuã/MS,
Recursos hídricos,28,Vazão ecológica para usos ecossistêmicos,2020,,Presente,None,Dado indisponível,#DCDCDC,180,Camargo/RS,
Recursos hídricos,28,Vazão ecológica para usos ecossistêmicos,2020,,Presente,None,Dado indisponível,#DCDCDC,2572,Cambará do Sul/RS,
Recursos hídricos,28,Vazão ecológica para usos ecossistêmicos,2020,,Presente,None,Dado indisponível,#DCDCDC,5326,Cambará/PR,
Recursos hídricos,28,Vazão ecológica para usos ecossistêmicos,2020,,Presente,None,Dado indisponível,#DCDCDC,5440,Cambé/PR,
Recursos hídricos,28,Vazão ecológica para usos ecossistêmicos,2020,,Presente,None,Dado indisponível,#DCDCDC,2415,Camboriú/SC,
Recursos hídricos,28,Vazão ecológica para usos ecossistêmicos,2020,,Presente,None,Dado indisponível,#DCDCDC,1697,Cambuci/RJ,
Recursos hídricos,28,Vazão ecológica para usos ecossistêmicos,2020,,Presente,None,Dado indisponível,#DCDCDC,868,Cambuí/MG,
Recursos hídricos,28,Vazão ecológica para usos ecossistêmicos,2020,,Presente,None,Dado indisponível,#DCDCDC,869,Cambuquira/MG,
Recursos hídricos,28,Vazão ecológica para usos ecossistêmicos,2020,,Presente,None,Dado indisponível,#DCDCDC,2961,Cametá/PA,
Recursos hídricos,28,Vazão ecológica para usos ecossistêmicos,2020,,Presente,None,Dado indisponível,#DCDCDC,4239,Camocim de São Félix/PE,
Recursos hídricos,28,Vazão ecológica para usos ecossistêmicos,2020,,Presente,None,Dado indisponível,#DCDCDC,870,Campanário/MG,
Recursos hídricos,28,Vazão ecológica para usos ecossistêmicos,2020,,Presente,None,Dado indisponível,#DCDCDC,2573,Campestre da Serra/RS,
Recursos hídricos,28,Vazão ecológica para usos ecossistêmicos,2020,,Presente,None,Dado indisponível,#DCDCDC,4874,Campinaçu/GO,
Recursos hídricos,28,Vazão ecológica para usos ecossistêmicos,2020,,Presente,None,Dado indisponível,#DCDCDC,4030,Campina Grande/PB,
Recursos hídricos,28,Vazão ecológica para usos ecossistêmicos,2020,,Presente,None,Dado indisponível,#DCDCDC,4950,Campinápolis/MT,
Recursos hídricos,28,Vazão ecológica para usos ecossistêmicos,2020,,Presente,None,Dado indisponível,#DCDCDC,182,Campinas do Sul/RS,
Recursos hídricos,28,Vazão ecológica para usos ecossistêmicos,2020,,Presente,None,Dado indisponível,#DCDCDC,3447,Campo Alegre do Fidalgo/PI,
Recursos hídricos,28,Vazão ecológica para usos ecossistêmicos,2020,,Presente,None,Dado indisponível,#DCDCDC,2417,Campo Alegre/SC,
Recursos hídricos,28,Vazão ecológica para usos ecossistêmicos,2020,,Presente,None,Dado indisponível,#DCDCDC,2418,Campo Belo do Sul/SC,
Recursos hídricos,28,Vazão ecológica para usos ecossistêmicos,2020,,Presente,None,Dado indisponível,#DCDCDC,4497,Campo do Brito/SE,
Recursos hídricos,28,Vazão ecológica para usos ecossistêmicos,2020,,Presente,None,Dado indisponível,#DCDCDC,876,Campo do Meio/MG,
Recursos hídricos,28,Vazão ecológica para usos ecossistêmicos,2020,,Presente,None,Dado indisponível,#DCDCDC,5328,Campo do Tenente/PR,
Recursos hídricos,28,Vazão ecológica para usos ecossistêmicos,2020,,Presente,None,Dado indisponível,#DCDCDC,40,Campo Erê/SC,
Recursos hídricos,28,Vazão ecológica para usos ecossistêmicos,2020,,Presente,None,Dado indisponível,#DCDCDC,3824,Campo Grande/RN,
Recursos hídricos,28,Vazão ecológica para usos ecossistêmicos,2020,,Presente,None,Dado indisponível,#DCDCDC,5329,Campo Largo/PR,
Recursos hídricos,28,Vazão ecológica para usos ecossistêmicos,2020,,Presente,None,Dado indisponível,#DCDCDC,3835,Campo Redondo/RN,
Recursos hídricos,28,Vazão ecológica para usos ecossistêmicos,2020,,Presente,None,Dado indisponível,#DCDCDC,184,Campos Borges/RS,
Recursos hídricos,28,Vazão ecológica para usos ecossistêmicos,2020,,Presente,None,Dado indisponível,#DCDCDC,4952,Campos de Júlio/MT,
Recursos hídricos,28,Vazão ecológica para usos ecossistêmicos,2020,,Presente,None,Dado indisponível,#DCDCDC,1881,Campos do Jordão/SP,
Recursos hídricos,28,Vazão ecológica para usos ecossistêmicos,2020,,Presente,None,Dado indisponível,#DCDCDC,1882,Campos Novos Paulista/SP,
Recursos hídricos,28,Vazão ecológica para usos ecossistêmicos,2020,,Presente,None,Dado indisponível,#DCDCDC,3660,Campos Sales/CE,
Recursos hídricos,28,Vazão ecológica para usos ecossistêmicos,2020,,Presente,None,Dado indisponível,#DCDCDC,610,Campo Verde/MT,
Recursos hídricos,28,Vazão ecológica para usos ecossistêmicos,2020,,Presente,None,Dado indisponível,#DCDCDC,880,Canaã/MG,
Recursos hídricos,28,Vazão ecológica para usos ecossistêmicos,2020,,Presente,None,Dado indisponível,#DCDCDC,5051,Canabrava do Norte/MT,
Recursos hídricos,28,Vazão ecológica para usos ecossistêmicos,2020,,Presente,None,Dado indisponível,#DCDCDC,1883,Cananéia/SP,
Recursos hídricos,28,Vazão ecológica para usos ecossistêmicos,2020,,Presente,None,Dado indisponível,#DCDCDC,4619,Canápolis/BA,
Recursos hídricos,28,Vazão ecológica para usos ecossistêmicos,2020,,Presente,None,Dado indisponível,#DCDCDC,881,Canápolis/MG,
Recursos hídricos,28,Vazão ecológica para usos ecossistêmicos,2020,,Presente,None,Dado indisponível,#DCDCDC,4620,Canarana/BA,
Recursos hídricos,28,Vazão ecológica para usos ecossistêmicos,2020,,Presente,None,Dado indisponível,#DCDCDC,5052,Canarana/MT,
Recursos hídricos,28,Vazão ecológica para usos ecossistêmicos,2020,,Presente,None,Dado indisponível,#DCDCDC,1884,Canas/SP,
Recursos hídricos,28,Vazão ecológica para usos ecossistêmicos,2020,,Presente,None,Dado indisponível,#DCDCDC,882,Cana Verde/MG,
Recursos hídricos,28,Vazão ecológica para usos ecossistêmicos,2020,,Presente,None,Dado indisponível,#DCDCDC,684,Canavieiras/BA,
Recursos hídricos,28,Vazão ecológica para usos ecossistêmicos,2020,,Presente,None,Dado indisponível,#DCDCDC,4621,Candeal/BA,
Recursos hídricos,28,Vazão ecológica para usos ecossistêmicos,2020,,Presente,None,Dado indisponível,#DCDCDC,4622,Candeias/BA,
Recursos hídricos,28,Vazão ecológica para usos ecossistêmicos,2020,,Presente,None,Dado indisponível,#DCDCDC,5552,Candeias do Jamari/RO,
Recursos hídricos,28,Vazão ecológica para usos ecossistêmicos,2020,,Presente,None,Dado indisponível,#DCDCDC,883,Candeias/MG,
Recursos hídricos,28,Vazão ecológica para usos ecossistêmicos,2020,,Presente,None,Dado indisponível,#DCDCDC,685,Candiba/BA,
Recursos hídricos,28,Vazão ecológica para usos ecossistêmicos,2020,,Presente,None,Dado indisponível,#DCDCDC,1885,Cândido Mota/SP,
Recursos hídricos,28,Vazão ecológica para usos ecossistêmicos,2020,,Presente,None,Dado indisponível,#DCDCDC,686,Cândido Sales/BA,
Recursos hídricos,28,Vazão ecológica para usos ecossistêmicos,2020,,Presente,None,Dado indisponível,#DCDCDC,5094,Candói/PR,
Recursos hídricos,28,Vazão ecológica para usos ecossistêmicos,2020,,Presente,None,Dado indisponível,#DCDCDC,2575,Canela/RS,
Recursos hídricos,28,Vazão ecológica para usos ecossistêmicos,2020,,Presente,None,Dado indisponível,#DCDCDC,2419,Canelinha/SC,
Recursos hídricos,28,Vazão ecológica para usos ecossistêmicos,2020,,Presente,None,Dado indisponível,#DCDCDC,3661,Canindé/CE,
Recursos hídricos,28,Vazão ecológica para usos ecossistêmicos,2020,,Presente,None,Dado indisponível,#DCDCDC,1887,Canitar/SP,
Recursos hídricos,28,Vazão ecológica para usos ecossistêmicos,2020,,Presente,None,Dado indisponível,#DCDCDC,2420,Canoinhas/SC,
Recursos hídricos,28,Vazão ecológica para usos ecossistêmicos,2020,,Presente,None,Dado indisponível,#DCDCDC,4623,Cansanção/BA,
Recursos hídricos,28,Vazão ecológica para usos ecossistêmicos,2020,,Presente,None,Dado indisponível,#DCDCDC,1701,Cantagalo/RJ,
Recursos hídricos,28,Vazão ecológica para usos ecossistêmicos,2020,,Presente,None,Dado indisponível,#DCDCDC,189,Canudos do Vale/RS,
Recursos hídricos,28,Vazão ecológica para usos ecossistêmicos,2020,,Presente,None,Dado indisponível,#DCDCDC,5474,Canutama/AM,
Recursos hídricos,28,Vazão ecológica para usos ecossistêmicos,2020,,Presente,None,Dado indisponível,#DCDCDC,5096,Capanema/PR,
Recursos hídricos,28,Vazão ecológica para usos ecossistêmicos,2020,,Presente,None,Dado indisponível,#DCDCDC,2416,Capão Alto/SC,
Recursos hídricos,28,Vazão ecológica para usos ecossistêmicos,2020,,Presente,None,Dado indisponível,#DCDCDC,4928,Capão Bonito do Sul/RS,
Recursos hídricos,28,Vazão ecológica para usos ecossistêmicos,2020,,Presente,None,Dado indisponível,#DCDCDC,2577,Capão da Canoa/RS,
Recursos hídricos,28,Vazão ecológica para usos ecossistêmicos,2020,,Presente,None,Dado indisponível,#DCDCDC,190,Capão do Cipó/RS,
Recursos hídricos,28,Vazão ecológica para usos ecossistêmicos,2020,,Presente,None,Dado indisponível,#DCDCDC,191,Capão do Leão/RS,
Recursos hídricos,28,Vazão ecológica para usos ecossistêmicos,2020,,Presente,None,Dado indisponível,#DCDCDC,4929,Capela de Santana/RS,
Recursos hídricos,28,Vazão ecológica para usos ecossistêmicos,2020,,Presente,None,Dado indisponível,#DCDCDC,4500,Capela/SE,
Recursos hídricos,28,Vazão ecológica para usos ecossistêmicos,2020,,Presente,None,Dado indisponível,#DCDCDC,887,Capelinha/MG,
Recursos hídricos,28,Vazão ecológica para usos ecossistêmicos,2020,,Presente,None,Dado indisponível,#DCDCDC,888,Capetinga/MG,
Recursos hídricos,28,Vazão ecológica para usos ecossistêmicos,2020,,Presente,None,Dado indisponível,#DCDCDC,889,Capim Branco/MG,
Recursos hídricos,28,Vazão ecológica para usos ecossistêmicos,2020,,Presente,None,Dado indisponível,#DCDCDC,4626,Capim Grosso/BA,
Recursos hídricos,28,Vazão ecológica para usos ecossistêmicos,2020,,Presente,None,Dado indisponível,#DCDCDC,3662,Capistrano/CE,
Recursos hídricos,28,Vazão ecológica para usos ecossistêmicos,2020,,Presente,None,Dado indisponível,#DCDCDC,891,Capitão Andrade/MG,
Recursos hídricos,28,Vazão ecológica para usos ecossistêmicos,2020,,Presente,None,Dado indisponível,#DCDCDC,3454,Capitão Gervásio Oliveira/PI,
Recursos hídricos,28,Vazão ecológica para usos ecossistêmicos,2020,,Presente,None,Dado indisponível,#DCDCDC,5097,Capitão Leônidas Marques/PR,
Recursos hídricos,28,Vazão ecológica para usos ecossistêmicos,2020,,Presente,None,Dado indisponível,#DCDCDC,2964,Capitão Poço/PA,
Recursos hídricos,28,Vazão ecológica para usos ecossistêmicos,2020,,Presente,None,Dado indisponível,#DCDCDC,192,Capitão/RS,
Recursos hídricos,28,Vazão ecológica para usos ecossistêmicos,2020,,Presente,None,Dado indisponível,#DCDCDC,2421,Capivari de Baixo/SC,
Recursos hídricos,28,Vazão ecológica para usos ecossistêmicos,2020,,Presente,None,Dado indisponível,#DCDCDC,2578,Capivari do Sul/RS,
Recursos hídricos,28,Vazão ecológica para usos ecossistêmicos,2020,,Presente,None,Dado indisponível,#DCDCDC,4242,Capoeiras/PE,
Recursos hídricos,28,Vazão ecológica para usos ecossistêmicos,2020,,Presente,None,Dado indisponível,#DCDCDC,894,Caputira/MG,
Recursos hídricos,28,Vazão ecológica para usos ecossistêmicos,2020,,Presente,None,Dado indisponível,#DCDCDC,2579,Caraá/RS,
Recursos hídricos,28,Vazão ecológica para usos ecossistêmicos,2020,,Presente,None,Dado indisponível,#DCDCDC,3455,Caracol/PI,
Recursos hídricos,28,Vazão ecológica para usos ecossistêmicos,2020,,Presente,None,Dado indisponível,#DCDCDC,1891,Caraguatatuba/SP,
Recursos hídricos,28,Vazão ecológica para usos ecossistêmicos,2020,,Presente,None,Dado indisponível,#DCDCDC,895,Caraí/MG,
Recursos hídricos,28,Vazão ecológica para usos ecossistêmicos,2020,,Presente,None,Dado indisponível,#DCDCDC,896,Caranaíba/MG,
Recursos hídricos,28,Vazão ecológica para usos ecossistêmicos,2020,,Presente,None,Dado indisponível,#DCDCDC,897,Carandaí/MG,
Recursos hídricos,28,Vazão ecológica para usos ecossistêmicos,2020,,Presente,None,Dado indisponível,#DCDCDC,1698,Carapebus/RJ,
Recursos hídricos,28,Vazão ecológica para usos ecossistêmicos,2020,,Presente,None,Dado indisponível,#DCDCDC,5475,Carauari/AM,
Recursos hídricos,28,Vazão ecológica para usos ecossistêmicos,2020,,Presente,None,Dado indisponível,#DCDCDC,4032,Caraúbas/PB,
Recursos hídricos,28,Vazão ecológica para usos ecossistêmicos,2020,,Presente,None,Dado indisponível,#DCDCDC,3837,Caraúbas/RN,
Recursos hídricos,28,Vazão ecológica para usos ecossistêmicos,2020,,Presente,None,Dado indisponível,#DCDCDC,900,Carbonita/MG,
Recursos hídricos,28,Vazão ecológica para usos ecossistêmicos,2020,,Presente,None,Dado indisponível,#DCDCDC,4627,Cardeal da Silva/BA,
Recursos hídricos,28,Vazão ecológica para usos ecossistêmicos,2020,,Presente,None,Dado indisponível,#DCDCDC,901,Careaçu/MG,
Recursos hídricos,28,Vazão ecológica para usos ecossistêmicos,2020,,Presente,None,Dado indisponível,#DCDCDC,5476,Careiro/AM,
Recursos hídricos,28,Vazão ecológica para usos ecossistêmicos,2020,,Presente,None,Dado indisponível,#DCDCDC,5477,Careiro da Várzea/AM,
Recursos hídricos,28,Vazão ecológica para usos ecossistêmicos,2020,,Presente,None,Dado indisponível,#DCDCDC,3663,Caridade/CE,
Recursos hídricos,28,Vazão ecológica para usos ecossistêmicos,2020,,Presente,None,Dado indisponível,#DCDCDC,4501,Carira/SE,
Recursos hídricos,28,Vazão ecológica para usos ecossistêmicos,2020,,Presente,None,Dado indisponível,#DCDCDC,3664,Cariré/CE,
Recursos hídricos,28,Vazão ecológica para usos ecossistêmicos,2020,,Presente,None,Dado indisponível,#DCDCDC,3665,Caririaçu/CE,
Recursos hídricos,28,Vazão ecológica para usos ecossistêmicos,2020,,Presente,None,Dado indisponível,#DCDCDC,3666,Cariús/CE,
Recursos hídricos,28,Vazão ecológica para usos ecossistêmicos,2020,,Presente,None,Dado indisponível,#DCDCDC,4930,Carlos Barbosa/RS,
Recursos hídricos,28,Vazão ecológica para usos ecossistêmicos,2020,,Presente,None,Dado indisponível,#DCDCDC,903,Carmésia/MG,
Recursos hídricos,28,Vazão ecológica para usos ecossistêmicos,2020,,Presente,None,Dado indisponível,#DCDCDC,904,Carmo da Cachoeira/MG,
Recursos hídricos,28,Vazão ecológica para usos ecossistêmicos,2020,,Presente,None,Dado indisponível,#DCDCDC,905,Carmo da Mata/MG,
Recursos hídricos,28,Vazão ecológica para usos ecossistêmicos,2020,,Presente,None,Dado indisponível,#DCDCDC,906,Carmo de Minas/MG,
Recursos hídricos,28,Vazão ecológica para usos ecossistêmicos,2020,,Presente,None,Dado indisponível,#DCDCDC,907,Carmo do Cajuru/MG,
Recursos hídricos,28,Vazão ecológica para usos ecossistêmicos,2020,,Presente,None,Dado indisponível,#DCDCDC,3079,Carmolândia/TO,
Recursos hídricos,28,Vazão ecológica para usos ecossistêmicos,2020,,Presente,None,Dado indisponível,#DCDCDC,910,Carmópolis de Minas/MG,
Recursos hídricos,28,Vazão ecológica para usos ecossistêmicos,2020,,Presente,None,Dado indisponível,#DCDCDC,4502,Carmópolis/SE,
Recursos hídricos,28,Vazão ecológica para usos ecossistêmicos,2020,,Presente,None,Dado indisponível,#DCDCDC,1703,Carmo/RJ,
Recursos hídricos,28,Vazão ecológica para usos ecossistêmicos,2020,,Presente,None,Dado indisponível,#DCDCDC,3838,Carnaúba dos Dantas/RN,
Recursos hídricos,28,Vazão ecológica para usos ecossistêmicos,2020,,Presente,None,Dado indisponível,#DCDCDC,912,Carrancas/MG,
Recursos hídricos,28,Vazão ecológica para usos ecossistêmicos,2020,,Presente,None,Dado indisponível,#DCDCDC,4033,Carrapateira/PB,
Recursos hídricos,28,Vazão ecológica para usos ecossistêmicos,2020,,Presente,None,Dado indisponível,#DCDCDC,4246,Caruaru/PE,
Recursos hídricos,28,Vazão ecológica para usos ecossistêmicos,2020,,Presente,None,Dado indisponível,#DCDCDC,3237,Carutapera/MA,
Recursos hídricos,28,Vazão ecológica para usos ecossistêmicos,2020,,Presente,None,Dado indisponível,#DCDCDC,913,Carvalhópolis/MG,
Recursos hídricos,28,Vazão ecológica para usos ecossistêmicos,2020,,Presente,None,Dado indisponível,#DCDCDC,914,Carvalhos/MG,
Recursos hídricos,28,Vazão ecológica para usos ecossistêmicos,2020,,Presente,None,Dado indisponível,#DCDCDC,915,Casa Grande/MG,
Recursos hídricos,28,Vazão ecológica para usos ecossistêmicos,2020,,Presente,None,Dado indisponível,#DCDCDC,195,Casca/RS,
Recursos hídricos,28,Vazão ecológica para usos ecossistêmicos,2020,,Presente,None,Dado indisponível,#DCDCDC,3668,Cascavel/CE,
Recursos hídricos,28,Vazão ecológica para usos ecossistêmicos,2020,,Presente,None,Dado indisponível,#DCDCDC,196,Caseiros/RS,
Recursos hídricos,28,Vazão ecológica para usos ecossistêmicos,2020,,Presente,None,Dado indisponível,#DCDCDC,1704,Casimiro de Abreu/RJ,
Recursos hídricos,28,Vazão ecológica para usos ecossistêmicos,2020,,Presente,None,Dado indisponível,#DCDCDC,4247,Casinhas/PE,
Recursos hídricos,28,Vazão ecológica para usos ecossistêmicos,2020,,Presente,None,Dado indisponível,#DCDCDC,4034,Casserengue/PB,
Recursos hídricos,28,Vazão ecológica para usos ecossistêmicos,2020,,Presente,None,Dado indisponível,#DCDCDC,1895,Cássia dos Coqueiros/SP,
Recursos hídricos,28,Vazão ecológica para usos ecossistêmicos,2020,,Presente,None,Dado indisponível,#DCDCDC,917,Cássia/MG,
Recursos hídricos,28,Vazão ecológica para usos ecossistêmicos,2020,,Presente,None,Dado indisponível,#DCDCDC,542,Cassilândia/MS,
Recursos hídricos,28,Vazão ecológica para usos ecossistêmicos,2020,,Presente,None,Dado indisponível,#DCDCDC,4629,Castro Alves/BA,
Recursos hídricos,28,Vazão ecológica para usos ecossistêmicos,2020,,Presente,None,Dado indisponível,#DCDCDC,5333,Castro/PR,
Recursos hídricos,28,Vazão ecológica para usos ecossistêmicos,2020,,Presente,None,Dado indisponível,#DCDCDC,919,Cataguases/MG,
Recursos hídricos,28,Vazão ecológica para usos ecossistêmicos,2020,,Presente,None,Dado indisponível,#DCDCDC,5099,Catanduvas/PR,
Recursos hídricos,28,Vazão ecológica para usos ecossistêmicos,2020,,Presente,None,Dado indisponível,#DCDCDC,921,Catas Altas da Noruega/MG,
Recursos hídricos,28,Vazão ecológica para usos ecossistêmicos,2020,,Presente,None,Dado indisponível,#DCDCDC,920,Catas Altas/MG,
Recursos hídricos,28,Vazão ecológica para usos ecossistêmicos,2020,,Presente,None,Dado indisponível,#DCDCDC,4035,Catingueira/PB,
Recursos hídricos,28,Vazão ecológica para usos ecossistêmicos,2020,,Presente,None,Dado indisponível,#DCDCDC,4630,Catolândia/BA,
Recursos hídricos,28,Vazão ecológica para usos ecossistêmicos,2020,,Presente,None,Dado indisponível,#DCDCDC,4036,Catolé do Rocha/PB,
Recursos hídricos,28,Vazão ecológica para usos ecossistêmicos,2020,,Presente,None,Dado indisponível,#DCDCDC,4631,Catu/BA,
Recursos hídricos,28,Vazão ecológica para usos ecossistêmicos,2020,,Presente,None,Dado indisponível,#DCDCDC,922,Catuji/MG,
Recursos hídricos,28,Vazão ecológica para usos ecossistêmicos,2020,,Presente,None,Dado indisponível,#DCDCDC,3670,Catunda/CE,
Recursos hídricos,28,Vazão ecológica para usos ecossistêmicos,2020,,Presente,None,Dado indisponível,#DCDCDC,4632,Caturama/BA,
Recursos hídricos,28,Vazão ecológica para usos ecossistêmicos,2020,,Presente,None,Dado indisponível,#DCDCDC,4037,Caturité/PB,
Recursos hídricos,28,Vazão ecológica para usos ecossistêmicos,2020,,Presente,None,Dado indisponível,#DCDCDC,3671,Caucaia/CE,
Recursos hídricos,28,Vazão ecológica para usos ecossistêmicos,2020,,Presente,None,Dado indisponível,#DCDCDC,43,Caxambu do Sul/SC,
Recursos hídricos,28,Vazão ecológica para usos ecossistêmicos,2020,,Presente,None,Dado indisponível,#DCDCDC,924,Caxambu/MG,
Recursos hídricos,28,Vazão ecológica para usos ecossistêmicos,2020,,Presente,None,Dado indisponível,#DCDCDC,2580,Caxias do Sul/RS,
Recursos hídricos,28,Vazão ecológica para usos ecossistêmicos,2020,,Presente,None,Dado indisponível,#DCDCDC,3239,Cedral/MA,
Recursos hídricos,28,Vazão ecológica para usos ecossistêmicos,2020,,Presente,None,Dado indisponível,#DCDCDC,3672,Cedro/CE,
Recursos hídricos,28,Vazão ecológica para usos ecossistêmicos,2020,,Presente,None,Dado indisponível,#DCDCDC,925,Cedro do Abaeté/MG,
Recursos hídricos,28,Vazão ecológica para usos ecossistêmicos,2020,,Presente,None,Dado indisponível,#DCDCDC,4914,Celso Ramos/SC,
Recursos hídricos,28,Vazão ecológica para usos ecossistêmicos,2020,,Presente,None,Dado indisponível,#DCDCDC,5100,Centenário do Sul/PR,
Recursos hídricos,28,Vazão ecológica para usos ecossistêmicos,2020,,Presente,None,Dado indisponível,#DCDCDC,198,Centenário/RS,
Recursos hídricos,28,Vazão ecológica para usos ecossistêmicos,2020,,Presente,None,Dado indisponível,#DCDCDC,3082,Centenário/TO,
Recursos hídricos,28,Vazão ecológica para usos ecossistêmicos,2020,,Presente,None,Dado indisponível,#DCDCDC,4633,Central/BA,
Recursos hídricos,28,Vazão ecológica para usos ecossistêmicos,2020,,Presente,None,Dado indisponível,#DCDCDC,926,Central de Minas/MG,
Recursos hídricos,28,Vazão ecológica para usos ecossistêmicos,2020,,Presente,None,Dado indisponível,#DCDCDC,3241,Centro do Guilherme/MA,
Recursos hídricos,28,Vazão ecológica para usos ecossistêmicos,2020,,Presente,None,Dado indisponível,#DCDCDC,199,Cerrito/RS,
Recursos hídricos,28,Vazão ecológica para usos ecossistêmicos,2020,,Presente,None,Dado indisponível,#DCDCDC,5334,Cerro Azul/PR,
Recursos hídricos,28,Vazão ecológica para usos ecossistêmicos,2020,,Presente,None,Dado indisponível,#DCDCDC,200,Cerro Branco/RS,
Recursos hídricos,28,Vazão ecológica para usos ecossistêmicos,2020,,Presente,None,Dado indisponível,#DCDCDC,3841,Cerro Corá/RN,
Recursos hídricos,28,Vazão ecológica para usos ecossistêmicos,2020,,Presente,None,Dado indisponível,#DCDCDC,201,Cerro Grande/RS,
Recursos hídricos,28,Vazão ecológica para usos ecossistêmicos,2020,,Presente,None,Dado indisponível,#DCDCDC,203,Cerro Largo/RS,
Recursos hídricos,28,Vazão ecológica para usos ecossistêmicos,2020,,Presente,None,Dado indisponível,#DCDCDC,2422,Cerro Negro/SC,
Recursos hídricos,28,Vazão ecológica para usos ecossistêmicos,2020,,Presente,None,Dado indisponível,#DCDCDC,928,Chácara/MG,
Recursos hídricos,28,Vazão ecológica para usos ecossistêmicos,2020,,Presente,None,Dado indisponível,#DCDCDC,929,Chalé/MG,
Recursos hídricos,28,Vazão ecológica para usos ecossistêmicos,2020,,Presente,None,Dado indisponível,#DCDCDC,662,Chapadão do Céu/GO,
Recursos hídricos,28,Vazão ecológica para usos ecossistêmicos,2020,,Presente,None,Dado indisponível,#DCDCDC,2423,Chapadão do Lageado/SC,
Recursos hídricos,28,Vazão ecológica para usos ecossistêmicos,2020,,Presente,None,Dado indisponível,#DCDCDC,205,Charqueadas/RS,
Recursos hídricos,28,Vazão ecológica para usos ecossistêmicos,2020,,Presente,None,Dado indisponível,#DCDCDC,3673,Chaval/CE,
Recursos hídricos,28,Vazão ecológica para usos ecossistêmicos,2020,,Presente,None,Dado indisponível,#DCDCDC,2377,Chavantes/SP,
Recursos hídricos,28,Vazão ecológica para usos ecossistêmicos,2020,,Presente,None,Dado indisponível,#DCDCDC,932,Chiador/MG,
Recursos hídricos,28,Vazão ecológica para usos ecossistêmicos,2020,,Presente,None,Dado indisponível,#DCDCDC,3674,Choró/CE,
Recursos hídricos,28,Vazão ecológica para usos ecossistêmicos,2020,,Presente,None,Dado indisponível,#DCDCDC,3675,Chorozinho/CE,
Recursos hídricos,28,Vazão ecológica para usos ecossistêmicos,2020,,Presente,None,Dado indisponível,#DCDCDC,208,Chuí/RS,
Recursos hídricos,28,Vazão ecológica para usos ecossistêmicos,2020,,Presente,None,Dado indisponível,#DCDCDC,209,Chuvisca/RS,
Recursos hídricos,28,Vazão ecológica para usos ecossistêmicos,2020,,Presente,None,Dado indisponível,#DCDCDC,2581,Cidreira/RS,
Recursos hídricos,28,Vazão ecológica para usos ecossistêmicos,2020,,Presente,None,Dado indisponível,#DCDCDC,210,Ciríaco/RS,
Recursos hídricos,28,Vazão ecológica para usos ecossistêmicos,2020,,Presente,None,Dado indisponível,#DCDCDC,2894,Cláudia/MT,
Recursos hídricos,28,Vazão ecológica para usos ecossistêmicos,2020,,Presente,None,Dado indisponível,#DCDCDC,936,Cláudio/MG,
Recursos hídricos,28,Vazão ecológica para usos ecossistêmicos,2020,,Presente,None,Dado indisponível,#DCDCDC,5105,Clevelândia/PR,
Recursos hídricos,28,Vazão ecológica para usos ecossistêmicos,2020,,Presente,None,Dado indisponível,#DCDCDC,5478,Coari/AM,
Recursos hídricos,28,Vazão ecológica para usos ecossistêmicos,2020,,Presente,None,Dado indisponível,#DCDCDC,2424,Cocal do Sul/SC,
Recursos hídricos,28,Vazão ecológica para usos ecossistêmicos,2020,,Presente,None,Dado indisponível,#DCDCDC,5479,Codajás/AM,
Recursos hídricos,28,Vazão ecológica para usos ecossistêmicos,2020,,Presente,None,Dado indisponível,#DCDCDC,3245,Codó/MA,
Recursos hídricos,28,Vazão ecológica para usos ecossistêmicos,2020,,Presente,None,Dado indisponível,#DCDCDC,937,Coimbra/MG,
Recursos hídricos,28,Vazão ecológica para usos ecossistêmicos,2020,,Presente,None,Dado indisponível,#DCDCDC,4407,Coité do Nóia/AL,
Recursos hídricos,28,Vazão ecológica para usos ecossistêmicos,2020,,Presente,None,Dado indisponível,#DCDCDC,3463,Coivaras/PI,
Recursos hídricos,28,Vazão ecológica para usos ecossistêmicos,2020,,Presente,None,Dado indisponível,#DCDCDC,2967,Colares/PA,
Recursos hídricos,28,Vazão ecológica para usos ecossistêmicos,2020,,Presente,None,Dado indisponível,#DCDCDC,1624,Colatina/ES,
Recursos hídricos,28,Vazão ecológica para usos ecossistêmicos,2020,,Presente,None,Dado indisponível,#DCDCDC,211,Colinas/RS,
Recursos hídricos,28,Vazão ecológica para usos ecossistêmicos,2020,,Presente,None,Dado indisponível,#DCDCDC,5335,Colombo/PR,
Recursos hídricos,28,Vazão ecológica para usos ecossistêmicos,2020,,Presente,None,Dado indisponível,#DCDCDC,212,Colorado/RS,
Recursos hídricos,28,Vazão ecológica para usos ecossistêmicos,2020,,Presente,None,Dado indisponível,#DCDCDC,938,Coluna/MG,
Recursos hídricos,28,Vazão ecológica para usos ecossistêmicos,2020,,Presente,None,Dado indisponível,#DCDCDC,3086,Combinado/TO,
Recursos hídricos,28,Vazão ecológica para usos ecossistêmicos,2020,,Presente,None,Dado indisponível,#DCDCDC,1699,Comendador Levy Gasparian/RJ,
Recursos hídricos,28,Vazão ecológica para usos ecossistêmicos,2020,,Presente,None,Dado indisponível,#DCDCDC,940,Comercinho/MG,
Recursos hídricos,28,Vazão ecológica para usos ecossistêmicos,2020,,Presente,None,Dado indisponível,#DCDCDC,2897,Comodoro/MT,
Recursos hídricos,28,Vazão ecológica para usos ecossistêmicos,2020,,Presente,None,Dado indisponível,#DCDCDC,941,Conceição da Aparecida/MG,
Recursos hídricos,28,Vazão ecológica para usos ecossistêmicos,2020,,Presente,None,Dado indisponível,#DCDCDC,918,Conceição da Barra de Minas/MG,
Recursos hídricos,28,Vazão ecológica para usos ecossistêmicos,2020,,Presente,None,Dado indisponível,#DCDCDC,1625,Conceição da Barra/ES,
Recursos hídricos,28,Vazão ecológica para usos ecossistêmicos,2020,,Presente,None,Dado indisponível,#DCDCDC,4637,Conceição da Feira/BA,
Recursos hídricos,28,Vazão ecológica para usos ecossistêmicos,2020,,Presente,None,Dado indisponível,#DCDCDC,942,Conceição das Pedras/MG,
Recursos hídricos,28,Vazão ecológica para usos ecossistêmicos,2020,,Presente,None,Dado indisponível,#DCDCDC,944,Conceição de Ipanema/MG,
Recursos hídricos,28,Vazão ecológica para usos ecossistêmicos,2020,,Presente,None,Dado indisponível,#DCDCDC,1705,Conceição de Macabu/RJ,
Recursos hídricos,28,Vazão ecológica para usos ecossistêmicos,2020,,Presente,None,Dado indisponível,#DCDCDC,4638,Conceição do Almeida/BA,
Recursos hídricos,28,Vazão ecológica para usos ecossistêmicos,2020,,Presente,None,Dado indisponível,#DCDCDC,1626,Conceição do Castelo/ES,
Recursos hídricos,28,Vazão ecológica para usos ecossistêmicos,2020,,Presente,None,Dado indisponível,#DCDCDC,4639,Conceição do Coité/BA,
Recursos hídricos,28,Vazão ecológica para usos ecossistêmicos,2020,,Presente,None,Dado indisponível,#DCDCDC,4640,Conceição do Jacuípe/BA,
Recursos hídricos,28,Vazão ecológica para usos ecossistêmicos,2020,,Presente,None,Dado indisponível,#DCDCDC,947,Conceição do Rio Verde/MG,
Recursos hídricos,28,Vazão ecológica para usos ecossistêmicos,2020,,Presente,None,Dado indisponível,#DCDCDC,948,Conceição dos Ouros/MG,
Recursos hídricos,28,Vazão ecológica para usos ecossistêmicos,2020,,Presente,None,Dado indisponível,#DCDCDC,3087,Conceição do Tocantins/TO,
Recursos hídricos,28,Vazão ecológica para usos ecossistêmicos,2020,,Presente,None,Dado indisponível,#DCDCDC,4038,Conceição/PB,
Recursos hídricos,28,Vazão ecológica para usos ecossistêmicos,2020,,Presente,None,Dado indisponível,#DCDCDC,2969,Concórdia do Pará/PA,
Recursos hídricos,28,Vazão ecológica para usos ecossistêmicos,2020,,Presente,None,Dado indisponível,#DCDCDC,4039,Condado/PB,
Recursos hídricos,28,Vazão ecológica para usos ecossistêmicos,2020,,Presente,None,Dado indisponível,#DCDCDC,950,Confins/MG,
Recursos hídricos,28,Vazão ecológica para usos ecossistêmicos,2020,,Presente,None,Dado indisponível,#DCDCDC,951,Congonhal/MG,
Recursos hídricos,28,Vazão ecológica para usos ecossistêmicos,2020,,Presente,None,Dado indisponível,#DCDCDC,953,Congonhas do Norte/MG,
Recursos hídricos,28,Vazão ecológica para usos ecossistêmicos,2020,,Presente,None,Dado indisponível,#DCDCDC,5336,Congonhinhas/PR,
Recursos hídricos,28,Vazão ecológica para usos ecossistêmicos,2020,,Presente,None,Dado indisponível,#DCDCDC,4041,Congo/PB,
Recursos hídricos,28,Vazão ecológica para usos ecossistêmicos,2020,,Presente,None,Dado indisponível,#DCDCDC,612,Conquista D'Oeste/MT,
Recursos hídricos,28,Vazão ecológica para usos ecossistêmicos,2020,,Presente,None,Dado indisponível,#DCDCDC,5337,Conselheiro Mairinck/PR,
Recursos hídricos,28,Vazão ecológica para usos ecossistêmicos,2020,,Presente,None,Dado indisponível,#DCDCDC,957,Consolação/MG,
Recursos hídricos,28,Vazão ecológica para usos ecossistêmicos,2020,,Presente,None,Dado indisponível,#DCDCDC,214,Constantina/RS,
Recursos hídricos,28,Vazão ecológica para usos ecossistêmicos,2020,,Presente,None,Dado indisponível,#DCDCDC,5338,Contenda/PR,
Recursos hídricos,28,Vazão ecológica para usos ecossistêmicos,2020,,Presente,None,Dado indisponível,#DCDCDC,959,Coqueiral/MG,
Recursos hídricos,28,Vazão ecológica para usos ecossistêmicos,2020,,Presente,None,Dado indisponível,#DCDCDC,215,Coqueiro Baixo/RS,
Recursos hídricos,28,Vazão ecológica para usos ecossistêmicos,2020,,Presente,None,Dado indisponível,#DCDCDC,4409,Coqueiro Seco/AL,
Recursos hídricos,28,Vazão ecológica para usos ecossistêmicos,2020,,Presente,None,Dado indisponível,#DCDCDC,4643,Coração de Maria/BA,
Recursos hídricos,28,Vazão ecológica para usos ecossistêmicos,2020,,Presente,None,Dado indisponível,#DCDCDC,1706,Cordeiro/RJ,
Recursos hídricos,28,Vazão ecológica para usos ecossistêmicos,2020,,Presente,None,Dado indisponível,#DCDCDC,691,Cordeiros/BA,
Recursos hídricos,28,Vazão ecológica para usos ecossistêmicos,2020,,Presente,None,Dado indisponível,#DCDCDC,46,Cordilheira Alta/SC,
Recursos hídricos,28,Vazão ecológica para usos ecossistêmicos,2020,,Presente,None,Dado indisponível,#DCDCDC,962,Cordislândia/MG,
Recursos hídricos,28,Vazão ecológica para usos ecossistêmicos,2020,,Presente,None,Dado indisponível,#DCDCDC,5339,Cornélio Procópio/PR,
Recursos hídricos,28,Vazão ecológica para usos ecossistêmicos,2020,,Presente,None,Dado indisponível,#DCDCDC,5108,Coronel Domingos Soares/PR,
Recursos hídricos,28,Vazão ecológica para usos ecossistêmicos,2020,,Presente,None,Dado indisponível,#DCDCDC,3842,Coronel Ezequiel/RN,
Recursos hídricos,28,Vazão ecológica para usos ecossistêmicos,2020,,Presente,None,Dado indisponível,#DCDCDC,966,Coronel Fabriciano/MG,
Recursos hídricos,28,Vazão ecológica para usos ecossistêmicos,2020,,Presente,None,Dado indisponível,#DCDCDC,3843,Coronel João Pessoa/RN,
Recursos hídricos,28,Vazão ecológica para usos ecossistêmicos,2020,,Presente,None,Dado indisponível,#DCDCDC,4645,Coronel João Sá/BA,
Recursos hídricos,28,Vazão ecológica para usos ecossistêmicos,2020,,Presente,None,Dado indisponível,#DCDCDC,48,Coronel Martins/SC,
Recursos hídricos,28,Vazão ecológica para usos ecossistêmicos,2020,,Presente,None,Dado indisponível,#DCDCDC,968,Coronel Pacheco/MG,
Recursos hídricos,28,Vazão ecológica para usos ecossistêmicos,2020,,Presente,None,Dado indisponível,#DCDCDC,219,Coronel Pilar/RS,
Recursos hídricos,28,Vazão ecológica para usos ecossistêmicos,2020,,Presente,None,Dado indisponível,#DCDCDC,545,Coronel Sapucaia/MS,
Recursos hídricos,28,Vazão ecológica para usos ecossistêmicos,2020,,Presente,None,Dado indisponível,#DCDCDC,5109,Coronel Vivida/PR,
Recursos hídricos,28,Vazão ecológica para usos ecossistêmicos,2020,,Presente,None,Dado indisponível,#DCDCDC,969,Coronel Xavier Chaves/MG,
Recursos hídricos,28,Vazão ecológica para usos ecossistêmicos,2020,,Presente,None,Dado indisponível,#DCDCDC,970,Córrego Danta/MG,
Recursos hídricos,28,Vazão ecológica para usos ecossistêmicos,2020,,Presente,None,Dado indisponível,#DCDCDC,971,Córrego do Bom Jesus/MG,
Recursos hídricos,28,Vazão ecológica para usos ecossistêmicos,2020,,Presente,None,Dado indisponível,#DCDCDC,2693,Corumbaíba/GO,
Recursos hídricos,28,Vazão ecológica para usos ecossistêmicos,2020,,Presente,None,Dado indisponível,#DCDCDC,1911,Corumbataí/SP,
Recursos hídricos,28,Vazão ecológica para usos ecossistêmicos,2020,,Presente,None,Dado indisponível,#DCDCDC,2425,Corupá/SC,
Recursos hídricos,28,Vazão ecológica para usos ecossistêmicos,2020,,Presente,None,Dado indisponível,#DCDCDC,547,Costa Rica/MS,
Recursos hídricos,28,Vazão ecológica para usos ecossistêmicos,2020,,Presente,None,Dado indisponível,#DCDCDC,220,Cotiporã/RS,
Recursos hídricos,28,Vazão ecológica para usos ecossistêmicos,2020,,Presente,None,Dado indisponível,#DCDCDC,4043,Coxixola/PB,
Recursos hídricos,28,Vazão ecológica para usos ecossistêmicos,2020,,Presente,None,Dado indisponível,#DCDCDC,3678,Crato/CE,
Recursos hídricos,28,Vazão ecológica para usos ecossistêmicos,2020,,Presente,None,Dado indisponível,#DCDCDC,4648,Cravolândia/BA,
Recursos hídricos,28,Vazão ecológica para usos ecossistêmicos,2020,,Presente,None,Dado indisponível,#DCDCDC,975,Crisólita/MG,
Recursos hídricos,28,Vazão ecológica para usos ecossistêmicos,2020,,Presente,None,Dado indisponível,#DCDCDC,224,Cristal do Sul/RS,
Recursos hídricos,28,Vazão ecológica para usos ecossistêmicos,2020,,Presente,None,Dado indisponível,#DCDCDC,978,Cristiano Otoni/MG,
Recursos hídricos,28,Vazão ecológica para usos ecossistêmicos,2020,,Presente,None,Dado indisponível,#DCDCDC,979,Cristina/MG,
Recursos hídricos,28,Vazão ecológica para usos ecossistêmicos,2020,,Presente,None,Dado indisponível,#DCDCDC,4504,Cristinápolis/SE,
Recursos hídricos,28,Vazão ecológica para usos ecossistêmicos,2020,,Presente,None,Dado indisponível,#DCDCDC,4650,Cristópolis/BA,
Recursos hídricos,28,Vazão ecológica para usos ecossistêmicos,2020,,Presente,None,Dado indisponível,#DCDCDC,980,Crucilândia/MG,
Recursos hídricos,28,Vazão ecológica para usos ecossistêmicos,2020,,Presente,None,Dado indisponível,#DCDCDC,226,Cruzaltense/RS,
Recursos hídricos,28,Vazão ecológica para usos ecossistêmicos,2020,,Presente,None,Dado indisponível,#DCDCDC,3680,Cruz/CE,
Recursos hídricos,28,Vazão ecológica para usos ecossistêmicos,2020,,Presente,None,Dado indisponível,#DCDCDC,4651,Cruz das Almas/BA,
Recursos hídricos,28,Vazão ecológica para usos ecossistêmicos,2020,,Presente,None,Dado indisponível,#DCDCDC,5111,Cruzeiro do Iguaçu/PR,
Recursos hídricos,28,Vazão ecológica para usos ecossistêmicos,2020,,Presente,None,Dado indisponível,#DCDCDC,5113,Cruzeiro do Sul/PR,
Recursos hídricos,28,Vazão ecológica para usos ecossistêmicos,2020,,Presente,None,Dado indisponível,#DCDCDC,227,Cruzeiro do Sul/RS,
Recursos hídricos,28,Vazão ecológica para usos ecossistêmicos,2020,,Presente,None,Dado indisponível,#DCDCDC,1918,Cruzeiro/SP,
Recursos hídricos,28,Vazão ecológica para usos ecossistêmicos,2020,,Presente,None,Dado indisponível,#DCDCDC,982,Cruzília/MG,
Recursos hídricos,28,Vazão ecológica para usos ecossistêmicos,2020,,Presente,None,Dado indisponível,#DCDCDC,5442,Cruz Machado/PR,
Recursos hídricos,28,Vazão ecológica para usos ecossistêmicos,2020,,Presente,None,Dado indisponível,#DCDCDC,1919,Cubatão/SP,
Recursos hídricos,28,Vazão ecológica para usos ecossistêmicos,2020,,Presente,None,Dado indisponível,#DCDCDC,4045,Cubati/PB,
Recursos hídricos,28,Vazão ecológica para usos ecossistêmicos,2020,,Presente,None,Dado indisponível,#DCDCDC,4047,Cuitegi/PB,
Recursos hídricos,28,Vazão ecológica para usos ecossistêmicos,2020,,Presente,None,Dado indisponível,#DCDCDC,4046,Cuité/PB,
Recursos hídricos,28,Vazão ecológica para usos ecossistêmicos,2020,,Presente,None,Dado indisponível,#DCDCDC,5555,Cujubim/RO,
Recursos hídricos,28,Vazão ecológica para usos ecossistêmicos,2020,,Presente,None,Dado indisponível,#DCDCDC,2697,Cumari/GO,
Recursos hídricos,28,Vazão ecológica para usos ecossistêmicos,2020,,Presente,None,Dado indisponível,#DCDCDC,4255,Cumaru/PE,
Recursos hídricos,28,Vazão ecológica para usos ecossistêmicos,2020,,Presente,None,Dado indisponível,#DCDCDC,4505,Cumbe/SE,
Recursos hídricos,28,Vazão ecológica para usos ecossistêmicos,2020,,Presente,None,Dado indisponível,#DCDCDC,49,Cunha Porã/SC,
Recursos hídricos,28,Vazão ecológica para usos ecossistêmicos,2020,,Presente,None,Dado indisponível,#DCDCDC,1920,Cunha/SP,
Recursos hídricos,28,Vazão ecológica para usos ecossistêmicos,2020,,Presente,None,Dado indisponível,#DCDCDC,50,Cunhataí/SC,
Recursos hídricos,28,Vazão ecológica para usos ecossistêmicos,2020,,Presente,None,Dado indisponível,#DCDCDC,4256,Cupira/PE,
Recursos hídricos,28,Vazão ecológica para usos ecossistêmicos,2020,,Presente,None,Dado indisponível,#DCDCDC,3471,Curimatá/PI,
Recursos hídricos,28,Vazão ecológica para usos ecossistêmicos,2020,,Presente,None,Dado indisponível,#DCDCDC,2428,Curitibanos/SC,
Recursos hídricos,28,Vazão ecológica para usos ecossistêmicos,2020,,Presente,None,Dado indisponível,#DCDCDC,5341,Curiúva/PR,
Recursos hídricos,28,Vazão ecológica para usos ecossistêmicos,2020,,Presente,None,Dado indisponível,#DCDCDC,3845,Currais Novos/RN,
Recursos hídricos,28,Vazão ecológica para usos ecossistêmicos,2020,,Presente,None,Dado indisponível,#DCDCDC,3472,Currais/PI,
Recursos hídricos,28,Vazão ecológica para usos ecossistêmicos,2020,,Presente,None,Dado indisponível,#DCDCDC,984,Curral de Dentro/MG,
Recursos hídricos,28,Vazão ecológica para usos ecossistêmicos,2020,,Presente,None,Dado indisponível,#DCDCDC,2971,Curralinho/PA,
Recursos hídricos,28,Vazão ecológica para usos ecossistêmicos,2020,,Presente,None,Dado indisponível,#DCDCDC,3473,Curralinhos/PI,
Recursos hídricos,28,Vazão ecológica para usos ecossistêmicos,2020,,Presente,None,Dado indisponível,#DCDCDC,4050,Curral Velho/PB,
Recursos hídricos,28,Vazão ecológica para usos ecossistêmicos,2020,,Presente,None,Dado indisponível,#DCDCDC,614,Curvelândia/MT,
Recursos hídricos,28,Vazão ecológica para usos ecossistêmicos,2020,,Presente,None,Dado indisponível,#DCDCDC,3046,Cutias/AP,
Recursos hídricos,28,Vazão ecológica para usos ecossistêmicos,2020,,Presente,None,Dado indisponível,#DCDCDC,4051,Damião/PB,
Recursos hídricos,28,Vazão ecológica para usos ecossistêmicos,2020,,Presente,None,Dado indisponível,#DCDCDC,228,David Canabarro/RS,
Recursos hídricos,28,Vazão ecológica para usos ecossistêmicos,2020,,Presente,None,Dado indisponível,#DCDCDC,987,Delfim Moreira/MG,
Recursos hídricos,28,Vazão ecológica para usos ecossistêmicos,2020,,Presente,None,Dado indisponível,#DCDCDC,3681,Deputado Irapuan Pinheiro/CE,
Recursos hídricos,28,Vazão ecológica para usos ecossistêmicos,2020,,Presente,None,Dado indisponível,#DCDCDC,990,Descoberto/MG,
Recursos hídricos,28,Vazão ecológica para usos ecossistêmicos,2020,,Presente,None,Dado indisponível,#DCDCDC,991,Desterro de Entre Rios/MG,
Recursos hídricos,28,Vazão ecológica para usos ecossistêmicos,2020,,Presente,None,Dado indisponível,#DCDCDC,992,Desterro do Melo/MG,
Recursos hídricos,28,Vazão ecológica para usos ecossistêmicos,2020,,Presente,None,Dado indisponível,#DCDCDC,5114,Diamante do Norte/PR,
Recursos hídricos,28,Vazão ecológica para usos ecossistêmicos,2020,,Presente,None,Dado indisponível,#DCDCDC,4054,Diamante/PB,
Recursos hídricos,28,Vazão ecológica para usos ecossistêmicos,2020,,Presente,None,Dado indisponível,#DCDCDC,4653,Dias d'Ávila/BA,
Recursos hídricos,28,Vazão ecológica para usos ecossistêmicos,2020,,Presente,None,Dado indisponível,#DCDCDC,994,Diogo de Vasconcelos/MG,
Recursos hídricos,28,Vazão ecológica para usos ecossistêmicos,2020,,Presente,None,Dado indisponível,#DCDCDC,52,Dionísio Cerqueira/SC,
Recursos hídricos,28,Vazão ecológica para usos ecossistêmicos,2020,,Presente,None,Dado indisponível,#DCDCDC,995,Dionísio/MG,
Recursos hídricos,28,Vazão ecológica para usos ecossistêmicos,2020,,Presente,None,Dado indisponível,#DCDCDC,4970,Diorama/GO,
Recursos hídricos,28,Vazão ecológica para usos ecossistêmicos,2020,,Presente,None,Dado indisponível,#DCDCDC,3476,Dirceu Arcoverde/PI,
Recursos hídricos,28,Vazão ecológica para usos ecossistêmicos,2020,,Presente,None,Dado indisponível,#DCDCDC,4506,Divina Pastora/SE,
Recursos hídricos,28,Vazão ecológica para usos ecossistêmicos,2020,,Presente,None,Dado indisponível,#DCDCDC,996,Divinésia/MG,
Recursos hídricos,28,Vazão ecológica para usos ecossistêmicos,2020,,Presente,None,Dado indisponível,#DCDCDC,998,Divino das Laranjeiras/MG,
Recursos hídricos,28,Vazão ecológica para usos ecossistêmicos,2020,,Presente,None,Dado indisponível,#DCDCDC,999,Divinolândia de Minas/MG,
Recursos hídricos,28,Vazão ecológica para usos ecossistêmicos,2020,,Presente,None,Dado indisponível,#DCDCDC,1924,Divinolândia/SP,
Recursos hídricos,28,Vazão ecológica para usos ecossistêmicos,2020,,Presente,None,Dado indisponível,#DCDCDC,1001,Divisa Alegre/MG,
Recursos hídricos,28,Vazão ecológica para usos ecossistêmicos,2020,,Presente,None,Dado indisponível,#DCDCDC,1002,Divisa Nova/MG,
Recursos hídricos,28,Vazão ecológica para usos ecossistêmicos,2020,,Presente,None,Dado indisponível,#DCDCDC,1003,Divisópolis/MG,
Recursos hídricos,28,Vazão ecológica para usos ecossistêmicos,2020,,Presente,None,Dado indisponível,#DCDCDC,1925,Dobrada/SP,
Recursos hídricos,28,Vazão ecológica para usos ecossistêmicos,2020,,Presente,None,Dado indisponível,#DCDCDC,550,Dois Irmãos do Buriti/MS,
Recursos hídricos,28,Vazão ecológica para usos ecossistêmicos,2020,,Presente,None,Dado indisponível,#DCDCDC,233,Dois Lajeados/RS,
Recursos hídricos,28,Vazão ecológica para usos ecossistêmicos,2020,,Presente,None,Dado indisponível,#DCDCDC,4413,Dois Riachos/AL,
Recursos hídricos,28,Vazão ecológica para usos ecossistêmicos,2020,,Presente,None,Dado indisponível,#DCDCDC,5117,Dois Vizinhos/PR,
Recursos hídricos,28,Vazão ecológica para usos ecossistêmicos,2020,,Presente,None,Dado indisponível,#DCDCDC,4654,Dom Basílio/BA,
Recursos hídricos,28,Vazão ecológica para usos ecossistêmicos,2020,,Presente,None,Dado indisponível,#DCDCDC,1005,Dom Cavati/MG,
Recursos hídricos,28,Vazão ecológica para usos ecossistêmicos,2020,,Presente,None,Dado indisponível,#DCDCDC,2973,Dom Eliseu/PA,
Recursos hídricos,28,Vazão ecológica para usos ecossistêmicos,2020,,Presente,None,Dado indisponível,#DCDCDC,234,Dom Feliciano/RS,
Recursos hídricos,28,Vazão ecológica para usos ecossistêmicos,2020,,Presente,None,Dado indisponível,#DCDCDC,3479,Dom Inocêncio/PI,
Recursos hídricos,28,Vazão ecológica para usos ecossistêmicos,2020,,Presente,None,Dado indisponível,#DCDCDC,1006,Dom Joaquim/MG,
Recursos hídricos,28,Vazão ecológica para usos ecossistêmicos,2020,,Presente,None,Dado indisponível,#DCDCDC,4655,Dom Macedo Costa/BA,
Recursos hídricos,28,Vazão ecológica para usos ecossistêmicos,2020,,Presente,None,Dado indisponível,#DCDCDC,2583,Dom Pedro de Alcântara/RS,
Recursos hídricos,28,Vazão ecológica para usos ecossistêmicos,2020,,Presente,None,Dado indisponível,#DCDCDC,1007,Dom Silvério/MG,
Recursos hídricos,28,Vazão ecológica para usos ecossistêmicos,2020,,Presente,None,Dado indisponível,#DCDCDC,1008,Dom Viçoso/MG,
Recursos hídricos,28,Vazão ecológica para usos ecossistêmicos,2020,,Presente,None,Dado indisponível,#DCDCDC,2429,Dona Emma/SC,
Recursos hídricos,28,Vazão ecológica para usos ecossistêmicos,2020,,Presente,None,Dado indisponível,#DCDCDC,1009,Dona Euzébia/MG,
Recursos hídricos,28,Vazão ecológica para usos ecossistêmicos,2020,,Presente,None,Dado indisponível,#DCDCDC,236,Dona Francisca/RS,
Recursos hídricos,28,Vazão ecológica para usos ecossistêmicos,2020,,Presente,None,Dado indisponível,#DCDCDC,4055,Dona Inês/PB,
Recursos hídricos,28,Vazão ecológica para usos ecossistêmicos,2020,,Presente,None,Dado indisponível,#DCDCDC,1010,Dores de Campos/MG,
Recursos hídricos,28,Vazão ecológica para usos ecossistêmicos,2020,,Presente,None,Dado indisponível,#DCDCDC,1011,Dores de Guanhães/MG,
Recursos hídricos,28,Vazão ecológica para usos ecossistêmicos,2020,,Presente,None,Dado indisponível,#DCDCDC,1014,Doresópolis/MG,
Recursos hídricos,28,Vazão ecológica para usos ecossistêmicos,2020,,Presente,None,Dado indisponível,#DCDCDC,1015,Douradoquara/MG,
Recursos hídricos,28,Vazão ecológica para usos ecossistêmicos,2020,,Presente,None,Dado indisponível,#DCDCDC,237,Doutor Maurício Cardoso/RS,
Recursos hídricos,28,Vazão ecológica para usos ecossistêmicos,2020,,Presente,None,Dado indisponível,#DCDCDC,238,Doutor Ricardo/RS,
Recursos hídricos,28,Vazão ecológica para usos ecossistêmicos,2020,,Presente,None,Dado indisponível,#DCDCDC,3846,Doutor Severiano/RN,
Recursos hídricos,28,Vazão ecológica para usos ecossistêmicos,2020,,Presente,None,Dado indisponível,#DCDCDC,5434,Doutor Ulysses/PR,
Recursos hídricos,28,Vazão ecológica para usos ecossistêmicos,2020,,Presente,None,Dado indisponível,#DCDCDC,663,Doverlândia/GO,
Recursos hídricos,28,Vazão ecológica para usos ecossistêmicos,2020,,Presente,None,Dado indisponível,#DCDCDC,1929,Duartina/SP,
Recursos hídricos,28,Vazão ecológica para usos ecossistêmicos,2020,,Presente,None,Dado indisponível,#DCDCDC,1707,Duas Barras/RJ,
Recursos hídricos,28,Vazão ecológica para usos ecossistêmicos,2020,,Presente,None,Dado indisponível,#DCDCDC,4056,Duas Estradas/PB,
Recursos hídricos,28,Vazão ecológica para usos ecossistêmicos,2020,,Presente,None,Dado indisponível,#DCDCDC,1930,Dumont/SP,
Recursos hídricos,28,Vazão ecológica para usos ecossistêmicos,2020,,Presente,None,Dado indisponível,#DCDCDC,1708,Duque de Caxias/RJ,
Recursos hídricos,28,Vazão ecológica para usos ecossistêmicos,2020,,Presente,None,Dado indisponível,#DCDCDC,1016,Durandé/MG,
Recursos hídricos,28,Vazão ecológica para usos ecossistêmicos,2020,,Presente,None,Dado indisponível,#DCDCDC,1931,Echaporã/SP,
Recursos hídricos,28,Vazão ecológica para usos ecossistêmicos,2020,,Presente,None,Dado indisponível,#DCDCDC,5480,Eirunepé/AM,
Recursos hídricos,28,Vazão ecológica para usos ecossistêmicos,2020,,Presente,None,Dado indisponível,#DCDCDC,4931,Eldorado do Sul/RS,
Recursos hídricos,28,Vazão ecológica para usos ecossistêmicos,2020,,Presente,None,Dado indisponível,#DCDCDC,4656,Elísio Medrado/BA,
Recursos hídricos,28,Vazão ecológica para usos ecossistêmicos,2020,,Presente,None,Dado indisponível,#DCDCDC,1936,Embu das Artes/SP,
Recursos hídricos,28,Vazão ecológica para usos ecossistêmicos,2020,,Presente,None,Dado indisponível,#DCDCDC,4899,Emilianópolis/SP,
Recursos hídricos,28,Vazão ecológica para usos ecossistêmicos,2020,,Presente,None,Dado indisponível,#DCDCDC,239,Encantado/RS,
Recursos hídricos,28,Vazão ecológica para usos ecossistêmicos,2020,,Presente,None,Dado indisponível,#DCDCDC,3848,Encanto/RN,
Recursos hídricos,28,Vazão ecológica para usos ecossistêmicos,2020,,Presente,None,Dado indisponível,#DCDCDC,693,Encruzilhada/BA,
Recursos hídricos,28,Vazão ecológica para usos ecossistêmicos,2020,,Presente,None,Dado indisponível,#DCDCDC,5120,Enéas Marques/PR,
Recursos hídricos,28,Vazão ecológica para usos ecossistêmicos,2020,,Presente,None,Dado indisponível,#DCDCDC,1018,Engenheiro Caldas/MG,
Recursos hídricos,28,Vazão ecológica para usos ecossistêmicos,2020,,Presente,None,Dado indisponível,#DCDCDC,1938,Engenheiro Coelho/SP,
Recursos hídricos,28,Vazão ecológica para usos ecossistêmicos,2020,,Presente,None,Dado indisponível,#DCDCDC,1709,Engenheiro Paulo de Frontin/RJ,
Recursos hídricos,28,Vazão ecológica para usos ecossistêmicos,2020,,Presente,None,Dado indisponível,#DCDCDC,241,Engenho Velho/RS,
Recursos hídricos,28,Vazão ecológica para usos ecossistêmicos,2020,,Presente,None,Dado indisponível,#DCDCDC,1020,Entre Folhas/MG,
Recursos hídricos,28,Vazão ecológica para usos ecossistêmicos,2020,,Presente,None,Dado indisponível,#DCDCDC,4657,Entre Rios/BA,
Recursos hídricos,28,Vazão ecológica para usos ecossistêmicos,2020,,Presente,None,Dado indisponível,#DCDCDC,243,Entre Rios do Sul/RS,
Recursos hídricos,28,Vazão ecológica para usos ecossistêmicos,2020,,Presente,None,Dado indisponível,#DCDCDC,53,Entre Rios/SC,
Recursos hídricos,28,Vazão ecológica para usos ecossistêmicos,2020,,Presente,None,Dado indisponível,#DCDCDC,5481,Envira/AM,
Recursos hídricos,28,Vazão ecológica para usos ecossistêmicos,2020,,Presente,None,Dado indisponível,#DCDCDC,3849,Equador/RN,
Recursos hídricos,28,Vazão ecológica para usos ecossistêmicos,2020,,Presente,None,Dado indisponível,#DCDCDC,244,Erebango/RS,
Recursos hídricos,28,Vazão ecológica para usos ecossistêmicos,2020,,Presente,None,Dado indisponível,#DCDCDC,3682,Ereré/CE,
Recursos hídricos,28,Vazão ecológica para usos ecossistêmicos,2020,,Presente,None,Dado indisponível,#DCDCDC,4569,Érico Cardoso/BA,
Recursos hídricos,28,Vazão ecológica para usos ecossistêmicos,2020,,Presente,None,Dado indisponível,#DCDCDC,2431,Ermo/SC,
Recursos hídricos,28,Vazão ecológica para usos ecossistêmicos,2020,,Presente,None,Dado indisponível,#DCDCDC,246,Ernestina/RS,
Recursos hídricos,28,Vazão ecológica para usos ecossistêmicos,2020,,Presente,None,Dado indisponível,#DCDCDC,248,Erval Grande/RS,
Recursos hídricos,28,Vazão ecológica para usos ecossistêmicos,2020,,Presente,None,Dado indisponível,#DCDCDC,2584,Esmeralda/RS,
Recursos hídricos,28,Vazão ecológica para usos ecossistêmicos,2020,,Presente,None,Dado indisponível,#DCDCDC,4058,Esperança/PB,
Recursos hídricos,28,Vazão ecológica para usos ecossistêmicos,2020,,Presente,None,Dado indisponível,#DCDCDC,3096,Esperantina/TO,
Recursos hídricos,28,Vazão ecológica para usos ecossistêmicos,2020,,Presente,None,Dado indisponível,#DCDCDC,5124,Espigão Alto do Iguaçu/PR,
Recursos hídricos,28,Vazão ecológica para usos ecossistêmicos,2020,,Presente,None,Dado indisponível,#DCDCDC,1026,Espírito Santo do Dourado/MG,
Recursos hídricos,28,Vazão ecológica para usos ecossistêmicos,2020,,Presente,None,Dado indisponível,#DCDCDC,1940,Espírito Santo do Turvo/SP,
Recursos hídricos,28,Vazão ecológica para usos ecossistêmicos,2020,,Presente,None,Dado indisponível,#DCDCDC,4658,Esplanada/BA,
Recursos hídricos,28,Vazão ecológica para usos ecossistêmicos,2020,,Presente,None,Dado indisponível,#DCDCDC,251,Espumoso/RS,
Recursos hídricos,28,Vazão ecológica para usos ecossistêmicos,2020,,Presente,None,Dado indisponível,#DCDCDC,252,Estação/RS,
Recursos hídricos,28,Vazão ecológica para usos ecossistêmicos,2020,,Presente,None,Dado indisponível,#DCDCDC,4507,Estância/SE,
Recursos hídricos,28,Vazão ecológica para usos ecossistêmicos,2020,,Presente,None,Dado indisponível,#DCDCDC,2585,Estância Velha/RS,
Recursos hídricos,28,Vazão ecológica para usos ecossistêmicos,2020,,Presente,None,Dado indisponível,#DCDCDC,2586,Esteio/RS,
Recursos hídricos,28,Vazão ecológica para usos ecossistêmicos,2020,,Presente,None,Dado indisponível,#DCDCDC,1027,Estiva/MG,
Recursos hídricos,28,Vazão ecológica para usos ecossistêmicos,2020,,Presente,None,Dado indisponível,#DCDCDC,3255,Estreito/MA,
Recursos hídricos,28,Vazão ecológica para usos ecossistêmicos,2020,,Presente,None,Dado indisponível,#DCDCDC,1028,Estrela Dalva/MG,
Recursos hídricos,28,Vazão ecológica para usos ecossistêmicos,2020,,Presente,None,Dado indisponível,#DCDCDC,1029,Estrela do Indaiá/MG,
Recursos hídricos,28,Vazão ecológica para usos ecossistêmicos,2020,,Presente,None,Dado indisponível,#DCDCDC,4,Estrela do Norte/SP,
Recursos hídricos,28,Vazão ecológica para usos ecossistêmicos,2020,,Presente,None,Dado indisponível,#DCDCDC,253,Estrela/RS,
Recursos hídricos,28,Vazão ecológica para usos ecossistêmicos,2020,,Presente,None,Dado indisponível,#DCDCDC,254,Estrela Velha/RS,
Recursos hídricos,28,Vazão ecológica para usos ecossistêmicos,2020,,Presente,None,Dado indisponível,#DCDCDC,5,Euclides da Cunha Paulista/SP,
Recursos hídricos,28,Vazão ecológica para usos ecossistêmicos,2020,,Presente,None,Dado indisponível,#DCDCDC,694,Eunápolis/BA,
Recursos hídricos,28,Vazão ecológica para usos ecossistêmicos,2020,,Presente,None,Dado indisponível,#DCDCDC,3683,Eusébio/CE,
Recursos hídricos,28,Vazão ecológica para usos ecossistêmicos,2020,,Presente,None,Dado indisponível,#DCDCDC,1032,Ewbank da Câmara/MG,
Recursos hídricos,28,Vazão ecológica para usos ecossistêmicos,2020,,Presente,None,Dado indisponível,#DCDCDC,1033,Extrema/MG,
Recursos hídricos,28,Vazão ecológica para usos ecossistêmicos,2020,,Presente,None,Dado indisponível,#DCDCDC,4059,Fagundes/PB,
Recursos hídricos,28,Vazão ecológica para usos ecossistêmicos,2020,,Presente,None,Dado indisponível,#DCDCDC,256,Fagundes Varela/RS,
Recursos hídricos,28,Vazão ecológica para usos ecossistêmicos,2020,,Presente,None,Dado indisponível,#DCDCDC,1034,Fama/MG,
Recursos hídricos,28,Vazão ecológica para usos ecossistêmicos,2020,,Presente,None,Dado indisponível,#DCDCDC,3684,Farias Brito/CE,
Recursos hídricos,28,Vazão ecológica para usos ecossistêmicos,2020,,Presente,None,Dado indisponível,#DCDCDC,5125,Farol/PR,
Recursos hídricos,28,Vazão ecológica para usos ecossistêmicos,2020,,Presente,None,Dado indisponível,#DCDCDC,2865,Faro/PA,
Recursos hídricos,28,Vazão ecológica para usos ecossistêmicos,2020,,Presente,None,Dado indisponível,#DCDCDC,4932,Farroupilha/RS,
Recursos hídricos,28,Vazão ecológica para usos ecossistêmicos,2020,,Presente,None,Dado indisponível,#DCDCDC,1942,Fartura/SP,
Recursos hídricos,28,Vazão ecológica para usos ecossistêmicos,2020,,Presente,None,Dado indisponível,#DCDCDC,4660,Fátima/BA,
Recursos hídricos,28,Vazão ecológica para usos ecossistêmicos,2020,,Presente,None,Dado indisponível,#DCDCDC,3097,Fátima/TO,
Recursos hídricos,28,Vazão ecológica para usos ecossistêmicos,2020,,Presente,None,Dado indisponível,#DCDCDC,54,Faxinal dos Guedes/SC,
Recursos hídricos,28,Vazão ecológica para usos ecossistêmicos,2020,,Presente,None,Dado indisponível,#DCDCDC,257,Faxinal do Soturno/RS,
Recursos hídricos,28,Vazão ecológica para usos ecossistêmicos,2020,,Presente,None,Dado indisponível,#DCDCDC,258,Faxinalzinho/RS,
Recursos hídricos,28,Vazão ecológica para usos ecossistêmicos,2020,,Presente,None,Dado indisponível,#DCDCDC,259,Fazenda Vilanova/RS,
Recursos hídricos,28,Vazão ecológica para usos ecossistêmicos,2020,,Presente,None,Dado indisponível,#DCDCDC,4989,Feira da Mata/BA,
Recursos hídricos,28,Vazão ecológica para usos ecossistêmicos,2020,,Presente,None,Dado indisponível,#DCDCDC,3256,Feira Nova do Maranhão/MA,
Recursos hídricos,28,Vazão ecológica para usos ecossistêmicos,2020,,Presente,None,Dado indisponível,#DCDCDC,1036,Felício dos Santos/MG,
Recursos hídricos,28,Vazão ecológica para usos ecossistêmicos,2020,,Presente,None,Dado indisponível,#DCDCDC,3852,Felipe Guerra/RN,
Recursos hídricos,28,Vazão ecológica para usos ecossistêmicos,2020,,Presente,None,Dado indisponível,#DCDCDC,1038,Felisburgo/MG,
Recursos hídricos,28,Vazão ecológica para usos ecossistêmicos,2020,,Presente,None,Dado indisponível,#DCDCDC,2587,Feliz/RS,
Recursos hídricos,28,Vazão ecológica para usos ecossistêmicos,2020,,Presente,None,Dado indisponível,#DCDCDC,5343,Fernandes Pinheiro/PR,
Recursos hídricos,28,Vazão ecológica para usos ecossistêmicos,2020,,Presente,None,Dado indisponível,#DCDCDC,1040,Fernandes Tourinho/MG,
Recursos hídricos,28,Vazão ecológica para usos ecossistêmicos,2020,,Presente,None,Dado indisponível,#DCDCDC,4262,Fernando de Noronha/PE,
Recursos hídricos,28,Vazão ecológica para usos ecossistêmicos,2020,,Presente,None,Dado indisponível,#DCDCDC,3853,Fernando Pedroza/RN,
Recursos hídricos,28,Vazão ecológica para usos ecossistêmicos,2020,,Presente,None,Dado indisponível,#DCDCDC,1945,Fernão/SP,
Recursos hídricos,28,Vazão ecológica para usos ecossistêmicos,2020,,Presente,None,Dado indisponível,#DCDCDC,1946,Ferraz de Vasconcelos/SP,
Recursos hídricos,28,Vazão ecológica para usos ecossistêmicos,2020,,Presente,None,Dado indisponível,#DCDCDC,555,Figueirão/MS,
Recursos hídricos,28,Vazão ecológica para usos ecossistêmicos,2020,,Presente,None,Dado indisponível,#DCDCDC,5344,Figueira/PR,
Recursos hídricos,28,Vazão ecológica para usos ecossistêmicos,2020,,Presente,None,Dado indisponível,#DCDCDC,617,Figueirópolis D'Oeste/MT,
Recursos hídricos,28,Vazão ecológica para usos ecossistêmicos,2020,,Presente,None,Dado indisponível,#DCDCDC,4662,Filadélfia/BA,
Recursos hídricos,28,Vazão ecológica para usos ecossistêmicos,2020,,Presente,None,Dado indisponível,#DCDCDC,695,Firmino Alves/BA,
Recursos hídricos,28,Vazão ecológica para usos ecossistêmicos,2020,,Presente,None,Dado indisponível,#DCDCDC,5127,Floraí/PR,
Recursos hídricos,28,Vazão ecológica para usos ecossistêmicos,2020,,Presente,None,Dado indisponível,#DCDCDC,3854,Florânia/RN,
Recursos hídricos,28,Vazão ecológica para usos ecossistêmicos,2020,,Presente,None,Dado indisponível,#DCDCDC,4900,Flora Rica/SP,
Recursos hídricos,28,Vazão ecológica para usos ecossistêmicos,2020,,Presente,None,Dado indisponível,#DCDCDC,5128,Flor da Serra do Sul/PR,
Recursos hídricos,28,Vazão ecológica para usos ecossistêmicos,2020,,Presente,None,Dado indisponível,#DCDCDC,2588,Flores da Cunha/RS,
Recursos hídricos,28,Vazão ecológica para usos ecossistêmicos,2020,,Presente,None,Dado indisponível,#DCDCDC,3484,Flores do Piauí/PI,
Recursos hídricos,28,Vazão ecológica para usos ecossistêmicos,2020,,Presente,None,Dado indisponível,#DCDCDC,696,Floresta Azul/BA,
Recursos hídricos,28,Vazão ecológica para usos ecossistêmicos,2020,,Presente,None,Dado indisponível,#DCDCDC,5445,Florestópolis/PR,
Recursos hídricos,28,Vazão ecológica para usos ecossistêmicos,2020,,Presente,None,Dado indisponível,#DCDCDC,260,Floriano Peixoto/RS,
Recursos hídricos,28,Vazão ecológica para usos ecossistêmicos,2020,,Presente,None,Dado indisponível,#DCDCDC,2432,Florianópolis/SC,
Recursos hídricos,28,Vazão ecológica para usos ecossistêmicos,2020,,Presente,None,Dado indisponível,#DCDCDC,5130,Flórida/PR,
Recursos hídricos,28,Vazão ecológica para usos ecossistêmicos,2020,,Presente,None,Dado indisponível,#DCDCDC,5482,Fonte Boa/AM,
Recursos hídricos,28,Vazão ecológica para usos ecossistêmicos,2020,,Presente,None,Dado indisponível,#DCDCDC,262,Formigueiro/RS,
Recursos hídricos,28,Vazão ecológica para usos ecossistêmicos,2020,,Presente,None,Dado indisponível,#DCDCDC,263,Forquetinha/RS,
Recursos hídricos,28,Vazão ecológica para usos ecossistêmicos,2020,,Presente,None,Dado indisponível,#DCDCDC,3686,Fortaleza/CE,
Recursos hídricos,28,Vazão ecológica para usos ecossistêmicos,2020,,Presente,None,Dado indisponível,#DCDCDC,1046,Fortaleza de Minas/MG,
Recursos hídricos,28,Vazão ecológica para usos ecossistêmicos,2020,,Presente,None,Dado indisponível,#DCDCDC,264,Fortaleza dos Valos/RS,
Recursos hídricos,28,Vazão ecológica para usos ecossistêmicos,2020,,Presente,None,Dado indisponível,#DCDCDC,3687,Fortim/CE,
Recursos hídricos,28,Vazão ecológica para usos ecossistêmicos,2020,,Presente,None,Dado indisponível,#DCDCDC,5458,Foz do Iguaçu/PR,
Recursos hídricos,28,Vazão ecológica para usos ecossistêmicos,2020,,Presente,None,Dado indisponível,#DCDCDC,5134,Foz do Jordão/PR,
Recursos hídricos,28,Vazão ecológica para usos ecossistêmicos,2020,,Presente,None,Dado indisponível,#DCDCDC,2434,Fraiburgo/SC,
Recursos hídricos,28,Vazão ecológica para usos ecossistêmicos,2020,,Presente,None,Dado indisponível,#DCDCDC,5132,Francisco Alves/PR,
Recursos hídricos,28,Vazão ecológica para usos ecossistêmicos,2020,,Presente,None,Dado indisponível,#DCDCDC,1048,Francisco Badaró/MG,
Recursos hídricos,28,Vazão ecológica para usos ecossistêmicos,2020,,Presente,None,Dado indisponível,#DCDCDC,3855,Francisco Dantas/RN,
Recursos hídricos,28,Vazão ecológica para usos ecossistêmicos,2020,,Presente,None,Dado indisponível,#DCDCDC,3489,Francisco Macedo/PI,
Recursos hídricos,28,Vazão ecológica para usos ecossistêmicos,2020,,Presente,None,Dado indisponível,#DCDCDC,1951,Francisco Morato/SP,
Recursos hídricos,28,Vazão ecológica para usos ecossistêmicos,2020,,Presente,None,Dado indisponível,#DCDCDC,1051,Franciscópolis/MG,
Recursos hídricos,28,Vazão ecológica para usos ecossistêmicos,2020,,Presente,None,Dado indisponível,#DCDCDC,1952,Franco da Rocha/SP,
Recursos hídricos,28,Vazão ecológica para usos ecossistêmicos,2020,,Presente,None,Dado indisponível,#DCDCDC,3688,Frecheirinha/CE,
Recursos hídricos,28,Vazão ecológica para usos ecossistêmicos,2020,,Presente,None,Dado indisponível,#DCDCDC,265,Frederico Westphalen/RS,
Recursos hídricos,28,Vazão ecológica para usos ecossistêmicos,2020,,Presente,None,Dado indisponível,#DCDCDC,1052,Frei Gaspar/MG,
Recursos hídricos,28,Vazão ecológica para usos ecossistêmicos,2020,,Presente,None,Dado indisponível,#DCDCDC,1054,Frei Lagonegro/MG,
Recursos hídricos,28,Vazão ecológica para usos ecossistêmicos,2020,,Presente,None,Dado indisponível,#DCDCDC,4509,Frei Paulo/SE,
Recursos hídricos,28,Vazão ecológica para usos ecossistêmicos,2020,,Presente,None,Dado indisponível,#DCDCDC,2435,Frei Rogério/SC,
Recursos hídricos,28,Vazão ecológica para usos ecossistêmicos,2020,,Presente,None,Dado indisponível,#DCDCDC,1056,Fronteira dos Vales/MG,
Recursos hídricos,28,Vazão ecológica para usos ecossistêmicos,2020,,Presente,None,Dado indisponível,#DCDCDC,1055,Fronteira/MG,
Recursos hídricos,28,Vazão ecológica para usos ecossistêmicos,2020,,Presente,None,Dado indisponível,#DCDCDC,3856,Frutuoso Gomes/RN,
Recursos hídricos,28,Vazão ecológica para usos ecossistêmicos,2020,,Presente,None,Dado indisponível,#DCDCDC,1631,Fundão/ES,
Recursos hídricos,28,Vazão ecológica para usos ecossistêmicos,2020,,Presente,None,Dado indisponível,#DCDCDC,4061,Gado Bravo/PB,
Recursos hídricos,28,Vazão ecológica para usos ecossistêmicos,2020,,Presente,None,Dado indisponível,#DCDCDC,3857,Galinhos/RN,
Recursos hídricos,28,Vazão ecológica para usos ecossistêmicos,2020,,Presente,None,Dado indisponível,#DCDCDC,57,Galvão/SC,
Recursos hídricos,28,Vazão ecológica para usos ecossistêmicos,2020,,Presente,None,Dado indisponível,#DCDCDC,4664,Gandu/BA,
Recursos hídricos,28,Vazão ecológica para usos ecossistêmicos,2020,,Presente,None,Dado indisponível,#DCDCDC,266,Garibaldi/RS,
Recursos hídricos,28,Vazão ecológica para usos ecossistêmicos,2020,,Presente,None,Dado indisponível,#DCDCDC,2976,Garrafão do Norte/PA,
Recursos hídricos,28,Vazão ecológica para usos ecossistêmicos,2020,,Presente,None,Dado indisponível,#DCDCDC,2437,Garuva/SC,
Recursos hídricos,28,Vazão ecológica para usos ecossistêmicos,2020,,Presente,None,Dado indisponível,#DCDCDC,2438,Gaspar/SC,
Recursos hídricos,28,Vazão ecológica para usos ecossistêmicos,2020,,Presente,None,Dado indisponível,#DCDCDC,2900,Gaúcha do Norte/MT,
Recursos hídricos,28,Vazão ecológica para usos ecossistêmicos,2020,,Presente,None,Dado indisponível,#DCDCDC,268,Gaurama/RS,
Recursos hídricos,28,Vazão ecológica para usos ecossistêmicos,2020,,Presente,None,Dado indisponível,#DCDCDC,4665,Gavião/BA,
Recursos hídricos,28,Vazão ecológica para usos ecossistêmicos,2020,,Presente,None,Dado indisponível,#DCDCDC,269,General Câmara/RS,
Recursos hídricos,28,Vazão ecológica para usos ecossistêmicos,2020,,Presente,None,Dado indisponível,#DCDCDC,5446,General Carneiro/PR,
Recursos hídricos,28,Vazão ecológica para usos ecossistêmicos,2020,,Presente,None,Dado indisponível,#DCDCDC,4511,General Maynard/SE,
Recursos hídricos,28,Vazão ecológica para usos ecossistêmicos,2020,,Presente,None,Dado indisponível,#DCDCDC,3689,General Sampaio/CE,
Recursos hídricos,28,Vazão ecológica para usos ecossistêmicos,2020,,Presente,None,Dado indisponível,#DCDCDC,270,Gentil/RS,
Recursos hídricos,28,Vazão ecológica para usos ecossistêmicos,2020,,Presente,None,Dado indisponível,#DCDCDC,271,Getúlio Vargas/RS,
Recursos hídricos,28,Vazão ecológica para usos ecossistêmicos,2020,,Presente,None,Dado indisponível,#DCDCDC,3493,Gilbués/PI,
Recursos hídricos,28,Vazão ecológica para usos ecossistêmicos,2020,,Presente,None,Dado indisponível,#DCDCDC,4667,Glória/BA,
Recursos hídricos,28,Vazão ecológica para usos ecossistêmicos,2020,,Presente,None,Dado indisponível,#DCDCDC,619,Glória D'Oeste/MT,
Recursos hídricos,28,Vazão ecológica para usos ecossistêmicos,2020,,Presente,None,Dado indisponível,#DCDCDC,5135,Godoy Moreira/PR,
Recursos hídricos,28,Vazão ecológica para usos ecossistêmicos,2020,,Presente,None,Dado indisponível,#DCDCDC,1064,Goianá/MG,
Recursos hídricos,28,Vazão ecológica para usos ecossistêmicos,2020,,Presente,None,Dado indisponível,#DCDCDC,2977,Goianésia do Pará/PA,
Recursos hídricos,28,Vazão ecológica para usos ecossistêmicos,2020,,Presente,None,Dado indisponível,#DCDCDC,3102,Goianorte/TO,
Recursos hídricos,28,Vazão ecológica para usos ecossistêmicos,2020,,Presente,None,Dado indisponível,#DCDCDC,3103,Goiatins/TO,
Recursos hídricos,28,Vazão ecológica para usos ecossistêmicos,2020,,Presente,None,Dado indisponível,#DCDCDC,1065,Gonçalves/MG,
Recursos hídricos,28,Vazão ecológica para usos ecossistêmicos,2020,,Presente,None,Dado indisponível,#DCDCDC,1066,Gonzaga/MG,
Recursos hídricos,28,Vazão ecológica para usos ecossistêmicos,2020,,Presente,None,Dado indisponível,#DCDCDC,2439,Governador Celso Ramos/SC,
Recursos hídricos,28,Vazão ecológica para usos ecossistêmicos,2020,,Presente,None,Dado indisponível,#DCDCDC,3859,Governador Dix-Sept Rosado/RN,
Recursos hídricos,28,Vazão ecológica para usos ecossistêmicos,2020,,Presente,None,Dado indisponível,#DCDCDC,1632,Governador Lindenberg/ES,
Recursos hídricos,28,Vazão ecológica para usos ecossistêmicos,2020,,Presente,None,Dado indisponível,#DCDCDC,4668,Governador Mangabeira/BA,
Recursos hídricos,28,Vazão ecológica para usos ecossistêmicos,2020,,Presente,None,Dado indisponível,#DCDCDC,3690,Graça/CE,
Recursos hídricos,28,Vazão ecológica para usos ecossistêmicos,2020,,Presente,None,Dado indisponível,#DCDCDC,273,Gramado dos Loureiros/RS,
Recursos hídricos,28,Vazão ecológica para usos ecossistêmicos,2020,,Presente,None,Dado indisponível,#DCDCDC,2590,Gramado/RS,
Recursos hídricos,28,Vazão ecológica para usos ecossistêmicos,2020,,Presente,None,Dado indisponível,#DCDCDC,274,Gramado Xavier/RS,
Recursos hídricos,28,Vazão ecológica para usos ecossistêmicos,2020,,Presente,None,Dado indisponível,#DCDCDC,3692,Granjeiro/CE,
Recursos hídricos,28,Vazão ecológica para usos ecossistêmicos,2020,,Presente,None,Dado indisponível,#DCDCDC,2440,Grão Pará/SC,
Recursos hídricos,28,Vazão ecológica para usos ecossistêmicos,2020,,Presente,None,Dado indisponível,#DCDCDC,3693,Groaíras/CE,
Recursos hídricos,28,Vazão ecológica para usos ecossistêmicos,2020,,Presente,None,Dado indisponível,#DCDCDC,3860,Grossos/RN,
Recursos hídricos,28,Vazão ecológica para usos ecossistêmicos,2020,,Presente,None,Dado indisponível,#DCDCDC,1070,Grupiara/MG,
Recursos hídricos,28,Vazão ecológica para usos ecossistêmicos,2020,,Presente,None,Dado indisponível,#DCDCDC,275,Guabiju/RS,
Recursos hídricos,28,Vazão ecológica para usos ecossistêmicos,2020,,Presente,None,Dado indisponível,#DCDCDC,3494,Guadalupe/PI,
Recursos hídricos,28,Vazão ecológica para usos ecossistêmicos,2020,,Presente,None,Dado indisponível,#DCDCDC,5139,Guairaçá/PR,
Recursos hídricos,28,Vazão ecológica para usos ecossistêmicos,2020,,Presente,None,Dado indisponível,#DCDCDC,3694,Guaiúba/CE,
Recursos hídricos,28,Vazão ecológica para usos ecossistêmicos,2020,,Presente,None,Dado indisponível,#DCDCDC,5483,Guajará/AM,
Recursos hídricos,28,Vazão ecológica para usos ecossistêmicos,2020,,Presente,None,Dado indisponível,#DCDCDC,5530,Guajará-Mirim/RO,
Recursos hídricos,28,Vazão ecológica para usos ecossistêmicos,2020,,Presente,None,Dado indisponível,#DCDCDC,3861,Guamaré/RN,
Recursos hídricos,28,Vazão ecológica para usos ecossistêmicos,2020,,Presente,None,Dado indisponível,#DCDCDC,5345,Guamiranga/PR,
Recursos hídricos,28,Vazão ecológica para usos ecossistêmicos,2020,,Presente,None,Dado indisponível,#DCDCDC,4991,Guanambi/BA,
Recursos hídricos,28,Vazão ecológica para usos ecossistêmicos,2020,,Presente,None,Dado indisponível,#DCDCDC,1071,Guanhães/MG,
Recursos hídricos,28,Vazão ecológica para usos ecossistêmicos,2020,,Presente,None,Dado indisponível,#DCDCDC,1965,Guapiara/SP,
Recursos hídricos,28,Vazão ecológica para usos ecossistêmicos,2020,,Presente,None,Dado indisponível,#DCDCDC,1710,Guapimirim/RJ,
Recursos hídricos,28,Vazão ecológica para usos ecossistêmicos,2020,,Presente,None,Dado indisponível,#DCDCDC,276,Guaporé/RS,
Recursos hídricos,28,Vazão ecológica para usos ecossistêmicos,2020,,Presente,None,Dado indisponível,#DCDCDC,4062,Guarabira/PB,
Recursos hídricos,28,Vazão ecológica para usos ecossistêmicos,2020,,Presente,None,Dado indisponível,#DCDCDC,3695,Guaraciaba do Norte/CE,
Recursos hídricos,28,Vazão ecológica para usos ecossistêmicos,2020,,Presente,None,Dado indisponível,#DCDCDC,58,Guaraciaba/SC,
Recursos hídricos,28,Vazão ecológica para usos ecossistêmicos,2020,,Presente,None,Dado indisponível,#DCDCDC,5141,Guaraci/PR,
Recursos hídricos,28,Vazão ecológica para usos ecossistêmicos,2020,,Presente,None,Dado indisponível,#DCDCDC,3104,Guaraí/TO,
Recursos hídricos,28,Vazão ecológica para usos ecossistêmicos,2020,,Presente,None,Dado indisponível,#DCDCDC,3696,Guaramiranga/CE,
Recursos hídricos,28,Vazão ecológica para usos ecossistêmicos,2020,,Presente,None,Dado indisponível,#DCDCDC,2443,Guaramirim/SC,
Recursos hídricos,28,Vazão ecológica para usos ecossistêmicos,2020,,Presente,None,Dado indisponível,#DCDCDC,1075,Guaranésia/MG,
Recursos hídricos,28,Vazão ecológica para usos ecossistêmicos,2020,,Presente,None,Dado indisponível,#DCDCDC,1077,Guarará/MG,
Recursos hídricos,28,Vazão ecológica para usos ecossistêmicos,2020,,Presente,None,Dado indisponível,#DCDCDC,1966,Guará/SP,
Recursos hídricos,28,Vazão ecológica para usos ecossistêmicos,2020,,Presente,None,Dado indisponível,#DCDCDC,698,Guaratinga/BA,
Recursos hídricos,28,Vazão ecológica para usos ecossistêmicos,2020,,Presente,None,Dado indisponível,#DCDCDC,1972,Guaratinguetá/SP,
Recursos hídricos,28,Vazão ecológica para usos ecossistêmicos,2020,,Presente,None,Dado indisponível,#DCDCDC,5348,Guaratuba/PR,
Recursos hídricos,28,Vazão ecológica para usos ecossistêmicos,2020,,Presente,None,Dado indisponível,#DCDCDC,3495,Guaribas/PI,
Recursos hídricos,28,Vazão ecológica para usos ecossistêmicos,2020,,Presente,None,Dado indisponível,#DCDCDC,1975,Guarujá/SP,
Recursos hídricos,28,Vazão ecológica para usos ecossistêmicos,2020,,Presente,None,Dado indisponível,#DCDCDC,1079,Guaxupé/MG,
Recursos hídricos,28,Vazão ecológica para usos ecossistêmicos,2020,,Presente,None,Dado indisponível,#DCDCDC,557,Guia Lopes da Laguna/MS,
Recursos hídricos,28,Vazão ecológica para usos ecossistêmicos,2020,,Presente,None,Dado indisponível,#DCDCDC,1080,Guidoval/MG,
Recursos hídricos,28,Vazão ecológica para usos ecossistêmicos,2020,,Presente,None,Dado indisponível,#DCDCDC,1082,Guiricema/MG,
Recursos hídricos,28,Vazão ecológica para usos ecossistêmicos,2020,,Presente,None,Dado indisponível,#DCDCDC,4064,Gurjão/PB,
Recursos hídricos,28,Vazão ecológica para usos ecossistêmicos,2020,,Presente,None,Dado indisponível,#DCDCDC,4934,Harmonia/RS,
Recursos hídricos,28,Vazão ecológica para usos ecossistêmicos,2020,,Presente,None,Dado indisponível,#DCDCDC,1084,Heliodora/MG,
Recursos hídricos,28,Vazão ecológica para usos ecossistêmicos,2020,,Presente,None,Dado indisponível,#DCDCDC,247,Herval/RS,
Recursos hídricos,28,Vazão ecológica para usos ecossistêmicos,2020,,Presente,None,Dado indisponível,#DCDCDC,278,Herveiras/RS,
Recursos hídricos,28,Vazão ecológica para usos ecossistêmicos,2020,,Presente,None,Dado indisponível,#DCDCDC,3697,Hidrolândia/CE,
Recursos hídricos,28,Vazão ecológica para usos ecossistêmicos,2020,,Presente,None,Dado indisponível,#DCDCDC,5143,Honório Serpa/PR,
Recursos hídricos,28,Vazão ecológica para usos ecossistêmicos,2020,,Presente,None,Dado indisponível,#DCDCDC,3698,Horizonte/CE,
Recursos hídricos,28,Vazão ecológica para usos ecossistêmicos,2020,,Presente,None,Dado indisponível,#DCDCDC,5484,Humaitá/AM,
Recursos hídricos,28,Vazão ecológica para usos ecossistêmicos,2020,,Presente,None,Dado indisponível,#DCDCDC,4670,Iaçu/BA,
Recursos hídricos,28,Vazão ecológica para usos ecossistêmicos,2020,,Presente,None,Dado indisponível,#DCDCDC,5349,Ibaiti/PR,
Recursos hídricos,28,Vazão ecológica para usos ecossistêmicos,2020,,Presente,None,Dado indisponível,#DCDCDC,282,Ibarama/RS,
Recursos hídricos,28,Vazão ecológica para usos ecossistêmicos,2020,,Presente,None,Dado indisponível,#DCDCDC,3699,Ibaretama/CE,
Recursos hídricos,28,Vazão ecológica para usos ecossistêmicos,2020,,Presente,None,Dado indisponível,#DCDCDC,1635,Ibatiba/ES,
Recursos hídricos,28,Vazão ecológica para usos ecossistêmicos,2020,,Presente,None,Dado indisponível,#DCDCDC,5144,Ibema/PR,
Recursos hídricos,28,Vazão ecológica para usos ecossistêmicos,2020,,Presente,None,Dado indisponível,#DCDCDC,3700,Ibiapina/CE,
Recursos hídricos,28,Vazão ecológica para usos ecossistêmicos,2020,,Presente,None,Dado indisponível,#DCDCDC,4065,Ibiara/PB,
Recursos hídricos,28,Vazão ecológica para usos ecossistêmicos,2020,,Presente,None,Dado indisponível,#DCDCDC,699,Ibicaraí/BA,
Recursos hídricos,28,Vazão ecológica para usos ecossistêmicos,2020,,Presente,None,Dado indisponível,#DCDCDC,4671,Ibicoara/BA,
Recursos hídricos,28,Vazão ecológica para usos ecossistêmicos,2020,,Presente,None,Dado indisponível,#DCDCDC,3701,Ibicuitinga/CE,
Recursos hídricos,28,Vazão ecológica para usos ecossistêmicos,2020,,Presente,None,Dado indisponível,#DCDCDC,4672,Ibipeba/BA,
Recursos hídricos,28,Vazão ecológica para usos ecossistêmicos,2020,,Presente,None,Dado indisponível,#DCDCDC,4673,Ibipitanga/BA,
Recursos hídricos,28,Vazão ecológica para usos ecossistêmicos,2020,,Presente,None,Dado indisponível,#DCDCDC,5350,Ibiporã/PR,
Recursos hídricos,28,Vazão ecológica para usos ecossistêmicos,2020,,Presente,None,Dado indisponível,#DCDCDC,4674,Ibiquera/BA,
Recursos hídricos,28,Vazão ecológica para usos ecossistêmicos,2020,,Presente,None,Dado indisponível,#DCDCDC,1089,Ibiracatu/MG,
Recursos hídricos,28,Vazão ecológica para usos ecossistêmicos,2020,,Presente,None,Dado indisponível,#DCDCDC,1090,Ibiraci/MG,
Recursos hídricos,28,Vazão ecológica para usos ecossistêmicos,2020,,Presente,None,Dado indisponível,#DCDCDC,1636,Ibiraçu/ES,
Recursos hídricos,28,Vazão ecológica para usos ecossistêmicos,2020,,Presente,None,Dado indisponível,#DCDCDC,284,Ibiraiaras/RS,
Recursos hídricos,28,Vazão ecológica para usos ecossistêmicos,2020,,Presente,None,Dado indisponível,#DCDCDC,4275,Ibirajuba/PE,
Recursos hídricos,28,Vazão ecológica para usos ecossistêmicos,2020,,Presente,None,Dado indisponível,#DCDCDC,2445,Ibirama/SC,
Recursos hídricos,28,Vazão ecológica para usos ecossistêmicos,2020,,Presente,None,Dado indisponível,#DCDCDC,701,Ibirapuã/BA,
Recursos hídricos,28,Vazão ecológica para usos ecossistêmicos,2020,,Presente,None,Dado indisponível,#DCDCDC,285,Ibirapuitã/RS,
Recursos hídricos,28,Vazão ecológica para usos ecossistêmicos,2020,,Presente,None,Dado indisponível,#DCDCDC,1987,Ibirarema/SP,
Recursos hídricos,28,Vazão ecológica para usos ecossistêmicos,2020,,Presente,None,Dado indisponível,#DCDCDC,4675,Ibirataia/BA,
Recursos hídricos,28,Vazão ecológica para usos ecossistêmicos,2020,,Presente,None,Dado indisponível,#DCDCDC,1091,Ibirité/MG,
Recursos hídricos,28,Vazão ecológica para usos ecossistêmicos,2020,,Presente,None,Dado indisponível,#DCDCDC,286,Ibirubá/RS,
Recursos hídricos,28,Vazão ecológica para usos ecossistêmicos,2020,,Presente,None,Dado indisponível,#DCDCDC,4676,Ibitiara/BA,
Recursos hídricos,28,Vazão ecológica para usos ecossistêmicos,2020,,Presente,None,Dado indisponível,#DCDCDC,1637,Ibitirama/ES,
Recursos hídricos,28,Vazão ecológica para usos ecossistêmicos,2020,,Presente,None,Dado indisponível,#DCDCDC,4677,Ibititá/BA,
Recursos hídricos,28,Vazão ecológica para usos ecossistêmicos,2020,,Presente,None,Dado indisponível,#DCDCDC,1092,Ibitiúra de Minas/MG,
Recursos hídricos,28,Vazão ecológica para usos ecossistêmicos,2020,,Presente,None,Dado indisponível,#DCDCDC,1093,Ibituruna/MG,
Recursos hídricos,28,Vazão ecológica para usos ecossistêmicos,2020,,Presente,None,Dado indisponível,#DCDCDC,3702,Icapuí/CE,
Recursos hídricos,28,Vazão ecológica para usos ecossistêmicos,2020,,Presente,None,Dado indisponível,#DCDCDC,4679,Ichu/BA,
Recursos hídricos,28,Vazão ecológica para usos ecossistêmicos,2020,,Presente,None,Dado indisponível,#DCDCDC,3703,Icó/CE,
Recursos hídricos,28,Vazão ecológica para usos ecossistêmicos,2020,,Presente,None,Dado indisponível,#DCDCDC,1638,Iconha/ES,
Recursos hídricos,28,Vazão ecológica para usos ecossistêmicos,2020,,Presente,None,Dado indisponível,#DCDCDC,1991,Iepê/SP,
Recursos hídricos,28,Vazão ecológica para usos ecossistêmicos,2020,,Presente,None,Dado indisponível,#DCDCDC,4680,Igaporã/BA,
Recursos hídricos,28,Vazão ecológica para usos ecossistêmicos,2020,,Presente,None,Dado indisponível,#DCDCDC,1993,Igarapava/SP,
Recursos hídricos,28,Vazão ecológica para usos ecossistêmicos,2020,,Presente,None,Dado indisponível,#DCDCDC,2979,Igarapé-Miri/PA,
Recursos hídricos,28,Vazão ecológica para usos ecossistêmicos,2020,,Presente,None,Dado indisponível,#DCDCDC,1096,Igaratinga/MG,
Recursos hídricos,28,Vazão ecológica para usos ecossistêmicos,2020,,Presente,None,Dado indisponível,#DCDCDC,4681,Igrapiúna/BA,
Recursos hídricos,28,Vazão ecológica para usos ecossistêmicos,2020,,Presente,None,Dado indisponível,#DCDCDC,2592,Igrejinha/RS,
Recursos hídricos,28,Vazão ecológica para usos ecossistêmicos,2020,,Presente,None,Dado indisponível,#DCDCDC,1711,Iguaba Grande/RJ,
Recursos hídricos,28,Vazão ecológica para usos ecossistêmicos,2020,,Presente,None,Dado indisponível,#DCDCDC,702,Iguaí/BA,
Recursos hídricos,28,Vazão ecológica para usos ecossistêmicos,2020,,Presente,None,Dado indisponível,#DCDCDC,1995,Iguape/SP,
Recursos hídricos,28,Vazão ecológica para usos ecossistêmicos,2020,,Presente,None,Dado indisponível,#DCDCDC,3704,Iguatu/CE,
Recursos hídricos,28,Vazão ecológica para usos ecossistêmicos,2020,,Presente,None,Dado indisponível,#DCDCDC,5147,Iguatu/PR,
Recursos hídricos,28,Vazão ecológica para usos ecossistêmicos,2020,,Presente,None,Dado indisponível,#DCDCDC,1098,Ijaci/MG,
Recursos hídricos,28,Vazão ecológica para usos ecossistêmicos,2020,,Presente,None,Dado indisponível,#DCDCDC,1996,Ilhabela/SP,
Recursos hídricos,28,Vazão ecológica para usos ecossistêmicos,2020,,Presente,None,Dado indisponível,#DCDCDC,1997,Ilha Comprida/SP,
Recursos hídricos,28,Vazão ecológica para usos ecossistêmicos,2020,,Presente,None,Dado indisponível,#DCDCDC,4513,Ilha das Flores/SE,
Recursos hídricos,28,Vazão ecológica para usos ecossistêmicos,2020,,Presente,None,Dado indisponível,#DCDCDC,4284,Ilha de Itamaracá/PE,
Recursos hídricos,28,Vazão ecológica para usos ecossistêmicos,2020,,Presente,None,Dado indisponível,#DCDCDC,3497,Ilha Grande/PI,
Recursos hídricos,28,Vazão ecológica para usos ecossistêmicos,2020,,Presente,None,Dado indisponível,#DCDCDC,288,Ilópolis/RS,
Recursos hídricos,28,Vazão ecológica para usos ecossistêmicos,2020,,Presente,None,Dado indisponível,#DCDCDC,4066,Imaculada/PB,
Recursos hídricos,28,Vazão ecológica para usos ecossistêmicos,2020,,Presente,None,Dado indisponível,#DCDCDC,5351,Imbaú/PR,
Recursos hídricos,28,Vazão ecológica para usos ecossistêmicos,2020,,Presente,None,Dado indisponível,#DCDCDC,1100,Imbé de Minas/MG,
Recursos hídricos,28,Vazão ecológica para usos ecossistêmicos,2020,,Presente,None,Dado indisponível,#DCDCDC,2593,Imbé/RS,
Recursos hídricos,28,Vazão ecológica para usos ecossistêmicos,2020,,Presente,None,Dado indisponível,#DCDCDC,5352,Imbituva/PR,
Recursos hídricos,28,Vazão ecológica para usos ecossistêmicos,2020,,Presente,None,Dado indisponível,#DCDCDC,2450,Imbuia/SC,
Recursos hídricos,28,Vazão ecológica para usos ecossistêmicos,2020,,Presente,None,Dado indisponível,#DCDCDC,289,Imigrante/RS,
Recursos hídricos,28,Vazão ecológica para usos ecossistêmicos,2020,,Presente,None,Dado indisponível,#DCDCDC,5353,Inácio Martins/PR,
Recursos hídricos,28,Vazão ecológica para usos ecossistêmicos,2020,,Presente,None,Dado indisponível,#DCDCDC,1101,Inconfidentes/MG,
Recursos hídricos,28,Vazão ecológica para usos ecossistêmicos,2020,,Presente,None,Dado indisponível,#DCDCDC,1102,Indaiabira/MG,
Recursos hídricos,28,Vazão ecológica para usos ecossistêmicos,2020,,Presente,None,Dado indisponível,#DCDCDC,2451,Indaial/SC,
Recursos hídricos,28,Vazão ecológica para usos ecossistêmicos,2020,,Presente,None,Dado indisponível,#DCDCDC,1999,Indiana/SP,
Recursos hídricos,28,Vazão ecológica para usos ecossistêmicos,2020,,Presente,None,Dado indisponível,#DCDCDC,2000,Indiaporã/SP,
Recursos hídricos,28,Vazão ecológica para usos ecossistêmicos,2020,,Presente,None,Dado indisponível,#DCDCDC,4514,Indiaroba/SE,
Recursos hídricos,28,Vazão ecológica para usos ecossistêmicos,2020,,Presente,None,Dado indisponível,#DCDCDC,621,Indiavaí/MT,
Recursos hídricos,28,Vazão ecológica para usos ecossistêmicos,2020,,Presente,None,Dado indisponível,#DCDCDC,1104,Ingaí/MG,
Recursos hídricos,28,Vazão ecológica para usos ecossistêmicos,2020,,Presente,None,Dado indisponível,#DCDCDC,4067,Ingá/PB,
Recursos hídricos,28,Vazão ecológica para usos ecossistêmicos,2020,,Presente,None,Dado indisponível,#DCDCDC,4682,Inhambupe/BA,
Recursos hídricos,28,Vazão ecológica para usos ecossistêmicos,2020,,Presente,None,Dado indisponível,#DCDCDC,559,Inocência/MS,
Recursos hídricos,28,Vazão ecológica para usos ecossistêmicos,2020,,Presente,None,Dado indisponível,#DCDCDC,1108,Ipaba/MG,
Recursos hídricos,28,Vazão ecológica para usos ecossistêmicos,2020,,Presente,None,Dado indisponível,#DCDCDC,1109,Ipanema/MG,
Recursos hídricos,28,Vazão ecológica para usos ecossistêmicos,2020,,Presente,None,Dado indisponível,#DCDCDC,3863,Ipanguaçu/RN,
Recursos hídricos,28,Vazão ecológica para usos ecossistêmicos,2020,,Presente,None,Dado indisponível,#DCDCDC,1110,Ipatinga/MG,
Recursos hídricos,28,Vazão ecológica para usos ecossistêmicos,2020,,Presente,None,Dado indisponível,#DCDCDC,3707,Ipaumirim/CE,
Recursos hídricos,28,Vazão ecológica para usos ecossistêmicos,2020,,Presente,None,Dado indisponível,#DCDCDC,2002,Ipaussu/SP,
Recursos hídricos,28,Vazão ecológica para usos ecossistêmicos,2020,,Presente,None,Dado indisponível,#DCDCDC,4683,Ipecaetá/BA,
Recursos hídricos,28,Vazão ecológica para usos ecossistêmicos,2020,,Presente,None,Dado indisponível,#DCDCDC,4935,Ipê/RS,
Recursos hídricos,28,Vazão ecológica para usos ecossistêmicos,2020,,Presente,None,Dado indisponível,#DCDCDC,4684,Ipiaú/BA,
Recursos hídricos,28,Vazão ecológica para usos ecossistêmicos,2020,,Presente,None,Dado indisponível,#DCDCDC,5354,Ipiranga/PR,
Recursos hídricos,28,Vazão ecológica para usos ecossistêmicos,2020,,Presente,None,Dado indisponível,#DCDCDC,5485,Ipixuna/AM,
Recursos hídricos,28,Vazão ecológica para usos ecossistêmicos,2020,,Presente,None,Dado indisponível,#DCDCDC,2006,Iporanga/SP,
Recursos hídricos,28,Vazão ecológica para usos ecossistêmicos,2020,,Presente,None,Dado indisponível,#DCDCDC,5150,Iporã/PR,
Recursos hídricos,28,Vazão ecológica para usos ecossistêmicos,2020,,Presente,None,Dado indisponível,#DCDCDC,63,Ipuaçu/SC,
Recursos hídricos,28,Vazão ecológica para usos ecossistêmicos,2020,,Presente,None,Dado indisponível,#DCDCDC,2007,Ipuã/SP,
Recursos hídricos,28,Vazão ecológica para usos ecossistêmicos,2020,,Presente,None,Dado indisponível,#DCDCDC,3708,Ipu/CE,
Recursos hídricos,28,Vazão ecológica para usos ecossistêmicos,2020,,Presente,None,Dado indisponível,#DCDCDC,3864,Ipueira/RN,
Recursos hídricos,28,Vazão ecológica para usos ecossistêmicos,2020,,Presente,None,Dado indisponível,#DCDCDC,3106,Ipueiras/TO,
Recursos hídricos,28,Vazão ecológica para usos ecossistêmicos,2020,,Presente,None,Dado indisponível,#DCDCDC,4686,Ipupiara/BA,
Recursos hídricos,28,Vazão ecológica para usos ecossistêmicos,2020,,Presente,None,Dado indisponível,#DCDCDC,3710,Iracema/CE,
Recursos hídricos,28,Vazão ecológica para usos ecossistêmicos,2020,,Presente,None,Dado indisponível,#DCDCDC,5151,Iracema do Oeste/PR,
Recursos hídricos,28,Vazão ecológica para usos ecossistêmicos,2020,,Presente,None,Dado indisponível,#DCDCDC,2850,Iracema/RR,
Recursos hídricos,28,Vazão ecológica para usos ecossistêmicos,2020,,Presente,None,Dado indisponível,#DCDCDC,65,Iraceminha/SC,
Recursos hídricos,28,Vazão ecológica para usos ecossistêmicos,2020,,Presente,None,Dado indisponível,#DCDCDC,293,Iraí/RS,
Recursos hídricos,28,Vazão ecológica para usos ecossistêmicos,2020,,Presente,None,Dado indisponível,#DCDCDC,4687,Irajuba/BA,
Recursos hídricos,28,Vazão ecológica para usos ecossistêmicos,2020,,Presente,None,Dado indisponível,#DCDCDC,5486,Iranduba/AM,
Recursos hídricos,28,Vazão ecológica para usos ecossistêmicos,2020,,Presente,None,Dado indisponível,#DCDCDC,4690,Irará/BA,
Recursos hídricos,28,Vazão ecológica para usos ecossistêmicos,2020,,Presente,None,Dado indisponível,#DCDCDC,5355,Irati/PR,
Recursos hídricos,28,Vazão ecológica para usos ecossistêmicos,2020,,Presente,None,Dado indisponível,#DCDCDC,67,Irati/SC,
Recursos hídricos,28,Vazão ecológica para usos ecossistêmicos,2020,,Presente,None,Dado indisponível,#DCDCDC,3711,Irauçuba/CE,
Recursos hídricos,28,Vazão ecológica para usos ecossistêmicos,2020,,Presente,None,Dado indisponível,#DCDCDC,4691,Irecê/BA,
Recursos hídricos,28,Vazão ecológica para usos ecossistêmicos,2020,,Presente,None,Dado indisponível,#DCDCDC,2453,Irineópolis/SC,
Recursos hídricos,28,Vazão ecológica para usos ecossistêmicos,2020,,Presente,None,Dado indisponível,#DCDCDC,2982,Irituia/PA,
Recursos hídricos,28,Vazão ecológica para usos ecossistêmicos,2020,,Presente,None,Dado indisponível,#DCDCDC,1639,Irupi/ES,
Recursos hídricos,28,Vazão ecológica para usos ecossistêmicos,2020,,Presente,None,Dado indisponível,#DCDCDC,4515,Itabaiana/SE,
Recursos hídricos,28,Vazão ecológica para usos ecossistêmicos,2020,,Presente,None,Dado indisponível,#DCDCDC,4516,Itabaianinha/SE,
Recursos hídricos,28,Vazão ecológica para usos ecossistêmicos,2020,,Presente,None,Dado indisponível,#DCDCDC,704,Itabela/BA,
Recursos hídricos,28,Vazão ecológica para usos ecossistêmicos,2020,,Presente,None,Dado indisponível,#DCDCDC,1115,Itabirinha/MG,
Recursos hídricos,28,Vazão ecológica para usos ecossistêmicos,2020,,Presente,None,Dado indisponível,#DCDCDC,1712,Itaboraí/RJ,
Recursos hídricos,28,Vazão ecológica para usos ecossistêmicos,2020,,Presente,None,Dado indisponível,#DCDCDC,3107,Itacajá/TO,
Recursos hídricos,28,Vazão ecológica para usos ecossistêmicos,2020,,Presente,None,Dado indisponível,#DCDCDC,5487,Itacoatiara/AM,
Recursos hídricos,28,Vazão ecológica para usos ecossistêmicos,2020,,Presente,None,Dado indisponível,#DCDCDC,706,Itagimirim/BA,
Recursos hídricos,28,Vazão ecológica para usos ecossistêmicos,2020,,Presente,None,Dado indisponível,#DCDCDC,1640,Itaguaçu/ES,
Recursos hídricos,28,Vazão ecológica para usos ecossistêmicos,2020,,Presente,None,Dado indisponível,#DCDCDC,1713,Itaguaí/RJ,
Recursos hídricos,28,Vazão ecológica para usos ecossistêmicos,2020,,Presente,None,Dado indisponível,#DCDCDC,3712,Itaiçaba/CE,
Recursos hídricos,28,Vazão ecológica para usos ecossistêmicos,2020,,Presente,None,Dado indisponível,#DCDCDC,2454,Itaiópolis/SC,
Recursos hídricos,28,Vazão ecológica para usos ecossistêmicos,2020,,Presente,None,Dado indisponível,#DCDCDC,1120,Itaipé/MG,
Recursos hídricos,28,Vazão ecológica para usos ecossistêmicos,2020,,Presente,None,Dado indisponível,#DCDCDC,3713,Itaitinga/CE,
Recursos hídricos,28,Vazão ecológica para usos ecossistêmicos,2020,,Presente,None,Dado indisponível,#DCDCDC,2866,Itaituba/PA,
Recursos hídricos,28,Vazão ecológica para usos ecossistêmicos,2020,,Presente,None,Dado indisponível,#DCDCDC,4972,Itajá/GO,
Recursos hídricos,28,Vazão ecológica para usos ecossistêmicos,2020,,Presente,None,Dado indisponível,#DCDCDC,707,Itaju do Colônia/BA,
Recursos hídricos,28,Vazão ecológica para usos ecossistêmicos,2020,,Presente,None,Dado indisponível,#DCDCDC,1714,Italva/RJ,
Recursos hídricos,28,Vazão ecológica para usos ecossistêmicos,2020,,Presente,None,Dado indisponível,#DCDCDC,5488,Itamarati/AM,
Recursos hídricos,28,Vazão ecológica para usos ecossistêmicos,2020,,Presente,None,Dado indisponível,#DCDCDC,1123,Itamarati de Minas/MG,
Recursos hídricos,28,Vazão ecológica para usos ecossistêmicos,2020,,Presente,None,Dado indisponível,#DCDCDC,4695,Itamari/BA,
Recursos hídricos,28,Vazão ecológica para usos ecossistêmicos,2020,,Presente,None,Dado indisponível,#DCDCDC,5356,Itambaracá/PR,
Recursos hídricos,28,Vazão ecológica para usos ecossistêmicos,2020,,Presente,None,Dado indisponível,#DCDCDC,1125,Itambé do Mato Dentro/MG,
Recursos hídricos,28,Vazão ecológica para usos ecossistêmicos,2020,,Presente,None,Dado indisponível,#DCDCDC,1126,Itamogi/MG,
Recursos hídricos,28,Vazão ecológica para usos ecossistêmicos,2020,,Presente,None,Dado indisponível,#DCDCDC,1127,Itamonte/MG,
Recursos hídricos,28,Vazão ecológica para usos ecossistêmicos,2020,,Presente,None,Dado indisponível,#DCDCDC,4696,Itanagra/BA,
Recursos hídricos,28,Vazão ecológica para usos ecossistêmicos,2020,,Presente,None,Dado indisponível,#DCDCDC,2014,Itanhaém/SP,
Recursos hídricos,28,Vazão ecológica para usos ecossistêmicos,2020,,Presente,None,Dado indisponível,#DCDCDC,1128,Itanhandu/MG,
Recursos hídricos,28,Vazão ecológica para usos ecossistêmicos,2020,,Presente,None,Dado indisponível,#DCDCDC,2903,Itanhangá/MT,
Recursos hídricos,28,Vazão ecológica para usos ecossistêmicos,2020,,Presente,None,Dado indisponível,#DCDCDC,1129,Itanhomi/MG,
Recursos hídricos,28,Vazão ecológica para usos ecossistêmicos,2020,,Presente,None,Dado indisponível,#DCDCDC,1130,Itaobim/MG,
Recursos hídricos,28,Vazão ecológica para usos ecossistêmicos,2020,,Presente,None,Dado indisponível,#DCDCDC,1715,Itaocara/RJ,
Recursos hídricos,28,Vazão ecológica para usos ecossistêmicos,2020,,Presente,None,Dado indisponível,#DCDCDC,2015,Itaoca/SP,
Recursos hídricos,28,Vazão ecológica para usos ecossistêmicos,2020,,Presente,None,Dado indisponível,#DCDCDC,3714,Itapajé/CE,
Recursos hídricos,28,Vazão ecológica para usos ecossistêmicos,2020,,Presente,None,Dado indisponível,#DCDCDC,4697,Itaparica/BA,
Recursos hídricos,28,Vazão ecológica para usos ecossistêmicos,2020,,Presente,None,Dado indisponível,#DCDCDC,712,Itapé/BA,
Recursos hídricos,28,Vazão ecológica para usos ecossistêmicos,2020,,Presente,None,Dado indisponível,#DCDCDC,713,Itapebi/BA,
Recursos hídricos,28,Vazão ecológica para usos ecossistêmicos,2020,,Presente,None,Dado indisponível,#DCDCDC,2016,Itapecerica da Serra/SP,
Recursos hídricos,28,Vazão ecológica para usos ecossistêmicos,2020,,Presente,None,Dado indisponível,#DCDCDC,1132,Itapecerica/MG,
Recursos hídricos,28,Vazão ecológica para usos ecossistêmicos,2020,,Presente,None,Dado indisponível,#DCDCDC,5156,Itapejara d'Oeste/PR,
Recursos hídricos,28,Vazão ecológica para usos ecossistêmicos,2020,,Presente,None,Dado indisponível,#DCDCDC,2456,Itapema/SC,
Recursos hídricos,28,Vazão ecológica para usos ecossistêmicos,2020,,Presente,None,Dado indisponível,#DCDCDC,714,Itapetinga/BA,
Recursos hídricos,28,Vazão ecológica para usos ecossistêmicos,2020,,Presente,None,Dado indisponível,#DCDCDC,1133,Itapeva/MG,
Recursos hídricos,28,Vazão ecológica para usos ecossistêmicos,2020,,Presente,None,Dado indisponível,#DCDCDC,2019,Itapevi/SP,
Recursos hídricos,28,Vazão ecológica para usos ecossistêmicos,2020,,Presente,None,Dado indisponível,#DCDCDC,3715,Itapipoca/CE,
Recursos hídricos,28,Vazão ecológica para usos ecossistêmicos,2020,,Presente,None,Dado indisponível,#DCDCDC,5489,Itapiranga/AM,
Recursos hídricos,28,Vazão ecológica para usos ecossistêmicos,2020,,Presente,None,Dado indisponível,#DCDCDC,2021,Itapirapuã Paulista/SP,
Recursos hídricos,28,Vazão ecológica para usos ecossistêmicos,2020,,Presente,None,Dado indisponível,#DCDCDC,2020,Itapira/SP,
Recursos hídricos,28,Vazão ecológica para usos ecossistêmicos,2020,,Presente,None,Dado indisponível,#DCDCDC,3109,Itapiratins/TO,
Recursos hídricos,28,Vazão ecológica para usos ecossistêmicos,2020,,Presente,None,Dado indisponível,#DCDCDC,3716,Itapiúna/CE,
Recursos hídricos,28,Vazão ecológica para usos ecossistêmicos,2020,,Presente,None,Dado indisponível,#DCDCDC,2457,Itapoá/SC,
Recursos hídricos,28,Vazão ecológica para usos ecossistêmicos,2020,,Presente,None,Dado indisponível,#DCDCDC,4518,Itaporanga d'Ajuda/SE,
Recursos hídricos,28,Vazão ecológica para usos ecossistêmicos,2020,,Presente,None,Dado indisponível,#DCDCDC,4069,Itaporanga/PB,
Recursos hídricos,28,Vazão ecológica para usos ecossistêmicos,2020,,Presente,None,Dado indisponível,#DCDCDC,5557,Itapuã do Oeste/RO,
Recursos hídricos,28,Vazão ecológica para usos ecossistêmicos,2020,,Presente,None,Dado indisponível,#DCDCDC,296,Itapuca/RS,
Recursos hídricos,28,Vazão ecológica para usos ecossistêmicos,2020,,Presente,None,Dado indisponível,#DCDCDC,2025,Itaquaquecetuba/SP,
Recursos hídricos,28,Vazão ecológica para usos ecossistêmicos,2020,,Presente,None,Dado indisponível,#DCDCDC,4699,Itaquara/BA,
Recursos hídricos,28,Vazão ecológica para usos ecossistêmicos,2020,,Presente,None,Dado indisponível,#DCDCDC,716,Itarantim/BA,
Recursos hídricos,28,Vazão ecológica para usos ecossistêmicos,2020,,Presente,None,Dado indisponível,#DCDCDC,2026,Itararé/SP,
Recursos hídricos,28,Vazão ecológica para usos ecossistêmicos,2020,,Presente,None,Dado indisponível,#DCDCDC,3717,Itarema/CE,
Recursos hídricos,28,Vazão ecológica para usos ecossistêmicos,2020,,Presente,None,Dado indisponível,#DCDCDC,2027,Itariri/SP,
Recursos hídricos,28,Vazão ecológica para usos ecossistêmicos,2020,,Presente,None,Dado indisponível,#DCDCDC,4973,Itarumã/GO,
Recursos hídricos,28,Vazão ecológica para usos ecossistêmicos,2020,,Presente,None,Dado indisponível,#DCDCDC,1717,Itatiaia/RJ,
Recursos hídricos,28,Vazão ecológica para usos ecossistêmicos,2020,,Presente,None,Dado indisponível,#DCDCDC,1134,Itatiaiuçu/MG,
Recursos hídricos,28,Vazão ecológica para usos ecossistêmicos,2020,,Presente,None,Dado indisponível,#DCDCDC,298,Itatiba do Sul/RS,
Recursos hídricos,28,Vazão ecológica para usos ecossistêmicos,2020,,Presente,None,Dado indisponível,#DCDCDC,4700,Itatim/BA,
Recursos hídricos,28,Vazão ecológica para usos ecossistêmicos,2020,,Presente,None,Dado indisponível,#DCDCDC,3718,Itatira/CE,
Recursos hídricos,28,Vazão ecológica para usos ecossistêmicos,2020,,Presente,None,Dado indisponível,#DCDCDC,2594,Itati/RS,
Recursos hídricos,28,Vazão ecológica para usos ecossistêmicos,2020,,Presente,None,Dado indisponível,#DCDCDC,4071,Itatuba/PB,
Recursos hídricos,28,Vazão ecológica para usos ecossistêmicos,2020,,Presente,None,Dado indisponível,#DCDCDC,3047,Itaubal/AP,
Recursos hídricos,28,Vazão ecológica para usos ecossistêmicos,2020,,Presente,None,Dado indisponível,#DCDCDC,2904,Itaúba/MT,
Recursos hídricos,28,Vazão ecológica para usos ecossistêmicos,2020,,Presente,None,Dado indisponível,#DCDCDC,1135,Itaú de Minas/MG,
Recursos hídricos,28,Vazão ecológica para usos ecossistêmicos,2020,,Presente,None,Dado indisponível,#DCDCDC,3502,Itaueira/PI,
Recursos hídricos,28,Vazão ecológica para usos ecossistêmicos,2020,,Presente,None,Dado indisponível,#DCDCDC,5157,Itaúna do Sul/PR,
Recursos hídricos,28,Vazão ecológica para usos ecossistêmicos,2020,,Presente,None,Dado indisponível,#DCDCDC,1136,Itaúna/MG,
Recursos hídricos,28,Vazão ecológica para usos ecossistêmicos,2020,,Presente,None,Dado indisponível,#DCDCDC,3866,Itaú/RN,
Recursos hídricos,28,Vazão ecológica para usos ecossistêmicos,2020,,Presente,None,Dado indisponível,#DCDCDC,1137,Itaverava/MG,
Recursos hídricos,28,Vazão ecológica para usos ecossistêmicos,2020,,Presente,None,Dado indisponível,#DCDCDC,1138,Itinga/MG,
Recursos hídricos,28,Vazão ecológica para usos ecossistêmicos,2020,,Presente,None,Dado indisponível,#DCDCDC,622,Itiquira/MT,
Recursos hídricos,28,Vazão ecológica para usos ecossistêmicos,2020,,Presente,None,Dado indisponível,#DCDCDC,2031,Itirapuã/SP,
Recursos hídricos,28,Vazão ecológica para usos ecossistêmicos,2020,,Presente,None,Dado indisponível,#DCDCDC,4701,Itiruçu/BA,
Recursos hídricos,28,Vazão ecológica para usos ecossistêmicos,2020,,Presente,None,Dado indisponível,#DCDCDC,2032,Itobi/SP,
Recursos hídricos,28,Vazão ecológica para usos ecossistêmicos,2020,,Presente,None,Dado indisponível,#DCDCDC,717,Itororó/BA,
Recursos hídricos,28,Vazão ecológica para usos ecossistêmicos,2020,,Presente,None,Dado indisponível,#DCDCDC,4703,Ituaçu/BA,
Recursos hídricos,28,Vazão ecológica para usos ecossistêmicos,2020,,Presente,None,Dado indisponível,#DCDCDC,4704,Ituberá/BA,
Recursos hídricos,28,Vazão ecológica para usos ecossistêmicos,2020,,Presente,None,Dado indisponível,#DCDCDC,1141,Itumirim/MG,
Recursos hídricos,28,Vazão ecológica para usos ecossistêmicos,2020,,Presente,None,Dado indisponível,#DCDCDC,2458,Ituporanga/SC,
Recursos hídricos,28,Vazão ecológica para usos ecossistêmicos,2020,,Presente,None,Dado indisponível,#DCDCDC,1143,Itutinga/MG,
Recursos hídricos,28,Vazão ecológica para usos ecossistêmicos,2020,,Presente,None,Dado indisponível,#DCDCDC,1643,Iúna/ES,
Recursos hídricos,28,Vazão ecológica para usos ecossistêmicos,2020,,Presente,None,Dado indisponível,#DCDCDC,562,Ivinhema/MS,
Recursos hídricos,28,Vazão ecológica para usos ecossistêmicos,2020,,Presente,None,Dado indisponível,#DCDCDC,299,Ivorá/RS,
Recursos hídricos,28,Vazão ecológica para usos ecossistêmicos,2020,,Presente,None,Dado indisponível,#DCDCDC,2595,Ivoti/RS,
Recursos hídricos,28,Vazão ecológica para usos ecossistêmicos,2020,,Presente,None,Dado indisponível,#DCDCDC,70,Jaborá/SC,
Recursos hídricos,28,Vazão ecológica para usos ecossistêmicos,2020,,Presente,None,Dado indisponível,#DCDCDC,300,Jaboticaba/RS,
Recursos hídricos,28,Vazão ecológica para usos ecossistêmicos,2020,,Presente,None,Dado indisponível,#DCDCDC,5359,Jaboti/PR,
Recursos hídricos,28,Vazão ecológica para usos ecossistêmicos,2020,,Presente,None,Dado indisponível,#DCDCDC,3867,Jaçanã/RN,
Recursos hídricos,28,Vazão ecológica para usos ecossistêmicos,2020,,Presente,None,Dado indisponível,#DCDCDC,2867,Jacareacanga/PA,
Recursos hídricos,28,Vazão ecológica para usos ecossistêmicos,2020,,Presente,None,Dado indisponível,#DCDCDC,2038,Jacareí/SP,
Recursos hídricos,28,Vazão ecológica para usos ecossistêmicos,2020,,Presente,None,Dado indisponível,#DCDCDC,5360,Jacarezinho/PR,
Recursos hídricos,28,Vazão ecológica para usos ecossistêmicos,2020,,Presente,None,Dado indisponível,#DCDCDC,623,Jaciara/MT,
Recursos hídricos,28,Vazão ecológica para usos ecossistêmicos,2020,,Presente,None,Dado indisponível,#DCDCDC,2459,Jacinto Machado/SC,
Recursos hídricos,28,Vazão ecológica para usos ecossistêmicos,2020,,Presente,None,Dado indisponível,#DCDCDC,1146,Jacuí/MG,
Recursos hídricos,28,Vazão ecológica para usos ecossistêmicos,2020,,Presente,None,Dado indisponível,#DCDCDC,301,Jacuizinho/RS,
Recursos hídricos,28,Vazão ecológica para usos ecossistêmicos,2020,,Presente,None,Dado indisponível,#DCDCDC,2040,Jacupiranga/SP,
Recursos hídricos,28,Vazão ecológica para usos ecossistêmicos,2020,,Presente,None,Dado indisponível,#DCDCDC,302,Jacutinga/RS,
Recursos hídricos,28,Vazão ecológica para usos ecossistêmicos,2020,,Presente,None,Dado indisponível,#DCDCDC,4706,Jaguaquara/BA,
Recursos hídricos,28,Vazão ecológica para usos ecossistêmicos,2020,,Presente,None,Dado indisponível,#DCDCDC,1148,Jaguaraçu/MG,
Recursos hídricos,28,Vazão ecológica para usos ecossistêmicos,2020,,Presente,None,Dado indisponível,#DCDCDC,303,Jaguarão/RS,
Recursos hídricos,28,Vazão ecológica para usos ecossistêmicos,2020,,Presente,None,Dado indisponível,#DCDCDC,1644,Jaguaré/ES,
Recursos hídricos,28,Vazão ecológica para usos ecossistêmicos,2020,,Presente,None,Dado indisponível,#DCDCDC,3719,Jaguaretama/CE,
Recursos hídricos,28,Vazão ecológica para usos ecossistêmicos,2020,,Presente,None,Dado indisponível,#DCDCDC,5361,Jaguariaíva/PR,
Recursos hídricos,28,Vazão ecológica para usos ecossistêmicos,2020,,Presente,None,Dado indisponível,#DCDCDC,3720,Jaguaribara/CE,
Recursos hídricos,28,Vazão ecológica para usos ecossistêmicos,2020,,Presente,None,Dado indisponível,#DCDCDC,3721,Jaguaribe/CE,
Recursos hídricos,28,Vazão ecológica para usos ecossistêmicos,2020,,Presente,None,Dado indisponível,#DCDCDC,4708,Jaguaripe/BA,
Recursos hídricos,28,Vazão ecológica para usos ecossistêmicos,2020,,Presente,None,Dado indisponível,#DCDCDC,3722,Jaguaruana/CE,
Recursos hídricos,28,Vazão ecológica para usos ecossistêmicos,2020,,Presente,None,Dado indisponível,#DCDCDC,2460,Jaguaruna/SC,
Recursos hídricos,28,Vazão ecológica para usos ecossistêmicos,2020,,Presente,None,Dado indisponível,#DCDCDC,2043,Jambeiro/SP,
Recursos hídricos,28,Vazão ecológica para usos ecossistêmicos,2020,,Presente,None,Dado indisponível,#DCDCDC,3868,Jandaíra/RN,
Recursos hídricos,28,Vazão ecológica para usos ecossistêmicos,2020,,Presente,None,Dado indisponível,#DCDCDC,2044,Jandira/SP,
Recursos hídricos,28,Vazão ecológica para usos ecossistêmicos,2020,,Presente,None,Dado indisponível,#DCDCDC,3869,Janduís/RN,
Recursos hídricos,28,Vazão ecológica para usos ecossistêmicos,2020,,Presente,None,Dado indisponível,#DCDCDC,624,Jangada/MT,
Recursos hídricos,28,Vazão ecológica para usos ecossistêmicos,2020,,Presente,None,Dado indisponível,#DCDCDC,5162,Janiópolis/PR,
Recursos hídricos,28,Vazão ecológica para usos ecossistêmicos,2020,,Presente,None,Dado indisponível,#DCDCDC,3870,Januário Cicco/RN,
Recursos hídricos,28,Vazão ecológica para usos ecossistêmicos,2020,,Presente,None,Dado indisponível,#DCDCDC,4519,Japaratuba/SE,
Recursos hídricos,28,Vazão ecológica para usos ecossistêmicos,2020,,Presente,None,Dado indisponível,#DCDCDC,1718,Japeri/RJ,
Recursos hídricos,28,Vazão ecológica para usos ecossistêmicos,2020,,Presente,None,Dado indisponível,#DCDCDC,3871,Japi/RN,
Recursos hídricos,28,Vazão ecológica para usos ecossistêmicos,2020,,Presente,None,Dado indisponível,#DCDCDC,1154,Japonvar/MG,
Recursos hídricos,28,Vazão ecológica para usos ecossistêmicos,2020,,Presente,None,Dado indisponível,#DCDCDC,563,Japorã/MS,
Recursos hídricos,28,Vazão ecológica para usos ecossistêmicos,2020,,Presente,None,Dado indisponível,#DCDCDC,5490,Japurá/AM,
Recursos hídricos,28,Vazão ecológica para usos ecossistêmicos,2020,,Presente,None,Dado indisponível,#DCDCDC,2596,Jaquirana/RS,
Recursos hídricos,28,Vazão ecológica para usos ecossistêmicos,2020,,Presente,None,Dado indisponível,#DCDCDC,2461,Jaraguá do Sul/SC,
Recursos hídricos,28,Vazão ecológica para usos ecossistêmicos,2020,,Presente,None,Dado indisponível,#DCDCDC,3872,Jardim de Angicos/RN,
Recursos hídricos,28,Vazão ecológica para usos ecossistêmicos,2020,,Presente,None,Dado indisponível,#DCDCDC,5165,Jardim Olinda/PR,
Recursos hídricos,28,Vazão ecológica para usos ecossistêmicos,2020,,Presente,None,Dado indisponível,#DCDCDC,71,Jardinópolis/SC,
Recursos hídricos,28,Vazão ecológica para usos ecossistêmicos,2020,,Presente,None,Dado indisponível,#DCDCDC,2045,Jardinópolis/SP,
Recursos hídricos,28,Vazão ecológica para usos ecossistêmicos,2020,,Presente,None,Dado indisponível,#DCDCDC,2046,Jarinu/SP,
Recursos hídricos,28,Vazão ecológica para usos ecossistêmicos,2020,,Presente,None,Dado indisponível,#DCDCDC,4974,Jataí/GO,
Recursos hídricos,28,Vazão ecológica para usos ecossistêmicos,2020,,Presente,None,Dado indisponível,#DCDCDC,5363,Jataizinho/PR,
Recursos hídricos,28,Vazão ecológica para usos ecossistêmicos,2020,,Presente,None,Dado indisponível,#DCDCDC,4291,Jataúba/PE,
Recursos hídricos,28,Vazão ecológica para usos ecossistêmicos,2020,,Presente,None,Dado indisponível,#DCDCDC,3724,Jati/CE,
Recursos hídricos,28,Vazão ecológica para usos ecossistêmicos,2020,,Presente,None,Dado indisponível,#DCDCDC,4292,Jatobá/PE,
Recursos hídricos,28,Vazão ecológica para usos ecossistêmicos,2020,,Presente,None,Dado indisponível,#DCDCDC,1155,Jeceaba/MG,
Recursos hídricos,28,Vazão ecológica para usos ecossistêmicos,2020,,Presente,None,Dado indisponível,#DCDCDC,1156,Jenipapo de Minas/MG,
Recursos hídricos,28,Vazão ecológica para usos ecossistêmicos,2020,,Presente,None,Dado indisponível,#DCDCDC,1157,Jequeri/MG,
Recursos hídricos,28,Vazão ecológica para usos ecossistêmicos,2020,,Presente,None,Dado indisponível,#DCDCDC,1160,Jequitinhonha/MG,
Recursos hídricos,28,Vazão ecológica para usos ecossistêmicos,2020,,Presente,None,Dado indisponível,#DCDCDC,1161,Jesuânia/MG,
Recursos hídricos,28,Vazão ecológica para usos ecossistêmicos,2020,,Presente,None,Dado indisponível,#DCDCDC,5166,Jesuítas/PR,
Recursos hídricos,28,Vazão ecológica para usos ecossistêmicos,2020,,Presente,None,Dado indisponível,#DCDCDC,3725,Jijoca de Jericoacoara/CE,
Recursos hídricos,28,Vazão ecológica para usos ecossistêmicos,2020,,Presente,None,Dado indisponível,#DCDCDC,4711,Jiquiriçá/BA,
Recursos hídricos,28,Vazão ecológica para usos ecossistêmicos,2020,,Presente,None,Dado indisponível,#DCDCDC,4712,Jitaúna/BA,
Recursos hídricos,28,Vazão ecológica para usos ecossistêmicos,2020,,Presente,None,Dado indisponível,#DCDCDC,1162,Joaíma/MG,
Recursos hídricos,28,Vazão ecológica para usos ecossistêmicos,2020,,Presente,None,Dado indisponível,#DCDCDC,1163,Joanésia/MG,
Recursos hídricos,28,Vazão ecológica para usos ecossistêmicos,2020,,Presente,None,Dado indisponível,#DCDCDC,2049,Joanópolis/SP,
Recursos hídricos,28,Vazão ecológica para usos ecossistêmicos,2020,,Presente,None,Dado indisponível,#DCDCDC,4293,João Alfredo/PE,
Recursos hídricos,28,Vazão ecológica para usos ecossistêmicos,2020,,Presente,None,Dado indisponível,#DCDCDC,3508,João Costa/PI,
Recursos hídricos,28,Vazão ecológica para usos ecossistêmicos,2020,,Presente,None,Dado indisponível,#DCDCDC,3876,João Dias/RN,
Recursos hídricos,28,Vazão ecológica para usos ecossistêmicos,2020,,Presente,None,Dado indisponível,#DCDCDC,4713,João Dourado/BA,
Recursos hídricos,28,Vazão ecológica para usos ecossistêmicos,2020,,Presente,None,Dado indisponível,#DCDCDC,1646,João Neiva/ES,
Recursos hídricos,28,Vazão ecológica para usos ecossistêmicos,2020,,Presente,None,Dado indisponível,#DCDCDC,3509,Joaquim Pires/PI,
Recursos hídricos,28,Vazão ecológica para usos ecossistêmicos,2020,,Presente,None,Dado indisponível,#DCDCDC,5364,Joaquim Távora/PR,
Recursos hídricos,28,Vazão ecológica para usos ecossistêmicos,2020,,Presente,None,Dado indisponível,#DCDCDC,4152,Joca Claudino/PB,
Recursos hídricos,28,Vazão ecológica para usos ecossistêmicos,2020,,Presente,None,Dado indisponível,#DCDCDC,1167,Jordânia/MG,
Recursos hídricos,28,Vazão ecológica para usos ecossistêmicos,2020,,Presente,None,Dado indisponível,#DCDCDC,2829,Jordão/AC,
Recursos hídricos,28,Vazão ecológica para usos ecossistêmicos,2020,,Presente,None,Dado indisponível,#DCDCDC,3877,José da Penha/RN,
Recursos hídricos,28,Vazão ecológica para usos ecossistêmicos,2020,,Presente,None,Dado indisponível,#DCDCDC,4075,Juarez Távora/PB,
Recursos hídricos,28,Vazão ecológica para usos ecossistêmicos,2020,,Presente,None,Dado indisponível,#DCDCDC,4076,Juazeirinho/PB,
Recursos hídricos,28,Vazão ecológica para usos ecossistêmicos,2020,,Presente,None,Dado indisponível,#DCDCDC,3726,Juazeiro do Norte/CE,
Recursos hídricos,28,Vazão ecológica para usos ecossistêmicos,2020,,Presente,None,Dado indisponível,#DCDCDC,3727,Jucás/CE,
Recursos hídricos,28,Vazão ecológica para usos ecossistêmicos,2020,,Presente,None,Dado indisponível,#DCDCDC,4295,Jucati/PE,
Recursos hídricos,28,Vazão ecológica para usos ecossistêmicos,2020,,Presente,None,Dado indisponível,#DCDCDC,1173,Juiz de Fora/MG,
Recursos hídricos,28,Vazão ecológica para usos ecossistêmicos,2020,,Presente,None,Dado indisponível,#DCDCDC,3513,Júlio Borges/PI,
Recursos hídricos,28,Vazão ecológica para usos ecossistêmicos,2020,,Presente,None,Dado indisponível,#DCDCDC,2052,Júlio Mesquita/SP,
Recursos hídricos,28,Vazão ecológica para usos ecossistêmicos,2020,,Presente,None,Dado indisponível,#DCDCDC,3284,Junco do Maranhão/MA,
Recursos hídricos,28,Vazão ecológica para usos ecossistêmicos,2020,,Presente,None,Dado indisponível,#DCDCDC,4077,Junco do Seridó/PB,
Recursos hídricos,28,Vazão ecológica para usos ecossistêmicos,2020,,Presente,None,Dado indisponível,#DCDCDC,5365,Jundiaí do Sul/PR,
Recursos hídricos,28,Vazão ecológica para usos ecossistêmicos,2020,,Presente,None,Dado indisponível,#DCDCDC,4430,Junqueiro/AL,
Recursos hídricos,28,Vazão ecológica para usos ecossistêmicos,2020,,Presente,None,Dado indisponível,#DCDCDC,73,Jupiá/SC,
Recursos hídricos,28,Vazão ecológica para usos ecossistêmicos,2020,,Presente,None,Dado indisponível,#DCDCDC,4296,Jupi/PE,
Recursos hídricos,28,Vazão ecológica para usos ecossistêmicos,2020,,Presente,None,Dado indisponível,#DCDCDC,2056,Juquitiba/SP,
Recursos hídricos,28,Vazão ecológica para usos ecossistêmicos,2020,,Presente,None,Dado indisponível,#DCDCDC,5491,Juruá/AM,
Recursos hídricos,28,Vazão ecológica para usos ecossistêmicos,2020,,Presente,None,Dado indisponível,#DCDCDC,1175,Juruaia/MG,
Recursos hídricos,28,Vazão ecológica para usos ecossistêmicos,2020,,Presente,None,Dado indisponível,#DCDCDC,4079,Juru/PB,
Recursos hídricos,28,Vazão ecológica para usos ecossistêmicos,2020,,Presente,None,Dado indisponível,#DCDCDC,2868,Juruti/PA,
Recursos hídricos,28,Vazão ecológica para usos ecossistêmicos,2020,,Presente,None,Dado indisponível,#DCDCDC,626,Juscimeira/MT,
Recursos hídricos,28,Vazão ecológica para usos ecossistêmicos,2020,,Presente,None,Dado indisponível,#DCDCDC,4715,Jussara/BA,
Recursos hídricos,28,Vazão ecológica para usos ecossistêmicos,2020,,Presente,None,Dado indisponível,#DCDCDC,5492,Jutaí/AM,
Recursos hídricos,28,Vazão ecológica para usos ecossistêmicos,2020,,Presente,None,Dado indisponível,#DCDCDC,5493,Lábrea/AM,
Recursos hídricos,28,Vazão ecológica para usos ecossistêmicos,2020,,Presente,None,Dado indisponível,#DCDCDC,4717,Lafaiete Coutinho/BA,
Recursos hídricos,28,Vazão ecológica para usos ecossistêmicos,2020,,Presente,None,Dado indisponível,#DCDCDC,4521,Lagarto/SE,
Recursos hídricos,28,Vazão ecológica para usos ecossistêmicos,2020,,Presente,None,Dado indisponível,#DCDCDC,2464,Lages/SC,
Recursos hídricos,28,Vazão ecológica para usos ecossistêmicos,2020,,Presente,None,Dado indisponível,#DCDCDC,308,Lagoa Bonita do Sul/RS,
Recursos hídricos,28,Vazão ecológica para usos ecossistêmicos,2020,,Presente,None,Dado indisponível,#DCDCDC,3880,Lagoa d'Anta/RN,
Recursos hídricos,28,Vazão ecológica para usos ecossistêmicos,2020,,Presente,None,Dado indisponível,#DCDCDC,4299,Lagoa de Itaenga/PE,
Recursos hídricos,28,Vazão ecológica para usos ecossistêmicos,2020,,Presente,None,Dado indisponível,#DCDCDC,3881,Lagoa de Pedras/RN,
Recursos hídricos,28,Vazão ecológica para usos ecossistêmicos,2020,,Presente,None,Dado indisponível,#DCDCDC,3518,Lagoa de São Francisco/PI,
Recursos hídricos,28,Vazão ecológica para usos ecossistêmicos,2020,,Presente,None,Dado indisponível,#DCDCDC,3882,Lagoa de Velhos/RN,
Recursos hídricos,28,Vazão ecológica para usos ecossistêmicos,2020,,Presente,None,Dado indisponível,#DCDCDC,3517,Lagoa do Barro do Piauí/PI,
Recursos hídricos,28,Vazão ecológica para usos ecossistêmicos,2020,,Presente,None,Dado indisponível,#DCDCDC,4300,Lagoa do Ouro/PE,
Recursos hídricos,28,Vazão ecológica para usos ecossistêmicos,2020,,Presente,None,Dado indisponível,#DCDCDC,310,Lagoa dos Três Cantos/RS,
Recursos hídricos,28,Vazão ecológica para usos ecossistêmicos,2020,,Presente,None,Dado indisponível,#DCDCDC,3114,Lagoa do Tocantins/TO,
Recursos hídricos,28,Vazão ecológica para usos ecossistêmicos,2020,,Presente,None,Dado indisponível,#DCDCDC,1180,Lagoa Dourada/MG,
Recursos hídricos,28,Vazão ecológica para usos ecossistêmicos,2020,,Presente,None,Dado indisponível,#DCDCDC,3883,Lagoa Nova/RN,
Recursos hídricos,28,Vazão ecológica para usos ecossistêmicos,2020,,Presente,None,Dado indisponível,#DCDCDC,309,Lagoão/RS,
Recursos hídricos,28,Vazão ecológica para usos ecossistêmicos,2020,,Presente,None,Dado indisponível,#DCDCDC,4080,Lagoa/PB,
Recursos hídricos,28,Vazão ecológica para usos ecossistêmicos,2020,,Presente,None,Dado indisponível,#DCDCDC,3884,Lagoa Salgada/RN,
Recursos hídricos,28,Vazão ecológica para usos ecossistêmicos,2020,,Presente,None,Dado indisponível,#DCDCDC,4976,Lagoa Santa/GO,
Recursos hídricos,28,Vazão ecológica para usos ecossistêmicos,2020,,Presente,None,Dado indisponível,#DCDCDC,4082,Lagoa Seca/PB,
Recursos hídricos,28,Vazão ecológica para usos ecossistêmicos,2020,,Presente,None,Dado indisponível,#DCDCDC,2057,Lagoinha/SP,
Recursos hídricos,28,Vazão ecológica para usos ecossistêmicos,2020,,Presente,None,Dado indisponível,#DCDCDC,312,Lajeado do Bugre/RS,
Recursos hídricos,28,Vazão ecológica para usos ecossistêmicos,2020,,Presente,None,Dado indisponível,#DCDCDC,75,Lajeado Grande/SC,
Recursos hídricos,28,Vazão ecológica para usos ecossistêmicos,2020,,Presente,None,Dado indisponível,#DCDCDC,3291,Lajeado Novo/MA,
Recursos hídricos,28,Vazão ecológica para usos ecossistêmicos,2020,,Presente,None,Dado indisponível,#DCDCDC,311,Lajeado/RS,
Recursos hídricos,28,Vazão ecológica para usos ecossistêmicos,2020,,Presente,None,Dado indisponível,#DCDCDC,3115,Lajeado/TO,
Recursos hídricos,28,Vazão ecológica para usos ecossistêmicos,2020,,Presente,None,Dado indisponível,#DCDCDC,4719,Laje/BA,
Recursos hídricos,28,Vazão ecológica para usos ecossistêmicos,2020,,Presente,None,Dado indisponível,#DCDCDC,721,Lajedão/BA,
Recursos hídricos,28,Vazão ecológica para usos ecossistêmicos,2020,,Presente,None,Dado indisponível,#DCDCDC,4720,Lajedinho/BA,
Recursos hídricos,28,Vazão ecológica para usos ecossistêmicos,2020,,Presente,None,Dado indisponível,#DCDCDC,4721,Lajedo do Tabocal/BA,
Recursos hídricos,28,Vazão ecológica para usos ecossistêmicos,2020,,Presente,None,Dado indisponível,#DCDCDC,4303,Lajedo/PE,
Recursos hídricos,28,Vazão ecológica para usos ecossistêmicos,2020,,Presente,None,Dado indisponível,#DCDCDC,3886,Lajes Pintadas/RN,
Recursos hídricos,28,Vazão ecológica para usos ecossistêmicos,2020,,Presente,None,Dado indisponível,#DCDCDC,3885,Lajes/RN,
Recursos hídricos,28,Vazão ecológica para usos ecossistêmicos,2020,,Presente,None,Dado indisponível,#DCDCDC,1184,Lajinha/MG,
Recursos hídricos,28,Vazão ecológica para usos ecossistêmicos,2020,,Presente,None,Dado indisponível,#DCDCDC,4722,Lamarão/BA,
Recursos hídricos,28,Vazão ecológica para usos ecossistêmicos,2020,,Presente,None,Dado indisponível,#DCDCDC,1185,Lambari/MG,
Recursos hídricos,28,Vazão ecológica para usos ecossistêmicos,2020,,Presente,None,Dado indisponível,#DCDCDC,1186,Lamim/MG,
Recursos hídricos,28,Vazão ecológica para usos ecossistêmicos,2020,,Presente,None,Dado indisponível,#DCDCDC,4723,Lapão/BA,
Recursos hídricos,28,Vazão ecológica para usos ecossistêmicos,2020,,Presente,None,Dado indisponível,#DCDCDC,1647,Laranja da Terra/ES,
Recursos hídricos,28,Vazão ecológica para usos ecossistêmicos,2020,,Presente,None,Dado indisponível,#DCDCDC,2886,Laranjal do Jari/AP,
Recursos hídricos,28,Vazão ecológica para usos ecossistêmicos,2020,,Presente,None,Dado indisponível,#DCDCDC,1187,Laranjal/MG,
Recursos hídricos,28,Vazão ecológica para usos ecossistêmicos,2020,,Presente,None,Dado indisponível,#DCDCDC,4522,Laranjeiras/SE,
Recursos hídricos,28,Vazão ecológica para usos ecossistêmicos,2020,,Presente,None,Dado indisponível,#DCDCDC,4083,Lastro/PB,
Recursos hídricos,28,Vazão ecológica para usos ecossistêmicos,2020,,Presente,None,Dado indisponível,#DCDCDC,4724,Lauro de Freitas/BA,
Recursos hídricos,28,Vazão ecológica para usos ecossistêmicos,2020,,Presente,None,Dado indisponível,#DCDCDC,2467,Lauro Müller/SC,
Recursos hídricos,28,Vazão ecológica para usos ecossistêmicos,2020,,Presente,None,Dado indisponível,#DCDCDC,3728,Lavras da Mangabeira/CE,
Recursos hídricos,28,Vazão ecológica para usos ecossistêmicos,2020,,Presente,None,Dado indisponível,#DCDCDC,1189,Lavras/MG,
Recursos hídricos,28,Vazão ecológica para usos ecossistêmicos,2020,,Presente,None,Dado indisponível,#DCDCDC,2060,Lavrinhas/SP,
Recursos hídricos,28,Vazão ecológica para usos ecossistêmicos,2020,,Presente,None,Dado indisponível,#DCDCDC,2468,Lebon Régis/SC,
Recursos hídricos,28,Vazão ecológica para usos ecossistêmicos,2020,,Presente,None,Dado indisponível,#DCDCDC,1191,Leme do Prado/MG,
Recursos hídricos,28,Vazão ecológica para usos ecossistêmicos,2020,,Presente,None,Dado indisponível,#DCDCDC,4725,Lençóis/BA,
Recursos hídricos,28,Vazão ecológica para usos ecossistêmicos,2020,,Presente,None,Dado indisponível,#DCDCDC,2469,Leoberto Leal/SC,
Recursos hídricos,28,Vazão ecológica para usos ecossistêmicos,2020,,Presente,None,Dado indisponível,#DCDCDC,1192,Leopoldina/MG,
Recursos hídricos,28,Vazão ecológica para usos ecossistêmicos,2020,,Presente,None,Dado indisponível,#DCDCDC,5367,Leópolis/PR,
Recursos hídricos,28,Vazão ecológica para usos ecossistêmicos,2020,,Presente,None,Dado indisponível,#DCDCDC,314,Liberato Salzano/RS,
Recursos hídricos,28,Vazão ecológica para usos ecossistêmicos,2020,,Presente,None,Dado indisponível,#DCDCDC,1193,Liberdade/MG,
Recursos hídricos,28,Vazão ecológica para usos ecossistêmicos,2020,,Presente,None,Dado indisponível,#DCDCDC,722,Licínio de Almeida/BA,
Recursos hídricos,28,Vazão ecológica para usos ecossistêmicos,2020,,Presente,None,Dado indisponível,#DCDCDC,4432,Limoeiro de Anadia/AL,
Recursos hídricos,28,Vazão ecológica para usos ecossistêmicos,2020,,Presente,None,Dado indisponível,#DCDCDC,2985,Limoeiro do Ajuru/PA,
Recursos hídricos,28,Vazão ecológica para usos ecossistêmicos,2020,,Presente,None,Dado indisponível,#DCDCDC,3729,Limoeiro do Norte/CE,
Recursos hídricos,28,Vazão ecológica para usos ecossistêmicos,2020,,Presente,None,Dado indisponível,#DCDCDC,2064,Lindóia/SP,
Recursos hídricos,28,Vazão ecológica para usos ecossistêmicos,2020,,Presente,None,Dado indisponível,#DCDCDC,2597,Lindolfo Collor/RS,
Recursos hídricos,28,Vazão ecológica para usos ecossistêmicos,2020,,Presente,None,Dado indisponível,#DCDCDC,2598,Linha Nova/RS,
Recursos hídricos,28,Vazão ecológica para usos ecossistêmicos,2020,,Presente,None,Dado indisponível,#DCDCDC,4084,Livramento/PB,
Recursos hídricos,28,Vazão ecológica para usos ecossistêmicos,2020,,Presente,None,Dado indisponível,#DCDCDC,3117,Lizarda/TO,
Recursos hídricos,28,Vazão ecológica para usos ecossistêmicos,2020,,Presente,None,Dado indisponível,#DCDCDC,5174,Loanda/PR,
Recursos hídricos,28,Vazão ecológica para usos ecossistêmicos,2020,,Presente,None,Dado indisponível,#DCDCDC,5175,Lobato/PR,
Recursos hídricos,28,Vazão ecológica para usos ecossistêmicos,2020,,Presente,None,Dado indisponível,#DCDCDC,4085,Logradouro/PB,
Recursos hídricos,28,Vazão ecológica para usos ecossistêmicos,2020,,Presente,None,Dado indisponível,#DCDCDC,1196,Lontra/MG,
Recursos hídricos,28,Vazão ecológica para usos ecossistêmicos,2020,,Presente,None,Dado indisponível,#DCDCDC,2066,Lorena/SP,
Recursos hídricos,28,Vazão ecológica para usos ecossistêmicos,2020,,Presente,None,Dado indisponível,#DCDCDC,2070,Lucianópolis/SP,
Recursos hídricos,28,Vazão ecológica para usos ecossistêmicos,2020,,Presente,None,Dado indisponível,#DCDCDC,5054,Luciara/MT,
Recursos hídricos,28,Vazão ecológica para usos ecossistêmicos,2020,,Presente,None,Dado indisponível,#DCDCDC,3887,Lucrécia/RN,
Recursos hídricos,28,Vazão ecológica para usos ecossistêmicos,2020,,Presente,None,Dado indisponível,#DCDCDC,1197,Luisburgo/MG,
Recursos hídricos,28,Vazão ecológica para usos ecossistêmicos,2020,,Presente,None,Dado indisponível,#DCDCDC,3522,Luís Correia/PI,
Recursos hídricos,28,Vazão ecológica para usos ecossistêmicos,2020,,Presente,None,Dado indisponível,#DCDCDC,3294,Luís Domingues/MA,
Recursos hídricos,28,Vazão ecológica para usos ecossistêmicos,2020,,Presente,None,Dado indisponível,#DCDCDC,3888,Luís Gomes/RN,
Recursos hídricos,28,Vazão ecológica para usos ecossistêmicos,2020,,Presente,None,Dado indisponível,#DCDCDC,2471,Luiz Alves/SC,
Recursos hídricos,28,Vazão ecológica para usos ecossistêmicos,2020,,Presente,None,Dado indisponível,#DCDCDC,1199,Luminárias/MG,
Recursos hídricos,28,Vazão ecológica para usos ecossistêmicos,2020,,Presente,None,Dado indisponível,#DCDCDC,2073,Lupércio/SP,
Recursos hídricos,28,Vazão ecológica para usos ecossistêmicos,2020,,Presente,None,Dado indisponível,#DCDCDC,2074,Lutécia/SP,
Recursos hídricos,28,Vazão ecológica para usos ecossistêmicos,2020,,Presente,None,Dado indisponível,#DCDCDC,77,Luzerna/SC,
Recursos hídricos,28,Vazão ecológica para usos ecossistêmicos,2020,,Presente,None,Dado indisponível,#DCDCDC,1720,Macaé/RJ,
Recursos hídricos,28,Vazão ecológica para usos ecossistêmicos,2020,,Presente,None,Dado indisponível,#DCDCDC,4728,Macajuba/BA,
Recursos hídricos,28,Vazão ecológica para usos ecossistêmicos,2020,,Presente,None,Dado indisponível,#DCDCDC,4523,Macambira/SE,
Recursos hídricos,28,Vazão ecológica para usos ecossistêmicos,2020,,Presente,None,Dado indisponível,#DCDCDC,5042,Macapá/AP,
Recursos hídricos,28,Vazão ecológica para usos ecossistêmicos,2020,,Presente,None,Dado indisponível,#DCDCDC,723,Macarani/BA,
Recursos hídricos,28,Vazão ecológica para usos ecossistêmicos,2020,,Presente,None,Dado indisponível,#DCDCDC,4729,Macaúbas/BA,
Recursos hídricos,28,Vazão ecológica para usos ecossistêmicos,2020,,Presente,None,Dado indisponível,#DCDCDC,2077,Macedônia/SP,
Recursos hídricos,28,Vazão ecológica para usos ecossistêmicos,2020,,Presente,None,Dado indisponível,#DCDCDC,315,Machadinho/RS,
Recursos hídricos,28,Vazão ecológica para usos ecossistêmicos,2020,,Presente,None,Dado indisponível,#DCDCDC,1202,Machado/MG,
Recursos hídricos,28,Vazão ecológica para usos ecossistêmicos,2020,,Presente,None,Dado indisponível,#DCDCDC,4306,Machados/PE,
Recursos hídricos,28,Vazão ecológica para usos ecossistêmicos,2020,,Presente,None,Dado indisponível,#DCDCDC,4918,Macieira/SC,
Recursos hídricos,28,Vazão ecológica para usos ecossistêmicos,2020,,Presente,None,Dado indisponível,#DCDCDC,1721,Macuco/RJ,
Recursos hídricos,28,Vazão ecológica para usos ecossistêmicos,2020,,Presente,None,Dado indisponível,#DCDCDC,3730,Madalena/CE,
Recursos hídricos,28,Vazão ecológica para usos ecossistêmicos,2020,,Presente,None,Dado indisponível,#DCDCDC,4731,Madre de Deus/BA,
Recursos hídricos,28,Vazão ecológica para usos ecossistêmicos,2020,,Presente,None,Dado indisponível,#DCDCDC,1203,Madre de Deus de Minas/MG,
Recursos hídricos,28,Vazão ecológica para usos ecossistêmicos,2020,,Presente,None,Dado indisponível,#DCDCDC,4087,Mãe d'Água/PB,
Recursos hídricos,28,Vazão ecológica para usos ecossistêmicos,2020,,Presente,None,Dado indisponível,#DCDCDC,2986,Mãe do Rio/PA,
Recursos hídricos,28,Vazão ecológica para usos ecossistêmicos,2020,,Presente,None,Dado indisponível,#DCDCDC,724,Maetinga/BA,
Recursos hídricos,28,Vazão ecológica para usos ecossistêmicos,2020,,Presente,None,Dado indisponível,#DCDCDC,2472,Mafra/SC,
Recursos hídricos,28,Vazão ecológica para usos ecossistêmicos,2020,,Presente,None,Dado indisponível,#DCDCDC,2987,Magalhães Barata/PA,
Recursos hídricos,28,Vazão ecológica para usos ecossistêmicos,2020,,Presente,None,Dado indisponível,#DCDCDC,1722,Magé/RJ,
Recursos hídricos,28,Vazão ecológica para usos ecossistêmicos,2020,,Presente,None,Dado indisponível,#DCDCDC,725,Maiquinique/BA,
Recursos hídricos,28,Vazão ecológica para usos ecossistêmicos,2020,,Presente,None,Dado indisponível,#DCDCDC,4732,Mairi/BA,
Recursos hídricos,28,Vazão ecológica para usos ecossistêmicos,2020,,Presente,None,Dado indisponível,#DCDCDC,2473,Major Gercino/SC,
Recursos hídricos,28,Vazão ecológica para usos ecossistêmicos,2020,,Presente,None,Dado indisponível,#DCDCDC,3891,Major Sales/RN,
Recursos hídricos,28,Vazão ecológica para usos ecossistêmicos,2020,,Presente,None,Dado indisponível,#DCDCDC,2474,Major Vieira/SC,
Recursos hídricos,28,Vazão ecológica para usos ecossistêmicos,2020,,Presente,None,Dado indisponível,#DCDCDC,1204,Malacacheta/MG,
Recursos hídricos,28,Vazão ecológica para usos ecossistêmicos,2020,,Presente,None,Dado indisponível,#DCDCDC,4525,Malhador/SE,
Recursos hídricos,28,Vazão ecológica para usos ecossistêmicos,2020,,Presente,None,Dado indisponível,#DCDCDC,5369,Mallet/PR,
Recursos hídricos,28,Vazão ecológica para usos ecossistêmicos,2020,,Presente,None,Dado indisponível,#DCDCDC,4088,Malta/PB,
Recursos hídricos,28,Vazão ecológica para usos ecossistêmicos,2020,,Presente,None,Dado indisponível,#DCDCDC,5179,Mamborê/PR,
Recursos hídricos,28,Vazão ecológica para usos ecossistêmicos,2020,,Presente,None,Dado indisponível,#DCDCDC,2599,Mampituba/RS,
Recursos hídricos,28,Vazão ecológica para usos ecossistêmicos,2020,,Presente,None,Dado indisponível,#DCDCDC,5494,Manacapuru/AM,
Recursos hídricos,28,Vazão ecológica para usos ecossistêmicos,2020,,Presente,None,Dado indisponível,#DCDCDC,5495,Manaquiri/AM,
Recursos hídricos,28,Vazão ecológica para usos ecossistêmicos,2020,,Presente,None,Dado indisponível,#DCDCDC,2830,Mâncio Lima/AC,
Recursos hídricos,28,Vazão ecológica para usos ecossistêmicos,2020,,Presente,None,Dado indisponível,#DCDCDC,5370,Mandirituba/PR,
Recursos hídricos,28,Vazão ecológica para usos ecossistêmicos,2020,,Presente,None,Dado indisponível,#DCDCDC,5182,Manfrinópolis/PR,
Recursos hídricos,28,Vazão ecológica para usos ecossistêmicos,2020,,Presente,None,Dado indisponível,#DCDCDC,1723,Mangaratiba/RJ,
Recursos hídricos,28,Vazão ecológica para usos ecossistêmicos,2020,,Presente,None,Dado indisponível,#DCDCDC,5183,Mangueirinha/PR,
Recursos hídricos,28,Vazão ecológica para usos ecossistêmicos,2020,,Presente,None,Dado indisponível,#DCDCDC,2831,Manoel Urbano/AC,
Recursos hídricos,28,Vazão ecológica para usos ecossistêmicos,2020,,Presente,None,Dado indisponível,#DCDCDC,1649,Mantenópolis/ES,
Recursos hídricos,28,Vazão ecológica para usos ecossistêmicos,2020,,Presente,None,Dado indisponível,#DCDCDC,2600,Maquiné/RS,
Recursos hídricos,28,Vazão ecológica para usos ecossistêmicos,2020,,Presente,None,Dado indisponível,#DCDCDC,5498,Maraã/AM,
Recursos hídricos,28,Vazão ecológica para usos ecossistêmicos,2020,,Presente,None,Dado indisponível,#DCDCDC,3731,Maracanaú/CE,
Recursos hídricos,28,Vazão ecológica para usos ecossistêmicos,2020,,Presente,None,Dado indisponível,#DCDCDC,4735,Maragogipe/BA,
Recursos hídricos,28,Vazão ecológica para usos ecossistêmicos,2020,,Presente,None,Dado indisponível,#DCDCDC,3732,Maranguape/CE,
Recursos hídricos,28,Vazão ecológica para usos ecossistêmicos,2020,,Presente,None,Dado indisponível,#DCDCDC,318,Maratá/RS,
Recursos hídricos,28,Vazão ecológica para usos ecossistêmicos,2020,,Presente,None,Dado indisponível,#DCDCDC,319,Marau/RS,
Recursos hídricos,28,Vazão ecológica para usos ecossistêmicos,2020,,Presente,None,Dado indisponível,#DCDCDC,78,Maravilha/SC,
Recursos hídricos,28,Vazão ecológica para usos ecossistêmicos,2020,,Presente,None,Dado indisponível,#DCDCDC,2909,Marcelândia/MT,
Recursos hídricos,28,Vazão ecológica para usos ecossistêmicos,2020,,Presente,None,Dado indisponível,#DCDCDC,320,Marcelino Ramos/RS,
Recursos hídricos,28,Vazão ecológica para usos ecossistêmicos,2020,,Presente,None,Dado indisponível,#DCDCDC,3892,Marcelino Vieira/RN,
Recursos hídricos,28,Vazão ecológica para usos ecossistêmicos,2020,,Presente,None,Dado indisponível,#DCDCDC,4736,Marcionílio Souza/BA,
Recursos hídricos,28,Vazão ecológica para usos ecossistêmicos,2020,,Presente,None,Dado indisponível,#DCDCDC,3733,Marco/CE,
Recursos hídricos,28,Vazão ecológica para usos ecossistêmicos,2020,,Presente,None,Dado indisponível,#DCDCDC,3526,Marcolândia/PI,
Recursos hídricos,28,Vazão ecológica para usos ecossistêmicos,2020,,Presente,None,Dado indisponível,#DCDCDC,1211,Mar de Espanha/MG,
Recursos hídricos,28,Vazão ecológica para usos ecossistêmicos,2020,,Presente,None,Dado indisponível,#DCDCDC,2832,Marechal Thaumaturgo/AC,
Recursos hídricos,28,Vazão ecológica para usos ecossistêmicos,2020,,Presente,None,Dado indisponível,#DCDCDC,79,Marema/SC,
Recursos hídricos,28,Vazão ecológica para usos ecossistêmicos,2020,,Presente,None,Dado indisponível,#DCDCDC,1212,Maria da Fé/MG,
Recursos hídricos,28,Vazão ecológica para usos ecossistêmicos,2020,,Presente,None,Dado indisponível,#DCDCDC,321,Mariana Pimentel/RS,
Recursos hídricos,28,Vazão ecológica para usos ecossistêmicos,2020,,Presente,None,Dado indisponível,#DCDCDC,2084,Mariápolis/SP,
Recursos hídricos,28,Vazão ecológica para usos ecossistêmicos,2020,,Presente,None,Dado indisponível,#DCDCDC,1724,Maricá/RJ,
Recursos hídricos,28,Vazão ecológica para usos ecossistêmicos,2020,,Presente,None,Dado indisponível,#DCDCDC,1652,Marilândia/ES,
Recursos hídricos,28,Vazão ecológica para usos ecossistêmicos,2020,,Presente,None,Dado indisponível,#DCDCDC,5188,Marilena/PR,
Recursos hídricos,28,Vazão ecológica para usos ecossistêmicos,2020,,Presente,None,Dado indisponível,#DCDCDC,1215,Mário Campos/MG,
Recursos hídricos,28,Vazão ecológica para usos ecossistêmicos,2020,,Presente,None,Dado indisponível,#DCDCDC,5191,Mariópolis/PR,
Recursos hídricos,28,Vazão ecológica para usos ecossistêmicos,2020,,Presente,None,Dado indisponível,#DCDCDC,1216,Maripá de Minas/MG,
Recursos hídricos,28,Vazão ecológica para usos ecossistêmicos,2020,,Presente,None,Dado indisponível,#DCDCDC,1217,Marliéria/MG,
Recursos hídricos,28,Vazão ecológica para usos ecossistêmicos,2020,,Presente,None,Dado indisponível,#DCDCDC,5193,Marmeleiro/PR,
Recursos hídricos,28,Vazão ecológica para usos ecossistêmicos,2020,,Presente,None,Dado indisponível,#DCDCDC,1218,Marmelópolis/MG,
Recursos hídricos,28,Vazão ecológica para usos ecossistêmicos,2020,,Presente,None,Dado indisponível,#DCDCDC,323,Marques de Souza/RS,
Recursos hídricos,28,Vazão ecológica para usos ecossistêmicos,2020,,Presente,None,Dado indisponível,#DCDCDC,3734,Martinópole/CE,
Recursos hídricos,28,Vazão ecológica para usos ecossistêmicos,2020,,Presente,None,Dado indisponível,#DCDCDC,2087,Martinópolis/SP,
Recursos hídricos,28,Vazão ecológica para usos ecossistêmicos,2020,,Presente,None,Dado indisponível,#DCDCDC,3893,Martins/RN,
Recursos hídricos,28,Vazão ecológica para usos ecossistêmicos,2020,,Presente,None,Dado indisponível,#DCDCDC,4526,Maruim/SE,
Recursos hídricos,28,Vazão ecológica para usos ecossistêmicos,2020,,Presente,None,Dado indisponível,#DCDCDC,2745,Marzagão/GO,
Recursos hídricos,28,Vazão ecológica para usos ecossistêmicos,2020,,Presente,None,Dado indisponível,#DCDCDC,726,Mascote/BA,
Recursos hídricos,28,Vazão ecológica para usos ecossistêmicos,2020,,Presente,None,Dado indisponível,#DCDCDC,3735,Massapê/CE,
Recursos hídricos,28,Vazão ecológica para usos ecossistêmicos,2020,,Presente,None,Dado indisponível,#DCDCDC,4094,Massaranduba/PB,
Recursos hídricos,28,Vazão ecológica para usos ecossistêmicos,2020,,Presente,None,Dado indisponível,#DCDCDC,2476,Massaranduba/SC,
Recursos hídricos,28,Vazão ecológica para usos ecossistêmicos,2020,,Presente,None,Dado indisponível,#DCDCDC,4737,Mata de São João/BA,
Recursos hídricos,28,Vazão ecológica para usos ecossistêmicos,2020,,Presente,None,Dado indisponível,#DCDCDC,3299,Mata Roma/MA,
Recursos hídricos,28,Vazão ecológica para usos ecossistêmicos,2020,,Presente,None,Dado indisponível,#DCDCDC,1221,Mata Verde/MG,
Recursos hídricos,28,Vazão ecológica para usos ecossistêmicos,2020,,Presente,None,Dado indisponível,#DCDCDC,3120,Mateiros/TO,
Recursos hídricos,28,Vazão ecológica para usos ecossistêmicos,2020,,Presente,None,Dado indisponível,#DCDCDC,1222,Materlândia/MG,
Recursos hídricos,28,Vazão ecológica para usos ecossistêmicos,2020,,Presente,None,Dado indisponível,#DCDCDC,1224,Matias Barbosa/MG,
Recursos hídricos,28,Vazão ecológica para usos ecossistêmicos,2020,,Presente,None,Dado indisponível,#DCDCDC,4738,Matina/BA,
Recursos hídricos,28,Vazão ecológica para usos ecossistêmicos,2020,,Presente,None,Dado indisponível,#DCDCDC,4096,Matinhas/PB,
Recursos hídricos,28,Vazão ecológica para usos ecossistêmicos,2020,,Presente,None,Dado indisponível,#DCDCDC,5371,Matinhos/PR,
Recursos hídricos,28,Vazão ecológica para usos ecossistêmicos,2020,,Presente,None,Dado indisponível,#DCDCDC,325,Mato Castelhano/RS,
Recursos hídricos,28,Vazão ecológica para usos ecossistêmicos,2020,,Presente,None,Dado indisponível,#DCDCDC,4097,Mato Grosso/PB,
Recursos hídricos,28,Vazão ecológica para usos ecossistêmicos,2020,,Presente,None,Dado indisponível,#DCDCDC,326,Mato Leitão/RS,
Recursos hídricos,28,Vazão ecológica para usos ecossistêmicos,2020,,Presente,None,Dado indisponível,#DCDCDC,2477,Matos Costa/SC,
Recursos hídricos,28,Vazão ecológica para usos ecossistêmicos,2020,,Presente,None,Dado indisponível,#DCDCDC,4098,Maturéia/PB,
Recursos hídricos,28,Vazão ecológica para usos ecossistêmicos,2020,,Presente,None,Dado indisponível,#DCDCDC,2089,Mauá/SP,
Recursos hídricos,28,Vazão ecológica para usos ecossistêmicos,2020,,Presente,None,Dado indisponível,#DCDCDC,5499,Maués/AM,
Recursos hídricos,28,Vazão ecológica para usos ecossistêmicos,2020,,Presente,None,Dado indisponível,#DCDCDC,3736,Mauriti/CE,
Recursos hídricos,28,Vazão ecológica para usos ecossistêmicos,2020,,Presente,None,Dado indisponível,#DCDCDC,328,Maximiliano de Almeida/RS,
Recursos hídricos,28,Vazão ecológica para usos ecossistêmicos,2020,,Presente,None,Dado indisponível,#DCDCDC,1230,Medeiros/MG,
Recursos hídricos,28,Vazão ecológica para usos ecossistêmicos,2020,,Presente,None,Dado indisponível,#DCDCDC,1231,Medina/MG,
Recursos hídricos,28,Vazão ecológica para usos ecossistêmicos,2020,,Presente,None,Dado indisponível,#DCDCDC,5033,Melgaço/PA,
Recursos hídricos,28,Vazão ecológica para usos ecossistêmicos,2020,,Presente,None,Dado indisponível,#DCDCDC,1232,Mendes Pimentel/MG,
Recursos hídricos,28,Vazão ecológica para usos ecossistêmicos,2020,,Presente,None,Dado indisponível,#DCDCDC,1725,Mendes/RJ,
Recursos hídricos,28,Vazão ecológica para usos ecossistêmicos,2020,,Presente,None,Dado indisponível,#DCDCDC,3737,Meruoca/CE,
Recursos hídricos,28,Vazão ecológica para usos ecossistêmicos,2020,,Presente,None,Dado indisponível,#DCDCDC,1234,Mesquita/MG,
Recursos hídricos,28,Vazão ecológica para usos ecossistêmicos,2020,,Presente,None,Dado indisponível,#DCDCDC,1726,Mesquita/RJ,
Recursos hídricos,28,Vazão ecológica para usos ecossistêmicos,2020,,Presente,None,Dado indisponível,#DCDCDC,4442,Messias/AL,
Recursos hídricos,28,Vazão ecológica para usos ecossistêmicos,2020,,Presente,None,Dado indisponível,#DCDCDC,3895,Messias Targino/RN,
Recursos hídricos,28,Vazão ecológica para usos ecossistêmicos,2020,,Presente,None,Dado indisponível,#DCDCDC,4739,Miguel Calmon/BA,
Recursos hídricos,28,Vazão ecológica para usos ecossistêmicos,2020,,Presente,None,Dado indisponível,#DCDCDC,3531,Miguel Leão/PI,
Recursos hídricos,28,Vazão ecológica para usos ecossistêmicos,2020,,Presente,None,Dado indisponível,#DCDCDC,1727,Miguel Pereira/RJ,
Recursos hídricos,28,Vazão ecológica para usos ecossistêmicos,2020,,Presente,None,Dado indisponível,#DCDCDC,4740,Milagres/BA,
Recursos hídricos,28,Vazão ecológica para usos ecossistêmicos,2020,,Presente,None,Dado indisponível,#DCDCDC,3738,Milagres/CE,
Recursos hídricos,28,Vazão ecológica para usos ecossistêmicos,2020,,Presente,None,Dado indisponível,#DCDCDC,3739,Milhã/CE,
Recursos hídricos,28,Vazão ecológica para usos ecossistêmicos,2020,,Presente,None,Dado indisponível,#DCDCDC,3532,Milton Brandão/PI,
Recursos hídricos,28,Vazão ecológica para usos ecossistêmicos,2020,,Presente,None,Dado indisponível,#DCDCDC,1236,Minduri/MG,
Recursos hídricos,28,Vazão ecológica para usos ecossistêmicos,2020,,Presente,None,Dado indisponível,#DCDCDC,2095,Miracatu/SP,
Recursos hídricos,28,Vazão ecológica para usos ecossistêmicos,2020,,Presente,None,Dado indisponível,#DCDCDC,1728,Miracema/RJ,
Recursos hídricos,28,Vazão ecológica para usos ecossistêmicos,2020,,Presente,None,Dado indisponível,#DCDCDC,2096,Mira Estrela/SP,
Recursos hídricos,28,Vazão ecológica para usos ecossistêmicos,2020,,Presente,None,Dado indisponível,#DCDCDC,330,Miraguaí/RS,
Recursos hídricos,28,Vazão ecológica para usos ecossistêmicos,2020,,Presente,None,Dado indisponível,#DCDCDC,3740,Miraíma/CE,
Recursos hídricos,28,Vazão ecológica para usos ecossistêmicos,2020,,Presente,None,Dado indisponível,#DCDCDC,5201,Miraselva/PR,
Recursos hídricos,28,Vazão ecológica para usos ecossistêmicos,2020,,Presente,None,Dado indisponível,#DCDCDC,628,Mirassol d'Oeste/MT,
Recursos hídricos,28,Vazão ecológica para usos ecossistêmicos,2020,,Presente,None,Dado indisponível,#DCDCDC,2479,Mirim Doce/SC,
Recursos hídricos,28,Vazão ecológica para usos ecossistêmicos,2020,,Presente,None,Dado indisponível,#DCDCDC,3741,Missão Velha/CE,
Recursos hídricos,28,Vazão ecológica para usos ecossistêmicos,2020,,Presente,None,Dado indisponível,#DCDCDC,2992,Mocajuba/PA,
Recursos hídricos,28,Vazão ecológica para usos ecossistêmicos,2020,,Presente,None,Dado indisponível,#DCDCDC,80,Modelo/SC,
Recursos hídricos,28,Vazão ecológica para usos ecossistêmicos,2020,,Presente,None,Dado indisponível,#DCDCDC,4099,Mogeiro/PB,
Recursos hídricos,28,Vazão ecológica para usos ecossistêmicos,2020,,Presente,None,Dado indisponível,#DCDCDC,4527,Moita Bonita/SE,
Recursos hídricos,28,Vazão ecológica para usos ecossistêmicos,2020,,Presente,None,Dado indisponível,#DCDCDC,2870,Mojuí dos Campos/PA,
Recursos hídricos,28,Vazão ecológica para usos ecossistêmicos,2020,,Presente,None,Dado indisponível,#DCDCDC,3742,Mombaça/CE,
Recursos hídricos,28,Vazão ecológica para usos ecossistêmicos,2020,,Presente,None,Dado indisponível,#DCDCDC,2106,Mongaguá/SP,
Recursos hídricos,28,Vazão ecológica para usos ecossistêmicos,2020,,Presente,None,Dado indisponível,#DCDCDC,1243,Monjolos/MG,
Recursos hídricos,28,Vazão ecológica para usos ecossistêmicos,2020,,Presente,None,Dado indisponível,#DCDCDC,3534,Monsenhor Hipólito/PI,
Recursos hídricos,28,Vazão ecológica para usos ecossistêmicos,2020,,Presente,None,Dado indisponível,#DCDCDC,3743,Monsenhor Tabosa/CE,
Recursos hídricos,28,Vazão ecológica para usos ecossistêmicos,2020,,Presente,None,Dado indisponível,#DCDCDC,4100,Montadas/PB,
Recursos hídricos,28,Vazão ecológica para usos ecossistêmicos,2020,,Presente,None,Dado indisponível,#DCDCDC,1245,Montalvânia/MG,
Recursos hídricos,28,Vazão ecológica para usos ecossistêmicos,2020,,Presente,None,Dado indisponível,#DCDCDC,1654,Montanha/ES,
Recursos hídricos,28,Vazão ecológica para usos ecossistêmicos,2020,,Presente,None,Dado indisponível,#DCDCDC,331,Montauri/RS,
Recursos hídricos,28,Vazão ecológica para usos ecossistêmicos,2020,,Presente,None,Dado indisponível,#DCDCDC,3535,Monte Alegre do Piauí/PI,
Recursos hídricos,28,Vazão ecológica para usos ecossistêmicos,2020,,Presente,None,Dado indisponível,#DCDCDC,2601,Monte Alegre dos Campos/RS,
Recursos hídricos,28,Vazão ecológica para usos ecossistêmicos,2020,,Presente,None,Dado indisponível,#DCDCDC,332,Monte Belo do Sul/RS,
Recursos hídricos,28,Vazão ecológica para usos ecossistêmicos,2020,,Presente,None,Dado indisponível,#DCDCDC,2480,Monte Carlo/SC,
Recursos hídricos,28,Vazão ecológica para usos ecossistêmicos,2020,,Presente,None,Dado indisponível,#DCDCDC,2481,Monte Castelo/SC,
Recursos hídricos,28,Vazão ecológica para usos ecossistêmicos,2020,,Presente,None,Dado indisponível,#DCDCDC,3898,Monte das Gameleiras/RN,
Recursos hídricos,28,Vazão ecológica para usos ecossistêmicos,2020,,Presente,None,Dado indisponível,#DCDCDC,1250,Monte Formoso/MG,
Recursos hídricos,28,Vazão ecológica para usos ecossistêmicos,2020,,Presente,None,Dado indisponível,#DCDCDC,4101,Monte Horebe/PB,
Recursos hídricos,28,Vazão ecológica para usos ecossistêmicos,2020,,Presente,None,Dado indisponível,#DCDCDC,2111,Monteiro Lobato/SP,
Recursos hídricos,28,Vazão ecológica para usos ecossistêmicos,2020,,Presente,None,Dado indisponível,#DCDCDC,4102,Monteiro/PB,
Recursos hídricos,28,Vazão ecológica para usos ecossistêmicos,2020,,Presente,None,Dado indisponível,#DCDCDC,4937,Montenegro/RS,
Recursos hídricos,28,Vazão ecológica para usos ecossistêmicos,2020,,Presente,None,Dado indisponível,#DCDCDC,4742,Monte Santo/BA,
Recursos hídricos,28,Vazão ecológica para usos ecossistêmicos,2020,,Presente,None,Dado indisponível,#DCDCDC,1251,Monte Santo de Minas/MG,
Recursos hídricos,28,Vazão ecológica para usos ecossistêmicos,2020,,Presente,None,Dado indisponível,#DCDCDC,3744,Morada Nova/CE,
Recursos hídricos,28,Vazão ecológica para usos ecossistêmicos,2020,,Presente,None,Dado indisponível,#DCDCDC,3745,Moraújo/CE,
Recursos hídricos,28,Vazão ecológica para usos ecossistêmicos,2020,,Presente,None,Dado indisponível,#DCDCDC,333,Mormaço/RS,
Recursos hídricos,28,Vazão ecológica para usos ecossistêmicos,2020,,Presente,None,Dado indisponível,#DCDCDC,4743,Morpará/BA,
Recursos hídricos,28,Vazão ecológica para usos ecossistêmicos,2020,,Presente,None,Dado indisponível,#DCDCDC,5373,Morretes/PR,
Recursos hídricos,28,Vazão ecológica para usos ecossistêmicos,2020,,Presente,None,Dado indisponível,#DCDCDC,3746,Morrinhos/CE,
Recursos hídricos,28,Vazão ecológica para usos ecossistêmicos,2020,,Presente,None,Dado indisponível,#DCDCDC,2602,Morrinhos do Sul/RS,
Recursos hídricos,28,Vazão ecológica para usos ecossistêmicos,2020,,Presente,None,Dado indisponível,#DCDCDC,2751,Morro Agudo de Goiás/GO,
Recursos hídricos,28,Vazão ecológica para usos ecossistêmicos,2020,,Presente,None,Dado indisponível,#DCDCDC,3536,Morro Cabeça no Tempo/PI,
Recursos hídricos,28,Vazão ecológica para usos ecossistêmicos,2020,,Presente,None,Dado indisponível,#DCDCDC,2482,Morro da Fumaça/SC,
Recursos hídricos,28,Vazão ecológica para usos ecossistêmicos,2020,,Presente,None,Dado indisponível,#DCDCDC,3537,Morro do Chapéu do Piauí/PI,
Recursos hídricos,28,Vazão ecológica para usos ecossistêmicos,2020,,Presente,None,Dado indisponível,#DCDCDC,1257,Morro do Pilar/MG,
Recursos hídricos,28,Vazão ecológica para usos ecossistêmicos,2020,,Presente,None,Dado indisponível,#DCDCDC,334,Morro Redondo/RS,
Recursos hídricos,28,Vazão ecológica para usos ecossistêmicos,2020,,Presente,None,Dado indisponível,#DCDCDC,2603,Morro Reuter/RS,
Recursos hídricos,28,Vazão ecológica para usos ecossistêmicos,2020,,Presente,None,Dado indisponível,#DCDCDC,2114,Morungaba/SP,
Recursos hídricos,28,Vazão ecológica para usos ecossistêmicos,2020,,Presente,None,Dado indisponível,#DCDCDC,3899,Mossoró/RN,
Recursos hídricos,28,Vazão ecológica para usos ecossistêmicos,2020,,Presente,None,Dado indisponível,#DCDCDC,2604,Mostardas/RS,
Recursos hídricos,28,Vazão ecológica para usos ecossistêmicos,2020,,Presente,None,Dado indisponível,#DCDCDC,2994,Muaná/PA,
Recursos hídricos,28,Vazão ecológica para usos ecossistêmicos,2020,,Presente,None,Dado indisponível,#DCDCDC,335,Muçum/RS,
Recursos hídricos,28,Vazão ecológica para usos ecossistêmicos,2020,,Presente,None,Dado indisponível,#DCDCDC,729,Mucuri/BA,
Recursos hídricos,28,Vazão ecológica para usos ecossistêmicos,2020,,Presente,None,Dado indisponível,#DCDCDC,1655,Mucurici/ES,
Recursos hídricos,28,Vazão ecológica para usos ecossistêmicos,2020,,Presente,None,Dado indisponível,#DCDCDC,2605,Muitos Capões/RS,
Recursos hídricos,28,Vazão ecológica para usos ecossistêmicos,2020,,Presente,None,Dado indisponível,#DCDCDC,336,Muliterno/RS,
Recursos hídricos,28,Vazão ecológica para usos ecossistêmicos,2020,,Presente,None,Dado indisponível,#DCDCDC,3748,Mulungu/CE,
Recursos hídricos,28,Vazão ecológica para usos ecossistêmicos,2020,,Presente,None,Dado indisponível,#DCDCDC,4746,Mulungu do Morro/BA,
Recursos hídricos,28,Vazão ecológica para usos ecossistêmicos,2020,,Presente,None,Dado indisponível,#DCDCDC,4103,Mulungu/PB,
Recursos hídricos,28,Vazão ecológica para usos ecossistêmicos,2020,,Presente,None,Dado indisponível,#DCDCDC,4747,Mundo Novo/BA,
Recursos hídricos,28,Vazão ecológica para usos ecossistêmicos,2020,,Presente,None,Dado indisponível,#DCDCDC,572,Mundo Novo/MS,
Recursos hídricos,28,Vazão ecológica para usos ecossistêmicos,2020,,Presente,None,Dado indisponível,#DCDCDC,5204,Munhoz de Melo/PR,
Recursos hídricos,28,Vazão ecológica para usos ecossistêmicos,2020,,Presente,None,Dado indisponível,#DCDCDC,1258,Munhoz/MG,
Recursos hídricos,28,Vazão ecológica para usos ecossistêmicos,2020,,Presente,None,Dado indisponível,#DCDCDC,4748,Muniz Ferreira/BA,
Recursos hídricos,28,Vazão ecológica para usos ecossistêmicos,2020,,Presente,None,Dado indisponível,#DCDCDC,1656,Muniz Freire/ES,
Recursos hídricos,28,Vazão ecológica para usos ecossistêmicos,2020,,Presente,None,Dado indisponível,#DCDCDC,4750,Muritiba/BA,
Recursos hídricos,28,Vazão ecológica para usos ecossistêmicos,2020,,Presente,None,Dado indisponível,#DCDCDC,4751,Mutuípe/BA,
Recursos hídricos,28,Vazão ecológica para usos ecossistêmicos,2020,,Presente,None,Dado indisponível,#DCDCDC,1260,Mutum/MG,
Recursos hídricos,28,Vazão ecológica para usos ecossistêmicos,2020,,Presente,None,Dado indisponível,#DCDCDC,1261,Muzambinho/MG,
Recursos hídricos,28,Vazão ecológica para usos ecossistêmicos,2020,,Presente,None,Dado indisponível,#DCDCDC,2117,Nantes/SP,
Recursos hídricos,28,Vazão ecológica para usos ecossistêmicos,2020,,Presente,None,Dado indisponível,#DCDCDC,1263,Nanuque/MG,
Recursos hídricos,28,Vazão ecológica para usos ecossistêmicos,2020,,Presente,None,Dado indisponível,#DCDCDC,337,Não-Me-Toque/RS,
Recursos hídricos,28,Vazão ecológica para usos ecossistêmicos,2020,,Presente,None,Dado indisponível,#DCDCDC,1264,Naque/MG,
Recursos hídricos,28,Vazão ecológica para usos ecossistêmicos,2020,,Presente,None,Dado indisponível,#DCDCDC,1266,Natércia/MG,
Recursos hídricos,28,Vazão ecológica para usos ecossistêmicos,2020,,Presente,None,Dado indisponível,#DCDCDC,2118,Natividade da Serra/SP,
Recursos hídricos,28,Vazão ecológica para usos ecossistêmicos,2020,,Presente,None,Dado indisponível,#DCDCDC,4104,Natuba/PB,
Recursos hídricos,28,Vazão ecológica para usos ecossistêmicos,2020,,Presente,None,Dado indisponível,#DCDCDC,2484,Navegantes/SC,
Recursos hídricos,28,Vazão ecológica para usos ecossistêmicos,2020,,Presente,None,Dado indisponível,#DCDCDC,4752,Nazaré/BA,
Recursos hídricos,28,Vazão ecológica para usos ecossistêmicos,2020,,Presente,None,Dado indisponível,#DCDCDC,1267,Nazareno/MG,
Recursos hídricos,28,Vazão ecológica para usos ecossistêmicos,2020,,Presente,None,Dado indisponível,#DCDCDC,3129,Nazaré/TO,
Recursos hídricos,28,Vazão ecológica para usos ecossistêmicos,2020,,Presente,None,Dado indisponível,#DCDCDC,4530,Neópolis/SE,
Recursos hídricos,28,Vazão ecológica para usos ecossistêmicos,2020,,Presente,None,Dado indisponível,#DCDCDC,5500,Nhamundá/AM,
Recursos hídricos,28,Vazão ecológica para usos ecossistêmicos,2020,,Presente,None,Dado indisponível,#DCDCDC,338,Nicolau Vergueiro/RS,
Recursos hídricos,28,Vazão ecológica para usos ecossistêmicos,2020,,Presente,None,Dado indisponível,#DCDCDC,4753,Nilo Peçanha/BA,
Recursos hídricos,28,Vazão ecológica para usos ecossistêmicos,2020,,Presente,None,Dado indisponível,#DCDCDC,1730,Nilópolis/RJ,
Recursos hídricos,28,Vazão ecológica para usos ecossistêmicos,2020,,Presente,None,Dado indisponível,#DCDCDC,574,Nioaque/MS,
Recursos hídricos,28,Vazão ecológica para usos ecossistêmicos,2020,,Presente,None,Dado indisponível,#DCDCDC,1731,Niterói/RJ,
Recursos hídricos,28,Vazão ecológica para usos ecossistêmicos,2020,,Presente,None,Dado indisponível,#DCDCDC,339,Nonoai/RS,
Recursos hídricos,28,Vazão ecológica para usos ecossistêmicos,2020,,Presente,None,Dado indisponível,#DCDCDC,4754,Nordestina/BA,
Recursos hídricos,28,Vazão ecológica para usos ecossistêmicos,2020,,Presente,None,Dado indisponível,#DCDCDC,4957,Nortelândia/MT,
Recursos hídricos,28,Vazão ecológica para usos ecossistêmicos,2020,,Presente,None,Dado indisponível,#DCDCDC,4531,Nossa Senhora Aparecida/SE,
Recursos hídricos,28,Vazão ecológica para usos ecossistêmicos,2020,,Presente,None,Dado indisponível,#DCDCDC,4533,Nossa Senhora das Dores/SE,
Recursos hídricos,28,Vazão ecológica para usos ecossistêmicos,2020,,Presente,None,Dado indisponível,#DCDCDC,5205,Nossa Senhora das Graças/PR,
Recursos hídricos,28,Vazão ecológica para usos ecossistêmicos,2020,,Presente,None,Dado indisponível,#DCDCDC,4534,Nossa Senhora de Lourdes/SE,
Recursos hídricos,28,Vazão ecológica para usos ecossistêmicos,2020,,Presente,None,Dado indisponível,#DCDCDC,4535,Nossa Senhora do Socorro/SE,
Recursos hídricos,28,Vazão ecológica para usos ecossistêmicos,2020,,Presente,None,Dado indisponível,#DCDCDC,3542,Nossa Senhora dos Remédios/PI,
Recursos hídricos,28,Vazão ecológica para usos ecossistêmicos,2020,,Presente,None,Dado indisponível,#DCDCDC,340,Nova Alvorada/RS,
Recursos hídricos,28,Vazão ecológica para usos ecossistêmicos,2020,,Presente,None,Dado indisponível,#DCDCDC,5374,Nova América da Colina/PR,
Recursos hídricos,28,Vazão ecológica para usos ecossistêmicos,2020,,Presente,None,Dado indisponível,#DCDCDC,341,Nova Araçá/RS,
Recursos hídricos,28,Vazão ecológica para usos ecossistêmicos,2020,,Presente,None,Dado indisponível,#DCDCDC,2757,Nova Aurora/GO,
Recursos hídricos,28,Vazão ecológica para usos ecossistêmicos,2020,,Presente,None,Dado indisponível,#DCDCDC,342,Nova Bassano/RS,
Recursos hídricos,28,Vazão ecológica para usos ecossistêmicos,2020,,Presente,None,Dado indisponível,#DCDCDC,1270,Nova Belém/MG,
Recursos hídricos,28,Vazão ecológica para usos ecossistêmicos,2020,,Presente,None,Dado indisponível,#DCDCDC,343,Nova Boa Vista/RS,
Recursos hídricos,28,Vazão ecológica para usos ecossistêmicos,2020,,Presente,None,Dado indisponível,#DCDCDC,630,Nova Brasilândia/MT,
Recursos hídricos,28,Vazão ecológica para usos ecossistêmicos,2020,,Presente,None,Dado indisponível,#DCDCDC,344,Nova Bréscia/RS,
Recursos hídricos,28,Vazão ecológica para usos ecossistêmicos,2020,,Presente,None,Dado indisponível,#DCDCDC,2124,Nova Campina/SP,
Recursos hídricos,28,Vazão ecológica para usos ecossistêmicos,2020,,Presente,None,Dado indisponível,#DCDCDC,730,Nova Canaã/BA,
Recursos hídricos,28,Vazão ecológica para usos ecossistêmicos,2020,,Presente,None,Dado indisponível,#DCDCDC,2913,Nova Canaã do Norte/MT,
Recursos hídricos,28,Vazão ecológica para usos ecossistêmicos,2020,,Presente,None,Dado indisponível,#DCDCDC,2995,Nova Esperança do Piriá/PA,
Recursos hídricos,28,Vazão ecológica para usos ecossistêmicos,2020,,Presente,None,Dado indisponível,#DCDCDC,5210,Nova Esperança do Sudoeste/PR,
Recursos hídricos,28,Vazão ecológica para usos ecossistêmicos,2020,,Presente,None,Dado indisponível,#DCDCDC,346,Nova Esperança do Sul/RS,
Recursos hídricos,28,Vazão ecológica para usos ecossistêmicos,2020,,Presente,None,Dado indisponível,#DCDCDC,4755,Nova Fátima/BA,
Recursos hídricos,28,Vazão ecológica para usos ecossistêmicos,2020,,Presente,None,Dado indisponível,#DCDCDC,5375,Nova Fátima/PR,
Recursos hídricos,28,Vazão ecológica para usos ecossistêmicos,2020,,Presente,None,Dado indisponível,#DCDCDC,4106,Nova Floresta/PB,
Recursos hídricos,28,Vazão ecológica para usos ecossistêmicos,2020,,Presente,None,Dado indisponível,#DCDCDC,2935,Nova Guarita/MT,
Recursos hídricos,28,Vazão ecológica para usos ecossistêmicos,2020,,Presente,None,Dado indisponível,#DCDCDC,2606,Nova Hartz/RS,
Recursos hídricos,28,Vazão ecológica para usos ecossistêmicos,2020,,Presente,None,Dado indisponível,#DCDCDC,4756,Nova Ibiá/BA,
Recursos hídricos,28,Vazão ecológica para usos ecossistêmicos,2020,,Presente,None,Dado indisponível,#DCDCDC,1733,Nova Iguaçu/RJ,
Recursos hídricos,28,Vazão ecológica para usos ecossistêmicos,2020,,Presente,None,Dado indisponível,#DCDCDC,3312,Nova Iorque/MA,
Recursos hídricos,28,Vazão ecológica para usos ecossistêmicos,2020,,Presente,None,Dado indisponível,#DCDCDC,2996,Nova Ipixuna/PA,
Recursos hídricos,28,Vazão ecológica para usos ecossistêmicos,2020,,Presente,None,Dado indisponível,#DCDCDC,83,Nova Itaberaba/SC,
Recursos hídricos,28,Vazão ecológica para usos ecossistêmicos,2020,,Presente,None,Dado indisponível,#DCDCDC,4757,Nova Itarana/BA,
Recursos hídricos,28,Vazão ecológica para usos ecossistêmicos,2020,,Presente,None,Dado indisponível,#DCDCDC,4959,Nova Lacerda/MT,
Recursos hídricos,28,Vazão ecológica para usos ecossistêmicos,2020,,Presente,None,Dado indisponível,#DCDCDC,5212,Nova Londrina/PR,
Recursos hídricos,28,Vazão ecológica para usos ecossistêmicos,2020,,Presente,None,Dado indisponível,#DCDCDC,5544,Nova Mamoré/RO,
Recursos hídricos,28,Vazão ecológica para usos ecossistêmicos,2020,,Presente,None,Dado indisponível,#DCDCDC,4965,Nova Marilândia/MT,
Recursos hídricos,28,Vazão ecológica para usos ecossistêmicos,2020,,Presente,None,Dado indisponível,#DCDCDC,1273,Nova Módica/MG,
Recursos hídricos,28,Vazão ecológica para usos ecossistêmicos,2020,,Presente,None,Dado indisponível,#DCDCDC,2937,Nova Monte Verde/MT,
Recursos hídricos,28,Vazão ecológica para usos ecossistêmicos,2020,,Presente,None,Dado indisponível,#DCDCDC,2914,Nova Mutum/MT,
Recursos hídricos,28,Vazão ecológica para usos ecossistêmicos,2020,,Presente,None,Dado indisponível,#DCDCDC,4958,Nova Nazaré/MT,
Recursos hídricos,28,Vazão ecológica para usos ecossistêmicos,2020,,Presente,None,Dado indisponível,#DCDCDC,5213,Nova Olímpia/PR,
Recursos hídricos,28,Vazão ecológica para usos ecossistêmicos,2020,,Presente,None,Dado indisponível,#DCDCDC,3749,Nova Olinda/CE,
Recursos hídricos,28,Vazão ecológica para usos ecossistêmicos,2020,,Presente,None,Dado indisponível,#DCDCDC,5501,Nova Olinda do Norte/AM,
Recursos hídricos,28,Vazão ecológica para usos ecossistêmicos,2020,,Presente,None,Dado indisponível,#DCDCDC,4107,Nova Olinda/PB,
Recursos hídricos,28,Vazão ecológica para usos ecossistêmicos,2020,,Presente,None,Dado indisponível,#DCDCDC,2607,Nova Pádua/RS,
Recursos hídricos,28,Vazão ecológica para usos ecossistêmicos,2020,,Presente,None,Dado indisponível,#DCDCDC,4108,Nova Palmeira/PB,
Recursos hídricos,28,Vazão ecológica para usos ecossistêmicos,2020,,Presente,None,Dado indisponível,#DCDCDC,2608,Nova Petrópolis/RS,
Recursos hídricos,28,Vazão ecológica para usos ecossistêmicos,2020,,Presente,None,Dado indisponível,#DCDCDC,5215,Nova Prata do Iguaçu/PR,
Recursos hídricos,28,Vazão ecológica para usos ecossistêmicos,2020,,Presente,None,Dado indisponível,#DCDCDC,348,Nova Prata/RS,
Recursos hídricos,28,Vazão ecológica para usos ecossistêmicos,2020,,Presente,None,Dado indisponível,#DCDCDC,1276,Nova Resende/MG,
Recursos hídricos,28,Vazão ecológica para usos ecossistêmicos,2020,,Presente,None,Dado indisponível,#DCDCDC,4938,Nova Roma do Sul/RS,
Recursos hídricos,28,Vazão ecológica para usos ecossistêmicos,2020,,Presente,None,Dado indisponível,#DCDCDC,3131,Nova Rosalândia/TO,
Recursos hídricos,28,Vazão ecológica para usos ecossistêmicos,2020,,Presente,None,Dado indisponível,#DCDCDC,3750,Nova Russas/CE,
Recursos hídricos,28,Vazão ecológica para usos ecossistêmicos,2020,,Presente,None,Dado indisponível,#DCDCDC,5376,Nova Santa Bárbara/PR,
Recursos hídricos,28,Vazão ecológica para usos ecossistêmicos,2020,,Presente,None,Dado indisponível,#DCDCDC,2912,Nova Santa Helena/MT,
Recursos hídricos,28,Vazão ecológica para usos ecossistêmicos,2020,,Presente,None,Dado indisponível,#DCDCDC,3562,Nova Santa Rita/PI,
Recursos hídricos,28,Vazão ecológica para usos ecossistêmicos,2020,,Presente,None,Dado indisponível,#DCDCDC,2609,Nova Santa Rita/RS,
Recursos hídricos,28,Vazão ecológica para usos ecossistêmicos,2020,,Presente,None,Dado indisponível,#DCDCDC,2997,Nova Timboteua/PA,
Recursos hídricos,28,Vazão ecológica para usos ecossistêmicos,2020,,Presente,None,Dado indisponível,#DCDCDC,2485,Nova Trento/SC,
Recursos hídricos,28,Vazão ecológica para usos ecossistêmicos,2020,,Presente,None,Dado indisponível,#DCDCDC,2486,Nova Veneza/SC,
Recursos hídricos,28,Vazão ecológica para usos ecossistêmicos,2020,,Presente,None,Dado indisponível,#DCDCDC,731,Nova Viçosa/BA,
Recursos hídricos,28,Vazão ecológica para usos ecossistêmicos,2020,,Presente,None,Dado indisponível,#DCDCDC,5502,Novo Airão/AM,
Recursos hídricos,28,Vazão ecológica para usos ecossistêmicos,2020,,Presente,None,Dado indisponível,#DCDCDC,3133,Novo Alegre/TO,
Recursos hídricos,28,Vazão ecológica para usos ecossistêmicos,2020,,Presente,None,Dado indisponível,#DCDCDC,5503,Novo Aripuanã/AM,
Recursos hídricos,28,Vazão ecológica para usos ecossistêmicos,2020,,Presente,None,Dado indisponível,#DCDCDC,354,Novo Barreiro/RS,
Recursos hídricos,28,Vazão ecológica para usos ecossistêmicos,2020,,Presente,None,Dado indisponível,#DCDCDC,350,Novo Cabrais/RS,
Recursos hídricos,28,Vazão ecológica para usos ecossistêmicos,2020,,Presente,None,Dado indisponível,#DCDCDC,1278,Novo Cruzeiro/MG,
Recursos hídricos,28,Vazão ecológica para usos ecossistêmicos,2020,,Presente,None,Dado indisponível,#DCDCDC,4760,Novo Horizonte/BA,
Recursos hídricos,28,Vazão ecológica para usos ecossistêmicos,2020,,Presente,None,Dado indisponível,#DCDCDC,5549,Novo Horizonte do Oeste/RO,
Recursos hídricos,28,Vazão ecológica para usos ecossistêmicos,2020,,Presente,None,Dado indisponível,#DCDCDC,577,Novo Horizonte do Sul/MS,
Recursos hídricos,28,Vazão ecológica para usos ecossistêmicos,2020,,Presente,None,Dado indisponível,#DCDCDC,84,Novo Horizonte/SC,
Recursos hídricos,28,Vazão ecológica para usos ecossistêmicos,2020,,Presente,None,Dado indisponível,#DCDCDC,351,Novo Machado/RS,
Recursos hídricos,28,Vazão ecológica para usos ecossistêmicos,2020,,Presente,None,Dado indisponível,#DCDCDC,2916,Novo Mundo/MT,
Recursos hídricos,28,Vazão ecológica para usos ecossistêmicos,2020,,Presente,None,Dado indisponível,#DCDCDC,1279,Novo Oriente de Minas/MG,
Recursos hídricos,28,Vazão ecológica para usos ecossistêmicos,2020,,Presente,None,Dado indisponível,#DCDCDC,3543,Novo Oriente do Piauí/PI,
Recursos hídricos,28,Vazão ecológica para usos ecossistêmicos,2020,,Presente,None,Dado indisponível,#DCDCDC,1280,Novorizonte/MG,
Recursos hídricos,28,Vazão ecológica para usos ecossistêmicos,2020,,Presente,None,Dado indisponível,#DCDCDC,4870,Novo Santo Antônio/MT,
Recursos hídricos,28,Vazão ecológica para usos ecossistêmicos,2020,,Presente,None,Dado indisponível,#DCDCDC,352,Novo Tiradentes/RS,
Recursos hídricos,28,Vazão ecológica para usos ecossistêmicos,2020,,Presente,None,Dado indisponível,#DCDCDC,4761,Novo Triunfo/BA,
Recursos hídricos,28,Vazão ecológica para usos ecossistêmicos,2020,,Presente,None,Dado indisponível,#DCDCDC,353,Novo Xingu/RS,
Recursos hídricos,28,Vazão ecológica para usos ecossistêmicos,2020,,Presente,None,Dado indisponível,#DCDCDC,2133,Nuporanga/SP,
Recursos hídricos,28,Vazão ecológica para usos ecossistêmicos,2020,,Presente,None,Dado indisponível,#DCDCDC,3752,Ocara/CE,
Recursos hídricos,28,Vazão ecológica para usos ecossistêmicos,2020,,Presente,None,Dado indisponível,#DCDCDC,2134,Ocauçu/SP,
Recursos hídricos,28,Vazão ecológica para usos ecossistêmicos,2020,,Presente,None,Dado indisponível,#DCDCDC,2999,Oeiras do Pará/PA,
Recursos hídricos,28,Vazão ecológica para usos ecossistêmicos,2020,,Presente,None,Dado indisponível,#DCDCDC,5044,Oiapoque/AP,
Recursos hídricos,28,Vazão ecológica para usos ecossistêmicos,2020,,Presente,None,Dado indisponível,#DCDCDC,2135,Óleo/SP,
Recursos hídricos,28,Vazão ecológica para usos ecossistêmicos,2020,,Presente,None,Dado indisponível,#DCDCDC,3903,Olho d'Água do Borges/RN,
Recursos hídricos,28,Vazão ecológica para usos ecossistêmicos,2020,,Presente,None,Dado indisponível,#DCDCDC,4448,Olho d'Água do Casado/AL,
Recursos hídricos,28,Vazão ecológica para usos ecossistêmicos,2020,,Presente,None,Dado indisponível,#DCDCDC,4109,Olho d'Água/PB,
Recursos hídricos,28,Vazão ecológica para usos ecossistêmicos,2020,,Presente,None,Dado indisponível,#DCDCDC,1283,Olímpio Noronha/MG,
Recursos hídricos,28,Vazão ecológica para usos ecossistêmicos,2020,,Presente,None,Dado indisponível,#DCDCDC,4110,Olivedos/PB,
Recursos hídricos,28,Vazão ecológica para usos ecossistêmicos,2020,,Presente,None,Dado indisponível,#DCDCDC,3135,Oliveira de Fátima/TO,
Recursos hídricos,28,Vazão ecológica para usos ecossistêmicos,2020,,Presente,None,Dado indisponível,#DCDCDC,4763,Oliveira dos Brejinhos/BA,
Recursos hídricos,28,Vazão ecológica para usos ecossistêmicos,2020,,Presente,None,Dado indisponível,#DCDCDC,1285,Oliveira Fortes/MG,
Recursos hídricos,28,Vazão ecológica para usos ecossistêmicos,2020,,Presente,None,Dado indisponível,#DCDCDC,1284,Oliveira/MG,
Recursos hídricos,28,Vazão ecológica para usos ecossistêmicos,2020,,Presente,None,Dado indisponível,#DCDCDC,1287,Oratórios/MG,
Recursos hídricos,28,Vazão ecológica para usos ecossistêmicos,2020,,Presente,None,Dado indisponível,#DCDCDC,2138,Oriente/SP,
Recursos hídricos,28,Vazão ecológica para usos ecossistêmicos,2020,,Presente,None,Dado indisponível,#DCDCDC,2874,Oriximiná/PA,
Recursos hídricos,28,Vazão ecológica para usos ecossistêmicos,2020,,Presente,None,Dado indisponível,#DCDCDC,1288,Orizânia/MG,
Recursos hídricos,28,Vazão ecológica para usos ecossistêmicos,2020,,Presente,None,Dado indisponível,#DCDCDC,2140,Orlândia/SP,
Recursos hídricos,28,Vazão ecológica para usos ecossistêmicos,2020,,Presente,None,Dado indisponível,#DCDCDC,4313,Orobó/PE,
Recursos hídricos,28,Vazão ecológica para usos ecossistêmicos,2020,,Presente,None,Dado indisponível,#DCDCDC,3753,Orós/CE,
Recursos hídricos,28,Vazão ecológica para usos ecossistêmicos,2020,,Presente,None,Dado indisponível,#DCDCDC,2142,Oscar Bressane/SP,
Recursos hídricos,28,Vazão ecológica para usos ecossistêmicos,2020,,Presente,None,Dado indisponível,#DCDCDC,2611,Osório/RS,
Recursos hídricos,28,Vazão ecológica para usos ecossistêmicos,2020,,Presente,None,Dado indisponível,#DCDCDC,3000,Ourém/PA,
Recursos hídricos,28,Vazão ecológica para usos ecossistêmicos,2020,,Presente,None,Dado indisponível,#DCDCDC,4764,Ouriçangas/BA,
Recursos hídricos,28,Vazão ecológica para usos ecossistêmicos,2020,,Presente,None,Dado indisponível,#DCDCDC,2144,Ourinhos/SP,
Recursos hídricos,28,Vazão ecológica para usos ecossistêmicos,2020,,Presente,None,Dado indisponível,#DCDCDC,4451,Ouro Branco/AL,
Recursos hídricos,28,Vazão ecológica para usos ecossistêmicos,2020,,Presente,None,Dado indisponível,#DCDCDC,3904,Ouro Branco/RN,
Recursos hídricos,28,Vazão ecológica para usos ecossistêmicos,2020,,Presente,None,Dado indisponível,#DCDCDC,1290,Ouro Fino/MG,
Recursos hídricos,28,Vazão ecológica para usos ecossistêmicos,2020,,Presente,None,Dado indisponível,#DCDCDC,5535,Ouro Preto do Oeste/RO,
Recursos hídricos,28,Vazão ecológica para usos ecossistêmicos,2020,,Presente,None,Dado indisponível,#DCDCDC,4111,Ouro Velho/PB,
Recursos hídricos,28,Vazão ecológica para usos ecossistêmicos,2020,,Presente,None,Dado indisponível,#DCDCDC,86,Ouro Verde/SC,
Recursos hídricos,28,Vazão ecológica para usos ecossistêmicos,2020,,Presente,None,Dado indisponível,#DCDCDC,3001,Pacajá/PA,
Recursos hídricos,28,Vazão ecológica para usos ecossistêmicos,2020,,Presente,None,Dado indisponível,#DCDCDC,3754,Pacajus/CE,
Recursos hídricos,28,Vazão ecológica para usos ecossistêmicos,2020,,Presente,None,Dado indisponível,#DCDCDC,3755,Pacatuba/CE,
Recursos hídricos,28,Vazão ecológica para usos ecossistêmicos,2020,,Presente,None,Dado indisponível,#DCDCDC,3316,Paço do Lumiar/MA,
Recursos hídricos,28,Vazão ecológica para usos ecossistêmicos,2020,,Presente,None,Dado indisponível,#DCDCDC,3756,Pacoti/CE,
Recursos hídricos,28,Vazão ecológica para usos ecossistêmicos,2020,,Presente,None,Dado indisponível,#DCDCDC,3757,Pacujá/CE,
Recursos hídricos,28,Vazão ecológica para usos ecossistêmicos,2020,,Presente,None,Dado indisponível,#DCDCDC,1294,Padre Paraíso/MG,
Recursos hídricos,28,Vazão ecológica para usos ecossistêmicos,2020,,Presente,None,Dado indisponível,#DCDCDC,87,Paial/SC,
Recursos hídricos,28,Vazão ecológica para usos ecossistêmicos,2020,,Presente,None,Dado indisponível,#DCDCDC,1295,Paineiras/MG,
Recursos hídricos,28,Vazão ecológica para usos ecossistêmicos,2020,,Presente,None,Dado indisponível,#DCDCDC,2489,Painel/SC,
Recursos hídricos,28,Vazão ecológica para usos ecossistêmicos,2020,,Presente,None,Dado indisponível,#DCDCDC,1298,Paiva/MG,
Recursos hídricos,28,Vazão ecológica para usos ecossistêmicos,2020,,Presente,None,Dado indisponível,#DCDCDC,4979,Palestina de Goiás/GO,
Recursos hídricos,28,Vazão ecológica para usos ecossistêmicos,2020,,Presente,None,Dado indisponível,#DCDCDC,3002,Palestina do Pará/PA,
Recursos hídricos,28,Vazão ecológica para usos ecossistêmicos,2020,,Presente,None,Dado indisponível,#DCDCDC,3758,Palhano/CE,
Recursos hídricos,28,Vazão ecológica para usos ecossistêmicos,2020,,Presente,None,Dado indisponível,#DCDCDC,3759,Palmácia/CE,
Recursos hídricos,28,Vazão ecológica para usos ecossistêmicos,2020,,Presente,None,Dado indisponível,#DCDCDC,1299,Palma/MG,
Recursos hídricos,28,Vazão ecológica para usos ecossistêmicos,2020,,Presente,None,Dado indisponível,#DCDCDC,2612,Palmares do Sul/RS,
Recursos hídricos,28,Vazão ecológica para usos ecossistêmicos,2020,,Presente,None,Dado indisponível,#DCDCDC,5005,Palmas de Monte Alto/BA,
Recursos hídricos,28,Vazão ecológica para usos ecossistêmicos,2020,,Presente,None,Dado indisponível,#DCDCDC,5221,Palmas/PR,
Recursos hídricos,28,Vazão ecológica para usos ecossistêmicos,2020,,Presente,None,Dado indisponível,#DCDCDC,2767,Palmelo/GO,
Recursos hídricos,28,Vazão ecológica para usos ecossistêmicos,2020,,Presente,None,Dado indisponível,#DCDCDC,2150,Palmital/SP,
Recursos hídricos,28,Vazão ecológica para usos ecossistêmicos,2020,,Presente,None,Dado indisponível,#DCDCDC,89,Palmitos/SC,
Recursos hídricos,28,Vazão ecológica para usos ecossistêmicos,2020,,Presente,None,Dado indisponível,#DCDCDC,1300,Palmópolis/MG,
Recursos hídricos,28,Vazão ecológica para usos ecossistêmicos,2020,,Presente,None,Dado indisponível,#DCDCDC,1659,Pancas/ES,
Recursos hídricos,28,Vazão ecológica para usos ecossistêmicos,2020,,Presente,None,Dado indisponível,#DCDCDC,12,Panorama/SP,
Recursos hídricos,28,Vazão ecológica para usos ecossistêmicos,2020,,Presente,None,Dado indisponível,#DCDCDC,359,Pantano Grande/RS,
Recursos hídricos,28,Vazão ecológica para usos ecossistêmicos,2020,,Presente,None,Dado indisponível,#DCDCDC,1734,Paracambi/RJ,
Recursos hídricos,28,Vazão ecológica para usos ecossistêmicos,2020,,Presente,None,Dado indisponível,#DCDCDC,3760,Paracuru/CE,
Recursos hídricos,28,Vazão ecológica para usos ecossistêmicos,2020,,Presente,None,Dado indisponível,#DCDCDC,3318,Paraibano/MA,
Recursos hídricos,28,Vazão ecológica para usos ecossistêmicos,2020,,Presente,None,Dado indisponível,#DCDCDC,2152,Paraibuna/SP,
Recursos hídricos,28,Vazão ecológica para usos ecossistêmicos,2020,,Presente,None,Dado indisponível,#DCDCDC,3761,Paraipaba/CE,
Recursos hídricos,28,Vazão ecológica para usos ecossistêmicos,2020,,Presente,None,Dado indisponível,#DCDCDC,360,Paraí/RS,
Recursos hídricos,28,Vazão ecológica para usos ecossistêmicos,2020,,Presente,None,Dado indisponível,#DCDCDC,361,Paraíso do Sul/RS,
Recursos hídricos,28,Vazão ecológica para usos ecossistêmicos,2020,,Presente,None,Dado indisponível,#DCDCDC,1305,Paraisópolis/MG,
Recursos hídricos,28,Vazão ecológica para usos ecossistêmicos,2020,,Presente,None,Dado indisponível,#DCDCDC,90,Paraíso/SC,
Recursos hídricos,28,Vazão ecológica para usos ecossistêmicos,2020,,Presente,None,Dado indisponível,#DCDCDC,4767,Paramirim/BA,
Recursos hídricos,28,Vazão ecológica para usos ecossistêmicos,2020,,Presente,None,Dado indisponível,#DCDCDC,3763,Paramoti/CE,
Recursos hídricos,28,Vazão ecológica para usos ecossistêmicos,2020,,Presente,None,Dado indisponível,#DCDCDC,5379,Paranaguá/PR,
Recursos hídricos,28,Vazão ecológica para usos ecossistêmicos,2020,,Presente,None,Dado indisponível,#DCDCDC,4946,Paranaíba/MS,
Recursos hídricos,28,Vazão ecológica para usos ecossistêmicos,2020,,Presente,None,Dado indisponível,#DCDCDC,2918,Paranaíta/MT,
Recursos hídricos,28,Vazão ecológica para usos ecossistêmicos,2020,,Presente,None,Dado indisponível,#DCDCDC,3905,Paraná/RN,
Recursos hídricos,28,Vazão ecológica para usos ecossistêmicos,2020,,Presente,None,Dado indisponível,#DCDCDC,4961,Paranatinga/MT,
Recursos hídricos,28,Vazão ecológica para usos ecossistêmicos,2020,,Presente,None,Dado indisponível,#DCDCDC,4112,Parari/PB,
Recursos hídricos,28,Vazão ecológica para usos ecossistêmicos,2020,,Presente,None,Dado indisponível,#DCDCDC,1736,Paraty/RJ,
Recursos hídricos,28,Vazão ecológica para usos ecossistêmicos,2020,,Presente,None,Dado indisponível,#DCDCDC,2157,Pardinho/SP,
Recursos hídricos,28,Vazão ecológica para usos ecossistêmicos,2020,,Presente,None,Dado indisponível,#DCDCDC,4939,Pareci Novo/RS,
Recursos hídricos,28,Vazão ecológica para usos ecossistêmicos,2020,,Presente,None,Dado indisponível,#DCDCDC,4455,Pariconha/AL,
Recursos hídricos,28,Vazão ecológica para usos ecossistêmicos,2020,,Presente,None,Dado indisponível,#DCDCDC,5504,Parintins/AM,
Recursos hídricos,28,Vazão ecológica para usos ecossistêmicos,2020,,Presente,None,Dado indisponível,#DCDCDC,4769,Paripiranga/BA,
Recursos hídricos,28,Vazão ecológica para usos ecossistêmicos,2020,,Presente,None,Dado indisponível,#DCDCDC,2158,Pariquera-Açu/SP,
Recursos hídricos,28,Vazão ecológica para usos ecossistêmicos,2020,,Presente,None,Dado indisponível,#DCDCDC,3554,Parnaíba/PI,
Recursos hídricos,28,Vazão ecológica para usos ecossistêmicos,2020,,Presente,None,Dado indisponível,#DCDCDC,2613,Parobé/RS,
Recursos hídricos,28,Vazão ecológica para usos ecossistêmicos,2020,,Presente,None,Dado indisponível,#DCDCDC,1307,Passabém/MG,
Recursos hídricos,28,Vazão ecológica para usos ecossistêmicos,2020,,Presente,None,Dado indisponível,#DCDCDC,3910,Passa e Fica/RN,
Recursos hídricos,28,Vazão ecológica para usos ecossistêmicos,2020,,Presente,None,Dado indisponível,#DCDCDC,3320,Passagem Franca/MA,
Recursos hídricos,28,Vazão ecológica para usos ecossistêmicos,2020,,Presente,None,Dado indisponível,#DCDCDC,4113,Passagem/PB,
Recursos hídricos,28,Vazão ecológica para usos ecossistêmicos,2020,,Presente,None,Dado indisponível,#DCDCDC,3911,Passagem/RN,
Recursos hídricos,28,Vazão ecológica para usos ecossistêmicos,2020,,Presente,None,Dado indisponível,#DCDCDC,362,Passa Sete/RS,
Recursos hídricos,28,Vazão ecológica para usos ecossistêmicos,2020,,Presente,None,Dado indisponível,#DCDCDC,1310,Passa Vinte/MG,
Recursos hídricos,28,Vazão ecológica para usos ecossistêmicos,2020,,Presente,None,Dado indisponível,#DCDCDC,2493,Passo de Torres/SC,
Recursos hídricos,28,Vazão ecológica para usos ecossistêmicos,2020,,Presente,None,Dado indisponível,#DCDCDC,363,Passo do Sobrado/RS,
Recursos hídricos,28,Vazão ecológica para usos ecossistêmicos,2020,,Presente,None,Dado indisponível,#DCDCDC,364,Passo Fundo/RS,
Recursos hídricos,28,Vazão ecológica para usos ecossistêmicos,2020,,Presente,None,Dado indisponível,#DCDCDC,91,Passos Maia/SC,
Recursos hídricos,28,Vazão ecológica para usos ecossistêmicos,2020,,Presente,None,Dado indisponível,#DCDCDC,3321,Pastos Bons/MA,
Recursos hídricos,28,Vazão ecológica para usos ecossistêmicos,2020,,Presente,None,Dado indisponível,#DCDCDC,5229,Pato Branco/PR,
Recursos hídricos,28,Vazão ecológica para usos ecossistêmicos,2020,,Presente,None,Dado indisponível,#DCDCDC,4114,Patos/PB,
Recursos hídricos,28,Vazão ecológica para usos ecossistêmicos,2020,,Presente,None,Dado indisponível,#DCDCDC,3912,Patu/RN,
Recursos hídricos,28,Vazão ecológica para usos ecossistêmicos,2020,,Presente,None,Dado indisponível,#DCDCDC,1737,Paty do Alferes/RJ,
Recursos hídricos,28,Vazão ecológica para usos ecossistêmicos,2020,,Presente,None,Dado indisponível,#DCDCDC,732,Pau Brasil/BA,
Recursos hídricos,28,Vazão ecológica para usos ecossistêmicos,2020,,Presente,None,Dado indisponível,#DCDCDC,3557,Pau D'Arco do Piauí/PI,
Recursos hídricos,28,Vazão ecológica para usos ecossistêmicos,2020,,Presente,None,Dado indisponível,#DCDCDC,3914,Pau dos Ferros/RN,
Recursos hídricos,28,Vazão ecológica para usos ecossistêmicos,2020,,Presente,None,Dado indisponível,#DCDCDC,5505,Pauini/AM,
Recursos hídricos,28,Vazão ecológica para usos ecossistêmicos,2020,,Presente,None,Dado indisponível,#DCDCDC,1316,Paula Cândido/MG,
Recursos hídricos,28,Vazão ecológica para usos ecossistêmicos,2020,,Presente,None,Dado indisponível,#DCDCDC,5380,Paula Freitas/PR,
Recursos hídricos,28,Vazão ecológica para usos ecossistêmicos,2020,,Presente,None,Dado indisponível,#DCDCDC,1317,Paulistas/MG,
Recursos hídricos,28,Vazão ecológica para usos ecossistêmicos,2020,,Presente,None,Dado indisponível,#DCDCDC,5381,Paulo Frontin/PR,
Recursos hídricos,28,Vazão ecológica para usos ecossistêmicos,2020,,Presente,None,Dado indisponível,#DCDCDC,1318,Pavão/MG,
Recursos hídricos,28,Vazão ecológica para usos ecossistêmicos,2020,,Presente,None,Dado indisponível,#DCDCDC,366,Paverama/RS,
Recursos hídricos,28,Vazão ecológica para usos ecossistêmicos,2020,,Presente,None,Dado indisponível,#DCDCDC,1320,Pedra Azul/MG,
Recursos hídricos,28,Vazão ecológica para usos ecossistêmicos,2020,,Presente,None,Dado indisponível,#DCDCDC,3764,Pedra Branca/CE,
Recursos hídricos,28,Vazão ecológica para usos ecossistêmicos,2020,,Presente,None,Dado indisponível,#DCDCDC,4116,Pedra Branca/PB,
Recursos hídricos,28,Vazão ecológica para usos ecossistêmicos,2020,,Presente,None,Dado indisponível,#DCDCDC,1322,Pedra do Anta/MG,
Recursos hídricos,28,Vazão ecológica para usos ecossistêmicos,2020,,Presente,None,Dado indisponível,#DCDCDC,1323,Pedra do Indaiá/MG,
Recursos hídricos,28,Vazão ecológica para usos ecossistêmicos,2020,,Presente,None,Dado indisponível,#DCDCDC,1324,Pedra Dourada/MG,
Recursos hídricos,28,Vazão ecológica para usos ecossistêmicos,2020,,Presente,None,Dado indisponível,#DCDCDC,4117,Pedra Lavrada/PB,
Recursos hídricos,28,Vazão ecológica para usos ecossistêmicos,2020,,Presente,None,Dado indisponível,#DCDCDC,1325,Pedralva/MG,
Recursos hídricos,28,Vazão ecológica para usos ecossistêmicos,2020,,Presente,None,Dado indisponível,#DCDCDC,4537,Pedra Mole/SE,
Recursos hídricos,28,Vazão ecológica para usos ecossistêmicos,2020,,Presente,None,Dado indisponível,#DCDCDC,4772,Pedrão/BA,
Recursos hídricos,28,Vazão ecológica para usos ecossistêmicos,2020,,Presente,None,Dado indisponível,#DCDCDC,633,Pedra Preta/MT,
Recursos hídricos,28,Vazão ecológica para usos ecossistêmicos,2020,,Presente,None,Dado indisponível,#DCDCDC,3916,Pedra Preta/RN,
Recursos hídricos,28,Vazão ecológica para usos ecossistêmicos,2020,,Presente,None,Dado indisponível,#DCDCDC,367,Pedras Altas/RS,
Recursos hídricos,28,Vazão ecológica para usos ecossistêmicos,2020,,Presente,None,Dado indisponível,#DCDCDC,2169,Pedrinhas Paulista/SP,
Recursos hídricos,28,Vazão ecológica para usos ecossistêmicos,2020,,Presente,None,Dado indisponível,#DCDCDC,4538,Pedrinhas/SE,
Recursos hídricos,28,Vazão ecológica para usos ecossistêmicos,2020,,Presente,None,Dado indisponível,#DCDCDC,4773,Pedro Alexandre/BA,
Recursos hídricos,28,Vazão ecológica para usos ecossistêmicos,2020,,Presente,None,Dado indisponível,#DCDCDC,3917,Pedro Avelino/RN,
Recursos hídricos,28,Vazão ecológica para usos ecossistêmicos,2020,,Presente,None,Dado indisponível,#DCDCDC,1660,Pedro Canário/ES,
Recursos hídricos,28,Vazão ecológica para usos ecossistêmicos,2020,,Presente,None,Dado indisponível,#DCDCDC,2170,Pedro de Toledo/SP,
Recursos hídricos,28,Vazão ecológica para usos ecossistêmicos,2020,,Presente,None,Dado indisponível,#DCDCDC,580,Pedro Gomes/MS,
Recursos hídricos,28,Vazão ecológica para usos ecossistêmicos,2020,,Presente,None,Dado indisponível,#DCDCDC,3560,Pedro II/PI,
Recursos hídricos,28,Vazão ecológica para usos ecossistêmicos,2020,,Presente,None,Dado indisponível,#DCDCDC,3561,Pedro Laurentino/PI,
Recursos hídricos,28,Vazão ecológica para usos ecossistêmicos,2020,,Presente,None,Dado indisponível,#DCDCDC,368,Pedro Osório/RS,
Recursos hídricos,28,Vazão ecológica para usos ecossistêmicos,2020,,Presente,None,Dado indisponível,#DCDCDC,2496,Penha/SC,
Recursos hídricos,28,Vazão ecológica para usos ecossistêmicos,2020,,Presente,None,Dado indisponível,#DCDCDC,3766,Pentecoste/CE,
Recursos hídricos,28,Vazão ecológica para usos ecossistêmicos,2020,,Presente,None,Dado indisponível,#DCDCDC,1330,Pequeri/MG,
Recursos hídricos,28,Vazão ecológica para usos ecossistêmicos,2020,,Presente,None,Dado indisponível,#DCDCDC,1331,Pequi/MG,
Recursos hídricos,28,Vazão ecológica para usos ecossistêmicos,2020,,Presente,None,Dado indisponível,#DCDCDC,1332,Perdigão/MG,
Recursos hídricos,28,Vazão ecológica para usos ecossistêmicos,2020,,Presente,None,Dado indisponível,#DCDCDC,1334,Perdões/MG,
Recursos hídricos,28,Vazão ecológica para usos ecossistêmicos,2020,,Presente,None,Dado indisponível,#DCDCDC,2173,Pereiras/SP,
Recursos hídricos,28,Vazão ecológica para usos ecossistêmicos,2020,,Presente,None,Dado indisponível,#DCDCDC,3767,Pereiro/CE,
Recursos hídricos,28,Vazão ecológica para usos ecossistêmicos,2020,,Presente,None,Dado indisponível,#DCDCDC,1335,Periquito/MG,
Recursos hídricos,28,Vazão ecológica para usos ecossistêmicos,2020,,Presente,None,Dado indisponível,#DCDCDC,92,Peritiba/SC,
Recursos hídricos,28,Vazão ecológica para usos ecossistêmicos,2020,,Presente,None,Dado indisponível,#DCDCDC,5231,Perobal/PR,
Recursos hídricos,28,Vazão ecológica para usos ecossistêmicos,2020,,Presente,None,Dado indisponível,#DCDCDC,5233,Pérola d'Oeste/PR,
Recursos hídricos,28,Vazão ecológica para usos ecossistêmicos,2020,,Presente,None,Dado indisponível,#DCDCDC,2174,Peruíbe/SP,
Recursos hídricos,28,Vazão ecológica para usos ecossistêmicos,2020,,Presente,None,Dado indisponível,#DCDCDC,1336,Pescador/MG,
Recursos hídricos,28,Vazão ecológica para usos ecossistêmicos,2020,,Presente,None,Dado indisponível,#DCDCDC,2498,Petrolândia/SC,
Recursos hídricos,28,Vazão ecológica para usos ecossistêmicos,2020,,Presente,None,Dado indisponível,#DCDCDC,1738,Petrópolis/RJ,
Recursos hídricos,28,Vazão ecológica para usos ecossistêmicos,2020,,Presente,None,Dado indisponível,#DCDCDC,1337,Piau/MG,
Recursos hídricos,28,Vazão ecológica para usos ecossistêmicos,2020,,Presente,None,Dado indisponível,#DCDCDC,2614,Picada Café/RS,
Recursos hídricos,28,Vazão ecológica para usos ecossistêmicos,2020,,Presente,None,Dado indisponível,#DCDCDC,1338,Piedade de Caratinga/MG,
Recursos hídricos,28,Vazão ecológica para usos ecossistêmicos,2020,,Presente,None,Dado indisponível,#DCDCDC,1339,Piedade de Ponte Nova/MG,
Recursos hídricos,28,Vazão ecológica para usos ecossistêmicos,2020,,Presente,None,Dado indisponível,#DCDCDC,1340,Piedade do Rio Grande/MG,
Recursos hídricos,28,Vazão ecológica para usos ecossistêmicos,2020,,Presente,None,Dado indisponível,#DCDCDC,1341,Piedade dos Gerais/MG,
Recursos hídricos,28,Vazão ecológica para usos ecossistêmicos,2020,,Presente,None,Dado indisponível,#DCDCDC,5382,Piên/PR,
Recursos hídricos,28,Vazão ecológica para usos ecossistêmicos,2020,,Presente,None,Dado indisponível,#DCDCDC,4122,Pilões/PB,
Recursos hídricos,28,Vazão ecológica para usos ecossistêmicos,2020,,Presente,None,Dado indisponível,#DCDCDC,3920,Pilões/RN,
Recursos hídricos,28,Vazão ecológica para usos ecossistêmicos,2020,,Presente,None,Dado indisponível,#DCDCDC,4123,Pilõezinhos/PB,
Recursos hídricos,28,Vazão ecológica para usos ecossistêmicos,2020,,Presente,None,Dado indisponível,#DCDCDC,1342,Pimenta/MG,
Recursos hídricos,28,Vazão ecológica para usos ecossistêmicos,2020,,Presente,None,Dado indisponível,#DCDCDC,733,Pindaí/BA,
Recursos hídricos,28,Vazão ecológica para usos ecossistêmicos,2020,,Presente,None,Dado indisponível,#DCDCDC,2178,Pindamonhangaba/SP,
Recursos hídricos,28,Vazão ecológica para usos ecossistêmicos,2020,,Presente,None,Dado indisponível,#DCDCDC,3145,Pindorama do Tocantins/TO,
Recursos hídricos,28,Vazão ecológica para usos ecossistêmicos,2020,,Presente,None,Dado indisponível,#DCDCDC,3768,Pindoretama/CE,
Recursos hídricos,28,Vazão ecológica para usos ecossistêmicos,2020,,Presente,None,Dado indisponível,#DCDCDC,1343,Pingo d'Água/MG,
Recursos hídricos,28,Vazão ecológica para usos ecossistêmicos,2020,,Presente,None,Dado indisponível,#DCDCDC,2615,Pinhal da Serra/RS,
Recursos hídricos,28,Vazão ecológica para usos ecossistêmicos,2020,,Presente,None,Dado indisponível,#DCDCDC,5234,Pinhal de São Bento/PR,
Recursos hídricos,28,Vazão ecológica para usos ecossistêmicos,2020,,Presente,None,Dado indisponível,#DCDCDC,371,Pinhal/RS,
Recursos hídricos,28,Vazão ecológica para usos ecossistêmicos,2020,,Presente,None,Dado indisponível,#DCDCDC,2180,Pinhalzinho/SP,
Recursos hídricos,28,Vazão ecológica para usos ecossistêmicos,2020,,Presente,None,Dado indisponível,#DCDCDC,4539,Pinhão/SE,
Recursos hídricos,28,Vazão ecológica para usos ecossistêmicos,2020,,Presente,None,Dado indisponível,#DCDCDC,1739,Pinheiral/RJ,
Recursos hídricos,28,Vazão ecológica para usos ecossistêmicos,2020,,Presente,None,Dado indisponível,#DCDCDC,1661,Pinheiros/ES,
Recursos hídricos,28,Vazão ecológica para usos ecossistêmicos,2020,,Presente,None,Dado indisponível,#DCDCDC,4777,Pintadas/BA,
Recursos hídricos,28,Vazão ecológica para usos ecossistêmicos,2020,,Presente,None,Dado indisponível,#DCDCDC,4940,Pinto Bandeira/RS,
Recursos hídricos,28,Vazão ecológica para usos ecossistêmicos,2020,,Presente,None,Dado indisponível,#DCDCDC,3769,Piquet Carneiro/CE,
Recursos hídricos,28,Vazão ecológica para usos ecossistêmicos,2020,,Presente,None,Dado indisponível,#DCDCDC,2181,Piquete/SP,
Recursos hídricos,28,Vazão ecológica para usos ecossistêmicos,2020,,Presente,None,Dado indisponível,#DCDCDC,4778,Piraí do Norte/BA,
Recursos hídricos,28,Vazão ecológica para usos ecossistêmicos,2020,,Presente,None,Dado indisponível,#DCDCDC,5385,Piraí do Sul/PR,
Recursos hídricos,28,Vazão ecológica para usos ecossistêmicos,2020,,Presente,None,Dado indisponível,#DCDCDC,1740,Piraí/RJ,
Recursos hídricos,28,Vazão ecológica para usos ecossistêmicos,2020,,Presente,None,Dado indisponível,#DCDCDC,1347,Piranga/MG,
Recursos hídricos,28,Vazão ecológica para usos ecossistêmicos,2020,,Presente,None,Dado indisponível,#DCDCDC,1348,Piranguçu/MG,
Recursos hídricos,28,Vazão ecológica para usos ecossistêmicos,2020,,Presente,None,Dado indisponível,#DCDCDC,3332,Pirapemas/MA,
Recursos hídricos,28,Vazão ecológica para usos ecossistêmicos,2020,,Presente,None,Dado indisponível,#DCDCDC,1350,Pirapetinga/MG,
Recursos hídricos,28,Vazão ecológica para usos ecossistêmicos,2020,,Presente,None,Dado indisponível,#DCDCDC,376,Piratini/RS,
Recursos hídricos,28,Vazão ecológica para usos ecossistêmicos,2020,,Presente,None,Dado indisponível,#DCDCDC,94,Piratuba/SC,
Recursos hídricos,28,Vazão ecológica para usos ecossistêmicos,2020,,Presente,None,Dado indisponível,#DCDCDC,1352,Piraúba/MG,
Recursos hídricos,28,Vazão ecológica para usos ecossistêmicos,2020,,Presente,None,Dado indisponível,#DCDCDC,3770,Pires Ferreira/CE,
Recursos hídricos,28,Vazão ecológica para usos ecossistêmicos,2020,,Presente,None,Dado indisponível,#DCDCDC,4779,Piritiba/BA,
Recursos hídricos,28,Vazão ecológica para usos ecossistêmicos,2020,,Presente,None,Dado indisponível,#DCDCDC,4124,Pirpirituba/PB,
Recursos hídricos,28,Vazão ecológica para usos ecossistêmicos,2020,,Presente,None,Dado indisponível,#DCDCDC,1662,Piúma/ES,
Recursos hídricos,28,Vazão ecológica para usos ecossistêmicos,2020,,Presente,None,Dado indisponível,#DCDCDC,2875,Placas/PA,
Recursos hídricos,28,Vazão ecológica para usos ecossistêmicos,2020,,Presente,None,Dado indisponível,#DCDCDC,2833,Plácido de Castro/AC,
Recursos hídricos,28,Vazão ecológica para usos ecossistêmicos,2020,,Presente,None,Dado indisponível,#DCDCDC,4780,Planaltino/BA,
Recursos hídricos,28,Vazão ecológica para usos ecossistêmicos,2020,,Presente,None,Dado indisponível,#DCDCDC,95,Planalto Alegre/SC,
Recursos hídricos,28,Vazão ecológica para usos ecossistêmicos,2020,,Presente,None,Dado indisponível,#DCDCDC,735,Planalto/BA,
Recursos hídricos,28,Vazão ecológica para usos ecossistêmicos,2020,,Presente,None,Dado indisponível,#DCDCDC,634,Planalto da Serra/MT,
Recursos hídricos,28,Vazão ecológica para usos ecossistêmicos,2020,,Presente,None,Dado indisponível,#DCDCDC,5238,Planalto/PR,
Recursos hídricos,28,Vazão ecológica para usos ecossistêmicos,2020,,Presente,None,Dado indisponível,#DCDCDC,377,Planalto/RS,
Recursos hídricos,28,Vazão ecológica para usos ecossistêmicos,2020,,Presente,None,Dado indisponível,#DCDCDC,2192,Platina/SP,
Recursos hídricos,28,Vazão ecológica para usos ecossistêmicos,2020,,Presente,None,Dado indisponível,#DCDCDC,2193,Poá/SP,
Recursos hídricos,28,Vazão ecológica para usos ecossistêmicos,2020,,Presente,None,Dado indisponível,#DCDCDC,4328,Poção/PE,
Recursos hídricos,28,Vazão ecológica para usos ecossistêmicos,2020,,Presente,None,Dado indisponível,#DCDCDC,4126,Pocinhos/PB,
Recursos hídricos,28,Vazão ecológica para usos ecossistêmicos,2020,,Presente,None,Dado indisponível,#DCDCDC,4127,Poço Dantas/PB,
Recursos hídricos,28,Vazão ecológica para usos ecossistêmicos,2020,,Presente,None,Dado indisponível,#DCDCDC,378,Poço das Antas/RS,
Recursos hídricos,28,Vazão ecológica para usos ecossistêmicos,2020,,Presente,None,Dado indisponível,#DCDCDC,4128,Poço de José de Moura/PB,
Recursos hídricos,28,Vazão ecológica para usos ecossistêmicos,2020,,Presente,None,Dado indisponível,#DCDCDC,736,Poções/BA,
Recursos hídricos,28,Vazão ecológica para usos ecossistêmicos,2020,,Presente,None,Dado indisponível,#DCDCDC,1358,Pocrane/MG,
Recursos hídricos,28,Vazão ecológica para usos ecossistêmicos,2020,,Presente,None,Dado indisponível,#DCDCDC,4781,Pojuca/BA,
Recursos hídricos,28,Vazão ecológica para usos ecossistêmicos,2020,,Presente,None,Dado indisponível,#DCDCDC,2501,Pomerode/SC,
Recursos hídricos,28,Vazão ecológica para usos ecossistêmicos,2020,,Presente,None,Dado indisponível,#DCDCDC,2195,Pompéia/SP,
Recursos hídricos,28,Vazão ecológica para usos ecossistêmicos,2020,,Presente,None,Dado indisponível,#DCDCDC,3008,Ponta de Pedras/PA,
Recursos hídricos,28,Vazão ecológica para usos ecossistêmicos,2020,,Presente,None,Dado indisponível,#DCDCDC,636,Pontal do Araguaia/MT,
Recursos hídricos,28,Vazão ecológica para usos ecossistêmicos,2020,,Presente,None,Dado indisponível,#DCDCDC,5388,Pontal do Paraná/PR,
Recursos hídricos,28,Vazão ecológica para usos ecossistêmicos,2020,,Presente,None,Dado indisponível,#DCDCDC,2503,Ponte Alta do Norte/SC,
Recursos hídricos,28,Vazão ecológica para usos ecossistêmicos,2020,,Presente,None,Dado indisponível,#DCDCDC,3149,Ponte Alta do Tocantins/TO,
Recursos hídricos,28,Vazão ecológica para usos ecossistêmicos,2020,,Presente,None,Dado indisponível,#DCDCDC,2502,Ponte Alta/SC,
Recursos hídricos,28,Vazão ecológica para usos ecossistêmicos,2020,,Presente,None,Dado indisponível,#DCDCDC,637,Ponte Branca/MT,
Recursos hídricos,28,Vazão ecológica para usos ecossistêmicos,2020,,Presente,None,Dado indisponível,#DCDCDC,380,Ponte Preta/RS,
Recursos hídricos,28,Vazão ecológica para usos ecossistêmicos,2020,,Presente,None,Dado indisponível,#DCDCDC,96,Ponte Serrada/SC,
Recursos hídricos,28,Vazão ecológica para usos ecossistêmicos,2020,,Presente,None,Dado indisponível,#DCDCDC,1663,Ponto Belo/ES,
Recursos hídricos,28,Vazão ecológica para usos ecossistêmicos,2020,,Presente,None,Dado indisponível,#DCDCDC,1361,Ponto Chique/MG,
Recursos hídricos,28,Vazão ecológica para usos ecossistêmicos,2020,,Presente,None,Dado indisponível,#DCDCDC,1362,Ponto dos Volantes/MG,
Recursos hídricos,28,Vazão ecológica para usos ecossistêmicos,2020,,Presente,None,Dado indisponível,#DCDCDC,4782,Ponto Novo/BA,
Recursos hídricos,28,Vazão ecológica para usos ecossistêmicos,2020,,Presente,None,Dado indisponível,#DCDCDC,2201,Porangaba/SP,
Recursos hídricos,28,Vazão ecológica para usos ecossistêmicos,2020,,Presente,None,Dado indisponível,#DCDCDC,5452,Porecatu/PR,
Recursos hídricos,28,Vazão ecológica para usos ecossistêmicos,2020,,Presente,None,Dado indisponível,#DCDCDC,3922,Portalegre/RN,
Recursos hídricos,28,Vazão ecológica para usos ecossistêmicos,2020,,Presente,None,Dado indisponível,#DCDCDC,2616,Portão/RS,
Recursos hídricos,28,Vazão ecológica para usos ecossistêmicos,2020,,Presente,None,Dado indisponível,#DCDCDC,3772,Porteiras/CE,
Recursos hídricos,28,Vazão ecológica para usos ecossistêmicos,2020,,Presente,None,Dado indisponível,#DCDCDC,667,Portelândia/GO,
Recursos hídricos,28,Vazão ecológica para usos ecossistêmicos,2020,,Presente,None,Dado indisponível,#DCDCDC,2842,Porto Acre/AC,
Recursos hídricos,28,Vazão ecológica para usos ecossistêmicos,2020,,Presente,None,Dado indisponível,#DCDCDC,5239,Porto Barreiro/PR,
Recursos hídricos,28,Vazão ecológica para usos ecossistêmicos,2020,,Presente,None,Dado indisponível,#DCDCDC,2504,Porto Belo/SC,
Recursos hídricos,28,Vazão ecológica para usos ecossistêmicos,2020,,Presente,None,Dado indisponível,#DCDCDC,3923,Porto do Mangue/RN,
Recursos hídricos,28,Vazão ecológica para usos ecossistêmicos,2020,,Presente,None,Dado indisponível,#DCDCDC,1364,Porto Firme/MG,
Recursos hídricos,28,Vazão ecológica para usos ecossistêmicos,2020,,Presente,None,Dado indisponível,#DCDCDC,382,Porto Mauá/RS,
Recursos hídricos,28,Vazão ecológica para usos ecossistêmicos,2020,,Presente,None,Dado indisponível,#DCDCDC,4467,Porto Real do Colégio/AL,
Recursos hídricos,28,Vazão ecológica para usos ecossistêmicos,2020,,Presente,None,Dado indisponível,#DCDCDC,1742,Porto Real/RJ,
Recursos hídricos,28,Vazão ecológica para usos ecossistêmicos,2020,,Presente,None,Dado indisponível,#DCDCDC,3335,Porto Rico do Maranhão/MA,
Recursos hídricos,28,Vazão ecológica para usos ecossistêmicos,2020,,Presente,None,Dado indisponível,#DCDCDC,2505,Porto União/SC,
Recursos hídricos,28,Vazão ecológica para usos ecossistêmicos,2020,,Presente,None,Dado indisponível,#DCDCDC,5537,Porto Velho/RO,
Recursos hídricos,28,Vazão ecológica para usos ecossistêmicos,2020,,Presente,None,Dado indisponível,#DCDCDC,5390,Porto Vitória/PR,
Recursos hídricos,28,Vazão ecológica para usos ecossistêmicos,2020,,Presente,None,Dado indisponível,#DCDCDC,2834,Porto Walter/AC,
Recursos hídricos,28,Vazão ecológica para usos ecossistêmicos,2020,,Presente,None,Dado indisponível,#DCDCDC,3773,Potengi/CE,
Recursos hídricos,28,Vazão ecológica para usos ecossistêmicos,2020,,Presente,None,Dado indisponível,#DCDCDC,2204,Potim/SP,
Recursos hídricos,28,Vazão ecológica para usos ecossistêmicos,2020,,Presente,None,Dado indisponível,#DCDCDC,738,Potiraguá/BA,
Recursos hídricos,28,Vazão ecológica para usos ecossistêmicos,2020,,Presente,None,Dado indisponível,#DCDCDC,3774,Potiretama/CE,
Recursos hídricos,28,Vazão ecológica para usos ecossistêmicos,2020,,Presente,None,Dado indisponível,#DCDCDC,1367,Pouso Alto/MG,
Recursos hídricos,28,Vazão ecológica para usos ecossistêmicos,2020,,Presente,None,Dado indisponível,#DCDCDC,385,Pouso Novo/RS,
Recursos hídricos,28,Vazão ecológica para usos ecossistêmicos,2020,,Presente,None,Dado indisponível,#DCDCDC,2506,Pouso Redondo/SC,
Recursos hídricos,28,Vazão ecológica para usos ecossistêmicos,2020,,Presente,None,Dado indisponível,#DCDCDC,2206,Pracinha/SP,
Recursos hídricos,28,Vazão ecológica para usos ecossistêmicos,2020,,Presente,None,Dado indisponível,#DCDCDC,5046,Pracuúba/AP,
Recursos hídricos,28,Vazão ecológica para usos ecossistêmicos,2020,,Presente,None,Dado indisponível,#DCDCDC,5453,Prado Ferreira/PR,
Recursos hídricos,28,Vazão ecológica para usos ecossistêmicos,2020,,Presente,None,Dado indisponível,#DCDCDC,1368,Prados/MG,
Recursos hídricos,28,Vazão ecológica para usos ecossistêmicos,2020,,Presente,None,Dado indisponível,#DCDCDC,2507,Praia Grande/SC,
Recursos hídricos,28,Vazão ecológica para usos ecossistêmicos,2020,,Presente,None,Dado indisponível,#DCDCDC,2208,Praia Grande/SP,
Recursos hídricos,28,Vazão ecológica para usos ecossistêmicos,2020,,Presente,None,Dado indisponível,#DCDCDC,3152,Praia Norte/TO,
Recursos hídricos,28,Vazão ecológica para usos ecossistêmicos,2020,,Presente,None,Dado indisponível,#DCDCDC,5241,Pranchita/PR,
Recursos hídricos,28,Vazão ecológica para usos ecossistêmicos,2020,,Presente,None,Dado indisponível,#DCDCDC,3570,Prata do Piauí/PI,
Recursos hídricos,28,Vazão ecológica para usos ecossistêmicos,2020,,Presente,None,Dado indisponível,#DCDCDC,4130,Prata/PB,
Recursos hídricos,28,Vazão ecológica para usos ecossistêmicos,2020,,Presente,None,Dado indisponível,#DCDCDC,4783,Presidente Dutra/BA,
Recursos hídricos,28,Vazão ecológica para usos ecossistêmicos,2020,,Presente,None,Dado indisponível,#DCDCDC,5506,Presidente Figueiredo/AM,
Recursos hídricos,28,Vazão ecológica para usos ecossistêmicos,2020,,Presente,None,Dado indisponível,#DCDCDC,1374,Presidente Kubitschek/MG,
Recursos hídricos,28,Vazão ecológica para usos ecossistêmicos,2020,,Presente,None,Dado indisponível,#DCDCDC,2618,Presidente Lucena/RS,
Recursos hídricos,28,Vazão ecológica para usos ecossistêmicos,2020,,Presente,None,Dado indisponível,#DCDCDC,2509,Presidente Nereu/SC,
Recursos hídricos,28,Vazão ecológica para usos ecossistêmicos,2020,,Presente,None,Dado indisponível,#DCDCDC,3339,Presidente Sarney/MA,
Recursos hídricos,28,Vazão ecológica para usos ecossistêmicos,2020,,Presente,None,Dado indisponível,#DCDCDC,4784,Presidente Tancredo Neves/BA,
Recursos hídricos,28,Vazão ecológica para usos ecossistêmicos,2020,,Presente,None,Dado indisponível,#DCDCDC,3340,Presidente Vargas/MA,
Recursos hídricos,28,Vazão ecológica para usos ecossistêmicos,2020,,Presente,None,Dado indisponível,#DCDCDC,5564,Primavera de Rondônia/RO,
Recursos hídricos,28,Vazão ecológica para usos ecossistêmicos,2020,,Presente,None,Dado indisponível,#DCDCDC,3009,Primavera/PA,
Recursos hídricos,28,Vazão ecológica para usos ecossistêmicos,2020,,Presente,None,Dado indisponível,#DCDCDC,5391,Primeiro de Maio/PR,
Recursos hídricos,28,Vazão ecológica para usos ecossistêmicos,2020,,Presente,None,Dado indisponível,#DCDCDC,98,Princesa/SC,
Recursos hídricos,28,Vazão ecológica para usos ecossistêmicos,2020,,Presente,None,Dado indisponível,#DCDCDC,386,Progresso/RS,
Recursos hídricos,28,Vazão ecológica para usos ecossistêmicos,2020,,Presente,None,Dado indisponível,#DCDCDC,387,Protásio Alves/RS,
Recursos hídricos,28,Vazão ecológica para usos ecossistêmicos,2020,,Presente,None,Dado indisponível,#DCDCDC,1377,Prudente de Morais/MG,
Recursos hídricos,28,Vazão ecológica para usos ecossistêmicos,2020,,Presente,None,Dado indisponível,#DCDCDC,3154,Pugmil/TO,
Recursos hídricos,28,Vazão ecológica para usos ecossistêmicos,2020,,Presente,None,Dado indisponível,#DCDCDC,388,Putinga/RS,
Recursos hídricos,28,Vazão ecológica para usos ecossistêmicos,2020,,Presente,None,Dado indisponível,#DCDCDC,4132,Puxinanã/PB,
Recursos hídricos,28,Vazão ecológica para usos ecossistêmicos,2020,,Presente,None,Dado indisponível,#DCDCDC,5393,Quatiguá/PR,
Recursos hídricos,28,Vazão ecológica para usos ecossistêmicos,2020,,Presente,None,Dado indisponível,#DCDCDC,3010,Quatipuru/PA,
Recursos hídricos,28,Vazão ecológica para usos ecossistêmicos,2020,,Presente,None,Dado indisponível,#DCDCDC,1743,Quatis/RJ,
Recursos hídricos,28,Vazão ecológica para usos ecossistêmicos,2020,,Presente,None,Dado indisponível,#DCDCDC,5394,Quatro Barras/PR,
Recursos hídricos,28,Vazão ecológica para usos ecossistêmicos,2020,,Presente,None,Dado indisponível,#DCDCDC,5245,Quedas do Iguaçu/PR,
Recursos hídricos,28,Vazão ecológica para usos ecossistêmicos,2020,,Presente,None,Dado indisponível,#DCDCDC,4133,Queimadas/PB,
Recursos hídricos,28,Vazão ecológica para usos ecossistêmicos,2020,,Presente,None,Dado indisponível,#DCDCDC,1744,Queimados/RJ,
Recursos hídricos,28,Vazão ecológica para usos ecossistêmicos,2020,,Presente,None,Dado indisponível,#DCDCDC,1379,Queluzito/MG,
Recursos hídricos,28,Vazão ecológica para usos ecossistêmicos,2020,,Presente,None,Dado indisponível,#DCDCDC,2215,Queluz/SP,
Recursos hídricos,28,Vazão ecológica para usos ecossistêmicos,2020,,Presente,None,Dado indisponível,#DCDCDC,2921,Querência/MT,
Recursos hídricos,28,Vazão ecológica para usos ecossistêmicos,2020,,Presente,None,Dado indisponível,#DCDCDC,4786,Quijingue/BA,
Recursos hídricos,28,Vazão ecológica para usos ecossistêmicos,2020,,Presente,None,Dado indisponível,#DCDCDC,2216,Quintana/SP,
Recursos hídricos,28,Vazão ecológica para usos ecossistêmicos,2020,,Presente,None,Dado indisponível,#DCDCDC,392,Quinze de Novembro/RS,
Recursos hídricos,28,Vazão ecológica para usos ecossistêmicos,2020,,Presente,None,Dado indisponível,#DCDCDC,1745,Quissamã/RJ,
Recursos hídricos,28,Vazão ecológica para usos ecossistêmicos,2020,,Presente,None,Dado indisponível,#DCDCDC,5395,Quitandinha/PR,
Recursos hídricos,28,Vazão ecológica para usos ecossistêmicos,2020,,Presente,None,Dado indisponível,#DCDCDC,4134,Quixaba/PB,
Recursos hídricos,28,Vazão ecológica para usos ecossistêmicos,2020,,Presente,None,Dado indisponível,#DCDCDC,3776,Quixadá/CE,
Recursos hídricos,28,Vazão ecológica para usos ecossistêmicos,2020,,Presente,None,Dado indisponível,#DCDCDC,3777,Quixelô/CE,
Recursos hídricos,28,Vazão ecológica para usos ecossistêmicos,2020,,Presente,None,Dado indisponível,#DCDCDC,3778,Quixeramobim/CE,
Recursos hídricos,28,Vazão ecológica para usos ecossistêmicos,2020,,Presente,None,Dado indisponível,#DCDCDC,3779,Quixeré/CE,
Recursos hídricos,28,Vazão ecológica para usos ecossistêmicos,2020,,Presente,None,Dado indisponível,#DCDCDC,3926,Rafael Fernandes/RN,
Recursos hídricos,28,Vazão ecológica para usos ecossistêmicos,2020,,Presente,None,Dado indisponível,#DCDCDC,3927,Rafael Godeiro/RN,
Recursos hídricos,28,Vazão ecológica para usos ecossistêmicos,2020,,Presente,None,Dado indisponível,#DCDCDC,4788,Rafael Jambeiro/BA,
Recursos hídricos,28,Vazão ecológica para usos ecossistêmicos,2020,,Presente,None,Dado indisponível,#DCDCDC,5396,Rancho Alegre/PR,
Recursos hídricos,28,Vazão ecológica para usos ecossistêmicos,2020,,Presente,None,Dado indisponível,#DCDCDC,2510,Rancho Queimado/SC,
Recursos hídricos,28,Vazão ecológica para usos ecossistêmicos,2020,,Presente,None,Dado indisponível,#DCDCDC,3342,Raposa/MA,
Recursos hídricos,28,Vazão ecológica para usos ecossistêmicos,2020,,Presente,None,Dado indisponível,#DCDCDC,5250,Realeza/PR,
Recursos hídricos,28,Vazão ecológica para usos ecossistêmicos,2020,,Presente,None,Dado indisponível,#DCDCDC,5397,Rebouças/PR,
Recursos hídricos,28,Vazão ecológica para usos ecossistêmicos,2020,,Presente,None,Dado indisponível,#DCDCDC,1382,Recreio/MG,
Recursos hídricos,28,Vazão ecológica para usos ecossistêmicos,2020,,Presente,None,Dado indisponível,#DCDCDC,3155,Recursolândia/TO,
Recursos hídricos,28,Vazão ecológica para usos ecossistêmicos,2020,,Presente,None,Dado indisponível,#DCDCDC,3780,Redenção/CE,
Recursos hídricos,28,Vazão ecológica para usos ecossistêmicos,2020,,Presente,None,Dado indisponível,#DCDCDC,2219,Redenção da Serra/SP,
Recursos hídricos,28,Vazão ecológica para usos ecossistêmicos,2020,,Presente,None,Dado indisponível,#DCDCDC,2220,Regente Feijó/SP,
Recursos hídricos,28,Vazão ecológica para usos ecossistêmicos,2020,,Presente,None,Dado indisponível,#DCDCDC,394,Relvado/RS,
Recursos hídricos,28,Vazão ecológica para usos ecossistêmicos,2020,,Presente,None,Dado indisponível,#DCDCDC,4135,Remígio/PB,
Recursos hídricos,28,Vazão ecológica para usos ecossistêmicos,2020,,Presente,None,Dado indisponível,#DCDCDC,5251,Renascença/PR,
Recursos hídricos,28,Vazão ecológica para usos ecossistêmicos,2020,,Presente,None,Dado indisponível,#DCDCDC,3781,Reriutaba/CE,
Recursos hídricos,28,Vazão ecológica para usos ecossistêmicos,2020,,Presente,None,Dado indisponível,#DCDCDC,1746,Resende/RJ,
Recursos hídricos,28,Vazão ecológica para usos ecossistêmicos,2020,,Presente,None,Dado indisponível,#DCDCDC,644,Reserva do Cabaçal/MT,
Recursos hídricos,28,Vazão ecológica para usos ecossistêmicos,2020,,Presente,None,Dado indisponível,#DCDCDC,5252,Reserva do Iguaçu/PR,
Recursos hídricos,28,Vazão ecológica para usos ecossistêmicos,2020,,Presente,None,Dado indisponível,#DCDCDC,1386,Ressaquinha/MG,
Recursos hídricos,28,Vazão ecológica para usos ecossistêmicos,2020,,Presente,None,Dado indisponível,#DCDCDC,395,Restinga Sêca/RS,
Recursos hídricos,28,Vazão ecológica para usos ecossistêmicos,2020,,Presente,None,Dado indisponível,#DCDCDC,4790,Retirolândia/BA,
Recursos hídricos,28,Vazão ecológica para usos ecossistêmicos,2020,,Presente,None,Dado indisponível,#DCDCDC,4138,Riachão do Bacamarte/PB,
Recursos hídricos,28,Vazão ecológica para usos ecossistêmicos,2020,,Presente,None,Dado indisponível,#DCDCDC,4545,Riachão do Dantas/SE,
Recursos hídricos,28,Vazão ecológica para usos ecossistêmicos,2020,,Presente,None,Dado indisponível,#DCDCDC,4137,Riachão/PB,
Recursos hídricos,28,Vazão ecológica para usos ecossistêmicos,2020,,Presente,None,Dado indisponível,#DCDCDC,3928,Riacho da Cruz/RN,
Recursos hídricos,28,Vazão ecológica para usos ecossistêmicos,2020,,Presente,None,Dado indisponível,#DCDCDC,4793,Riacho de Santana/BA,
Recursos hídricos,28,Vazão ecológica para usos ecossistêmicos,2020,,Presente,None,Dado indisponível,#DCDCDC,3929,Riacho de Santana/RN,
Recursos hídricos,28,Vazão ecológica para usos ecossistêmicos,2020,,Presente,None,Dado indisponível,#DCDCDC,4140,Riacho de Santo Antônio/PB,
Recursos hídricos,28,Vazão ecológica para usos ecossistêmicos,2020,,Presente,None,Dado indisponível,#DCDCDC,3930,Riachuelo/RN,
Recursos hídricos,28,Vazão ecológica para usos ecossistêmicos,2020,,Presente,None,Dado indisponível,#DCDCDC,4546,Riachuelo/SE,
Recursos hídricos,28,Vazão ecológica para usos ecossistêmicos,2020,,Presente,None,Dado indisponível,#DCDCDC,2226,Ribeirão Branco/SP,
Recursos hídricos,28,Vazão ecológica para usos ecossistêmicos,2020,,Presente,None,Dado indisponível,#DCDCDC,5056,Ribeirão Cascalheira/MT,
Recursos hídricos,28,Vazão ecológica para usos ecossistêmicos,2020,,Presente,None,Dado indisponível,#DCDCDC,5399,Ribeirão Claro/PR,
Recursos hídricos,28,Vazão ecológica para usos ecossistêmicos,2020,,Presente,None,Dado indisponível,#DCDCDC,5400,Ribeirão do Pinhal/PR,
Recursos hídricos,28,Vazão ecológica para usos ecossistêmicos,2020,,Presente,None,Dado indisponível,#DCDCDC,18,Ribeirão dos Índios/SP,
Recursos hídricos,28,Vazão ecológica para usos ecossistêmicos,2020,,Presente,None,Dado indisponível,#DCDCDC,2228,Ribeirão do Sul/SP,
Recursos hídricos,28,Vazão ecológica para usos ecossistêmicos,2020,,Presente,None,Dado indisponível,#DCDCDC,2229,Ribeirão Grande/SP,
Recursos hídricos,28,Vazão ecológica para usos ecossistêmicos,2020,,Presente,None,Dado indisponível,#DCDCDC,2230,Ribeirão Pires/SP,
Recursos hídricos,28,Vazão ecológica para usos ecossistêmicos,2020,,Presente,None,Dado indisponível,#DCDCDC,1390,Ribeirão Vermelho/MG,
Recursos hídricos,28,Vazão ecológica para usos ecossistêmicos,2020,,Presente,None,Dado indisponível,#DCDCDC,645,Ribeirãozinho/MT,
Recursos hídricos,28,Vazão ecológica para usos ecossistêmicos,2020,,Presente,None,Dado indisponível,#DCDCDC,2224,Ribeira/SP,
Recursos hídricos,28,Vazão ecológica para usos ecossistêmicos,2020,,Presente,None,Dado indisponível,#DCDCDC,3576,Ribeiro Gonçalves/PI,
Recursos hídricos,28,Vazão ecológica para usos ecossistêmicos,2020,,Presente,None,Dado indisponível,#DCDCDC,4547,Ribeirópolis/SE,
Recursos hídricos,28,Vazão ecológica para usos ecossistêmicos,2020,,Presente,None,Dado indisponível,#DCDCDC,2233,Rifaina/SP,
Recursos hídricos,28,Vazão ecológica para usos ecossistêmicos,2020,,Presente,None,Dado indisponível,#DCDCDC,5401,Rio Azul/PR,
Recursos hídricos,28,Vazão ecológica para usos ecossistêmicos,2020,,Presente,None,Dado indisponível,#DCDCDC,5253,Rio Bonito do Iguaçu/PR,
Recursos hídricos,28,Vazão ecológica para usos ecossistêmicos,2020,,Presente,None,Dado indisponível,#DCDCDC,1747,Rio Bonito/RJ,
Recursos hídricos,28,Vazão ecológica para usos ecossistêmicos,2020,,Presente,None,Dado indisponível,#DCDCDC,5455,Rio Branco do Ivaí/PR,
Recursos hídricos,28,Vazão ecológica para usos ecossistêmicos,2020,,Presente,None,Dado indisponível,#DCDCDC,5402,Rio Branco do Sul/PR,
Recursos hídricos,28,Vazão ecológica para usos ecossistêmicos,2020,,Presente,None,Dado indisponível,#DCDCDC,646,Rio Branco/MT,
Recursos hídricos,28,Vazão ecológica para usos ecossistêmicos,2020,,Presente,None,Dado indisponível,#DCDCDC,1392,Rio Casca/MG,
Recursos hídricos,28,Vazão ecológica para usos ecossistêmicos,2020,,Presente,None,Dado indisponível,#DCDCDC,5539,Rio Crespo/RO,
Recursos hídricos,28,Vazão ecológica para usos ecossistêmicos,2020,,Presente,None,Dado indisponível,#DCDCDC,3157,Rio da Conceição/TO,
Recursos hídricos,28,Vazão ecológica para usos ecossistêmicos,2020,,Presente,None,Dado indisponível,#DCDCDC,2511,Rio das Antas/SC,
Recursos hídricos,28,Vazão ecológica para usos ecossistêmicos,2020,,Presente,None,Dado indisponível,#DCDCDC,1750,Rio das Ostras/RJ,
Recursos hídricos,28,Vazão ecológica para usos ecossistêmicos,2020,,Presente,None,Dado indisponível,#DCDCDC,1751,Rio de Janeiro/RJ,
Recursos hídricos,28,Vazão ecológica para usos ecossistêmicos,2020,,Presente,None,Dado indisponível,#DCDCDC,4797,Rio do Pires/BA,
Recursos hídricos,28,Vazão ecológica para usos ecossistêmicos,2020,,Presente,None,Dado indisponível,#DCDCDC,1394,Rio do Prado/MG,
Recursos hídricos,28,Vazão ecológica para usos ecossistêmicos,2020,,Presente,None,Dado indisponível,#DCDCDC,3158,Rio dos Bois/TO,
Recursos hídricos,28,Vazão ecológica para usos ecossistêmicos,2020,,Presente,None,Dado indisponível,#DCDCDC,2514,Rio dos Cedros/SC,
Recursos hídricos,28,Vazão ecológica para usos ecossistêmicos,2020,,Presente,None,Dado indisponível,#DCDCDC,396,Rio dos Índios/RS,
Recursos hídricos,28,Vazão ecológica para usos ecossistêmicos,2020,,Presente,None,Dado indisponível,#DCDCDC,2238,Rio Grande da Serra/SP,
Recursos hídricos,28,Vazão ecológica para usos ecossistêmicos,2020,,Presente,None,Dado indisponível,#DCDCDC,3577,Rio Grande do Piauí/PI,
Recursos hídricos,28,Vazão ecológica para usos ecossistêmicos,2020,,Presente,None,Dado indisponível,#DCDCDC,5403,Rio Negro/PR,
Recursos hídricos,28,Vazão ecológica para usos ecossistêmicos,2020,,Presente,None,Dado indisponível,#DCDCDC,1666,Rio Novo do Sul/ES,
Recursos hídricos,28,Vazão ecológica para usos ecossistêmicos,2020,,Presente,None,Dado indisponível,#DCDCDC,1397,Rio Novo/MG,
Recursos hídricos,28,Vazão ecológica para usos ecossistêmicos,2020,,Presente,None,Dado indisponível,#DCDCDC,5507,Rio Preto da Eva/AM,
Recursos hídricos,28,Vazão ecológica para usos ecossistêmicos,2020,,Presente,None,Dado indisponível,#DCDCDC,2518,Rio Rufino/SC,
Recursos hídricos,28,Vazão ecológica para usos ecossistêmicos,2020,,Presente,None,Dado indisponível,#DCDCDC,3159,Rio Sono/TO,
Recursos hídricos,28,Vazão ecológica para usos ecossistêmicos,2020,,Presente,None,Dado indisponível,#DCDCDC,2619,Riozinho/RS,
Recursos hídricos,28,Vazão ecológica para usos ecossistêmicos,2020,,Presente,None,Dado indisponível,#DCDCDC,1404,Ritápolis/MG,
Recursos hídricos,28,Vazão ecológica para usos ecossistêmicos,2020,,Presente,None,Dado indisponível,#DCDCDC,2232,Riversul/SP,
Recursos hídricos,28,Vazão ecológica para usos ecossistêmicos,2020,,Presente,None,Dado indisponível,#DCDCDC,399,Roca Sales/RS,
Recursos hídricos,28,Vazão ecológica para usos ecossistêmicos,2020,,Presente,None,Dado indisponível,#DCDCDC,1405,Rochedo de Minas/MG,
Recursos hídricos,28,Vazão ecológica para usos ecossistêmicos,2020,,Presente,None,Dado indisponível,#DCDCDC,2519,Rodeio/SC,
Recursos hídricos,28,Vazão ecológica para usos ecossistêmicos,2020,,Presente,None,Dado indisponível,#DCDCDC,1406,Rodeiro/MG,
Recursos hídricos,28,Vazão ecológica para usos ecossistêmicos,2020,,Presente,None,Dado indisponível,#DCDCDC,3931,Rodolfo Fernandes/RN,
Recursos hídricos,28,Vazão ecológica para usos ecossistêmicos,2020,,Presente,None,Dado indisponível,#DCDCDC,2836,Rodrigues Alves/AC,
Recursos hídricos,28,Vazão ecológica para usos ecossistêmicos,2020,,Presente,None,Dado indisponível,#DCDCDC,5456,Rolândia/PR,
Recursos hídricos,28,Vazão ecológica para usos ecossistêmicos,2020,,Presente,None,Dado indisponível,#DCDCDC,2620,Rolante/RS,
Recursos hídricos,28,Vazão ecológica para usos ecossistêmicos,2020,,Presente,None,Dado indisponível,#DCDCDC,650,Rondonópolis/MT,
Recursos hídricos,28,Vazão ecológica para usos ecossistêmicos,2020,,Presente,None,Dado indisponível,#DCDCDC,19,Rosana/SP,
Recursos hídricos,28,Vazão ecológica para usos ecossistêmicos,2020,,Presente,None,Dado indisponível,#DCDCDC,4548,Rosário do Catete/SE,
Recursos hídricos,28,Vazão ecológica para usos ecossistêmicos,2020,,Presente,None,Dado indisponível,#DCDCDC,5404,Rosário do Ivaí/PR,
Recursos hídricos,28,Vazão ecológica para usos ecossistêmicos,2020,,Presente,None,Dado indisponível,#DCDCDC,2240,Roseira/SP,
Recursos hídricos,28,Vazão ecológica para usos ecossistêmicos,2020,,Presente,None,Dado indisponível,#DCDCDC,1410,Rubim/MG,
Recursos hídricos,28,Vazão ecológica para usos ecossistêmicos,2020,,Presente,None,Dado indisponível,#DCDCDC,2878,Rurópolis/PA,
Recursos hídricos,28,Vazão ecológica para usos ecossistêmicos,2020,,Presente,None,Dado indisponível,#DCDCDC,3782,Russas/CE,
Recursos hídricos,28,Vazão ecológica para usos ecossistêmicos,2020,,Presente,None,Dado indisponível,#DCDCDC,4800,Ruy Barbosa/BA,
Recursos hídricos,28,Vazão ecológica para usos ecossistêmicos,2020,,Presente,None,Dado indisponível,#DCDCDC,3933,Ruy Barbosa/RN,
Recursos hídricos,28,Vazão ecológica para usos ecossistêmicos,2020,,Presente,None,Dado indisponível,#DCDCDC,1412,Sabinópolis/MG,
Recursos hídricos,28,Vazão ecológica para usos ecossistêmicos,2020,,Presente,None,Dado indisponível,#DCDCDC,406,Sagrada Família/RS,
Recursos hídricos,28,Vazão ecológica para usos ecossistêmicos,2020,,Presente,None,Dado indisponível,#DCDCDC,2244,Sagres/SP,
Recursos hídricos,28,Vazão ecológica para usos ecossistêmicos,2020,,Presente,None,Dado indisponível,#DCDCDC,4337,Sairé/PE,
Recursos hídricos,28,Vazão ecológica para usos ecossistêmicos,2020,,Presente,None,Dado indisponível,#DCDCDC,407,Saldanha Marinho/RS,
Recursos hídricos,28,Vazão ecológica para usos ecossistêmicos,2020,,Presente,None,Dado indisponível,#DCDCDC,2246,Sales Oliveira/SP,
Recursos hídricos,28,Vazão ecológica para usos ecossistêmicos,2020,,Presente,None,Dado indisponível,#DCDCDC,4143,Salgadinho/PB,
Recursos hídricos,28,Vazão ecológica para usos ecossistêmicos,2020,,Presente,None,Dado indisponível,#DCDCDC,4338,Salgadinho/PE,
Recursos hídricos,28,Vazão ecológica para usos ecossistêmicos,2020,,Presente,None,Dado indisponível,#DCDCDC,4144,Salgado de São Félix/PB,
Recursos hídricos,28,Vazão ecológica para usos ecossistêmicos,2020,,Presente,None,Dado indisponível,#DCDCDC,5257,Salgado Filho/PR,
Recursos hídricos,28,Vazão ecológica para usos ecossistêmicos,2020,,Presente,None,Dado indisponível,#DCDCDC,4549,Salgado/SE,
Recursos hídricos,28,Vazão ecológica para usos ecossistêmicos,2020,,Presente,None,Dado indisponível,#DCDCDC,4801,Salinas da Margarida/BA,
Recursos hídricos,28,Vazão ecológica para usos ecossistêmicos,2020,,Presente,None,Dado indisponível,#DCDCDC,3014,Salinópolis/PA,
Recursos hídricos,28,Vazão ecológica para usos ecossistêmicos,2020,,Presente,None,Dado indisponível,#DCDCDC,102,Saltinho/SC,
Recursos hídricos,28,Vazão ecológica para usos ecossistêmicos,2020,,Presente,None,Dado indisponível,#DCDCDC,1415,Salto da Divisa/MG,
Recursos hídricos,28,Vazão ecológica para usos ecossistêmicos,2020,,Presente,None,Dado indisponível,#DCDCDC,5405,Salto do Itararé/PR,
Recursos hídricos,28,Vazão ecológica para usos ecossistêmicos,2020,,Presente,None,Dado indisponível,#DCDCDC,408,Salto do Jacuí/RS,
Recursos hídricos,28,Vazão ecológica para usos ecossistêmicos,2020,,Presente,None,Dado indisponível,#DCDCDC,5258,Salto do Lontra/PR,
Recursos hídricos,28,Vazão ecológica para usos ecossistêmicos,2020,,Presente,None,Dado indisponível,#DCDCDC,2252,Salto Grande/SP,
Recursos hídricos,28,Vazão ecológica para usos ecossistêmicos,2020,,Presente,None,Dado indisponível,#DCDCDC,4919,Salto Veloso/SC,
Recursos hídricos,28,Vazão ecológica para usos ecossistêmicos,2020,,Presente,None,Dado indisponível,#DCDCDC,4802,Salvador/BA,
Recursos hídricos,28,Vazão ecológica para usos ecossistêmicos,2020,,Presente,None,Dado indisponível,#DCDCDC,409,Salvador das Missões/RS,
Recursos hídricos,28,Vazão ecológica para usos ecossistêmicos,2020,,Presente,None,Dado indisponível,#DCDCDC,410,Salvador do Sul/RS,
Recursos hídricos,28,Vazão ecológica para usos ecossistêmicos,2020,,Presente,None,Dado indisponível,#DCDCDC,3015,Salvaterra/PA,
Recursos hídricos,28,Vazão ecológica para usos ecossistêmicos,2020,,Presente,None,Dado indisponível,#DCDCDC,20,Sandovalina/SP,
Recursos hídricos,28,Vazão ecológica para usos ecossistêmicos,2020,,Presente,None,Dado indisponível,#DCDCDC,2521,Sangão/SC,
Recursos hídricos,28,Vazão ecológica para usos ecossistêmicos,2020,,Presente,None,Dado indisponível,#DCDCDC,4341,Sanharó/PE,
Recursos hídricos,28,Vazão ecológica para usos ecossistêmicos,2020,,Presente,None,Dado indisponível,#DCDCDC,5406,Santa Amélia/PR,
Recursos hídricos,28,Vazão ecológica para usos ecossistêmicos,2020,,Presente,None,Dado indisponível,#DCDCDC,4803,Santa Bárbara/BA,
Recursos hídricos,28,Vazão ecológica para usos ecossistêmicos,2020,,Presente,None,Dado indisponível,#DCDCDC,1418,Santa Bárbara do Monte Verde/MG,
Recursos hídricos,28,Vazão ecológica para usos ecossistêmicos,2020,,Presente,None,Dado indisponível,#DCDCDC,1419,Santa Bárbara do Tugúrio/MG,
Recursos hídricos,28,Vazão ecológica para usos ecossistêmicos,2020,,Presente,None,Dado indisponível,#DCDCDC,2256,Santa Branca/SP,
Recursos hídricos,28,Vazão ecológica para usos ecossistêmicos,2020,,Presente,None,Dado indisponível,#DCDCDC,4804,Santa Brígida/BA,
Recursos hídricos,28,Vazão ecológica para usos ecossistêmicos,2020,,Presente,None,Dado indisponível,#DCDCDC,2922,Santa Carmem/MT,
Recursos hídricos,28,Vazão ecológica para usos ecossistêmicos,2020,,Presente,None,Dado indisponível,#DCDCDC,5407,Santa Cecília do Pavão/PR,
Recursos hídricos,28,Vazão ecológica para usos ecossistêmicos,2020,,Presente,None,Dado indisponível,#DCDCDC,4145,Santa Cecília/PB,
Recursos hídricos,28,Vazão ecológica para usos ecossistêmicos,2020,,Presente,None,Dado indisponível,#DCDCDC,2522,Santa Cecília/SC,
Recursos hídricos,28,Vazão ecológica para usos ecossistêmicos,2020,,Presente,None,Dado indisponível,#DCDCDC,414,Santa Clara do Sul/RS,
Recursos hídricos,28,Vazão ecológica para usos ecossistêmicos,2020,,Presente,None,Dado indisponível,#DCDCDC,742,Santa Cruz Cabrália/BA,
Recursos hídricos,28,Vazão ecológica para usos ecossistêmicos,2020,,Presente,None,Dado indisponível,#DCDCDC,2259,Santa Cruz da Esperança/SP,
Recursos hídricos,28,Vazão ecológica para usos ecossistêmicos,2020,,Presente,None,Dado indisponível,#DCDCDC,743,Santa Cruz da Vitória/BA,
Recursos hídricos,28,Vazão ecológica para usos ecossistêmicos,2020,,Presente,None,Dado indisponível,#DCDCDC,2787,Santa Cruz de Goiás/GO,
Recursos hídricos,28,Vazão ecológica para usos ecossistêmicos,2020,,Presente,None,Dado indisponível,#DCDCDC,1420,Santa Cruz de Minas/MG,
Recursos hídricos,28,Vazão ecológica para usos ecossistêmicos,2020,,Presente,None,Dado indisponível,#DCDCDC,1421,Santa Cruz de Salinas/MG,
Recursos hídricos,28,Vazão ecológica para usos ecossistêmicos,2020,,Presente,None,Dado indisponível,#DCDCDC,3017,Santa Cruz do Arari/PA,
Recursos hídricos,28,Vazão ecológica para usos ecossistêmicos,2020,,Presente,None,Dado indisponível,#DCDCDC,4344,Santa Cruz do Capibaribe/PE,
Recursos hídricos,28,Vazão ecológica para usos ecossistêmicos,2020,,Presente,None,Dado indisponível,#DCDCDC,415,Santa Cruz do Sul/RS,
Recursos hídricos,28,Vazão ecológica para usos ecossistêmicos,2020,,Presente,None,Dado indisponível,#DCDCDC,2926,Santa Cruz do Xingu/MT,
Recursos hídricos,28,Vazão ecológica para usos ecossistêmicos,2020,,Presente,None,Dado indisponível,#DCDCDC,4146,Santa Cruz/PB,
Recursos hídricos,28,Vazão ecológica para usos ecossistêmicos,2020,,Presente,None,Dado indisponível,#DCDCDC,3934,Santa Cruz/RN,
Recursos hídricos,28,Vazão ecológica para usos ecossistêmicos,2020,,Presente,None,Dado indisponível,#DCDCDC,1423,Santa Efigênia de Minas/MG,
Recursos hídricos,28,Vazão ecológica para usos ecossistêmicos,2020,,Presente,None,Dado indisponível,#DCDCDC,2262,Santa Ernestina/SP,
Recursos hídricos,28,Vazão ecológica para usos ecossistêmicos,2020,,Presente,None,Dado indisponível,#DCDCDC,3162,Santa Fé do Araguaia/TO,
Recursos hídricos,28,Vazão ecológica para usos ecossistêmicos,2020,,Presente,None,Dado indisponível,#DCDCDC,5260,Santa Fé/PR,
Recursos hídricos,28,Vazão ecológica para usos ecossistêmicos,2020,,Presente,None,Dado indisponível,#DCDCDC,3580,Santa Filomena/PI,
Recursos hídricos,28,Vazão ecológica para usos ecossistêmicos,2020,,Presente,None,Dado indisponível,#DCDCDC,1425,Santa Helena de Minas/MG,
Recursos hídricos,28,Vazão ecológica para usos ecossistêmicos,2020,,Presente,None,Dado indisponível,#DCDCDC,4147,Santa Helena/PB,
Recursos hídricos,28,Vazão ecológica para usos ecossistêmicos,2020,,Presente,None,Dado indisponível,#DCDCDC,103,Santa Helena/SC,
Recursos hídricos,28,Vazão ecológica para usos ecossistêmicos,2020,,Presente,None,Dado indisponível,#DCDCDC,4805,Santa Inês/BA,
Recursos hídricos,28,Vazão ecológica para usos ecossistêmicos,2020,,Presente,None,Dado indisponível,#DCDCDC,4148,Santa Inês/PB,
Recursos hídricos,28,Vazão ecológica para usos ecossistêmicos,2020,,Presente,None,Dado indisponível,#DCDCDC,5262,Santa Inês/PR,
Recursos hídricos,28,Vazão ecológica para usos ecossistêmicos,2020,,Presente,None,Dado indisponível,#DCDCDC,5508,Santa Isabel do Rio Negro/AM,
Recursos hídricos,28,Vazão ecológica para usos ecossistêmicos,2020,,Presente,None,Dado indisponível,#DCDCDC,2265,Santa Isabel/SP,
Recursos hídricos,28,Vazão ecológica para usos ecossistêmicos,2020,,Presente,None,Dado indisponível,#DCDCDC,5264,Santa Izabel do Oeste/PR,
Recursos hídricos,28,Vazão ecológica para usos ecossistêmicos,2020,,Presente,None,Dado indisponível,#DCDCDC,5265,Santa Lúcia/PR,
Recursos hídricos,28,Vazão ecológica para usos ecossistêmicos,2020,,Presente,None,Dado indisponível,#DCDCDC,4806,Santaluz/BA,
Recursos hídricos,28,Vazão ecológica para usos ecossistêmicos,2020,,Presente,None,Dado indisponível,#DCDCDC,4550,Santa Luzia do Itanhy/SE,
Recursos hídricos,28,Vazão ecológica para usos ecossistêmicos,2020,,Presente,None,Dado indisponível,#DCDCDC,4471,Santa Luzia do Norte/AL,
Recursos hídricos,28,Vazão ecológica para usos ecossistêmicos,2020,,Presente,None,Dado indisponível,#DCDCDC,3019,Santa Luzia do Pará/PA,
Recursos hídricos,28,Vazão ecológica para usos ecossistêmicos,2020,,Presente,None,Dado indisponível,#DCDCDC,4149,Santa Luzia/PB,
Recursos hídricos,28,Vazão ecológica para usos ecossistêmicos,2020,,Presente,None,Dado indisponível,#DCDCDC,2267,Santa Maria da Serra/SP,
Recursos hídricos,28,Vazão ecológica para usos ecossistêmicos,2020,,Presente,None,Dado indisponível,#DCDCDC,4347,Santa Maria do Cambucá/PE,
Recursos hídricos,28,Vazão ecológica para usos ecossistêmicos,2020,,Presente,None,Dado indisponível,#DCDCDC,2621,Santa Maria do Herval/RS,
Recursos hídricos,28,Vazão ecológica para usos ecossistêmicos,2020,,Presente,None,Dado indisponível,#DCDCDC,3021,Santa Maria do Pará/PA,
Recursos hídricos,28,Vazão ecológica para usos ecossistêmicos,2020,,Presente,None,Dado indisponível,#DCDCDC,1430,Santa Maria do Salto/MG,
Recursos hídricos,28,Vazão ecológica para usos ecossistêmicos,2020,,Presente,None,Dado indisponível,#DCDCDC,1431,Santa Maria do Suaçuí/MG,
Recursos hídricos,28,Vazão ecológica para usos ecossistêmicos,2020,,Presente,None,Dado indisponível,#DCDCDC,3163,Santa Maria do Tocantins/TO,
Recursos hídricos,28,Vazão ecológica para usos ecossistêmicos,2020,,Presente,None,Dado indisponível,#DCDCDC,1752,Santa Maria Madalena/RJ,
Recursos hídricos,28,Vazão ecológica para usos ecossistêmicos,2020,,Presente,None,Dado indisponível,#DCDCDC,5408,Santa Mariana/PR,
Recursos hídricos,28,Vazão ecológica para usos ecossistêmicos,2020,,Presente,None,Dado indisponível,#DCDCDC,3913,Santa Maria/RN,
Recursos hídricos,28,Vazão ecológica para usos ecossistêmicos,2020,,Presente,None,Dado indisponível,#DCDCDC,5047,Santana/AP,
Recursos hídricos,28,Vazão ecológica para usos ecossistêmicos,2020,,Presente,None,Dado indisponível,#DCDCDC,1432,Santana da Vargem/MG,
Recursos hídricos,28,Vazão ecológica para usos ecossistêmicos,2020,,Presente,None,Dado indisponível,#DCDCDC,1433,Santana de Cataguases/MG,
Recursos hídricos,28,Vazão ecológica para usos ecossistêmicos,2020,,Presente,None,Dado indisponível,#DCDCDC,4150,Santana de Mangueira/PB,
Recursos hídricos,28,Vazão ecológica para usos ecossistêmicos,2020,,Presente,None,Dado indisponível,#DCDCDC,3785,Santana do Acaraú/CE,
Recursos hídricos,28,Vazão ecológica para usos ecossistêmicos,2020,,Presente,None,Dado indisponível,#DCDCDC,3786,Santana do Cariri/CE,
Recursos hídricos,28,Vazão ecológica para usos ecossistêmicos,2020,,Presente,None,Dado indisponível,#DCDCDC,1435,Santana do Deserto/MG,
Recursos hídricos,28,Vazão ecológica para usos ecossistêmicos,2020,,Presente,None,Dado indisponível,#DCDCDC,1436,Santana do Garambéu/MG,
Recursos hídricos,28,Vazão ecológica para usos ecossistêmicos,2020,,Presente,None,Dado indisponível,#DCDCDC,5409,Santana do Itararé/PR,
Recursos hídricos,28,Vazão ecológica para usos ecossistêmicos,2020,,Presente,None,Dado indisponível,#DCDCDC,1437,Santana do Jacaré/MG,
Recursos hídricos,28,Vazão ecológica para usos ecossistêmicos,2020,,Presente,None,Dado indisponível,#DCDCDC,1439,Santana do Paraíso/MG,
Recursos hídricos,28,Vazão ecológica para usos ecossistêmicos,2020,,Presente,None,Dado indisponível,#DCDCDC,1440,Santana do Riacho/MG,
Recursos hídricos,28,Vazão ecológica para usos ecossistêmicos,2020,,Presente,None,Dado indisponível,#DCDCDC,4551,Santana do São Francisco/SE,
Recursos hídricos,28,Vazão ecológica para usos ecossistêmicos,2020,,Presente,None,Dado indisponível,#DCDCDC,4151,Santana dos Garrotes/PB,
Recursos hídricos,28,Vazão ecológica para usos ecossistêmicos,2020,,Presente,None,Dado indisponível,#DCDCDC,4809,Santanópolis/BA,
Recursos hídricos,28,Vazão ecológica para usos ecossistêmicos,2020,,Presente,None,Dado indisponível,#DCDCDC,3787,Santa Quitéria/CE,
Recursos hídricos,28,Vazão ecológica para usos ecossistêmicos,2020,,Presente,None,Dado indisponível,#DCDCDC,3023,Santarém Novo/PA,
Recursos hídricos,28,Vazão ecológica para usos ecossistêmicos,2020,,Presente,None,Dado indisponível,#DCDCDC,2879,Santarém/PA,
Recursos hídricos,28,Vazão ecológica para usos ecossistêmicos,2020,,Presente,None,Dado indisponível,#DCDCDC,4810,Santa Rita de Cássia/BA,
Recursos hídricos,28,Vazão ecológica para usos ecossistêmicos,2020,,Presente,None,Dado indisponível,#DCDCDC,1445,Santa Rita de Ibitipoca/MG,
Recursos hídricos,28,Vazão ecológica para usos ecossistêmicos,2020,,Presente,None,Dado indisponível,#DCDCDC,1443,Santa Rita de Jacutinga/MG,
Recursos hídricos,28,Vazão ecológica para usos ecossistêmicos,2020,,Presente,None,Dado indisponível,#DCDCDC,1444,Santa Rita de Minas/MG,
Recursos hídricos,28,Vazão ecológica para usos ecossistêmicos,2020,,Presente,None,Dado indisponível,#DCDCDC,2270,Santa Rita d'Oeste/SP,
Recursos hídricos,28,Vazão ecológica para usos ecossistêmicos,2020,,Presente,None,Dado indisponível,#DCDCDC,1447,Santa Rita do Sapucaí/MG,
Recursos hídricos,28,Vazão ecológica para usos ecossistêmicos,2020,,Presente,None,Dado indisponível,#DCDCDC,1448,Santa Rosa da Serra/MG,
Recursos hídricos,28,Vazão ecológica para usos ecossistêmicos,2020,,Presente,None,Dado indisponível,#DCDCDC,4552,Santa Rosa de Lima/SE,
Recursos hídricos,28,Vazão ecológica para usos ecossistêmicos,2020,,Presente,None,Dado indisponível,#DCDCDC,2837,Santa Rosa do Purus/AC,
Recursos hídricos,28,Vazão ecológica para usos ecossistêmicos,2020,,Presente,None,Dado indisponível,#DCDCDC,2524,Santa Rosa do Sul/SC,
Recursos hídricos,28,Vazão ecológica para usos ecossistêmicos,2020,,Presente,None,Dado indisponível,#DCDCDC,4154,Santa Teresinha/PB,
Recursos hídricos,28,Vazão ecológica para usos ecossistêmicos,2020,,Presente,None,Dado indisponível,#DCDCDC,3166,Santa Tereza do Tocantins/TO,
Recursos hídricos,28,Vazão ecológica para usos ecossistêmicos,2020,,Presente,None,Dado indisponível,#DCDCDC,421,Santa Tereza/RS,
Recursos hídricos,28,Vazão ecológica para usos ecossistêmicos,2020,,Presente,None,Dado indisponível,#DCDCDC,4811,Santa Terezinha/BA,
Recursos hídricos,28,Vazão ecológica para usos ecossistêmicos,2020,,Presente,None,Dado indisponível,#DCDCDC,5269,Santa Terezinha de Itaipu/PR,
Recursos hídricos,28,Vazão ecológica para usos ecossistêmicos,2020,,Presente,None,Dado indisponível,#DCDCDC,104,Santa Terezinha do Progresso/SC,
Recursos hídricos,28,Vazão ecológica para usos ecossistêmicos,2020,,Presente,None,Dado indisponível,#DCDCDC,647,Santo Afonso/MT,
Recursos hídricos,28,Vazão ecológica para usos ecossistêmicos,2020,,Presente,None,Dado indisponível,#DCDCDC,4812,Santo Amaro/BA,
Recursos hídricos,28,Vazão ecológica para usos ecossistêmicos,2020,,Presente,None,Dado indisponível,#DCDCDC,4553,Santo Amaro das Brotas/SE,
Recursos hídricos,28,Vazão ecológica para usos ecossistêmicos,2020,,Presente,None,Dado indisponível,#DCDCDC,4155,Santo André/PB,
Recursos hídricos,28,Vazão ecológica para usos ecossistêmicos,2020,,Presente,None,Dado indisponível,#DCDCDC,2274,Santo André/SP,
Recursos hídricos,28,Vazão ecológica para usos ecossistêmicos,2020,,Presente,None,Dado indisponível,#DCDCDC,5410,Santo Antônio da Platina/PR,
Recursos hídricos,28,Vazão ecológica para usos ecossistêmicos,2020,,Presente,None,Dado indisponível,#DCDCDC,4813,Santo Antônio de Jesus/BA,
Recursos hídricos,28,Vazão ecológica para usos ecossistêmicos,2020,,Presente,None,Dado indisponível,#DCDCDC,1753,Santo Antônio de Pádua/RJ,
Recursos hídricos,28,Vazão ecológica para usos ecossistêmicos,2020,,Presente,None,Dado indisponível,#DCDCDC,1450,Santo Antônio do Amparo/MG,
Recursos hídricos,28,Vazão ecológica para usos ecossistêmicos,2020,,Presente,None,Dado indisponível,#DCDCDC,1451,Santo Antônio do Aventureiro/MG,
Recursos hídricos,28,Vazão ecológica para usos ecossistêmicos,2020,,Presente,None,Dado indisponível,#DCDCDC,5270,Santo Antônio do Caiuá/PR,
Recursos hídricos,28,Vazão ecológica para usos ecossistêmicos,2020,,Presente,None,Dado indisponível,#DCDCDC,1452,Santo Antônio do Grama/MG,
Recursos hídricos,28,Vazão ecológica para usos ecossistêmicos,2020,,Presente,None,Dado indisponível,#DCDCDC,5509,Santo Antônio do Içá/AM,
Recursos hídricos,28,Vazão ecológica para usos ecossistêmicos,2020,,Presente,None,Dado indisponível,#DCDCDC,1453,Santo Antônio do Itambé/MG,
Recursos hídricos,28,Vazão ecológica para usos ecossistêmicos,2020,,Presente,None,Dado indisponível,#DCDCDC,1454,Santo Antônio do Jacinto/MG,
Recursos hídricos,28,Vazão ecológica para usos ecossistêmicos,2020,,Presente,None,Dado indisponível,#DCDCDC,425,Santo Antônio do Palma/RS,
Recursos hídricos,28,Vazão ecológica para usos ecossistêmicos,2020,,Presente,None,Dado indisponível,#DCDCDC,5411,Santo Antônio do Paraíso/PR,
Recursos hídricos,28,Vazão ecológica para usos ecossistêmicos,2020,,Presente,None,Dado indisponível,#DCDCDC,2279,Santo Antônio do Pinhal/SP,
Recursos hídricos,28,Vazão ecológica para usos ecossistêmicos,2020,,Presente,None,Dado indisponível,#DCDCDC,427,Santo Antônio do Planalto/RS,
Recursos hídricos,28,Vazão ecológica para usos ecossistêmicos,2020,,Presente,None,Dado indisponível,#DCDCDC,1457,Santo Antônio do Rio Abaixo/MG,
Recursos hídricos,28,Vazão ecológica para usos ecossistêmicos,2020,,Presente,None,Dado indisponível,#DCDCDC,3585,Santo Antônio dos Milagres/PI,
Recursos hídricos,28,Vazão ecológica para usos ecossistêmicos,2020,,Presente,None,Dado indisponível,#DCDCDC,5271,Santo Antônio do Sudoeste/PR,
Recursos hídricos,28,Vazão ecológica para usos ecossistêmicos,2020,,Presente,None,Dado indisponível,#DCDCDC,3937,Santo Antônio/RN,
Recursos hídricos,28,Vazão ecológica para usos ecossistêmicos,2020,,Presente,None,Dado indisponível,#DCDCDC,429,Santo Cristo/RS,
Recursos hídricos,28,Vazão ecológica para usos ecossistêmicos,2020,,Presente,None,Dado indisponível,#DCDCDC,4814,Santo Estêvão/BA,
Recursos hídricos,28,Vazão ecológica para usos ecossistêmicos,2020,,Presente,None,Dado indisponível,#DCDCDC,430,Santo Expedito do Sul/RS,
Recursos hídricos,28,Vazão ecológica para usos ecossistêmicos,2020,,Presente,None,Dado indisponível,#DCDCDC,4909,Santo Expedito/SP,
Recursos hídricos,28,Vazão ecológica para usos ecossistêmicos,2020,,Presente,None,Dado indisponível,#DCDCDC,1459,Santos Dumont/MG,
Recursos hídricos,28,Vazão ecológica para usos ecossistêmicos,2020,,Presente,None,Dado indisponível,#DCDCDC,2281,Santos/SP,
Recursos hídricos,28,Vazão ecológica para usos ecossistêmicos,2020,,Presente,None,Dado indisponível,#DCDCDC,4157,São Bentinho/PB,
Recursos hídricos,28,Vazão ecológica para usos ecossistêmicos,2020,,Presente,None,Dado indisponível,#DCDCDC,1460,São Bento Abade/MG,
Recursos hídricos,28,Vazão ecológica para usos ecossistêmicos,2020,,Presente,None,Dado indisponível,#DCDCDC,2282,São Bento do Sapucaí/SP,
Recursos hídricos,28,Vazão ecológica para usos ecossistêmicos,2020,,Presente,None,Dado indisponível,#DCDCDC,2527,São Bento do Sul/SC,
Recursos hídricos,28,Vazão ecológica para usos ecossistêmicos,2020,,Presente,None,Dado indisponível,#DCDCDC,3939,São Bento do Trairí/RN,
Recursos hídricos,28,Vazão ecológica para usos ecossistêmicos,2020,,Presente,None,Dado indisponível,#DCDCDC,106,São Bernardino/SC,
Recursos hídricos,28,Vazão ecológica para usos ecossistêmicos,2020,,Presente,None,Dado indisponível,#DCDCDC,2283,São Bernardo do Campo/SP,
Recursos hídricos,28,Vazão ecológica para usos ecossistêmicos,2020,,Presente,None,Dado indisponível,#DCDCDC,4474,São Brás/AL,
Recursos hídricos,28,Vazão ecológica para usos ecossistêmicos,2020,,Presente,None,Dado indisponível,#DCDCDC,1461,São Brás do Suaçuí/MG,
Recursos hídricos,28,Vazão ecológica para usos ecossistêmicos,2020,,Presente,None,Dado indisponível,#DCDCDC,3587,São Braz do Piauí/PI,
Recursos hídricos,28,Vazão ecológica para usos ecossistêmicos,2020,,Presente,None,Dado indisponível,#DCDCDC,3025,São Caetano de Odivelas/PA,
Recursos hídricos,28,Vazão ecológica para usos ecossistêmicos,2020,,Presente,None,Dado indisponível,#DCDCDC,4351,São Caitano/PE,
Recursos hídricos,28,Vazão ecológica para usos ecossistêmicos,2020,,Presente,None,Dado indisponível,#DCDCDC,2529,São Cristóvão do Sul/SC,
Recursos hídricos,28,Vazão ecológica para usos ecossistêmicos,2020,,Presente,None,Dado indisponível,#DCDCDC,4554,São Cristóvão/SE,
Recursos hídricos,28,Vazão ecológica para usos ecossistêmicos,2020,,Presente,None,Dado indisponível,#DCDCDC,4816,São Domingos/BA,
Recursos hídricos,28,Vazão ecológica para usos ecossistêmicos,2020,,Presente,None,Dado indisponível,#DCDCDC,1462,São Domingos das Dores/MG,
Recursos hídricos,28,Vazão ecológica para usos ecossistêmicos,2020,,Presente,None,Dado indisponível,#DCDCDC,3026,São Domingos do Araguaia/PA,
Recursos hídricos,28,Vazão ecológica para usos ecossistêmicos,2020,,Presente,None,Dado indisponível,#DCDCDC,3360,São Domingos do Azeitão/MA,
Recursos hídricos,28,Vazão ecológica para usos ecossistêmicos,2020,,Presente,None,Dado indisponível,#DCDCDC,3027,São Domingos do Capim/PA,
Recursos hídricos,28,Vazão ecológica para usos ecossistêmicos,2020,,Presente,None,Dado indisponível,#DCDCDC,1670,São Domingos do Norte/ES,
Recursos hídricos,28,Vazão ecológica para usos ecossistêmicos,2020,,Presente,None,Dado indisponível,#DCDCDC,1463,São Domingos do Prata/MG,
Recursos hídricos,28,Vazão ecológica para usos ecossistêmicos,2020,,Presente,None,Dado indisponível,#DCDCDC,432,São Domingos do Sul/RS,
Recursos hídricos,28,Vazão ecológica para usos ecossistêmicos,2020,,Presente,None,Dado indisponível,#DCDCDC,108,São Domingos/SC,
Recursos hídricos,28,Vazão ecológica para usos ecossistêmicos,2020,,Presente,None,Dado indisponível,#DCDCDC,4555,São Domingos/SE,
Recursos hídricos,28,Vazão ecológica para usos ecossistêmicos,2020,,Presente,None,Dado indisponível,#DCDCDC,4819,São Felipe/BA,
Recursos hídricos,28,Vazão ecológica para usos ecossistêmicos,2020,,Presente,None,Dado indisponível,#DCDCDC,4817,São Félix/BA,
Recursos hídricos,28,Vazão ecológica para usos ecossistêmicos,2020,,Presente,None,Dado indisponível,#DCDCDC,1464,São Félix de Minas/MG,
Recursos hídricos,28,Vazão ecológica para usos ecossistêmicos,2020,,Presente,None,Dado indisponível,#DCDCDC,3169,São Félix do Tocantins/TO,
Recursos hídricos,28,Vazão ecológica para usos ecossistêmicos,2020,,Presente,None,Dado indisponível,#DCDCDC,1755,São Fidélis/RJ,
Recursos hídricos,28,Vazão ecológica para usos ecossistêmicos,2020,,Presente,None,Dado indisponível,#DCDCDC,1466,São Francisco de Paula/MG,
Recursos hídricos,28,Vazão ecológica para usos ecossistêmicos,2020,,Presente,None,Dado indisponível,#DCDCDC,2623,São Francisco de Paula/RS,
Recursos hídricos,28,Vazão ecológica para usos ecossistêmicos,2020,,Presente,None,Dado indisponível,#DCDCDC,4820,São Francisco do Conde/BA,
Recursos hídricos,28,Vazão ecológica para usos ecossistêmicos,2020,,Presente,None,Dado indisponível,#DCDCDC,3941,São Francisco do Oeste/RN,
Recursos hídricos,28,Vazão ecológica para usos ecossistêmicos,2020,,Presente,None,Dado indisponível,#DCDCDC,2530,São Francisco do Sul/SC,
Recursos hídricos,28,Vazão ecológica para usos ecossistêmicos,2020,,Presente,None,Dado indisponível,#DCDCDC,4160,São Francisco/PB,
Recursos hídricos,28,Vazão ecológica para usos ecossistêmicos,2020,,Presente,None,Dado indisponível,#DCDCDC,4821,São Gabriel/BA,
Recursos hídricos,28,Vazão ecológica para usos ecossistêmicos,2020,,Presente,None,Dado indisponível,#DCDCDC,5510,São Gabriel da Cachoeira/AM,
Recursos hídricos,28,Vazão ecológica para usos ecossistêmicos,2020,,Presente,None,Dado indisponível,#DCDCDC,1671,São Gabriel da Palha/ES,
Recursos hídricos,28,Vazão ecológica para usos ecossistêmicos,2020,,Presente,None,Dado indisponível,#DCDCDC,1470,São Geraldo da Piedade/MG,
Recursos hídricos,28,Vazão ecológica para usos ecossistêmicos,2020,,Presente,None,Dado indisponível,#DCDCDC,1469,São Geraldo/MG,
Recursos hídricos,28,Vazão ecológica para usos ecossistêmicos,2020,,Presente,None,Dado indisponível,#DCDCDC,3789,São Gonçalo do Amarante/CE,
Recursos hídricos,28,Vazão ecológica para usos ecossistêmicos,2020,,Presente,None,Dado indisponível,#DCDCDC,1037,São Gonçalo do Rio Preto/MG,
Recursos hídricos,28,Vazão ecológica para usos ecossistêmicos,2020,,Presente,None,Dado indisponível,#DCDCDC,1756,São Gonçalo/RJ,
Recursos hídricos,28,Vazão ecológica para usos ecossistêmicos,2020,,Presente,None,Dado indisponível,#DCDCDC,435,São Jerônimo/RS,
Recursos hídricos,28,Vazão ecológica para usos ecossistêmicos,2020,,Presente,None,Dado indisponível,#DCDCDC,2531,São João Batista/SC,
Recursos hídricos,28,Vazão ecológica para usos ecossistêmicos,2020,,Presente,None,Dado indisponível,#DCDCDC,3593,São João da Canabrava/PI,
Recursos hídricos,28,Vazão ecológica para usos ecossistêmicos,2020,,Presente,None,Dado indisponível,#DCDCDC,1479,São João da Mata/MG,
Recursos hídricos,28,Vazão ecológica para usos ecossistêmicos,2020,,Presente,None,Dado indisponível,#DCDCDC,1481,São João das Missões/MG,
Recursos hídricos,28,Vazão ecológica para usos ecossistêmicos,2020,,Presente,None,Dado indisponível,#DCDCDC,1758,São João de Meriti/RJ,
Recursos hídricos,28,Vazão ecológica para usos ecossistêmicos,2020,,Presente,None,Dado indisponível,#DCDCDC,3031,São João de Pirabas/PA,
Recursos hídricos,28,Vazão ecológica para usos ecossistêmicos,2020,,Presente,None,Dado indisponível,#DCDCDC,3032,São João do Araguaia/PA,
Recursos hídricos,28,Vazão ecológica para usos ecossistêmicos,2020,,Presente,None,Dado indisponível,#DCDCDC,3597,São João do Arraial/PI,
Recursos hídricos,28,Vazão ecológica para usos ecossistêmicos,2020,,Presente,None,Dado indisponível,#DCDCDC,4161,São João do Cariri/PB,
Recursos hídricos,28,Vazão ecológica para usos ecossistêmicos,2020,,Presente,None,Dado indisponível,#DCDCDC,2532,São João do Itaperiú/SC,
Recursos hídricos,28,Vazão ecológica para usos ecossistêmicos,2020,,Presente,None,Dado indisponível,#DCDCDC,3790,São João do Jaguaribe/CE,
Recursos hídricos,28,Vazão ecológica para usos ecossistêmicos,2020,,Presente,None,Dado indisponível,#DCDCDC,109,São João do Oeste/SC,
Recursos hídricos,28,Vazão ecológica para usos ecossistêmicos,2020,,Presente,None,Dado indisponível,#DCDCDC,437,São João do Polêsine/RS,
Recursos hídricos,28,Vazão ecológica para usos ecossistêmicos,2020,,Presente,None,Dado indisponível,#DCDCDC,3943,São João do Sabugi/RN,
Recursos hídricos,28,Vazão ecológica para usos ecossistêmicos,2020,,Presente,None,Dado indisponível,#DCDCDC,3368,São João do Soter/MA,
Recursos hídricos,28,Vazão ecológica para usos ecossistêmicos,2020,,Presente,None,Dado indisponível,#DCDCDC,2533,São João do Sul/SC,
Recursos hídricos,28,Vazão ecológica para usos ecossistêmicos,2020,,Presente,None,Dado indisponível,#DCDCDC,4162,São João do Tigre/PB,
Recursos hídricos,28,Vazão ecológica para usos ecossistêmicos,2020,,Presente,None,Dado indisponível,#DCDCDC,1488,São João Evangelista/MG,
Recursos hídricos,28,Vazão ecológica para usos ecossistêmicos,2020,,Presente,None,Dado indisponível,#DCDCDC,1489,São João Nepomuceno/MG,
Recursos hídricos,28,Vazão ecológica para usos ecossistêmicos,2020,,Presente,None,Dado indisponível,#DCDCDC,4352,São João/PE,
Recursos hídricos,28,Vazão ecológica para usos ecossistêmicos,2020,,Presente,None,Dado indisponível,#DCDCDC,5274,São João/PR,
Recursos hídricos,28,Vazão ecológica para usos ecossistêmicos,2020,,Presente,None,Dado indisponível,#DCDCDC,2290,São Joaquim da Barra/SP,
Recursos hídricos,28,Vazão ecológica para usos ecossistêmicos,2020,,Presente,None,Dado indisponível,#DCDCDC,5277,São Jorge d'Oeste/PR,
Recursos hídricos,28,Vazão ecológica para usos ecossistêmicos,2020,,Presente,None,Dado indisponível,#DCDCDC,5279,São Jorge do Patrocínio/PR,
Recursos hídricos,28,Vazão ecológica para usos ecossistêmicos,2020,,Presente,None,Dado indisponível,#DCDCDC,438,São Jorge/RS,
Recursos hídricos,28,Vazão ecológica para usos ecossistêmicos,2020,,Presente,None,Dado indisponível,#DCDCDC,2291,São José da Bela Vista/SP,
Recursos hídricos,28,Vazão ecológica para usos ecossistêmicos,2020,,Presente,None,Dado indisponível,#DCDCDC,5414,São José da Boa Vista/PR,
Recursos hídricos,28,Vazão ecológica para usos ecossistêmicos,2020,,Presente,None,Dado indisponível,#DCDCDC,4163,São José da Lagoa Tapada/PB,
Recursos hídricos,28,Vazão ecológica para usos ecossistêmicos,2020,,Presente,None,Dado indisponível,#DCDCDC,1492,São José da Lapa/MG,
Recursos hídricos,28,Vazão ecológica para usos ecossistêmicos,2020,,Presente,None,Dado indisponível,#DCDCDC,1493,São José da Safira/MG,
Recursos hídricos,28,Vazão ecológica para usos ecossistêmicos,2020,,Presente,None,Dado indisponível,#DCDCDC,439,São José das Missões/RS,
Recursos hídricos,28,Vazão ecológica para usos ecossistêmicos,2020,,Presente,None,Dado indisponível,#DCDCDC,4164,São José de Caiana/PB,
Recursos hídricos,28,Vazão ecológica para usos ecossistêmicos,2020,,Presente,None,Dado indisponível,#DCDCDC,4165,São José de Espinharas/PB,
Recursos hídricos,28,Vazão ecológica para usos ecossistêmicos,2020,,Presente,None,Dado indisponível,#DCDCDC,4168,São José de Princesa/PB,
Recursos hídricos,28,Vazão ecológica para usos ecossistêmicos,2020,,Presente,None,Dado indisponível,#DCDCDC,3370,São José de Ribamar/MA,
Recursos hídricos,28,Vazão ecológica para usos ecossistêmicos,2020,,Presente,None,Dado indisponível,#DCDCDC,1759,São José de Ubá/RJ,
Recursos hídricos,28,Vazão ecológica para usos ecossistêmicos,2020,,Presente,None,Dado indisponível,#DCDCDC,1495,São José do Alegre/MG,
Recursos hídricos,28,Vazão ecológica para usos ecossistêmicos,2020,,Presente,None,Dado indisponível,#DCDCDC,2292,São José do Barreiro/SP,
Recursos hídricos,28,Vazão ecológica para usos ecossistêmicos,2020,,Presente,None,Dado indisponível,#DCDCDC,4170,São José do Brejo do Cruz/PB,
Recursos hídricos,28,Vazão ecológica para usos ecossistêmicos,2020,,Presente,None,Dado indisponível,#DCDCDC,3945,São José do Campestre/RN,
Recursos hídricos,28,Vazão ecológica para usos ecossistêmicos,2020,,Presente,None,Dado indisponível,#DCDCDC,2536,São José do Cerrito/SC,
Recursos hídricos,28,Vazão ecológica para usos ecossistêmicos,2020,,Presente,None,Dado indisponível,#DCDCDC,1496,São José do Divino/MG,
Recursos hídricos,28,Vazão ecológica para usos ecossistêmicos,2020,,Presente,None,Dado indisponível,#DCDCDC,440,São José do Herval/RS,
Recursos hídricos,28,Vazão ecológica para usos ecossistêmicos,2020,,Presente,None,Dado indisponível,#DCDCDC,2624,São José do Hortêncio/RS,
Recursos hídricos,28,Vazão ecológica para usos ecossistêmicos,2020,,Presente,None,Dado indisponível,#DCDCDC,4823,São José do Jacuípe/BA,
Recursos hídricos,28,Vazão ecológica para usos ecossistêmicos,2020,,Presente,None,Dado indisponível,#DCDCDC,1498,São José do Jacuri/MG,
Recursos hídricos,28,Vazão ecológica para usos ecossistêmicos,2020,,Presente,None,Dado indisponível,#DCDCDC,1499,São José do Mantimento/MG,
Recursos hídricos,28,Vazão ecológica para usos ecossistêmicos,2020,,Presente,None,Dado indisponível,#DCDCDC,4941,São José do Norte/RS,
Recursos hídricos,28,Vazão ecológica para usos ecossistêmicos,2020,,Presente,None,Dado indisponível,#DCDCDC,3600,São José do Peixe/PI,
Recursos hídricos,28,Vazão ecológica para usos ecossistêmicos,2020,,Presente,None,Dado indisponível,#DCDCDC,648,São José do Povo/MT,
Recursos hídricos,28,Vazão ecológica para usos ecossistêmicos,2020,,Presente,None,Dado indisponível,#DCDCDC,4171,São José do Sabugi/PB,
Recursos hídricos,28,Vazão ecológica para usos ecossistêmicos,2020,,Presente,None,Dado indisponível,#DCDCDC,2295,São José dos Campos/SP,
Recursos hídricos,28,Vazão ecológica para usos ecossistêmicos,2020,,Presente,None,Dado indisponível,#DCDCDC,4172,São José dos Cordeiros/PB,
Recursos hídricos,28,Vazão ecológica para usos ecossistêmicos,2020,,Presente,None,Dado indisponível,#DCDCDC,643,São José dos Quatro Marcos/MT,
Recursos hídricos,28,Vazão ecológica para usos ecossistêmicos,2020,,Presente,None,Dado indisponível,#DCDCDC,443,São José do Sul/RS,
Recursos hídricos,28,Vazão ecológica para usos ecossistêmicos,2020,,Presente,None,Dado indisponível,#DCDCDC,1760,São José do Vale do Rio Preto/RJ,
Recursos hídricos,28,Vazão ecológica para usos ecossistêmicos,2020,,Presente,None,Dado indisponível,#DCDCDC,2924,São José do Xingu/MT,
Recursos hídricos,28,Vazão ecológica para usos ecossistêmicos,2020,,Presente,None,Dado indisponível,#DCDCDC,2535,São José/SC,
Recursos hídricos,28,Vazão ecológica para usos ecossistêmicos,2020,,Presente,None,Dado indisponível,#DCDCDC,3602,São Julião/PI,
Recursos hídricos,28,Vazão ecológica para usos ecossistêmicos,2020,,Presente,None,Dado indisponível,#DCDCDC,2296,São Lourenço da Serra/SP,
Recursos hídricos,28,Vazão ecológica para usos ecossistêmicos,2020,,Presente,None,Dado indisponível,#DCDCDC,111,São Lourenço do Oeste/SC,
Recursos hídricos,28,Vazão ecológica para usos ecossistêmicos,2020,,Presente,None,Dado indisponível,#DCDCDC,3603,São Lourenço do Piauí/PI,
Recursos hídricos,28,Vazão ecológica para usos ecossistêmicos,2020,,Presente,None,Dado indisponível,#DCDCDC,1500,São Lourenço/MG,
Recursos hídricos,28,Vazão ecológica para usos ecossistêmicos,2020,,Presente,None,Dado indisponível,#DCDCDC,3791,São Luís do Curu/CE,
Recursos hídricos,28,Vazão ecológica para usos ecossistêmicos,2020,,Presente,None,Dado indisponível,#DCDCDC,3604,São Luis do Piauí/PI,
Recursos hídricos,28,Vazão ecológica para usos ecossistêmicos,2020,,Presente,None,Dado indisponível,#DCDCDC,3372,São Luís/MA,
Recursos hídricos,28,Vazão ecológica para usos ecossistêmicos,2020,,Presente,None,Dado indisponível,#DCDCDC,4173,São Mamede/PB,
Recursos hídricos,28,Vazão ecológica para usos ecossistêmicos,2020,,Presente,None,Dado indisponível,#DCDCDC,2298,São Manuel/SP,
Recursos hídricos,28,Vazão ecológica para usos ecossistêmicos,2020,,Presente,None,Dado indisponível,#DCDCDC,2627,São Marcos/RS,
Recursos hídricos,28,Vazão ecológica para usos ecossistêmicos,2020,,Presente,None,Dado indisponível,#DCDCDC,1673,São Mateus/ES,
Recursos hídricos,28,Vazão ecológica para usos ecossistêmicos,2020,,Presente,None,Dado indisponível,#DCDCDC,112,São Miguel da Boa Vista/SC,
Recursos hídricos,28,Vazão ecológica para usos ecossistêmicos,2020,,Presente,None,Dado indisponível,#DCDCDC,4824,São Miguel das Matas/BA,
Recursos hídricos,28,Vazão ecológica para usos ecossistêmicos,2020,,Presente,None,Dado indisponível,#DCDCDC,4557,São Miguel do Aleixo/SE,
Recursos hídricos,28,Vazão ecológica para usos ecossistêmicos,2020,,Presente,None,Dado indisponível,#DCDCDC,1501,São Miguel do Anta/MG,
Recursos hídricos,28,Vazão ecológica para usos ecossistêmicos,2020,,Presente,None,Dado indisponível,#DCDCDC,3033,São Miguel do Guamá/PA,
Recursos hídricos,28,Vazão ecológica para usos ecossistêmicos,2020,,Presente,None,Dado indisponível,#DCDCDC,3947,São Miguel/RN,
Recursos hídricos,28,Vazão ecológica para usos ecossistêmicos,2020,,Presente,None,Dado indisponível,#DCDCDC,450,São Paulo das Missões/RS,
Recursos hídricos,28,Vazão ecológica para usos ecossistêmicos,2020,,Presente,None,Dado indisponível,#DCDCDC,5511,São Paulo de Olivença/AM,
Recursos hídricos,28,Vazão ecológica para usos ecossistêmicos,2020,,Presente,None,Dado indisponível,#DCDCDC,3949,São Paulo do Potengi/RN,
Recursos hídricos,28,Vazão ecológica para usos ecossistêmicos,2020,,Presente,None,Dado indisponível,#DCDCDC,1761,São Pedro da Aldeia/RJ,
Recursos hídricos,28,Vazão ecológica para usos ecossistêmicos,2020,,Presente,None,Dado indisponível,#DCDCDC,649,São Pedro da Cipa/MT,
Recursos hídricos,28,Vazão ecológica para usos ecossistêmicos,2020,,Presente,None,Dado indisponível,#DCDCDC,451,São Pedro da Serra/RS,
Recursos hídricos,28,Vazão ecológica para usos ecossistêmicos,2020,,Presente,None,Dado indisponível,#DCDCDC,452,São Pedro das Missões/RS,
Recursos hídricos,28,Vazão ecológica para usos ecossistêmicos,2020,,Presente,None,Dado indisponível,#DCDCDC,1502,São Pedro da União/MG,
Recursos hídricos,28,Vazão ecológica para usos ecossistêmicos,2020,,Presente,None,Dado indisponível,#DCDCDC,2539,São Pedro de Alcântara/SC,
Recursos hídricos,28,Vazão ecológica para usos ecossistêmicos,2020,,Presente,None,Dado indisponível,#DCDCDC,3608,São Pedro do Piauí/PI,
Recursos hídricos,28,Vazão ecológica para usos ecossistêmicos,2020,,Presente,None,Dado indisponível,#DCDCDC,2302,São Pedro do Turvo/SP,
Recursos hídricos,28,Vazão ecológica para usos ecossistêmicos,2020,,Presente,None,Dado indisponível,#DCDCDC,5417,São Sebastião da Amoreira/PR,
Recursos hídricos,28,Vazão ecológica para usos ecossistêmicos,2020,,Presente,None,Dado indisponível,#DCDCDC,1507,São Sebastião da Bela Vista/MG,
Recursos hídricos,28,Vazão ecológica para usos ecossistêmicos,2020,,Presente,None,Dado indisponível,#DCDCDC,3034,São Sebastião da Boa Vista/PA,
Recursos hídricos,28,Vazão ecológica para usos ecossistêmicos,2020,,Presente,None,Dado indisponível,#DCDCDC,2305,São Sebastião da Grama/SP,
Recursos hídricos,28,Vazão ecológica para usos ecossistêmicos,2020,,Presente,None,Dado indisponível,#DCDCDC,4175,São Sebastião de Lagoa de Roça/PB,
Recursos hídricos,28,Vazão ecológica para usos ecossistêmicos,2020,,Presente,None,Dado indisponível,#DCDCDC,1762,São Sebastião do Alto/RJ,
Recursos hídricos,28,Vazão ecológica para usos ecossistêmicos,2020,,Presente,None,Dado indisponível,#DCDCDC,1509,São Sebastião do Anta/MG,
Recursos hídricos,28,Vazão ecológica para usos ecossistêmicos,2020,,Presente,None,Dado indisponível,#DCDCDC,2628,São Sebastião do Caí/RS,
Recursos hídricos,28,Vazão ecológica para usos ecossistêmicos,2020,,Presente,None,Dado indisponível,#DCDCDC,1510,São Sebastião do Maranhão/MG,
Recursos hídricos,28,Vazão ecológica para usos ecossistêmicos,2020,,Presente,None,Dado indisponível,#DCDCDC,4825,São Sebastião do Passé/BA,
Recursos hídricos,28,Vazão ecológica para usos ecossistêmicos,2020,,Presente,None,Dado indisponível,#DCDCDC,1514,São Sebastião do Rio Verde/MG,
Recursos hídricos,28,Vazão ecológica para usos ecossistêmicos,2020,,Presente,None,Dado indisponível,#DCDCDC,5512,São Sebastião do Uatumã/AM,
Recursos hídricos,28,Vazão ecológica para usos ecossistêmicos,2020,,Presente,None,Dado indisponível,#DCDCDC,2304,São Sebastião/SP,
Recursos hídricos,28,Vazão ecológica para usos ecossistêmicos,2020,,Presente,None,Dado indisponível,#DCDCDC,2801,São Simão/GO,
Recursos hídricos,28,Vazão ecológica para usos ecossistêmicos,2020,,Presente,None,Dado indisponível,#DCDCDC,1515,São Tiago/MG,
Recursos hídricos,28,Vazão ecológica para usos ecossistêmicos,2020,,Presente,None,Dado indisponível,#DCDCDC,1517,São Tomé das Letras/MG,
Recursos hídricos,28,Vazão ecológica para usos ecossistêmicos,2020,,Presente,None,Dado indisponível,#DCDCDC,3952,São Tomé/RN,
Recursos hídricos,28,Vazão ecológica para usos ecossistêmicos,2020,,Presente,None,Dado indisponível,#DCDCDC,457,São Valentim do Sul/RS,
Recursos hídricos,28,Vazão ecológica para usos ecossistêmicos,2020,,Presente,None,Dado indisponível,#DCDCDC,456,São Valentim/RS,
Recursos hídricos,28,Vazão ecológica para usos ecossistêmicos,2020,,Presente,None,Dado indisponível,#DCDCDC,3173,São Valério/TO,
Recursos hídricos,28,Vazão ecológica para usos ecossistêmicos,2020,,Presente,None,Dado indisponível,#DCDCDC,2629,São Vendelino/RS,
Recursos hídricos,28,Vazão ecológica para usos ecossistêmicos,2020,,Presente,None,Dado indisponível,#DCDCDC,1518,São Vicente de Minas/MG,
Recursos hídricos,28,Vazão ecológica para usos ecossistêmicos,2020,,Presente,None,Dado indisponível,#DCDCDC,4178,São Vicente do Seridó/PB,
Recursos hídricos,28,Vazão ecológica para usos ecossistêmicos,2020,,Presente,None,Dado indisponível,#DCDCDC,4358,São Vicente Férrer/PE,
Recursos hídricos,28,Vazão ecológica para usos ecossistêmicos,2020,,Presente,None,Dado indisponível,#DCDCDC,3953,São Vicente/RN,
Recursos hídricos,28,Vazão ecológica para usos ecossistêmicos,2020,,Presente,None,Dado indisponível,#DCDCDC,2307,São Vicente/SP,
Recursos hídricos,28,Vazão ecológica para usos ecossistêmicos,2020,,Presente,None,Dado indisponível,#DCDCDC,4826,Sapeaçu/BA,
Recursos hídricos,28,Vazão ecológica para usos ecossistêmicos,2020,,Presente,None,Dado indisponível,#DCDCDC,2927,Sapezal/MT,
Recursos hídricos,28,Vazão ecológica para usos ecossistêmicos,2020,,Presente,None,Dado indisponível,#DCDCDC,5418,Sapopema/PR,
Recursos hídricos,28,Vazão ecológica para usos ecossistêmicos,2020,,Presente,None,Dado indisponível,#DCDCDC,1763,Sapucaia/RJ,
Recursos hídricos,28,Vazão ecológica para usos ecossistêmicos,2020,,Presente,None,Dado indisponível,#DCDCDC,1519,Sapucaí-Mirim/MG,
Recursos hídricos,28,Vazão ecológica para usos ecossistêmicos,2020,,Presente,None,Dado indisponível,#DCDCDC,1764,Saquarema/RJ,
Recursos hídricos,28,Vazão ecológica para usos ecossistêmicos,2020,,Presente,None,Dado indisponível,#DCDCDC,1520,Sardoá/MG,
Recursos hídricos,28,Vazão ecológica para usos ecossistêmicos,2020,,Presente,None,Dado indisponível,#DCDCDC,2309,Sarutaiá/SP,
Recursos hídricos,28,Vazão ecológica para usos ecossistêmicos,2020,,Presente,None,Dado indisponível,#DCDCDC,1521,Sarzedo/MG,
Recursos hídricos,28,Vazão ecológica para usos ecossistêmicos,2020,,Presente,None,Dado indisponível,#DCDCDC,4828,Saubara/BA,
Recursos hídricos,28,Vazão ecológica para usos ecossistêmicos,2020,,Presente,None,Dado indisponível,#DCDCDC,5288,Saudade do Iguaçu/PR,
Recursos hídricos,28,Vazão ecológica para usos ecossistêmicos,2020,,Presente,None,Dado indisponível,#DCDCDC,4829,Saúde/BA,
Recursos hídricos,28,Vazão ecológica para usos ecossistêmicos,2020,,Presente,None,Dado indisponível,#DCDCDC,2540,Schroeder/SC,
Recursos hídricos,28,Vazão ecológica para usos ecossistêmicos,2020,,Presente,None,Dado indisponível,#DCDCDC,461,Seberi/RS,
Recursos hídricos,28,Vazão ecológica para usos ecossistêmicos,2020,,Presente,None,Dado indisponível,#DCDCDC,462,Sede Nova/RS,
Recursos hídricos,28,Vazão ecológica para usos ecossistêmicos,2020,,Presente,None,Dado indisponível,#DCDCDC,463,Segredo/RS,
Recursos hídricos,28,Vazão ecológica para usos ecossistêmicos,2020,,Presente,None,Dado indisponível,#DCDCDC,464,Selbach/RS,
Recursos hídricos,28,Vazão ecológica para usos ecossistêmicos,2020,,Presente,None,Dado indisponível,#DCDCDC,1523,Sem-Peixe/MG,
Recursos hídricos,28,Vazão ecológica para usos ecossistêmicos,2020,,Presente,None,Dado indisponível,#DCDCDC,1524,Senador Amaral/MG,
Recursos hídricos,28,Vazão ecológica para usos ecossistêmicos,2020,,Presente,None,Dado indisponível,#DCDCDC,1525,Senador Cortes/MG,
Recursos hídricos,28,Vazão ecológica para usos ecossistêmicos,2020,,Presente,None,Dado indisponível,#DCDCDC,3954,Senador Elói de Souza/RN,
Recursos hídricos,28,Vazão ecológica para usos ecossistêmicos,2020,,Presente,None,Dado indisponível,#DCDCDC,1527,Senador José Bento/MG,
Recursos hídricos,28,Vazão ecológica para usos ecossistêmicos,2020,,Presente,None,Dado indisponível,#DCDCDC,1528,Senador Modestino Gonçalves/MG,
Recursos hídricos,28,Vazão ecológica para usos ecossistêmicos,2020,,Presente,None,Dado indisponível,#DCDCDC,3792,Senador Pompeu/CE,
Recursos hídricos,28,Vazão ecológica para usos ecossistêmicos,2020,,Presente,None,Dado indisponível,#DCDCDC,3793,Senador Sá/CE,
Recursos hídricos,28,Vazão ecológica para usos ecossistêmicos,2020,,Presente,None,Dado indisponível,#DCDCDC,465,Senador Salgado Filho/RS,
Recursos hídricos,28,Vazão ecológica para usos ecossistêmicos,2020,,Presente,None,Dado indisponível,#DCDCDC,5419,Sengés/PR,
Recursos hídricos,28,Vazão ecológica para usos ecossistêmicos,2020,,Presente,None,Dado indisponível,#DCDCDC,1529,Senhora de Oliveira/MG,
Recursos hídricos,28,Vazão ecológica para usos ecossistêmicos,2020,,Presente,None,Dado indisponível,#DCDCDC,1530,Senhora do Porto/MG,
Recursos hídricos,28,Vazão ecológica para usos ecossistêmicos,2020,,Presente,None,Dado indisponível,#DCDCDC,467,Serafina Corrêa/RS,
Recursos hídricos,28,Vazão ecológica para usos ecossistêmicos,2020,,Presente,None,Dado indisponível,#DCDCDC,468,Sério/RS,
Recursos hídricos,28,Vazão ecológica para usos ecossistêmicos,2020,,Presente,None,Dado indisponível,#DCDCDC,1533,Seritinga/MG,
Recursos hídricos,28,Vazão ecológica para usos ecossistêmicos,2020,,Presente,None,Dado indisponível,#DCDCDC,1765,Seropédica/RJ,
Recursos hídricos,28,Vazão ecológica para usos ecossistêmicos,2020,,Presente,None,Dado indisponível,#DCDCDC,116,Serra Alta/SC,
Recursos hídricos,28,Vazão ecológica para usos ecossistêmicos,2020,,Presente,None,Dado indisponível,#DCDCDC,2311,Serra Azul/SP,
Recursos hídricos,28,Vazão ecológica para usos ecossistêmicos,2020,,Presente,None,Dado indisponível,#DCDCDC,4179,Serra Branca/PB,
Recursos hídricos,28,Vazão ecológica para usos ecossistêmicos,2020,,Presente,None,Dado indisponível,#DCDCDC,3924,Serra Caiada/RN,
Recursos hídricos,28,Vazão ecológica para usos ecossistêmicos,2020,,Presente,None,Dado indisponível,#DCDCDC,4180,Serra da Raiz/PB,
Recursos hídricos,28,Vazão ecológica para usos ecossistêmicos,2020,,Presente,None,Dado indisponível,#DCDCDC,1535,Serra da Saudade/MG,
Recursos hídricos,28,Vazão ecológica para usos ecossistêmicos,2020,,Presente,None,Dado indisponível,#DCDCDC,3956,Serra de São Bento/RN,
Recursos hídricos,28,Vazão ecológica para usos ecossistêmicos,2020,,Presente,None,Dado indisponível,#DCDCDC,3957,Serra do Mel/RN,
Recursos hídricos,28,Vazão ecológica para usos ecossistêmicos,2020,,Presente,None,Dado indisponível,#DCDCDC,1536,Serra dos Aimorés/MG,
Recursos hídricos,28,Vazão ecológica para usos ecossistêmicos,2020,,Presente,None,Dado indisponível,#DCDCDC,4834,Serra Dourada/BA,
Recursos hídricos,28,Vazão ecológica para usos ecossistêmicos,2020,,Presente,None,Dado indisponível,#DCDCDC,4181,Serra Grande/PB,
Recursos hídricos,28,Vazão ecológica para usos ecossistêmicos,2020,,Presente,None,Dado indisponível,#DCDCDC,2312,Serrana/SP,
Recursos hídricos,28,Vazão ecológica para usos ecossistêmicos,2020,,Presente,None,Dado indisponível,#DCDCDC,669,Serranópolis/GO,
Recursos hídricos,28,Vazão ecológica para usos ecossistêmicos,2020,,Presente,None,Dado indisponível,#DCDCDC,1540,Serranos/MG,
Recursos hídricos,28,Vazão ecológica para usos ecossistêmicos,2020,,Presente,None,Dado indisponível,#DCDCDC,5058,Serra Nova Dourada/MT,
Recursos hídricos,28,Vazão ecológica para usos ecossistêmicos,2020,,Presente,None,Dado indisponível,#DCDCDC,4835,Serra Preta/BA,
Recursos hídricos,28,Vazão ecológica para usos ecossistêmicos,2020,,Presente,None,Dado indisponível,#DCDCDC,4182,Serra Redonda/PB,
Recursos hídricos,28,Vazão ecológica para usos ecossistêmicos,2020,,Presente,None,Dado indisponível,#DCDCDC,4183,Serraria/PB,
Recursos hídricos,28,Vazão ecológica para usos ecossistêmicos,2020,,Presente,None,Dado indisponível,#DCDCDC,4836,Serrinha/BA,
Recursos hídricos,28,Vazão ecológica para usos ecossistêmicos,2020,,Presente,None,Dado indisponível,#DCDCDC,3960,Serrinha dos Pintos/RN,
Recursos hídricos,28,Vazão ecológica para usos ecossistêmicos,2020,,Presente,None,Dado indisponível,#DCDCDC,3959,Serrinha/RN,
Recursos hídricos,28,Vazão ecológica para usos ecossistêmicos,2020,,Presente,None,Dado indisponível,#DCDCDC,1541,Serro/MG,
Recursos hídricos,28,Vazão ecológica para usos ecossistêmicos,2020,,Presente,None,Dado indisponível,#DCDCDC,5420,Sertaneja/PR,
Recursos hídricos,28,Vazão ecológica para usos ecossistêmicos,2020,,Presente,None,Dado indisponível,#DCDCDC,5421,Sertanópolis/PR,
Recursos hídricos,28,Vazão ecológica para usos ecossistêmicos,2020,,Presente,None,Dado indisponível,#DCDCDC,470,Sertão Santana/RS,
Recursos hídricos,28,Vazão ecológica para usos ecossistêmicos,2020,,Presente,None,Dado indisponível,#DCDCDC,4184,Sertãozinho/PB,
Recursos hídricos,28,Vazão ecológica para usos ecossistêmicos,2020,,Presente,None,Dado indisponível,#DCDCDC,471,Sete de Setembro/RS,
Recursos hídricos,28,Vazão ecológica para usos ecossistêmicos,2020,,Presente,None,Dado indisponível,#DCDCDC,1522,Setubinha/MG,
Recursos hídricos,28,Vazão ecológica para usos ecossistêmicos,2020,,Presente,None,Dado indisponível,#DCDCDC,3961,Severiano Melo/RN,
Recursos hídricos,28,Vazão ecológica para usos ecossistêmicos,2020,,Presente,None,Dado indisponível,#DCDCDC,3612,Sigefredo Pacheco/PI,
Recursos hídricos,28,Vazão ecológica para usos ecossistêmicos,2020,,Presente,None,Dado indisponível,#DCDCDC,1766,Silva Jardim/RJ,
Recursos hídricos,28,Vazão ecológica para usos ecossistêmicos,2020,,Presente,None,Dado indisponível,#DCDCDC,473,Silveira Martins/RS,
Recursos hídricos,28,Vazão ecológica para usos ecossistêmicos,2020,,Presente,None,Dado indisponível,#DCDCDC,1543,Silveirânia/MG,
Recursos hídricos,28,Vazão ecológica para usos ecossistêmicos,2020,,Presente,None,Dado indisponível,#DCDCDC,2317,Silveiras/SP,
Recursos hídricos,28,Vazão ecológica para usos ecossistêmicos,2020,,Presente,None,Dado indisponível,#DCDCDC,5513,Silves/AM,
Recursos hídricos,28,Vazão ecológica para usos ecossistêmicos,2020,,Presente,None,Dado indisponível,#DCDCDC,1544,Silvianópolis/MG,
Recursos hídricos,28,Vazão ecológica para usos ecossistêmicos,2020,,Presente,None,Dado indisponível,#DCDCDC,4558,Simão Dias/SE,
Recursos hídricos,28,Vazão ecológica para usos ecossistêmicos,2020,,Presente,None,Dado indisponível,#DCDCDC,1545,Simão Pereira/MG,
Recursos hídricos,28,Vazão ecológica para usos ecossistêmicos,2020,,Presente,None,Dado indisponível,#DCDCDC,4838,Simões Filho/BA,
Recursos hídricos,28,Vazão ecológica para usos ecossistêmicos,2020,,Presente,None,Dado indisponível,#DCDCDC,2804,Simolândia/GO,
Recursos hídricos,28,Vazão ecológica para usos ecossistêmicos,2020,,Presente,None,Dado indisponível,#DCDCDC,474,Sinimbu/RS,
Recursos hídricos,28,Vazão ecológica para usos ecossistêmicos,2020,,Presente,None,Dado indisponível,#DCDCDC,5422,Siqueira Campos/PR,
Recursos hídricos,28,Vazão ecológica para usos ecossistêmicos,2020,,Presente,None,Dado indisponível,#DCDCDC,4559,Siriri/SE,
Recursos hídricos,28,Vazão ecológica para usos ecossistêmicos,2020,,Presente,None,Dado indisponível,#DCDCDC,3962,Sítio Novo/RN,
Recursos hídricos,28,Vazão ecológica para usos ecossistêmicos,2020,,Presente,None,Dado indisponível,#DCDCDC,4841,Sobradinho/BA,
Recursos hídricos,28,Vazão ecológica para usos ecossistêmicos,2020,,Presente,None,Dado indisponível,#DCDCDC,475,Sobradinho/RS,
Recursos hídricos,28,Vazão ecológica para usos ecossistêmicos,2020,,Presente,None,Dado indisponível,#DCDCDC,3615,Socorro do Piauí/PI,
Recursos hídricos,28,Vazão ecológica para usos ecossistêmicos,2020,,Presente,None,Dado indisponível,#DCDCDC,4186,Solânea/PB,
Recursos hídricos,28,Vazão ecológica para usos ecossistêmicos,2020,,Presente,None,Dado indisponível,#DCDCDC,1548,Soledade de Minas/MG,
Recursos hídricos,28,Vazão ecológica para usos ecossistêmicos,2020,,Presente,None,Dado indisponível,#DCDCDC,4187,Soledade/PB,
Recursos hídricos,28,Vazão ecológica para usos ecossistêmicos,2020,,Presente,None,Dado indisponível,#DCDCDC,476,Soledade/RS,
Recursos hídricos,28,Vazão ecológica para usos ecossistêmicos,2020,,Presente,None,Dado indisponível,#DCDCDC,3795,Solonópole/CE,
Recursos hídricos,28,Vazão ecológica para usos ecossistêmicos,2020,,Presente,None,Dado indisponível,#DCDCDC,2542,Sombrio/SC,
Recursos hídricos,28,Vazão ecológica para usos ecossistêmicos,2020,,Presente,None,Dado indisponível,#DCDCDC,1676,Sooretama/ES,
Recursos hídricos,28,Vazão ecológica para usos ecossistêmicos,2020,,Presente,None,Dado indisponível,#DCDCDC,3036,Soure/PA,
Recursos hídricos,28,Vazão ecológica para usos ecossistêmicos,2020,,Presente,None,Dado indisponível,#DCDCDC,4842,Souto Soares/BA,
Recursos hídricos,28,Vazão ecológica para usos ecossistêmicos,2020,,Presente,None,Dado indisponível,#DCDCDC,3386,Sucupira do Norte/MA,
Recursos hídricos,28,Vazão ecológica para usos ecossistêmicos,2020,,Presente,None,Dado indisponível,#DCDCDC,3387,Sucupira do Riachão/MA,
Recursos hídricos,28,Vazão ecológica para usos ecossistêmicos,2020,,Presente,None,Dado indisponível,#DCDCDC,117,Sul Brasil/SC,
Recursos hídricos,28,Vazão ecológica para usos ecossistêmicos,2020,,Presente,None,Dado indisponível,#DCDCDC,5290,Sulina/PR,
Recursos hídricos,28,Vazão ecológica para usos ecossistêmicos,2020,,Presente,None,Dado indisponível,#DCDCDC,4190,Sumé/PB,
Recursos hídricos,28,Vazão ecológica para usos ecossistêmicos,2020,,Presente,None,Dado indisponível,#DCDCDC,1767,Sumidouro/RJ,
Recursos hídricos,28,Vazão ecológica para usos ecossistêmicos,2020,,Presente,None,Dado indisponível,#DCDCDC,477,Tabaí/RS,
Recursos hídricos,28,Vazão ecológica para usos ecossistêmicos,2020,,Presente,None,Dado indisponível,#DCDCDC,5514,Tabatinga/AM,
Recursos hídricos,28,Vazão ecológica para usos ecossistêmicos,2020,,Presente,None,Dado indisponível,#DCDCDC,2326,Taboão da Serra/SP,
Recursos hídricos,28,Vazão ecológica para usos ecossistêmicos,2020,,Presente,None,Dado indisponível,#DCDCDC,3101,Tabocão/TO,
Recursos hídricos,28,Vazão ecológica para usos ecossistêmicos,2020,,Presente,None,Dado indisponível,#DCDCDC,4843,Tabocas do Brejo Velho/BA,
Recursos hídricos,28,Vazão ecológica para usos ecossistêmicos,2020,,Presente,None,Dado indisponível,#DCDCDC,3963,Taboleiro Grande/RN,
Recursos hídricos,28,Vazão ecológica para usos ecossistêmicos,2020,,Presente,None,Dado indisponível,#DCDCDC,3796,Tabuleiro do Norte/CE,
Recursos hídricos,28,Vazão ecológica para usos ecossistêmicos,2020,,Presente,None,Dado indisponível,#DCDCDC,4367,Tacaimbó/PE,
Recursos hídricos,28,Vazão ecológica para usos ecossistêmicos,2020,,Presente,None,Dado indisponível,#DCDCDC,4910,Taciba/SP,
Recursos hídricos,28,Vazão ecológica para usos ecossistêmicos,2020,,Presente,None,Dado indisponível,#DCDCDC,4191,Tacima/PB,
Recursos hídricos,28,Vazão ecológica para usos ecossistêmicos,2020,,Presente,None,Dado indisponível,#DCDCDC,3177,Taguatinga/TO,
Recursos hídricos,28,Vazão ecológica para usos ecossistêmicos,2020,,Presente,None,Dado indisponível,#DCDCDC,3037,Tailândia/PA,
Recursos hídricos,28,Vazão ecológica para usos ecossistêmicos,2020,,Presente,None,Dado indisponível,#DCDCDC,2543,Taió/SC,
Recursos hídricos,28,Vazão ecológica para usos ecossistêmicos,2020,,Presente,None,Dado indisponível,#DCDCDC,3178,Taipas do Tocantins/TO,
Recursos hídricos,28,Vazão ecológica para usos ecossistêmicos,2020,,Presente,None,Dado indisponível,#DCDCDC,5423,Tamarana/PR,
Recursos hídricos,28,Vazão ecológica para usos ecossistêmicos,2020,,Presente,None,Dado indisponível,#DCDCDC,3617,Tamboril do Piauí/PI,
Recursos hídricos,28,Vazão ecológica para usos ecossistêmicos,2020,,Presente,None,Dado indisponível,#DCDCDC,3965,Tangará/RN,
Recursos hídricos,28,Vazão ecológica para usos ecossistêmicos,2020,,Presente,None,Dado indisponível,#DCDCDC,1768,Tanguá/RJ,
Recursos hídricos,28,Vazão ecológica para usos ecossistêmicos,2020,,Presente,None,Dado indisponível,#DCDCDC,4483,Tanque d'Arca/AL,
Recursos hídricos,28,Vazão ecológica para usos ecossistêmicos,2020,,Presente,None,Dado indisponível,#DCDCDC,4844,Tanque Novo/BA,
Recursos hídricos,28,Vazão ecológica para usos ecossistêmicos,2020,,Presente,None,Dado indisponível,#DCDCDC,4845,Tanquinho/BA,
Recursos hídricos,28,Vazão ecológica para usos ecossistêmicos,2020,,Presente,None,Dado indisponível,#DCDCDC,1551,Taparuba/MG,
Recursos hídricos,28,Vazão ecológica para usos ecossistêmicos,2020,,Presente,None,Dado indisponível,#DCDCDC,5515,Tapauá/AM,
Recursos hídricos,28,Vazão ecológica para usos ecossistêmicos,2020,,Presente,None,Dado indisponível,#DCDCDC,479,Tapera/RS,
Recursos hídricos,28,Vazão ecológica para usos ecossistêmicos,2020,,Presente,None,Dado indisponível,#DCDCDC,4846,Taperoá/BA,
Recursos hídricos,28,Vazão ecológica para usos ecossistêmicos,2020,,Presente,None,Dado indisponível,#DCDCDC,2332,Tapiraí/SP,
Recursos hídricos,28,Vazão ecológica para usos ecossistêmicos,2020,,Presente,None,Dado indisponível,#DCDCDC,4847,Tapiramutá/BA,
Recursos hídricos,28,Vazão ecológica para usos ecossistêmicos,2020,,Presente,None,Dado indisponível,#DCDCDC,2334,Taquaral/SP,
Recursos hídricos,28,Vazão ecológica para usos ecossistêmicos,2020,,Presente,None,Dado indisponível,#DCDCDC,4484,Taquarana/AL,
Recursos hídricos,28,Vazão ecológica para usos ecossistêmicos,2020,,Presente,None,Dado indisponível,#DCDCDC,480,Taquari/RS,
Recursos hídricos,28,Vazão ecológica para usos ecossistêmicos,2020,,Presente,None,Dado indisponível,#DCDCDC,4370,Taquaritinga do Norte/PE,
Recursos hídricos,28,Vazão ecológica para usos ecossistêmicos,2020,,Presente,None,Dado indisponível,#DCDCDC,2337,Taquarivaí/SP,
Recursos hídricos,28,Vazão ecológica para usos ecossistêmicos,2020,,Presente,None,Dado indisponível,#DCDCDC,481,Taquaruçu do Sul/RS,
Recursos hídricos,28,Vazão ecológica para usos ecossistêmicos,2020,,Presente,None,Dado indisponível,#DCDCDC,3798,Tarrafas/CE,
Recursos hídricos,28,Vazão ecológica para usos ecossistêmicos,2020,,Presente,None,Dado indisponível,#DCDCDC,5048,Tartarugalzinho/AP,
Recursos hídricos,28,Vazão ecológica para usos ecossistêmicos,2020,,Presente,None,Dado indisponível,#DCDCDC,4193,Tavares/PB,
Recursos hídricos,28,Vazão ecológica para usos ecossistêmicos,2020,,Presente,None,Dado indisponível,#DCDCDC,2633,Tavares/RS,
Recursos hídricos,28,Vazão ecológica para usos ecossistêmicos,2020,,Presente,None,Dado indisponível,#DCDCDC,5516,Tefé/AM,
Recursos hídricos,28,Vazão ecológica para usos ecossistêmicos,2020,,Presente,None,Dado indisponível,#DCDCDC,747,Teixeira de Freitas/BA,
Recursos hídricos,28,Vazão ecológica para usos ecossistêmicos,2020,,Presente,None,Dado indisponível,#DCDCDC,4194,Teixeira/PB,
Recursos hídricos,28,Vazão ecológica para usos ecossistêmicos,2020,,Presente,None,Dado indisponível,#DCDCDC,5424,Teixeira Soares/PR,
Recursos hídricos,28,Vazão ecológica para usos ecossistêmicos,2020,,Presente,None,Dado indisponível,#DCDCDC,5568,Teixeirópolis/RO,
Recursos hídricos,28,Vazão ecológica para usos ecossistêmicos,2020,,Presente,None,Dado indisponível,#DCDCDC,3800,Tejuçuoca/CE,
Recursos hídricos,28,Vazão ecológica para usos ecossistêmicos,2020,,Presente,None,Dado indisponível,#DCDCDC,2341,Tejupá/SP,
Recursos hídricos,28,Vazão ecológica para usos ecossistêmicos,2020,,Presente,None,Dado indisponível,#DCDCDC,3966,Tenente Ananias/RN,
Recursos hídricos,28,Vazão ecológica para usos ecossistêmicos,2020,,Presente,None,Dado indisponível,#DCDCDC,3967,Tenente Laurentino Cruz/RN,
Recursos hídricos,28,Vazão ecológica para usos ecossistêmicos,2020,,Presente,None,Dado indisponível,#DCDCDC,4195,Tenório/PB,
Recursos hídricos,28,Vazão ecológica para usos ecossistêmicos,2020,,Presente,None,Dado indisponível,#DCDCDC,4848,Teodoro Sampaio/BA,
Recursos hídricos,28,Vazão ecológica para usos ecossistêmicos,2020,,Presente,None,Dado indisponível,#DCDCDC,4849,Teofilândia/BA,
Recursos hídricos,28,Vazão ecológica para usos ecossistêmicos,2020,,Presente,None,Dado indisponível,#DCDCDC,4850,Teolândia/BA,
Recursos hídricos,28,Vazão ecológica para usos ecossistêmicos,2020,,Presente,None,Dado indisponível,#DCDCDC,4485,Teotônio Vilela/AL,
Recursos hídricos,28,Vazão ecológica para usos ecossistêmicos,2020,,Presente,None,Dado indisponível,#DCDCDC,595,Terenos/MS,
Recursos hídricos,28,Vazão ecológica para usos ecossistêmicos,2020,,Presente,None,Dado indisponível,#DCDCDC,4893,Teresina de Goiás/GO,
Recursos hídricos,28,Vazão ecológica para usos ecossistêmicos,2020,,Presente,None,Dado indisponível,#DCDCDC,1769,Teresópolis/RJ,
Recursos hídricos,28,Vazão ecológica para usos ecossistêmicos,2020,,Presente,None,Dado indisponível,#DCDCDC,4371,Terezinha/PE,
Recursos hídricos,28,Vazão ecológica para usos ecossistêmicos,2020,,Presente,None,Dado indisponível,#DCDCDC,2634,Terra de Areia/RS,
Recursos hídricos,28,Vazão ecológica para usos ecossistêmicos,2020,,Presente,None,Dado indisponível,#DCDCDC,4851,Terra Nova/BA,
Recursos hídricos,28,Vazão ecológica para usos ecossistêmicos,2020,,Presente,None,Dado indisponível,#DCDCDC,2932,Terra Nova do Norte/MT,
Recursos hídricos,28,Vazão ecológica para usos ecossistêmicos,2020,,Presente,None,Dado indisponível,#DCDCDC,5295,Terra Rica/PR,
Recursos hídricos,28,Vazão ecológica para usos ecossistêmicos,2020,,Presente,None,Dado indisponível,#DCDCDC,2880,Terra Santa/PA,
Recursos hídricos,28,Vazão ecológica para usos ecossistêmicos,2020,,Presente,None,Dado indisponível,#DCDCDC,483,Teutônia/RS,
Recursos hídricos,28,Vazão ecológica para usos ecossistêmicos,2020,,Presente,None,Dado indisponível,#DCDCDC,5426,Tibagi/PR,
Recursos hídricos,28,Vazão ecológica para usos ecossistêmicos,2020,,Presente,None,Dado indisponível,#DCDCDC,3932,Tibau/RN,
Recursos hídricos,28,Vazão ecológica para usos ecossistêmicos,2020,,Presente,None,Dado indisponível,#DCDCDC,118,Tigrinhos/SC,
Recursos hídricos,28,Vazão ecológica para usos ecossistêmicos,2020,,Presente,None,Dado indisponível,#DCDCDC,5427,Tijucas do Sul/PR,
Recursos hídricos,28,Vazão ecológica para usos ecossistêmicos,2020,,Presente,None,Dado indisponível,#DCDCDC,2545,Tijucas/SC,
Recursos hídricos,28,Vazão ecológica para usos ecossistêmicos,2020,,Presente,None,Dado indisponível,#DCDCDC,3969,Timbaúba dos Batistas/RN,
Recursos hídricos,28,Vazão ecológica para usos ecossistêmicos,2020,,Presente,None,Dado indisponível,#DCDCDC,2546,Timbé do Sul/SC,
Recursos hídricos,28,Vazão ecológica para usos ecossistêmicos,2020,,Presente,None,Dado indisponível,#DCDCDC,3389,Timbiras/MA,
Recursos hídricos,28,Vazão ecológica para usos ecossistêmicos,2020,,Presente,None,Dado indisponível,#DCDCDC,2548,Timbó Grande/SC,
Recursos hídricos,28,Vazão ecológica para usos ecossistêmicos,2020,,Presente,None,Dado indisponível,#DCDCDC,2547,Timbó/SC,
Recursos hídricos,28,Vazão ecológica para usos ecossistêmicos,2020,,Presente,None,Dado indisponível,#DCDCDC,2344,Timburi/SP,
Recursos hídricos,28,Vazão ecológica para usos ecossistêmicos,2020,,Presente,None,Dado indisponível,#DCDCDC,1558,Timóteo/MG,
Recursos hídricos,28,Vazão ecológica para usos ecossistêmicos,2020,,Presente,None,Dado indisponível,#DCDCDC,484,Tio Hugo/RS,
Recursos hídricos,28,Vazão ecológica para usos ecossistêmicos,2020,,Presente,None,Dado indisponível,#DCDCDC,1559,Tiradentes/MG,
Recursos hídricos,28,Vazão ecológica para usos ecossistêmicos,2020,,Presente,None,Dado indisponível,#DCDCDC,3182,Tocantinópolis/TO,
Recursos hídricos,28,Vazão ecológica para usos ecossistêmicos,2020,,Presente,None,Dado indisponível,#DCDCDC,1561,Tocantins/MG,
Recursos hídricos,28,Vazão ecológica para usos ecossistêmicos,2020,,Presente,None,Dado indisponível,#DCDCDC,4562,Tomar do Geru/SE,
Recursos hídricos,28,Vazão ecológica para usos ecossistêmicos,2020,,Presente,None,Dado indisponível,#DCDCDC,5517,Tonantins/AM,
Recursos hídricos,28,Vazão ecológica para usos ecossistêmicos,2020,,Presente,None,Dado indisponível,#DCDCDC,4374,Toritama/PE,
Recursos hídricos,28,Vazão ecológica para usos ecossistêmicos,2020,,Presente,None,Dado indisponível,#DCDCDC,2345,Torre de Pedra/SP,
Recursos hídricos,28,Vazão ecológica para usos ecossistêmicos,2020,,Presente,None,Dado indisponível,#DCDCDC,2635,Torres/RS,
Recursos hídricos,28,Vazão ecológica para usos ecossistêmicos,2020,,Presente,None,Dado indisponível,#DCDCDC,2346,Torrinha/SP,
Recursos hídricos,28,Vazão ecológica para usos ecossistêmicos,2020,,Presente,None,Dado indisponível,#DCDCDC,3040,Tracuateua/PA,
Recursos hídricos,28,Vazão ecológica para usos ecossistêmicos,2020,,Presente,None,Dado indisponível,#DCDCDC,2881,Trairão/PA,
Recursos hídricos,28,Vazão ecológica para usos ecossistêmicos,2020,,Presente,None,Dado indisponível,#DCDCDC,3802,Trairi/CE,
Recursos hídricos,28,Vazão ecológica para usos ecossistêmicos,2020,,Presente,None,Dado indisponível,#DCDCDC,1770,Trajano de Moraes/RJ,
Recursos hídricos,28,Vazão ecológica para usos ecossistêmicos,2020,,Presente,None,Dado indisponível,#DCDCDC,2636,Tramandaí/RS,
Recursos hídricos,28,Vazão ecológica para usos ecossistêmicos,2020,,Presente,None,Dado indisponível,#DCDCDC,487,Travesseiro/RS,
Recursos hídricos,28,Vazão ecológica para usos ecossistêmicos,2020,,Presente,None,Dado indisponível,#DCDCDC,2348,Tremembé/SP,
Recursos hídricos,28,Vazão ecológica para usos ecossistêmicos,2020,,Presente,None,Dado indisponível,#DCDCDC,488,Três Arroios/RS,
Recursos hídricos,28,Vazão ecológica para usos ecossistêmicos,2020,,Presente,None,Dado indisponível,#DCDCDC,5298,Três Barras do Paraná/PR,
Recursos hídricos,28,Vazão ecológica para usos ecossistêmicos,2020,,Presente,None,Dado indisponível,#DCDCDC,2549,Três Barras/SC,
Recursos hídricos,28,Vazão ecológica para usos ecossistêmicos,2020,,Presente,None,Dado indisponível,#DCDCDC,2637,Três Cachoeiras/RS,
Recursos hídricos,28,Vazão ecológica para usos ecossistêmicos,2020,,Presente,None,Dado indisponível,#DCDCDC,1565,Três Corações/MG,
Recursos hídricos,28,Vazão ecológica para usos ecossistêmicos,2020,,Presente,None,Dado indisponível,#DCDCDC,2638,Três Coroas/RS,
Recursos hídricos,28,Vazão ecológica para usos ecossistêmicos,2020,,Presente,None,Dado indisponível,#DCDCDC,2639,Três Forquilhas/RS,
Recursos hídricos,28,Vazão ecológica para usos ecossistêmicos,2020,,Presente,None,Dado indisponível,#DCDCDC,490,Três Palmeiras/RS,
Recursos hídricos,28,Vazão ecológica para usos ecossistêmicos,2020,,Presente,None,Dado indisponível,#DCDCDC,1771,Três Rios/RJ,
Recursos hídricos,28,Vazão ecológica para usos ecossistêmicos,2020,,Presente,None,Dado indisponível,#DCDCDC,2550,Treviso/SC,
Recursos hídricos,28,Vazão ecológica para usos ecossistêmicos,2020,,Presente,None,Dado indisponível,#DCDCDC,2551,Treze de Maio/SC,
Recursos hídricos,28,Vazão ecológica para usos ecossistêmicos,2020,,Presente,None,Dado indisponível,#DCDCDC,4196,Triunfo/PB,
Recursos hídricos,28,Vazão ecológica para usos ecossistêmicos,2020,,Presente,None,Dado indisponível,#DCDCDC,4943,Triunfo/RS,
Recursos hídricos,28,Vazão ecológica para usos ecossistêmicos,2020,,Presente,None,Dado indisponível,#DCDCDC,2552,Trombudo Central/SC,
Recursos hídricos,28,Vazão ecológica para usos ecossistêmicos,2020,,Presente,None,Dado indisponível,#DCDCDC,493,Tucunduva/RS,
Recursos hídricos,28,Vazão ecológica para usos ecossistêmicos,2020,,Presente,None,Dado indisponível,#DCDCDC,3041,Tucuruí/PA,
Recursos hídricos,28,Vazão ecológica para usos ecossistêmicos,2020,,Presente,None,Dado indisponível,#DCDCDC,2350,Tuiuti/SP,
Recursos hídricos,28,Vazão ecológica para usos ecossistêmicos,2020,,Presente,None,Dado indisponível,#DCDCDC,119,Tunápolis/SC,
Recursos hídricos,28,Vazão ecológica para usos ecossistêmicos,2020,,Presente,None,Dado indisponível,#DCDCDC,494,Tunas/RS,
Recursos hídricos,28,Vazão ecológica para usos ecossistêmicos,2020,,Presente,None,Dado indisponível,#DCDCDC,495,Tupanci do Sul/RS,
Recursos hídricos,28,Vazão ecológica para usos ecossistêmicos,2020,,Presente,None,Dado indisponível,#DCDCDC,4944,Tupandi/RS,
Recursos hídricos,28,Vazão ecológica para usos ecossistêmicos,2020,,Presente,None,Dado indisponível,#DCDCDC,497,Tuparendi/RS,
Recursos hídricos,28,Vazão ecológica para usos ecossistêmicos,2020,,Presente,None,Dado indisponível,#DCDCDC,5300,Tupãssi/PR,
Recursos hídricos,28,Vazão ecológica para usos ecossistêmicos,2020,,Presente,None,Dado indisponível,#DCDCDC,3183,Tupirama/TO,
Recursos hídricos,28,Vazão ecológica para usos ecossistêmicos,2020,,Presente,None,Dado indisponível,#DCDCDC,3184,Tupiratins/TO,
Recursos hídricos,28,Vazão ecológica para usos ecossistêmicos,2020,,Presente,None,Dado indisponível,#DCDCDC,3394,Turiaçu/MA,
Recursos hídricos,28,Vazão ecológica para usos ecossistêmicos,2020,,Presente,None,Dado indisponível,#DCDCDC,3803,Tururu/CE,
Recursos hídricos,28,Vazão ecológica para usos ecossistêmicos,2020,,Presente,None,Dado indisponível,#DCDCDC,1571,Turvolândia/MG,
Recursos hídricos,28,Vazão ecológica para usos ecossistêmicos,2020,,Presente,None,Dado indisponível,#DCDCDC,2554,Turvo/SC,
Recursos hídricos,28,Vazão ecológica para usos ecossistêmicos,2020,,Presente,None,Dado indisponível,#DCDCDC,5518,Uarini/AM,
Recursos hídricos,28,Vazão ecológica para usos ecossistêmicos,2020,,Presente,None,Dado indisponível,#DCDCDC,4854,Ubaíra/BA,
Recursos hídricos,28,Vazão ecológica para usos ecossistêmicos,2020,,Presente,None,Dado indisponível,#DCDCDC,3804,Ubajara/CE,
Recursos hídricos,28,Vazão ecológica para usos ecossistêmicos,2020,,Presente,None,Dado indisponível,#DCDCDC,1572,Ubá/MG,
Recursos hídricos,28,Vazão ecológica para usos ecossistêmicos,2020,,Presente,None,Dado indisponível,#DCDCDC,1574,Ubaporanga/MG,
Recursos hídricos,28,Vazão ecológica para usos ecossistêmicos,2020,,Presente,None,Dado indisponível,#DCDCDC,2354,Ubarana/SP,
Recursos hídricos,28,Vazão ecológica para usos ecossistêmicos,2020,,Presente,None,Dado indisponível,#DCDCDC,2355,Ubatuba/SP,
Recursos hídricos,28,Vazão ecológica para usos ecossistêmicos,2020,,Presente,None,Dado indisponível,#DCDCDC,2356,Ubirajara/SP,
Recursos hídricos,28,Vazão ecológica para usos ecossistêmicos,2020,,Presente,None,Dado indisponível,#DCDCDC,499,Ubiretama/RS,
Recursos hídricos,28,Vazão ecológica para usos ecossistêmicos,2020,,Presente,None,Dado indisponível,#DCDCDC,4856,Uibaí/BA,
Recursos hídricos,28,Vazão ecológica para usos ecossistêmicos,2020,,Presente,None,Dado indisponível,#DCDCDC,2857,Uiramutã/RR,
Recursos hídricos,28,Vazão ecológica para usos ecossistêmicos,2020,,Presente,None,Dado indisponível,#DCDCDC,4197,Uiraúna/PB,
Recursos hídricos,28,Vazão ecológica para usos ecossistêmicos,2020,,Presente,None,Dado indisponível,#DCDCDC,3805,Umari/CE,
Recursos hídricos,28,Vazão ecológica para usos ecossistêmicos,2020,,Presente,None,Dado indisponível,#DCDCDC,3972,Umarizal/RN,
Recursos hídricos,28,Vazão ecológica para usos ecossistêmicos,2020,,Presente,None,Dado indisponível,#DCDCDC,4563,Umbaúba/SE,
Recursos hídricos,28,Vazão ecológica para usos ecossistêmicos,2020,,Presente,None,Dado indisponível,#DCDCDC,1577,Umburatiba/MG,
Recursos hídricos,28,Vazão ecológica para usos ecossistêmicos,2020,,Presente,None,Dado indisponível,#DCDCDC,4198,Umbuzeiro/PB,
Recursos hídricos,28,Vazão ecológica para usos ecossistêmicos,2020,,Presente,None,Dado indisponível,#DCDCDC,3806,Umirim/CE,
Recursos hídricos,28,Vazão ecológica para usos ecossistêmicos,2020,,Presente,None,Dado indisponível,#DCDCDC,500,União da Serra/RS,
Recursos hídricos,28,Vazão ecológica para usos ecossistêmicos,2020,,Presente,None,Dado indisponível,#DCDCDC,5430,União da Vitória/PR,
Recursos hídricos,28,Vazão ecológica para usos ecossistêmicos,2020,,Presente,None,Dado indisponível,#DCDCDC,120,União do Oeste/SC,
Recursos hídricos,28,Vazão ecológica para usos ecossistêmicos,2020,,Presente,None,Dado indisponível,#DCDCDC,2933,União do Sul/MT,
Recursos hídricos,28,Vazão ecológica para usos ecossistêmicos,2020,,Presente,None,Dado indisponível,#DCDCDC,5303,Uniflor/PR,
Recursos hídricos,28,Vazão ecológica para usos ecossistêmicos,2020,,Presente,None,Dado indisponível,#DCDCDC,501,Unistalda/RS,
Recursos hídricos,28,Vazão ecológica para usos ecossistêmicos,2020,,Presente,None,Dado indisponível,#DCDCDC,3973,Upanema/RN,
Recursos hídricos,28,Vazão ecológica para usos ecossistêmicos,2020,,Presente,None,Dado indisponível,#DCDCDC,5431,Uraí/PR,
Recursos hídricos,28,Vazão ecológica para usos ecossistêmicos,2020,,Presente,None,Dado indisponível,#DCDCDC,2882,Uruará/PA,
Recursos hídricos,28,Vazão ecológica para usos ecossistêmicos,2020,,Presente,None,Dado indisponível,#DCDCDC,2555,Urubici/SC,
Recursos hídricos,28,Vazão ecológica para usos ecossistêmicos,2020,,Presente,None,Dado indisponível,#DCDCDC,3807,Uruburetama/CE,
Recursos hídricos,28,Vazão ecológica para usos ecossistêmicos,2020,,Presente,None,Dado indisponível,#DCDCDC,1581,Urucânia/MG,
Recursos hídricos,28,Vazão ecológica para usos ecossistêmicos,2020,,Presente,None,Dado indisponível,#DCDCDC,5519,Urucará/AM,
Recursos hídricos,28,Vazão ecológica para usos ecossistêmicos,2020,,Presente,None,Dado indisponível,#DCDCDC,5520,Urucurituba/AM,
Recursos hídricos,28,Vazão ecológica para usos ecossistêmicos,2020,,Presente,None,Dado indisponível,#DCDCDC,2556,Urupema/SC,
Recursos hídricos,28,Vazão ecológica para usos ecossistêmicos,2020,,Presente,None,Dado indisponível,#DCDCDC,2813,Urutaí/GO,
Recursos hídricos,28,Vazão ecológica para usos ecossistêmicos,2020,,Presente,None,Dado indisponível,#DCDCDC,4858,Utinga/BA,
Recursos hídricos,28,Vazão ecológica para usos ecossistêmicos,2020,,Presente,None,Dado indisponível,#DCDCDC,5572,Vale do Paraíso/RO,
Recursos hídricos,28,Vazão ecológica para usos ecossistêmicos,2020,,Presente,None,Dado indisponível,#DCDCDC,504,Vale do Sol/RS,
Recursos hídricos,28,Vazão ecológica para usos ecossistêmicos,2020,,Presente,None,Dado indisponível,#DCDCDC,4859,Valença/BA,
Recursos hídricos,28,Vazão ecológica para usos ecossistêmicos,2020,,Presente,None,Dado indisponível,#DCDCDC,4860,Valente/BA,
Recursos hídricos,28,Vazão ecológica para usos ecossistêmicos,2020,,Presente,None,Dado indisponível,#DCDCDC,2641,Vale Real/RS,
Recursos hídricos,28,Vazão ecológica para usos ecossistêmicos,2020,,Presente,None,Dado indisponível,#DCDCDC,503,Vale Verde/RS,
Recursos hídricos,28,Vazão ecológica para usos ecossistêmicos,2020,,Presente,None,Dado indisponível,#DCDCDC,2814,Valparaíso de Goiás/GO,
Recursos hídricos,28,Vazão ecológica para usos ecossistêmicos,2020,,Presente,None,Dado indisponível,#DCDCDC,505,Vanini/RS,
Recursos hídricos,28,Vazão ecológica para usos ecossistêmicos,2020,,Presente,None,Dado indisponível,#DCDCDC,121,Vargeão/SC,
Recursos hídricos,28,Vazão ecológica para usos ecossistêmicos,2020,,Presente,None,Dado indisponível,#DCDCDC,1583,Vargem Alegre/MG,
Recursos hídricos,28,Vazão ecológica para usos ecossistêmicos,2020,,Presente,None,Dado indisponível,#DCDCDC,1584,Vargem Bonita/MG,
Recursos hídricos,28,Vazão ecológica para usos ecossistêmicos,2020,,Presente,None,Dado indisponível,#DCDCDC,1585,Vargem Grande do Rio Pardo/MG,
Recursos hídricos,28,Vazão ecológica para usos ecossistêmicos,2020,,Presente,None,Dado indisponível,#DCDCDC,2366,Vargem Grande do Sul/SP,
Recursos hídricos,28,Vazão ecológica para usos ecossistêmicos,2020,,Presente,None,Dado indisponível,#DCDCDC,2558,Vargem/SC,
Recursos hídricos,28,Vazão ecológica para usos ecossistêmicos,2020,,Presente,None,Dado indisponível,#DCDCDC,2365,Vargem/SP,
Recursos hídricos,28,Vazão ecológica para usos ecossistêmicos,2020,,Presente,None,Dado indisponível,#DCDCDC,3809,Varjota/CE,
Recursos hídricos,28,Vazão ecológica para usos ecossistêmicos,2020,,Presente,None,Dado indisponível,#DCDCDC,3810,Várzea Alegre/CE,
Recursos hídricos,28,Vazão ecológica para usos ecossistêmicos,2020,,Presente,None,Dado indisponível,#DCDCDC,4861,Várzea da Roça/BA,
Recursos hídricos,28,Vazão ecológica para usos ecossistêmicos,2020,,Presente,None,Dado indisponível,#DCDCDC,4862,Várzea do Poço/BA,
Recursos hídricos,28,Vazão ecológica para usos ecossistêmicos,2020,,Presente,None,Dado indisponível,#DCDCDC,3624,Várzea Grande/PI,
Recursos hídricos,28,Vazão ecológica para usos ecossistêmicos,2020,,Presente,None,Dado indisponível,#DCDCDC,4199,Várzea/PB,
Recursos hídricos,28,Vazão ecológica para usos ecossistêmicos,2020,,Presente,None,Dado indisponível,#DCDCDC,4864,Varzedo/BA,
Recursos hídricos,28,Vazão ecológica para usos ecossistêmicos,2020,,Presente,None,Dado indisponível,#DCDCDC,506,Venâncio Aires/RS,
Recursos hídricos,28,Vazão ecológica para usos ecossistêmicos,2020,,Presente,None,Dado indisponível,#DCDCDC,1678,Venda Nova do Imigrante/ES,
Recursos hídricos,28,Vazão ecológica para usos ecossistêmicos,2020,,Presente,None,Dado indisponível,#DCDCDC,3975,Venha-Ver/RN,
Recursos hídricos,28,Vazão ecológica para usos ecossistêmicos,2020,,Presente,None,Dado indisponível,#DCDCDC,5433,Ventania/PR,
Recursos hídricos,28,Vazão ecológica para usos ecossistêmicos,2020,,Presente,None,Dado indisponível,#DCDCDC,4865,Vera Cruz/BA,
Recursos hídricos,28,Vazão ecológica para usos ecossistêmicos,2020,,Presente,None,Dado indisponível,#DCDCDC,507,Vera Cruz/RS,
Recursos hídricos,28,Vazão ecológica para usos ecossistêmicos,2020,,Presente,None,Dado indisponível,#DCDCDC,3625,Vera Mendes/PI,
Recursos hídricos,28,Vazão ecológica para usos ecossistêmicos,2020,,Presente,None,Dado indisponível,#DCDCDC,508,Veranópolis/RS,
Recursos hídricos,28,Vazão ecológica para usos ecossistêmicos,2020,,Presente,None,Dado indisponível,#DCDCDC,1592,Veredinha/MG,
Recursos hídricos,28,Vazão ecológica para usos ecossistêmicos,2020,,Presente,None,Dado indisponível,#DCDCDC,5305,Verê/PR,
Recursos hídricos,28,Vazão ecológica para usos ecossistêmicos,2020,,Presente,None,Dado indisponível,#DCDCDC,1594,Vermelho Novo/MG,
Recursos hídricos,28,Vazão ecológica para usos ecossistêmicos,2020,,Presente,None,Dado indisponível,#DCDCDC,4382,Vertente do Lério/PE,
Recursos hídricos,28,Vazão ecológica para usos ecossistêmicos,2020,,Presente,None,Dado indisponível,#DCDCDC,4383,Vertentes/PE,
Recursos hídricos,28,Vazão ecológica para usos ecossistêmicos,2020,,Presente,None,Dado indisponível,#DCDCDC,509,Vespasiano Corrêa/RS,
Recursos hídricos,28,Vazão ecológica para usos ecossistêmicos,2020,,Presente,None,Dado indisponível,#DCDCDC,510,Viadutos/RS,
Recursos hídricos,28,Vazão ecológica para usos ecossistêmicos,2020,,Presente,None,Dado indisponível,#DCDCDC,511,Vicente Dutra/RS,
Recursos hídricos,28,Vazão ecológica para usos ecossistêmicos,2020,,Presente,None,Dado indisponível,#DCDCDC,3977,Viçosa/RN,
Recursos hídricos,28,Vazão ecológica para usos ecossistêmicos,2020,,Presente,None,Dado indisponível,#DCDCDC,512,Victor Graeff/RS,
Recursos hídricos,28,Vazão ecológica para usos ecossistêmicos,2020,,Presente,None,Dado indisponível,#DCDCDC,2559,Vidal Ramos/SC,
Recursos hídricos,28,Vazão ecológica para usos ecossistêmicos,2020,,Presente,None,Dado indisponível,#DCDCDC,1597,Vieiras/MG,
Recursos hídricos,28,Vazão ecológica para usos ecossistêmicos,2020,,Presente,None,Dado indisponível,#DCDCDC,4200,Vieirópolis/PB,
Recursos hídricos,28,Vazão ecológica para usos ecossistêmicos,2020,,Presente,None,Dado indisponível,#DCDCDC,513,Vila Flores/RS,
Recursos hídricos,28,Vazão ecológica para usos ecossistêmicos,2020,,Presente,None,Dado indisponível,#DCDCDC,514,Vila Lângaro/RS,
Recursos hídricos,28,Vazão ecológica para usos ecossistêmicos,2020,,Presente,None,Dado indisponível,#DCDCDC,515,Vila Maria/RS,
Recursos hídricos,28,Vazão ecológica para usos ecossistêmicos,2020,,Presente,None,Dado indisponível,#DCDCDC,3626,Vila Nova do Piauí/PI,
Recursos hídricos,28,Vazão ecológica para usos ecossistêmicos,2020,,Presente,None,Dado indisponível,#DCDCDC,1681,Vila Valério/ES,
Recursos hídricos,28,Vazão ecológica para usos ecossistêmicos,2020,,Presente,None,Dado indisponível,#DCDCDC,5542,Vilhena/RO,
Recursos hídricos,28,Vazão ecológica para usos ecossistêmicos,2020,,Presente,None,Dado indisponível,#DCDCDC,2370,Vinhedo/SP,
Recursos hídricos,28,Vazão ecológica para usos ecossistêmicos,2020,,Presente,None,Dado indisponível,#DCDCDC,1600,Virgínia/MG,
Recursos hídricos,28,Vazão ecológica para usos ecossistêmicos,2020,,Presente,None,Dado indisponível,#DCDCDC,1601,Virginópolis/MG,
Recursos hídricos,28,Vazão ecológica para usos ecossistêmicos,2020,,Presente,None,Dado indisponível,#DCDCDC,1602,Virgolândia/MG,
Recursos hídricos,28,Vazão ecológica para usos ecossistêmicos,2020,,Presente,None,Dado indisponível,#DCDCDC,1603,Visconde do Rio Branco/MG,
Recursos hídricos,28,Vazão ecológica para usos ecossistêmicos,2020,,Presente,None,Dado indisponível,#DCDCDC,3044,Viseu/PA,
Recursos hídricos,28,Vazão ecológica para usos ecossistêmicos,2020,,Presente,None,Dado indisponível,#DCDCDC,518,Vista Alegre do Prata/RS,
Recursos hídricos,28,Vazão ecológica para usos ecossistêmicos,2020,,Presente,None,Dado indisponível,#DCDCDC,517,Vista Alegre/RS,
Recursos hídricos,28,Vazão ecológica para usos ecossistêmicos,2020,,Presente,None,Dado indisponível,#DCDCDC,519,Vista Gaúcha/RS,
Recursos hídricos,28,Vazão ecológica para usos ecossistêmicos,2020,,Presente,None,Dado indisponível,#DCDCDC,4053,Vista Serrana/PB,
Recursos hídricos,28,Vazão ecológica para usos ecossistêmicos,2020,,Presente,None,Dado indisponível,#DCDCDC,1683,Vitória/ES,
Recursos hídricos,28,Vazão ecológica para usos ecossistêmicos,2020,,Presente,None,Dado indisponível,#DCDCDC,5308,Vitorino/PR,
Recursos hídricos,28,Vazão ecológica para usos ecossistêmicos,2020,,Presente,None,Dado indisponível,#DCDCDC,2561,Vitor Meireles/SC,
Recursos hídricos,28,Vazão ecológica para usos ecossistêmicos,2020,,Presente,None,Dado indisponível,#DCDCDC,1604,Volta Grande/MG,
Recursos hídricos,28,Vazão ecológica para usos ecossistêmicos,2020,,Presente,None,Dado indisponível,#DCDCDC,1775,Volta Redonda/RJ,
Recursos hídricos,28,Vazão ecológica para usos ecossistêmicos,2020,,Presente,None,Dado indisponível,#DCDCDC,4866,Wagner/BA,
Recursos hídricos,28,Vazão ecológica para usos ecossistêmicos,2020,,Presente,None,Dado indisponível,#DCDCDC,1605,Wenceslau Braz/MG,
Recursos hídricos,28,Vazão ecológica para usos ecossistêmicos,2020,,Presente,None,Dado indisponível,#DCDCDC,5432,Wenceslau Braz/PR,
Recursos hídricos,28,Vazão ecológica para usos ecossistêmicos,2020,,Presente,None,Dado indisponível,#DCDCDC,4868,Wenceslau Guimarães/BA,
Recursos hídricos,28,Vazão ecológica para usos ecossistêmicos,2020,,Presente,None,Dado indisponível,#DCDCDC,521,Westfália/RS,
Recursos hídricos,28,Vazão ecológica para usos ecossistêmicos,2020,,Presente,None,Dado indisponível,#DCDCDC,2562,Witmarsum/SC,
Recursos hídricos,28,Vazão ecológica para usos ecossistêmicos,2020,,Presente,None,Dado indisponível,#DCDCDC,2643,Xangri-lá/RS,
Recursos hídricos,28,Vazão ecológica para usos ecossistêmicos,2020,,Presente,None,Dado indisponível,#DCDCDC,4201,Zabelê/PB,
Recursos hídricos,28,Vazão ecológica para usos ecossistêmicos,2020,,Presente,None,Dado indisponível,#DCDCDC,2376,Zacarias/SP,
Recursos hídricos,28,Vazão ecológica para usos ecossistêmicos,2020,,Presente,None,Dado indisponível,#DCDCDC,126,Zortéa/SC,
