tema,indicador_id,indicador,ano,cenario_id,cenario,faixa_id,faixa,faixa_cor,local_id,local_nome,valor
Recursos hídricos,37,Programa cisternas: água para consumo,2020,,Presente,verylow,Muito baixo,#F40000,4983,Boa Nova/BA,0.19
Recursos hídricos,37,Programa cisternas: água para consumo,2020,,Presente,verylow,Muito baixo,#F40000,4225,Bom Jardim/PE,0.19
Recursos hídricos,37,Programa cisternas: água para consumo,2020,,Presente,verylow,Muito baixo,#F40000,782,Cachoeira de Pajeú/MG,0.19
Recursos hídricos,37,Programa cisternas: água para consumo,2020,,Presente,verylow,Muito baixo,#F40000,3662,Capistrano/CE,0.19
Recursos hídricos,37,Programa cisternas: água para consumo,2020,,Presente,verylow,Muito baixo,#F40000,4033,Carrapateira/PB,0.19
Recursos hídricos,37,Programa cisternas: água para consumo,2020,,Presente,verylow,Muito baixo,#F40000,4038,Conceição/PB,0.19
Recursos hídricos,37,Programa cisternas: água para consumo,2020,,Presente,verylow,Muito baixo,#F40000,4510,Gararu/SE,0.19
Recursos hídricos,37,Programa cisternas: água para consumo,2020,,Presente,verylow,Muito baixo,#F40000,3728,Lavras da Mangabeira/CE,0.19
Recursos hídricos,37,Programa cisternas: água para consumo,2020,,Presente,verylow,Muito baixo,#F40000,4745,Mucugê/BA,0.19
Recursos hídricos,37,Programa cisternas: água para consumo,2020,,Presente,verylow,Muito baixo,#F40000,4106,Nova Floresta/PB,0.19
Recursos hídricos,37,Programa cisternas: água para consumo,2020,,Presente,verylow,Muito baixo,#F40000,3910,Passa e Fica/RN,0.19
Recursos hídricos,37,Programa cisternas: água para consumo,2020,,Presente,verylow,Muito baixo,#F40000,3559,Pavussu/PI,0.19
Recursos hídricos,37,Programa cisternas: água para consumo,2020,,Presente,verylow,Muito baixo,#F40000,734,Piripá/BA,0.19
Recursos hídricos,37,Programa cisternas: água para consumo,2020,,Presente,verylow,Muito baixo,#F40000,4145,Santa Cecília/PB,0.19
Recursos hídricos,37,Programa cisternas: água para consumo,2020,,Presente,verylow,Muito baixo,#F40000,3590,São Francisco do Piauí/PI,0.19
Recursos hídricos,37,Programa cisternas: água para consumo,2020,,Presente,verylow,Muito baixo,#F40000,4182,Serra Redonda/PB,0.19
Recursos hídricos,37,Programa cisternas: água para consumo,2020,,Presente,verylow,Muito baixo,#F40000,3962,Sítio Novo/RN,0.19
Recursos hídricos,37,Programa cisternas: água para consumo,2020,,Presente,verylow,Muito baixo,#F40000,4370,Taquaritinga do Norte/PE,0.19
Recursos hídricos,37,Programa cisternas: água para consumo,2020,,Presente,verylow,Muito baixo,#F40000,4848,Teodoro Sampaio/BA,0.19
Recursos hídricos,37,Programa cisternas: água para consumo,2020,,Presente,verylow,Muito baixo,#F40000,3970,Touros/RN,0.19
Recursos hídricos,37,Programa cisternas: água para consumo,2020,,Presente,verylow,Muito baixo,#F40000,4017,Brejo dos Santos/PB,0.18
Recursos hídricos,37,Programa cisternas: água para consumo,2020,,Presente,verylow,Muito baixo,#F40000,4606,Brejolândia/BA,0.18
Recursos hídricos,37,Programa cisternas: água para consumo,2020,,Presente,verylow,Muito baixo,#F40000,3452,Canto do Buriti/PI,0.18
Recursos hídricos,37,Programa cisternas: água para consumo,2020,,Presente,verylow,Muito baixo,#F40000,3841,Cerro Corá/RN,0.18
Recursos hídricos,37,Programa cisternas: água para consumo,2020,,Presente,verylow,Muito baixo,#F40000,3679,Croatá/CE,0.18
Recursos hídricos,37,Programa cisternas: água para consumo,2020,,Presente,verylow,Muito baixo,#F40000,4569,Érico Cardoso/BA,0.18
Recursos hídricos,37,Programa cisternas: água para consumo,2020,,Presente,verylow,Muito baixo,#F40000,4263,Ferreiros/PE,0.18
Recursos hídricos,37,Programa cisternas: água para consumo,2020,,Presente,verylow,Muito baixo,#F40000,3861,Guamaré/RN,0.18
Recursos hídricos,37,Programa cisternas: água para consumo,2020,,Presente,verylow,Muito baixo,#F40000,3499,Ipiranga do Piauí/PI,0.18
Recursos hídricos,37,Programa cisternas: água para consumo,2020,,Presente,verylow,Muito baixo,#F40000,3501,Itainópolis/PI,0.18
Recursos hídricos,37,Programa cisternas: água para consumo,2020,,Presente,verylow,Muito baixo,#F40000,4722,Lamarão/BA,0.18
Recursos hídricos,37,Programa cisternas: água para consumo,2020,,Presente,verylow,Muito baixo,#F40000,2886,Laranjal do Jari/AP,0.18
Recursos hídricos,37,Programa cisternas: água para consumo,2020,,Presente,verylow,Muito baixo,#F40000,3741,Missão Velha/CE,0.18
Recursos hídricos,37,Programa cisternas: água para consumo,2020,,Presente,verylow,Muito baixo,#F40000,4747,Mundo Novo/BA,0.18
Recursos hídricos,37,Programa cisternas: água para consumo,2020,,Presente,verylow,Muito baixo,#F40000,3556,Patos do Piauí/PI,0.18
Recursos hídricos,37,Programa cisternas: água para consumo,2020,,Presente,verylow,Muito baixo,#F40000,3561,Pedro Laurentino/PI,0.18
Recursos hídricos,37,Programa cisternas: água para consumo,2020,,Presente,verylow,Muito baixo,#F40000,3607,São Miguel do Tapuio/PI,0.18
Recursos hídricos,37,Programa cisternas: água para consumo,2020,,Presente,verylow,Muito baixo,#F40000,3932,Tibau/RN,0.18
Recursos hídricos,37,Programa cisternas: água para consumo,2020,,Presente,verylow,Muito baixo,#F40000,4375,Tracunhaém/PE,0.18
Recursos hídricos,37,Programa cisternas: água para consumo,2020,,Presente,verylow,Muito baixo,#F40000,3631,Acopiara/CE,0.17
Recursos hídricos,37,Programa cisternas: água para consumo,2020,,Presente,verylow,Muito baixo,#F40000,3813,Açu/RN,0.17
Recursos hídricos,37,Programa cisternas: água para consumo,2020,,Presente,verylow,Muito baixo,#F40000,3816,Alexandria/RN,0.17
Recursos hídricos,37,Programa cisternas: água para consumo,2020,,Presente,verylow,Muito baixo,#F40000,4233,Cabrobó/PE,0.17
Recursos hídricos,37,Programa cisternas: água para consumo,2020,,Presente,verylow,Muito baixo,#F40000,686,Cândido Sales/BA,0.17
Recursos hídricos,37,Programa cisternas: água para consumo,2020,,Presente,verylow,Muito baixo,#F40000,4036,Catolé do Rocha/PB,0.17
Recursos hídricos,37,Programa cisternas: água para consumo,2020,,Presente,verylow,Muito baixo,#F40000,4257,Custódia/PE,0.17
Recursos hídricos,37,Programa cisternas: água para consumo,2020,,Presente,verylow,Muito baixo,#F40000,4661,Feira de Santana/BA,0.17
Recursos hídricos,37,Programa cisternas: água para consumo,2020,,Presente,verylow,Muito baixo,#F40000,4685,Ipirá/BA,0.17
Recursos hídricos,37,Programa cisternas: água para consumo,2020,,Presente,verylow,Muito baixo,#F40000,3712,Itaiçaba/CE,0.17
Recursos hídricos,37,Programa cisternas: água para consumo,2020,,Presente,verylow,Muito baixo,#F40000,4732,Mairi/BA,0.17
Recursos hídricos,37,Programa cisternas: água para consumo,2020,,Presente,verylow,Muito baixo,#F40000,5004,Mirante/BA,0.17
Recursos hídricos,37,Programa cisternas: água para consumo,2020,,Presente,verylow,Muito baixo,#F40000,4124,Pirpirituba/PB,0.17
Recursos hídricos,37,Programa cisternas: água para consumo,2020,,Presente,verylow,Muito baixo,#F40000,1409,Rubelita/MG,0.17
Recursos hídricos,37,Programa cisternas: água para consumo,2020,,Presente,verylow,Muito baixo,#F40000,1410,Rubim/MG,0.17
Recursos hídricos,37,Programa cisternas: água para consumo,2020,,Presente,verylow,Muito baixo,#F40000,4147,Santa Helena/PB,0.17
Recursos hídricos,37,Programa cisternas: água para consumo,2020,,Presente,verylow,Muito baixo,#F40000,3586,Santo Inácio do Piauí/PI,0.17
Recursos hídricos,37,Programa cisternas: água para consumo,2020,,Presente,verylow,Muito baixo,#F40000,4831,Senhor do Bonfim/BA,0.17
Recursos hídricos,37,Programa cisternas: água para consumo,2020,,Presente,verylow,Muito baixo,#F40000,3958,Serra Negra do Norte/RN,0.17
Recursos hídricos,37,Programa cisternas: água para consumo,2020,,Presente,verylow,Muito baixo,#F40000,4183,Serraria/PB,0.17
Recursos hídricos,37,Programa cisternas: água para consumo,2020,,Presente,verylow,Muito baixo,#F40000,3036,Soure/PA,0.17
Recursos hídricos,37,Programa cisternas: água para consumo,2020,,Presente,verylow,Muito baixo,#F40000,3796,Tabuleiro do Norte/CE,0.17
Recursos hídricos,37,Programa cisternas: água para consumo,2020,,Presente,verylow,Muito baixo,#F40000,3799,Tauá/CE,0.17
Recursos hídricos,37,Programa cisternas: água para consumo,2020,,Presente,verylow,Muito baixo,#F40000,748,Tremedal/BA,0.17
Recursos hídricos,37,Programa cisternas: água para consumo,2020,,Presente,verylow,Muito baixo,#F40000,4857,Umburanas/BA,0.17
Recursos hídricos,37,Programa cisternas: água para consumo,2020,,Presente,verylow,Muito baixo,#F40000,3810,Várzea Alegre/CE,0.17
Recursos hídricos,37,Programa cisternas: água para consumo,2020,,Presente,verylow,Muito baixo,#F40000,4564,Abaíra/BA,0.16
Recursos hídricos,37,Programa cisternas: água para consumo,2020,,Presente,verylow,Muito baixo,#F40000,4600,Bom Jesus da Lapa/BA,0.16
Recursos hídricos,37,Programa cisternas: água para consumo,2020,,Presente,verylow,Muito baixo,#F40000,4010,Bom Jesus/PB,0.16
Recursos hídricos,37,Programa cisternas: água para consumo,2020,,Presente,verylow,Muito baixo,#F40000,3439,Brejo do Piauí/PI,0.16
Recursos hídricos,37,Programa cisternas: água para consumo,2020,,Presente,verylow,Muito baixo,#F40000,4642,Contendas do Sincorá/BA,0.16
Recursos hídricos,37,Programa cisternas: água para consumo,2020,,Presente,verylow,Muito baixo,#F40000,4649,Crisópolis/BA,0.16
Recursos hídricos,37,Programa cisternas: água para consumo,2020,,Presente,verylow,Muito baixo,#F40000,4660,Fátima/BA,0.16
Recursos hídricos,37,Programa cisternas: água para consumo,2020,,Presente,verylow,Muito baixo,#F40000,4266,Frei Miguelinho/PE,0.16
Recursos hídricos,37,Programa cisternas: água para consumo,2020,,Presente,verylow,Muito baixo,#F40000,4677,Ibititá/BA,0.16
Recursos hídricos,37,Programa cisternas: água para consumo,2020,,Presente,verylow,Muito baixo,#F40000,3867,Jaçanã/RN,0.16
Recursos hídricos,37,Programa cisternas: água para consumo,2020,,Presente,verylow,Muito baixo,#F40000,3729,Limoeiro do Norte/CE,0.16
Recursos hídricos,37,Programa cisternas: água para consumo,2020,,Presente,verylow,Muito baixo,#F40000,3777,Quixelô/CE,0.16
Recursos hídricos,37,Programa cisternas: água para consumo,2020,,Presente,verylow,Muito baixo,#F40000,4792,Riachão do Jacuípe/BA,0.16
Recursos hídricos,37,Programa cisternas: água para consumo,2020,,Presente,verylow,Muito baixo,#F40000,4804,Santa Brígida/BA,0.16
Recursos hídricos,37,Programa cisternas: água para consumo,2020,,Presente,verylow,Muito baixo,#F40000,4486,Traipu/AL,0.16
Recursos hídricos,37,Programa cisternas: água para consumo,2020,,Presente,verylow,Muito baixo,#F40000,3633,Alcântaras/CE,0.15
Recursos hídricos,37,Programa cisternas: água para consumo,2020,,Presente,verylow,Muito baixo,#F40000,4220,Belo Jardim/PE,0.15
Recursos hídricos,37,Programa cisternas: água para consumo,2020,,Presente,verylow,Muito baixo,#F40000,4987,Carinhanha/BA,0.15
Recursos hídricos,37,Programa cisternas: água para consumo,2020,,Presente,verylow,Muito baixo,#F40000,3678,Crato/CE,0.15
Recursos hídricos,37,Programa cisternas: água para consumo,2020,,Presente,verylow,Muito baixo,#F40000,4682,Inhambupe/BA,0.15
Recursos hídricos,37,Programa cisternas: água para consumo,2020,,Presente,verylow,Muito baixo,#F40000,3874,Jardim do Seridó/RN,0.15
Recursos hídricos,37,Programa cisternas: água para consumo,2020,,Presente,verylow,Muito baixo,#F40000,4292,Jatobá/PE,0.15
Recursos hídricos,37,Programa cisternas: água para consumo,2020,,Presente,verylow,Muito baixo,#F40000,4081,Lagoa de Dentro/PB,0.15
Recursos hídricos,37,Programa cisternas: água para consumo,2020,,Presente,verylow,Muito baixo,#F40000,1269,Ninheira/MG,0.15
Recursos hídricos,37,Programa cisternas: água para consumo,2020,,Presente,verylow,Muito baixo,#F40000,4783,Presidente Dutra/BA,0.15
Recursos hídricos,37,Programa cisternas: água para consumo,2020,,Presente,verylow,Muito baixo,#F40000,3780,Redenção/CE,0.15
Recursos hídricos,37,Programa cisternas: água para consumo,2020,,Presente,verylow,Muito baixo,#F40000,3600,São José do Peixe/PI,0.15
Recursos hídricos,37,Programa cisternas: água para consumo,2020,,Presente,verylow,Muito baixo,#F40000,4827,Sátiro Dias/BA,0.15
Recursos hídricos,37,Programa cisternas: água para consumo,2020,,Presente,verylow,Muito baixo,#F40000,3617,Tamboril do Piauí/PI,0.15
Recursos hídricos,37,Programa cisternas: água para consumo,2020,,Presente,verylow,Muito baixo,#F40000,4378,Tupanatinga/PE,0.15
Recursos hídricos,37,Programa cisternas: água para consumo,2020,,Presente,verylow,Muito baixo,#F40000,4853,Uauá/BA,0.15
Recursos hídricos,37,Programa cisternas: água para consumo,2020,,Presente,verylow,Muito baixo,#F40000,4862,Várzea do Poço/BA,0.15
Recursos hídricos,37,Programa cisternas: água para consumo,2020,,Presente,verylow,Muito baixo,#F40000,3974,Várzea/RN,0.15
Recursos hídricos,37,Programa cisternas: água para consumo,2020,,Presente,verylow,Muito baixo,#F40000,4381,Verdejante/PE,0.15
Recursos hídricos,37,Programa cisternas: água para consumo,2020,,Presente,verylow,Muito baixo,#F40000,4580,Antônio Cardoso/BA,0.14
Recursos hídricos,37,Programa cisternas: água para consumo,2020,,Presente,verylow,Muito baixo,#F40000,3821,Apodi/RN,0.14
Recursos hídricos,37,Programa cisternas: água para consumo,2020,,Presente,verylow,Muito baixo,#F40000,4590,Banzaê/BA,0.14
Recursos hídricos,37,Programa cisternas: água para consumo,2020,,Presente,verylow,Muito baixo,#F40000,678,Belo Campo/BA,0.14
Recursos hídricos,37,Programa cisternas: água para consumo,2020,,Presente,verylow,Muito baixo,#F40000,3661,Canindé/CE,0.14
Recursos hídricos,37,Programa cisternas: água para consumo,2020,,Presente,verylow,Muito baixo,#F40000,4635,Cícero Dantas/BA,0.14
Recursos hídricos,37,Programa cisternas: água para consumo,2020,,Presente,verylow,Muito baixo,#F40000,4047,Cuitegi/PB,0.14
Recursos hídricos,37,Programa cisternas: água para consumo,2020,,Presente,verylow,Muito baixo,#F40000,3490,Francisco Santos/PI,0.14
Recursos hídricos,37,Programa cisternas: água para consumo,2020,,Presente,verylow,Muito baixo,#F40000,4705,Jacobina/BA,0.14
Recursos hídricos,37,Programa cisternas: água para consumo,2020,,Presente,verylow,Muito baixo,#F40000,3870,Januário Cicco/RN,0.14
Recursos hídricos,37,Programa cisternas: água para consumo,2020,,Presente,verylow,Muito baixo,#F40000,3726,Juazeiro do Norte/CE,0.14
Recursos hídricos,37,Programa cisternas: água para consumo,2020,,Presente,verylow,Muito baixo,#F40000,4740,Milagres/BA,0.14
Recursos hídricos,37,Programa cisternas: água para consumo,2020,,Presente,verylow,Muito baixo,#F40000,3562,Nova Santa Rita/PI,0.14
Recursos hídricos,37,Programa cisternas: água para consumo,2020,,Presente,verylow,Muito baixo,#F40000,4761,Novo Triunfo/BA,0.14
Recursos hídricos,37,Programa cisternas: água para consumo,2020,,Presente,verylow,Muito baixo,#F40000,4116,Pedra Branca/PB,0.14
Recursos hídricos,37,Programa cisternas: água para consumo,2020,,Presente,verylow,Muito baixo,#F40000,4346,Santa Maria da Boa Vista/PE,0.14
Recursos hídricos,37,Programa cisternas: água para consumo,2020,,Presente,verylow,Muito baixo,#F40000,4807,Santa Maria da Vitória/BA,0.14
Recursos hídricos,37,Programa cisternas: água para consumo,2020,,Presente,verylow,Muito baixo,#F40000,4810,Santa Rita de Cássia/BA,0.14
Recursos hídricos,37,Programa cisternas: água para consumo,2020,,Presente,verylow,Muito baixo,#F40000,3956,Serra de São Bento/RN,0.14
Recursos hídricos,37,Programa cisternas: água para consumo,2020,,Presente,verylow,Muito baixo,#F40000,3965,Tangará/RN,0.14
Recursos hídricos,37,Programa cisternas: água para consumo,2020,,Presente,verylow,Muito baixo,#F40000,3808,Uruoca/CE,0.14
Recursos hídricos,37,Programa cisternas: água para consumo,2020,,Presente,verylow,Muito baixo,#F40000,4869,Xique-Xique/BA,0.14
Recursos hídricos,37,Programa cisternas: água para consumo,2020,,Presente,verylow,Muito baixo,#F40000,4001,Barra de Santana/PB,0.13
Recursos hídricos,37,Programa cisternas: água para consumo,2020,,Presente,verylow,Muito baixo,#F40000,3655,Beberibe/CE,0.13
Recursos hídricos,37,Programa cisternas: água para consumo,2020,,Presente,verylow,Muito baixo,#F40000,3656,Bela Cruz/CE,0.13
Recursos hídricos,37,Programa cisternas: água para consumo,2020,,Presente,verylow,Muito baixo,#F40000,3658,Brejo Santo/CE,0.13
Recursos hídricos,37,Programa cisternas: água para consumo,2020,,Presente,verylow,Muito baixo,#F40000,4986,Caetité/BA,0.13
Recursos hídricos,37,Programa cisternas: água para consumo,2020,,Presente,verylow,Muito baixo,#F40000,4236,Calçado/PE,0.13
Recursos hídricos,37,Programa cisternas: água para consumo,2020,,Presente,verylow,Muito baixo,#F40000,3668,Cascavel/CE,0.13
Recursos hídricos,37,Programa cisternas: água para consumo,2020,,Presente,verylow,Muito baixo,#F40000,3480,Elesbão Veloso/PI,0.13
Recursos hídricos,37,Programa cisternas: água para consumo,2020,,Presente,verylow,Muito baixo,#F40000,4700,Itatim/BA,0.13
Recursos hídricos,37,Programa cisternas: água para consumo,2020,,Presente,verylow,Muito baixo,#F40000,4768,Paratinga/BA,0.13
Recursos hídricos,37,Programa cisternas: água para consumo,2020,,Presente,verylow,Muito baixo,#F40000,4794,Ribeira do Amparo/BA,0.13
Recursos hídricos,37,Programa cisternas: água para consumo,2020,,Presente,verylow,Muito baixo,#F40000,741,Ribeirão do Largo/BA,0.13
Recursos hídricos,37,Programa cisternas: água para consumo,2020,,Presente,verylow,Muito baixo,#F40000,3782,Russas/CE,0.13
Recursos hídricos,37,Programa cisternas: água para consumo,2020,,Presente,verylow,Muito baixo,#F40000,1414,Salinas/MG,0.13
Recursos hídricos,37,Programa cisternas: água para consumo,2020,,Presente,verylow,Muito baixo,#F40000,3582,Santana do Piauí/PI,0.13
Recursos hídricos,37,Programa cisternas: água para consumo,2020,,Presente,verylow,Muito baixo,#F40000,3596,São João da Varjota/PI,0.13
Recursos hídricos,37,Programa cisternas: água para consumo,2020,,Presente,verylow,Muito baixo,#F40000,1487,São João do Paraíso/MG,0.13
Recursos hídricos,37,Programa cisternas: água para consumo,2020,,Presente,verylow,Muito baixo,#F40000,3967,Tenente Laurentino Cruz/RN,0.13
Recursos hídricos,37,Programa cisternas: água para consumo,2020,,Presente,verylow,Muito baixo,#F40000,4565,Abaré/BA,0.12
Recursos hídricos,37,Programa cisternas: água para consumo,2020,,Presente,verylow,Muito baixo,#F40000,3982,Alagoa Nova/PB,0.12
Recursos hídricos,37,Programa cisternas: água para consumo,2020,,Presente,verylow,Muito baixo,#F40000,803,Arinos/MG,0.12
Recursos hídricos,37,Programa cisternas: água para consumo,2020,,Presente,verylow,Muito baixo,#F40000,4603,Boquira/BA,0.12
Recursos hídricos,37,Programa cisternas: água para consumo,2020,,Presente,verylow,Muito baixo,#F40000,3835,Campo Redondo/RN,0.12
Recursos hídricos,37,Programa cisternas: água para consumo,2020,,Presente,verylow,Muito baixo,#F40000,1003,Divisópolis/MG,0.12
Recursos hídricos,37,Programa cisternas: água para consumo,2020,,Presente,verylow,Muito baixo,#F40000,4656,Elísio Medrado/BA,0.12
Recursos hídricos,37,Programa cisternas: água para consumo,2020,,Presente,verylow,Muito baixo,#F40000,4418,Girau do Ponciano/AL,0.12
Recursos hídricos,37,Programa cisternas: água para consumo,2020,,Presente,verylow,Muito baixo,#F40000,4671,Ibicoara/BA,0.12
Recursos hídricos,37,Programa cisternas: água para consumo,2020,,Presente,verylow,Muito baixo,#F40000,4680,Igaporã/BA,0.12
Recursos hídricos,37,Programa cisternas: água para consumo,2020,,Presente,verylow,Muito baixo,#F40000,4687,Irajuba/BA,0.12
Recursos hídricos,37,Programa cisternas: água para consumo,2020,,Presente,verylow,Muito baixo,#F40000,1118,Itacarambi/MG,0.12
Recursos hídricos,37,Programa cisternas: água para consumo,2020,,Presente,verylow,Muito baixo,#F40000,3717,Itarema/CE,0.12
Recursos hídricos,37,Programa cisternas: água para consumo,2020,,Presente,verylow,Muito baixo,#F40000,4998,Jaborandi/BA,0.12
Recursos hídricos,37,Programa cisternas: água para consumo,2020,,Presente,verylow,Muito baixo,#F40000,5009,Juvenília/MG,0.12
Recursos hídricos,37,Programa cisternas: água para consumo,2020,,Presente,verylow,Muito baixo,#F40000,4723,Lapão/BA,0.12
Recursos hídricos,37,Programa cisternas: água para consumo,2020,,Presente,verylow,Muito baixo,#F40000,4739,Miguel Calmon/BA,0.12
Recursos hídricos,37,Programa cisternas: água para consumo,2020,,Presente,verylow,Muito baixo,#F40000,4803,Santa Bárbara/BA,0.12
Recursos hídricos,37,Programa cisternas: água para consumo,2020,,Presente,verylow,Muito baixo,#F40000,4167,São José de Piranhas/PB,0.12
Recursos hídricos,37,Programa cisternas: água para consumo,2020,,Presente,verylow,Muito baixo,#F40000,4844,Tanque Novo/BA,0.12
Recursos hídricos,37,Programa cisternas: água para consumo,2020,,Presente,verylow,Muito baixo,#F40000,4856,Uibaí/BA,0.12
Recursos hídricos,37,Programa cisternas: água para consumo,2020,,Presente,verylow,Muito baixo,#F40000,4867,Wanderley/BA,0.12
Recursos hídricos,37,Programa cisternas: água para consumo,2020,,Presente,verylow,Muito baixo,#F40000,4214,Araripina/PE,0.11
Recursos hídricos,37,Programa cisternas: água para consumo,2020,,Presente,verylow,Muito baixo,#F40000,3653,Barroquinha/CE,0.11
Recursos hídricos,37,Programa cisternas: água para consumo,2020,,Presente,verylow,Muito baixo,#F40000,4601,Boninal/BA,0.11
Recursos hídricos,37,Programa cisternas: água para consumo,2020,,Presente,verylow,Muito baixo,#F40000,4602,Bonito/BA,0.11
Recursos hídricos,37,Programa cisternas: água para consumo,2020,,Presente,verylow,Muito baixo,#F40000,3842,Coronel Ezequiel/RN,0.11
Recursos hídricos,37,Programa cisternas: água para consumo,2020,,Presente,verylow,Muito baixo,#F40000,4645,Coronel João Sá/BA,0.11
Recursos hídricos,37,Programa cisternas: água para consumo,2020,,Presente,verylow,Muito baixo,#F40000,3484,Flores do Piauí/PI,0.11
Recursos hídricos,37,Programa cisternas: água para consumo,2020,,Presente,verylow,Muito baixo,#F40000,4268,Garanhuns/PE,0.11
Recursos hídricos,37,Programa cisternas: água para consumo,2020,,Presente,verylow,Muito baixo,#F40000,3860,Grossos/RN,0.11
Recursos hídricos,37,Programa cisternas: água para consumo,2020,,Presente,verylow,Muito baixo,#F40000,4714,Juazeiro/BA,0.11
Recursos hídricos,37,Programa cisternas: água para consumo,2020,,Presente,verylow,Muito baixo,#F40000,3880,Lagoa d'Anta/RN,0.11
Recursos hídricos,37,Programa cisternas: água para consumo,2020,,Presente,verylow,Muito baixo,#F40000,724,Maetinga/BA,0.11
Recursos hídricos,37,Programa cisternas: água para consumo,2020,,Presente,verylow,Muito baixo,#F40000,4440,Mata Grande/AL,0.11
Recursos hídricos,37,Programa cisternas: água para consumo,2020,,Presente,verylow,Muito baixo,#F40000,4533,Nossa Senhora das Dores/SE,0.11
Recursos hídricos,37,Programa cisternas: água para consumo,2020,,Presente,verylow,Muito baixo,#F40000,4447,Olho d'Água das Flores/AL,0.11
Recursos hídricos,37,Programa cisternas: água para consumo,2020,,Presente,verylow,Muito baixo,#F40000,4317,Palmeirina/PE,0.11
Recursos hídricos,37,Programa cisternas: água para consumo,2020,,Presente,verylow,Muito baixo,#F40000,4770,Paulo Afonso/BA,0.11
Recursos hídricos,37,Programa cisternas: água para consumo,2020,,Presente,verylow,Muito baixo,#F40000,4329,Pombos/PE,0.11
Recursos hídricos,37,Programa cisternas: água para consumo,2020,,Presente,verylow,Muito baixo,#F40000,1421,Santa Cruz de Salinas/MG,0.11
Recursos hídricos,37,Programa cisternas: água para consumo,2020,,Presente,verylow,Muito baixo,#F40000,3578,Santa Cruz do Piauí/PI,0.11
Recursos hídricos,37,Programa cisternas: água para consumo,2020,,Presente,verylow,Muito baixo,#F40000,3584,Santo Antônio de Lisboa/PI,0.11
Recursos hídricos,37,Programa cisternas: água para consumo,2020,,Presente,verylow,Muito baixo,#F40000,3788,São Benedito/CE,0.11
Recursos hídricos,37,Programa cisternas: água para consumo,2020,,Presente,verylow,Muito baixo,#F40000,3601,São José do Piauí/PI,0.11
Recursos hídricos,37,Programa cisternas: água para consumo,2020,,Presente,verylow,Muito baixo,#F40000,4847,Tapiramutá/BA,0.11
Recursos hídricos,37,Programa cisternas: água para consumo,2020,,Presente,verylow,Muito baixo,#F40000,4374,Toritama/PE,0.11
Recursos hídricos,37,Programa cisternas: água para consumo,2020,,Presente,verylow,Muito baixo,#F40000,3834,Caicó/RN,0.1
Recursos hídricos,37,Programa cisternas: água para consumo,2020,,Presente,verylow,Muito baixo,#F40000,4499,Canindé de São Francisco/SE,0.1
Recursos hídricos,37,Programa cisternas: água para consumo,2020,,Presente,verylow,Muito baixo,#F40000,895,Caraí/MG,0.1
Recursos hídricos,37,Programa cisternas: água para consumo,2020,,Presente,verylow,Muito baixo,#F40000,4647,Cotegipe/BA,0.1
Recursos hídricos,37,Programa cisternas: água para consumo,2020,,Presente,verylow,Muito baixo,#F40000,3691,Granja/CE,0.1
Recursos hídricos,37,Programa cisternas: água para consumo,2020,,Presente,verylow,Muito baixo,#F40000,4065,Ibiara/PB,0.1
Recursos hídricos,37,Programa cisternas: água para consumo,2020,,Presente,verylow,Muito baixo,#F40000,3498,Inhuma/PI,0.1
Recursos hídricos,37,Programa cisternas: água para consumo,2020,,Presente,verylow,Muito baixo,#F40000,1154,Japonvar/MG,0.1
Recursos hídricos,37,Programa cisternas: água para consumo,2020,,Presente,verylow,Muito baixo,#F40000,5491,Juruá/AM,0.1
Recursos hídricos,37,Programa cisternas: água para consumo,2020,,Presente,verylow,Muito baixo,#F40000,3520,Lagoa do Sítio/PI,0.1
Recursos hídricos,37,Programa cisternas: água para consumo,2020,,Presente,verylow,Muito baixo,#F40000,3890,Macau/RN,0.1
Recursos hídricos,37,Programa cisternas: água para consumo,2020,,Presente,verylow,Muito baixo,#F40000,1235,Minas Novas/MG,0.1
Recursos hídricos,37,Programa cisternas: água para consumo,2020,,Presente,verylow,Muito baixo,#F40000,3748,Mulungu/CE,0.1
Recursos hídricos,37,Programa cisternas: água para consumo,2020,,Presente,verylow,Muito baixo,#F40000,4545,Riachão do Dantas/SE,0.1
Recursos hídricos,37,Programa cisternas: água para consumo,2020,,Presente,verylow,Muito baixo,#F40000,4150,Santana de Mangueira/PB,0.1
Recursos hídricos,37,Programa cisternas: água para consumo,2020,,Presente,verylow,Muito baixo,#F40000,1456,Santo Antônio do Retiro/MG,0.1
Recursos hídricos,37,Programa cisternas: água para consumo,2020,,Presente,verylow,Muito baixo,#F40000,3790,São João do Jaguaribe/CE,0.1
Recursos hídricos,37,Programa cisternas: água para consumo,2020,,Presente,verylow,Muito baixo,#F40000,3606,São Miguel do Fidalgo/PI,0.1
Recursos hídricos,37,Programa cisternas: água para consumo,2020,,Presente,verylow,Muito baixo,#F40000,3612,Sigefredo Pacheco/PI,0.1
Recursos hídricos,37,Programa cisternas: água para consumo,2020,,Presente,verylow,Muito baixo,#F40000,4365,Surubim/PE,0.1
Recursos hídricos,37,Programa cisternas: água para consumo,2020,,Presente,verylow,Muito baixo,#F40000,1589,Varzelândia/MG,0.1
Recursos hídricos,37,Programa cisternas: água para consumo,2020,,Presente,verylow,Muito baixo,#F40000,2822,Assis Brasil/AC,0.09
Recursos hídricos,37,Programa cisternas: água para consumo,2020,,Presente,verylow,Muito baixo,#F40000,4498,Canhoba/SE,0.09
Recursos hídricos,37,Programa cisternas: água para consumo,2020,,Presente,verylow,Muito baixo,#F40000,4261,Feira Nova/PE,0.09
Recursos hídricos,37,Programa cisternas: água para consumo,2020,,Presente,verylow,Muito baixo,#F40000,1045,Formoso/MG,0.09
Recursos hídricos,37,Programa cisternas: água para consumo,2020,,Presente,verylow,Muito baixo,#F40000,1074,Guaraciama/MG,0.09
Recursos hídricos,37,Programa cisternas: água para consumo,2020,,Presente,verylow,Muito baixo,#F40000,4283,Itaíba/PE,0.09
Recursos hídricos,37,Programa cisternas: água para consumo,2020,,Presente,verylow,Muito baixo,#F40000,1145,Jacinto/MG,0.09
Recursos hídricos,37,Programa cisternas: água para consumo,2020,,Presente,verylow,Muito baixo,#F40000,1167,Jordânia/MG,0.09
Recursos hídricos,37,Programa cisternas: água para consumo,2020,,Presente,verylow,Muito baixo,#F40000,1205,Mamonas/MG,0.09
Recursos hídricos,37,Programa cisternas: água para consumo,2020,,Presente,verylow,Muito baixo,#F40000,1206,Manga/MG,0.09
Recursos hídricos,37,Programa cisternas: água para consumo,2020,,Presente,verylow,Muito baixo,#F40000,4534,Nossa Senhora de Lourdes/SE,0.09
Recursos hídricos,37,Programa cisternas: água para consumo,2020,,Presente,verylow,Muito baixo,#F40000,3312,Nova Iorque/MA,0.09
Recursos hídricos,37,Programa cisternas: água para consumo,2020,,Presente,verylow,Muito baixo,#F40000,3761,Paraipaba/CE,0.09
Recursos hídricos,37,Programa cisternas: água para consumo,2020,,Presente,verylow,Muito baixo,#F40000,4326,Petrolândia/PE,0.09
Recursos hídricos,37,Programa cisternas: água para consumo,2020,,Presente,verylow,Muito baixo,#F40000,4122,Pilões/PB,0.09
Recursos hídricos,37,Programa cisternas: água para consumo,2020,,Presente,verylow,Muito baixo,#F40000,1363,Porteirinha/MG,0.09
Recursos hídricos,37,Programa cisternas: água para consumo,2020,,Presente,verylow,Muito baixo,#F40000,3583,Santa Rosa do Piauí/PI,0.09
Recursos hídricos,37,Programa cisternas: água para consumo,2020,,Presente,verylow,Muito baixo,#F40000,3598,São João do Piauí/PI,0.09
Recursos hídricos,37,Programa cisternas: água para consumo,2020,,Presente,verylow,Muito baixo,#F40000,4852,Tucano/BA,0.09
Recursos hídricos,37,Programa cisternas: água para consumo,2020,,Presente,verylow,Muito baixo,#F40000,1570,Turmalina/MG,0.09
Recursos hídricos,37,Programa cisternas: água para consumo,2020,,Presente,verylow,Muito baixo,#F40000,3443,Cajazeiras do Piauí/PI,0.08
Recursos hídricos,37,Programa cisternas: água para consumo,2020,,Presente,verylow,Muito baixo,#F40000,4028,Caldas Brandão/PB,0.08
Recursos hídricos,37,Programa cisternas: água para consumo,2020,,Presente,verylow,Muito baixo,#F40000,4619,Canápolis/BA,0.08
Recursos hídricos,37,Programa cisternas: água para consumo,2020,,Presente,verylow,Muito baixo,#F40000,4632,Caturama/BA,0.08
Recursos hídricos,37,Programa cisternas: água para consumo,2020,,Presente,verylow,Muito baixo,#F40000,931,Chapada Gaúcha/MG,0.08
Recursos hídricos,37,Programa cisternas: água para consumo,2020,,Presente,verylow,Muito baixo,#F40000,4412,Delmiro Gouveia/AL,0.08
Recursos hídricos,37,Programa cisternas: água para consumo,2020,,Presente,verylow,Muito baixo,#F40000,3702,Icapuí/CE,0.08
Recursos hídricos,37,Programa cisternas: água para consumo,2020,,Presente,verylow,Muito baixo,#F40000,4690,Irará/BA,0.08
Recursos hídricos,37,Programa cisternas: água para consumo,2020,,Presente,verylow,Muito baixo,#F40000,4423,Jacaré dos Homens/AL,0.08
Recursos hídricos,37,Programa cisternas: água para consumo,2020,,Presente,verylow,Muito baixo,#F40000,4296,Jupi/PE,0.08
Recursos hídricos,37,Programa cisternas: água para consumo,2020,,Presente,verylow,Muito baixo,#F40000,4096,Matinhas/PB,0.08
Recursos hídricos,37,Programa cisternas: água para consumo,2020,,Presente,verylow,Muito baixo,#F40000,4760,Novo Horizonte/BA,0.08
Recursos hídricos,37,Programa cisternas: água para consumo,2020,,Presente,verylow,Muito baixo,#F40000,1280,Novorizonte/MG,0.08
Recursos hídricos,37,Programa cisternas: água para consumo,2020,,Presente,verylow,Muito baixo,#F40000,3552,Paquetá/PI,0.08
Recursos hídricos,37,Programa cisternas: água para consumo,2020,,Presente,verylow,Muito baixo,#F40000,4537,Pedra Mole/SE,0.08
Recursos hídricos,37,Programa cisternas: água para consumo,2020,,Presente,verylow,Muito baixo,#F40000,4774,Piatã/BA,0.08
Recursos hídricos,37,Programa cisternas: água para consumo,2020,,Presente,verylow,Muito baixo,#F40000,3924,Serra Caiada/RN,0.08
Recursos hídricos,37,Programa cisternas: água para consumo,2020,,Presente,verylow,Muito baixo,#F40000,4373,Timbaúba/PE,0.08
Recursos hídricos,37,Programa cisternas: água para consumo,2020,,Presente,verylow,Muito baixo,#F40000,3802,Trairi/CE,0.08
Recursos hídricos,37,Programa cisternas: água para consumo,2020,,Presente,verylow,Muito baixo,#F40000,4197,Uiraúna/PB,0.08
Recursos hídricos,37,Programa cisternas: água para consumo,2020,,Presente,verylow,Muito baixo,#F40000,2841,Xapuri/AC,0.08
Recursos hídricos,37,Programa cisternas: água para consumo,2020,,Presente,verylow,Muito baixo,#F40000,3981,Alagoa Grande/PB,0.07
Recursos hídricos,37,Programa cisternas: água para consumo,2020,,Presente,verylow,Muito baixo,#F40000,3983,Alagoinha/PB,0.07
Recursos hídricos,37,Programa cisternas: água para consumo,2020,,Presente,verylow,Muito baixo,#F40000,3636,Amontada/CE,0.07
Recursos hídricos,37,Programa cisternas: água para consumo,2020,,Presente,verylow,Muito baixo,#F40000,3990,Araçagi/PB,0.07
Recursos hídricos,37,Programa cisternas: água para consumo,2020,,Presente,verylow,Muito baixo,#F40000,3993,Areia/PB,0.07
Recursos hídricos,37,Programa cisternas: água para consumo,2020,,Presente,verylow,Muito baixo,#F40000,4395,Belo Monte/AL,0.07
Recursos hídricos,37,Programa cisternas: água para consumo,2020,,Presente,verylow,Muito baixo,#F40000,4008,Boa Ventura/PB,0.07
Recursos hídricos,37,Programa cisternas: água para consumo,2020,,Presente,verylow,Muito baixo,#F40000,4011,Bom Sucesso/PB,0.07
Recursos hídricos,37,Programa cisternas: água para consumo,2020,,Presente,verylow,Muito baixo,#F40000,4239,Camocim de São Félix/PE,0.07
Recursos hídricos,37,Programa cisternas: água para consumo,2020,,Presente,verylow,Muito baixo,#F40000,3671,Caucaia/CE,0.07
Recursos hídricos,37,Programa cisternas: água para consumo,2020,,Presente,verylow,Muito baixo,#F40000,4646,Correntina/BA,0.07
Recursos hídricos,37,Programa cisternas: água para consumo,2020,,Presente,verylow,Muito baixo,#F40000,4306,Machados/PE,0.07
Recursos hídricos,37,Programa cisternas: água para consumo,2020,,Presente,verylow,Muito baixo,#F40000,5043,Mazagão/AP,0.07
Recursos hídricos,37,Programa cisternas: água para consumo,2020,,Presente,verylow,Muito baixo,#F40000,1275,Nova Porteirinha/MG,0.07
Recursos hídricos,37,Programa cisternas: água para consumo,2020,,Presente,verylow,Muito baixo,#F40000,4314,Orocó/PE,0.07
Recursos hídricos,37,Programa cisternas: água para consumo,2020,,Presente,verylow,Muito baixo,#F40000,3756,Pacoti/CE,0.07
Recursos hídricos,37,Programa cisternas: água para consumo,2020,,Presente,verylow,Muito baixo,#F40000,3760,Paracuru/CE,0.07
Recursos hídricos,37,Programa cisternas: água para consumo,2020,,Presente,verylow,Muito baixo,#F40000,1663,Ponto Belo/ES,0.07
Recursos hídricos,37,Programa cisternas: água para consumo,2020,,Presente,verylow,Muito baixo,#F40000,4793,Riacho de Santana/BA,0.07
Recursos hídricos,37,Programa cisternas: água para consumo,2020,,Presente,verylow,Muito baixo,#F40000,3575,Ribeira do Piauí/PI,0.07
Recursos hídricos,37,Programa cisternas: água para consumo,2020,,Presente,verylow,Muito baixo,#F40000,1465,São Francisco/MG,0.07
Recursos hídricos,37,Programa cisternas: água para consumo,2020,,Presente,verylow,Muito baixo,#F40000,4484,Taquarana/AL,0.07
Recursos hídricos,37,Programa cisternas: água para consumo,2020,,Presente,verylow,Muito baixo,#F40000,3976,Vera Cruz/RN,0.07
Recursos hídricos,37,Programa cisternas: água para consumo,2020,,Presente,verylow,Muito baixo,#F40000,1592,Veredinha/MG,0.07
Recursos hídricos,37,Programa cisternas: água para consumo,2020,,Presente,verylow,Muito baixo,#F40000,3811,Viçosa do Ceará/CE,0.07
Recursos hídricos,37,Programa cisternas: água para consumo,2020,,Presente,verylow,Muito baixo,#F40000,2887,Vitória do Jari/AP,0.07
Recursos hídricos,37,Programa cisternas: água para consumo,2020,,Presente,verylow,Muito baixo,#F40000,763,Águas Vermelhas/MG,0.06
Recursos hídricos,37,Programa cisternas: água para consumo,2020,,Presente,verylow,Muito baixo,#F40000,771,Almenara/MG,0.06
Recursos hídricos,37,Programa cisternas: água para consumo,2020,,Presente,verylow,Muito baixo,#F40000,4573,Amélia Rodrigues/BA,0.06
Recursos hídricos,37,Programa cisternas: água para consumo,2020,,Presente,verylow,Muito baixo,#F40000,4212,Angelim/PE,0.06
Recursos hídricos,37,Programa cisternas: água para consumo,2020,,Presente,verylow,Muito baixo,#F40000,3417,Aroeiras do Itaim/PI,0.06
Recursos hídricos,37,Programa cisternas: água para consumo,2020,,Presente,verylow,Muito baixo,#F40000,3650,Barbalha/CE,0.06
Recursos hídricos,37,Programa cisternas: água para consumo,2020,,Presente,verylow,Muito baixo,#F40000,824,Berizal/MG,0.06
Recursos hídricos,37,Programa cisternas: água para consumo,2020,,Presente,verylow,Muito baixo,#F40000,553,Eldorado/MS,0.06
Recursos hídricos,37,Programa cisternas: água para consumo,2020,,Presente,verylow,Muito baixo,#F40000,693,Encruzilhada/BA,0.06
Recursos hídricos,37,Programa cisternas: água para consumo,2020,,Presente,verylow,Muito baixo,#F40000,3687,Fortim/CE,0.06
Recursos hídricos,37,Programa cisternas: água para consumo,2020,,Presente,verylow,Muito baixo,#F40000,1061,Gameleiras/MG,0.06
Recursos hídricos,37,Programa cisternas: água para consumo,2020,,Presente,verylow,Muito baixo,#F40000,4674,Ibiquera/BA,0.06
Recursos hídricos,37,Programa cisternas: água para consumo,2020,,Presente,verylow,Muito baixo,#F40000,4517,Itabi/SE,0.06
Recursos hídricos,37,Programa cisternas: água para consumo,2020,,Presente,verylow,Muito baixo,#F40000,4729,Macaúbas/BA,0.06
Recursos hídricos,37,Programa cisternas: água para consumo,2020,,Presente,verylow,Muito baixo,#F40000,4733,Mansidão/BA,0.06
Recursos hídricos,37,Programa cisternas: água para consumo,2020,,Presente,verylow,Muito baixo,#F40000,3732,Maranguape/CE,0.06
Recursos hídricos,37,Programa cisternas: água para consumo,2020,,Presente,verylow,Muito baixo,#F40000,4757,Nova Itarana/BA,0.06
Recursos hídricos,37,Programa cisternas: água para consumo,2020,,Presente,verylow,Muito baixo,#F40000,579,Paranhos/MS,0.06
Recursos hídricos,37,Programa cisternas: água para consumo,2020,,Presente,verylow,Muito baixo,#F40000,3321,Pastos Bons/MA,0.06
Recursos hídricos,37,Programa cisternas: água para consumo,2020,,Presente,verylow,Muito baixo,#F40000,1661,Pinheiros/ES,0.06
Recursos hídricos,37,Programa cisternas: água para consumo,2020,,Presente,verylow,Muito baixo,#F40000,4468,Quebrangulo/AL,0.06
Recursos hídricos,37,Programa cisternas: água para consumo,2020,,Presente,verylow,Muito baixo,#F40000,1415,Salto da Divisa/MG,0.06
Recursos hídricos,37,Programa cisternas: água para consumo,2020,,Presente,verylow,Muito baixo,#F40000,3789,São Gonçalo do Amarante/CE,0.06
Recursos hídricos,37,Programa cisternas: água para consumo,2020,,Presente,verylow,Muito baixo,#F40000,3593,São João da Canabrava/PI,0.06
Recursos hídricos,37,Programa cisternas: água para consumo,2020,,Presente,verylow,Muito baixo,#F40000,3604,São Luis do Piauí/PI,0.06
Recursos hídricos,37,Programa cisternas: água para consumo,2020,,Presente,verylow,Muito baixo,#F40000,4577,Angical/BA,0.05
Recursos hídricos,37,Programa cisternas: água para consumo,2020,,Presente,verylow,Muito baixo,#F40000,4591,Barra/BA,0.05
Recursos hídricos,37,Programa cisternas: água para consumo,2020,,Presente,verylow,Muito baixo,#F40000,2862,Belterra/PA,0.05
Recursos hídricos,37,Programa cisternas: água para consumo,2020,,Presente,verylow,Muito baixo,#F40000,3464,Colônia do Gurguéia/PI,0.05
Recursos hídricos,37,Programa cisternas: água para consumo,2020,,Presente,verylow,Muito baixo,#F40000,4637,Conceição da Feira/BA,0.05
Recursos hídricos,37,Programa cisternas: água para consumo,2020,,Presente,verylow,Muito baixo,#F40000,4063,Gurinhém/PB,0.05
Recursos hídricos,37,Programa cisternas: água para consumo,2020,,Presente,verylow,Muito baixo,#F40000,4678,Ibotirama/BA,0.05
Recursos hídricos,37,Programa cisternas: água para consumo,2020,,Presente,verylow,Muito baixo,#F40000,4683,Ipecaetá/BA,0.05
Recursos hídricos,37,Programa cisternas: água para consumo,2020,,Presente,verylow,Muito baixo,#F40000,1196,Lontra/MG,0.05
Recursos hídricos,37,Programa cisternas: água para consumo,2020,,Presente,verylow,Muito baixo,#F40000,3295,Magalhães de Almeida/MA,0.05
Recursos hídricos,37,Programa cisternas: água para consumo,2020,,Presente,verylow,Muito baixo,#F40000,1237,Mirabela/MG,0.05
Recursos hídricos,37,Programa cisternas: água para consumo,2020,,Presente,verylow,Muito baixo,#F40000,1655,Mucurici/ES,0.05
Recursos hídricos,37,Programa cisternas: água para consumo,2020,,Presente,verylow,Muito baixo,#F40000,1294,Padre Paraíso/MG,0.05
Recursos hídricos,37,Programa cisternas: água para consumo,2020,,Presente,verylow,Muito baixo,#F40000,3002,Palestina do Pará/PA,0.05
Recursos hídricos,37,Programa cisternas: água para consumo,2020,,Presente,verylow,Muito baixo,#F40000,95,Planalto Alegre/SC,0.05
Recursos hídricos,37,Programa cisternas: água para consumo,2020,,Presente,verylow,Muito baixo,#F40000,4824,São Miguel das Matas/BA,0.05
Recursos hídricos,37,Programa cisternas: água para consumo,2020,,Presente,verylow,Muito baixo,#F40000,4832,Serra do Ramalho/BA,0.05
Recursos hídricos,37,Programa cisternas: água para consumo,2020,,Presente,verylow,Muito baixo,#F40000,1591,Verdelândia/MG,0.05
Recursos hídricos,37,Programa cisternas: água para consumo,2020,,Presente,verylow,Muito baixo,#F40000,831,Bocaiúva/MG,0.04
Recursos hídricos,37,Programa cisternas: água para consumo,2020,,Presente,verylow,Muito baixo,#F40000,2823,Brasiléia/AC,0.04
Recursos hídricos,37,Programa cisternas: água para consumo,2020,,Presente,verylow,Muito baixo,#F40000,3225,Buriti/MA,0.04
Recursos hídricos,37,Programa cisternas: água para consumo,2020,,Presente,verylow,Muito baixo,#F40000,3243,Chapadinha/MA,0.04
Recursos hídricos,37,Programa cisternas: água para consumo,2020,,Presente,verylow,Muito baixo,#F40000,1625,Conceição da Barra/ES,0.04
Recursos hídricos,37,Programa cisternas: água para consumo,2020,,Presente,verylow,Muito baixo,#F40000,3470,Cristino Castro/PI,0.04
Recursos hídricos,37,Programa cisternas: água para consumo,2020,,Presente,verylow,Muito baixo,#F40000,2971,Curralinho/PA,0.04
Recursos hídricos,37,Programa cisternas: água para consumo,2020,,Presente,verylow,Muito baixo,#F40000,4508,Feira Nova/SE,0.04
Recursos hídricos,37,Programa cisternas: água para consumo,2020,,Presente,verylow,Muito baixo,#F40000,5482,Fonte Boa/AM,0.04
Recursos hídricos,37,Programa cisternas: água para consumo,2020,,Presente,verylow,Muito baixo,#F40000,4269,Glória do Goitá/PE,0.04
Recursos hídricos,37,Programa cisternas: água para consumo,2020,,Presente,verylow,Muito baixo,#F40000,3694,Guaiúba/CE,0.04
Recursos hídricos,37,Programa cisternas: água para consumo,2020,,Presente,verylow,Muito baixo,#F40000,4691,Irecê/BA,0.04
Recursos hídricos,37,Programa cisternas: água para consumo,2020,,Presente,verylow,Muito baixo,#F40000,1149,Jaíba/MG,0.04
Recursos hídricos,37,Programa cisternas: água para consumo,2020,,Presente,verylow,Muito baixo,#F40000,4999,Jequié/BA,0.04
Recursos hídricos,37,Programa cisternas: água para consumo,2020,,Presente,verylow,Muito baixo,#F40000,3889,Macaíba/RN,0.04
Recursos hídricos,37,Programa cisternas: água para consumo,2020,,Presente,verylow,Muito baixo,#F40000,4092,Mari/PB,0.04
Recursos hídricos,37,Programa cisternas: água para consumo,2020,,Presente,verylow,Muito baixo,#F40000,3543,Novo Oriente do Piauí/PI,0.04
Recursos hídricos,37,Programa cisternas: água para consumo,2020,,Presente,verylow,Muito baixo,#F40000,2999,Oeiras do Pará/PA,0.04
Recursos hídricos,37,Programa cisternas: água para consumo,2020,,Presente,verylow,Muito baixo,#F40000,4791,Riachão das Neves/BA,0.04
Recursos hídricos,37,Programa cisternas: água para consumo,2020,,Presente,verylow,Muito baixo,#F40000,4814,Santo Estêvão/BA,0.04
Recursos hídricos,37,Programa cisternas: água para consumo,2020,,Presente,verylow,Muito baixo,#F40000,4579,Antas/BA,0.03
Recursos hídricos,37,Programa cisternas: água para consumo,2020,,Presente,verylow,Muito baixo,#F40000,3202,Araioses/MA,0.03
Recursos hídricos,37,Programa cisternas: água para consumo,2020,,Presente,verylow,Muito baixo,#F40000,3659,Camocim/CE,0.03
Recursos hídricos,37,Programa cisternas: água para consumo,2020,,Presente,verylow,Muito baixo,#F40000,187,Candiota/RS,0.03
Recursos hídricos,37,Programa cisternas: água para consumo,2020,,Presente,verylow,Muito baixo,#F40000,3459,Caxingó/PI,0.03
Recursos hídricos,37,Programa cisternas: água para consumo,2020,,Presente,verylow,Muito baixo,#F40000,4640,Conceição do Jacuípe/BA,0.03
Recursos hídricos,37,Programa cisternas: água para consumo,2020,,Presente,verylow,Muito baixo,#F40000,4411,Craíbas/AL,0.03
Recursos hídricos,37,Programa cisternas: água para consumo,2020,,Presente,verylow,Muito baixo,#F40000,3850,Espírito Santo/RN,0.03
Recursos hídricos,37,Programa cisternas: água para consumo,2020,,Presente,verylow,Muito baixo,#F40000,1057,Fruta de Leite/MG,0.03
Recursos hídricos,37,Programa cisternas: água para consumo,2020,,Presente,verylow,Muito baixo,#F40000,4667,Glória/BA,0.03
Recursos hídricos,37,Programa cisternas: água para consumo,2020,,Presente,verylow,Muito baixo,#F40000,4304,Limoeiro/PE,0.03
Recursos hídricos,37,Programa cisternas: água para consumo,2020,,Presente,verylow,Muito baixo,#F40000,76,Lindóia do Sul/SC,0.03
Recursos hídricos,37,Programa cisternas: água para consumo,2020,,Presente,verylow,Muito baixo,#F40000,1225,Matias Cardoso/MG,0.03
Recursos hídricos,37,Programa cisternas: água para consumo,2020,,Presente,verylow,Muito baixo,#F40000,1654,Montanha/ES,0.03
Recursos hídricos,37,Programa cisternas: água para consumo,2020,,Presente,verylow,Muito baixo,#F40000,3897,Monte Alegre/RN,0.03
Recursos hídricos,37,Programa cisternas: água para consumo,2020,,Presente,verylow,Muito baixo,#F40000,4744,Morro do Chapéu/BA,0.03
Recursos hídricos,37,Programa cisternas: água para consumo,2020,,Presente,verylow,Muito baixo,#F40000,4103,Mulungu/PB,0.03
Recursos hídricos,37,Programa cisternas: água para consumo,2020,,Presente,verylow,Muito baixo,#F40000,3553,Parnaguá/PI,0.03
Recursos hídricos,37,Programa cisternas: água para consumo,2020,,Presente,verylow,Muito baixo,#F40000,2838,Senador Guiomard/AC,0.03
Recursos hídricos,37,Programa cisternas: água para consumo,2020,,Presente,verylow,Muito baixo,#F40000,3615,Socorro do Piauí/PI,0.03
Recursos hídricos,37,Programa cisternas: água para consumo,2020,,Presente,verylow,Muito baixo,#F40000,3386,Sucupira do Norte/MA,0.03
Recursos hídricos,37,Programa cisternas: água para consumo,2020,,Presente,verylow,Muito baixo,#F40000,4209,Aliança/PE,0.02
Recursos hídricos,37,Programa cisternas: água para consumo,2020,,Presente,verylow,Muito baixo,#F40000,4389,Arapiraca/AL,0.02
Recursos hídricos,37,Programa cisternas: água para consumo,2020,,Presente,verylow,Muito baixo,#F40000,4588,Baianópolis/BA,0.02
Recursos hídricos,37,Programa cisternas: água para consumo,2020,,Presente,verylow,Muito baixo,#F40000,4394,Belém/AL,0.02
Recursos hídricos,37,Programa cisternas: água para consumo,2020,,Presente,verylow,Muito baixo,#F40000,1618,Boa Esperança/ES,0.02
Recursos hídricos,37,Programa cisternas: água para consumo,2020,,Presente,verylow,Muito baixo,#F40000,4227,Brejão/PE,0.02
Recursos hídricos,37,Programa cisternas: água para consumo,2020,,Presente,verylow,Muito baixo,#F40000,2957,Breves/PA,0.02
Recursos hídricos,37,Programa cisternas: água para consumo,2020,,Presente,verylow,Muito baixo,#F40000,3450,Campo Maior/PI,0.02
Recursos hídricos,37,Programa cisternas: água para consumo,2020,,Presente,verylow,Muito baixo,#F40000,4629,Castro Alves/BA,0.02
Recursos hídricos,37,Programa cisternas: água para consumo,2020,,Presente,verylow,Muito baixo,#F40000,4876,Cavalcante/GO,0.02
Recursos hídricos,37,Programa cisternas: água para consumo,2020,,Presente,verylow,Muito baixo,#F40000,3840,Ceará-Mirim/RN,0.02
Recursos hídricos,37,Programa cisternas: água para consumo,2020,,Presente,verylow,Muito baixo,#F40000,4643,Coração de Maria/BA,0.02
Recursos hídricos,37,Programa cisternas: água para consumo,2020,,Presente,verylow,Muito baixo,#F40000,4648,Cravolândia/BA,0.02
Recursos hídricos,37,Programa cisternas: água para consumo,2020,,Presente,verylow,Muito baixo,#F40000,558,Iguatemi/MS,0.02
Recursos hídricos,37,Programa cisternas: água para consumo,2020,,Presente,verylow,Muito baixo,#F40000,2830,Mâncio Lima/AC,0.02
Recursos hídricos,37,Programa cisternas: água para consumo,2020,,Presente,verylow,Muito baixo,#F40000,3304,Mirador/MA,0.02
Recursos hídricos,37,Programa cisternas: água para consumo,2020,,Presente,verylow,Muito baixo,#F40000,1245,Montalvânia/MG,0.02
Recursos hídricos,37,Programa cisternas: água para consumo,2020,,Presente,verylow,Muito baixo,#F40000,4884,Montividiu do Norte/GO,0.02
Recursos hídricos,37,Programa cisternas: água para consumo,2020,,Presente,verylow,Muito baixo,#F40000,2760,Novo Brasil/GO,0.02
Recursos hídricos,37,Programa cisternas: água para consumo,2020,,Presente,verylow,Muito baixo,#F40000,3550,Palmeira do Piauí/PI,0.02
Recursos hídricos,37,Programa cisternas: água para consumo,2020,,Presente,verylow,Muito baixo,#F40000,732,Pau Brasil/BA,0.02
Recursos hídricos,37,Programa cisternas: água para consumo,2020,,Presente,verylow,Muito baixo,#F40000,1660,Pedro Canário/ES,0.02
Recursos hídricos,37,Programa cisternas: água para consumo,2020,,Presente,verylow,Muito baixo,#F40000,4327,Petrolina/PE,0.02
Recursos hídricos,37,Programa cisternas: água para consumo,2020,,Presente,verylow,Muito baixo,#F40000,4138,Riachão do Bacamarte/PB,0.02
Recursos hídricos,37,Programa cisternas: água para consumo,2020,,Presente,verylow,Muito baixo,#F40000,1454,Santo Antônio do Jacinto/MG,0.02
Recursos hídricos,37,Programa cisternas: água para consumo,2020,,Presente,verylow,Muito baixo,#F40000,1478,São João da Lagoa/MG,0.02
Recursos hídricos,37,Programa cisternas: água para consumo,2020,,Presente,verylow,Muito baixo,#F40000,3369,São João dos Patos/MA,0.02
Recursos hídricos,37,Programa cisternas: água para consumo,2020,,Presente,verylow,Muito baixo,#F40000,2940,Acará/PA,0.01
Recursos hídricos,37,Programa cisternas: água para consumo,2020,,Presente,verylow,Muito baixo,#F40000,3630,Acaraú/CE,0.01
Recursos hídricos,37,Programa cisternas: água para consumo,2020,,Presente,verylow,Muito baixo,#F40000,128,Aceguá/RS,0.01
Recursos hídricos,37,Programa cisternas: água para consumo,2020,,Presente,verylow,Muito baixo,#F40000,3409,Alto Longá/PI,0.01
Recursos hídricos,37,Programa cisternas: água para consumo,2020,,Presente,verylow,Muito baixo,#F40000,4388,Anadia/AL,0.01
Recursos hídricos,37,Programa cisternas: água para consumo,2020,,Presente,verylow,Muito baixo,#F40000,3200,Apicum-Açu/MA,0.01
Recursos hídricos,37,Programa cisternas: água para consumo,2020,,Presente,verylow,Muito baixo,#F40000,3639,Aquiraz/CE,0.01
Recursos hídricos,37,Programa cisternas: água para consumo,2020,,Presente,verylow,Muito baixo,#F40000,3416,Aroazes/PI,0.01
Recursos hídricos,37,Programa cisternas: água para consumo,2020,,Presente,verylow,Muito baixo,#F40000,3418,Arraial/PI,0.01
Recursos hídricos,37,Programa cisternas: água para consumo,2020,,Presente,verylow,Muito baixo,#F40000,2861,Aveiro/PA,0.01
Recursos hídricos,37,Programa cisternas: água para consumo,2020,,Presente,verylow,Muito baixo,#F40000,2947,Baião/PA,0.01
Recursos hídricos,37,Programa cisternas: água para consumo,2020,,Presente,verylow,Muito baixo,#F40000,810,Bandeira/MG,0.01
Recursos hídricos,37,Programa cisternas: água para consumo,2020,,Presente,verylow,Muito baixo,#F40000,5466,Barcelos/AM,0.01
Recursos hídricos,37,Programa cisternas: água para consumo,2020,,Presente,verylow,Muito baixo,#F40000,534,Bela Vista/MS,0.01
Recursos hídricos,37,Programa cisternas: água para consumo,2020,,Presente,verylow,Muito baixo,#F40000,2950,Belém/PA,0.01
Recursos hídricos,37,Programa cisternas: água para consumo,2020,,Presente,verylow,Muito baixo,#F40000,846,Brasília de Minas/MG,0.01
Recursos hídricos,37,Programa cisternas: água para consumo,2020,,Presente,verylow,Muito baixo,#F40000,3223,Brejo/MA,0.01
Recursos hídricos,37,Programa cisternas: água para consumo,2020,,Presente,verylow,Muito baixo,#F40000,2958,Bujaru/PA,0.01
Recursos hídricos,37,Programa cisternas: água para consumo,2020,,Presente,verylow,Muito baixo,#F40000,2959,Cachoeira do Piriá/PA,0.01
Recursos hídricos,37,Programa cisternas: água para consumo,2020,,Presente,verylow,Muito baixo,#F40000,4969,Caiapônia/GO,0.01
Recursos hídricos,37,Programa cisternas: água para consumo,2020,,Presente,verylow,Muito baixo,#F40000,4630,Catolândia/BA,0.01
Recursos hídricos,37,Programa cisternas: água para consumo,2020,,Presente,verylow,Muito baixo,#F40000,922,Catuji/MG,0.01
Recursos hídricos,37,Programa cisternas: água para consumo,2020,,Presente,verylow,Muito baixo,#F40000,3463,Coivaras/PI,0.01
Recursos hídricos,37,Programa cisternas: água para consumo,2020,,Presente,verylow,Muito baixo,#F40000,960,Coração de Jesus/MG,0.01
Recursos hídricos,37,Programa cisternas: água para consumo,2020,,Presente,verylow,Muito baixo,#F40000,4650,Cristópolis/BA,0.01
Recursos hídricos,37,Programa cisternas: água para consumo,2020,,Presente,verylow,Muito baixo,#F40000,3680,Cruz/CE,0.01
Recursos hídricos,37,Programa cisternas: água para consumo,2020,,Presente,verylow,Muito baixo,#F40000,2826,Cruzeiro do Sul/AC,0.01
Recursos hídricos,37,Programa cisternas: água para consumo,2020,,Presente,verylow,Muito baixo,#F40000,663,Doverlândia/GO,0.01
Recursos hídricos,37,Programa cisternas: água para consumo,2020,,Presente,verylow,Muito baixo,#F40000,1630,Ecoporanga/ES,0.01
Recursos hídricos,37,Programa cisternas: água para consumo,2020,,Presente,verylow,Muito baixo,#F40000,2828,Feijó/AC,0.01
Recursos hídricos,37,Programa cisternas: água para consumo,2020,,Presente,verylow,Muito baixo,#F40000,1049,Francisco Dumont/MG,0.01
Recursos hídricos,37,Programa cisternas: água para consumo,2020,,Presente,verylow,Muito baixo,#F40000,3492,Geminiano/PI,0.01
Recursos hídricos,37,Programa cisternas: água para consumo,2020,,Presente,verylow,Muito baixo,#F40000,2713,Goiás/GO,0.01
Recursos hídricos,37,Programa cisternas: água para consumo,2020,,Presente,verylow,Muito baixo,#F40000,5032,Gurupá/PA,0.01
Recursos hídricos,37,Programa cisternas: água para consumo,2020,,Presente,verylow,Muito baixo,#F40000,280,Hulha Negra/RS,0.01
Recursos hídricos,37,Programa cisternas: água para consumo,2020,,Presente,verylow,Muito baixo,#F40000,2982,Irituia/PA,0.01
Recursos hídricos,37,Programa cisternas: água para consumo,2020,,Presente,verylow,Muito baixo,#F40000,4995,Itagi/BA,0.01
Recursos hídricos,37,Programa cisternas: água para consumo,2020,,Presente,verylow,Muito baixo,#F40000,68,Itá/SC,0.01
Recursos hídricos,37,Programa cisternas: água para consumo,2020,,Presente,verylow,Muito baixo,#F40000,4072,Jacaraú/PB,0.01
Recursos hídricos,37,Programa cisternas: água para consumo,2020,,Presente,verylow,Muito baixo,#F40000,3280,Jatobá/MA,0.01
Recursos hídricos,37,Programa cisternas: água para consumo,2020,,Presente,verylow,Muito baixo,#F40000,5492,Jutaí/AM,0.01
Recursos hídricos,37,Programa cisternas: água para consumo,2020,,Presente,verylow,Muito baixo,#F40000,4521,Lagarto/SE,0.01
Recursos hídricos,37,Programa cisternas: água para consumo,2020,,Presente,verylow,Muito baixo,#F40000,4431,Lagoa da Canoa/AL,0.01
Recursos hídricos,37,Programa cisternas: água para consumo,2020,,Presente,verylow,Muito baixo,#F40000,3289,Lago dos Rodrigues/MA,0.01
Recursos hídricos,37,Programa cisternas: água para consumo,2020,,Presente,verylow,Muito baixo,#F40000,3522,Luís Correia/PI,0.01
Recursos hídricos,37,Programa cisternas: água para consumo,2020,,Presente,verylow,Muito baixo,#F40000,5497,Manicoré/AM,0.01
Recursos hídricos,37,Programa cisternas: água para consumo,2020,,Presente,verylow,Muito baixo,#F40000,4091,Marcação/PB,0.01
Recursos hídricos,37,Programa cisternas: água para consumo,2020,,Presente,verylow,Muito baixo,#F40000,4438,Maribondo/AL,0.01
Recursos hídricos,37,Programa cisternas: água para consumo,2020,,Presente,verylow,Muito baixo,#F40000,3734,Martinópole/CE,0.01
Recursos hídricos,37,Programa cisternas: água para consumo,2020,,Presente,verylow,Muito baixo,#F40000,1221,Mata Verde/MG,0.01
Recursos hídricos,37,Programa cisternas: água para consumo,2020,,Presente,verylow,Muito baixo,#F40000,5033,Melgaço/PA,0.01
Recursos hídricos,37,Programa cisternas: água para consumo,2020,,Presente,verylow,Muito baixo,#F40000,3303,Milagres do Maranhão/MA,0.01
Recursos hídricos,37,Programa cisternas: água para consumo,2020,,Presente,verylow,Muito baixo,#F40000,4883,Monte Alegre de Goiás/GO,0.01
Recursos hídricos,37,Programa cisternas: água para consumo,2020,,Presente,verylow,Muito baixo,#F40000,5020,Niquelândia/GO,0.01
Recursos hídricos,37,Programa cisternas: água para consumo,2020,,Presente,verylow,Muito baixo,#F40000,1658,Nova Venécia/ES,0.01
Recursos hídricos,37,Programa cisternas: água para consumo,2020,,Presente,verylow,Muito baixo,#F40000,3001,Pacajá/PA,0.01
Recursos hídricos,37,Programa cisternas: água para consumo,2020,,Presente,verylow,Muito baixo,#F40000,2771,Paraúna/GO,0.01
Recursos hídricos,37,Programa cisternas: água para consumo,2020,,Presente,verylow,Muito baixo,#F40000,367,Pedras Altas/RS,0.01
Recursos hídricos,37,Programa cisternas: água para consumo,2020,,Presente,verylow,Muito baixo,#F40000,4118,Pedras de Fogo/PB,0.01
Recursos hídricos,37,Programa cisternas: água para consumo,2020,,Presente,verylow,Muito baixo,#F40000,3006,Peixe-Boi/PA,0.01
Recursos hídricos,37,Programa cisternas: água para consumo,2020,,Presente,verylow,Muito baixo,#F40000,3563,Picos/PI,0.01
Recursos hídricos,37,Programa cisternas: água para consumo,2020,,Presente,verylow,Muito baixo,#F40000,3768,Pindoretama/CE,0.01
Recursos hídricos,37,Programa cisternas: água para consumo,2020,,Presente,verylow,Muito baixo,#F40000,1344,Pintópolis/MG,0.01
Recursos hídricos,37,Programa cisternas: água para consumo,2020,,Presente,verylow,Muito baixo,#F40000,3567,Piripiri/PI,0.01
Recursos hídricos,37,Programa cisternas: água para consumo,2020,,Presente,verylow,Muito baixo,#F40000,2875,Placas/PA,0.01
Recursos hídricos,37,Programa cisternas: água para consumo,2020,,Presente,verylow,Muito baixo,#F40000,96,Ponte Serrada/SC,0.01
Recursos hídricos,37,Programa cisternas: água para consumo,2020,,Presente,verylow,Muito baixo,#F40000,3572,Redenção do Gurguéia/PI,0.01
Recursos hídricos,37,Programa cisternas: água para consumo,2020,,Presente,verylow,Muito baixo,#F40000,4139,Riachão do Poço/PB,0.01
Recursos hídricos,37,Programa cisternas: água para consumo,2020,,Presente,verylow,Muito baixo,#F40000,1430,Santa Maria do Salto/MG,0.01
Recursos hídricos,37,Programa cisternas: água para consumo,2020,,Presente,verylow,Muito baixo,#F40000,3352,Santa Quitéria do Maranhão/MA,0.01
Recursos hídricos,37,Programa cisternas: água para consumo,2020,,Presente,verylow,Muito baixo,#F40000,2879,Santarém/PA,0.01
Recursos hídricos,37,Programa cisternas: água para consumo,2020,,Presente,verylow,Muito baixo,#F40000,4811,Santa Terezinha/BA,0.01
Recursos hídricos,37,Programa cisternas: água para consumo,2020,,Presente,verylow,Muito baixo,#F40000,5025,Santa Terezinha de Goiás/GO,0.01
Recursos hídricos,37,Programa cisternas: água para consumo,2020,,Presente,verylow,Muito baixo,#F40000,1673,São Mateus/ES,0.01
Recursos hídricos,37,Programa cisternas: água para consumo,2020,,Presente,verylow,Muito baixo,#F40000,4480,São Sebastião/AL,0.01
Recursos hídricos,37,Programa cisternas: água para consumo,2020,,Presente,verylow,Muito baixo,#F40000,3034,São Sebastião da Boa Vista/PA,0.01
Recursos hídricos,37,Programa cisternas: água para consumo,2020,,Presente,verylow,Muito baixo,#F40000,4177,Sapé/PB,0.01
Recursos hídricos,37,Programa cisternas: água para consumo,2020,,Presente,verylow,Muito baixo,#F40000,4830,Seabra/BA,0.01
Recursos hídricos,37,Programa cisternas: água para consumo,2020,,Presente,verylow,Muito baixo,#F40000,3384,Serrano do Maranhão/MA,0.01
Recursos hídricos,37,Programa cisternas: água para consumo,2020,,Presente,verylow,Muito baixo,#F40000,4185,Sobrado/PB,0.01
Recursos hídricos,37,Programa cisternas: água para consumo,2020,,Presente,verylow,Muito baixo,#F40000,1676,Sooretama/ES,0.01
Recursos hídricos,37,Programa cisternas: água para consumo,2020,,Presente,verylow,Muito baixo,#F40000,3387,Sucupira do Riachão/MA,0.01
Recursos hídricos,37,Programa cisternas: água para consumo,2020,,Presente,verylow,Muito baixo,#F40000,4893,Teresina de Goiás/GO,0.01
Recursos hídricos,37,Programa cisternas: água para consumo,2020,,Presente,verylow,Muito baixo,#F40000,4854,Ubaíra/BA,0.01
Recursos hídricos,37,Programa cisternas: água para consumo,2020,,Presente,verylow,Muito baixo,#F40000,1680,Vila Pavão/ES,0.01
Recursos hídricos,37,Programa cisternas: água para consumo,2020,,Presente,verylow,Muito baixo,#F40000,123,Xanxerê/SC,0.01
Recursos hídricos,37,Programa cisternas: água para consumo,2020,,Presente,verylow,Muito baixo,#F40000,2938,Abaetetuba/PA,0.0
Recursos hídricos,37,Programa cisternas: água para consumo,2020,,Presente,verylow,Muito baixo,#F40000,758,Açucena/MG,0.0
Recursos hídricos,37,Programa cisternas: água para consumo,2020,,Presente,verylow,Muito baixo,#F40000,3405,Agricolândia/PI,0.0
Recursos hídricos,37,Programa cisternas: água para consumo,2020,,Presente,verylow,Muito baixo,#F40000,759,Água Boa/MG,0.0
Recursos hídricos,37,Programa cisternas: água para consumo,2020,,Presente,verylow,Muito baixo,#F40000,3406,Água Branca/PI,0.0
Recursos hídricos,37,Programa cisternas: água para consumo,2020,,Presente,verylow,Muito baixo,#F40000,3189,Água Doce do Maranhão/MA,0.0
Recursos hídricos,37,Programa cisternas: água para consumo,2020,,Presente,verylow,Muito baixo,#F40000,762,Águas Formosas/MG,0.0
Recursos hídricos,37,Programa cisternas: água para consumo,2020,,Presente,verylow,Muito baixo,#F40000,1607,Águia Branca/ES,0.0
Recursos hídricos,37,Programa cisternas: água para consumo,2020,,Presente,verylow,Muito baixo,#F40000,764,Aimorés/MG,0.0
Recursos hídricos,37,Programa cisternas: água para consumo,2020,,Presente,verylow,Muito baixo,#F40000,4571,Alagoinhas/BA,0.0
Recursos hídricos,37,Programa cisternas: água para consumo,2020,,Presente,verylow,Muito baixo,#F40000,3191,Aldeias Altas/MA,0.0
Recursos hídricos,37,Programa cisternas: água para consumo,2020,,Presente,verylow,Muito baixo,#F40000,772,Alpercata/MG,0.0
Recursos hídricos,37,Programa cisternas: água para consumo,2020,,Presente,verylow,Muito baixo,#F40000,3410,Altos/PI,0.0
Recursos hídricos,37,Programa cisternas: água para consumo,2020,,Presente,verylow,Muito baixo,#F40000,777,Alvarenga/MG,0.0
Recursos hídricos,37,Programa cisternas: água para consumo,2020,,Presente,verylow,Muito baixo,#F40000,3411,Alvorada do Gurguéia/PI,0.0
Recursos hídricos,37,Programa cisternas: água para consumo,2020,,Presente,verylow,Muito baixo,#F40000,3412,Amarante/PI,0.0
Recursos hídricos,37,Programa cisternas: água para consumo,2020,,Presente,verylow,Muito baixo,#F40000,4572,Amargosa/BA,0.0
Recursos hídricos,37,Programa cisternas: água para consumo,2020,,Presente,verylow,Muito baixo,#F40000,4489,Amparo de São Francisco/SE,0.0
Recursos hídricos,37,Programa cisternas: água para consumo,2020,,Presente,verylow,Muito baixo,#F40000,3198,Anajatuba/MA,0.0
Recursos hídricos,37,Programa cisternas: água para consumo,2020,,Presente,verylow,Muito baixo,#F40000,3413,Angical do Piauí/PI,0.0
Recursos hídricos,37,Programa cisternas: água para consumo,2020,,Presente,verylow,Muito baixo,#F40000,4490,Aquidabã/SE,0.0
Recursos hídricos,37,Programa cisternas: água para consumo,2020,,Presente,verylow,Muito baixo,#F40000,3204,Arari/MA,0.0
Recursos hídricos,37,Programa cisternas: água para consumo,2020,,Presente,verylow,Muito baixo,#F40000,805,Ataléia/MG,0.0
Recursos hídricos,37,Programa cisternas: água para consumo,2020,,Presente,verylow,Muito baixo,#F40000,3208,Bacuri/MA,0.0
Recursos hídricos,37,Programa cisternas: água para consumo,2020,,Presente,verylow,Muito baixo,#F40000,151,Bagé/RS,0.0
Recursos hídricos,37,Programa cisternas: água para consumo,2020,,Presente,verylow,Muito baixo,#F40000,1616,Baixo Guandu/ES,0.0
Recursos hídricos,37,Programa cisternas: água para consumo,2020,,Presente,verylow,Muito baixo,#F40000,660,Baliza/GO,0.0
Recursos hídricos,37,Programa cisternas: água para consumo,2020,,Presente,verylow,Muito baixo,#F40000,3211,Barão de Grajaú/MA,0.0
Recursos hídricos,37,Programa cisternas: água para consumo,2020,,Presente,verylow,Muito baixo,#F40000,2949,Barcarena/PA,0.0
Recursos hídricos,37,Programa cisternas: água para consumo,2020,,Presente,verylow,Muito baixo,#F40000,3422,Barra D'Alcântara/PI,0.0
Recursos hídricos,37,Programa cisternas: água para consumo,2020,,Presente,verylow,Muito baixo,#F40000,3212,Barra do Corda/MA,0.0
Recursos hídricos,37,Programa cisternas: água para consumo,2020,,Presente,verylow,Muito baixo,#F40000,3423,Barras/PI,0.0
Recursos hídricos,37,Programa cisternas: água para consumo,2020,,Presente,verylow,Muito baixo,#F40000,4595,Barreiras/BA,0.0
Recursos hídricos,37,Programa cisternas: água para consumo,2020,,Presente,verylow,Muito baixo,#F40000,3424,Barreiras do Piauí/PI,0.0
Recursos hídricos,37,Programa cisternas: água para consumo,2020,,Presente,verylow,Muito baixo,#F40000,3213,Barreirinhas/MA,0.0
Recursos hídricos,37,Programa cisternas: água para consumo,2020,,Presente,verylow,Muito baixo,#F40000,3425,Barro Duro/PI,0.0
Recursos hídricos,37,Programa cisternas: água para consumo,2020,,Presente,verylow,Muito baixo,#F40000,3426,Batalha/PI,0.0
Recursos hídricos,37,Programa cisternas: água para consumo,2020,,Presente,verylow,Muito baixo,#F40000,3429,Beneditinos/PI,0.0
Recursos hídricos,37,Programa cisternas: água para consumo,2020,,Presente,verylow,Muito baixo,#F40000,3430,Bertolínia/PI,0.0
Recursos hídricos,37,Programa cisternas: água para consumo,2020,,Presente,verylow,Muito baixo,#F40000,823,Bertópolis/MG,0.0
Recursos hídricos,37,Programa cisternas: água para consumo,2020,,Presente,verylow,Muito baixo,#F40000,3432,Boa Hora/PI,0.0
Recursos hídricos,37,Programa cisternas: água para consumo,2020,,Presente,verylow,Muito baixo,#F40000,3433,Bocaina/PI,0.0
Recursos hídricos,37,Programa cisternas: água para consumo,2020,,Presente,verylow,Muito baixo,#F40000,661,Bom Jardim de Goiás/GO,0.0
Recursos hídricos,37,Programa cisternas: água para consumo,2020,,Presente,verylow,Muito baixo,#F40000,3434,Bom Jesus/PI,0.0
Recursos hídricos,37,Programa cisternas: água para consumo,2020,,Presente,verylow,Muito baixo,#F40000,3435,Bom Princípio do Piauí/PI,0.0
Recursos hídricos,37,Programa cisternas: água para consumo,2020,,Presente,verylow,Muito baixo,#F40000,840,Bonfinópolis de Minas/MG,0.0
Recursos hídricos,37,Programa cisternas: água para consumo,2020,,Presente,verylow,Muito baixo,#F40000,3437,Boqueirão do Piauí/PI,0.0
Recursos hídricos,37,Programa cisternas: água para consumo,2020,,Presente,verylow,Muito baixo,#F40000,4015,Borborema/PB,0.0
Recursos hídricos,37,Programa cisternas: água para consumo,2020,,Presente,verylow,Muito baixo,#F40000,844,Botumirim/MG,0.0
Recursos hídricos,37,Programa cisternas: água para consumo,2020,,Presente,verylow,Muito baixo,#F40000,3438,Brasileira/PI,0.0
Recursos hídricos,37,Programa cisternas: água para consumo,2020,,Presente,verylow,Muito baixo,#F40000,2820,Brasília/DF,0.0
Recursos hídricos,37,Programa cisternas: água para consumo,2020,,Presente,verylow,Muito baixo,#F40000,848,Braúnas/MG,0.0
Recursos hídricos,37,Programa cisternas: água para consumo,2020,,Presente,verylow,Muito baixo,#F40000,2669,Brazabrantes/GO,0.0
Recursos hídricos,37,Programa cisternas: água para consumo,2020,,Presente,verylow,Muito baixo,#F40000,4230,Buenos Aires/PE,0.0
Recursos hídricos,37,Programa cisternas: água para consumo,2020,,Presente,verylow,Muito baixo,#F40000,3440,Buriti dos Lopes/PI,0.0
Recursos hídricos,37,Programa cisternas: água para consumo,2020,,Presente,verylow,Muito baixo,#F40000,855,Buritizeiro/MG,0.0
Recursos hídricos,37,Programa cisternas: água para consumo,2020,,Presente,verylow,Muito baixo,#F40000,681,Caatiba/BA,0.0
Recursos hídricos,37,Programa cisternas: água para consumo,2020,,Presente,verylow,Muito baixo,#F40000,4609,Cabaceiras do Paraguaçu/BA,0.0
Recursos hídricos,37,Programa cisternas: água para consumo,2020,,Presente,verylow,Muito baixo,#F40000,3442,Cabeceiras do Piauí/PI,0.0
Recursos hídricos,37,Programa cisternas: água para consumo,2020,,Presente,verylow,Muito baixo,#F40000,870,Campanário/MG,0.0
Recursos hídricos,37,Programa cisternas: água para consumo,2020,,Presente,verylow,Muito baixo,#F40000,4401,Campo Alegre/AL,0.0
Recursos hídricos,37,Programa cisternas: água para consumo,2020,,Presente,verylow,Muito baixo,#F40000,874,Campo Azul/MG,0.0
Recursos hídricos,37,Programa cisternas: água para consumo,2020,,Presente,verylow,Muito baixo,#F40000,4402,Campo Grande/AL,0.0
Recursos hídricos,37,Programa cisternas: água para consumo,2020,,Presente,verylow,Muito baixo,#F40000,3449,Campo Largo do Piauí/PI,0.0
Recursos hídricos,37,Programa cisternas: água para consumo,2020,,Presente,verylow,Muito baixo,#F40000,3451,Canavieira/PI,0.0
Recursos hídricos,37,Programa cisternas: água para consumo,2020,,Presente,verylow,Muito baixo,#F40000,884,Cantagalo/MG,0.0
Recursos hídricos,37,Programa cisternas: água para consumo,2020,,Presente,verylow,Muito baixo,#F40000,3234,Cantanhede/MA,0.0
Recursos hídricos,37,Programa cisternas: água para consumo,2020,,Presente,verylow,Muito baixo,#F40000,891,Capitão Andrade/MG,0.0
Recursos hídricos,37,Programa cisternas: água para consumo,2020,,Presente,verylow,Muito baixo,#F40000,3453,Capitão de Campos/PI,0.0
Recursos hídricos,37,Programa cisternas: água para consumo,2020,,Presente,verylow,Muito baixo,#F40000,3456,Caraúbas do Piauí/PI,0.0
Recursos hídricos,37,Programa cisternas: água para consumo,2020,,Presente,verylow,Muito baixo,#F40000,902,Carlos Chagas/MG,0.0
Recursos hídricos,37,Programa cisternas: água para consumo,2020,,Presente,verylow,Muito baixo,#F40000,903,Carmésia/MG,0.0
Recursos hídricos,37,Programa cisternas: água para consumo,2020,,Presente,verylow,Muito baixo,#F40000,4245,Carpina/PE,0.0
Recursos hídricos,37,Programa cisternas: água para consumo,2020,,Presente,verylow,Muito baixo,#F40000,3238,Caxias/MA,0.0
Recursos hídricos,37,Programa cisternas: água para consumo,2020,,Presente,verylow,Muito baixo,#F40000,4503,Cedro de São João/SE,0.0
Recursos hídricos,37,Programa cisternas: água para consumo,2020,,Presente,verylow,Muito baixo,#F40000,926,Central de Minas/MG,0.0
Recursos hídricos,37,Programa cisternas: água para consumo,2020,,Presente,verylow,Muito baixo,#F40000,4251,Chã Grande/PE,0.0
Recursos hídricos,37,Programa cisternas: água para consumo,2020,,Presente,verylow,Muito baixo,#F40000,44,Chapecó/SC,0.0
Recursos hídricos,37,Programa cisternas: água para consumo,2020,,Presente,verylow,Muito baixo,#F40000,3461,Cocal de Telha/PI,0.0
Recursos hídricos,37,Programa cisternas: água para consumo,2020,,Presente,verylow,Muito baixo,#F40000,3462,Cocal dos Alves/PI,0.0
Recursos hídricos,37,Programa cisternas: água para consumo,2020,,Presente,verylow,Muito baixo,#F40000,3460,Cocal/PI,0.0
Recursos hídricos,37,Programa cisternas: água para consumo,2020,,Presente,verylow,Muito baixo,#F40000,3247,Colinas/MA,0.0
Recursos hídricos,37,Programa cisternas: água para consumo,2020,,Presente,verylow,Muito baixo,#F40000,956,Conselheiro Pena/MG,0.0
Recursos hídricos,37,Programa cisternas: água para consumo,2020,,Presente,verylow,Muito baixo,#F40000,964,Coroaci/MG,0.0
Recursos hídricos,37,Programa cisternas: água para consumo,2020,,Presente,verylow,Muito baixo,#F40000,3468,Corrente/PI,0.0
Recursos hídricos,37,Programa cisternas: água para consumo,2020,,Presente,verylow,Muito baixo,#F40000,4253,Correntes/PE,0.0
Recursos hídricos,37,Programa cisternas: água para consumo,2020,,Presente,verylow,Muito baixo,#F40000,975,Crisólita/MG,0.0
Recursos hídricos,37,Programa cisternas: água para consumo,2020,,Presente,verylow,Muito baixo,#F40000,3469,Cristalândia do Piauí/PI,0.0
Recursos hídricos,37,Programa cisternas: água para consumo,2020,,Presente,verylow,Muito baixo,#F40000,4048,Cuité de Mamanguape/PB,0.0
Recursos hídricos,37,Programa cisternas: água para consumo,2020,,Presente,verylow,Muito baixo,#F40000,4505,Cumbe/SE,0.0
Recursos hídricos,37,Programa cisternas: água para consumo,2020,,Presente,verylow,Muito baixo,#F40000,983,Cuparaque/MG,0.0
Recursos hídricos,37,Programa cisternas: água para consumo,2020,,Presente,verylow,Muito baixo,#F40000,3472,Currais/PI,0.0
Recursos hídricos,37,Programa cisternas: água para consumo,2020,,Presente,verylow,Muito baixo,#F40000,3473,Curralinhos/PI,0.0
Recursos hídricos,37,Programa cisternas: água para consumo,2020,,Presente,verylow,Muito baixo,#F40000,2972,Curuçá/PA,0.0
Recursos hídricos,37,Programa cisternas: água para consumo,2020,,Presente,verylow,Muito baixo,#F40000,3250,Cururupu/MA,0.0
Recursos hídricos,37,Programa cisternas: água para consumo,2020,,Presente,verylow,Muito baixo,#F40000,692,Dário Meira/BA,0.0
Recursos hídricos,37,Programa cisternas: água para consumo,2020,,Presente,verylow,Muito baixo,#F40000,3475,Demerval Lobão/PI,0.0
Recursos hídricos,37,Programa cisternas: água para consumo,2020,,Presente,verylow,Muito baixo,#F40000,998,Divino das Laranjeiras/MG,0.0
Recursos hídricos,37,Programa cisternas: água para consumo,2020,,Presente,verylow,Muito baixo,#F40000,999,Divinolândia de Minas/MG,0.0
Recursos hídricos,37,Programa cisternas: água para consumo,2020,,Presente,verylow,Muito baixo,#F40000,1004,Dom Bosco/MG,0.0
Recursos hídricos,37,Programa cisternas: água para consumo,2020,,Presente,verylow,Muito baixo,#F40000,3477,Dom Expedito Lopes/PI,0.0
Recursos hídricos,37,Programa cisternas: água para consumo,2020,,Presente,verylow,Muito baixo,#F40000,1011,Dores de Guanhães/MG,0.0
Recursos hídricos,37,Programa cisternas: água para consumo,2020,,Presente,verylow,Muito baixo,#F40000,3481,Eliseu Martins/PI,0.0
Recursos hídricos,37,Programa cisternas: água para consumo,2020,,Presente,verylow,Muito baixo,#F40000,1018,Engenheiro Caldas/MG,0.0
Recursos hídricos,37,Programa cisternas: água para consumo,2020,,Presente,verylow,Muito baixo,#F40000,2827,Epitaciolândia/AC,0.0
Recursos hídricos,37,Programa cisternas: água para consumo,2020,,Presente,verylow,Muito baixo,#F40000,3482,Esperantina/PI,0.0
Recursos hídricos,37,Programa cisternas: água para consumo,2020,,Presente,verylow,Muito baixo,#F40000,3254,Esperantinópolis/MA,0.0
Recursos hídricos,37,Programa cisternas: água para consumo,2020,,Presente,verylow,Muito baixo,#F40000,4415,Feira Grande/AL,0.0
Recursos hídricos,37,Programa cisternas: água para consumo,2020,,Presente,verylow,Muito baixo,#F40000,1040,Fernandes Tourinho/MG,0.0
Recursos hídricos,37,Programa cisternas: água para consumo,2020,,Presente,verylow,Muito baixo,#F40000,3257,Fernando Falcão/MA,0.0
Recursos hídricos,37,Programa cisternas: água para consumo,2020,,Presente,verylow,Muito baixo,#F40000,3486,Floriano/PI,0.0
Recursos hídricos,37,Programa cisternas: água para consumo,2020,,Presente,verylow,Muito baixo,#F40000,4663,Formosa do Rio Preto/BA,0.0
Recursos hídricos,37,Programa cisternas: água para consumo,2020,,Presente,verylow,Muito baixo,#F40000,3487,Francinópolis/PI,0.0
Recursos hídricos,37,Programa cisternas: água para consumo,2020,,Presente,verylow,Muito baixo,#F40000,3488,Francisco Ayres/PI,0.0
Recursos hídricos,37,Programa cisternas: água para consumo,2020,,Presente,verylow,Muito baixo,#F40000,1051,Franciscópolis/MG,0.0
Recursos hídricos,37,Programa cisternas: água para consumo,2020,,Presente,verylow,Muito baixo,#F40000,1052,Frei Gaspar/MG,0.0
Recursos hídricos,37,Programa cisternas: água para consumo,2020,,Presente,verylow,Muito baixo,#F40000,1053,Frei Inocêncio/MG,0.0
Recursos hídricos,37,Programa cisternas: água para consumo,2020,,Presente,verylow,Muito baixo,#F40000,1056,Fronteira dos Vales/MG,0.0
Recursos hídricos,37,Programa cisternas: água para consumo,2020,,Presente,verylow,Muito baixo,#F40000,1060,Galiléia/MG,0.0
Recursos hídricos,37,Programa cisternas: água para consumo,2020,,Presente,verylow,Muito baixo,#F40000,3493,Gilbués/PI,0.0
Recursos hídricos,37,Programa cisternas: água para consumo,2020,,Presente,verylow,Muito baixo,#F40000,1063,Goiabeira/MG,0.0
Recursos hídricos,37,Programa cisternas: água para consumo,2020,,Presente,verylow,Muito baixo,#F40000,3262,Gonçalves Dias/MA,0.0
Recursos hídricos,37,Programa cisternas: água para consumo,2020,,Presente,verylow,Muito baixo,#F40000,1066,Gonzaga/MG,0.0
Recursos hídricos,37,Programa cisternas: água para consumo,2020,,Presente,verylow,Muito baixo,#F40000,3265,Governador Eugênio Barros/MA,0.0
Recursos hídricos,37,Programa cisternas: água para consumo,2020,,Presente,verylow,Muito baixo,#F40000,3268,Governador Nunes Freire/MA,0.0
Recursos hídricos,37,Programa cisternas: água para consumo,2020,,Presente,verylow,Muito baixo,#F40000,1068,Governador Valadares/MG,0.0
Recursos hídricos,37,Programa cisternas: água para consumo,2020,,Presente,verylow,Muito baixo,#F40000,4512,Gracho Cardoso/SE,0.0
Recursos hídricos,37,Programa cisternas: água para consumo,2020,,Presente,verylow,Muito baixo,#F40000,1071,Guanhães/MG,0.0
Recursos hídricos,37,Programa cisternas: água para consumo,2020,,Presente,verylow,Muito baixo,#F40000,4062,Guarabira/PB,0.0
Recursos hídricos,37,Programa cisternas: água para consumo,2020,,Presente,verylow,Muito baixo,#F40000,3496,Hugo Napoleão/PI,0.0
Recursos hídricos,37,Programa cisternas: água para consumo,2020,,Presente,verylow,Muito baixo,#F40000,3272,Humberto de Campos/MA,0.0
Recursos hídricos,37,Programa cisternas: água para consumo,2020,,Presente,verylow,Muito baixo,#F40000,1088,Ibiaí/MG,0.0
Recursos hídricos,37,Programa cisternas: água para consumo,2020,,Presente,verylow,Muito baixo,#F40000,1094,Icaraí de Minas/MG,0.0
Recursos hídricos,37,Programa cisternas: água para consumo,2020,,Presente,verylow,Muito baixo,#F40000,3273,Icatu/MA,0.0
Recursos hídricos,37,Programa cisternas: água para consumo,2020,,Presente,verylow,Muito baixo,#F40000,702,Iguaí/BA,0.0
Recursos hídricos,37,Programa cisternas: água para consumo,2020,,Presente,verylow,Muito baixo,#F40000,3497,Ilha Grande/PI,0.0
Recursos hídricos,37,Programa cisternas: água para consumo,2020,,Presente,verylow,Muito baixo,#F40000,1105,Inhapim/MG,0.0
Recursos hídricos,37,Programa cisternas: água para consumo,2020,,Presente,verylow,Muito baixo,#F40000,1115,Itabirinha/MG,0.0
Recursos hídricos,37,Programa cisternas: água para consumo,2020,,Presente,verylow,Muito baixo,#F40000,1117,Itacambira/MG,0.0
Recursos hídricos,37,Programa cisternas: água para consumo,2020,,Presente,verylow,Muito baixo,#F40000,1640,Itaguaçu/ES,0.0
Recursos hídricos,37,Programa cisternas: água para consumo,2020,,Presente,verylow,Muito baixo,#F40000,3277,Itaipava do Grajaú/MA,0.0
Recursos hídricos,37,Programa cisternas: água para consumo,2020,,Presente,verylow,Muito baixo,#F40000,1120,Itaipé/MG,0.0
Recursos hídricos,37,Programa cisternas: água para consumo,2020,,Presente,verylow,Muito baixo,#F40000,2866,Itaituba/PA,0.0
Recursos hídricos,37,Programa cisternas: água para consumo,2020,,Presente,verylow,Muito baixo,#F40000,1124,Itambacuri/MG,0.0
Recursos hídricos,37,Programa cisternas: água para consumo,2020,,Presente,verylow,Muito baixo,#F40000,710,Itambé/BA,0.0
Recursos hídricos,37,Programa cisternas: água para consumo,2020,,Presente,verylow,Muito baixo,#F40000,4285,Itambé/PE,0.0
Recursos hídricos,37,Programa cisternas: água para consumo,2020,,Presente,verylow,Muito baixo,#F40000,1129,Itanhomi/MG,0.0
Recursos hídricos,37,Programa cisternas: água para consumo,2020,,Presente,verylow,Muito baixo,#F40000,3278,Itapecuru Mirim/MA,0.0
Recursos hídricos,37,Programa cisternas: água para consumo,2020,,Presente,verylow,Muito baixo,#F40000,714,Itapetinga/BA,0.0
Recursos hídricos,37,Programa cisternas: água para consumo,2020,,Presente,verylow,Muito baixo,#F40000,1642,Itarana/ES,0.0
Recursos hídricos,37,Programa cisternas: água para consumo,2020,,Presente,verylow,Muito baixo,#F40000,716,Itarantim/BA,0.0
Recursos hídricos,37,Programa cisternas: água para consumo,2020,,Presente,verylow,Muito baixo,#F40000,717,Itororó/BA,0.0
Recursos hídricos,37,Programa cisternas: água para consumo,2020,,Presente,verylow,Muito baixo,#F40000,1139,Itueta/MG,0.0
Recursos hídricos,37,Programa cisternas: água para consumo,2020,,Presente,verylow,Muito baixo,#F40000,4706,Jaguaquara/BA,0.0
Recursos hídricos,37,Programa cisternas: água para consumo,2020,,Presente,verylow,Muito baixo,#F40000,1150,Jampruca/MG,0.0
Recursos hídricos,37,Programa cisternas: água para consumo,2020,,Presente,verylow,Muito baixo,#F40000,3505,Jardim do Mulato/PI,0.0
Recursos hídricos,37,Programa cisternas: água para consumo,2020,,Presente,verylow,Muito baixo,#F40000,3506,Jatobá do Piauí/PI,0.0
Recursos hídricos,37,Programa cisternas: água para consumo,2020,,Presente,verylow,Muito baixo,#F40000,3281,Jenipapo dos Vieiras/MA,0.0
Recursos hídricos,37,Programa cisternas: água para consumo,2020,,Presente,verylow,Muito baixo,#F40000,1158,Jequitaí/MG,0.0
Recursos hídricos,37,Programa cisternas: água para consumo,2020,,Presente,verylow,Muito baixo,#F40000,3507,Jerumenha/PI,0.0
Recursos hídricos,37,Programa cisternas: água para consumo,2020,,Presente,verylow,Muito baixo,#F40000,3725,Jijoca de Jericoacoara/CE,0.0
Recursos hídricos,37,Programa cisternas: água para consumo,2020,,Presente,verylow,Muito baixo,#F40000,4712,Jitaúna/BA,0.0
Recursos hídricos,37,Programa cisternas: água para consumo,2020,,Presente,verylow,Muito baixo,#F40000,3509,Joaquim Pires/PI,0.0
Recursos hídricos,37,Programa cisternas: água para consumo,2020,,Presente,verylow,Muito baixo,#F40000,3510,Joca Marques/PI,0.0
Recursos hídricos,37,Programa cisternas: água para consumo,2020,,Presente,verylow,Muito baixo,#F40000,3511,José de Freitas/PI,0.0
Recursos hídricos,37,Programa cisternas: água para consumo,2020,,Presente,verylow,Muito baixo,#F40000,1169,José Raydan/MG,0.0
Recursos hídricos,37,Programa cisternas: água para consumo,2020,,Presente,verylow,Muito baixo,#F40000,1174,Juramento/MG,0.0
Recursos hídricos,37,Programa cisternas: água para consumo,2020,,Presente,verylow,Muito baixo,#F40000,4297,Jurema/PE,0.0
Recursos hídricos,37,Programa cisternas: água para consumo,2020,,Presente,verylow,Muito baixo,#F40000,1176,Ladainha/MG,0.0
Recursos hídricos,37,Programa cisternas: água para consumo,2020,,Presente,verylow,Muito baixo,#F40000,3516,Lagoa Alegre/PI,0.0
Recursos hídricos,37,Programa cisternas: água para consumo,2020,,Presente,verylow,Muito baixo,#F40000,4299,Lagoa de Itaenga/PE,0.0
Recursos hídricos,37,Programa cisternas: água para consumo,2020,,Presente,verylow,Muito baixo,#F40000,4298,Lagoa do Carro/PE,0.0
Recursos hídricos,37,Programa cisternas: água para consumo,2020,,Presente,verylow,Muito baixo,#F40000,3519,Lagoa do Piauí/PI,0.0
Recursos hídricos,37,Programa cisternas: água para consumo,2020,,Presente,verylow,Muito baixo,#F40000,1179,Lagoa dos Patos/MG,0.0
Recursos hídricos,37,Programa cisternas: água para consumo,2020,,Presente,verylow,Muito baixo,#F40000,3285,Lago da Pedra/MA,0.0
Recursos hídricos,37,Programa cisternas: água para consumo,2020,,Presente,verylow,Muito baixo,#F40000,3515,Lagoinha do Piauí/PI,0.0
Recursos hídricos,37,Programa cisternas: água para consumo,2020,,Presente,verylow,Muito baixo,#F40000,3521,Landri Sales/PI,0.0
Recursos hídricos,37,Programa cisternas: água para consumo,2020,,Presente,verylow,Muito baixo,#F40000,1188,Lassance/MG,0.0
Recursos hídricos,37,Programa cisternas: água para consumo,2020,,Presente,verylow,Muito baixo,#F40000,1191,Leme do Prado/MG,0.0
Recursos hídricos,37,Programa cisternas: água para consumo,2020,,Presente,verylow,Muito baixo,#F40000,1194,Lima Duarte/MG,0.0
Recursos hídricos,37,Programa cisternas: água para consumo,2020,,Presente,verylow,Muito baixo,#F40000,4432,Limoeiro de Anadia/AL,0.0
Recursos hídricos,37,Programa cisternas: água para consumo,2020,,Presente,verylow,Muito baixo,#F40000,1198,Luislândia/MG,0.0
Recursos hídricos,37,Programa cisternas: água para consumo,2020,,Presente,verylow,Muito baixo,#F40000,3523,Luzilândia/PI,0.0
Recursos hídricos,37,Programa cisternas: água para consumo,2020,,Presente,verylow,Muito baixo,#F40000,4305,Macaparana/PE,0.0
Recursos hídricos,37,Programa cisternas: água para consumo,2020,,Presente,verylow,Muito baixo,#F40000,723,Macarani/BA,0.0
Recursos hídricos,37,Programa cisternas: água para consumo,2020,,Presente,verylow,Muito baixo,#F40000,1201,Machacalis/MG,0.0
Recursos hídricos,37,Programa cisternas: água para consumo,2020,,Presente,verylow,Muito baixo,#F40000,3524,Madeiro/PI,0.0
Recursos hídricos,37,Programa cisternas: água para consumo,2020,,Presente,verylow,Muito baixo,#F40000,725,Maiquinique/BA,0.0
Recursos hídricos,37,Programa cisternas: água para consumo,2020,,Presente,verylow,Muito baixo,#F40000,1204,Malacacheta/MG,0.0
Recursos hídricos,37,Programa cisternas: água para consumo,2020,,Presente,verylow,Muito baixo,#F40000,3525,Manoel Emídio/PI,0.0
Recursos hídricos,37,Programa cisternas: água para consumo,2020,,Presente,verylow,Muito baixo,#F40000,1209,Mantena/MG,0.0
Recursos hídricos,37,Programa cisternas: água para consumo,2020,,Presente,verylow,Muito baixo,#F40000,1649,Mantenópolis/ES,0.0
Recursos hídricos,37,Programa cisternas: água para consumo,2020,,Presente,verylow,Muito baixo,#F40000,3731,Maracanaú/CE,0.0
Recursos hídricos,37,Programa cisternas: água para consumo,2020,,Presente,verylow,Muito baixo,#F40000,3297,Marajá do Sena/MA,0.0
Recursos hídricos,37,Programa cisternas: água para consumo,2020,,Presente,verylow,Muito baixo,#F40000,1214,Marilac/MG,0.0
Recursos hídricos,37,Programa cisternas: água para consumo,2020,,Presente,verylow,Muito baixo,#F40000,1598,Mathias Lobato/MG,0.0
Recursos hídricos,37,Programa cisternas: água para consumo,2020,,Presente,verylow,Muito baixo,#F40000,3529,Matias Olímpio/PI,0.0
Recursos hídricos,37,Programa cisternas: água para consumo,2020,,Presente,verylow,Muito baixo,#F40000,3302,Matões do Norte/MA,0.0
Recursos hídricos,37,Programa cisternas: água para consumo,2020,,Presente,verylow,Muito baixo,#F40000,3301,Matões/MA,0.0
Recursos hídricos,37,Programa cisternas: água para consumo,2020,,Presente,verylow,Muito baixo,#F40000,1232,Mendes Pimentel/MG,0.0
Recursos hídricos,37,Programa cisternas: água para consumo,2020,,Presente,verylow,Muito baixo,#F40000,3530,Miguel Alves/PI,0.0
Recursos hídricos,37,Programa cisternas: água para consumo,2020,,Presente,verylow,Muito baixo,#F40000,3531,Miguel Leão/PI,0.0
Recursos hídricos,37,Programa cisternas: água para consumo,2020,,Presente,verylow,Muito baixo,#F40000,3533,Monsenhor Gil/PI,0.0
Recursos hídricos,37,Programa cisternas: água para consumo,2020,,Presente,verylow,Muito baixo,#F40000,3535,Monte Alegre do Piauí/PI,0.0
Recursos hídricos,37,Programa cisternas: água para consumo,2020,,Presente,verylow,Muito baixo,#F40000,1252,Montes Claros/MG,0.0
Recursos hídricos,37,Programa cisternas: água para consumo,2020,,Presente,verylow,Muito baixo,#F40000,3745,Moraújo/CE,0.0
Recursos hídricos,37,Programa cisternas: água para consumo,2020,,Presente,verylow,Muito baixo,#F40000,4310,Moreno/PE,0.0
Recursos hídricos,37,Programa cisternas: água para consumo,2020,,Presente,verylow,Muito baixo,#F40000,3537,Morro do Chapéu do Piauí/PI,0.0
Recursos hídricos,37,Programa cisternas: água para consumo,2020,,Presente,verylow,Muito baixo,#F40000,3538,Murici dos Portelas/PI,0.0
Recursos hídricos,37,Programa cisternas: água para consumo,2020,,Presente,verylow,Muito baixo,#F40000,1260,Mutum/MG,0.0
Recursos hídricos,37,Programa cisternas: água para consumo,2020,,Presente,verylow,Muito baixo,#F40000,1262,Nacip Raydan/MG,0.0
Recursos hídricos,37,Programa cisternas: água para consumo,2020,,Presente,verylow,Muito baixo,#F40000,1263,Nanuque/MG,0.0
Recursos hídricos,37,Programa cisternas: água para consumo,2020,,Presente,verylow,Muito baixo,#F40000,1264,Naque/MG,0.0
Recursos hídricos,37,Programa cisternas: água para consumo,2020,,Presente,verylow,Muito baixo,#F40000,4311,Nazaré da Mata/PE,0.0
Recursos hídricos,37,Programa cisternas: água para consumo,2020,,Presente,verylow,Muito baixo,#F40000,3539,Nazaré do Piauí/PI,0.0
Recursos hídricos,37,Programa cisternas: água para consumo,2020,,Presente,verylow,Muito baixo,#F40000,3540,Nazária/PI,0.0
Recursos hídricos,37,Programa cisternas: água para consumo,2020,,Presente,verylow,Muito baixo,#F40000,2755,Nerópolis/GO,0.0
Recursos hídricos,37,Programa cisternas: água para consumo,2020,,Presente,verylow,Muito baixo,#F40000,3310,Nina Rodrigues/MA,0.0
Recursos hídricos,37,Programa cisternas: água para consumo,2020,,Presente,verylow,Muito baixo,#F40000,3541,Nossa Senhora de Nazaré/PI,0.0
Recursos hídricos,37,Programa cisternas: água para consumo,2020,,Presente,verylow,Muito baixo,#F40000,3542,Nossa Senhora dos Remédios/PI,0.0
Recursos hídricos,37,Programa cisternas: água para consumo,2020,,Presente,verylow,Muito baixo,#F40000,1270,Nova Belém/MG,0.0
Recursos hídricos,37,Programa cisternas: água para consumo,2020,,Presente,verylow,Muito baixo,#F40000,730,Nova Canaã/BA,0.0
Recursos hídricos,37,Programa cisternas: água para consumo,2020,,Presente,verylow,Muito baixo,#F40000,1273,Nova Módica/MG,0.0
Recursos hídricos,37,Programa cisternas: água para consumo,2020,,Presente,verylow,Muito baixo,#F40000,2759,Nova Veneza/GO,0.0
Recursos hídricos,37,Programa cisternas: água para consumo,2020,,Presente,verylow,Muito baixo,#F40000,1279,Novo Oriente de Minas/MG,0.0
Recursos hídricos,37,Programa cisternas: água para consumo,2020,,Presente,verylow,Muito baixo,#F40000,3546,Olho D'Água do Piauí/PI,0.0
Recursos hídricos,37,Programa cisternas: água para consumo,2020,,Presente,verylow,Muito baixo,#F40000,4449,Olho d'Água Grande/AL,0.0
Recursos hídricos,37,Programa cisternas: água para consumo,2020,,Presente,verylow,Muito baixo,#F40000,1292,Ouro Verde de Minas/MG,0.0
Recursos hídricos,37,Programa cisternas: água para consumo,2020,,Presente,verylow,Muito baixo,#F40000,3755,Pacatuba/CE,0.0
Recursos hídricos,37,Programa cisternas: água para consumo,2020,,Presente,verylow,Muito baixo,#F40000,3549,Pajeú do Piauí/PI,0.0
Recursos hídricos,37,Programa cisternas: água para consumo,2020,,Presente,verylow,Muito baixo,#F40000,3551,Palmeirais/PI,0.0
Recursos hídricos,37,Programa cisternas: água para consumo,2020,,Presente,verylow,Muito baixo,#F40000,3554,Parnaíba/PI,0.0
Recursos hídricos,37,Programa cisternas: água para consumo,2020,,Presente,verylow,Muito baixo,#F40000,3319,Parnarama/MA,0.0
Recursos hídricos,37,Programa cisternas: água para consumo,2020,,Presente,verylow,Muito baixo,#F40000,3555,Passagem Franca do Piauí/PI,0.0
Recursos hídricos,37,Programa cisternas: água para consumo,2020,,Presente,verylow,Muito baixo,#F40000,3557,Pau D'Arco do Piauí/PI,0.0
Recursos hídricos,37,Programa cisternas: água para consumo,2020,,Presente,verylow,Muito baixo,#F40000,3323,Paulo Ramos/MA,0.0
Recursos hídricos,37,Programa cisternas: água para consumo,2020,,Presente,verylow,Muito baixo,#F40000,1318,Pavão/MG,0.0
Recursos hídricos,37,Programa cisternas: água para consumo,2020,,Presente,verylow,Muito baixo,#F40000,1319,Peçanha/MG,0.0
Recursos hídricos,37,Programa cisternas: água para consumo,2020,,Presente,verylow,Muito baixo,#F40000,4136,Pedro Régis/PB,0.0
Recursos hídricos,37,Programa cisternas: água para consumo,2020,,Presente,verylow,Muito baixo,#F40000,1335,Periquito/MG,0.0
Recursos hídricos,37,Programa cisternas: água para consumo,2020,,Presente,verylow,Muito baixo,#F40000,1336,Pescador/MG,0.0
Recursos hídricos,37,Programa cisternas: água para consumo,2020,,Presente,verylow,Muito baixo,#F40000,4460,Piaçabuçu/AL,0.0
Recursos hídricos,37,Programa cisternas: água para consumo,2020,,Presente,verylow,Muito baixo,#F40000,4121,Pilar/PB,0.0
Recursos hídricos,37,Programa cisternas: água para consumo,2020,,Presente,verylow,Muito baixo,#F40000,3920,Pilões/RN,0.0
Recursos hídricos,37,Programa cisternas: água para consumo,2020,,Presente,verylow,Muito baixo,#F40000,4123,Pilõezinhos/PB,0.0
Recursos hídricos,37,Programa cisternas: água para consumo,2020,,Presente,verylow,Muito baixo,#F40000,1351,Pirapora/MG,0.0
Recursos hídricos,37,Programa cisternas: água para consumo,2020,,Presente,verylow,Muito baixo,#F40000,3333,Poção de Pedras/MA,0.0
Recursos hídricos,37,Programa cisternas: água para consumo,2020,,Presente,verylow,Muito baixo,#F40000,1361,Ponto Chique/MG,0.0
Recursos hídricos,37,Programa cisternas: água para consumo,2020,,Presente,verylow,Muito baixo,#F40000,3568,Porto/PI,0.0
Recursos hídricos,37,Programa cisternas: água para consumo,2020,,Presente,verylow,Muito baixo,#F40000,4467,Porto Real do Colégio/AL,0.0
Recursos hídricos,37,Programa cisternas: água para consumo,2020,,Presente,verylow,Muito baixo,#F40000,1365,Poté/MG,0.0
Recursos hídricos,37,Programa cisternas: água para consumo,2020,,Presente,verylow,Muito baixo,#F40000,738,Potiraguá/BA,0.0
Recursos hídricos,37,Programa cisternas: água para consumo,2020,,Presente,verylow,Muito baixo,#F40000,3570,Prata do Piauí/PI,0.0
Recursos hídricos,37,Programa cisternas: água para consumo,2020,,Presente,verylow,Muito baixo,#F40000,3340,Presidente Vargas/MA,0.0
Recursos hídricos,37,Programa cisternas: água para consumo,2020,,Presente,verylow,Muito baixo,#F40000,4544,Propriá/SE,0.0
Recursos hídricos,37,Programa cisternas: água para consumo,2020,,Presente,verylow,Muito baixo,#F40000,3573,Regeneração/PI,0.0
Recursos hídricos,37,Programa cisternas: água para consumo,2020,,Presente,verylow,Muito baixo,#F40000,1385,Resplendor/MG,0.0
Recursos hídricos,37,Programa cisternas: água para consumo,2020,,Presente,verylow,Muito baixo,#F40000,1387,Riachinho/MG,0.0
Recursos hídricos,37,Programa cisternas: água para consumo,2020,,Presente,verylow,Muito baixo,#F40000,3574,Riacho Frio/PI,0.0
Recursos hídricos,37,Programa cisternas: água para consumo,2020,,Presente,verylow,Muito baixo,#F40000,2835,Rio Branco/AC,0.0
Recursos hídricos,37,Programa cisternas: água para consumo,2020,,Presente,verylow,Muito baixo,#F40000,4799,Rodelas/BA,0.0
Recursos hídricos,37,Programa cisternas: água para consumo,2020,,Presente,verylow,Muito baixo,#F40000,3345,Rosário/MA,0.0
Recursos hídricos,37,Programa cisternas: água para consumo,2020,,Presente,verylow,Muito baixo,#F40000,1412,Sabinópolis/MG,0.0
Recursos hídricos,37,Programa cisternas: água para consumo,2020,,Presente,verylow,Muito baixo,#F40000,2785,Sanclerlândia/GO,0.0
Recursos hídricos,37,Programa cisternas: água para consumo,2020,,Presente,verylow,Muito baixo,#F40000,3579,Santa Cruz dos Milagres/PI,0.0
Recursos hídricos,37,Programa cisternas: água para consumo,2020,,Presente,verylow,Muito baixo,#F40000,1423,Santa Efigênia de Minas/MG,0.0
Recursos hídricos,37,Programa cisternas: água para consumo,2020,,Presente,verylow,Muito baixo,#F40000,1424,Santa Fé de Minas/MG,0.0
Recursos hídricos,37,Programa cisternas: água para consumo,2020,,Presente,verylow,Muito baixo,#F40000,1425,Santa Helena de Minas/MG,0.0
Recursos hídricos,37,Programa cisternas: água para consumo,2020,,Presente,verylow,Muito baixo,#F40000,3348,Santa Helena/MA,0.0
Recursos hídricos,37,Programa cisternas: água para consumo,2020,,Presente,verylow,Muito baixo,#F40000,3581,Santa Luz/PI,0.0
Recursos hídricos,37,Programa cisternas: água para consumo,2020,,Presente,verylow,Muito baixo,#F40000,1431,Santa Maria do Suaçuí/MG,0.0
Recursos hídricos,37,Programa cisternas: água para consumo,2020,,Presente,verylow,Muito baixo,#F40000,3354,Santana do Maranhão/MA,0.0
Recursos hídricos,37,Programa cisternas: água para consumo,2020,,Presente,verylow,Muito baixo,#F40000,4473,Santana do Mundaú/AL,0.0
Recursos hídricos,37,Programa cisternas: água para consumo,2020,,Presente,verylow,Muito baixo,#F40000,1446,Santa Rita do Itueto/MG,0.0
Recursos hídricos,37,Programa cisternas: água para consumo,2020,,Presente,verylow,Muito baixo,#F40000,3353,Santa Rita/MA,0.0
Recursos hídricos,37,Programa cisternas: água para consumo,2020,,Presente,verylow,Muito baixo,#F40000,3355,Santo Amaro do Maranhão/MA,0.0
Recursos hídricos,37,Programa cisternas: água para consumo,2020,,Presente,verylow,Muito baixo,#F40000,3585,Santo Antônio dos Milagres/PI,0.0
Recursos hídricos,37,Programa cisternas: água para consumo,2020,,Presente,verylow,Muito baixo,#F40000,3359,São Bernardo/MA,0.0
Recursos hídricos,37,Programa cisternas: água para consumo,2020,,Presente,verylow,Muito baixo,#F40000,4474,São Brás/AL,0.0
Recursos hídricos,37,Programa cisternas: água para consumo,2020,,Presente,verylow,Muito baixo,#F40000,4815,São Desidério/BA,0.0
Recursos hídricos,37,Programa cisternas: água para consumo,2020,,Presente,verylow,Muito baixo,#F40000,1462,São Domingos das Dores/MG,0.0
Recursos hídricos,37,Programa cisternas: água para consumo,2020,,Presente,verylow,Muito baixo,#F40000,1464,São Félix de Minas/MG,0.0
Recursos hídricos,37,Programa cisternas: água para consumo,2020,,Presente,verylow,Muito baixo,#F40000,3588,São Félix do Piauí/PI,0.0
Recursos hídricos,37,Programa cisternas: água para consumo,2020,,Presente,verylow,Muito baixo,#F40000,5036,São Félix do Xingu/PA,0.0
Recursos hídricos,37,Programa cisternas: água para consumo,2020,,Presente,verylow,Muito baixo,#F40000,3364,São Francisco do Maranhão/MA,0.0
Recursos hídricos,37,Programa cisternas: água para consumo,2020,,Presente,verylow,Muito baixo,#F40000,1470,São Geraldo da Piedade/MG,0.0
Recursos hídricos,37,Programa cisternas: água para consumo,2020,,Presente,verylow,Muito baixo,#F40000,1471,São Geraldo do Baixio/MG,0.0
Recursos hídricos,37,Programa cisternas: água para consumo,2020,,Presente,verylow,Muito baixo,#F40000,3591,São Gonçalo do Gurguéia/PI,0.0
Recursos hídricos,37,Programa cisternas: água para consumo,2020,,Presente,verylow,Muito baixo,#F40000,3592,São Gonçalo do Piauí/PI,0.0
Recursos hídricos,37,Programa cisternas: água para consumo,2020,,Presente,verylow,Muito baixo,#F40000,4822,São Gonçalo dos Campos/BA,0.0
Recursos hídricos,37,Programa cisternas: água para consumo,2020,,Presente,verylow,Muito baixo,#F40000,3597,São João do Arraial/PI,0.0
Recursos hídricos,37,Programa cisternas: água para consumo,2020,,Presente,verylow,Muito baixo,#F40000,1484,São João do Manteninha/MG,0.0
Recursos hídricos,37,Programa cisternas: água para consumo,2020,,Presente,verylow,Muito baixo,#F40000,1486,São João do Pacuí/MG,0.0
Recursos hídricos,37,Programa cisternas: água para consumo,2020,,Presente,verylow,Muito baixo,#F40000,3368,São João do Soter/MA,0.0
Recursos hídricos,37,Programa cisternas: água para consumo,2020,,Presente,verylow,Muito baixo,#F40000,1488,São João Evangelista/MG,0.0
Recursos hídricos,37,Programa cisternas: água para consumo,2020,,Presente,verylow,Muito baixo,#F40000,1493,São José da Safira/MG,0.0
Recursos hídricos,37,Programa cisternas: água para consumo,2020,,Presente,verylow,Muito baixo,#F40000,1496,São José do Divino/MG,0.0
Recursos hídricos,37,Programa cisternas: água para consumo,2020,,Presente,verylow,Muito baixo,#F40000,1498,São José do Jacuri/MG,0.0
Recursos hídricos,37,Programa cisternas: água para consumo,2020,,Presente,verylow,Muito baixo,#F40000,4166,São José dos Ramos/PB,0.0
Recursos hídricos,37,Programa cisternas: água para consumo,2020,,Presente,verylow,Muito baixo,#F40000,3605,São Miguel da Baixa Grande/PI,0.0
Recursos hídricos,37,Programa cisternas: água para consumo,2020,,Presente,verylow,Muito baixo,#F40000,3608,São Pedro do Piauí/PI,0.0
Recursos hídricos,37,Programa cisternas: água para consumo,2020,,Presente,verylow,Muito baixo,#F40000,1504,São Pedro do Suaçuí/MG,0.0
Recursos hídricos,37,Programa cisternas: água para consumo,2020,,Presente,verylow,Muito baixo,#F40000,3378,São Raimundo do Doca Bezerra/MA,0.0
Recursos hídricos,37,Programa cisternas: água para consumo,2020,,Presente,verylow,Muito baixo,#F40000,1505,São Romão/MG,0.0
Recursos hídricos,37,Programa cisternas: água para consumo,2020,,Presente,verylow,Muito baixo,#F40000,1509,São Sebastião do Anta/MG,0.0
Recursos hídricos,37,Programa cisternas: água para consumo,2020,,Presente,verylow,Muito baixo,#F40000,1510,São Sebastião do Maranhão/MG,0.0
Recursos hídricos,37,Programa cisternas: água para consumo,2020,,Presente,verylow,Muito baixo,#F40000,4358,São Vicente Férrer/PE,0.0
Recursos hídricos,37,Programa cisternas: água para consumo,2020,,Presente,verylow,Muito baixo,#F40000,1520,Sardoá/MG,0.0
Recursos hídricos,37,Programa cisternas: água para consumo,2020,,Presente,verylow,Muito baixo,#F40000,3610,Sebastião Barros/PI,0.0
Recursos hídricos,37,Programa cisternas: água para consumo,2020,,Presente,verylow,Muito baixo,#F40000,3611,Sebastião Leal/PI,0.0
Recursos hídricos,37,Programa cisternas: água para consumo,2020,,Presente,verylow,Muito baixo,#F40000,1530,Senhora do Porto/MG,0.0
Recursos hídricos,37,Programa cisternas: água para consumo,2020,,Presente,verylow,Muito baixo,#F40000,4180,Serra da Raiz/PB,0.0
Recursos hídricos,37,Programa cisternas: água para consumo,2020,,Presente,verylow,Muito baixo,#F40000,1536,Serra dos Aimorés/MG,0.0
Recursos hídricos,37,Programa cisternas: água para consumo,2020,,Presente,verylow,Muito baixo,#F40000,3960,Serrinha dos Pintos/RN,0.0
Recursos hídricos,37,Programa cisternas: água para consumo,2020,,Presente,verylow,Muito baixo,#F40000,1522,Setubinha/MG,0.0
Recursos hídricos,37,Programa cisternas: água para consumo,2020,,Presente,verylow,Muito baixo,#F40000,1547,Sobrália/MG,0.0
Recursos hídricos,37,Programa cisternas: água para consumo,2020,,Presente,verylow,Muito baixo,#F40000,3616,Sussuapara/PI,0.0
Recursos hídricos,37,Programa cisternas: água para consumo,2020,,Presente,verylow,Muito baixo,#F40000,3037,Tailândia/PA,0.0
Recursos hídricos,37,Programa cisternas: água para consumo,2020,,Presente,verylow,Muito baixo,#F40000,4483,Tanque d'Arca/AL,0.0
Recursos hídricos,37,Programa cisternas: água para consumo,2020,,Presente,verylow,Muito baixo,#F40000,1551,Taparuba/MG,0.0
Recursos hídricos,37,Programa cisternas: água para consumo,2020,,Presente,verylow,Muito baixo,#F40000,2840,Tarauacá/AC,0.0
Recursos hídricos,37,Programa cisternas: água para consumo,2020,,Presente,verylow,Muito baixo,#F40000,1555,Tarumirim/MG,0.0
Recursos hídricos,37,Programa cisternas: água para consumo,2020,,Presente,verylow,Muito baixo,#F40000,4560,Telha/SE,0.0
Recursos hídricos,37,Programa cisternas: água para consumo,2020,,Presente,verylow,Muito baixo,#F40000,1557,Teófilo Otoni/MG,0.0
Recursos hídricos,37,Programa cisternas: água para consumo,2020,,Presente,verylow,Muito baixo,#F40000,3619,Teresina/PI,0.0
Recursos hídricos,37,Programa cisternas: água para consumo,2020,,Presente,verylow,Muito baixo,#F40000,3390,Timon/MA,0.0
Recursos hídricos,37,Programa cisternas: água para consumo,2020,,Presente,verylow,Muito baixo,#F40000,1568,Tumiritinga/MG,0.0
Recursos hídricos,37,Programa cisternas: água para consumo,2020,,Presente,verylow,Muito baixo,#F40000,3393,Tuntum/MA,0.0
Recursos hídricos,37,Programa cisternas: água para consumo,2020,,Presente,verylow,Muito baixo,#F40000,3394,Turiaçu/MA,0.0
Recursos hídricos,37,Programa cisternas: água para consumo,2020,,Presente,verylow,Muito baixo,#F40000,3395,Turilândia/MA,0.0
Recursos hídricos,37,Programa cisternas: água para consumo,2020,,Presente,verylow,Muito baixo,#F40000,3396,Tutóia/MA,0.0
Recursos hídricos,37,Programa cisternas: água para consumo,2020,,Presente,verylow,Muito baixo,#F40000,1573,Ubaí/MG,0.0
Recursos hídricos,37,Programa cisternas: água para consumo,2020,,Presente,verylow,Muito baixo,#F40000,1574,Ubaporanga/MG,0.0
Recursos hídricos,37,Programa cisternas: água para consumo,2020,,Presente,verylow,Muito baixo,#F40000,1577,Umburatiba/MG,0.0
Recursos hídricos,37,Programa cisternas: água para consumo,2020,,Presente,verylow,Muito baixo,#F40000,3620,União/PI,0.0
Recursos hídricos,37,Programa cisternas: água para consumo,2020,,Presente,verylow,Muito baixo,#F40000,1580,Uruana de Minas/MG,0.0
Recursos hídricos,37,Programa cisternas: água para consumo,2020,,Presente,verylow,Muito baixo,#F40000,1582,Urucuia/MG,0.0
Recursos hídricos,37,Programa cisternas: água para consumo,2020,,Presente,verylow,Muito baixo,#F40000,3621,Uruçuí/PI,0.0
Recursos hídricos,37,Programa cisternas: água para consumo,2020,,Presente,verylow,Muito baixo,#F40000,3622,Valença do Piauí/PI,0.0
Recursos hídricos,37,Programa cisternas: água para consumo,2020,,Presente,verylow,Muito baixo,#F40000,3398,Vargem Grande/MA,0.0
Recursos hídricos,37,Programa cisternas: água para consumo,2020,,Presente,verylow,Muito baixo,#F40000,1588,Várzea da Palma/MG,0.0
Recursos hídricos,37,Programa cisternas: água para consumo,2020,,Presente,verylow,Muito baixo,#F40000,3624,Várzea Grande/PI,0.0
Recursos hídricos,37,Programa cisternas: água para consumo,2020,,Presente,verylow,Muito baixo,#F40000,3399,Viana/MA,0.0
Recursos hídricos,37,Programa cisternas: água para consumo,2020,,Presente,verylow,Muito baixo,#F40000,4384,Vicência/PE,0.0
Recursos hídricos,37,Programa cisternas: água para consumo,2020,,Presente,verylow,Muito baixo,#F40000,3977,Viçosa/RN,0.0
Recursos hídricos,37,Programa cisternas: água para consumo,2020,,Presente,verylow,Muito baixo,#F40000,1601,Virginópolis/MG,0.0
Recursos hídricos,37,Programa cisternas: água para consumo,2020,,Presente,verylow,Muito baixo,#F40000,1602,Virgolândia/MG,0.0
Recursos hídricos,37,Programa cisternas: água para consumo,2020,,Presente,verylow,Muito baixo,#F40000,4385,Vitória de Santo Antão/PE,0.0
Recursos hídricos,37,Programa cisternas: água para consumo,2020,,Presente,verylow,Muito baixo,#F40000,3401,Vitória do Mearim/MA,0.0
Recursos hídricos,37,Programa cisternas: água para consumo,2020,,Presente,verylow,Muito baixo,#F40000,3627,Wall Ferraz/PI,0.0
Recursos hídricos,37,Programa cisternas: água para consumo,2020,,Presente,low,Baixo,#FF8300,4576,Andorinha/BA,0.39
Recursos hídricos,37,Programa cisternas: água para consumo,2020,,Presente,low,Baixo,#FF8300,4000,Baraúna/PB,0.39
Recursos hídricos,37,Programa cisternas: água para consumo,2020,,Presente,low,Baixo,#FF8300,4509,Frei Paulo/SE,0.39
Recursos hídricos,37,Programa cisternas: água para consumo,2020,,Presente,low,Baixo,#FF8300,3700,Ibiapina/CE,0.39
Recursos hídricos,37,Programa cisternas: água para consumo,2020,,Presente,low,Baixo,#FF8300,3708,Ipu/CE,0.39
Recursos hídricos,37,Programa cisternas: água para consumo,2020,,Presente,low,Baixo,#FF8300,1152,Januária/MG,0.39
Recursos hídricos,37,Programa cisternas: água para consumo,2020,,Presente,low,Baixo,#FF8300,3512,Juazeiro do Piauí/PI,0.39
Recursos hídricos,37,Programa cisternas: água para consumo,2020,,Presente,low,Baixo,#FF8300,4093,Marizópolis/PB,0.39
Recursos hídricos,37,Programa cisternas: água para consumo,2020,,Presente,low,Baixo,#FF8300,3757,Pacujá/CE,0.39
Recursos hídricos,37,Programa cisternas: água para consumo,2020,,Presente,low,Baixo,#FF8300,4324,Pedra/PE,0.39
Recursos hídricos,37,Programa cisternas: água para consumo,2020,,Presente,low,Baixo,#FF8300,3564,Pimenteiras/PI,0.39
Recursos hídricos,37,Programa cisternas: água para consumo,2020,,Presente,low,Baixo,#FF8300,4339,Salgueiro/PE,0.39
Recursos hídricos,37,Programa cisternas: água para consumo,2020,,Presente,low,Baixo,#FF8300,3785,Santana do Acaraú/CE,0.39
Recursos hídricos,37,Programa cisternas: água para consumo,2020,,Presente,low,Baixo,#FF8300,4809,Santanópolis/BA,0.39
Recursos hídricos,37,Programa cisternas: água para consumo,2020,,Presente,low,Baixo,#FF8300,3794,Sobral/CE,0.39
Recursos hídricos,37,Programa cisternas: água para consumo,2020,,Presente,low,Baixo,#FF8300,4186,Solânea/PB,0.39
Recursos hídricos,37,Programa cisternas: água para consumo,2020,,Presente,low,Baixo,#FF8300,4188,Sossêgo/PB,0.39
Recursos hídricos,37,Programa cisternas: água para consumo,2020,,Presente,low,Baixo,#FF8300,4191,Tacima/PB,0.39
Recursos hídricos,37,Programa cisternas: água para consumo,2020,,Presente,low,Baixo,#FF8300,4985,Caetanos/BA,0.38
Recursos hídricos,37,Programa cisternas: água para consumo,2020,,Presente,low,Baixo,#FF8300,3491,Fronteiras/PI,0.38
Recursos hídricos,37,Programa cisternas: água para consumo,2020,,Presente,low,Baixo,#FF8300,4991,Guanambi/BA,0.38
Recursos hídricos,37,Programa cisternas: água para consumo,2020,,Presente,low,Baixo,#FF8300,4673,Ibipitanga/BA,0.38
Recursos hídricos,37,Programa cisternas: água para consumo,2020,,Presente,low,Baixo,#FF8300,4679,Ichu/BA,0.38
Recursos hídricos,37,Programa cisternas: água para consumo,2020,,Presente,low,Baixo,#FF8300,3713,Itaitinga/CE,0.38
Recursos hídricos,37,Programa cisternas: água para consumo,2020,,Presente,low,Baixo,#FF8300,4997,Iuiu/BA,0.38
Recursos hídricos,37,Programa cisternas: água para consumo,2020,,Presente,low,Baixo,#FF8300,3876,João Dias/RN,0.38
Recursos hídricos,37,Programa cisternas: água para consumo,2020,,Presente,low,Baixo,#FF8300,3513,Júlio Borges/PI,0.38
Recursos hídricos,37,Programa cisternas: água para consumo,2020,,Presente,low,Baixo,#FF8300,3883,Lagoa Nova/RN,0.38
Recursos hídricos,37,Programa cisternas: água para consumo,2020,,Presente,low,Baixo,#FF8300,3887,Lucrécia/RN,0.38
Recursos hídricos,37,Programa cisternas: água para consumo,2020,,Presente,low,Baixo,#FF8300,4759,Nova Soure/BA,0.38
Recursos hídricos,37,Programa cisternas: água para consumo,2020,,Presente,low,Baixo,#FF8300,1278,Novo Cruzeiro/MG,0.38
Recursos hídricos,37,Programa cisternas: água para consumo,2020,,Presente,low,Baixo,#FF8300,4455,Pariconha/AL,0.38
Recursos hídricos,37,Programa cisternas: água para consumo,2020,,Presente,low,Baixo,#FF8300,3917,Pedro Avelino/RN,0.38
Recursos hídricos,37,Programa cisternas: água para consumo,2020,,Presente,low,Baixo,#FF8300,3560,Pedro II/PI,0.38
Recursos hídricos,37,Programa cisternas: água para consumo,2020,,Presente,low,Baixo,#FF8300,4341,Sanharó/PE,0.38
Recursos hídricos,37,Programa cisternas: água para consumo,2020,,Presente,low,Baixo,#FF8300,746,Sebastião Laranjeiras/BA,0.38
Recursos hídricos,37,Programa cisternas: água para consumo,2020,,Presente,low,Baixo,#FF8300,4839,Sítio do Mato/BA,0.38
Recursos hídricos,37,Programa cisternas: água para consumo,2020,,Presente,low,Baixo,#FF8300,3809,Varjota/CE,0.38
Recursos hídricos,37,Programa cisternas: água para consumo,2020,,Presente,low,Baixo,#FF8300,4003,Barra de São Miguel/PB,0.37
Recursos hídricos,37,Programa cisternas: água para consumo,2020,,Presente,low,Baixo,#FF8300,4984,Brumado/BA,0.37
Recursos hídricos,37,Programa cisternas: água para consumo,2020,,Presente,low,Baixo,#FF8300,3838,Carnaúba dos Dantas/RN,0.37
Recursos hídricos,37,Programa cisternas: água para consumo,2020,,Presente,low,Baixo,#FF8300,3845,Currais Novos/RN,0.37
Recursos hídricos,37,Programa cisternas: água para consumo,2020,,Presente,low,Baixo,#FF8300,4050,Curral Velho/PB,0.37
Recursos hídricos,37,Programa cisternas: água para consumo,2020,,Presente,low,Baixo,#FF8300,3846,Doutor Severiano/RN,0.37
Recursos hídricos,37,Programa cisternas: água para consumo,2020,,Presente,low,Baixo,#FF8300,3848,Encanto/RN,0.37
Recursos hídricos,37,Programa cisternas: água para consumo,2020,,Presente,low,Baixo,#FF8300,4067,Ingá/PB,0.37
Recursos hídricos,37,Programa cisternas: água para consumo,2020,,Presente,low,Baixo,#FF8300,3863,Ipanguaçu/RN,0.37
Recursos hídricos,37,Programa cisternas: água para consumo,2020,,Presente,low,Baixo,#FF8300,1162,Joaíma/MG,0.37
Recursos hídricos,37,Programa cisternas: água para consumo,2020,,Presente,low,Baixo,#FF8300,3508,João Costa/PI,0.37
Recursos hídricos,37,Programa cisternas: água para consumo,2020,,Presente,low,Baixo,#FF8300,4300,Lagoa do Ouro/PE,0.37
Recursos hídricos,37,Programa cisternas: água para consumo,2020,,Presente,low,Baixo,#FF8300,4099,Mogeiro/PB,0.37
Recursos hídricos,37,Programa cisternas: água para consumo,2020,,Presente,low,Baixo,#FF8300,3742,Mombaça/CE,0.37
Recursos hídricos,37,Programa cisternas: água para consumo,2020,,Presente,low,Baixo,#FF8300,4769,Paripiranga/BA,0.37
Recursos hídricos,37,Programa cisternas: água para consumo,2020,,Presente,low,Baixo,#FF8300,3791,São Luís do Curu/CE,0.37
Recursos hídricos,37,Programa cisternas: água para consumo,2020,,Presente,low,Baixo,#FF8300,750,Urandi/BA,0.37
Recursos hídricos,37,Programa cisternas: água para consumo,2020,,Presente,low,Baixo,#FF8300,4863,Várzea Nova/BA,0.37
Recursos hídricos,37,Programa cisternas: água para consumo,2020,,Presente,low,Baixo,#FF8300,4219,Belém do São Francisco/PE,0.36
Recursos hídricos,37,Programa cisternas: água para consumo,2020,,Presente,low,Baixo,#FF8300,3436,Bonfim do Piauí/PI,0.36
Recursos hídricos,37,Programa cisternas: água para consumo,2020,,Presente,low,Baixo,#FF8300,4231,Buíque/PE,0.36
Recursos hídricos,37,Programa cisternas: água para consumo,2020,,Presente,low,Baixo,#FF8300,4242,Capoeiras/PE,0.36
Recursos hídricos,37,Programa cisternas: água para consumo,2020,,Presente,low,Baixo,#FF8300,690,Condeúba/BA,0.36
Recursos hídricos,37,Programa cisternas: água para consumo,2020,,Presente,low,Baixo,#FF8300,3856,Frutuoso Gomes/RN,0.36
Recursos hídricos,37,Programa cisternas: água para consumo,2020,,Presente,low,Baixo,#FF8300,3865,Itajá/RN,0.36
Recursos hídricos,37,Programa cisternas: água para consumo,2020,,Presente,low,Baixo,#FF8300,3504,Jaicós/PI,0.36
Recursos hídricos,37,Programa cisternas: água para consumo,2020,,Presente,low,Baixo,#FF8300,3879,Jundiá/RN,0.36
Recursos hídricos,37,Programa cisternas: água para consumo,2020,,Presente,low,Baixo,#FF8300,4080,Lagoa/PB,0.36
Recursos hídricos,37,Programa cisternas: água para consumo,2020,,Presente,low,Baixo,#FF8300,4718,Lagoa Real/BA,0.36
Recursos hídricos,37,Programa cisternas: água para consumo,2020,,Presente,low,Baixo,#FF8300,4721,Lajedo do Tabocal/BA,0.36
Recursos hídricos,37,Programa cisternas: água para consumo,2020,,Presente,low,Baixo,#FF8300,4307,Manari/PE,0.36
Recursos hídricos,37,Programa cisternas: água para consumo,2020,,Presente,low,Baixo,#FF8300,4762,Olindina/BA,0.36
Recursos hídricos,37,Programa cisternas: água para consumo,2020,,Presente,low,Baixo,#FF8300,4130,Prata/PB,0.36
Recursos hídricos,37,Programa cisternas: água para consumo,2020,,Presente,low,Baixo,#FF8300,4338,Salgadinho/PE,0.36
Recursos hídricos,37,Programa cisternas: água para consumo,2020,,Presente,low,Baixo,#FF8300,4821,São Gabriel/BA,0.36
Recursos hídricos,37,Programa cisternas: água para consumo,2020,,Presente,low,Baixo,#FF8300,3603,São Lourenço do Piauí/PI,0.36
Recursos hídricos,37,Programa cisternas: água para consumo,2020,,Presente,low,Baixo,#FF8300,3949,São Paulo do Potengi/RN,0.36
Recursos hídricos,37,Programa cisternas: água para consumo,2020,,Presente,low,Baixo,#FF8300,4023,Cacimba de Dentro/PB,0.35
Recursos hídricos,37,Programa cisternas: água para consumo,2020,,Presente,low,Baixo,#FF8300,4611,Caém/BA,0.35
Recursos hídricos,37,Programa cisternas: água para consumo,2020,,Presente,low,Baixo,#FF8300,3448,Campo Grande do Piauí/PI,0.35
Recursos hídricos,37,Programa cisternas: água para consumo,2020,,Presente,low,Baixo,#FF8300,3672,Cedro/CE,0.35
Recursos hídricos,37,Programa cisternas: água para consumo,2020,,Presente,low,Baixo,#FF8300,3688,Frecheirinha/CE,0.35
Recursos hídricos,37,Programa cisternas: água para consumo,2020,,Presente,low,Baixo,#FF8300,4073,Jericó/PB,0.35
Recursos hídricos,37,Programa cisternas: água para consumo,2020,,Presente,low,Baixo,#FF8300,4319,Paranatama/PE,0.35
Recursos hídricos,37,Programa cisternas: água para consumo,2020,,Presente,low,Baixo,#FF8300,3770,Pires Ferreira/CE,0.35
Recursos hídricos,37,Programa cisternas: água para consumo,2020,,Presente,low,Baixo,#FF8300,4334,Riacho das Almas/PE,0.35
Recursos hídricos,37,Programa cisternas: água para consumo,2020,,Presente,low,Baixo,#FF8300,4353,São Joaquim do Monte/PE,0.35
Recursos hídricos,37,Programa cisternas: água para consumo,2020,,Presente,low,Baixo,#FF8300,3946,São José do Seridó/RN,0.35
Recursos hídricos,37,Programa cisternas: água para consumo,2020,,Presente,low,Baixo,#FF8300,3959,Serrinha/RN,0.35
Recursos hídricos,37,Programa cisternas: água para consumo,2020,,Presente,low,Baixo,#FF8300,753,Vitória da Conquista/BA,0.35
Recursos hídricos,37,Programa cisternas: água para consumo,2020,,Presente,low,Baixo,#FF8300,4575,Andaraí/BA,0.34
Recursos hídricos,37,Programa cisternas: água para consumo,2020,,Presente,low,Baixo,#FF8300,4578,Anguera/BA,0.34
Recursos hídricos,37,Programa cisternas: água para consumo,2020,,Presente,low,Baixo,#FF8300,3822,Areia Branca/RN,0.34
Recursos hídricos,37,Programa cisternas: água para consumo,2020,,Presente,low,Baixo,#FF8300,4589,Baixa Grande/BA,0.34
Recursos hídricos,37,Programa cisternas: água para consumo,2020,,Presente,low,Baixo,#FF8300,3844,Cruzeta/RN,0.34
Recursos hídricos,37,Programa cisternas: água para consumo,2020,,Presente,low,Baixo,#FF8300,4256,Cupira/PE,0.34
Recursos hídricos,37,Programa cisternas: água para consumo,2020,,Presente,low,Baixo,#FF8300,1050,Francisco Sá/MG,0.34
Recursos hídricos,37,Programa cisternas: água para consumo,2020,,Presente,low,Baixo,#FF8300,4071,Itatuba/PB,0.34
Recursos hídricos,37,Programa cisternas: água para consumo,2020,,Presente,low,Baixo,#FF8300,4152,Joca Claudino/PB,0.34
Recursos hídricos,37,Programa cisternas: água para consumo,2020,,Presente,low,Baixo,#FF8300,4079,Juru/PB,0.34
Recursos hídricos,37,Programa cisternas: água para consumo,2020,,Presente,low,Baixo,#FF8300,3518,Lagoa de São Francisco/PI,0.34
Recursos hídricos,37,Programa cisternas: água para consumo,2020,,Presente,low,Baixo,#FF8300,4082,Lagoa Seca/PB,0.34
Recursos hídricos,37,Programa cisternas: água para consumo,2020,,Presente,low,Baixo,#FF8300,4088,Malta/PB,0.34
Recursos hídricos,37,Programa cisternas: água para consumo,2020,,Presente,low,Baixo,#FF8300,4741,Mirangaba/BA,0.34
Recursos hídricos,37,Programa cisternas: água para consumo,2020,,Presente,low,Baixo,#FF8300,4755,Nova Fátima/BA,0.34
Recursos hídricos,37,Programa cisternas: água para consumo,2020,,Presente,low,Baixo,#FF8300,3905,Paraná/RN,0.34
Recursos hídricos,37,Programa cisternas: água para consumo,2020,,Presente,low,Baixo,#FF8300,4775,Pilão Arcado/BA,0.34
Recursos hídricos,37,Programa cisternas: água para consumo,2020,,Presente,low,Baixo,#FF8300,733,Pindaí/BA,0.34
Recursos hídricos,37,Programa cisternas: água para consumo,2020,,Presente,low,Baixo,#FF8300,4539,Pinhão/SE,0.34
Recursos hídricos,37,Programa cisternas: água para consumo,2020,,Presente,low,Baixo,#FF8300,4127,Poço Dantas/PB,0.34
Recursos hídricos,37,Programa cisternas: água para consumo,2020,,Presente,low,Baixo,#FF8300,4785,Queimadas/BA,0.34
Recursos hídricos,37,Programa cisternas: água para consumo,2020,,Presente,low,Baixo,#FF8300,3595,São João da Serra/PI,0.34
Recursos hídricos,37,Programa cisternas: água para consumo,2020,,Presente,low,Baixo,#FF8300,4833,Sento Sé/BA,0.34
Recursos hídricos,37,Programa cisternas: água para consumo,2020,,Presente,low,Baixo,#FF8300,4361,Sertânia/PE,0.34
Recursos hídricos,37,Programa cisternas: água para consumo,2020,,Presente,low,Baixo,#FF8300,4198,Umbuzeiro/PB,0.34
Recursos hídricos,37,Programa cisternas: água para consumo,2020,,Presente,low,Baixo,#FF8300,4568,Água Fria/BA,0.33
Recursos hídricos,37,Programa cisternas: água para consumo,2020,,Presente,low,Baixo,#FF8300,4208,Alagoinha/PE,0.33
Recursos hídricos,37,Programa cisternas: água para consumo,2020,,Presente,low,Baixo,#FF8300,685,Candiba/BA,0.33
Recursos hídricos,37,Programa cisternas: água para consumo,2020,,Presente,low,Baixo,#FF8300,4639,Conceição do Coité/BA,0.33
Recursos hídricos,37,Programa cisternas: água para consumo,2020,,Presente,low,Baixo,#FF8300,3474,Curral Novo do Piauí/PI,0.33
Recursos hídricos,37,Programa cisternas: água para consumo,2020,,Presente,low,Baixo,#FF8300,3698,Horizonte/CE,0.33
Recursos hídricos,37,Programa cisternas: água para consumo,2020,,Presente,low,Baixo,#FF8300,1151,Janaúba/MG,0.33
Recursos hídricos,37,Programa cisternas: água para consumo,2020,,Presente,low,Baixo,#FF8300,4075,Juarez Távora/PB,0.33
Recursos hídricos,37,Programa cisternas: água para consumo,2020,,Presente,low,Baixo,#FF8300,4717,Lafaiete Coutinho/BA,0.33
Recursos hídricos,37,Programa cisternas: água para consumo,2020,,Presente,low,Baixo,#FF8300,4726,Livramento de Nossa Senhora/BA,0.33
Recursos hídricos,37,Programa cisternas: água para consumo,2020,,Presente,low,Baixo,#FF8300,4434,Major Isidoro/AL,0.33
Recursos hídricos,37,Programa cisternas: água para consumo,2020,,Presente,low,Baixo,#FF8300,3899,Mossoró/RN,0.33
Recursos hídricos,37,Programa cisternas: água para consumo,2020,,Presente,low,Baixo,#FF8300,4111,Ouro Velho/PB,0.33
Recursos hídricos,37,Programa cisternas: água para consumo,2020,,Presente,low,Baixo,#FF8300,4773,Pedro Alexandre/BA,0.33
Recursos hídricos,37,Programa cisternas: água para consumo,2020,,Presente,low,Baixo,#FF8300,4126,Pocinhos/PB,0.33
Recursos hídricos,37,Programa cisternas: água para consumo,2020,,Presente,low,Baixo,#FF8300,4786,Quijingue/BA,0.33
Recursos hídricos,37,Programa cisternas: água para consumo,2020,,Presente,low,Baixo,#FF8300,4135,Remígio/PB,0.33
Recursos hídricos,37,Programa cisternas: água para consumo,2020,,Presente,low,Baixo,#FF8300,4137,Riachão/PB,0.33
Recursos hídricos,37,Programa cisternas: água para consumo,2020,,Presente,low,Baixo,#FF8300,3594,São João da Fronteira/PI,0.33
Recursos hídricos,37,Programa cisternas: água para consumo,2020,,Presente,low,Baixo,#FF8300,3995,Areial/PB,0.32
Recursos hídricos,37,Programa cisternas: água para consumo,2020,,Presente,low,Baixo,#FF8300,3996,Aroeiras/PB,0.32
Recursos hídricos,37,Programa cisternas: água para consumo,2020,,Presente,low,Baixo,#FF8300,841,Bonito de Minas/MG,0.32
Recursos hídricos,37,Programa cisternas: água para consumo,2020,,Presente,low,Baixo,#FF8300,4618,Campo Formoso/BA,0.32
Recursos hídricos,37,Programa cisternas: água para consumo,2020,,Presente,low,Baixo,#FF8300,4241,Canhotinho/PE,0.32
Recursos hídricos,37,Programa cisternas: água para consumo,2020,,Presente,low,Baixo,#FF8300,691,Cordeiros/BA,0.32
Recursos hídricos,37,Programa cisternas: água para consumo,2020,,Presente,low,Baixo,#FF8300,1038,Felisburgo/MG,0.32
Recursos hídricos,37,Programa cisternas: água para consumo,2020,,Presente,low,Baixo,#FF8300,4068,Itabaiana/PB,0.32
Recursos hídricos,37,Programa cisternas: água para consumo,2020,,Presente,low,Baixo,#FF8300,4703,Ituaçu/BA,0.32
Recursos hídricos,37,Programa cisternas: água para consumo,2020,,Presente,low,Baixo,#FF8300,3868,Jandaíra/RN,0.32
Recursos hídricos,37,Programa cisternas: água para consumo,2020,,Presente,low,Baixo,#FF8300,4426,Jaramataia/AL,0.32
Recursos hídricos,37,Programa cisternas: água para consumo,2020,,Presente,low,Baixo,#FF8300,4293,João Alfredo/PE,0.32
Recursos hídricos,37,Programa cisternas: água para consumo,2020,,Presente,low,Baixo,#FF8300,3886,Lajes Pintadas/RN,0.32
Recursos hídricos,37,Programa cisternas: água para consumo,2020,,Presente,low,Baixo,#FF8300,4763,Oliveira dos Brejinhos/BA,0.32
Recursos hídricos,37,Programa cisternas: água para consumo,2020,,Presente,low,Baixo,#FF8300,3759,Palmácia/CE,0.32
Recursos hídricos,37,Programa cisternas: água para consumo,2020,,Presente,low,Baixo,#FF8300,3933,Ruy Barbosa/RN,0.32
Recursos hídricos,37,Programa cisternas: água para consumo,2020,,Presente,low,Baixo,#FF8300,4148,Santa Inês/PB,0.32
Recursos hídricos,37,Programa cisternas: água para consumo,2020,,Presente,low,Baixo,#FF8300,4347,Santa Maria do Cambucá/PE,0.32
Recursos hídricos,37,Programa cisternas: água para consumo,2020,,Presente,low,Baixo,#FF8300,4816,São Domingos/BA,0.32
Recursos hídricos,37,Programa cisternas: água para consumo,2020,,Presente,low,Baixo,#FF8300,4175,São Sebastião de Lagoa de Roça/PB,0.32
Recursos hídricos,37,Programa cisternas: água para consumo,2020,,Presente,low,Baixo,#FF8300,3801,Tianguá/CE,0.32
Recursos hídricos,37,Programa cisternas: água para consumo,2020,,Presente,low,Baixo,#FF8300,3807,Uruburetama/CE,0.32
Recursos hídricos,37,Programa cisternas: água para consumo,2020,,Presente,low,Baixo,#FF8300,4860,Valente/BA,0.32
Recursos hídricos,37,Programa cisternas: água para consumo,2020,,Presente,low,Baixo,#FF8300,3812,Acari/RN,0.31
Recursos hídricos,37,Programa cisternas: água para consumo,2020,,Presente,low,Baixo,#FF8300,3632,Aiuaba/CE,0.31
Recursos hídricos,37,Programa cisternas: água para consumo,2020,,Presente,low,Baixo,#FF8300,4574,América Dourada/BA,0.31
Recursos hídricos,37,Programa cisternas: água para consumo,2020,,Presente,low,Baixo,#FF8300,3827,Barcelona/RN,0.31
Recursos hídricos,37,Programa cisternas: água para consumo,2020,,Presente,low,Baixo,#FF8300,4246,Caruaru/PE,0.31
Recursos hídricos,37,Programa cisternas: água para consumo,2020,,Presente,low,Baixo,#FF8300,3677,Crateús/CE,0.31
Recursos hídricos,37,Programa cisternas: água para consumo,2020,,Presente,low,Baixo,#FF8300,4669,Heliópolis/BA,0.31
Recursos hídricos,37,Programa cisternas: água para consumo,2020,,Presente,low,Baixo,#FF8300,4672,Ibipeba/BA,0.31
Recursos hídricos,37,Programa cisternas: água para consumo,2020,,Presente,low,Baixo,#FF8300,3862,Ielmo Marinho/RN,0.31
Recursos hídricos,37,Programa cisternas: água para consumo,2020,,Presente,low,Baixo,#FF8300,3716,Itapiúna/CE,0.31
Recursos hídricos,37,Programa cisternas: água para consumo,2020,,Presente,low,Baixo,#FF8300,4301,Lagoa dos Gatos/PE,0.31
Recursos hídricos,37,Programa cisternas: água para consumo,2020,,Presente,low,Baixo,#FF8300,3744,Morada Nova/CE,0.31
Recursos hídricos,37,Programa cisternas: água para consumo,2020,,Presente,low,Baixo,#FF8300,4776,Pindobaçu/BA,0.31
Recursos hídricos,37,Programa cisternas: água para consumo,2020,,Presente,low,Baixo,#FF8300,3775,Quiterianópolis/CE,0.31
Recursos hídricos,37,Programa cisternas: água para consumo,2020,,Presente,low,Baixo,#FF8300,4364,Solidão/PE,0.31
Recursos hídricos,37,Programa cisternas: água para consumo,2020,,Presente,low,Baixo,#FF8300,4861,Várzea da Roça/BA,0.31
Recursos hídricos,37,Programa cisternas: água para consumo,2020,,Presente,low,Baixo,#FF8300,4567,Adustina/BA,0.3
Recursos hídricos,37,Programa cisternas: água para consumo,2020,,Presente,low,Baixo,#FF8300,3984,Alcantil/PB,0.3
Recursos hídricos,37,Programa cisternas: água para consumo,2020,,Presente,low,Baixo,#FF8300,4005,Belém/PB,0.3
Recursos hídricos,37,Programa cisternas: água para consumo,2020,,Presente,low,Baixo,#FF8300,4234,Cachoeirinha/PE,0.3
Recursos hídricos,37,Programa cisternas: água para consumo,2020,,Presente,low,Baixo,#FF8300,4235,Caetés/PE,0.3
Recursos hídricos,37,Programa cisternas: água para consumo,2020,,Presente,low,Baixo,#FF8300,4626,Capim Grosso/BA,0.3
Recursos hídricos,37,Programa cisternas: água para consumo,2020,,Presente,low,Baixo,#FF8300,3666,Cariús/CE,0.3
Recursos hídricos,37,Programa cisternas: água para consumo,2020,,Presente,low,Baixo,#FF8300,3676,Coreaú/CE,0.3
Recursos hídricos,37,Programa cisternas: água para consumo,2020,,Presente,low,Baixo,#FF8300,1001,Divisa Alegre/MG,0.3
Recursos hídricos,37,Programa cisternas: água para consumo,2020,,Presente,low,Baixo,#FF8300,3479,Dom Inocêncio/PI,0.3
Recursos hídricos,37,Programa cisternas: água para consumo,2020,,Presente,low,Baixo,#FF8300,4662,Filadélfia/BA,0.3
Recursos hídricos,37,Programa cisternas: água para consumo,2020,,Presente,low,Baixo,#FF8300,4264,Flores/PE,0.3
Recursos hídricos,37,Programa cisternas: água para consumo,2020,,Presente,low,Baixo,#FF8300,3703,Icó/CE,0.3
Recursos hídricos,37,Programa cisternas: água para consumo,2020,,Presente,low,Baixo,#FF8300,4014,Igaracy/PB,0.3
Recursos hídricos,37,Programa cisternas: água para consumo,2020,,Presente,low,Baixo,#FF8300,4701,Itiruçu/BA,0.3
Recursos hídricos,37,Programa cisternas: água para consumo,2020,,Presente,low,Baixo,#FF8300,3884,Lagoa Salgada/RN,0.3
Recursos hídricos,37,Programa cisternas: água para consumo,2020,,Presente,low,Baixo,#FF8300,3738,Milagres/CE,0.3
Recursos hídricos,37,Programa cisternas: água para consumo,2020,,Presente,low,Baixo,#FF8300,3532,Milton Brandão/PI,0.3
Recursos hídricos,37,Programa cisternas: água para consumo,2020,,Presente,low,Baixo,#FF8300,4444,Monteirópolis/AL,0.3
Recursos hídricos,37,Programa cisternas: água para consumo,2020,,Presente,low,Baixo,#FF8300,4743,Morpará/BA,0.3
Recursos hídricos,37,Programa cisternas: água para consumo,2020,,Presente,low,Baixo,#FF8300,4104,Natuba/PB,0.3
Recursos hídricos,37,Programa cisternas: água para consumo,2020,,Presente,low,Baixo,#FF8300,3548,Paes Landim/PI,0.3
Recursos hídricos,37,Programa cisternas: água para consumo,2020,,Presente,low,Baixo,#FF8300,4453,Palmeira dos Índios/AL,0.3
Recursos hídricos,37,Programa cisternas: água para consumo,2020,,Presente,low,Baixo,#FF8300,1320,Pedra Azul/MG,0.3
Recursos hídricos,37,Programa cisternas: água para consumo,2020,,Presente,low,Baixo,#FF8300,3565,Pio IX/PI,0.3
Recursos hídricos,37,Programa cisternas: água para consumo,2020,,Presente,low,Baixo,#FF8300,3929,Riacho de Santana/RN,0.3
Recursos hídricos,37,Programa cisternas: água para consumo,2020,,Presente,low,Baixo,#FF8300,4795,Ribeira do Pombal/BA,0.3
Recursos hídricos,37,Programa cisternas: água para consumo,2020,,Presente,low,Baixo,#FF8300,4547,Ribeirópolis/SE,0.3
Recursos hídricos,37,Programa cisternas: água para consumo,2020,,Presente,low,Baixo,#FF8300,4340,Saloá/PE,0.3
Recursos hídricos,37,Programa cisternas: água para consumo,2020,,Presente,low,Baixo,#FF8300,4173,São Mamede/PB,0.3
Recursos hídricos,37,Programa cisternas: água para consumo,2020,,Presente,low,Baixo,#FF8300,3638,Apuiarés/CE,0.29
Recursos hídricos,37,Programa cisternas: água para consumo,2020,,Presente,low,Baixo,#FF8300,4614,Caldeirão Grande/BA,0.29
Recursos hídricos,37,Programa cisternas: água para consumo,2020,,Presente,low,Baixo,#FF8300,4625,Capela do Alto Alegre/BA,0.29
Recursos hídricos,37,Programa cisternas: água para consumo,2020,,Presente,low,Baixo,#FF8300,4247,Casinhas/PE,0.29
Recursos hídricos,37,Programa cisternas: água para consumo,2020,,Presente,low,Baixo,#FF8300,4636,Cipó/BA,0.29
Recursos hídricos,37,Programa cisternas: água para consumo,2020,,Presente,low,Baixo,#FF8300,3695,Guaraciaba do Norte/CE,0.29
Recursos hídricos,37,Programa cisternas: água para consumo,2020,,Presente,low,Baixo,#FF8300,3701,Ibicuitinga/CE,0.29
Recursos hídricos,37,Programa cisternas: água para consumo,2020,,Presente,low,Baixo,#FF8300,1160,Jequitinhonha/MG,0.29
Recursos hídricos,37,Programa cisternas: água para consumo,2020,,Presente,low,Baixo,#FF8300,3893,Martins/RN,0.29
Recursos hídricos,37,Programa cisternas: água para consumo,2020,,Presente,low,Baixo,#FF8300,4531,Nossa Senhora Aparecida/SE,0.29
Recursos hídricos,37,Programa cisternas: água para consumo,2020,,Presente,low,Baixo,#FF8300,4318,Panelas/PE,0.29
Recursos hídricos,37,Programa cisternas: água para consumo,2020,,Presente,low,Baixo,#FF8300,4115,Paulista/PB,0.29
Recursos hídricos,37,Programa cisternas: água para consumo,2020,,Presente,low,Baixo,#FF8300,4840,Sítio do Quinto/BA,0.29
Recursos hídricos,37,Programa cisternas: água para consumo,2020,,Presente,low,Baixo,#FF8300,4205,Agrestina/PE,0.28
Recursos hídricos,37,Programa cisternas: água para consumo,2020,,Presente,low,Baixo,#FF8300,4387,Água Branca/AL,0.28
Recursos hídricos,37,Programa cisternas: água para consumo,2020,,Presente,low,Baixo,#FF8300,3646,Assaré/CE,0.28
Recursos hídricos,37,Programa cisternas: água para consumo,2020,,Presente,low,Baixo,#FF8300,3652,Barro/CE,0.28
Recursos hídricos,37,Programa cisternas: água para consumo,2020,,Presente,low,Baixo,#FF8300,4623,Cansanção/BA,0.28
Recursos hídricos,37,Programa cisternas: água para consumo,2020,,Presente,low,Baixo,#FF8300,4633,Central/BA,0.28
Recursos hídricos,37,Programa cisternas: água para consumo,2020,,Presente,low,Baixo,#FF8300,940,Comercinho/MG,0.28
Recursos hídricos,37,Programa cisternas: água para consumo,2020,,Presente,low,Baixo,#FF8300,4046,Cuité/PB,0.28
Recursos hídricos,37,Programa cisternas: água para consumo,2020,,Presente,low,Baixo,#FF8300,4058,Esperança/PB,0.28
Recursos hídricos,37,Programa cisternas: água para consumo,2020,,Presente,low,Baixo,#FF8300,4059,Fagundes/PB,0.28
Recursos hídricos,37,Programa cisternas: água para consumo,2020,,Presente,low,Baixo,#FF8300,3485,Floresta do Piauí/PI,0.28
Recursos hídricos,37,Programa cisternas: água para consumo,2020,,Presente,low,Baixo,#FF8300,3881,Lagoa de Pedras/RN,0.28
Recursos hídricos,37,Programa cisternas: água para consumo,2020,,Presente,low,Baixo,#FF8300,4303,Lajedo/PE,0.28
Recursos hídricos,37,Programa cisternas: água para consumo,2020,,Presente,low,Baixo,#FF8300,1240,Miravânia/MG,0.28
Recursos hídricos,37,Programa cisternas: água para consumo,2020,,Presente,low,Baixo,#FF8300,1247,Monte Azul/MG,0.28
Recursos hídricos,37,Programa cisternas: água para consumo,2020,,Presente,low,Baixo,#FF8300,4313,Orobó/PE,0.28
Recursos hídricos,37,Programa cisternas: água para consumo,2020,,Presente,low,Baixo,#FF8300,3911,Passagem/RN,0.28
Recursos hídricos,37,Programa cisternas: água para consumo,2020,,Presente,low,Baixo,#FF8300,4777,Pintadas/BA,0.28
Recursos hídricos,37,Programa cisternas: água para consumo,2020,,Presente,low,Baixo,#FF8300,4141,Riacho dos Cavalos/PB,0.28
Recursos hídricos,37,Programa cisternas: água para consumo,2020,,Presente,low,Baixo,#FF8300,4156,São Bento/PB,0.28
Recursos hídricos,37,Programa cisternas: água para consumo,2020,,Presente,low,Baixo,#FF8300,1481,São João das Missões/MG,0.28
Recursos hídricos,37,Programa cisternas: água para consumo,2020,,Presente,low,Baixo,#FF8300,4189,Sousa/PB,0.28
Recursos hídricos,37,Programa cisternas: água para consumo,2020,,Presente,low,Baixo,#FF8300,4585,Araci/BA,0.27
Recursos hídricos,37,Programa cisternas: água para consumo,2020,,Presente,low,Baixo,#FF8300,4215,Arcoverde/PE,0.27
Recursos hídricos,37,Programa cisternas: água para consumo,2020,,Presente,low,Baixo,#FF8300,4002,Barra de Santa Rosa/PB,0.27
Recursos hídricos,37,Programa cisternas: água para consumo,2020,,Presente,low,Baixo,#FF8300,4223,Bodocó/PE,0.27
Recursos hídricos,37,Programa cisternas: água para consumo,2020,,Presente,low,Baixo,#FF8300,4624,Canudos/BA,0.27
Recursos hídricos,37,Programa cisternas: água para consumo,2020,,Presente,low,Baixo,#FF8300,4414,Estrela de Alagoas/AL,0.27
Recursos hídricos,37,Programa cisternas: água para consumo,2020,,Presente,low,Baixo,#FF8300,3489,Francisco Macedo/PI,0.27
Recursos hídricos,37,Programa cisternas: água para consumo,2020,,Presente,low,Baixo,#FF8300,4689,Iraquara/BA,0.27
Recursos hídricos,37,Programa cisternas: água para consumo,2020,,Presente,low,Baixo,#FF8300,4693,Itaeté/BA,0.27
Recursos hídricos,37,Programa cisternas: água para consumo,2020,,Presente,low,Baixo,#FF8300,4702,Itiúba/BA,0.27
Recursos hídricos,37,Programa cisternas: água para consumo,2020,,Presente,low,Baixo,#FF8300,1168,José Gonçalves de Minas/MG,0.27
Recursos hídricos,37,Programa cisternas: água para consumo,2020,,Presente,low,Baixo,#FF8300,4532,Nossa Senhora da Glória/SE,0.27
Recursos hídricos,37,Programa cisternas: água para consumo,2020,,Presente,low,Baixo,#FF8300,3902,Nova Cruz/RN,0.27
Recursos hídricos,37,Programa cisternas: água para consumo,2020,,Presente,low,Baixo,#FF8300,4788,Rafael Jambeiro/BA,0.27
Recursos hídricos,37,Programa cisternas: água para consumo,2020,,Presente,low,Baixo,#FF8300,4343,Santa Cruz da Baixa Verde/PE,0.27
Recursos hídricos,37,Programa cisternas: água para consumo,2020,,Presente,low,Baixo,#FF8300,4158,São Domingos do Cariri/PB,0.27
Recursos hídricos,37,Programa cisternas: água para consumo,2020,,Presente,low,Baixo,#FF8300,4836,Serrinha/BA,0.27
Recursos hídricos,37,Programa cisternas: água para consumo,2020,,Presente,low,Baixo,#FF8300,4849,Teofilândia/BA,0.27
Recursos hídricos,37,Programa cisternas: água para consumo,2020,,Presente,low,Baixo,#FF8300,3640,Aracati/CE,0.26
Recursos hídricos,37,Programa cisternas: água para consumo,2020,,Presente,low,Baixo,#FF8300,3826,Baraúna/RN,0.26
Recursos hídricos,37,Programa cisternas: água para consumo,2020,,Presente,low,Baixo,#FF8300,4240,Camutanga/PE,0.26
Recursos hídricos,37,Programa cisternas: água para consumo,2020,,Presente,low,Baixo,#FF8300,5475,Carauari/AM,0.26
Recursos hídricos,37,Programa cisternas: água para consumo,2020,,Presente,low,Baixo,#FF8300,1089,Ibiracatu/MG,0.26
Recursos hídricos,37,Programa cisternas: água para consumo,2020,,Presente,low,Baixo,#FF8300,3500,Isaías Coelho/PI,0.26
Recursos hídricos,37,Programa cisternas: água para consumo,2020,,Presente,low,Baixo,#FF8300,4694,Itaguaçu da Bahia/BA,0.26
Recursos hídricos,37,Programa cisternas: água para consumo,2020,,Presente,low,Baixo,#FF8300,4698,Itapicuru/BA,0.26
Recursos hídricos,37,Programa cisternas: água para consumo,2020,,Presente,low,Baixo,#FF8300,4295,Jucati/PE,0.26
Recursos hídricos,37,Programa cisternas: água para consumo,2020,,Presente,low,Baixo,#FF8300,5000,Malhada/BA,0.26
Recursos hídricos,37,Programa cisternas: água para consumo,2020,,Presente,low,Baixo,#FF8300,4102,Monteiro/PB,0.26
Recursos hídricos,37,Programa cisternas: água para consumo,2020,,Presente,low,Baixo,#FF8300,4749,Muquém do São Francisco/BA,0.26
Recursos hídricos,37,Programa cisternas: água para consumo,2020,,Presente,low,Baixo,#FF8300,3754,Pacajus/CE,0.26
Recursos hídricos,37,Programa cisternas: água para consumo,2020,,Presente,low,Baixo,#FF8300,1293,Padre Carvalho/MG,0.26
Recursos hídricos,37,Programa cisternas: água para consumo,2020,,Presente,low,Baixo,#FF8300,4452,Palestina/AL,0.26
Recursos hídricos,37,Programa cisternas: água para consumo,2020,,Presente,low,Baixo,#FF8300,3915,Pedra Grande/RN,0.26
Recursos hídricos,37,Programa cisternas: água para consumo,2020,,Presente,low,Baixo,#FF8300,3772,Porteiras/CE,0.26
Recursos hídricos,37,Programa cisternas: água para consumo,2020,,Presente,low,Baixo,#FF8300,4787,Quixabeira/BA,0.26
Recursos hídricos,37,Programa cisternas: água para consumo,2020,,Presente,low,Baixo,#FF8300,1388,Riacho dos Machados/MG,0.26
Recursos hídricos,37,Programa cisternas: água para consumo,2020,,Presente,low,Baixo,#FF8300,1585,Vargem Grande do Rio Pardo/MG,0.26
Recursos hídricos,37,Programa cisternas: água para consumo,2020,,Presente,low,Baixo,#FF8300,3441,Buriti dos Montes/PI,0.25
Recursos hídricos,37,Programa cisternas: água para consumo,2020,,Presente,low,Baixo,#FF8300,3445,Caldeirão Grande do Piauí/PI,0.25
Recursos hídricos,37,Programa cisternas: água para consumo,2020,,Presente,low,Baixo,#FF8300,1062,Glaucilândia/MG,0.25
Recursos hídricos,37,Programa cisternas: água para consumo,2020,,Presente,low,Baixo,#FF8300,3704,Iguatu/CE,0.25
Recursos hídricos,37,Programa cisternas: água para consumo,2020,,Presente,low,Baixo,#FF8300,4069,Itaporanga/PB,0.25
Recursos hídricos,37,Programa cisternas: água para consumo,2020,,Presente,low,Baixo,#FF8300,3502,Itaueira/PI,0.25
Recursos hídricos,37,Programa cisternas: água para consumo,2020,,Presente,low,Baixo,#FF8300,4716,Jussiape/BA,0.25
Recursos hídricos,37,Programa cisternas: água para consumo,2020,,Presente,low,Baixo,#FF8300,3526,Marcolândia/PI,0.25
Recursos hídricos,37,Programa cisternas: água para consumo,2020,,Presente,low,Baixo,#FF8300,4094,Massaranduba/PB,0.25
Recursos hídricos,37,Programa cisternas: água para consumo,2020,,Presente,low,Baixo,#FF8300,3737,Meruoca/CE,0.25
Recursos hídricos,37,Programa cisternas: água para consumo,2020,,Presente,low,Baixo,#FF8300,3545,Oeiras/PI,0.25
Recursos hídricos,37,Programa cisternas: água para consumo,2020,,Presente,low,Baixo,#FF8300,4321,Passira/PE,0.25
Recursos hídricos,37,Programa cisternas: água para consumo,2020,,Presente,low,Baixo,#FF8300,4771,Pé de Serra/BA,0.25
Recursos hídricos,37,Programa cisternas: água para consumo,2020,,Presente,low,Baixo,#FF8300,3919,Pendências/RN,0.25
Recursos hídricos,37,Programa cisternas: água para consumo,2020,,Presente,low,Baixo,#FF8300,4325,Pesqueira/PE,0.25
Recursos hídricos,37,Programa cisternas: água para consumo,2020,,Presente,low,Baixo,#FF8300,4779,Piritiba/BA,0.25
Recursos hídricos,37,Programa cisternas: água para consumo,2020,,Presente,low,Baixo,#FF8300,4543,Porto da Folha/SE,0.25
Recursos hídricos,37,Programa cisternas: água para consumo,2020,,Presente,low,Baixo,#FF8300,4800,Ruy Barbosa/BA,0.25
Recursos hídricos,37,Programa cisternas: água para consumo,2020,,Presente,low,Baixo,#FF8300,4808,Santana/BA,0.25
Recursos hídricos,37,Programa cisternas: água para consumo,2020,,Presente,low,Baixo,#FF8300,4168,São José de Princesa/PB,0.25
Recursos hídricos,37,Programa cisternas: água para consumo,2020,,Presente,low,Baixo,#FF8300,5007,Tanhaçu/BA,0.25
Recursos hídricos,37,Programa cisternas: água para consumo,2020,,Presente,low,Baixo,#FF8300,4845,Tanquinho/BA,0.25
Recursos hídricos,37,Programa cisternas: água para consumo,2020,,Presente,low,Baixo,#FF8300,3798,Tarrafas/CE,0.25
Recursos hídricos,37,Programa cisternas: água para consumo,2020,,Presente,low,Baixo,#FF8300,4561,Tobias Barreto/SE,0.25
Recursos hídricos,37,Programa cisternas: água para consumo,2020,,Presente,low,Baixo,#FF8300,672,Anagé/BA,0.24
Recursos hídricos,37,Programa cisternas: água para consumo,2020,,Presente,low,Baixo,#FF8300,4592,Barra da Estiva/BA,0.24
Recursos hídricos,37,Programa cisternas: água para consumo,2020,,Presente,low,Baixo,#FF8300,4598,Biritinga/BA,0.24
Recursos hídricos,37,Programa cisternas: água para consumo,2020,,Presente,low,Baixo,#FF8300,4013,Boqueirão/PB,0.24
Recursos hídricos,37,Programa cisternas: água para consumo,2020,,Presente,low,Baixo,#FF8300,4030,Campina Grande/PB,0.24
Recursos hídricos,37,Programa cisternas: água para consumo,2020,,Presente,low,Baixo,#FF8300,3837,Caraúbas/RN,0.24
Recursos hídricos,37,Programa cisternas: água para consumo,2020,,Presente,low,Baixo,#FF8300,3664,Cariré/CE,0.24
Recursos hídricos,37,Programa cisternas: água para consumo,2020,,Presente,low,Baixo,#FF8300,4042,Coremas/PB,0.24
Recursos hídricos,37,Programa cisternas: água para consumo,2020,,Presente,low,Baixo,#FF8300,4665,Gavião/BA,0.24
Recursos hídricos,37,Programa cisternas: água para consumo,2020,,Presente,low,Baixo,#FF8300,1069,Grão Mogol/MG,0.24
Recursos hídricos,37,Programa cisternas: água para consumo,2020,,Presente,low,Baixo,#FF8300,4692,Itaberaba/BA,0.24
Recursos hídricos,37,Programa cisternas: água para consumo,2020,,Presente,low,Baixo,#FF8300,4730,Macururé/BA,0.24
Recursos hídricos,37,Programa cisternas: água para consumo,2020,,Presente,low,Baixo,#FF8300,4087,Mãe d'Água/PB,0.24
Recursos hídricos,37,Programa cisternas: água para consumo,2020,,Presente,low,Baixo,#FF8300,4736,Marcionílio Souza/BA,0.24
Recursos hídricos,37,Programa cisternas: água para consumo,2020,,Presente,low,Baixo,#FF8300,3746,Morrinhos/CE,0.24
Recursos hídricos,37,Programa cisternas: água para consumo,2020,,Presente,low,Baixo,#FF8300,4454,Pão de Açúcar/AL,0.24
Recursos hídricos,37,Programa cisternas: água para consumo,2020,,Presente,low,Baixo,#FF8300,735,Planalto/BA,0.24
Recursos hídricos,37,Programa cisternas: água para consumo,2020,,Presente,low,Baixo,#FF8300,3783,Saboeiro/CE,0.24
Recursos hídricos,37,Programa cisternas: água para consumo,2020,,Presente,low,Baixo,#FF8300,4805,Santa Inês/BA,0.24
Recursos hídricos,37,Programa cisternas: água para consumo,2020,,Presente,low,Baixo,#FF8300,3939,São Bento do Trairí/RN,0.24
Recursos hídricos,37,Programa cisternas: água para consumo,2020,,Presente,low,Baixo,#FF8300,3987,São João do Rio do Peixe/PB,0.24
Recursos hídricos,37,Programa cisternas: água para consumo,2020,,Presente,low,Baixo,#FF8300,4164,São José de Caiana/PB,0.24
Recursos hídricos,37,Programa cisternas: água para consumo,2020,,Presente,low,Baixo,#FF8300,3602,São Julião/PI,0.24
Recursos hídricos,37,Programa cisternas: água para consumo,2020,,Presente,low,Baixo,#FF8300,3618,Tanque do Piauí/PI,0.24
Recursos hídricos,37,Programa cisternas: água para consumo,2020,,Presente,low,Baixo,#FF8300,3803,Tururu/CE,0.24
Recursos hídricos,37,Programa cisternas: água para consumo,2020,,Presente,low,Baixo,#FF8300,3804,Ubajara/CE,0.24
Recursos hídricos,37,Programa cisternas: água para consumo,2020,,Presente,low,Baixo,#FF8300,675,Barra do Choça/BA,0.23
Recursos hídricos,37,Programa cisternas: água para consumo,2020,,Presente,low,Baixo,#FF8300,4621,Candeal/BA,0.23
Recursos hídricos,37,Programa cisternas: água para consumo,2020,,Presente,low,Baixo,#FF8300,3465,Colônia do Piauí/PI,0.23
Recursos hídricos,37,Programa cisternas: água para consumo,2020,,Presente,low,Baixo,#FF8300,4272,Gravatá/PE,0.23
Recursos hídricos,37,Programa cisternas: água para consumo,2020,,Presente,low,Baixo,#FF8300,3722,Jaguaruana/CE,0.23
Recursos hídricos,37,Programa cisternas: água para consumo,2020,,Presente,low,Baixo,#FF8300,3723,Jardim/CE,0.23
Recursos hídricos,37,Programa cisternas: água para consumo,2020,,Presente,low,Baixo,#FF8300,3733,Marco/CE,0.23
Recursos hídricos,37,Programa cisternas: água para consumo,2020,,Presente,low,Baixo,#FF8300,1254,Montezuma/MG,0.23
Recursos hídricos,37,Programa cisternas: água para consumo,2020,,Presente,low,Baixo,#FF8300,4765,Ourolândia/BA,0.23
Recursos hídricos,37,Programa cisternas: água para consumo,2020,,Presente,low,Baixo,#FF8300,3908,Parelhas/RN,0.23
Recursos hídricos,37,Programa cisternas: água para consumo,2020,,Presente,low,Baixo,#FF8300,1362,Ponto dos Volantes/MG,0.23
Recursos hídricos,37,Programa cisternas: água para consumo,2020,,Presente,low,Baixo,#FF8300,4133,Queimadas/PB,0.23
Recursos hídricos,37,Programa cisternas: água para consumo,2020,,Presente,low,Baixo,#FF8300,3954,Senador Elói de Souza/RN,0.23
Recursos hídricos,37,Programa cisternas: água para consumo,2020,,Presente,low,Baixo,#FF8300,4360,Serrita/PE,0.23
Recursos hídricos,37,Programa cisternas: água para consumo,2020,,Presente,low,Baixo,#FF8300,4184,Sertãozinho/PB,0.23
Recursos hídricos,37,Programa cisternas: água para consumo,2020,,Presente,low,Baixo,#FF8300,1550,Taiobeiras/MG,0.23
Recursos hídricos,37,Programa cisternas: água para consumo,2020,,Presente,low,Baixo,#FF8300,3805,Umari/CE,0.23
Recursos hídricos,37,Programa cisternas: água para consumo,2020,,Presente,low,Baixo,#FF8300,4207,Águas Belas/PE,0.22
Recursos hídricos,37,Programa cisternas: água para consumo,2020,,Presente,low,Baixo,#FF8300,4581,Antônio Gonçalves/BA,0.22
Recursos hídricos,37,Programa cisternas: água para consumo,2020,,Presente,low,Baixo,#FF8300,4007,Bernardino Batista/PB,0.22
Recursos hídricos,37,Programa cisternas: água para consumo,2020,,Presente,low,Baixo,#FF8300,4605,Brejões/BA,0.22
Recursos hídricos,37,Programa cisternas: água para consumo,2020,,Presente,low,Baixo,#FF8300,3667,Carnaubal/CE,0.22
Recursos hídricos,37,Programa cisternas: água para consumo,2020,,Presente,low,Baixo,#FF8300,3673,Chaval/CE,0.22
Recursos hídricos,37,Programa cisternas: água para consumo,2020,,Presente,low,Baixo,#FF8300,4652,Curaçá/BA,0.22
Recursos hídricos,37,Programa cisternas: água para consumo,2020,,Presente,low,Baixo,#FF8300,3878,Jucurutu/RN,0.22
Recursos hídricos,37,Programa cisternas: água para consumo,2020,,Presente,low,Baixo,#FF8300,3736,Mauriti/CE,0.22
Recursos hídricos,37,Programa cisternas: água para consumo,2020,,Presente,low,Baixo,#FF8300,4767,Paramirim/BA,0.22
Recursos hídricos,37,Programa cisternas: água para consumo,2020,,Presente,low,Baixo,#FF8300,4463,Piranhas/AL,0.22
Recursos hídricos,37,Programa cisternas: água para consumo,2020,,Presente,low,Baixo,#FF8300,3577,Rio Grande do Piauí/PI,0.22
Recursos hídricos,37,Programa cisternas: água para consumo,2020,,Presente,low,Baixo,#FF8300,4144,Salgado de São Félix/PB,0.22
Recursos hídricos,37,Programa cisternas: água para consumo,2020,,Presente,low,Baixo,#FF8300,3589,São Francisco de Assis do Piauí/PI,0.22
Recursos hídricos,37,Programa cisternas: água para consumo,2020,,Presente,low,Baixo,#FF8300,4835,Serra Preta/BA,0.22
Recursos hídricos,37,Programa cisternas: água para consumo,2020,,Presente,low,Baixo,#FF8300,3973,Upanema/RN,0.22
Recursos hídricos,37,Programa cisternas: água para consumo,2020,,Presente,low,Baixo,#FF8300,3628,Abaiara/CE,0.21
Recursos hídricos,37,Programa cisternas: água para consumo,2020,,Presente,low,Baixo,#FF8300,3629,Acarape/CE,0.21
Recursos hídricos,37,Programa cisternas: água para consumo,2020,,Presente,low,Baixo,#FF8300,4982,Aracatu/BA,0.21
Recursos hídricos,37,Programa cisternas: água para consumo,2020,,Presente,low,Baixo,#FF8300,3992,Araruna/PB,0.21
Recursos hídricos,37,Programa cisternas: água para consumo,2020,,Presente,low,Baixo,#FF8300,4019,Cabaceiras/PB,0.21
Recursos hídricos,37,Programa cisternas: água para consumo,2020,,Presente,low,Baixo,#FF8300,4628,Casa Nova/BA,0.21
Recursos hídricos,37,Programa cisternas: água para consumo,2020,,Presente,low,Baixo,#FF8300,984,Curral de Dentro/MG,0.21
Recursos hídricos,37,Programa cisternas: água para consumo,2020,,Presente,low,Baixo,#FF8300,4055,Dona Inês/PB,0.21
Recursos hídricos,37,Programa cisternas: água para consumo,2020,,Presente,low,Baixo,#FF8300,4061,Gado Bravo/PB,0.21
Recursos hídricos,37,Programa cisternas: água para consumo,2020,,Presente,low,Baixo,#FF8300,3859,Governador Dix-Sept Rosado/RN,0.21
Recursos hídricos,37,Programa cisternas: água para consumo,2020,,Presente,low,Baixo,#FF8300,3690,Graça/CE,0.21
Recursos hídricos,37,Programa cisternas: água para consumo,2020,,Presente,low,Baixo,#FF8300,718,Jacaraci/BA,0.21
Recursos hídricos,37,Programa cisternas: água para consumo,2020,,Presente,low,Baixo,#FF8300,4302,Lagoa Grande/PE,0.21
Recursos hídricos,37,Programa cisternas: água para consumo,2020,,Presente,low,Baixo,#FF8300,4101,Monte Horebe/PB,0.21
Recursos hídricos,37,Programa cisternas: água para consumo,2020,,Presente,low,Baixo,#FF8300,4742,Monte Santo/BA,0.21
Recursos hídricos,37,Programa cisternas: água para consumo,2020,,Presente,low,Baixo,#FF8300,4766,Palmeiras/BA,0.21
Recursos hídricos,37,Programa cisternas: água para consumo,2020,,Presente,low,Baixo,#FF8300,3779,Quixeré/CE,0.21
Recursos hídricos,37,Programa cisternas: água para consumo,2020,,Presente,low,Baixo,#FF8300,4796,Rio de Contas/BA,0.21
Recursos hídricos,37,Programa cisternas: água para consumo,2020,,Presente,low,Baixo,#FF8300,4350,São Bento do Una/PE,0.21
Recursos hídricos,37,Programa cisternas: água para consumo,2020,,Presente,low,Baixo,#FF8300,3940,São Fernando/RN,0.21
Recursos hídricos,37,Programa cisternas: água para consumo,2020,,Presente,low,Baixo,#FF8300,4355,São José do Belmonte/PE,0.21
Recursos hídricos,37,Programa cisternas: água para consumo,2020,,Presente,low,Baixo,#FF8300,3957,Serra do Mel/RN,0.21
Recursos hídricos,37,Programa cisternas: água para consumo,2020,,Presente,low,Baixo,#FF8300,4382,Vertente do Lério/PE,0.21
Recursos hídricos,37,Programa cisternas: água para consumo,2020,,Presente,low,Baixo,#FF8300,4597,Barrocas/BA,0.2
Recursos hídricos,37,Programa cisternas: água para consumo,2020,,Presente,low,Baixo,#FF8300,4221,Betânia/PE,0.2
Recursos hídricos,37,Programa cisternas: água para consumo,2020,,Presente,low,Baixo,#FF8300,4016,Brejo do Cruz/PB,0.2
Recursos hídricos,37,Programa cisternas: água para consumo,2020,,Presente,low,Baixo,#FF8300,3669,Catarina/CE,0.2
Recursos hídricos,37,Programa cisternas: água para consumo,2020,,Presente,low,Baixo,#FF8300,4634,Chorrochó/BA,0.2
Recursos hídricos,37,Programa cisternas: água para consumo,2020,,Presente,low,Baixo,#FF8300,3467,Coronel José Dias/PI,0.2
Recursos hídricos,37,Programa cisternas: água para consumo,2020,,Presente,low,Baixo,#FF8300,4659,Euclides da Cunha/BA,0.2
Recursos hídricos,37,Programa cisternas: água para consumo,2020,,Presente,low,Baixo,#FF8300,4260,Exu/PE,0.2
Recursos hídricos,37,Programa cisternas: água para consumo,2020,,Presente,low,Baixo,#FF8300,3857,Galinhos/RN,0.2
Recursos hídricos,37,Programa cisternas: água para consumo,2020,,Presente,low,Baixo,#FF8300,4699,Itaquara/BA,0.2
Recursos hídricos,37,Programa cisternas: água para consumo,2020,,Presente,low,Baixo,#FF8300,1138,Itinga/MG,0.2
Recursos hídricos,37,Programa cisternas: água para consumo,2020,,Presente,low,Baixo,#FF8300,3873,Jardim de Piranhas/RN,0.2
Recursos hídricos,37,Programa cisternas: água para consumo,2020,,Presente,low,Baixo,#FF8300,4713,João Dourado/BA,0.2
Recursos hídricos,37,Programa cisternas: água para consumo,2020,,Presente,low,Baixo,#FF8300,4720,Lajedinho/BA,0.2
Recursos hídricos,37,Programa cisternas: água para consumo,2020,,Presente,low,Baixo,#FF8300,4734,Maracás/BA,0.2
Recursos hídricos,37,Programa cisternas: água para consumo,2020,,Presente,low,Baixo,#FF8300,1231,Medina/MG,0.2
Recursos hídricos,37,Programa cisternas: água para consumo,2020,,Presente,low,Baixo,#FF8300,4754,Nordestina/BA,0.2
Recursos hídricos,37,Programa cisternas: água para consumo,2020,,Presente,low,Baixo,#FF8300,4315,Ouricuri/PE,0.2
Recursos hídricos,37,Programa cisternas: água para consumo,2020,,Presente,low,Baixo,#FF8300,4541,Poço Redondo/SE,0.2
Recursos hídricos,37,Programa cisternas: água para consumo,2020,,Presente,low,Baixo,#FF8300,3776,Quixadá/CE,0.2
Recursos hídricos,37,Programa cisternas: água para consumo,2020,,Presente,low,Baixo,#FF8300,4181,Serra Grande/PB,0.2
Recursos hídricos,37,Programa cisternas: água para consumo,2020,,Presente,low,Baixo,#FF8300,4558,Simão Dias/SE,0.2
Recursos hídricos,37,Programa cisternas: água para consumo,2020,,Presente,low,Baixo,#FF8300,4371,Terezinha/PE,0.2
Recursos hídricos,37,Programa cisternas: água para consumo,2020,,Presente,low,Baixo,#FF8300,3969,Timbaúba dos Batistas/RN,0.2
Recursos hídricos,37,Programa cisternas: água para consumo,2020,,Presente,low,Baixo,#FF8300,4200,Vieirópolis/PB,0.2
Recursos hídricos,37,Programa cisternas: água para consumo,2020,,Presente,mid,Médio,#FFCD00,3985,Algodão de Jandaíra/PB,0.59
Recursos hídricos,37,Programa cisternas: água para consumo,2020,,Presente,mid,Médio,#FFCD00,930,Chapada do Norte/MG,0.59
Recursos hídricos,37,Programa cisternas: água para consumo,2020,,Presente,mid,Médio,#FFCD00,3685,Forquilha/CE,0.59
Recursos hídricos,37,Programa cisternas: água para consumo,2020,,Presente,mid,Médio,#FFCD00,3705,Independência/CE,0.59
Recursos hídricos,37,Programa cisternas: água para consumo,2020,,Presente,mid,Médio,#FFCD00,3706,Ipaporanga/CE,0.59
Recursos hídricos,37,Programa cisternas: água para consumo,2020,,Presente,mid,Médio,#FFCD00,3715,Itapipoca/CE,0.59
Recursos hídricos,37,Programa cisternas: água para consumo,2020,,Presente,mid,Médio,#FFCD00,4291,Jataúba/PE,0.59
Recursos hídricos,37,Programa cisternas: água para consumo,2020,,Presente,mid,Médio,#FFCD00,4523,Macambira/SE,0.59
Recursos hídricos,37,Programa cisternas: água para consumo,2020,,Presente,mid,Médio,#FFCD00,4738,Matina/BA,0.59
Recursos hídricos,37,Programa cisternas: água para consumo,2020,,Presente,mid,Médio,#FFCD00,3743,Monsenhor Tabosa/CE,0.59
Recursos hídricos,37,Programa cisternas: água para consumo,2020,,Presente,mid,Médio,#FFCD00,4328,Poção/PE,0.59
Recursos hídricos,37,Programa cisternas: água para consumo,2020,,Presente,mid,Médio,#FFCD00,4332,Quixaba/PE,0.59
Recursos hídricos,37,Programa cisternas: água para consumo,2020,,Presente,mid,Médio,#FFCD00,4472,Santana do Ipanema/AL,0.59
Recursos hídricos,37,Programa cisternas: água para consumo,2020,,Presente,mid,Médio,#FFCD00,1539,Serranópolis de Minas/MG,0.59
Recursos hídricos,37,Programa cisternas: água para consumo,2020,,Presente,mid,Médio,#FFCD00,3963,Taboleiro Grande/RN,0.59
Recursos hídricos,37,Programa cisternas: água para consumo,2020,,Presente,mid,Médio,#FFCD00,4195,Tenório/PB,0.59
Recursos hídricos,37,Programa cisternas: água para consumo,2020,,Presente,mid,Médio,#FFCD00,4196,Triunfo/PB,0.59
Recursos hídricos,37,Programa cisternas: água para consumo,2020,,Presente,mid,Médio,#FFCD00,3815,Água Nova/RN,0.58
Recursos hídricos,37,Programa cisternas: água para consumo,2020,,Presente,mid,Médio,#FFCD00,4026,Cajazeiras/PB,0.58
Recursos hídricos,37,Programa cisternas: água para consumo,2020,,Presente,mid,Médio,#FFCD00,3839,Carnaubais/RN,0.58
Recursos hídricos,37,Programa cisternas: água para consumo,2020,,Presente,mid,Médio,#FFCD00,3458,Castelo do Piauí/PI,0.58
Recursos hídricos,37,Programa cisternas: água para consumo,2020,,Presente,mid,Médio,#FFCD00,4278,Inajá/PE,0.58
Recursos hídricos,37,Programa cisternas: água para consumo,2020,,Presente,mid,Médio,#FFCD00,3750,Nova Russas/CE,0.58
Recursos hídricos,37,Programa cisternas: água para consumo,2020,,Presente,mid,Médio,#FFCD00,3763,Paramoti/CE,0.58
Recursos hídricos,37,Programa cisternas: água para consumo,2020,,Presente,mid,Médio,#FFCD00,4131,Princesa Isabel/PB,0.58
Recursos hídricos,37,Programa cisternas: água para consumo,2020,,Presente,mid,Médio,#FFCD00,4557,São Miguel do Aleixo/SE,0.58
Recursos hídricos,37,Programa cisternas: água para consumo,2020,,Presente,mid,Médio,#FFCD00,4176,São Sebastião do Umbuzeiro/PB,0.58
Recursos hídricos,37,Programa cisternas: água para consumo,2020,,Presente,mid,Médio,#FFCD00,3407,Alagoinha do Piauí/PI,0.57
Recursos hídricos,37,Programa cisternas: água para consumo,2020,,Presente,mid,Médio,#FFCD00,4034,Casserengue/PB,0.57
Recursos hídricos,37,Programa cisternas: água para consumo,2020,,Presente,mid,Médio,#FFCD00,3843,Coronel João Pessoa/RN,0.57
Recursos hídricos,37,Programa cisternas: água para consumo,2020,,Presente,mid,Médio,#FFCD00,4054,Diamante/PB,0.57
Recursos hídricos,37,Programa cisternas: água para consumo,2020,,Presente,mid,Médio,#FFCD00,4056,Duas Estradas/PB,0.57
Recursos hídricos,37,Programa cisternas: água para consumo,2020,,Presente,mid,Médio,#FFCD00,728,Mortugaba/BA,0.57
Recursos hídricos,37,Programa cisternas: água para consumo,2020,,Presente,mid,Médio,#FFCD00,3749,Nova Olinda/CE,0.57
Recursos hídricos,37,Programa cisternas: água para consumo,2020,,Presente,mid,Médio,#FFCD00,4758,Nova Redenção/BA,0.57
Recursos hídricos,37,Programa cisternas: água para consumo,2020,,Presente,mid,Médio,#FFCD00,3767,Pereiro/CE,0.57
Recursos hídricos,37,Programa cisternas: água para consumo,2020,,Presente,mid,Médio,#FFCD00,3769,Piquet Carneiro/CE,0.57
Recursos hídricos,37,Programa cisternas: água para consumo,2020,,Presente,mid,Médio,#FFCD00,4159,São Domingos/PB,0.57
Recursos hídricos,37,Programa cisternas: água para consumo,2020,,Presente,mid,Médio,#FFCD00,4842,Souto Soares/BA,0.57
Recursos hídricos,37,Programa cisternas: água para consumo,2020,,Presente,mid,Médio,#FFCD00,4194,Teixeira/PB,0.57
Recursos hídricos,37,Programa cisternas: água para consumo,2020,,Presente,mid,Médio,#FFCD00,4383,Vertentes/PE,0.57
Recursos hídricos,37,Programa cisternas: água para consumo,2020,,Presente,mid,Médio,#FFCD00,4204,Afrânio/PE,0.56
Recursos hídricos,37,Programa cisternas: água para consumo,2020,,Presente,mid,Médio,#FFCD00,4593,Barra do Mendes/BA,0.56
Recursos hídricos,37,Programa cisternas: água para consumo,2020,,Presente,mid,Médio,#FFCD00,3665,Caririaçu/CE,0.56
Recursos hídricos,37,Programa cisternas: água para consumo,2020,,Presente,mid,Médio,#FFCD00,4035,Catingueira/PB,0.56
Recursos hídricos,37,Programa cisternas: água para consumo,2020,,Presente,mid,Médio,#FFCD00,4988,Cocos/BA,0.56
Recursos hídricos,37,Programa cisternas: água para consumo,2020,,Presente,mid,Médio,#FFCD00,1048,Francisco Badaró/MG,0.56
Recursos hídricos,37,Programa cisternas: água para consumo,2020,,Presente,mid,Médio,#FFCD00,3888,Luís Gomes/RN,0.56
Recursos hídricos,37,Programa cisternas: água para consumo,2020,,Presente,mid,Médio,#FFCD00,4728,Macajuba/BA,0.56
Recursos hídricos,37,Programa cisternas: água para consumo,2020,,Presente,mid,Médio,#FFCD00,4105,Nazarezinho/PB,0.56
Recursos hídricos,37,Programa cisternas: água para consumo,2020,,Presente,mid,Médio,#FFCD00,4128,Poço de José de Moura/PB,0.56
Recursos hídricos,37,Programa cisternas: água para consumo,2020,,Presente,mid,Médio,#FFCD00,3800,Tejuçuoca/CE,0.56
Recursos hídricos,37,Programa cisternas: água para consumo,2020,,Presente,mid,Médio,#FFCD00,3979,Água Branca/PB,0.55
Recursos hídricos,37,Programa cisternas: água para consumo,2020,,Presente,mid,Médio,#FFCD00,4608,Buritirama/BA,0.55
Recursos hídricos,37,Programa cisternas: água para consumo,2020,,Presente,mid,Médio,#FFCD00,4992,Ibiassucê/BA,0.55
Recursos hídricos,37,Programa cisternas: água para consumo,2020,,Presente,mid,Médio,#FFCD00,3710,Iracema/CE,0.55
Recursos hídricos,37,Programa cisternas: água para consumo,2020,,Presente,mid,Médio,#FFCD00,4090,Manaíra/PB,0.55
Recursos hídricos,37,Programa cisternas: água para consumo,2020,,Presente,mid,Médio,#FFCD00,4790,Retirolândia/BA,0.55
Recursos hídricos,37,Programa cisternas: água para consumo,2020,,Presente,mid,Médio,#FFCD00,4829,Saúde/BA,0.55
Recursos hídricos,37,Programa cisternas: água para consumo,2020,,Presente,mid,Médio,#FFCD00,4841,Sobradinho/BA,0.55
Recursos hídricos,37,Programa cisternas: água para consumo,2020,,Presente,mid,Médio,#FFCD00,4866,Wagner/BA,0.55
Recursos hídricos,37,Programa cisternas: água para consumo,2020,,Presente,mid,Médio,#FFCD00,4243,Carnaíba/PE,0.54
Recursos hídricos,37,Programa cisternas: água para consumo,2020,,Presente,mid,Médio,#FFCD00,3697,Hidrolândia/CE,0.54
Recursos hídricos,37,Programa cisternas: água para consumo,2020,,Presente,mid,Médio,#FFCD00,4281,Ipubi/PE,0.54
Recursos hídricos,37,Programa cisternas: água para consumo,2020,,Presente,mid,Médio,#FFCD00,4286,Itapetim/PE,0.54
Recursos hídricos,37,Programa cisternas: água para consumo,2020,,Presente,mid,Médio,#FFCD00,3719,Jaguaretama/CE,0.54
Recursos hídricos,37,Programa cisternas: água para consumo,2020,,Presente,mid,Médio,#FFCD00,3724,Jati/CE,0.54
Recursos hídricos,37,Programa cisternas: água para consumo,2020,,Presente,mid,Médio,#FFCD00,3904,Ouro Branco/RN,0.54
Recursos hídricos,37,Programa cisternas: água para consumo,2020,,Presente,mid,Médio,#FFCD00,3766,Pentecoste/CE,0.54
Recursos hídricos,37,Programa cisternas: água para consumo,2020,,Presente,mid,Médio,#FFCD00,4344,Santa Cruz do Capibaribe/PE,0.54
Recursos hídricos,37,Programa cisternas: água para consumo,2020,,Presente,mid,Médio,#FFCD00,3934,Santa Cruz/RN,0.54
Recursos hídricos,37,Programa cisternas: água para consumo,2020,,Presente,mid,Médio,#FFCD00,4157,São Bentinho/PB,0.54
Recursos hídricos,37,Programa cisternas: água para consumo,2020,,Presente,mid,Médio,#FFCD00,3626,Vila Nova do Piauí/PI,0.54
Recursos hídricos,37,Programa cisternas: água para consumo,2020,,Presente,mid,Médio,#FFCD00,3989,Aparecida/PB,0.53
Recursos hídricos,37,Programa cisternas: água para consumo,2020,,Presente,mid,Médio,#FFCD00,4596,Barro Alto/BA,0.53
Recursos hídricos,37,Programa cisternas: água para consumo,2020,,Presente,mid,Médio,#FFCD00,4024,Cacimbas/PB,0.53
Recursos hídricos,37,Programa cisternas: água para consumo,2020,,Presente,mid,Médio,#FFCD00,4617,Campo Alegre de Lourdes/BA,0.53
Recursos hídricos,37,Programa cisternas: água para consumo,2020,,Presente,mid,Médio,#FFCD00,3455,Caracol/PI,0.53
Recursos hídricos,37,Programa cisternas: água para consumo,2020,,Presente,mid,Médio,#FFCD00,4043,Coxixola/PB,0.53
Recursos hídricos,37,Programa cisternas: água para consumo,2020,,Presente,mid,Médio,#FFCD00,4715,Jussara/BA,0.53
Recursos hídricos,37,Programa cisternas: água para consumo,2020,,Presente,mid,Médio,#FFCD00,3753,Orós/CE,0.53
Recursos hídricos,37,Programa cisternas: água para consumo,2020,,Presente,mid,Médio,#FFCD00,3758,Palhano/CE,0.53
Recursos hídricos,37,Programa cisternas: água para consumo,2020,,Presente,mid,Médio,#FFCD00,4113,Passagem/PB,0.53
Recursos hídricos,37,Programa cisternas: água para consumo,2020,,Presente,mid,Médio,#FFCD00,3922,Portalegre/RN,0.53
Recursos hídricos,37,Programa cisternas: água para consumo,2020,,Presente,mid,Médio,#FFCD00,3925,Pureza/RN,0.53
Recursos hídricos,37,Programa cisternas: água para consumo,2020,,Presente,mid,Médio,#FFCD00,5006,Rio do Antônio/BA,0.53
Recursos hídricos,37,Programa cisternas: água para consumo,2020,,Presente,mid,Médio,#FFCD00,3587,São Braz do Piauí/PI,0.53
Recursos hídricos,37,Programa cisternas: água para consumo,2020,,Presente,mid,Médio,#FFCD00,3795,Solonópole/CE,0.53
Recursos hídricos,37,Programa cisternas: água para consumo,2020,,Presente,mid,Médio,#FFCD00,4192,Taperoá/PB,0.53
Recursos hídricos,37,Programa cisternas: água para consumo,2020,,Presente,mid,Médio,#FFCD00,4377,Triunfo/PE,0.53
Recursos hídricos,37,Programa cisternas: água para consumo,2020,,Presente,mid,Médio,#FFCD00,3643,Araripe/CE,0.52
Recursos hídricos,37,Programa cisternas: água para consumo,2020,,Presente,mid,Médio,#FFCD00,3831,Brejinho/RN,0.52
Recursos hídricos,37,Programa cisternas: água para consumo,2020,,Presente,mid,Médio,#FFCD00,4237,Calumbi/PE,0.52
Recursos hídricos,37,Programa cisternas: água para consumo,2020,,Presente,mid,Médio,#FFCD00,4501,Carira/SE,0.52
Recursos hídricos,37,Programa cisternas: água para consumo,2020,,Presente,mid,Médio,#FFCD00,4249,Cedro/PE,0.52
Recursos hídricos,37,Programa cisternas: água para consumo,2020,,Presente,mid,Médio,#FFCD00,977,Cristália/MG,0.52
Recursos hídricos,37,Programa cisternas: água para consumo,2020,,Presente,mid,Médio,#FFCD00,3534,Monsenhor Hipólito/PI,0.52
Recursos hídricos,37,Programa cisternas: água para consumo,2020,,Presente,mid,Médio,#FFCD00,4450,Olivença/AL,0.52
Recursos hídricos,37,Programa cisternas: água para consumo,2020,,Presente,mid,Médio,#FFCD00,3609,São Raimundo Nonato/PI,0.52
Recursos hídricos,37,Programa cisternas: água para consumo,2020,,Presente,mid,Médio,#FFCD00,4187,Soledade/PB,0.52
Recursos hídricos,37,Programa cisternas: água para consumo,2020,,Presente,mid,Médio,#FFCD00,4366,Tabira/PE,0.52
Recursos hídricos,37,Programa cisternas: água para consumo,2020,,Presente,mid,Médio,#FFCD00,3654,Baturité/CE,0.51
Recursos hídricos,37,Programa cisternas: água para consumo,2020,,Presente,mid,Médio,#FFCD00,4258,Dormentes/PE,0.51
Recursos hídricos,37,Programa cisternas: água para consumo,2020,,Presente,mid,Médio,#FFCD00,3682,Ereré/CE,0.51
Recursos hídricos,37,Programa cisternas: água para consumo,2020,,Presente,mid,Médio,#FFCD00,3854,Florânia/RN,0.51
Recursos hídricos,37,Programa cisternas: água para consumo,2020,,Presente,mid,Médio,#FFCD00,4265,Floresta/PE,0.51
Recursos hídricos,37,Programa cisternas: água para consumo,2020,,Presente,mid,Médio,#FFCD00,4666,Gentio do Ouro/BA,0.51
Recursos hídricos,37,Programa cisternas: água para consumo,2020,,Presente,mid,Médio,#FFCD00,3721,Jaguaribe/CE,0.51
Recursos hídricos,37,Programa cisternas: água para consumo,2020,,Presente,mid,Médio,#FFCD00,4107,Nova Olinda/PB,0.51
Recursos hídricos,37,Programa cisternas: água para consumo,2020,,Presente,mid,Médio,#FFCD00,3914,Pau dos Ferros/RN,0.51
Recursos hídricos,37,Programa cisternas: água para consumo,2020,,Presente,mid,Médio,#FFCD00,3566,Piracuruca/PI,0.51
Recursos hídricos,37,Programa cisternas: água para consumo,2020,,Presente,mid,Médio,#FFCD00,4154,Santa Teresinha/PB,0.51
Recursos hídricos,37,Programa cisternas: água para consumo,2020,,Presente,mid,Médio,#FFCD00,3953,São Vicente/RN,0.51
Recursos hídricos,37,Programa cisternas: água para consumo,2020,,Presente,mid,Médio,#FFCD00,3635,Alto Santo/CE,0.5
Recursos hídricos,37,Programa cisternas: água para consumo,2020,,Presente,mid,Médio,#FFCD00,687,Caraíbas/BA,0.5
Recursos hídricos,37,Programa cisternas: água para consumo,2020,,Presente,mid,Médio,#FFCD00,4244,Carnaubeira da Penha/PE,0.5
Recursos hídricos,37,Programa cisternas: água para consumo,2020,,Presente,mid,Médio,#FFCD00,4051,Damião/PB,0.5
Recursos hídricos,37,Programa cisternas: água para consumo,2020,,Presente,mid,Médio,#FFCD00,4670,Iaçu/BA,0.5
Recursos hídricos,37,Programa cisternas: água para consumo,2020,,Presente,mid,Médio,#FFCD00,4420,Igaci/AL,0.5
Recursos hídricos,37,Programa cisternas: água para consumo,2020,,Presente,mid,Médio,#FFCD00,3711,Irauçuba/CE,0.5
Recursos hídricos,37,Programa cisternas: água para consumo,2020,,Presente,mid,Médio,#FFCD00,3714,Itapajé/CE,0.5
Recursos hídricos,37,Programa cisternas: água para consumo,2020,,Presente,mid,Médio,#FFCD00,3730,Madalena/CE,0.5
Recursos hídricos,37,Programa cisternas: água para consumo,2020,,Presente,mid,Médio,#FFCD00,3891,Major Sales/RN,0.5
Recursos hídricos,37,Programa cisternas: água para consumo,2020,,Presente,mid,Médio,#FFCD00,3762,Parambu/CE,0.5
Recursos hídricos,37,Programa cisternas: água para consumo,2020,,Presente,mid,Médio,#FFCD00,4542,Poço Verde/SE,0.5
Recursos hídricos,37,Programa cisternas: água para consumo,2020,,Presente,mid,Médio,#FFCD00,3928,Riacho da Cruz/RN,0.5
Recursos hídricos,37,Programa cisternas: água para consumo,2020,,Presente,mid,Médio,#FFCD00,1399,Rio Pardo de Minas/MG,0.5
Recursos hídricos,37,Programa cisternas: água para consumo,2020,,Presente,mid,Médio,#FFCD00,3937,Santo Antônio/RN,0.5
Recursos hídricos,37,Programa cisternas: água para consumo,2020,,Presente,mid,Médio,#FFCD00,3950,São Pedro/RN,0.5
Recursos hídricos,37,Programa cisternas: água para consumo,2020,,Presente,mid,Médio,#FFCD00,3792,Senador Pompeu/CE,0.5
Recursos hídricos,37,Programa cisternas: água para consumo,2020,,Presente,mid,Médio,#FFCD00,4179,Serra Branca/PB,0.5
Recursos hídricos,37,Programa cisternas: água para consumo,2020,,Presente,mid,Médio,#FFCD00,3681,Deputado Irapuan Pinheiro/CE,0.49
Recursos hídricos,37,Programa cisternas: água para consumo,2020,,Presente,mid,Médio,#FFCD00,4422,Inhapi/AL,0.49
Recursos hídricos,37,Programa cisternas: água para consumo,2020,,Presente,mid,Médio,#FFCD00,3740,Miraíma/CE,0.49
Recursos hídricos,37,Programa cisternas: água para consumo,2020,,Presente,mid,Médio,#FFCD00,4806,Santaluz/BA,0.49
Recursos hídricos,37,Programa cisternas: água para consumo,2020,,Presente,mid,Médio,#FFCD00,4351,São Caitano/PE,0.49
Recursos hídricos,37,Programa cisternas: água para consumo,2020,,Presente,mid,Médio,#FFCD00,3414,Anísio de Abreu/PI,0.48
Recursos hídricos,37,Programa cisternas: água para consumo,2020,,Presente,mid,Médio,#FFCD00,3991,Arara/PB,0.48
Recursos hídricos,37,Programa cisternas: água para consumo,2020,,Presente,mid,Médio,#FFCD00,3663,Caridade/CE,0.48
Recursos hídricos,37,Programa cisternas: água para consumo,2020,,Presente,mid,Médio,#FFCD00,967,Coronel Murta/MG,0.48
Recursos hídricos,37,Programa cisternas: água para consumo,2020,,Presente,mid,Médio,#FFCD00,3684,Farias Brito/CE,0.48
Recursos hídricos,37,Programa cisternas: água para consumo,2020,,Presente,mid,Médio,#FFCD00,3696,Guaramiranga/CE,0.48
Recursos hídricos,37,Programa cisternas: água para consumo,2020,,Presente,mid,Médio,#FFCD00,1102,Indaiabira/MG,0.48
Recursos hídricos,37,Programa cisternas: água para consumo,2020,,Presente,mid,Médio,#FFCD00,5002,Manoel Vitorino/BA,0.48
Recursos hídricos,37,Programa cisternas: água para consumo,2020,,Presente,mid,Médio,#FFCD00,3547,Padre Marcos/PI,0.48
Recursos hídricos,37,Programa cisternas: água para consumo,2020,,Presente,mid,Médio,#FFCD00,5005,Palmas de Monte Alto/BA,0.48
Recursos hídricos,37,Programa cisternas: água para consumo,2020,,Presente,mid,Médio,#FFCD00,4320,Parnamirim/PE,0.48
Recursos hídricos,37,Programa cisternas: água para consumo,2020,,Presente,mid,Médio,#FFCD00,4143,Salgadinho/PB,0.48
Recursos hídricos,37,Programa cisternas: água para consumo,2020,,Presente,mid,Médio,#FFCD00,3787,Santa Quitéria/CE,0.48
Recursos hídricos,37,Programa cisternas: água para consumo,2020,,Presente,mid,Médio,#FFCD00,1480,São João da Ponte/MG,0.48
Recursos hídricos,37,Programa cisternas: água para consumo,2020,,Presente,mid,Médio,#FFCD00,4476,São José da Tapera/AL,0.48
Recursos hídricos,37,Programa cisternas: água para consumo,2020,,Presente,mid,Médio,#FFCD00,3613,Simões/PI,0.48
Recursos hídricos,37,Programa cisternas: água para consumo,2020,,Presente,mid,Médio,#FFCD00,3634,Altaneira/CE,0.47
Recursos hídricos,37,Programa cisternas: água para consumo,2020,,Presente,mid,Médio,#FFCD00,4041,Congo/PB,0.47
Recursos hídricos,37,Programa cisternas: água para consumo,2020,,Presente,mid,Médio,#FFCD00,4654,Dom Basílio/BA,0.47
Recursos hídricos,37,Programa cisternas: água para consumo,2020,,Presente,mid,Médio,#FFCD00,3855,Francisco Dantas/RN,0.47
Recursos hídricos,37,Programa cisternas: água para consumo,2020,,Presente,mid,Médio,#FFCD00,4274,Ibimirim/PE,0.47
Recursos hídricos,37,Programa cisternas: água para consumo,2020,,Presente,mid,Médio,#FFCD00,3709,Ipueiras/CE,0.47
Recursos hídricos,37,Programa cisternas: água para consumo,2020,,Presente,mid,Médio,#FFCD00,3720,Jaguaribara/CE,0.47
Recursos hídricos,37,Programa cisternas: água para consumo,2020,,Presente,mid,Médio,#FFCD00,1156,Jenipapo de Minas/MG,0.47
Recursos hídricos,37,Programa cisternas: água para consumo,2020,,Presente,mid,Médio,#FFCD00,4132,Puxinanã/PB,0.47
Recursos hídricos,37,Programa cisternas: água para consumo,2020,,Presente,mid,Médio,#FFCD00,3599,São José do Divino/PI,0.47
Recursos hídricos,37,Programa cisternas: água para consumo,2020,,Presente,mid,Médio,#FFCD00,3625,Vera Mendes/PI,0.47
Recursos hídricos,37,Programa cisternas: água para consumo,2020,,Presente,mid,Médio,#FFCD00,3408,Alegrete do Piauí/PI,0.46
Recursos hídricos,37,Programa cisternas: água para consumo,2020,,Presente,mid,Médio,#FFCD00,3818,Alto do Rodrigues/RN,0.46
Recursos hídricos,37,Programa cisternas: água para consumo,2020,,Presente,mid,Médio,#FFCD00,790,Araçuaí/MG,0.46
Recursos hídricos,37,Programa cisternas: água para consumo,2020,,Presente,mid,Médio,#FFCD00,3647,Aurora/CE,0.46
Recursos hídricos,37,Programa cisternas: água para consumo,2020,,Presente,mid,Médio,#FFCD00,4393,Batalha/AL,0.46
Recursos hídricos,37,Programa cisternas: água para consumo,2020,,Presente,mid,Médio,#FFCD00,4599,Boa Vista do Tupim/BA,0.46
Recursos hídricos,37,Programa cisternas: água para consumo,2020,,Presente,mid,Médio,#FFCD00,679,Bom Jesus da Serra/BA,0.46
Recursos hídricos,37,Programa cisternas: água para consumo,2020,,Presente,mid,Médio,#FFCD00,4607,Brotas de Macaúbas/BA,0.46
Recursos hídricos,37,Programa cisternas: água para consumo,2020,,Presente,mid,Médio,#FFCD00,4620,Canarana/BA,0.46
Recursos hídricos,37,Programa cisternas: água para consumo,2020,,Presente,mid,Médio,#FFCD00,4060,Frei Martinho/PB,0.46
Recursos hídricos,37,Programa cisternas: água para consumo,2020,,Presente,mid,Médio,#FFCD00,4282,Itacuruba/PE,0.46
Recursos hídricos,37,Programa cisternas: água para consumo,2020,,Presente,mid,Médio,#FFCD00,3877,José da Penha/RN,0.46
Recursos hídricos,37,Programa cisternas: água para consumo,2020,,Presente,mid,Médio,#FFCD00,722,Licínio de Almeida/BA,0.46
Recursos hídricos,37,Programa cisternas: água para consumo,2020,,Presente,mid,Médio,#FFCD00,3735,Massapê/CE,0.46
Recursos hídricos,37,Programa cisternas: água para consumo,2020,,Presente,mid,Médio,#FFCD00,4109,Olho d'Água/PB,0.46
Recursos hídricos,37,Programa cisternas: água para consumo,2020,,Presente,mid,Médio,#FFCD00,3771,Poranga/CE,0.46
Recursos hídricos,37,Programa cisternas: água para consumo,2020,,Presente,mid,Médio,#FFCD00,4337,Sairé/PE,0.46
Recursos hídricos,37,Programa cisternas: água para consumo,2020,,Presente,mid,Médio,#FFCD00,4193,Tavares/PB,0.46
Recursos hídricos,37,Programa cisternas: água para consumo,2020,,Presente,mid,Médio,#FFCD00,1599,Virgem da Lapa/MG,0.46
Recursos hídricos,37,Programa cisternas: água para consumo,2020,,Presente,mid,Médio,#FFCD00,3427,Bela Vista do Piauí/PI,0.45
Recursos hídricos,37,Programa cisternas: água para consumo,2020,,Presente,mid,Médio,#FFCD00,949,Cônego Marinho/MG,0.45
Recursos hídricos,37,Programa cisternas: água para consumo,2020,,Presente,mid,Médio,#FFCD00,4644,Coribe/BA,0.45
Recursos hídricos,37,Programa cisternas: água para consumo,2020,,Presente,mid,Médio,#FFCD00,1025,Espinosa/MG,0.45
Recursos hídricos,37,Programa cisternas: água para consumo,2020,,Presente,mid,Médio,#FFCD00,4275,Ibirajuba/PE,0.45
Recursos hídricos,37,Programa cisternas: água para consumo,2020,,Presente,mid,Médio,#FFCD00,3892,Marcelino Vieira/RN,0.45
Recursos hídricos,37,Programa cisternas: água para consumo,2020,,Presente,mid,Médio,#FFCD00,4309,Mirandiba/PE,0.45
Recursos hídricos,37,Programa cisternas: água para consumo,2020,,Presente,mid,Médio,#FFCD00,3921,Poço Branco/RN,0.45
Recursos hídricos,37,Programa cisternas: água para consumo,2020,,Presente,mid,Médio,#FFCD00,4782,Ponto Novo/BA,0.45
Recursos hídricos,37,Programa cisternas: água para consumo,2020,,Presente,mid,Médio,#FFCD00,4789,Remanso/BA,0.45
Recursos hídricos,37,Programa cisternas: água para consumo,2020,,Presente,mid,Médio,#FFCD00,4348,Santa Terezinha/PE,0.45
Recursos hídricos,37,Programa cisternas: água para consumo,2020,,Presente,mid,Médio,#FFCD00,3961,Severiano Melo/RN,0.45
Recursos hídricos,37,Programa cisternas: água para consumo,2020,,Presente,mid,Médio,#FFCD00,3820,Antônio Martins/RN,0.44
Recursos hídricos,37,Programa cisternas: água para consumo,2020,,Presente,mid,Médio,#FFCD00,4006,Belém do Brejo do Cruz/PB,0.44
Recursos hídricos,37,Programa cisternas: água para consumo,2020,,Presente,mid,Médio,#FFCD00,822,Berilo/MG,0.44
Recursos hídricos,37,Programa cisternas: água para consumo,2020,,Presente,mid,Médio,#FFCD00,4229,Brejo da Madre de Deus/PE,0.44
Recursos hídricos,37,Programa cisternas: água para consumo,2020,,Presente,mid,Médio,#FFCD00,682,Caculé/BA,0.44
Recursos hídricos,37,Programa cisternas: água para consumo,2020,,Presente,mid,Médio,#FFCD00,3833,Caiçara do Rio do Vento/RN,0.44
Recursos hídricos,37,Programa cisternas: água para consumo,2020,,Presente,mid,Médio,#FFCD00,3447,Campo Alegre do Fidalgo/PI,0.44
Recursos hídricos,37,Programa cisternas: água para consumo,2020,,Presente,mid,Médio,#FFCD00,4032,Caraúbas/PB,0.44
Recursos hídricos,37,Programa cisternas: água para consumo,2020,,Presente,mid,Médio,#FFCD00,1170,Josenópolis/MG,0.44
Recursos hídricos,37,Programa cisternas: água para consumo,2020,,Presente,mid,Médio,#FFCD00,3727,Jucás/CE,0.44
Recursos hídricos,37,Programa cisternas: água para consumo,2020,,Presente,mid,Médio,#FFCD00,4725,Lençóis/BA,0.44
Recursos hídricos,37,Programa cisternas: água para consumo,2020,,Presente,mid,Médio,#FFCD00,4085,Logradouro/PB,0.44
Recursos hídricos,37,Programa cisternas: água para consumo,2020,,Presente,mid,Médio,#FFCD00,4097,Mato Grosso/PB,0.44
Recursos hídricos,37,Programa cisternas: água para consumo,2020,,Presente,mid,Médio,#FFCD00,3898,Monte das Gameleiras/RN,0.44
Recursos hídricos,37,Programa cisternas: água para consumo,2020,,Presente,mid,Médio,#FFCD00,3747,Mucambo/CE,0.44
Recursos hídricos,37,Programa cisternas: água para consumo,2020,,Presente,mid,Médio,#FFCD00,4780,Planaltino/BA,0.44
Recursos hídricos,37,Programa cisternas: água para consumo,2020,,Presente,mid,Médio,#FFCD00,740,Presidente Jânio Quadros/BA,0.44
Recursos hídricos,37,Programa cisternas: água para consumo,2020,,Presente,mid,Médio,#FFCD00,4352,São João/PE,0.44
Recursos hídricos,37,Programa cisternas: água para consumo,2020,,Presente,mid,Médio,#FFCD00,4823,São José do Jacuípe/BA,0.44
Recursos hídricos,37,Programa cisternas: água para consumo,2020,,Presente,mid,Médio,#FFCD00,3793,Senador Sá/CE,0.44
Recursos hídricos,37,Programa cisternas: água para consumo,2020,,Presente,mid,Médio,#FFCD00,4604,Botuporã/BA,0.43
Recursos hídricos,37,Programa cisternas: água para consumo,2020,,Presente,mid,Médio,#FFCD00,4037,Caturité/PB,0.43
Recursos hídricos,37,Programa cisternas: água para consumo,2020,,Presente,mid,Médio,#FFCD00,697,Guajeru/BA,0.43
Recursos hídricos,37,Programa cisternas: água para consumo,2020,,Presente,mid,Médio,#FFCD00,3495,Guaribas/PI,0.43
Recursos hídricos,37,Programa cisternas: água para consumo,2020,,Presente,mid,Médio,#FFCD00,4710,Jeremoabo/BA,0.43
Recursos hídricos,37,Programa cisternas: água para consumo,2020,,Presente,mid,Médio,#FFCD00,3528,Massapê do Piauí/PI,0.43
Recursos hídricos,37,Programa cisternas: água para consumo,2020,,Presente,mid,Médio,#FFCD00,3903,Olho d'Água do Borges/RN,0.43
Recursos hídricos,37,Programa cisternas: água para consumo,2020,,Presente,mid,Médio,#FFCD00,4448,Olho d'Água do Casado/AL,0.43
Recursos hídricos,37,Programa cisternas: água para consumo,2020,,Presente,mid,Médio,#FFCD00,1326,Pedras de Maria da Cruz/MG,0.43
Recursos hídricos,37,Programa cisternas: água para consumo,2020,,Presente,mid,Médio,#FFCD00,4146,Santa Cruz/PB,0.43
Recursos hídricos,37,Programa cisternas: água para consumo,2020,,Presente,mid,Médio,#FFCD00,4342,Santa Cruz/PE,0.43
Recursos hídricos,37,Programa cisternas: água para consumo,2020,,Presente,mid,Médio,#FFCD00,3964,Taipu/RN,0.43
Recursos hídricos,37,Programa cisternas: água para consumo,2020,,Presente,mid,Médio,#FFCD00,3419,Assunção do Piauí/PI,0.42
Recursos hídricos,37,Programa cisternas: água para consumo,2020,,Presente,mid,Médio,#FFCD00,3648,Baixio/CE,0.42
Recursos hídricos,37,Programa cisternas: água para consumo,2020,,Presente,mid,Médio,#FFCD00,3649,Banabuiú/CE,0.42
Recursos hídricos,37,Programa cisternas: água para consumo,2020,,Presente,mid,Médio,#FFCD00,3999,Bananeiras/PB,0.42
Recursos hídricos,37,Programa cisternas: água para consumo,2020,,Presente,mid,Médio,#FFCD00,3657,Boa Viagem/CE,0.42
Recursos hídricos,37,Programa cisternas: água para consumo,2020,,Presente,mid,Médio,#FFCD00,4224,Bom Conselho/PE,0.42
Recursos hídricos,37,Programa cisternas: água para consumo,2020,,Presente,mid,Médio,#FFCD00,4228,Brejinho/PE,0.42
Recursos hídricos,37,Programa cisternas: água para consumo,2020,,Presente,mid,Médio,#FFCD00,3457,Caridade do Piauí/PI,0.42
Recursos hídricos,37,Programa cisternas: água para consumo,2020,,Presente,mid,Médio,#FFCD00,3478,Domingos Mourão/PI,0.42
Recursos hídricos,37,Programa cisternas: água para consumo,2020,,Presente,mid,Médio,#FFCD00,4273,Iati/PE,0.42
Recursos hídricos,37,Programa cisternas: água para consumo,2020,,Presente,mid,Médio,#FFCD00,1130,Itaobim/MG,0.42
Recursos hídricos,37,Programa cisternas: água para consumo,2020,,Presente,mid,Médio,#FFCD00,3875,João Câmara/RN,0.42
Recursos hídricos,37,Programa cisternas: água para consumo,2020,,Presente,mid,Médio,#FFCD00,1312,Patis/MG,0.42
Recursos hídricos,37,Programa cisternas: água para consumo,2020,,Presente,mid,Médio,#FFCD00,3781,Reriutaba/CE,0.42
Recursos hídricos,37,Programa cisternas: água para consumo,2020,,Presente,mid,Médio,#FFCD00,4797,Rio do Pires/BA,0.42
Recursos hídricos,37,Programa cisternas: água para consumo,2020,,Presente,mid,Médio,#FFCD00,3935,Santana do Matos/RN,0.42
Recursos hídricos,37,Programa cisternas: água para consumo,2020,,Presente,mid,Médio,#FFCD00,4151,Santana dos Garrotes/PB,0.42
Recursos hídricos,37,Programa cisternas: água para consumo,2020,,Presente,mid,Médio,#FFCD00,4162,São João do Tigre/PB,0.42
Recursos hídricos,37,Programa cisternas: água para consumo,2020,,Presente,mid,Médio,#FFCD00,4356,São José do Egito/PE,0.42
Recursos hídricos,37,Programa cisternas: água para consumo,2020,,Presente,mid,Médio,#FFCD00,4178,São Vicente do Seridó/PB,0.42
Recursos hídricos,37,Programa cisternas: água para consumo,2020,,Presente,mid,Médio,#FFCD00,4837,Serrolândia/BA,0.42
Recursos hídricos,37,Programa cisternas: água para consumo,2020,,Presente,mid,Médio,#FFCD00,4372,Terra Nova/PE,0.42
Recursos hídricos,37,Programa cisternas: água para consumo,2020,,Presente,mid,Médio,#FFCD00,4222,Bezerros/PE,0.41
Recursos hídricos,37,Programa cisternas: água para consumo,2020,,Presente,mid,Médio,#FFCD00,4009,Boa Vista/PB,0.41
Recursos hídricos,37,Programa cisternas: água para consumo,2020,,Presente,mid,Médio,#FFCD00,3830,Bom Jesus/RN,0.41
Recursos hídricos,37,Programa cisternas: água para consumo,2020,,Presente,mid,Médio,#FFCD00,4021,Cachoeira dos Índios/PB,0.41
Recursos hídricos,37,Programa cisternas: água para consumo,2020,,Presente,mid,Médio,#FFCD00,4029,Camalaú/PB,0.41
Recursos hídricos,37,Programa cisternas: água para consumo,2020,,Presente,mid,Médio,#FFCD00,4407,Coité do Nóia/AL,0.41
Recursos hídricos,37,Programa cisternas: água para consumo,2020,,Presente,mid,Médio,#FFCD00,3466,Conceição do Canindé/PI,0.41
Recursos hídricos,37,Programa cisternas: água para consumo,2020,,Presente,mid,Médio,#FFCD00,3483,Fartura do Piauí/PI,0.41
Recursos hídricos,37,Programa cisternas: água para consumo,2020,,Presente,mid,Médio,#FFCD00,3692,Granjeiro/CE,0.41
Recursos hídricos,37,Programa cisternas: água para consumo,2020,,Presente,mid,Médio,#FFCD00,4676,Ibitiara/BA,0.41
Recursos hídricos,37,Programa cisternas: água para consumo,2020,,Presente,mid,Médio,#FFCD00,3707,Ipaumirim/CE,0.41
Recursos hídricos,37,Programa cisternas: água para consumo,2020,,Presente,mid,Médio,#FFCD00,3872,Jardim de Angicos/RN,0.41
Recursos hídricos,37,Programa cisternas: água para consumo,2020,,Presente,mid,Médio,#FFCD00,4443,Minador do Negrão/AL,0.41
Recursos hídricos,37,Programa cisternas: água para consumo,2020,,Presente,mid,Médio,#FFCD00,1250,Monte Formoso/MG,0.41
Recursos hídricos,37,Programa cisternas: água para consumo,2020,,Presente,mid,Médio,#FFCD00,736,Poções/BA,0.41
Recursos hídricos,37,Programa cisternas: água para consumo,2020,,Presente,mid,Médio,#FFCD00,3943,São João do Sabugi/RN,0.41
Recursos hídricos,37,Programa cisternas: água para consumo,2020,,Presente,mid,Médio,#FFCD00,3975,Venha-Ver/RN,0.41
Recursos hídricos,37,Programa cisternas: água para consumo,2020,,Presente,mid,Médio,#FFCD00,4210,Altinho/PE,0.4
Recursos hídricos,37,Programa cisternas: água para consumo,2020,,Presente,mid,Médio,#FFCD00,892,Capitão Enéas/MG,0.4
Recursos hídricos,37,Programa cisternas: água para consumo,2020,,Presente,mid,Médio,#FFCD00,4255,Cumaru/PE,0.4
Recursos hídricos,37,Programa cisternas: água para consumo,2020,,Presente,mid,Médio,#FFCD00,4707,Jaguarari/BA,0.4
Recursos hídricos,37,Programa cisternas: água para consumo,2020,,Presente,mid,Médio,#FFCD00,4119,Piancó/PB,0.4
Recursos hídricos,37,Programa cisternas: água para consumo,2020,,Presente,mid,Médio,#FFCD00,3778,Quixeramobim/CE,0.4
Recursos hídricos,37,Programa cisternas: água para consumo,2020,,Presente,mid,Médio,#FFCD00,3930,Riachuelo/RN,0.4
Recursos hídricos,37,Programa cisternas: água para consumo,2020,,Presente,mid,Médio,#FFCD00,3945,São José do Campestre/RN,0.4
Recursos hídricos,37,Programa cisternas: água para consumo,2020,,Presente,mid,Médio,#FFCD00,3947,São Miguel/RN,0.4
Recursos hídricos,37,Programa cisternas: água para consumo,2020,,Presente,mid,Médio,#FFCD00,4834,Serra Dourada/BA,0.4
Recursos hídricos,37,Programa cisternas: água para consumo,2020,,Presente,mid,Médio,#FFCD00,4368,Tacaratu/PE,0.4
Recursos hídricos,37,Programa cisternas: água para consumo,2020,,Presente,mid,Médio,#FFCD00,3806,Umirim/CE,0.4
Recursos hídricos,37,Programa cisternas: água para consumo,2020,,Presente,mid,Médio,#FFCD00,4858,Utinga/BA,0.4
Recursos hídricos,37,Programa cisternas: água para consumo,2020,,Presente,high,Alto,#A9DE00,4746,Mulungu do Morro/BA,0.79
Recursos hídricos,37,Programa cisternas: água para consumo,2020,,Presente,high,Alto,#A9DE00,4464,Poço das Trincheiras/AL,0.79
Recursos hídricos,37,Programa cisternas: água para consumo,2020,,Presente,high,Alto,#A9DE00,3765,Penaforte/CE,0.78
Recursos hídricos,37,Programa cisternas: água para consumo,2020,,Presente,high,Alto,#A9DE00,3828,Bento Fernandes/RN,0.77
Recursos hídricos,37,Programa cisternas: água para consumo,2020,,Presente,high,Alto,#A9DE00,923,Catuti/MG,0.76
Recursos hídricos,37,Programa cisternas: água para consumo,2020,,Presente,high,Alto,#A9DE00,3784,Salitre/CE,0.76
Recursos hídricos,37,Programa cisternas: água para consumo,2020,,Presente,high,Alto,#A9DE00,4376,Trindade/PE,0.76
Recursos hídricos,37,Programa cisternas: água para consumo,2020,,Presente,high,Alto,#A9DE00,4012,Bonito de Santa Fé/PB,0.75
Recursos hídricos,37,Programa cisternas: água para consumo,2020,,Presente,high,Alto,#A9DE00,3852,Felipe Guerra/RN,0.75
Recursos hídricos,37,Programa cisternas: água para consumo,2020,,Presente,high,Alto,#A9DE00,4989,Feira da Mata/BA,0.74
Recursos hídricos,37,Programa cisternas: água para consumo,2020,,Presente,high,Alto,#A9DE00,3699,Ibaretama/CE,0.74
Recursos hídricos,37,Programa cisternas: água para consumo,2020,,Presente,high,Alto,#A9DE00,3718,Itatira/CE,0.74
Recursos hídricos,37,Programa cisternas: água para consumo,2020,,Presente,high,Alto,#A9DE00,3503,Jacobina do Piauí/PI,0.74
Recursos hídricos,37,Programa cisternas: água para consumo,2020,,Presente,high,Alto,#A9DE00,4098,Maturéia/PB,0.74
Recursos hídricos,37,Programa cisternas: água para consumo,2020,,Presente,high,Alto,#A9DE00,4108,Nova Palmeira/PB,0.74
Recursos hídricos,37,Programa cisternas: água para consumo,2020,,Presente,high,Alto,#A9DE00,3764,Pedra Branca/CE,0.74
Recursos hídricos,37,Programa cisternas: água para consumo,2020,,Presente,high,Alto,#A9DE00,4052,Desterro/PB,0.73
Recursos hídricos,37,Programa cisternas: água para consumo,2020,,Presente,high,Alto,#A9DE00,4161,São João do Cariri/PB,0.73
Recursos hídricos,37,Programa cisternas: água para consumo,2020,,Presente,high,Alto,#A9DE00,4190,Sumé/PB,0.72
Recursos hídricos,37,Programa cisternas: água para consumo,2020,,Presente,high,Alto,#A9DE00,4084,Livramento/PB,0.71
Recursos hídricos,37,Programa cisternas: água para consumo,2020,,Presente,high,Alto,#A9DE00,3558,Paulistana/PI,0.71
Recursos hídricos,37,Programa cisternas: água para consumo,2020,,Presente,high,Alto,#A9DE00,4403,Canapi/AL,0.7
Recursos hídricos,37,Programa cisternas: água para consumo,2020,,Presente,high,Alto,#A9DE00,4277,Iguaracy/PE,0.7
Recursos hídricos,37,Programa cisternas: água para consumo,2020,,Presente,high,Alto,#A9DE00,3931,Rodolfo Fernandes/RN,0.7
Recursos hídricos,37,Programa cisternas: água para consumo,2020,,Presente,high,Alto,#A9DE00,4170,São José do Brejo do Cruz/PB,0.7
Recursos hídricos,37,Programa cisternas: água para consumo,2020,,Presente,high,Alto,#A9DE00,3951,São Rafael/RN,0.7
Recursos hídricos,37,Programa cisternas: água para consumo,2020,,Presente,high,Alto,#A9DE00,4482,Senador Rui Palmeira/AL,0.7
Recursos hídricos,37,Programa cisternas: água para consumo,2020,,Presente,high,Alto,#A9DE00,3966,Tenente Ananias/RN,0.7
Recursos hídricos,37,Programa cisternas: água para consumo,2020,,Presente,high,Alto,#A9DE00,3404,Acauã/PI,0.69
Recursos hídricos,37,Programa cisternas: água para consumo,2020,,Presente,high,Alto,#A9DE00,4203,Afogados da Ingazeira/PE,0.69
Recursos hídricos,37,Programa cisternas: água para consumo,2020,,Presente,high,Alto,#A9DE00,4027,Cajazeirinhas/PB,0.69
Recursos hídricos,37,Programa cisternas: água para consumo,2020,,Presente,high,Alto,#A9DE00,3471,Curimatá/PI,0.69
Recursos hídricos,37,Programa cisternas: água para consumo,2020,,Presente,high,Alto,#A9DE00,4057,Emas/PB,0.69
Recursos hídricos,37,Programa cisternas: água para consumo,2020,,Presente,high,Alto,#A9DE00,3885,Lajes/RN,0.69
Recursos hídricos,37,Programa cisternas: água para consumo,2020,,Presente,high,Alto,#A9DE00,4100,Montadas/PB,0.69
Recursos hídricos,37,Programa cisternas: água para consumo,2020,,Presente,high,Alto,#A9DE00,3544,Novo Santo Antônio/PI,0.69
Recursos hídricos,37,Programa cisternas: água para consumo,2020,,Presente,high,Alto,#A9DE00,4134,Quixaba/PB,0.69
Recursos hídricos,37,Programa cisternas: água para consumo,2020,,Presente,high,Alto,#A9DE00,4171,São José do Sabugi/PB,0.69
Recursos hídricos,37,Programa cisternas: água para consumo,2020,,Presente,high,Alto,#A9DE00,3824,Campo Grande/RN,0.68
Recursos hídricos,37,Programa cisternas: água para consumo,2020,,Presente,high,Alto,#A9DE00,4083,Lastro/PB,0.68
Recursos hídricos,37,Programa cisternas: água para consumo,2020,,Presente,high,Alto,#A9DE00,5001,Malhada de Pedras/BA,0.68
Recursos hídricos,37,Programa cisternas: água para consumo,2020,,Presente,high,Alto,#A9DE00,4528,Monte Alegre de Sergipe/SE,0.68
Recursos hídricos,37,Programa cisternas: água para consumo,2020,,Presente,high,Alto,#A9DE00,3923,Porto do Mangue/RN,0.68
Recursos hídricos,37,Programa cisternas: água para consumo,2020,,Presente,high,Alto,#A9DE00,3913,Santa Maria/RN,0.68
Recursos hídricos,37,Programa cisternas: água para consumo,2020,,Presente,high,Alto,#A9DE00,3797,Tamboril/CE,0.68
Recursos hídricos,37,Programa cisternas: água para consumo,2020,,Presente,high,Alto,#A9DE00,3674,Choró/CE,0.67
Recursos hídricos,37,Programa cisternas: água para consumo,2020,,Presente,high,Alto,#A9DE00,4279,Ingazeira/PE,0.67
Recursos hídricos,37,Programa cisternas: água para consumo,2020,,Presente,high,Alto,#A9DE00,1297,Pai Pedro/MG,0.67
Recursos hídricos,37,Programa cisternas: água para consumo,2020,,Presente,high,Alto,#A9DE00,4129,Pombal/PB,0.67
Recursos hídricos,37,Programa cisternas: água para consumo,2020,,Presente,high,Alto,#A9DE00,3926,Rafael Fernandes/RN,0.67
Recursos hídricos,37,Programa cisternas: água para consumo,2020,,Presente,high,Alto,#A9DE00,4165,São José de Espinharas/PB,0.67
Recursos hídricos,37,Programa cisternas: água para consumo,2020,,Presente,high,Alto,#A9DE00,3645,Arneiroz/CE,0.66
Recursos hídricos,37,Programa cisternas: água para consumo,2020,,Presente,high,Alto,#A9DE00,3752,Ocara/CE,0.66
Recursos hídricos,37,Programa cisternas: água para consumo,2020,,Presente,high,Alto,#A9DE00,4688,Iramaia/BA,0.65
Recursos hídricos,37,Programa cisternas: água para consumo,2020,,Presente,high,Alto,#A9DE00,3571,Queimada Nova/PI,0.65
Recursos hídricos,37,Programa cisternas: água para consumo,2020,,Presente,high,Alto,#A9DE00,4359,Serra Talhada/PE,0.65
Recursos hídricos,37,Programa cisternas: água para consumo,2020,,Presente,high,Alto,#A9DE00,3644,Aratuba/CE,0.64
Recursos hídricos,37,Programa cisternas: água para consumo,2020,,Presente,high,Alto,#A9DE00,3829,Bodó/RN,0.64
Recursos hídricos,37,Programa cisternas: água para consumo,2020,,Presente,high,Alto,#A9DE00,3476,Dirceu Arcoverde/PI,0.64
Recursos hídricos,37,Programa cisternas: água para consumo,2020,,Presente,high,Alto,#A9DE00,3693,Groaíras/CE,0.64
Recursos hídricos,37,Programa cisternas: água para consumo,2020,,Presente,high,Alto,#A9DE00,3739,Milhã/CE,0.64
Recursos hídricos,37,Programa cisternas: água para consumo,2020,,Presente,high,Alto,#A9DE00,3751,Novo Oriente/CE,0.64
Recursos hídricos,37,Programa cisternas: água para consumo,2020,,Presente,high,Alto,#A9DE00,4345,Santa Filomena/PE,0.64
Recursos hídricos,37,Programa cisternas: água para consumo,2020,,Presente,high,Alto,#A9DE00,4163,São José da Lagoa Tapada/PB,0.64
Recursos hídricos,37,Programa cisternas: água para consumo,2020,,Presente,high,Alto,#A9DE00,3948,São Miguel do Gostoso/RN,0.64
Recursos hídricos,37,Programa cisternas: água para consumo,2020,,Presente,high,Alto,#A9DE00,3614,Simplício Mendes/PI,0.64
Recursos hídricos,37,Programa cisternas: água para consumo,2020,,Presente,high,Alto,#A9DE00,4843,Tabocas do Brejo Velho/BA,0.64
Recursos hídricos,37,Programa cisternas: água para consumo,2020,,Presente,high,Alto,#A9DE00,4367,Tacaimbó/PE,0.64
Recursos hídricos,37,Programa cisternas: água para consumo,2020,,Presente,high,Alto,#A9DE00,4380,Venturosa/PE,0.64
Recursos hídricos,37,Programa cisternas: água para consumo,2020,,Presente,high,Alto,#A9DE00,4612,Cafarnaum/BA,0.63
Recursos hídricos,37,Programa cisternas: água para consumo,2020,,Presente,high,Alto,#A9DE00,4405,Carneiros/AL,0.63
Recursos hídricos,37,Programa cisternas: água para consumo,2020,,Presente,high,Alto,#A9DE00,3675,Chorozinho/CE,0.63
Recursos hídricos,37,Programa cisternas: água para consumo,2020,,Presente,high,Alto,#A9DE00,4066,Imaculada/PB,0.63
Recursos hídricos,37,Programa cisternas: água para consumo,2020,,Presente,high,Alto,#A9DE00,4110,Olivedos/PB,0.63
Recursos hídricos,37,Programa cisternas: água para consumo,2020,,Presente,high,Alto,#A9DE00,3773,Potengi/CE,0.63
Recursos hídricos,37,Programa cisternas: água para consumo,2020,,Presente,high,Alto,#A9DE00,3637,Antonina do Norte/CE,0.62
Recursos hídricos,37,Programa cisternas: água para consumo,2020,,Presente,high,Alto,#A9DE00,4025,Caiçara/PB,0.62
Recursos hídricos,37,Programa cisternas: água para consumo,2020,,Presente,high,Alto,#A9DE00,4039,Condado/PB,0.62
Recursos hídricos,37,Programa cisternas: água para consumo,2020,,Presente,high,Alto,#A9DE00,4076,Juazeirinho/PB,0.62
Recursos hídricos,37,Programa cisternas: água para consumo,2020,,Presente,high,Alto,#A9DE00,3514,Jurema/PI,0.62
Recursos hídricos,37,Programa cisternas: água para consumo,2020,,Presente,high,Alto,#A9DE00,3517,Lagoa do Barro do Piauí/PI,0.62
Recursos hídricos,37,Programa cisternas: água para consumo,2020,,Presente,high,Alto,#A9DE00,3952,São Tomé/RN,0.62
Recursos hídricos,37,Programa cisternas: água para consumo,2020,,Presente,high,Alto,#A9DE00,3623,Várzea Branca/PI,0.62
Recursos hídricos,37,Programa cisternas: água para consumo,2020,,Presente,high,Alto,#A9DE00,3980,Aguiar/PB,0.61
Recursos hídricos,37,Programa cisternas: água para consumo,2020,,Presente,high,Alto,#A9DE00,3641,Aracoiaba/CE,0.61
Recursos hídricos,37,Programa cisternas: água para consumo,2020,,Presente,high,Alto,#A9DE00,4022,Cacimba de Areia/PB,0.61
Recursos hídricos,37,Programa cisternas: água para consumo,2020,,Presente,high,Alto,#A9DE00,1227,Mato Verde/MG,0.61
Recursos hídricos,37,Programa cisternas: água para consumo,2020,,Presente,high,Alto,#A9DE00,3907,Parazinho/RN,0.61
Recursos hídricos,37,Programa cisternas: água para consumo,2020,,Presente,high,Alto,#A9DE00,4114,Patos/PB,0.61
Recursos hídricos,37,Programa cisternas: água para consumo,2020,,Presente,high,Alto,#A9DE00,4169,São José do Bonfim/PB,0.61
Recursos hídricos,37,Programa cisternas: água para consumo,2020,,Presente,high,Alto,#A9DE00,3814,Afonso Bezerra/RN,0.6
Recursos hídricos,37,Programa cisternas: água para consumo,2020,,Presente,high,Alto,#A9DE00,3819,Angicos/RN,0.6
Recursos hídricos,37,Programa cisternas: água para consumo,2020,,Presente,high,Alto,#A9DE00,3642,Ararendá/CE,0.6
Recursos hídricos,37,Programa cisternas: água para consumo,2020,,Presente,high,Alto,#A9DE00,3651,Barreira/CE,0.6
Recursos hídricos,37,Programa cisternas: água para consumo,2020,,Presente,high,Alto,#A9DE00,4271,Granito/PE,0.6
Recursos hídricos,37,Programa cisternas: água para consumo,2020,,Presente,high,Alto,#A9DE00,4117,Pedra Lavrada/PB,0.6
Recursos hídricos,37,Programa cisternas: água para consumo,2020,,Presente,high,Alto,#A9DE00,4160,São Francisco/PB,0.6
Recursos hídricos,37,Programa cisternas: água para consumo,2020,,Presente,high,Alto,#A9DE00,4172,São José dos Cordeiros/PB,0.6
Recursos hídricos,37,Programa cisternas: água para consumo,2020,,Presente,veryhigh,Muito alto,#02C650,3994,Areia de Baraúnas/PB,1.0
Recursos hídricos,37,Programa cisternas: água para consumo,2020,,Presente,veryhigh,Muito alto,#02C650,3428,Belém do Piauí/PI,1.0
Recursos hídricos,37,Programa cisternas: água para consumo,2020,,Presente,veryhigh,Muito alto,#02C650,3832,Caiçara do Norte/RN,1.0
Recursos hídricos,37,Programa cisternas: água para consumo,2020,,Presente,veryhigh,Muito alto,#02C650,3689,General Sampaio/CE,1.0
Recursos hídricos,37,Programa cisternas: água para consumo,2020,,Presente,veryhigh,Muito alto,#02C650,3864,Ipueira/RN,1.0
Recursos hídricos,37,Programa cisternas: água para consumo,2020,,Presente,veryhigh,Muito alto,#02C650,3869,Janduís/RN,1.0
Recursos hídricos,37,Programa cisternas: água para consumo,2020,,Presente,veryhigh,Muito alto,#02C650,3871,Japi/RN,1.0
Recursos hídricos,37,Programa cisternas: água para consumo,2020,,Presente,veryhigh,Muito alto,#02C650,3882,Lagoa de Velhos/RN,1.0
Recursos hídricos,37,Programa cisternas: água para consumo,2020,,Presente,veryhigh,Muito alto,#02C650,3895,Messias Targino/RN,1.0
Recursos hídricos,37,Programa cisternas: água para consumo,2020,,Presente,veryhigh,Muito alto,#02C650,3536,Morro Cabeça no Tempo/PI,1.0
Recursos hídricos,37,Programa cisternas: água para consumo,2020,,Presente,veryhigh,Muito alto,#02C650,4112,Parari/PB,1.0
Recursos hídricos,37,Programa cisternas: água para consumo,2020,,Presente,veryhigh,Muito alto,#02C650,3906,Paraú/RN,1.0
Recursos hídricos,37,Programa cisternas: água para consumo,2020,,Presente,veryhigh,Muito alto,#02C650,3927,Rafael Godeiro/RN,1.0
Recursos hídricos,37,Programa cisternas: água para consumo,2020,,Presente,veryhigh,Muito alto,#02C650,3971,Triunfo Potiguar/RN,1.0
Recursos hídricos,37,Programa cisternas: água para consumo,2020,,Presente,veryhigh,Muito alto,#02C650,4201,Zabelê/PB,1.0
Recursos hídricos,37,Programa cisternas: água para consumo,2020,,Presente,veryhigh,Muito alto,#02C650,3774,Potiretama/CE,0.98
Recursos hídricos,37,Programa cisternas: água para consumo,2020,,Presente,veryhigh,Muito alto,#02C650,4199,Várzea/PB,0.98
Recursos hídricos,37,Programa cisternas: água para consumo,2020,,Presente,veryhigh,Muito alto,#02C650,3853,Fernando Pedroza/RN,0.97
Recursos hídricos,37,Programa cisternas: água para consumo,2020,,Presente,veryhigh,Muito alto,#02C650,4064,Gurjão/PB,0.96
Recursos hídricos,37,Programa cisternas: água para consumo,2020,,Presente,veryhigh,Muito alto,#02C650,4140,Riacho de Santo Antônio/PB,0.95
Recursos hídricos,37,Programa cisternas: água para consumo,2020,,Presente,veryhigh,Muito alto,#02C650,4451,Ouro Branco/AL,0.94
Recursos hídricos,37,Programa cisternas: água para consumo,2020,,Presente,veryhigh,Muito alto,#02C650,3972,Umarizal/RN,0.93
Recursos hídricos,37,Programa cisternas: água para consumo,2020,,Presente,veryhigh,Muito alto,#02C650,3660,Campos Sales/CE,0.92
Recursos hídricos,37,Programa cisternas: água para consumo,2020,,Presente,veryhigh,Muito alto,#02C650,3446,Campinas do Piauí/PI,0.9
Recursos hídricos,37,Programa cisternas: água para consumo,2020,,Presente,veryhigh,Muito alto,#02C650,4077,Junco do Seridó/PB,0.89
Recursos hídricos,37,Programa cisternas: água para consumo,2020,,Presente,veryhigh,Muito alto,#02C650,3849,Equador/RN,0.88
Recursos hídricos,37,Programa cisternas: água para consumo,2020,,Presente,veryhigh,Muito alto,#02C650,4398,Cacimbinhas/AL,0.87
Recursos hídricos,37,Programa cisternas: água para consumo,2020,,Presente,veryhigh,Muito alto,#02C650,3670,Catunda/CE,0.87
Recursos hídricos,37,Programa cisternas: água para consumo,2020,,Presente,veryhigh,Muito alto,#02C650,4436,Maravilha/AL,0.87
Recursos hídricos,37,Programa cisternas: água para consumo,2020,,Presente,veryhigh,Muito alto,#02C650,3912,Patu/RN,0.87
Recursos hídricos,37,Programa cisternas: água para consumo,2020,,Presente,veryhigh,Muito alto,#02C650,4053,Vista Serrana/PB,0.87
Recursos hídricos,37,Programa cisternas: água para consumo,2020,,Presente,veryhigh,Muito alto,#02C650,3988,Amparo/PB,0.86
Recursos hídricos,37,Programa cisternas: água para consumo,2020,,Presente,veryhigh,Muito alto,#02C650,3431,Betânia do Piauí/PI,0.86
Recursos hídricos,37,Programa cisternas: água para consumo,2020,,Presente,veryhigh,Muito alto,#02C650,3941,São Francisco do Oeste/RN,0.86
Recursos hídricos,37,Programa cisternas: água para consumo,2020,,Presente,veryhigh,Muito alto,#02C650,3817,Almino Afonso/RN,0.85
Recursos hídricos,37,Programa cisternas: água para consumo,2020,,Presente,veryhigh,Muito alto,#02C650,3866,Itaú/RN,0.85
Recursos hídricos,37,Programa cisternas: água para consumo,2020,,Presente,veryhigh,Muito alto,#02C650,4363,Moreilândia/PE,0.85
Recursos hídricos,37,Programa cisternas: água para consumo,2020,,Presente,veryhigh,Muito alto,#02C650,3997,Assunção/PB,0.84
Recursos hídricos,37,Programa cisternas: água para consumo,2020,,Presente,veryhigh,Muito alto,#02C650,3454,Capitão Gervásio Oliveira/PI,0.84
Recursos hídricos,37,Programa cisternas: água para consumo,2020,,Presente,veryhigh,Muito alto,#02C650,3936,Santana do Seridó/RN,0.84
Recursos hídricos,37,Programa cisternas: água para consumo,2020,,Presente,veryhigh,Muito alto,#02C650,4045,Cubati/PB,0.83
Recursos hídricos,37,Programa cisternas: água para consumo,2020,,Presente,veryhigh,Muito alto,#02C650,3916,Pedra Preta/RN,0.83
Recursos hídricos,37,Programa cisternas: água para consumo,2020,,Presente,veryhigh,Muito alto,#02C650,4155,Santo André/PB,0.83
Recursos hídricos,37,Programa cisternas: água para consumo,2020,,Presente,veryhigh,Muito alto,#02C650,3938,São Bento do Norte/RN,0.83
Recursos hídricos,37,Programa cisternas: água para consumo,2020,,Presente,veryhigh,Muito alto,#02C650,4686,Ipupiara/BA,0.82
Recursos hídricos,37,Programa cisternas: água para consumo,2020,,Presente,veryhigh,Muito alto,#02C650,4413,Dois Riachos/AL,0.81
Recursos hídricos,37,Programa cisternas: água para consumo,2020,,Presente,veryhigh,Muito alto,#02C650,4149,Santa Luzia/PB,0.81
Recursos hídricos,37,Programa cisternas: água para consumo,2020,,Presente,veryhigh,Muito alto,#02C650,3786,Santana do Cariri/CE,0.81
Recursos hídricos,37,Programa cisternas: água para consumo,2020,,Presente,veryhigh,Muito alto,#02C650,3420,Avelino Lopes/PI,0.8
Recursos hídricos,37,Programa cisternas: água para consumo,2020,,Presente,veryhigh,Muito alto,#02C650,4120,Picuí/PB,0.8
Recursos hídricos,37,Programa cisternas: água para consumo,2020,,Presente,veryhigh,Muito alto,#02C650,4818,São Félix do Coribe/BA,0.8
Recursos hídricos,37,Programa cisternas: água para consumo,2020,,Presente,veryhigh,Muito alto,#02C650,4379,Tuparetama/PE,0.8
Recursos hídricos,37,Programa cisternas: água para consumo,2020,,Presente,None,Dado indisponível,#DCDCDC,2644,Abadia de Goiás/GO,
Recursos hídricos,37,Programa cisternas: água para consumo,2020,,Presente,None,Dado indisponível,#DCDCDC,754,Abadia dos Dourados/MG,
Recursos hídricos,37,Programa cisternas: água para consumo,2020,,Presente,None,Dado indisponível,#DCDCDC,2645,Abadiânia/GO,
Recursos hídricos,37,Programa cisternas: água para consumo,2020,,Presente,None,Dado indisponível,#DCDCDC,755,Abaeté/MG,
Recursos hídricos,37,Programa cisternas: água para consumo,2020,,Presente,None,Dado indisponível,#DCDCDC,5310,Abatiá/PR,
Recursos hídricos,37,Programa cisternas: água para consumo,2020,,Presente,None,Dado indisponível,#DCDCDC,2379,Abdon Batista/SC,
Recursos hídricos,37,Programa cisternas: água para consumo,2020,,Presente,None,Dado indisponível,#DCDCDC,27,Abelardo Luz/SC,
Recursos hídricos,37,Programa cisternas: água para consumo,2020,,Presente,None,Dado indisponível,#DCDCDC,2939,Abel Figueiredo/PA,
Recursos hídricos,37,Programa cisternas: água para consumo,2020,,Presente,None,Dado indisponível,#DCDCDC,756,Abre Campo/MG,
Recursos hídricos,37,Programa cisternas: água para consumo,2020,,Presente,None,Dado indisponível,#DCDCDC,4202,Abreu e Lima/PE,
Recursos hídricos,37,Programa cisternas: água para consumo,2020,,Presente,None,Dado indisponível,#DCDCDC,3048,Abreulândia/TO,
Recursos hídricos,37,Programa cisternas: água para consumo,2020,,Presente,None,Dado indisponível,#DCDCDC,757,Acaiaca/MG,
Recursos hídricos,37,Programa cisternas: água para consumo,2020,,Presente,None,Dado indisponível,#DCDCDC,3187,Açailândia/MA,
Recursos hídricos,37,Programa cisternas: água para consumo,2020,,Presente,None,Dado indisponível,#DCDCDC,4566,Acajutiba/BA,
Recursos hídricos,37,Programa cisternas: água para consumo,2020,,Presente,None,Dado indisponível,#DCDCDC,598,Acorizal/MT,
Recursos hídricos,37,Programa cisternas: água para consumo,2020,,Presente,None,Dado indisponível,#DCDCDC,2821,Acrelândia/AC,
Recursos hídricos,37,Programa cisternas: água para consumo,2020,,Presente,None,Dado indisponível,#DCDCDC,2646,Acreúna/GO,
Recursos hídricos,37,Programa cisternas: água para consumo,2020,,Presente,None,Dado indisponível,#DCDCDC,1776,Adamantina/SP,
Recursos hídricos,37,Programa cisternas: água para consumo,2020,,Presente,None,Dado indisponível,#DCDCDC,2647,Adelândia/GO,
Recursos hídricos,37,Programa cisternas: água para consumo,2020,,Presente,None,Dado indisponível,#DCDCDC,1777,Adolfo/SP,
Recursos hídricos,37,Programa cisternas: água para consumo,2020,,Presente,None,Dado indisponível,#DCDCDC,5311,Adrianópolis/PR,
Recursos hídricos,37,Programa cisternas: água para consumo,2020,,Presente,None,Dado indisponível,#DCDCDC,1606,Afonso Cláudio/ES,
Recursos hídricos,37,Programa cisternas: água para consumo,2020,,Presente,None,Dado indisponível,#DCDCDC,3188,Afonso Cunha/MA,
Recursos hídricos,37,Programa cisternas: água para consumo,2020,,Presente,None,Dado indisponível,#DCDCDC,5029,Afuá/PA,
Recursos hídricos,37,Programa cisternas: água para consumo,2020,,Presente,None,Dado indisponível,#DCDCDC,2380,Agrolândia/SC,
Recursos hídricos,37,Programa cisternas: água para consumo,2020,,Presente,None,Dado indisponível,#DCDCDC,2381,Agronômica/SC,
Recursos hídricos,37,Programa cisternas: água para consumo,2020,,Presente,None,Dado indisponível,#DCDCDC,2941,Água Azul do Norte/PA,
Recursos hídricos,37,Programa cisternas: água para consumo,2020,,Presente,None,Dado indisponível,#DCDCDC,4948,Água Boa/MT,
Recursos hídricos,37,Programa cisternas: água para consumo,2020,,Presente,None,Dado indisponível,#DCDCDC,522,Água Clara/MS,
Recursos hídricos,37,Programa cisternas: água para consumo,2020,,Presente,None,Dado indisponível,#DCDCDC,760,Água Comprida/MG,
Recursos hídricos,37,Programa cisternas: água para consumo,2020,,Presente,None,Dado indisponível,#DCDCDC,1608,Água Doce do Norte/ES,
Recursos hídricos,37,Programa cisternas: água para consumo,2020,,Presente,None,Dado indisponível,#DCDCDC,4911,Água Doce/SC,
Recursos hídricos,37,Programa cisternas: água para consumo,2020,,Presente,None,Dado indisponível,#DCDCDC,2648,Água Fria de Goiás/GO,
Recursos hídricos,37,Programa cisternas: água para consumo,2020,,Presente,None,Dado indisponível,#DCDCDC,1778,Aguaí/SP,
Recursos hídricos,37,Programa cisternas: água para consumo,2020,,Presente,None,Dado indisponível,#DCDCDC,2649,Água Limpa/GO,
Recursos hídricos,37,Programa cisternas: água para consumo,2020,,Presente,None,Dado indisponível,#DCDCDC,761,Aguanil/MG,
Recursos hídricos,37,Programa cisternas: água para consumo,2020,,Presente,None,Dado indisponível,#DCDCDC,4206,Água Preta/PE,
Recursos hídricos,37,Programa cisternas: água para consumo,2020,,Presente,None,Dado indisponível,#DCDCDC,129,Água Santa/RS,
Recursos hídricos,37,Programa cisternas: água para consumo,2020,,Presente,None,Dado indisponível,#DCDCDC,1779,Águas da Prata/SP,
Recursos hídricos,37,Programa cisternas: água para consumo,2020,,Presente,None,Dado indisponível,#DCDCDC,28,Águas de Chapecó/SC,
Recursos hídricos,37,Programa cisternas: água para consumo,2020,,Presente,None,Dado indisponível,#DCDCDC,1780,Águas de Lindóia/SP,
Recursos hídricos,37,Programa cisternas: água para consumo,2020,,Presente,None,Dado indisponível,#DCDCDC,1781,Águas de Santa Bárbara/SP,
Recursos hídricos,37,Programa cisternas: água para consumo,2020,,Presente,None,Dado indisponível,#DCDCDC,1782,Águas de São Pedro/SP,
Recursos hídricos,37,Programa cisternas: água para consumo,2020,,Presente,None,Dado indisponível,#DCDCDC,29,Águas Frias/SC,
Recursos hídricos,37,Programa cisternas: água para consumo,2020,,Presente,None,Dado indisponível,#DCDCDC,2650,Águas Lindas de Goiás/GO,
Recursos hídricos,37,Programa cisternas: água para consumo,2020,,Presente,None,Dado indisponível,#DCDCDC,2382,Águas Mornas/SC,
Recursos hídricos,37,Programa cisternas: água para consumo,2020,,Presente,None,Dado indisponível,#DCDCDC,130,Agudo/RS,
Recursos hídricos,37,Programa cisternas: água para consumo,2020,,Presente,None,Dado indisponível,#DCDCDC,5312,Agudos do Sul/PR,
Recursos hídricos,37,Programa cisternas: água para consumo,2020,,Presente,None,Dado indisponível,#DCDCDC,1783,Agudos/SP,
Recursos hídricos,37,Programa cisternas: água para consumo,2020,,Presente,None,Dado indisponível,#DCDCDC,3049,Aguiarnópolis/TO,
Recursos hídricos,37,Programa cisternas: água para consumo,2020,,Presente,None,Dado indisponível,#DCDCDC,4570,Aiquara/BA,
Recursos hídricos,37,Programa cisternas: água para consumo,2020,,Presente,None,Dado indisponível,#DCDCDC,765,Aiuruoca/MG,
Recursos hídricos,37,Programa cisternas: água para consumo,2020,,Presente,None,Dado indisponível,#DCDCDC,131,Ajuricaba/RS,
Recursos hídricos,37,Programa cisternas: água para consumo,2020,,Presente,None,Dado indisponível,#DCDCDC,766,Alagoa/MG,
Recursos hídricos,37,Programa cisternas: água para consumo,2020,,Presente,None,Dado indisponível,#DCDCDC,1784,Alambari/SP,
Recursos hídricos,37,Programa cisternas: água para consumo,2020,,Presente,None,Dado indisponível,#DCDCDC,767,Albertina/MG,
Recursos hídricos,37,Programa cisternas: água para consumo,2020,,Presente,None,Dado indisponível,#DCDCDC,3190,Alcântara/MA,
Recursos hídricos,37,Programa cisternas: água para consumo,2020,,Presente,None,Dado indisponível,#DCDCDC,523,Alcinópolis/MS,
Recursos hídricos,37,Programa cisternas: água para consumo,2020,,Presente,None,Dado indisponível,#DCDCDC,670,Alcobaça/BA,
Recursos hídricos,37,Programa cisternas: água para consumo,2020,,Presente,None,Dado indisponível,#DCDCDC,132,Alecrim/RS,
Recursos hídricos,37,Programa cisternas: água para consumo,2020,,Presente,None,Dado indisponível,#DCDCDC,1609,Alegre/ES,
Recursos hídricos,37,Programa cisternas: água para consumo,2020,,Presente,None,Dado indisponível,#DCDCDC,133,Alegrete/RS,
Recursos hídricos,37,Programa cisternas: água para consumo,2020,,Presente,None,Dado indisponível,#DCDCDC,134,Alegria/RS,
Recursos hídricos,37,Programa cisternas: água para consumo,2020,,Presente,None,Dado indisponível,#DCDCDC,768,Além Paraíba/MG,
Recursos hídricos,37,Programa cisternas: água para consumo,2020,,Presente,None,Dado indisponível,#DCDCDC,2858,Alenquer/PA,
Recursos hídricos,37,Programa cisternas: água para consumo,2020,,Presente,None,Dado indisponível,#DCDCDC,2651,Alexânia/GO,
Recursos hídricos,37,Programa cisternas: água para consumo,2020,,Presente,None,Dado indisponível,#DCDCDC,769,Alfenas/MG,
Recursos hídricos,37,Programa cisternas: água para consumo,2020,,Presente,None,Dado indisponível,#DCDCDC,1610,Alfredo Chaves/ES,
Recursos hídricos,37,Programa cisternas: água para consumo,2020,,Presente,None,Dado indisponível,#DCDCDC,4895,Alfredo Marcondes/SP,
Recursos hídricos,37,Programa cisternas: água para consumo,2020,,Presente,None,Dado indisponível,#DCDCDC,770,Alfredo Vasconcelos/MG,
Recursos hídricos,37,Programa cisternas: água para consumo,2020,,Presente,None,Dado indisponível,#DCDCDC,2383,Alfredo Wagner/SC,
Recursos hídricos,37,Programa cisternas: água para consumo,2020,,Presente,None,Dado indisponível,#DCDCDC,3986,Alhandra/PB,
Recursos hídricos,37,Programa cisternas: água para consumo,2020,,Presente,None,Dado indisponível,#DCDCDC,3050,Aliança do Tocantins/TO,
Recursos hídricos,37,Programa cisternas: água para consumo,2020,,Presente,None,Dado indisponível,#DCDCDC,671,Almadina/BA,
Recursos hídricos,37,Programa cisternas: água para consumo,2020,,Presente,None,Dado indisponível,#DCDCDC,3051,Almas/TO,
Recursos hídricos,37,Programa cisternas: água para consumo,2020,,Presente,None,Dado indisponível,#DCDCDC,2859,Almeirim/PA,
Recursos hídricos,37,Programa cisternas: água para consumo,2020,,Presente,None,Dado indisponível,#DCDCDC,135,Almirante Tamandaré do Sul/RS,
Recursos hídricos,37,Programa cisternas: água para consumo,2020,,Presente,None,Dado indisponível,#DCDCDC,5313,Almirante Tamandaré/PR,
Recursos hídricos,37,Programa cisternas: água para consumo,2020,,Presente,None,Dado indisponível,#DCDCDC,2652,Aloândia/GO,
Recursos hídricos,37,Programa cisternas: água para consumo,2020,,Presente,None,Dado indisponível,#DCDCDC,136,Alpestre/RS,
Recursos hídricos,37,Programa cisternas: água para consumo,2020,,Presente,None,Dado indisponível,#DCDCDC,773,Alpinópolis/MG,
Recursos hídricos,37,Programa cisternas: água para consumo,2020,,Presente,None,Dado indisponível,#DCDCDC,5521,Alta Floresta D'Oeste/RO,
Recursos hídricos,37,Programa cisternas: água para consumo,2020,,Presente,None,Dado indisponível,#DCDCDC,2888,Alta Floresta/MT,
Recursos hídricos,37,Programa cisternas: água para consumo,2020,,Presente,None,Dado indisponível,#DCDCDC,1785,Altair/SP,
Recursos hídricos,37,Programa cisternas: água para consumo,2020,,Presente,None,Dado indisponível,#DCDCDC,3192,Altamira do Maranhão/MA,
Recursos hídricos,37,Programa cisternas: água para consumo,2020,,Presente,None,Dado indisponível,#DCDCDC,5060,Altamira do Paraná/PR,
Recursos hídricos,37,Programa cisternas: água para consumo,2020,,Presente,None,Dado indisponível,#DCDCDC,2860,Altamira/PA,
Recursos hídricos,37,Programa cisternas: água para consumo,2020,,Presente,None,Dado indisponível,#DCDCDC,774,Alterosa/MG,
Recursos hídricos,37,Programa cisternas: água para consumo,2020,,Presente,None,Dado indisponível,#DCDCDC,1786,Altinópolis/SP,
Recursos hídricos,37,Programa cisternas: água para consumo,2020,,Presente,None,Dado indisponível,#DCDCDC,3193,Alto Alegre do Maranhão/MA,
Recursos hídricos,37,Programa cisternas: água para consumo,2020,,Presente,None,Dado indisponível,#DCDCDC,3194,Alto Alegre do Pindaré/MA,
Recursos hídricos,37,Programa cisternas: água para consumo,2020,,Presente,None,Dado indisponível,#DCDCDC,5546,Alto Alegre dos Parecis/RO,
Recursos hídricos,37,Programa cisternas: água para consumo,2020,,Presente,None,Dado indisponível,#DCDCDC,2844,Alto Alegre/RR,
Recursos hídricos,37,Programa cisternas: água para consumo,2020,,Presente,None,Dado indisponível,#DCDCDC,137,Alto Alegre/RS,
Recursos hídricos,37,Programa cisternas: água para consumo,2020,,Presente,None,Dado indisponível,#DCDCDC,1787,Alto Alegre/SP,
Recursos hídricos,37,Programa cisternas: água para consumo,2020,,Presente,None,Dado indisponível,#DCDCDC,599,Alto Araguaia/MT,
Recursos hídricos,37,Programa cisternas: água para consumo,2020,,Presente,None,Dado indisponível,#DCDCDC,30,Alto Bela Vista/SC,
Recursos hídricos,37,Programa cisternas: água para consumo,2020,,Presente,None,Dado indisponível,#DCDCDC,5049,Alto Boa Vista/MT,
Recursos hídricos,37,Programa cisternas: água para consumo,2020,,Presente,None,Dado indisponível,#DCDCDC,775,Alto Caparaó/MG,
Recursos hídricos,37,Programa cisternas: água para consumo,2020,,Presente,None,Dado indisponível,#DCDCDC,2564,Alto Feliz/RS,
Recursos hídricos,37,Programa cisternas: água para consumo,2020,,Presente,None,Dado indisponível,#DCDCDC,600,Alto Garças/MT,
Recursos hídricos,37,Programa cisternas: água para consumo,2020,,Presente,None,Dado indisponível,#DCDCDC,5010,Alto Horizonte/GO,
Recursos hídricos,37,Programa cisternas: água para consumo,2020,,Presente,None,Dado indisponível,#DCDCDC,1376,Alto Jequitibá/MG,
Recursos hídricos,37,Programa cisternas: água para consumo,2020,,Presente,None,Dado indisponível,#DCDCDC,5061,Altônia/PR,
Recursos hídricos,37,Programa cisternas: água para consumo,2020,,Presente,None,Dado indisponível,#DCDCDC,601,Alto Paraguai/MT,
Recursos hídricos,37,Programa cisternas: água para consumo,2020,,Presente,None,Dado indisponível,#DCDCDC,5011,Alto Paraíso de Goiás/GO,
Recursos hídricos,37,Programa cisternas: água para consumo,2020,,Presente,None,Dado indisponível,#DCDCDC,5306,Alto Paraíso/PR,
Recursos hídricos,37,Programa cisternas: água para consumo,2020,,Presente,None,Dado indisponível,#DCDCDC,5547,Alto Paraíso/RO,
Recursos hídricos,37,Programa cisternas: água para consumo,2020,,Presente,None,Dado indisponível,#DCDCDC,5062,Alto Paraná/PR,
Recursos hídricos,37,Programa cisternas: água para consumo,2020,,Presente,None,Dado indisponível,#DCDCDC,3195,Alto Parnaíba/MA,
Recursos hídricos,37,Programa cisternas: água para consumo,2020,,Presente,None,Dado indisponível,#DCDCDC,5063,Alto Piquiri/PR,
Recursos hídricos,37,Programa cisternas: água para consumo,2020,,Presente,None,Dado indisponível,#DCDCDC,776,Alto Rio Doce/MG,
Recursos hídricos,37,Programa cisternas: água para consumo,2020,,Presente,None,Dado indisponível,#DCDCDC,1611,Alto Rio Novo/ES,
Recursos hídricos,37,Programa cisternas: água para consumo,2020,,Presente,None,Dado indisponível,#DCDCDC,602,Alto Taquari/MT,
Recursos hídricos,37,Programa cisternas: água para consumo,2020,,Presente,None,Dado indisponível,#DCDCDC,1788,Alumínio/SP,
Recursos hídricos,37,Programa cisternas: água para consumo,2020,,Presente,None,Dado indisponível,#DCDCDC,5459,Alvarães/AM,
Recursos hídricos,37,Programa cisternas: água para consumo,2020,,Presente,None,Dado indisponível,#DCDCDC,1789,Álvares Florence/SP,
Recursos hídricos,37,Programa cisternas: água para consumo,2020,,Presente,None,Dado indisponível,#DCDCDC,4896,Álvares Machado/SP,
Recursos hídricos,37,Programa cisternas: água para consumo,2020,,Presente,None,Dado indisponível,#DCDCDC,1790,Álvaro de Carvalho/SP,
Recursos hídricos,37,Programa cisternas: água para consumo,2020,,Presente,None,Dado indisponível,#DCDCDC,1791,Alvinlândia/SP,
Recursos hídricos,37,Programa cisternas: água para consumo,2020,,Presente,None,Dado indisponível,#DCDCDC,778,Alvinópolis/MG,
Recursos hídricos,37,Programa cisternas: água para consumo,2020,,Presente,None,Dado indisponível,#DCDCDC,779,Alvorada de Minas/MG,
Recursos hídricos,37,Programa cisternas: água para consumo,2020,,Presente,None,Dado indisponível,#DCDCDC,5545,Alvorada D'Oeste/RO,
Recursos hídricos,37,Programa cisternas: água para consumo,2020,,Presente,None,Dado indisponível,#DCDCDC,2653,Alvorada do Norte/GO,
Recursos hídricos,37,Programa cisternas: água para consumo,2020,,Presente,None,Dado indisponível,#DCDCDC,5314,Alvorada do Sul/PR,
Recursos hídricos,37,Programa cisternas: água para consumo,2020,,Presente,None,Dado indisponível,#DCDCDC,2565,Alvorada/RS,
Recursos hídricos,37,Programa cisternas: água para consumo,2020,,Presente,None,Dado indisponível,#DCDCDC,3052,Alvorada/TO,
Recursos hídricos,37,Programa cisternas: água para consumo,2020,,Presente,None,Dado indisponível,#DCDCDC,2843,Amajari/RR,
Recursos hídricos,37,Programa cisternas: água para consumo,2020,,Presente,None,Dado indisponível,#DCDCDC,524,Amambai/MS,
Recursos hídricos,37,Programa cisternas: água para consumo,2020,,Presente,None,Dado indisponível,#DCDCDC,5039,Amapá/AP,
Recursos hídricos,37,Programa cisternas: água para consumo,2020,,Presente,None,Dado indisponível,#DCDCDC,3196,Amapá do Maranhão/MA,
Recursos hídricos,37,Programa cisternas: água para consumo,2020,,Presente,None,Dado indisponível,#DCDCDC,5064,Amaporã/PR,
Recursos hídricos,37,Programa cisternas: água para consumo,2020,,Presente,None,Dado indisponível,#DCDCDC,4211,Amaraji/PE,
Recursos hídricos,37,Programa cisternas: água para consumo,2020,,Presente,None,Dado indisponível,#DCDCDC,138,Amaral Ferrador/RS,
Recursos hídricos,37,Programa cisternas: água para consumo,2020,,Presente,None,Dado indisponível,#DCDCDC,4872,Amaralina/GO,
Recursos hídricos,37,Programa cisternas: água para consumo,2020,,Presente,None,Dado indisponível,#DCDCDC,3197,Amarante do Maranhão/MA,
Recursos hídricos,37,Programa cisternas: água para consumo,2020,,Presente,None,Dado indisponível,#DCDCDC,5460,Amaturá/AM,
Recursos hídricos,37,Programa cisternas: água para consumo,2020,,Presente,None,Dado indisponível,#DCDCDC,1792,Americana/SP,
Recursos hídricos,37,Programa cisternas: água para consumo,2020,,Presente,None,Dado indisponível,#DCDCDC,2654,Americano do Brasil/GO,
Recursos hídricos,37,Programa cisternas: água para consumo,2020,,Presente,None,Dado indisponível,#DCDCDC,1793,Américo Brasiliense/SP,
Recursos hídricos,37,Programa cisternas: água para consumo,2020,,Presente,None,Dado indisponível,#DCDCDC,1794,Américo de Campos/SP,
Recursos hídricos,37,Programa cisternas: água para consumo,2020,,Presente,None,Dado indisponível,#DCDCDC,139,Ametista do Sul/RS,
Recursos hídricos,37,Programa cisternas: água para consumo,2020,,Presente,None,Dado indisponível,#DCDCDC,2655,Amorinópolis/GO,
Recursos hídricos,37,Programa cisternas: água para consumo,2020,,Presente,None,Dado indisponível,#DCDCDC,780,Amparo do Serra/MG,
Recursos hídricos,37,Programa cisternas: água para consumo,2020,,Presente,None,Dado indisponível,#DCDCDC,1795,Amparo/SP,
Recursos hídricos,37,Programa cisternas: água para consumo,2020,,Presente,None,Dado indisponível,#DCDCDC,5065,Ampére/PR,
Recursos hídricos,37,Programa cisternas: água para consumo,2020,,Presente,None,Dado indisponível,#DCDCDC,5066,Anahy/PR,
Recursos hídricos,37,Programa cisternas: água para consumo,2020,,Presente,None,Dado indisponível,#DCDCDC,2942,Anajás/PA,
Recursos hídricos,37,Programa cisternas: água para consumo,2020,,Presente,None,Dado indisponível,#DCDCDC,1796,Analândia/SP,
Recursos hídricos,37,Programa cisternas: água para consumo,2020,,Presente,None,Dado indisponível,#DCDCDC,5461,Anamã/AM,
Recursos hídricos,37,Programa cisternas: água para consumo,2020,,Presente,None,Dado indisponível,#DCDCDC,3053,Ananás/TO,
Recursos hídricos,37,Programa cisternas: água para consumo,2020,,Presente,None,Dado indisponível,#DCDCDC,2943,Ananindeua/PA,
Recursos hídricos,37,Programa cisternas: água para consumo,2020,,Presente,None,Dado indisponível,#DCDCDC,2656,Anápolis/GO,
Recursos hídricos,37,Programa cisternas: água para consumo,2020,,Presente,None,Dado indisponível,#DCDCDC,5030,Anapu/PA,
Recursos hídricos,37,Programa cisternas: água para consumo,2020,,Presente,None,Dado indisponível,#DCDCDC,3199,Anapurus/MA,
Recursos hídricos,37,Programa cisternas: água para consumo,2020,,Presente,None,Dado indisponível,#DCDCDC,525,Anastácio/MS,
Recursos hídricos,37,Programa cisternas: água para consumo,2020,,Presente,None,Dado indisponível,#DCDCDC,526,Anaurilândia/MS,
Recursos hídricos,37,Programa cisternas: água para consumo,2020,,Presente,None,Dado indisponível,#DCDCDC,1612,Anchieta/ES,
Recursos hídricos,37,Programa cisternas: água para consumo,2020,,Presente,None,Dado indisponível,#DCDCDC,31,Anchieta/SC,
Recursos hídricos,37,Programa cisternas: água para consumo,2020,,Presente,None,Dado indisponível,#DCDCDC,5315,Andirá/PR,
Recursos hídricos,37,Programa cisternas: água para consumo,2020,,Presente,None,Dado indisponível,#DCDCDC,781,Andradas/MG,
Recursos hídricos,37,Programa cisternas: água para consumo,2020,,Presente,None,Dado indisponível,#DCDCDC,4897,Andradina/SP,
Recursos hídricos,37,Programa cisternas: água para consumo,2020,,Presente,None,Dado indisponível,#DCDCDC,4922,André da Rocha/RS,
Recursos hídricos,37,Programa cisternas: água para consumo,2020,,Presente,None,Dado indisponível,#DCDCDC,783,Andrelândia/MG,
Recursos hídricos,37,Programa cisternas: água para consumo,2020,,Presente,None,Dado indisponível,#DCDCDC,1797,Angatuba/SP,
Recursos hídricos,37,Programa cisternas: água para consumo,2020,,Presente,None,Dado indisponível,#DCDCDC,784,Angelândia/MG,
Recursos hídricos,37,Programa cisternas: água para consumo,2020,,Presente,None,Dado indisponível,#DCDCDC,527,Angélica/MS,
Recursos hídricos,37,Programa cisternas: água para consumo,2020,,Presente,None,Dado indisponível,#DCDCDC,2384,Angelina/SC,
Recursos hídricos,37,Programa cisternas: água para consumo,2020,,Presente,None,Dado indisponível,#DCDCDC,3054,Angico/TO,
Recursos hídricos,37,Programa cisternas: água para consumo,2020,,Presente,None,Dado indisponível,#DCDCDC,1684,Angra dos Reis/RJ,
Recursos hídricos,37,Programa cisternas: água para consumo,2020,,Presente,None,Dado indisponível,#DCDCDC,5067,Ângulo/PR,
Recursos hídricos,37,Programa cisternas: água para consumo,2020,,Presente,None,Dado indisponível,#DCDCDC,2657,Anhanguera/GO,
Recursos hídricos,37,Programa cisternas: água para consumo,2020,,Presente,None,Dado indisponível,#DCDCDC,1798,Anhembi/SP,
Recursos hídricos,37,Programa cisternas: água para consumo,2020,,Presente,None,Dado indisponível,#DCDCDC,4898,Anhumas/SP,
Recursos hídricos,37,Programa cisternas: água para consumo,2020,,Presente,None,Dado indisponível,#DCDCDC,2658,Anicuns/GO,
Recursos hídricos,37,Programa cisternas: água para consumo,2020,,Presente,None,Dado indisponível,#DCDCDC,2385,Anita Garibaldi/SC,
Recursos hídricos,37,Programa cisternas: água para consumo,2020,,Presente,None,Dado indisponível,#DCDCDC,2386,Anitápolis/SC,
Recursos hídricos,37,Programa cisternas: água para consumo,2020,,Presente,None,Dado indisponível,#DCDCDC,5462,Anori/AM,
Recursos hídricos,37,Programa cisternas: água para consumo,2020,,Presente,None,Dado indisponível,#DCDCDC,140,Anta Gorda/RS,
Recursos hídricos,37,Programa cisternas: água para consumo,2020,,Presente,None,Dado indisponível,#DCDCDC,5316,Antonina/PR,
Recursos hídricos,37,Programa cisternas: água para consumo,2020,,Presente,None,Dado indisponível,#DCDCDC,3415,Antônio Almeida/PI,
Recursos hídricos,37,Programa cisternas: água para consumo,2020,,Presente,None,Dado indisponível,#DCDCDC,785,Antônio Carlos/MG,
Recursos hídricos,37,Programa cisternas: água para consumo,2020,,Presente,None,Dado indisponível,#DCDCDC,2387,Antônio Carlos/SC,
Recursos hídricos,37,Programa cisternas: água para consumo,2020,,Presente,None,Dado indisponível,#DCDCDC,786,Antônio Dias/MG,
Recursos hídricos,37,Programa cisternas: água para consumo,2020,,Presente,None,Dado indisponível,#DCDCDC,528,Antônio João/MS,
Recursos hídricos,37,Programa cisternas: água para consumo,2020,,Presente,None,Dado indisponível,#DCDCDC,5317,Antônio Olinto/PR,
Recursos hídricos,37,Programa cisternas: água para consumo,2020,,Presente,None,Dado indisponível,#DCDCDC,787,Antônio Prado de Minas/MG,
Recursos hídricos,37,Programa cisternas: água para consumo,2020,,Presente,None,Dado indisponível,#DCDCDC,4923,Antônio Prado/RS,
Recursos hídricos,37,Programa cisternas: água para consumo,2020,,Presente,None,Dado indisponível,#DCDCDC,2659,Aparecida de Goiânia/GO,
Recursos hídricos,37,Programa cisternas: água para consumo,2020,,Presente,None,Dado indisponível,#DCDCDC,1800,Aparecida d'Oeste/SP,
Recursos hídricos,37,Programa cisternas: água para consumo,2020,,Presente,None,Dado indisponível,#DCDCDC,4966,Aparecida do Rio Doce/GO,
Recursos hídricos,37,Programa cisternas: água para consumo,2020,,Presente,None,Dado indisponível,#DCDCDC,3055,Aparecida do Rio Negro/TO,
Recursos hídricos,37,Programa cisternas: água para consumo,2020,,Presente,None,Dado indisponível,#DCDCDC,4945,Aparecida do Taboado/MS,
Recursos hídricos,37,Programa cisternas: água para consumo,2020,,Presente,None,Dado indisponível,#DCDCDC,1799,Aparecida/SP,
Recursos hídricos,37,Programa cisternas: água para consumo,2020,,Presente,None,Dado indisponível,#DCDCDC,1685,Aperibé/RJ,
Recursos hídricos,37,Programa cisternas: água para consumo,2020,,Presente,None,Dado indisponível,#DCDCDC,1613,Apiacá/ES,
Recursos hídricos,37,Programa cisternas: água para consumo,2020,,Presente,None,Dado indisponível,#DCDCDC,2889,Apiacás/MT,
Recursos hídricos,37,Programa cisternas: água para consumo,2020,,Presente,None,Dado indisponível,#DCDCDC,1801,Apiaí/SP,
Recursos hídricos,37,Programa cisternas: água para consumo,2020,,Presente,None,Dado indisponível,#DCDCDC,2388,Apiúna/SC,
Recursos hídricos,37,Programa cisternas: água para consumo,2020,,Presente,None,Dado indisponível,#DCDCDC,4582,Aporá/BA,
Recursos hídricos,37,Programa cisternas: água para consumo,2020,,Presente,None,Dado indisponível,#DCDCDC,658,Aporé/GO,
Recursos hídricos,37,Programa cisternas: água para consumo,2020,,Presente,None,Dado indisponível,#DCDCDC,4583,Apuarema/BA,
Recursos hídricos,37,Programa cisternas: água para consumo,2020,,Presente,None,Dado indisponível,#DCDCDC,5435,Apucarana/PR,
Recursos hídricos,37,Programa cisternas: água para consumo,2020,,Presente,None,Dado indisponível,#DCDCDC,5463,Apuí/AM,
Recursos hídricos,37,Programa cisternas: água para consumo,2020,,Presente,None,Dado indisponível,#DCDCDC,529,Aquidauana/MS,
Recursos hídricos,37,Programa cisternas: água para consumo,2020,,Presente,None,Dado indisponível,#DCDCDC,32,Arabutã/SC,
Recursos hídricos,37,Programa cisternas: água para consumo,2020,,Presente,None,Dado indisponível,#DCDCDC,788,Araçaí/MG,
Recursos hídricos,37,Programa cisternas: água para consumo,2020,,Presente,None,Dado indisponível,#DCDCDC,4491,Aracaju/SE,
Recursos hídricos,37,Programa cisternas: água para consumo,2020,,Presente,None,Dado indisponível,#DCDCDC,1802,Araçariguama/SP,
Recursos hídricos,37,Programa cisternas: água para consumo,2020,,Presente,None,Dado indisponível,#DCDCDC,4584,Araçás/BA,
Recursos hídricos,37,Programa cisternas: água para consumo,2020,,Presente,None,Dado indisponível,#DCDCDC,1803,Araçatuba/SP,
Recursos hídricos,37,Programa cisternas: água para consumo,2020,,Presente,None,Dado indisponível,#DCDCDC,789,Aracitaba/MG,
Recursos hídricos,37,Programa cisternas: água para consumo,2020,,Presente,None,Dado indisponível,#DCDCDC,1804,Araçoiaba da Serra/SP,
Recursos hídricos,37,Programa cisternas: água para consumo,2020,,Presente,None,Dado indisponível,#DCDCDC,4213,Araçoiaba/PE,
Recursos hídricos,37,Programa cisternas: água para consumo,2020,,Presente,None,Dado indisponível,#DCDCDC,1614,Aracruz/ES,
Recursos hídricos,37,Programa cisternas: água para consumo,2020,,Presente,None,Dado indisponível,#DCDCDC,2660,Araçu/GO,
Recursos hídricos,37,Programa cisternas: água para consumo,2020,,Presente,None,Dado indisponível,#DCDCDC,659,Aragarças/GO,
Recursos hídricos,37,Programa cisternas: água para consumo,2020,,Presente,None,Dado indisponível,#DCDCDC,2661,Aragoiânia/GO,
Recursos hídricos,37,Programa cisternas: água para consumo,2020,,Presente,None,Dado indisponível,#DCDCDC,3056,Aragominas/TO,
Recursos hídricos,37,Programa cisternas: água para consumo,2020,,Presente,None,Dado indisponível,#DCDCDC,3057,Araguacema/TO,
Recursos hídricos,37,Programa cisternas: água para consumo,2020,,Presente,None,Dado indisponível,#DCDCDC,3058,Araguaçu/TO,
Recursos hídricos,37,Programa cisternas: água para consumo,2020,,Presente,None,Dado indisponível,#DCDCDC,4949,Araguaiana/MT,
Recursos hídricos,37,Programa cisternas: água para consumo,2020,,Presente,None,Dado indisponível,#DCDCDC,3059,Araguaína/TO,
Recursos hídricos,37,Programa cisternas: água para consumo,2020,,Presente,None,Dado indisponível,#DCDCDC,603,Araguainha/MT,
Recursos hídricos,37,Programa cisternas: água para consumo,2020,,Presente,None,Dado indisponível,#DCDCDC,3201,Araguanã/MA,
Recursos hídricos,37,Programa cisternas: água para consumo,2020,,Presente,None,Dado indisponível,#DCDCDC,3060,Araguanã/TO,
Recursos hídricos,37,Programa cisternas: água para consumo,2020,,Presente,None,Dado indisponível,#DCDCDC,2662,Araguapaz/GO,
Recursos hídricos,37,Programa cisternas: água para consumo,2020,,Presente,None,Dado indisponível,#DCDCDC,791,Araguari/MG,
Recursos hídricos,37,Programa cisternas: água para consumo,2020,,Presente,None,Dado indisponível,#DCDCDC,3061,Araguatins/TO,
Recursos hídricos,37,Programa cisternas: água para consumo,2020,,Presente,None,Dado indisponível,#DCDCDC,530,Aral Moreira/MS,
Recursos hídricos,37,Programa cisternas: água para consumo,2020,,Presente,None,Dado indisponível,#DCDCDC,4586,Aramari/BA,
Recursos hídricos,37,Programa cisternas: água para consumo,2020,,Presente,None,Dado indisponível,#DCDCDC,141,Arambaré/RS,
Recursos hídricos,37,Programa cisternas: água para consumo,2020,,Presente,None,Dado indisponível,#DCDCDC,3203,Arame/MA,
Recursos hídricos,37,Programa cisternas: água para consumo,2020,,Presente,None,Dado indisponível,#DCDCDC,1805,Aramina/SP,
Recursos hídricos,37,Programa cisternas: água para consumo,2020,,Presente,None,Dado indisponível,#DCDCDC,1806,Arandu/SP,
Recursos hídricos,37,Programa cisternas: água para consumo,2020,,Presente,None,Dado indisponível,#DCDCDC,792,Arantina/MG,
Recursos hídricos,37,Programa cisternas: água para consumo,2020,,Presente,None,Dado indisponível,#DCDCDC,1807,Arapeí/SP,
Recursos hídricos,37,Programa cisternas: água para consumo,2020,,Presente,None,Dado indisponível,#DCDCDC,3062,Arapoema/TO,
Recursos hídricos,37,Programa cisternas: água para consumo,2020,,Presente,None,Dado indisponível,#DCDCDC,793,Araponga/MG,
Recursos hídricos,37,Programa cisternas: água para consumo,2020,,Presente,None,Dado indisponível,#DCDCDC,5436,Arapongas/PR,
Recursos hídricos,37,Programa cisternas: água para consumo,2020,,Presente,None,Dado indisponível,#DCDCDC,794,Araporã/MG,
Recursos hídricos,37,Programa cisternas: água para consumo,2020,,Presente,None,Dado indisponível,#DCDCDC,5318,Arapoti/PR,
Recursos hídricos,37,Programa cisternas: água para consumo,2020,,Presente,None,Dado indisponível,#DCDCDC,795,Arapuá/MG,
Recursos hídricos,37,Programa cisternas: água para consumo,2020,,Presente,None,Dado indisponível,#DCDCDC,5068,Arapuã/PR,
Recursos hídricos,37,Programa cisternas: água para consumo,2020,,Presente,None,Dado indisponível,#DCDCDC,604,Araputanga/MT,
Recursos hídricos,37,Programa cisternas: água para consumo,2020,,Presente,None,Dado indisponível,#DCDCDC,2389,Araquari/SC,
Recursos hídricos,37,Programa cisternas: água para consumo,2020,,Presente,None,Dado indisponível,#DCDCDC,2390,Araranguá/SC,
Recursos hídricos,37,Programa cisternas: água para consumo,2020,,Presente,None,Dado indisponível,#DCDCDC,1808,Araraquara/SP,
Recursos hídricos,37,Programa cisternas: água para consumo,2020,,Presente,None,Dado indisponível,#DCDCDC,1809,Araras/SP,
Recursos hídricos,37,Programa cisternas: água para consumo,2020,,Presente,None,Dado indisponível,#DCDCDC,2566,Araricá/RS,
Recursos hídricos,37,Programa cisternas: água para consumo,2020,,Presente,None,Dado indisponível,#DCDCDC,1686,Araruama/RJ,
Recursos hídricos,37,Programa cisternas: água para consumo,2020,,Presente,None,Dado indisponível,#DCDCDC,5069,Araruna/PR,
Recursos hídricos,37,Programa cisternas: água para consumo,2020,,Presente,None,Dado indisponível,#DCDCDC,673,Arataca/BA,
Recursos hídricos,37,Programa cisternas: água para consumo,2020,,Presente,None,Dado indisponível,#DCDCDC,142,Aratiba/RS,
Recursos hídricos,37,Programa cisternas: água para consumo,2020,,Presente,None,Dado indisponível,#DCDCDC,4587,Aratuípe/BA,
Recursos hídricos,37,Programa cisternas: água para consumo,2020,,Presente,None,Dado indisponível,#DCDCDC,4492,Arauá/SE,
Recursos hídricos,37,Programa cisternas: água para consumo,2020,,Presente,None,Dado indisponível,#DCDCDC,5319,Araucária/PR,
Recursos hídricos,37,Programa cisternas: água para consumo,2020,,Presente,None,Dado indisponível,#DCDCDC,796,Araújos/MG,
Recursos hídricos,37,Programa cisternas: água para consumo,2020,,Presente,None,Dado indisponível,#DCDCDC,797,Araxá/MG,
Recursos hídricos,37,Programa cisternas: água para consumo,2020,,Presente,None,Dado indisponível,#DCDCDC,798,Arceburgo/MG,
Recursos hídricos,37,Programa cisternas: água para consumo,2020,,Presente,None,Dado indisponível,#DCDCDC,1810,Arco-Íris/SP,
Recursos hídricos,37,Programa cisternas: água para consumo,2020,,Presente,None,Dado indisponível,#DCDCDC,799,Arcos/MG,
Recursos hídricos,37,Programa cisternas: água para consumo,2020,,Presente,None,Dado indisponível,#DCDCDC,800,Areado/MG,
Recursos hídricos,37,Programa cisternas: água para consumo,2020,,Presente,None,Dado indisponível,#DCDCDC,1687,Areal/RJ,
Recursos hídricos,37,Programa cisternas: água para consumo,2020,,Presente,None,Dado indisponível,#DCDCDC,1811,Arealva/SP,
Recursos hídricos,37,Programa cisternas: água para consumo,2020,,Presente,None,Dado indisponível,#DCDCDC,4493,Areia Branca/SE,
Recursos hídricos,37,Programa cisternas: água para consumo,2020,,Presente,None,Dado indisponível,#DCDCDC,1812,Areias/SP,
Recursos hídricos,37,Programa cisternas: água para consumo,2020,,Presente,None,Dado indisponível,#DCDCDC,1813,Areiópolis/SP,
Recursos hídricos,37,Programa cisternas: água para consumo,2020,,Presente,None,Dado indisponível,#DCDCDC,605,Arenápolis/MT,
Recursos hídricos,37,Programa cisternas: água para consumo,2020,,Presente,None,Dado indisponível,#DCDCDC,4967,Arenópolis/GO,
Recursos hídricos,37,Programa cisternas: água para consumo,2020,,Presente,None,Dado indisponível,#DCDCDC,3823,Arês/RN,
Recursos hídricos,37,Programa cisternas: água para consumo,2020,,Presente,None,Dado indisponível,#DCDCDC,801,Argirita/MG,
Recursos hídricos,37,Programa cisternas: água para consumo,2020,,Presente,None,Dado indisponível,#DCDCDC,802,Aricanduva/MG,
Recursos hídricos,37,Programa cisternas: água para consumo,2020,,Presente,None,Dado indisponível,#DCDCDC,2890,Aripuanã/MT,
Recursos hídricos,37,Programa cisternas: água para consumo,2020,,Presente,None,Dado indisponível,#DCDCDC,5522,Ariquemes/RO,
Recursos hídricos,37,Programa cisternas: água para consumo,2020,,Presente,None,Dado indisponível,#DCDCDC,5070,Ariranha do Ivaí/PR,
Recursos hídricos,37,Programa cisternas: água para consumo,2020,,Presente,None,Dado indisponível,#DCDCDC,1814,Ariranha/SP,
Recursos hídricos,37,Programa cisternas: água para consumo,2020,,Presente,None,Dado indisponível,#DCDCDC,1688,Armação dos Búzios/RJ,
Recursos hídricos,37,Programa cisternas: água para consumo,2020,,Presente,None,Dado indisponível,#DCDCDC,2391,Armazém/SC,
Recursos hídricos,37,Programa cisternas: água para consumo,2020,,Presente,None,Dado indisponível,#DCDCDC,1689,Arraial do Cabo/RJ,
Recursos hídricos,37,Programa cisternas: água para consumo,2020,,Presente,None,Dado indisponível,#DCDCDC,3063,Arraias/TO,
Recursos hídricos,37,Programa cisternas: água para consumo,2020,,Presente,None,Dado indisponível,#DCDCDC,143,Arroio do Meio/RS,
Recursos hídricos,37,Programa cisternas: água para consumo,2020,,Presente,None,Dado indisponível,#DCDCDC,144,Arroio do Padre/RS,
Recursos hídricos,37,Programa cisternas: água para consumo,2020,,Presente,None,Dado indisponível,#DCDCDC,2567,Arroio do Sal/RS,
Recursos hídricos,37,Programa cisternas: água para consumo,2020,,Presente,None,Dado indisponível,#DCDCDC,145,Arroio dos Ratos/RS,
Recursos hídricos,37,Programa cisternas: água para consumo,2020,,Presente,None,Dado indisponível,#DCDCDC,146,Arroio do Tigre/RS,
Recursos hídricos,37,Programa cisternas: água para consumo,2020,,Presente,None,Dado indisponível,#DCDCDC,147,Arroio Grande/RS,
Recursos hídricos,37,Programa cisternas: água para consumo,2020,,Presente,None,Dado indisponível,#DCDCDC,2392,Arroio Trinta/SC,
Recursos hídricos,37,Programa cisternas: água para consumo,2020,,Presente,None,Dado indisponível,#DCDCDC,1815,Artur Nogueira/SP,
Recursos hídricos,37,Programa cisternas: água para consumo,2020,,Presente,None,Dado indisponível,#DCDCDC,5012,Aruanã/GO,
Recursos hídricos,37,Programa cisternas: água para consumo,2020,,Presente,None,Dado indisponível,#DCDCDC,1816,Arujá/SP,
Recursos hídricos,37,Programa cisternas: água para consumo,2020,,Presente,None,Dado indisponível,#DCDCDC,33,Arvoredo/SC,
Recursos hídricos,37,Programa cisternas: água para consumo,2020,,Presente,None,Dado indisponível,#DCDCDC,148,Arvorezinha/RS,
Recursos hídricos,37,Programa cisternas: água para consumo,2020,,Presente,None,Dado indisponível,#DCDCDC,2393,Ascurra/SC,
Recursos hídricos,37,Programa cisternas: água para consumo,2020,,Presente,None,Dado indisponível,#DCDCDC,1817,Aspásia/SP,
Recursos hídricos,37,Programa cisternas: água para consumo,2020,,Presente,None,Dado indisponível,#DCDCDC,5320,Assaí/PR,
Recursos hídricos,37,Programa cisternas: água para consumo,2020,,Presente,None,Dado indisponível,#DCDCDC,5071,Assis Chateaubriand/PR,
Recursos hídricos,37,Programa cisternas: água para consumo,2020,,Presente,None,Dado indisponível,#DCDCDC,1818,Assis/SP,
Recursos hídricos,37,Programa cisternas: água para consumo,2020,,Presente,None,Dado indisponível,#DCDCDC,804,Astolfo Dutra/MG,
Recursos hídricos,37,Programa cisternas: água para consumo,2020,,Presente,None,Dado indisponível,#DCDCDC,5072,Astorga/PR,
Recursos hídricos,37,Programa cisternas: água para consumo,2020,,Presente,None,Dado indisponível,#DCDCDC,4390,Atalaia/AL,
Recursos hídricos,37,Programa cisternas: água para consumo,2020,,Presente,None,Dado indisponível,#DCDCDC,5464,Atalaia do Norte/AM,
Recursos hídricos,37,Programa cisternas: água para consumo,2020,,Presente,None,Dado indisponível,#DCDCDC,5073,Atalaia/PR,
Recursos hídricos,37,Programa cisternas: água para consumo,2020,,Presente,None,Dado indisponível,#DCDCDC,2394,Atalanta/SC,
Recursos hídricos,37,Programa cisternas: água para consumo,2020,,Presente,None,Dado indisponível,#DCDCDC,1819,Atibaia/SP,
Recursos hídricos,37,Programa cisternas: água para consumo,2020,,Presente,None,Dado indisponível,#DCDCDC,1615,Atílio Vivacqua/ES,
Recursos hídricos,37,Programa cisternas: água para consumo,2020,,Presente,None,Dado indisponível,#DCDCDC,3064,Augustinópolis/TO,
Recursos hídricos,37,Programa cisternas: água para consumo,2020,,Presente,None,Dado indisponível,#DCDCDC,2944,Augusto Corrêa/PA,
Recursos hídricos,37,Programa cisternas: água para consumo,2020,,Presente,None,Dado indisponível,#DCDCDC,806,Augusto de Lima/MG,
Recursos hídricos,37,Programa cisternas: água para consumo,2020,,Presente,None,Dado indisponível,#DCDCDC,149,Augusto Pestana/RS,
Recursos hídricos,37,Programa cisternas: água para consumo,2020,,Presente,None,Dado indisponível,#DCDCDC,150,Áurea/RS,
Recursos hídricos,37,Programa cisternas: água para consumo,2020,,Presente,None,Dado indisponível,#DCDCDC,674,Aurelino Leal/BA,
Recursos hídricos,37,Programa cisternas: água para consumo,2020,,Presente,None,Dado indisponível,#DCDCDC,1820,Auriflama/SP,
Recursos hídricos,37,Programa cisternas: água para consumo,2020,,Presente,None,Dado indisponível,#DCDCDC,2663,Aurilândia/GO,
Recursos hídricos,37,Programa cisternas: água para consumo,2020,,Presente,None,Dado indisponível,#DCDCDC,2945,Aurora do Pará/PA,
Recursos hídricos,37,Programa cisternas: água para consumo,2020,,Presente,None,Dado indisponível,#DCDCDC,3065,Aurora do Tocantins/TO,
Recursos hídricos,37,Programa cisternas: água para consumo,2020,,Presente,None,Dado indisponível,#DCDCDC,2395,Aurora/SC,
Recursos hídricos,37,Programa cisternas: água para consumo,2020,,Presente,None,Dado indisponível,#DCDCDC,5465,Autazes/AM,
Recursos hídricos,37,Programa cisternas: água para consumo,2020,,Presente,None,Dado indisponível,#DCDCDC,1821,Avaí/SP,
Recursos hídricos,37,Programa cisternas: água para consumo,2020,,Presente,None,Dado indisponível,#DCDCDC,1822,Avanhandava/SP,
Recursos hídricos,37,Programa cisternas: água para consumo,2020,,Presente,None,Dado indisponível,#DCDCDC,1823,Avaré/SP,
Recursos hídricos,37,Programa cisternas: água para consumo,2020,,Presente,None,Dado indisponível,#DCDCDC,2664,Avelinópolis/GO,
Recursos hídricos,37,Programa cisternas: água para consumo,2020,,Presente,None,Dado indisponível,#DCDCDC,3066,Axixá do Tocantins/TO,
Recursos hídricos,37,Programa cisternas: água para consumo,2020,,Presente,None,Dado indisponível,#DCDCDC,3205,Axixá/MA,
Recursos hídricos,37,Programa cisternas: água para consumo,2020,,Presente,None,Dado indisponível,#DCDCDC,3067,Babaçulândia/TO,
Recursos hídricos,37,Programa cisternas: água para consumo,2020,,Presente,None,Dado indisponível,#DCDCDC,3206,Bacabal/MA,
Recursos hídricos,37,Programa cisternas: água para consumo,2020,,Presente,None,Dado indisponível,#DCDCDC,3207,Bacabeira/MA,
Recursos hídricos,37,Programa cisternas: água para consumo,2020,,Presente,None,Dado indisponível,#DCDCDC,3209,Bacurituba/MA,
Recursos hídricos,37,Programa cisternas: água para consumo,2020,,Presente,None,Dado indisponível,#DCDCDC,1824,Bady Bassitt/SP,
Recursos hídricos,37,Programa cisternas: água para consumo,2020,,Presente,None,Dado indisponível,#DCDCDC,807,Baependi/MG,
Recursos hídricos,37,Programa cisternas: água para consumo,2020,,Presente,None,Dado indisponível,#DCDCDC,2946,Bagre/PA,
Recursos hídricos,37,Programa cisternas: água para consumo,2020,,Presente,None,Dado indisponível,#DCDCDC,3998,Baía da Traição/PB,
Recursos hídricos,37,Programa cisternas: água para consumo,2020,,Presente,None,Dado indisponível,#DCDCDC,3825,Baía Formosa/RN,
Recursos hídricos,37,Programa cisternas: água para consumo,2020,,Presente,None,Dado indisponível,#DCDCDC,3421,Baixa Grande do Ribeiro/PI,
Recursos hídricos,37,Programa cisternas: água para consumo,2020,,Presente,None,Dado indisponível,#DCDCDC,1825,Balbinos/SP,
Recursos hídricos,37,Programa cisternas: água para consumo,2020,,Presente,None,Dado indisponível,#DCDCDC,808,Baldim/MG,
Recursos hídricos,37,Programa cisternas: água para consumo,2020,,Presente,None,Dado indisponível,#DCDCDC,2396,Balneário Arroio do Silva/SC,
Recursos hídricos,37,Programa cisternas: água para consumo,2020,,Presente,None,Dado indisponível,#DCDCDC,2398,Balneário Barra do Sul/SC,
Recursos hídricos,37,Programa cisternas: água para consumo,2020,,Presente,None,Dado indisponível,#DCDCDC,2397,Balneário Camboriú/SC,
Recursos hídricos,37,Programa cisternas: água para consumo,2020,,Presente,None,Dado indisponível,#DCDCDC,2399,Balneário Gaivota/SC,
Recursos hídricos,37,Programa cisternas: água para consumo,2020,,Presente,None,Dado indisponível,#DCDCDC,2499,Balneário Piçarras/SC,
Recursos hídricos,37,Programa cisternas: água para consumo,2020,,Presente,None,Dado indisponível,#DCDCDC,2568,Balneário Pinhal/RS,
Recursos hídricos,37,Programa cisternas: água para consumo,2020,,Presente,None,Dado indisponível,#DCDCDC,2563,Balneário Rincão/SC,
Recursos hídricos,37,Programa cisternas: água para consumo,2020,,Presente,None,Dado indisponível,#DCDCDC,1826,Bálsamo/SP,
Recursos hídricos,37,Programa cisternas: água para consumo,2020,,Presente,None,Dado indisponível,#DCDCDC,5321,Balsa Nova/PR,
Recursos hídricos,37,Programa cisternas: água para consumo,2020,,Presente,None,Dado indisponível,#DCDCDC,3210,Balsas/MA,
Recursos hídricos,37,Programa cisternas: água para consumo,2020,,Presente,None,Dado indisponível,#DCDCDC,809,Bambuí/MG,
Recursos hídricos,37,Programa cisternas: água para consumo,2020,,Presente,None,Dado indisponível,#DCDCDC,1827,Bananal/SP,
Recursos hídricos,37,Programa cisternas: água para consumo,2020,,Presente,None,Dado indisponível,#DCDCDC,811,Bandeira do Sul/MG,
Recursos hídricos,37,Programa cisternas: água para consumo,2020,,Presente,None,Dado indisponível,#DCDCDC,34,Bandeirante/SC,
Recursos hídricos,37,Programa cisternas: água para consumo,2020,,Presente,None,Dado indisponível,#DCDCDC,3068,Bandeirantes do Tocantins/TO,
Recursos hídricos,37,Programa cisternas: água para consumo,2020,,Presente,None,Dado indisponível,#DCDCDC,531,Bandeirantes/MS,
Recursos hídricos,37,Programa cisternas: água para consumo,2020,,Presente,None,Dado indisponível,#DCDCDC,5322,Bandeirantes/PR,
Recursos hídricos,37,Programa cisternas: água para consumo,2020,,Presente,None,Dado indisponível,#DCDCDC,2948,Bannach/PA,
Recursos hídricos,37,Programa cisternas: água para consumo,2020,,Presente,None,Dado indisponível,#DCDCDC,1828,Barão de Antonina/SP,
Recursos hídricos,37,Programa cisternas: água para consumo,2020,,Presente,None,Dado indisponível,#DCDCDC,812,Barão de Cocais/MG,
Recursos hídricos,37,Programa cisternas: água para consumo,2020,,Presente,None,Dado indisponível,#DCDCDC,152,Barão de Cotegipe/RS,
Recursos hídricos,37,Programa cisternas: água para consumo,2020,,Presente,None,Dado indisponível,#DCDCDC,606,Barão de Melgaço/MT,
Recursos hídricos,37,Programa cisternas: água para consumo,2020,,Presente,None,Dado indisponível,#DCDCDC,813,Barão de Monte Alto/MG,
Recursos hídricos,37,Programa cisternas: água para consumo,2020,,Presente,None,Dado indisponível,#DCDCDC,153,Barão do Triunfo/RS,
Recursos hídricos,37,Programa cisternas: água para consumo,2020,,Presente,None,Dado indisponível,#DCDCDC,4924,Barão/RS,
Recursos hídricos,37,Programa cisternas: água para consumo,2020,,Presente,None,Dado indisponível,#DCDCDC,814,Barbacena/MG,
Recursos hídricos,37,Programa cisternas: água para consumo,2020,,Presente,None,Dado indisponível,#DCDCDC,5074,Barbosa Ferraz/PR,
Recursos hídricos,37,Programa cisternas: água para consumo,2020,,Presente,None,Dado indisponível,#DCDCDC,1829,Barbosa/SP,
Recursos hídricos,37,Programa cisternas: água para consumo,2020,,Presente,None,Dado indisponível,#DCDCDC,1830,Bariri/SP,
Recursos hídricos,37,Programa cisternas: água para consumo,2020,,Presente,None,Dado indisponível,#DCDCDC,35,Barra Bonita/SC,
Recursos hídricos,37,Programa cisternas: água para consumo,2020,,Presente,None,Dado indisponível,#DCDCDC,1831,Barra Bonita/SP,
Recursos hídricos,37,Programa cisternas: água para consumo,2020,,Presente,None,Dado indisponível,#DCDCDC,5075,Barracão/PR,
Recursos hídricos,37,Programa cisternas: água para consumo,2020,,Presente,None,Dado indisponível,#DCDCDC,4925,Barracão/RS,
Recursos hídricos,37,Programa cisternas: água para consumo,2020,,Presente,None,Dado indisponível,#DCDCDC,4216,Barra de Guabiraba/PE,
Recursos hídricos,37,Programa cisternas: água para consumo,2020,,Presente,None,Dado indisponível,#DCDCDC,4391,Barra de Santo Antônio/AL,
Recursos hídricos,37,Programa cisternas: água para consumo,2020,,Presente,None,Dado indisponível,#DCDCDC,1617,Barra de São Francisco/ES,
Recursos hídricos,37,Programa cisternas: água para consumo,2020,,Presente,None,Dado indisponível,#DCDCDC,4392,Barra de São Miguel/AL,
Recursos hídricos,37,Programa cisternas: água para consumo,2020,,Presente,None,Dado indisponível,#DCDCDC,607,Barra do Bugres/MT,
Recursos hídricos,37,Programa cisternas: água para consumo,2020,,Presente,None,Dado indisponível,#DCDCDC,1832,Barra do Chapéu/SP,
Recursos hídricos,37,Programa cisternas: água para consumo,2020,,Presente,None,Dado indisponível,#DCDCDC,608,Barra do Garças/MT,
Recursos hídricos,37,Programa cisternas: água para consumo,2020,,Presente,None,Dado indisponível,#DCDCDC,154,Barra do Guarita/RS,
Recursos hídricos,37,Programa cisternas: água para consumo,2020,,Presente,None,Dado indisponível,#DCDCDC,5323,Barra do Jacaré/PR,
Recursos hídricos,37,Programa cisternas: água para consumo,2020,,Presente,None,Dado indisponível,#DCDCDC,3069,Barra do Ouro/TO,
Recursos hídricos,37,Programa cisternas: água para consumo,2020,,Presente,None,Dado indisponível,#DCDCDC,1690,Barra do Piraí/RJ,
Recursos hídricos,37,Programa cisternas: água para consumo,2020,,Presente,None,Dado indisponível,#DCDCDC,155,Barra do Quaraí/RS,
Recursos hídricos,37,Programa cisternas: água para consumo,2020,,Presente,None,Dado indisponível,#DCDCDC,4926,Barra do Ribeiro/RS,
Recursos hídricos,37,Programa cisternas: água para consumo,2020,,Presente,None,Dado indisponível,#DCDCDC,156,Barra do Rio Azul/RS,
Recursos hídricos,37,Programa cisternas: água para consumo,2020,,Presente,None,Dado indisponível,#DCDCDC,4594,Barra do Rocha/BA,
Recursos hídricos,37,Programa cisternas: água para consumo,2020,,Presente,None,Dado indisponível,#DCDCDC,4494,Barra dos Coqueiros/SE,
Recursos hídricos,37,Programa cisternas: água para consumo,2020,,Presente,None,Dado indisponível,#DCDCDC,1833,Barra do Turvo/SP,
Recursos hídricos,37,Programa cisternas: água para consumo,2020,,Presente,None,Dado indisponível,#DCDCDC,157,Barra Funda/RS,
Recursos hídricos,37,Programa cisternas: água para consumo,2020,,Presente,None,Dado indisponível,#DCDCDC,815,Barra Longa/MG,
Recursos hídricos,37,Programa cisternas: água para consumo,2020,,Presente,None,Dado indisponível,#DCDCDC,1691,Barra Mansa/RJ,
Recursos hídricos,37,Programa cisternas: água para consumo,2020,,Presente,None,Dado indisponível,#DCDCDC,2400,Barra Velha/SC,
Recursos hídricos,37,Programa cisternas: água para consumo,2020,,Presente,None,Dado indisponível,#DCDCDC,5467,Barreirinha/AM,
Recursos hídricos,37,Programa cisternas: água para consumo,2020,,Presente,None,Dado indisponível,#DCDCDC,4217,Barreiros/PE,
Recursos hídricos,37,Programa cisternas: água para consumo,2020,,Presente,None,Dado indisponível,#DCDCDC,1834,Barretos/SP,
Recursos hídricos,37,Programa cisternas: água para consumo,2020,,Presente,None,Dado indisponível,#DCDCDC,1835,Barrinha/SP,
Recursos hídricos,37,Programa cisternas: água para consumo,2020,,Presente,None,Dado indisponível,#DCDCDC,2665,Barro Alto/GO,
Recursos hídricos,37,Programa cisternas: água para consumo,2020,,Presente,None,Dado indisponível,#DCDCDC,3070,Barrolândia/TO,
Recursos hídricos,37,Programa cisternas: água para consumo,2020,,Presente,None,Dado indisponível,#DCDCDC,676,Barro Preto/BA,
Recursos hídricos,37,Programa cisternas: água para consumo,2020,,Presente,None,Dado indisponível,#DCDCDC,158,Barros Cassal/RS,
Recursos hídricos,37,Programa cisternas: água para consumo,2020,,Presente,None,Dado indisponível,#DCDCDC,816,Barroso/MG,
Recursos hídricos,37,Programa cisternas: água para consumo,2020,,Presente,None,Dado indisponível,#DCDCDC,1836,Barueri/SP,
Recursos hídricos,37,Programa cisternas: água para consumo,2020,,Presente,None,Dado indisponível,#DCDCDC,1837,Bastos/SP,
Recursos hídricos,37,Programa cisternas: água para consumo,2020,,Presente,None,Dado indisponível,#DCDCDC,532,Bataguassu/MS,
Recursos hídricos,37,Programa cisternas: água para consumo,2020,,Presente,None,Dado indisponível,#DCDCDC,1838,Batatais/SP,
Recursos hídricos,37,Programa cisternas: água para consumo,2020,,Presente,None,Dado indisponível,#DCDCDC,533,Batayporã/MS,
Recursos hídricos,37,Programa cisternas: água para consumo,2020,,Presente,None,Dado indisponível,#DCDCDC,1839,Bauru/SP,
Recursos hídricos,37,Programa cisternas: água para consumo,2020,,Presente,None,Dado indisponível,#DCDCDC,4004,Bayeux/PB,
Recursos hídricos,37,Programa cisternas: água para consumo,2020,,Presente,None,Dado indisponível,#DCDCDC,1840,Bebedouro/SP,
Recursos hídricos,37,Programa cisternas: água para consumo,2020,,Presente,None,Dado indisponível,#DCDCDC,3214,Belágua/MA,
Recursos hídricos,37,Programa cisternas: água para consumo,2020,,Presente,None,Dado indisponível,#DCDCDC,5076,Bela Vista da Caroba/PR,
Recursos hídricos,37,Programa cisternas: água para consumo,2020,,Presente,None,Dado indisponível,#DCDCDC,2666,Bela Vista de Goiás/GO,
Recursos hídricos,37,Programa cisternas: água para consumo,2020,,Presente,None,Dado indisponível,#DCDCDC,817,Bela Vista de Minas/MG,
Recursos hídricos,37,Programa cisternas: água para consumo,2020,,Presente,None,Dado indisponível,#DCDCDC,3215,Bela Vista do Maranhão/MA,
Recursos hídricos,37,Programa cisternas: água para consumo,2020,,Presente,None,Dado indisponível,#DCDCDC,5324,Bela Vista do Paraíso/PR,
Recursos hídricos,37,Programa cisternas: água para consumo,2020,,Presente,None,Dado indisponível,#DCDCDC,2401,Bela Vista do Toldo/SC,
Recursos hídricos,37,Programa cisternas: água para consumo,2020,,Presente,None,Dado indisponível,#DCDCDC,4218,Belém de Maria/PE,
Recursos hídricos,37,Programa cisternas: água para consumo,2020,,Presente,None,Dado indisponível,#DCDCDC,1692,Belford Roxo/RJ,
Recursos hídricos,37,Programa cisternas: água para consumo,2020,,Presente,None,Dado indisponível,#DCDCDC,818,Belmiro Braga/MG,
Recursos hídricos,37,Programa cisternas: água para consumo,2020,,Presente,None,Dado indisponível,#DCDCDC,677,Belmonte/BA,
Recursos hídricos,37,Programa cisternas: água para consumo,2020,,Presente,None,Dado indisponível,#DCDCDC,36,Belmonte/SC,
Recursos hídricos,37,Programa cisternas: água para consumo,2020,,Presente,None,Dado indisponível,#DCDCDC,819,Belo Horizonte/MG,
Recursos hídricos,37,Programa cisternas: água para consumo,2020,,Presente,None,Dado indisponível,#DCDCDC,820,Belo Oriente/MG,
Recursos hídricos,37,Programa cisternas: água para consumo,2020,,Presente,None,Dado indisponível,#DCDCDC,821,Belo Vale/MG,
Recursos hídricos,37,Programa cisternas: água para consumo,2020,,Presente,None,Dado indisponível,#DCDCDC,3216,Benedito Leite/MA,
Recursos hídricos,37,Programa cisternas: água para consumo,2020,,Presente,None,Dado indisponível,#DCDCDC,2402,Benedito Novo/SC,
Recursos hídricos,37,Programa cisternas: água para consumo,2020,,Presente,None,Dado indisponível,#DCDCDC,2951,Benevides/PA,
Recursos hídricos,37,Programa cisternas: água para consumo,2020,,Presente,None,Dado indisponível,#DCDCDC,5468,Benjamin Constant/AM,
Recursos hídricos,37,Programa cisternas: água para consumo,2020,,Presente,None,Dado indisponível,#DCDCDC,159,Benjamin Constant do Sul/RS,
Recursos hídricos,37,Programa cisternas: água para consumo,2020,,Presente,None,Dado indisponível,#DCDCDC,1841,Bento de Abreu/SP,
Recursos hídricos,37,Programa cisternas: água para consumo,2020,,Presente,None,Dado indisponível,#DCDCDC,4927,Bento Gonçalves/RS,
Recursos hídricos,37,Programa cisternas: água para consumo,2020,,Presente,None,Dado indisponível,#DCDCDC,3217,Bequimão/MA,
Recursos hídricos,37,Programa cisternas: água para consumo,2020,,Presente,None,Dado indisponível,#DCDCDC,1842,Bernardino de Campos/SP,
Recursos hídricos,37,Programa cisternas: água para consumo,2020,,Presente,None,Dado indisponível,#DCDCDC,3218,Bernardo do Mearim/MA,
Recursos hídricos,37,Programa cisternas: água para consumo,2020,,Presente,None,Dado indisponível,#DCDCDC,3071,Bernardo Sayão/TO,
Recursos hídricos,37,Programa cisternas: água para consumo,2020,,Presente,None,Dado indisponível,#DCDCDC,1843,Bertioga/SP,
Recursos hídricos,37,Programa cisternas: água para consumo,2020,,Presente,None,Dado indisponível,#DCDCDC,5469,Beruri/AM,
Recursos hídricos,37,Programa cisternas: água para consumo,2020,,Presente,None,Dado indisponível,#DCDCDC,825,Betim/MG,
Recursos hídricos,37,Programa cisternas: água para consumo,2020,,Presente,None,Dado indisponível,#DCDCDC,826,Bias Fortes/MG,
Recursos hídricos,37,Programa cisternas: água para consumo,2020,,Presente,None,Dado indisponível,#DCDCDC,827,Bicas/MG,
Recursos hídricos,37,Programa cisternas: água para consumo,2020,,Presente,None,Dado indisponível,#DCDCDC,2403,Biguaçu/SC,
Recursos hídricos,37,Programa cisternas: água para consumo,2020,,Presente,None,Dado indisponível,#DCDCDC,1844,Bilac/SP,
Recursos hídricos,37,Programa cisternas: água para consumo,2020,,Presente,None,Dado indisponível,#DCDCDC,828,Biquinhas/MG,
Recursos hídricos,37,Programa cisternas: água para consumo,2020,,Presente,None,Dado indisponível,#DCDCDC,1845,Birigui/SP,
Recursos hídricos,37,Programa cisternas: água para consumo,2020,,Presente,None,Dado indisponível,#DCDCDC,1846,Biritiba Mirim/SP,
Recursos hídricos,37,Programa cisternas: água para consumo,2020,,Presente,None,Dado indisponível,#DCDCDC,5437,Bituruna/PR,
Recursos hídricos,37,Programa cisternas: água para consumo,2020,,Presente,None,Dado indisponível,#DCDCDC,2404,Blumenau/SC,
Recursos hídricos,37,Programa cisternas: água para consumo,2020,,Presente,None,Dado indisponível,#DCDCDC,5078,Boa Esperança do Iguaçu/PR,
Recursos hídricos,37,Programa cisternas: água para consumo,2020,,Presente,None,Dado indisponível,#DCDCDC,1847,Boa Esperança do Sul/SP,
Recursos hídricos,37,Programa cisternas: água para consumo,2020,,Presente,None,Dado indisponível,#DCDCDC,829,Boa Esperança/MG,
Recursos hídricos,37,Programa cisternas: água para consumo,2020,,Presente,None,Dado indisponível,#DCDCDC,5077,Boa Esperança/PR,
Recursos hídricos,37,Programa cisternas: água para consumo,2020,,Presente,None,Dado indisponível,#DCDCDC,5438,Boa Ventura de São Roque/PR,
Recursos hídricos,37,Programa cisternas: água para consumo,2020,,Presente,None,Dado indisponível,#DCDCDC,5079,Boa Vista da Aparecida/PR,
Recursos hídricos,37,Programa cisternas: água para consumo,2020,,Presente,None,Dado indisponível,#DCDCDC,160,Boa Vista das Missões/RS,
Recursos hídricos,37,Programa cisternas: água para consumo,2020,,Presente,None,Dado indisponível,#DCDCDC,161,Boa Vista do Buricá/RS,
Recursos hídricos,37,Programa cisternas: água para consumo,2020,,Presente,None,Dado indisponível,#DCDCDC,162,Boa Vista do Cadeado/RS,
Recursos hídricos,37,Programa cisternas: água para consumo,2020,,Presente,None,Dado indisponível,#DCDCDC,3219,Boa Vista do Gurupi/MA,
Recursos hídricos,37,Programa cisternas: água para consumo,2020,,Presente,None,Dado indisponível,#DCDCDC,163,Boa Vista do Incra/RS,
Recursos hídricos,37,Programa cisternas: água para consumo,2020,,Presente,None,Dado indisponível,#DCDCDC,5470,Boa Vista do Ramos/AM,
Recursos hídricos,37,Programa cisternas: água para consumo,2020,,Presente,None,Dado indisponível,#DCDCDC,164,Boa Vista do Sul/RS,
Recursos hídricos,37,Programa cisternas: água para consumo,2020,,Presente,None,Dado indisponível,#DCDCDC,2845,Boa Vista/RR,
Recursos hídricos,37,Programa cisternas: água para consumo,2020,,Presente,None,Dado indisponível,#DCDCDC,4396,Boca da Mata/AL,
Recursos hídricos,37,Programa cisternas: água para consumo,2020,,Presente,None,Dado indisponível,#DCDCDC,5471,Boca do Acre/AM,
Recursos hídricos,37,Programa cisternas: água para consumo,2020,,Presente,None,Dado indisponível,#DCDCDC,830,Bocaina de Minas/MG,
Recursos hídricos,37,Programa cisternas: água para consumo,2020,,Presente,None,Dado indisponível,#DCDCDC,2405,Bocaina do Sul/SC,
Recursos hídricos,37,Programa cisternas: água para consumo,2020,,Presente,None,Dado indisponível,#DCDCDC,1848,Bocaina/SP,
Recursos hídricos,37,Programa cisternas: água para consumo,2020,,Presente,None,Dado indisponível,#DCDCDC,5325,Bocaiúva do Sul/PR,
Recursos hídricos,37,Programa cisternas: água para consumo,2020,,Presente,None,Dado indisponível,#DCDCDC,535,Bodoquena/MS,
Recursos hídricos,37,Programa cisternas: água para consumo,2020,,Presente,None,Dado indisponível,#DCDCDC,1849,Bofete/SP,
Recursos hídricos,37,Programa cisternas: água para consumo,2020,,Presente,None,Dado indisponível,#DCDCDC,1850,Boituva/SP,
Recursos hídricos,37,Programa cisternas: água para consumo,2020,,Presente,None,Dado indisponível,#DCDCDC,2406,Bombinhas/SC,
Recursos hídricos,37,Programa cisternas: água para consumo,2020,,Presente,None,Dado indisponível,#DCDCDC,832,Bom Despacho/MG,
Recursos hídricos,37,Programa cisternas: água para consumo,2020,,Presente,None,Dado indisponível,#DCDCDC,2407,Bom Jardim da Serra/SC,
Recursos hídricos,37,Programa cisternas: água para consumo,2020,,Presente,None,Dado indisponível,#DCDCDC,833,Bom Jardim de Minas/MG,
Recursos hídricos,37,Programa cisternas: água para consumo,2020,,Presente,None,Dado indisponível,#DCDCDC,3220,Bom Jardim/MA,
Recursos hídricos,37,Programa cisternas: água para consumo,2020,,Presente,None,Dado indisponível,#DCDCDC,1693,Bom Jardim/RJ,
Recursos hídricos,37,Programa cisternas: água para consumo,2020,,Presente,None,Dado indisponível,#DCDCDC,834,Bom Jesus da Penha/MG,
Recursos hídricos,37,Programa cisternas: água para consumo,2020,,Presente,None,Dado indisponível,#DCDCDC,3221,Bom Jesus das Selvas/MA,
Recursos hídricos,37,Programa cisternas: água para consumo,2020,,Presente,None,Dado indisponível,#DCDCDC,2667,Bom Jesus de Goiás/GO,
Recursos hídricos,37,Programa cisternas: água para consumo,2020,,Presente,None,Dado indisponível,#DCDCDC,835,Bom Jesus do Amparo/MG,
Recursos hídricos,37,Programa cisternas: água para consumo,2020,,Presente,None,Dado indisponível,#DCDCDC,5050,Bom Jesus do Araguaia/MT,
Recursos hídricos,37,Programa cisternas: água para consumo,2020,,Presente,None,Dado indisponível,#DCDCDC,836,Bom Jesus do Galho/MG,
Recursos hídricos,37,Programa cisternas: água para consumo,2020,,Presente,None,Dado indisponível,#DCDCDC,1694,Bom Jesus do Itabapoana/RJ,
Recursos hídricos,37,Programa cisternas: água para consumo,2020,,Presente,None,Dado indisponível,#DCDCDC,1619,Bom Jesus do Norte/ES,
Recursos hídricos,37,Programa cisternas: água para consumo,2020,,Presente,None,Dado indisponível,#DCDCDC,38,Bom Jesus do Oeste/SC,
Recursos hídricos,37,Programa cisternas: água para consumo,2020,,Presente,None,Dado indisponível,#DCDCDC,1851,Bom Jesus dos Perdões/SP,
Recursos hídricos,37,Programa cisternas: água para consumo,2020,,Presente,None,Dado indisponível,#DCDCDC,5080,Bom Jesus do Sul/PR,
Recursos hídricos,37,Programa cisternas: água para consumo,2020,,Presente,None,Dado indisponível,#DCDCDC,2952,Bom Jesus do Tocantins/PA,
Recursos hídricos,37,Programa cisternas: água para consumo,2020,,Presente,None,Dado indisponível,#DCDCDC,3072,Bom Jesus do Tocantins/TO,
Recursos hídricos,37,Programa cisternas: água para consumo,2020,,Presente,None,Dado indisponível,#DCDCDC,2569,Bom Jesus/RS,
Recursos hídricos,37,Programa cisternas: água para consumo,2020,,Presente,None,Dado indisponível,#DCDCDC,37,Bom Jesus/SC,
Recursos hídricos,37,Programa cisternas: água para consumo,2020,,Presente,None,Dado indisponível,#DCDCDC,3222,Bom Lugar/MA,
Recursos hídricos,37,Programa cisternas: água para consumo,2020,,Presente,None,Dado indisponível,#DCDCDC,2570,Bom Princípio/RS,
Recursos hídricos,37,Programa cisternas: água para consumo,2020,,Presente,None,Dado indisponível,#DCDCDC,165,Bom Progresso/RS,
Recursos hídricos,37,Programa cisternas: água para consumo,2020,,Presente,None,Dado indisponível,#DCDCDC,837,Bom Repouso/MG,
Recursos hídricos,37,Programa cisternas: água para consumo,2020,,Presente,None,Dado indisponível,#DCDCDC,166,Bom Retiro do Sul/RS,
Recursos hídricos,37,Programa cisternas: água para consumo,2020,,Presente,None,Dado indisponível,#DCDCDC,2408,Bom Retiro/SC,
Recursos hídricos,37,Programa cisternas: água para consumo,2020,,Presente,None,Dado indisponível,#DCDCDC,1852,Bom Sucesso de Itararé/SP,
Recursos hídricos,37,Programa cisternas: água para consumo,2020,,Presente,None,Dado indisponível,#DCDCDC,5082,Bom Sucesso do Sul/PR,
Recursos hídricos,37,Programa cisternas: água para consumo,2020,,Presente,None,Dado indisponível,#DCDCDC,838,Bom Sucesso/MG,
Recursos hídricos,37,Programa cisternas: água para consumo,2020,,Presente,None,Dado indisponível,#DCDCDC,5081,Bom Sucesso/PR,
Recursos hídricos,37,Programa cisternas: água para consumo,2020,,Presente,None,Dado indisponível,#DCDCDC,839,Bonfim/MG,
Recursos hídricos,37,Programa cisternas: água para consumo,2020,,Presente,None,Dado indisponível,#DCDCDC,2846,Bonfim/RR,
Recursos hídricos,37,Programa cisternas: água para consumo,2020,,Presente,None,Dado indisponível,#DCDCDC,2668,Bonfinópolis/GO,
Recursos hídricos,37,Programa cisternas: água para consumo,2020,,Presente,None,Dado indisponível,#DCDCDC,536,Bonito/MS,
Recursos hídricos,37,Programa cisternas: água para consumo,2020,,Presente,None,Dado indisponível,#DCDCDC,2953,Bonito/PA,
Recursos hídricos,37,Programa cisternas: água para consumo,2020,,Presente,None,Dado indisponível,#DCDCDC,4226,Bonito/PE,
Recursos hídricos,37,Programa cisternas: água para consumo,2020,,Presente,None,Dado indisponível,#DCDCDC,4873,Bonópolis/GO,
Recursos hídricos,37,Programa cisternas: água para consumo,2020,,Presente,None,Dado indisponível,#DCDCDC,167,Boqueirão do Leão/RS,
Recursos hídricos,37,Programa cisternas: água para consumo,2020,,Presente,None,Dado indisponível,#DCDCDC,4495,Boquim/SE,
Recursos hídricos,37,Programa cisternas: água para consumo,2020,,Presente,None,Dado indisponível,#DCDCDC,1854,Boracéia/SP,
Recursos hídricos,37,Programa cisternas: água para consumo,2020,,Presente,None,Dado indisponível,#DCDCDC,1853,Borá/SP,
Recursos hídricos,37,Programa cisternas: água para consumo,2020,,Presente,None,Dado indisponível,#DCDCDC,5472,Borba/AM,
Recursos hídricos,37,Programa cisternas: água para consumo,2020,,Presente,None,Dado indisponível,#DCDCDC,1855,Borborema/SP,
Recursos hídricos,37,Programa cisternas: água para consumo,2020,,Presente,None,Dado indisponível,#DCDCDC,842,Borda da Mata/MG,
Recursos hídricos,37,Programa cisternas: água para consumo,2020,,Presente,None,Dado indisponível,#DCDCDC,1856,Borebi/SP,
Recursos hídricos,37,Programa cisternas: água para consumo,2020,,Presente,None,Dado indisponível,#DCDCDC,5083,Borrazópolis/PR,
Recursos hídricos,37,Programa cisternas: água para consumo,2020,,Presente,None,Dado indisponível,#DCDCDC,168,Bossoroca/RS,
Recursos hídricos,37,Programa cisternas: água para consumo,2020,,Presente,None,Dado indisponível,#DCDCDC,843,Botelhos/MG,
Recursos hídricos,37,Programa cisternas: água para consumo,2020,,Presente,None,Dado indisponível,#DCDCDC,1857,Botucatu/SP,
Recursos hídricos,37,Programa cisternas: água para consumo,2020,,Presente,None,Dado indisponível,#DCDCDC,2409,Botuverá/SC,
Recursos hídricos,37,Programa cisternas: água para consumo,2020,,Presente,None,Dado indisponível,#DCDCDC,169,Bozano/RS,
Recursos hídricos,37,Programa cisternas: água para consumo,2020,,Presente,None,Dado indisponível,#DCDCDC,2410,Braço do Norte/SC,
Recursos hídricos,37,Programa cisternas: água para consumo,2020,,Presente,None,Dado indisponível,#DCDCDC,2411,Braço do Trombudo/SC,
Recursos hídricos,37,Programa cisternas: água para consumo,2020,,Presente,None,Dado indisponível,#DCDCDC,2954,Bragança/PA,
Recursos hídricos,37,Programa cisternas: água para consumo,2020,,Presente,None,Dado indisponível,#DCDCDC,1858,Bragança Paulista/SP,
Recursos hídricos,37,Programa cisternas: água para consumo,2020,,Presente,None,Dado indisponível,#DCDCDC,5084,Braganey/PR,
Recursos hídricos,37,Programa cisternas: água para consumo,2020,,Presente,None,Dado indisponível,#DCDCDC,170,Braga/RS,
Recursos hídricos,37,Programa cisternas: água para consumo,2020,,Presente,None,Dado indisponível,#DCDCDC,4397,Branquinha/AL,
Recursos hídricos,37,Programa cisternas: água para consumo,2020,,Presente,None,Dado indisponível,#DCDCDC,845,Brasilândia de Minas/MG,
Recursos hídricos,37,Programa cisternas: água para consumo,2020,,Presente,None,Dado indisponível,#DCDCDC,5085,Brasilândia do Sul/PR,
Recursos hídricos,37,Programa cisternas: água para consumo,2020,,Presente,None,Dado indisponível,#DCDCDC,3073,Brasilândia do Tocantins/TO,
Recursos hídricos,37,Programa cisternas: água para consumo,2020,,Presente,None,Dado indisponível,#DCDCDC,537,Brasilândia/MS,
Recursos hídricos,37,Programa cisternas: água para consumo,2020,,Presente,None,Dado indisponível,#DCDCDC,2863,Brasil Novo/PA,
Recursos hídricos,37,Programa cisternas: água para consumo,2020,,Presente,None,Dado indisponível,#DCDCDC,2891,Brasnorte/MT,
Recursos hídricos,37,Programa cisternas: água para consumo,2020,,Presente,None,Dado indisponível,#DCDCDC,847,Brás Pires/MG,
Recursos hídricos,37,Programa cisternas: água para consumo,2020,,Presente,None,Dado indisponível,#DCDCDC,1859,Braúna/SP,
Recursos hídricos,37,Programa cisternas: água para consumo,2020,,Presente,None,Dado indisponível,#DCDCDC,849,Brazópolis/MG,
Recursos hídricos,37,Programa cisternas: água para consumo,2020,,Presente,None,Dado indisponível,#DCDCDC,1620,Brejetuba/ES,
Recursos hídricos,37,Programa cisternas: água para consumo,2020,,Presente,None,Dado indisponível,#DCDCDC,3074,Brejinho de Nazaré/TO,
Recursos hídricos,37,Programa cisternas: água para consumo,2020,,Presente,None,Dado indisponível,#DCDCDC,1860,Brejo Alegre/SP,
Recursos hídricos,37,Programa cisternas: água para consumo,2020,,Presente,None,Dado indisponível,#DCDCDC,3224,Brejo de Areia/MA,
Recursos hídricos,37,Programa cisternas: água para consumo,2020,,Presente,None,Dado indisponível,#DCDCDC,2955,Brejo Grande do Araguaia/PA,
Recursos hídricos,37,Programa cisternas: água para consumo,2020,,Presente,None,Dado indisponível,#DCDCDC,4496,Brejo Grande/SE,
Recursos hídricos,37,Programa cisternas: água para consumo,2020,,Presente,None,Dado indisponível,#DCDCDC,2956,Breu Branco/PA,
Recursos hídricos,37,Programa cisternas: água para consumo,2020,,Presente,None,Dado indisponível,#DCDCDC,2670,Britânia/GO,
Recursos hídricos,37,Programa cisternas: água para consumo,2020,,Presente,None,Dado indisponível,#DCDCDC,171,Brochier/RS,
Recursos hídricos,37,Programa cisternas: água para consumo,2020,,Presente,None,Dado indisponível,#DCDCDC,1861,Brodowski/SP,
Recursos hídricos,37,Programa cisternas: água para consumo,2020,,Presente,None,Dado indisponível,#DCDCDC,1862,Brotas/SP,
Recursos hídricos,37,Programa cisternas: água para consumo,2020,,Presente,None,Dado indisponível,#DCDCDC,850,Brumadinho/MG,
Recursos hídricos,37,Programa cisternas: água para consumo,2020,,Presente,None,Dado indisponível,#DCDCDC,2412,Brunópolis/SC,
Recursos hídricos,37,Programa cisternas: água para consumo,2020,,Presente,None,Dado indisponível,#DCDCDC,2413,Brusque/SC,
Recursos hídricos,37,Programa cisternas: água para consumo,2020,,Presente,None,Dado indisponível,#DCDCDC,851,Bueno Brandão/MG,
Recursos hídricos,37,Programa cisternas: água para consumo,2020,,Presente,None,Dado indisponível,#DCDCDC,852,Buenópolis/MG,
Recursos hídricos,37,Programa cisternas: água para consumo,2020,,Presente,None,Dado indisponível,#DCDCDC,680,Buerarema/BA,
Recursos hídricos,37,Programa cisternas: água para consumo,2020,,Presente,None,Dado indisponível,#DCDCDC,853,Bugre/MG,
Recursos hídricos,37,Programa cisternas: água para consumo,2020,,Presente,None,Dado indisponível,#DCDCDC,2824,Bujari/AC,
Recursos hídricos,37,Programa cisternas: água para consumo,2020,,Presente,None,Dado indisponível,#DCDCDC,1863,Buri/SP,
Recursos hídricos,37,Programa cisternas: água para consumo,2020,,Presente,None,Dado indisponível,#DCDCDC,1864,Buritama/SP,
Recursos hídricos,37,Programa cisternas: água para consumo,2020,,Presente,None,Dado indisponível,#DCDCDC,2671,Buriti Alegre/GO,
Recursos hídricos,37,Programa cisternas: água para consumo,2020,,Presente,None,Dado indisponível,#DCDCDC,3226,Buriti Bravo/MA,
Recursos hídricos,37,Programa cisternas: água para consumo,2020,,Presente,None,Dado indisponível,#DCDCDC,3227,Buriticupu/MA,
Recursos hídricos,37,Programa cisternas: água para consumo,2020,,Presente,None,Dado indisponível,#DCDCDC,2672,Buriti de Goiás/GO,
Recursos hídricos,37,Programa cisternas: água para consumo,2020,,Presente,None,Dado indisponível,#DCDCDC,3075,Buriti do Tocantins/TO,
Recursos hídricos,37,Programa cisternas: água para consumo,2020,,Presente,None,Dado indisponível,#DCDCDC,2673,Buritinópolis/GO,
Recursos hídricos,37,Programa cisternas: água para consumo,2020,,Presente,None,Dado indisponível,#DCDCDC,3228,Buritirana/MA,
Recursos hídricos,37,Programa cisternas: água para consumo,2020,,Presente,None,Dado indisponível,#DCDCDC,854,Buritis/MG,
Recursos hídricos,37,Programa cisternas: água para consumo,2020,,Presente,None,Dado indisponível,#DCDCDC,5548,Buritis/RO,
Recursos hídricos,37,Programa cisternas: água para consumo,2020,,Presente,None,Dado indisponível,#DCDCDC,1865,Buritizal/SP,
Recursos hídricos,37,Programa cisternas: água para consumo,2020,,Presente,None,Dado indisponível,#DCDCDC,172,Butiá/RS,
Recursos hídricos,37,Programa cisternas: água para consumo,2020,,Presente,None,Dado indisponível,#DCDCDC,5473,Caapiranga/AM,
Recursos hídricos,37,Programa cisternas: água para consumo,2020,,Presente,None,Dado indisponível,#DCDCDC,4018,Caaporã/PB,
Recursos hídricos,37,Programa cisternas: água para consumo,2020,,Presente,None,Dado indisponível,#DCDCDC,538,Caarapó/MS,
Recursos hídricos,37,Programa cisternas: água para consumo,2020,,Presente,None,Dado indisponível,#DCDCDC,856,Cabeceira Grande/MG,
Recursos hídricos,37,Programa cisternas: água para consumo,2020,,Presente,None,Dado indisponível,#DCDCDC,2674,Cabeceiras/GO,
Recursos hídricos,37,Programa cisternas: água para consumo,2020,,Presente,None,Dado indisponível,#DCDCDC,4020,Cabedelo/PB,
Recursos hídricos,37,Programa cisternas: água para consumo,2020,,Presente,None,Dado indisponível,#DCDCDC,5523,Cabixi/RO,
Recursos hídricos,37,Programa cisternas: água para consumo,2020,,Presente,None,Dado indisponível,#DCDCDC,4232,Cabo de Santo Agostinho/PE,
Recursos hídricos,37,Programa cisternas: água para consumo,2020,,Presente,None,Dado indisponível,#DCDCDC,1695,Cabo Frio/RJ,
Recursos hídricos,37,Programa cisternas: água para consumo,2020,,Presente,None,Dado indisponível,#DCDCDC,857,Cabo Verde/MG,
Recursos hídricos,37,Programa cisternas: água para consumo,2020,,Presente,None,Dado indisponível,#DCDCDC,1866,Cabrália Paulista/SP,
Recursos hídricos,37,Programa cisternas: água para consumo,2020,,Presente,None,Dado indisponível,#DCDCDC,1867,Cabreúva/SP,
Recursos hídricos,37,Programa cisternas: água para consumo,2020,,Presente,None,Dado indisponível,#DCDCDC,4912,Caçador/SC,
Recursos hídricos,37,Programa cisternas: água para consumo,2020,,Presente,None,Dado indisponível,#DCDCDC,173,Caçapava do Sul/RS,
Recursos hídricos,37,Programa cisternas: água para consumo,2020,,Presente,None,Dado indisponível,#DCDCDC,1868,Caçapava/SP,
Recursos hídricos,37,Programa cisternas: água para consumo,2020,,Presente,None,Dado indisponível,#DCDCDC,5550,Cacaulândia/RO,
Recursos hídricos,37,Programa cisternas: água para consumo,2020,,Presente,None,Dado indisponível,#DCDCDC,174,Cacequi/RS,
Recursos hídricos,37,Programa cisternas: água para consumo,2020,,Presente,None,Dado indisponível,#DCDCDC,609,Cáceres/MT,
Recursos hídricos,37,Programa cisternas: água para consumo,2020,,Presente,None,Dado indisponível,#DCDCDC,2675,Cachoeira Alta/GO,
Recursos hídricos,37,Programa cisternas: água para consumo,2020,,Presente,None,Dado indisponível,#DCDCDC,4610,Cachoeira/BA,
Recursos hídricos,37,Programa cisternas: água para consumo,2020,,Presente,None,Dado indisponível,#DCDCDC,858,Cachoeira da Prata/MG,
Recursos hídricos,37,Programa cisternas: água para consumo,2020,,Presente,None,Dado indisponível,#DCDCDC,2676,Cachoeira de Goiás/GO,
Recursos hídricos,37,Programa cisternas: água para consumo,2020,,Presente,None,Dado indisponível,#DCDCDC,859,Cachoeira de Minas/MG,
Recursos hídricos,37,Programa cisternas: água para consumo,2020,,Presente,None,Dado indisponível,#DCDCDC,2960,Cachoeira do Arari/PA,
Recursos hídricos,37,Programa cisternas: água para consumo,2020,,Presente,None,Dado indisponível,#DCDCDC,175,Cachoeira do Sul/RS,
Recursos hídricos,37,Programa cisternas: água para consumo,2020,,Presente,None,Dado indisponível,#DCDCDC,2677,Cachoeira Dourada/GO,
Recursos hídricos,37,Programa cisternas: água para consumo,2020,,Presente,None,Dado indisponível,#DCDCDC,860,Cachoeira Dourada/MG,
Recursos hídricos,37,Programa cisternas: água para consumo,2020,,Presente,None,Dado indisponível,#DCDCDC,3229,Cachoeira Grande/MA,
Recursos hídricos,37,Programa cisternas: água para consumo,2020,,Presente,None,Dado indisponível,#DCDCDC,1869,Cachoeira Paulista/SP,
Recursos hídricos,37,Programa cisternas: água para consumo,2020,,Presente,None,Dado indisponível,#DCDCDC,1696,Cachoeiras de Macacu/RJ,
Recursos hídricos,37,Programa cisternas: água para consumo,2020,,Presente,None,Dado indisponível,#DCDCDC,2571,Cachoeirinha/RS,
Recursos hídricos,37,Programa cisternas: água para consumo,2020,,Presente,None,Dado indisponível,#DCDCDC,3076,Cachoeirinha/TO,
Recursos hídricos,37,Programa cisternas: água para consumo,2020,,Presente,None,Dado indisponível,#DCDCDC,1621,Cachoeiro de Itapemirim/ES,
Recursos hídricos,37,Programa cisternas: água para consumo,2020,,Presente,None,Dado indisponível,#DCDCDC,176,Cacique Doble/RS,
Recursos hídricos,37,Programa cisternas: água para consumo,2020,,Presente,None,Dado indisponível,#DCDCDC,5524,Cacoal/RO,
Recursos hídricos,37,Programa cisternas: água para consumo,2020,,Presente,None,Dado indisponível,#DCDCDC,1870,Caconde/SP,
Recursos hídricos,37,Programa cisternas: água para consumo,2020,,Presente,None,Dado indisponível,#DCDCDC,4968,Caçu/GO,
Recursos hídricos,37,Programa cisternas: água para consumo,2020,,Presente,None,Dado indisponível,#DCDCDC,861,Caetanópolis/MG,
Recursos hídricos,37,Programa cisternas: água para consumo,2020,,Presente,None,Dado indisponível,#DCDCDC,862,Caeté/MG,
Recursos hídricos,37,Programa cisternas: água para consumo,2020,,Presente,None,Dado indisponível,#DCDCDC,5086,Cafeara/PR,
Recursos hídricos,37,Programa cisternas: água para consumo,2020,,Presente,None,Dado indisponível,#DCDCDC,5087,Cafelândia/PR,
Recursos hídricos,37,Programa cisternas: água para consumo,2020,,Presente,None,Dado indisponível,#DCDCDC,1871,Cafelândia/SP,
Recursos hídricos,37,Programa cisternas: água para consumo,2020,,Presente,None,Dado indisponível,#DCDCDC,5088,Cafezal do Sul/PR,
Recursos hídricos,37,Programa cisternas: água para consumo,2020,,Presente,None,Dado indisponível,#DCDCDC,1872,Caiabu/SP,
Recursos hídricos,37,Programa cisternas: água para consumo,2020,,Presente,None,Dado indisponível,#DCDCDC,863,Caiana/MG,
Recursos hídricos,37,Programa cisternas: água para consumo,2020,,Presente,None,Dado indisponível,#DCDCDC,177,Caibaté/RS,
Recursos hídricos,37,Programa cisternas: água para consumo,2020,,Presente,None,Dado indisponível,#DCDCDC,39,Caibi/SC,
Recursos hídricos,37,Programa cisternas: água para consumo,2020,,Presente,None,Dado indisponível,#DCDCDC,178,Caiçara/RS,
Recursos hídricos,37,Programa cisternas: água para consumo,2020,,Presente,None,Dado indisponível,#DCDCDC,1873,Caieiras/SP,
Recursos hídricos,37,Programa cisternas: água para consumo,2020,,Presente,None,Dado indisponível,#DCDCDC,4613,Cairu/BA,
Recursos hídricos,37,Programa cisternas: água para consumo,2020,,Presente,None,Dado indisponível,#DCDCDC,1,Caiuá/SP,
Recursos hídricos,37,Programa cisternas: água para consumo,2020,,Presente,None,Dado indisponível,#DCDCDC,1874,Cajamar/SP,
Recursos hídricos,37,Programa cisternas: água para consumo,2020,,Presente,None,Dado indisponível,#DCDCDC,3230,Cajapió/MA,
Recursos hídricos,37,Programa cisternas: água para consumo,2020,,Presente,None,Dado indisponível,#DCDCDC,3231,Cajari/MA,
Recursos hídricos,37,Programa cisternas: água para consumo,2020,,Presente,None,Dado indisponível,#DCDCDC,1875,Cajati/SP,
Recursos hídricos,37,Programa cisternas: água para consumo,2020,,Presente,None,Dado indisponível,#DCDCDC,1876,Cajobi/SP,
Recursos hídricos,37,Programa cisternas: água para consumo,2020,,Presente,None,Dado indisponível,#DCDCDC,4399,Cajueiro/AL,
Recursos hídricos,37,Programa cisternas: água para consumo,2020,,Presente,None,Dado indisponível,#DCDCDC,3444,Cajueiro da Praia/PI,
Recursos hídricos,37,Programa cisternas: água para consumo,2020,,Presente,None,Dado indisponível,#DCDCDC,864,Cajuri/MG,
Recursos hídricos,37,Programa cisternas: água para consumo,2020,,Presente,None,Dado indisponível,#DCDCDC,1877,Cajuru/SP,
Recursos hídricos,37,Programa cisternas: água para consumo,2020,,Presente,None,Dado indisponível,#DCDCDC,5040,Calçoene/AP,
Recursos hídricos,37,Programa cisternas: água para consumo,2020,,Presente,None,Dado indisponível,#DCDCDC,865,Caldas/MG,
Recursos hídricos,37,Programa cisternas: água para consumo,2020,,Presente,None,Dado indisponível,#DCDCDC,2678,Caldas Novas/GO,
Recursos hídricos,37,Programa cisternas: água para consumo,2020,,Presente,None,Dado indisponível,#DCDCDC,2679,Caldazinha/GO,
Recursos hídricos,37,Programa cisternas: água para consumo,2020,,Presente,None,Dado indisponível,#DCDCDC,5439,Califórnia/PR,
Recursos hídricos,37,Programa cisternas: água para consumo,2020,,Presente,None,Dado indisponível,#DCDCDC,2414,Calmon/SC,
Recursos hídricos,37,Programa cisternas: água para consumo,2020,,Presente,None,Dado indisponível,#DCDCDC,683,Camacan/BA,
Recursos hídricos,37,Programa cisternas: água para consumo,2020,,Presente,None,Dado indisponível,#DCDCDC,4615,Camaçari/BA,
Recursos hídricos,37,Programa cisternas: água para consumo,2020,,Presente,None,Dado indisponível,#DCDCDC,866,Camacho/MG,
Recursos hídricos,37,Programa cisternas: água para consumo,2020,,Presente,None,Dado indisponível,#DCDCDC,4616,Camamu/BA,
Recursos hídricos,37,Programa cisternas: água para consumo,2020,,Presente,None,Dado indisponível,#DCDCDC,867,Camanducaia/MG,
Recursos hídricos,37,Programa cisternas: água para consumo,2020,,Presente,None,Dado indisponível,#DCDCDC,539,Camapuã/MS,
Recursos hídricos,37,Programa cisternas: água para consumo,2020,,Presente,None,Dado indisponível,#DCDCDC,179,Camaquã/RS,
Recursos hídricos,37,Programa cisternas: água para consumo,2020,,Presente,None,Dado indisponível,#DCDCDC,4238,Camaragibe/PE,
Recursos hídricos,37,Programa cisternas: água para consumo,2020,,Presente,None,Dado indisponível,#DCDCDC,180,Camargo/RS,
Recursos hídricos,37,Programa cisternas: água para consumo,2020,,Presente,None,Dado indisponível,#DCDCDC,2572,Cambará do Sul/RS,
Recursos hídricos,37,Programa cisternas: água para consumo,2020,,Presente,None,Dado indisponível,#DCDCDC,5326,Cambará/PR,
Recursos hídricos,37,Programa cisternas: água para consumo,2020,,Presente,None,Dado indisponível,#DCDCDC,5440,Cambé/PR,
Recursos hídricos,37,Programa cisternas: água para consumo,2020,,Presente,None,Dado indisponível,#DCDCDC,5089,Cambira/PR,
Recursos hídricos,37,Programa cisternas: água para consumo,2020,,Presente,None,Dado indisponível,#DCDCDC,2415,Camboriú/SC,
Recursos hídricos,37,Programa cisternas: água para consumo,2020,,Presente,None,Dado indisponível,#DCDCDC,1697,Cambuci/RJ,
Recursos hídricos,37,Programa cisternas: água para consumo,2020,,Presente,None,Dado indisponível,#DCDCDC,868,Cambuí/MG,
Recursos hídricos,37,Programa cisternas: água para consumo,2020,,Presente,None,Dado indisponível,#DCDCDC,869,Cambuquira/MG,
Recursos hídricos,37,Programa cisternas: água para consumo,2020,,Presente,None,Dado indisponível,#DCDCDC,2961,Cametá/PA,
Recursos hídricos,37,Programa cisternas: água para consumo,2020,,Presente,None,Dado indisponível,#DCDCDC,871,Campanha/MG,
Recursos hídricos,37,Programa cisternas: água para consumo,2020,,Presente,None,Dado indisponível,#DCDCDC,4400,Campestre/AL,
Recursos hídricos,37,Programa cisternas: água para consumo,2020,,Presente,None,Dado indisponível,#DCDCDC,2573,Campestre da Serra/RS,
Recursos hídricos,37,Programa cisternas: água para consumo,2020,,Presente,None,Dado indisponível,#DCDCDC,2680,Campestre de Goiás/GO,
Recursos hídricos,37,Programa cisternas: água para consumo,2020,,Presente,None,Dado indisponível,#DCDCDC,3232,Campestre do Maranhão/MA,
Recursos hídricos,37,Programa cisternas: água para consumo,2020,,Presente,None,Dado indisponível,#DCDCDC,872,Campestre/MG,
Recursos hídricos,37,Programa cisternas: água para consumo,2020,,Presente,None,Dado indisponível,#DCDCDC,4874,Campinaçu/GO,
Recursos hídricos,37,Programa cisternas: água para consumo,2020,,Presente,None,Dado indisponível,#DCDCDC,5090,Campina da Lagoa/PR,
Recursos hídricos,37,Programa cisternas: água para consumo,2020,,Presente,None,Dado indisponível,#DCDCDC,181,Campina das Missões/RS,
Recursos hídricos,37,Programa cisternas: água para consumo,2020,,Presente,None,Dado indisponível,#DCDCDC,1878,Campina do Monte Alegre/SP,
Recursos hídricos,37,Programa cisternas: água para consumo,2020,,Presente,None,Dado indisponível,#DCDCDC,5091,Campina do Simão/PR,
Recursos hídricos,37,Programa cisternas: água para consumo,2020,,Presente,None,Dado indisponível,#DCDCDC,5327,Campina Grande do Sul/PR,
Recursos hídricos,37,Programa cisternas: água para consumo,2020,,Presente,None,Dado indisponível,#DCDCDC,4950,Campinápolis/MT,
Recursos hídricos,37,Programa cisternas: água para consumo,2020,,Presente,None,Dado indisponível,#DCDCDC,182,Campinas do Sul/RS,
Recursos hídricos,37,Programa cisternas: água para consumo,2020,,Presente,None,Dado indisponível,#DCDCDC,1879,Campinas/SP,
Recursos hídricos,37,Programa cisternas: água para consumo,2020,,Presente,None,Dado indisponível,#DCDCDC,873,Campina Verde/MG,
Recursos hídricos,37,Programa cisternas: água para consumo,2020,,Presente,None,Dado indisponível,#DCDCDC,5013,Campinorte/GO,
Recursos hídricos,37,Programa cisternas: água para consumo,2020,,Presente,None,Dado indisponível,#DCDCDC,2681,Campo Alegre de Goiás/GO,
Recursos hídricos,37,Programa cisternas: água para consumo,2020,,Presente,None,Dado indisponível,#DCDCDC,2417,Campo Alegre/SC,
Recursos hídricos,37,Programa cisternas: água para consumo,2020,,Presente,None,Dado indisponível,#DCDCDC,2418,Campo Belo do Sul/SC,
Recursos hídricos,37,Programa cisternas: água para consumo,2020,,Presente,None,Dado indisponível,#DCDCDC,875,Campo Belo/MG,
Recursos hídricos,37,Programa cisternas: água para consumo,2020,,Presente,None,Dado indisponível,#DCDCDC,2574,Campo Bom/RS,
Recursos hídricos,37,Programa cisternas: água para consumo,2020,,Presente,None,Dado indisponível,#DCDCDC,5092,Campo Bonito/PR,
Recursos hídricos,37,Programa cisternas: água para consumo,2020,,Presente,None,Dado indisponível,#DCDCDC,4497,Campo do Brito/SE,
Recursos hídricos,37,Programa cisternas: água para consumo,2020,,Presente,None,Dado indisponível,#DCDCDC,876,Campo do Meio/MG,
Recursos hídricos,37,Programa cisternas: água para consumo,2020,,Presente,None,Dado indisponível,#DCDCDC,5328,Campo do Tenente/PR,
Recursos hídricos,37,Programa cisternas: água para consumo,2020,,Presente,None,Dado indisponível,#DCDCDC,40,Campo Erê/SC,
Recursos hídricos,37,Programa cisternas: água para consumo,2020,,Presente,None,Dado indisponível,#DCDCDC,877,Campo Florido/MG,
Recursos hídricos,37,Programa cisternas: água para consumo,2020,,Presente,None,Dado indisponível,#DCDCDC,540,Campo Grande/MS,
Recursos hídricos,37,Programa cisternas: água para consumo,2020,,Presente,None,Dado indisponível,#DCDCDC,5329,Campo Largo/PR,
Recursos hídricos,37,Programa cisternas: água para consumo,2020,,Presente,None,Dado indisponível,#DCDCDC,2682,Campo Limpo de Goiás/GO,
Recursos hídricos,37,Programa cisternas: água para consumo,2020,,Presente,None,Dado indisponível,#DCDCDC,1880,Campo Limpo Paulista/SP,
Recursos hídricos,37,Programa cisternas: água para consumo,2020,,Presente,None,Dado indisponível,#DCDCDC,5330,Campo Magro/PR,
Recursos hídricos,37,Programa cisternas: água para consumo,2020,,Presente,None,Dado indisponível,#DCDCDC,5093,Campo Mourão/PR,
Recursos hídricos,37,Programa cisternas: água para consumo,2020,,Presente,None,Dado indisponível,#DCDCDC,5551,Campo Novo de Rondônia/RO,
Recursos hídricos,37,Programa cisternas: água para consumo,2020,,Presente,None,Dado indisponível,#DCDCDC,4951,Campo Novo do Parecis/MT,
Recursos hídricos,37,Programa cisternas: água para consumo,2020,,Presente,None,Dado indisponível,#DCDCDC,183,Campo Novo/RS,
Recursos hídricos,37,Programa cisternas: água para consumo,2020,,Presente,None,Dado indisponível,#DCDCDC,878,Campos Altos/MG,
Recursos hídricos,37,Programa cisternas: água para consumo,2020,,Presente,None,Dado indisponível,#DCDCDC,4875,Campos Belos/GO,
Recursos hídricos,37,Programa cisternas: água para consumo,2020,,Presente,None,Dado indisponível,#DCDCDC,184,Campos Borges/RS,
Recursos hídricos,37,Programa cisternas: água para consumo,2020,,Presente,None,Dado indisponível,#DCDCDC,4952,Campos de Júlio/MT,
Recursos hídricos,37,Programa cisternas: água para consumo,2020,,Presente,None,Dado indisponível,#DCDCDC,1881,Campos do Jordão/SP,
Recursos hídricos,37,Programa cisternas: água para consumo,2020,,Presente,None,Dado indisponível,#DCDCDC,1700,Campos dos Goytacazes/RJ,
Recursos hídricos,37,Programa cisternas: água para consumo,2020,,Presente,None,Dado indisponível,#DCDCDC,879,Campos Gerais/MG,
Recursos hídricos,37,Programa cisternas: água para consumo,2020,,Presente,None,Dado indisponível,#DCDCDC,3077,Campos Lindos/TO,
Recursos hídricos,37,Programa cisternas: água para consumo,2020,,Presente,None,Dado indisponível,#DCDCDC,1882,Campos Novos Paulista/SP,
Recursos hídricos,37,Programa cisternas: água para consumo,2020,,Presente,None,Dado indisponível,#DCDCDC,4913,Campos Novos/SC,
Recursos hídricos,37,Programa cisternas: água para consumo,2020,,Presente,None,Dado indisponível,#DCDCDC,5014,Campos Verdes/GO,
Recursos hídricos,37,Programa cisternas: água para consumo,2020,,Presente,None,Dado indisponível,#DCDCDC,610,Campo Verde/MT,
Recursos hídricos,37,Programa cisternas: água para consumo,2020,,Presente,None,Dado indisponível,#DCDCDC,2962,Canaã dos Carajás/PA,
Recursos hídricos,37,Programa cisternas: água para consumo,2020,,Presente,None,Dado indisponível,#DCDCDC,880,Canaã/MG,
Recursos hídricos,37,Programa cisternas: água para consumo,2020,,Presente,None,Dado indisponível,#DCDCDC,5051,Canabrava do Norte/MT,
Recursos hídricos,37,Programa cisternas: água para consumo,2020,,Presente,None,Dado indisponível,#DCDCDC,1883,Cananéia/SP,
Recursos hídricos,37,Programa cisternas: água para consumo,2020,,Presente,None,Dado indisponível,#DCDCDC,881,Canápolis/MG,
Recursos hídricos,37,Programa cisternas: água para consumo,2020,,Presente,None,Dado indisponível,#DCDCDC,5052,Canarana/MT,
Recursos hídricos,37,Programa cisternas: água para consumo,2020,,Presente,None,Dado indisponível,#DCDCDC,1884,Canas/SP,
Recursos hídricos,37,Programa cisternas: água para consumo,2020,,Presente,None,Dado indisponível,#DCDCDC,882,Cana Verde/MG,
Recursos hídricos,37,Programa cisternas: água para consumo,2020,,Presente,None,Dado indisponível,#DCDCDC,684,Canavieiras/BA,
Recursos hídricos,37,Programa cisternas: água para consumo,2020,,Presente,None,Dado indisponível,#DCDCDC,4622,Candeias/BA,
Recursos hídricos,37,Programa cisternas: água para consumo,2020,,Presente,None,Dado indisponível,#DCDCDC,5552,Candeias do Jamari/RO,
Recursos hídricos,37,Programa cisternas: água para consumo,2020,,Presente,None,Dado indisponível,#DCDCDC,883,Candeias/MG,
Recursos hídricos,37,Programa cisternas: água para consumo,2020,,Presente,None,Dado indisponível,#DCDCDC,185,Candelária/RS,
Recursos hídricos,37,Programa cisternas: água para consumo,2020,,Presente,None,Dado indisponível,#DCDCDC,5441,Cândido de Abreu/PR,
Recursos hídricos,37,Programa cisternas: água para consumo,2020,,Presente,None,Dado indisponível,#DCDCDC,186,Cândido Godói/RS,
Recursos hídricos,37,Programa cisternas: água para consumo,2020,,Presente,None,Dado indisponível,#DCDCDC,3233,Cândido Mendes/MA,
Recursos hídricos,37,Programa cisternas: água para consumo,2020,,Presente,None,Dado indisponível,#DCDCDC,1885,Cândido Mota/SP,
Recursos hídricos,37,Programa cisternas: água para consumo,2020,,Presente,None,Dado indisponível,#DCDCDC,1886,Cândido Rodrigues/SP,
Recursos hídricos,37,Programa cisternas: água para consumo,2020,,Presente,None,Dado indisponível,#DCDCDC,5094,Candói/PR,
Recursos hídricos,37,Programa cisternas: água para consumo,2020,,Presente,None,Dado indisponível,#DCDCDC,2575,Canela/RS,
Recursos hídricos,37,Programa cisternas: água para consumo,2020,,Presente,None,Dado indisponível,#DCDCDC,2419,Canelinha/SC,
Recursos hídricos,37,Programa cisternas: água para consumo,2020,,Presente,None,Dado indisponível,#DCDCDC,3836,Canguaretama/RN,
Recursos hídricos,37,Programa cisternas: água para consumo,2020,,Presente,None,Dado indisponível,#DCDCDC,188,Canguçu/RS,
Recursos hídricos,37,Programa cisternas: água para consumo,2020,,Presente,None,Dado indisponível,#DCDCDC,1887,Canitar/SP,
Recursos hídricos,37,Programa cisternas: água para consumo,2020,,Presente,None,Dado indisponível,#DCDCDC,2576,Canoas/RS,
Recursos hídricos,37,Programa cisternas: água para consumo,2020,,Presente,None,Dado indisponível,#DCDCDC,2420,Canoinhas/SC,
Recursos hídricos,37,Programa cisternas: água para consumo,2020,,Presente,None,Dado indisponível,#DCDCDC,5095,Cantagalo/PR,
Recursos hídricos,37,Programa cisternas: água para consumo,2020,,Presente,None,Dado indisponível,#DCDCDC,1701,Cantagalo/RJ,
Recursos hídricos,37,Programa cisternas: água para consumo,2020,,Presente,None,Dado indisponível,#DCDCDC,2847,Cantá/RR,
Recursos hídricos,37,Programa cisternas: água para consumo,2020,,Presente,None,Dado indisponível,#DCDCDC,189,Canudos do Vale/RS,
Recursos hídricos,37,Programa cisternas: água para consumo,2020,,Presente,None,Dado indisponível,#DCDCDC,5474,Canutama/AM,
Recursos hídricos,37,Programa cisternas: água para consumo,2020,,Presente,None,Dado indisponível,#DCDCDC,2963,Capanema/PA,
Recursos hídricos,37,Programa cisternas: água para consumo,2020,,Presente,None,Dado indisponível,#DCDCDC,5096,Capanema/PR,
Recursos hídricos,37,Programa cisternas: água para consumo,2020,,Presente,None,Dado indisponível,#DCDCDC,2416,Capão Alto/SC,
Recursos hídricos,37,Programa cisternas: água para consumo,2020,,Presente,None,Dado indisponível,#DCDCDC,4928,Capão Bonito do Sul/RS,
Recursos hídricos,37,Programa cisternas: água para consumo,2020,,Presente,None,Dado indisponível,#DCDCDC,1888,Capão Bonito/SP,
Recursos hídricos,37,Programa cisternas: água para consumo,2020,,Presente,None,Dado indisponível,#DCDCDC,2577,Capão da Canoa/RS,
Recursos hídricos,37,Programa cisternas: água para consumo,2020,,Presente,None,Dado indisponível,#DCDCDC,190,Capão do Cipó/RS,
Recursos hídricos,37,Programa cisternas: água para consumo,2020,,Presente,None,Dado indisponível,#DCDCDC,191,Capão do Leão/RS,
Recursos hídricos,37,Programa cisternas: água para consumo,2020,,Presente,None,Dado indisponível,#DCDCDC,885,Caparaó/MG,
Recursos hídricos,37,Programa cisternas: água para consumo,2020,,Presente,None,Dado indisponível,#DCDCDC,4404,Capela/AL,
Recursos hídricos,37,Programa cisternas: água para consumo,2020,,Presente,None,Dado indisponível,#DCDCDC,4929,Capela de Santana/RS,
Recursos hídricos,37,Programa cisternas: água para consumo,2020,,Presente,None,Dado indisponível,#DCDCDC,1889,Capela do Alto/SP,
Recursos hídricos,37,Programa cisternas: água para consumo,2020,,Presente,None,Dado indisponível,#DCDCDC,886,Capela Nova/MG,
Recursos hídricos,37,Programa cisternas: água para consumo,2020,,Presente,None,Dado indisponível,#DCDCDC,4500,Capela/SE,
Recursos hídricos,37,Programa cisternas: água para consumo,2020,,Presente,None,Dado indisponível,#DCDCDC,887,Capelinha/MG,
Recursos hídricos,37,Programa cisternas: água para consumo,2020,,Presente,None,Dado indisponível,#DCDCDC,888,Capetinga/MG,
Recursos hídricos,37,Programa cisternas: água para consumo,2020,,Presente,None,Dado indisponível,#DCDCDC,889,Capim Branco/MG,
Recursos hídricos,37,Programa cisternas: água para consumo,2020,,Presente,None,Dado indisponível,#DCDCDC,4031,Capim/PB,
Recursos hídricos,37,Programa cisternas: água para consumo,2020,,Presente,None,Dado indisponível,#DCDCDC,890,Capinópolis/MG,
Recursos hídricos,37,Programa cisternas: água para consumo,2020,,Presente,None,Dado indisponível,#DCDCDC,3235,Capinzal do Norte/MA,
Recursos hídricos,37,Programa cisternas: água para consumo,2020,,Presente,None,Dado indisponível,#DCDCDC,41,Capinzal/SC,
Recursos hídricos,37,Programa cisternas: água para consumo,2020,,Presente,None,Dado indisponível,#DCDCDC,5097,Capitão Leônidas Marques/PR,
Recursos hídricos,37,Programa cisternas: água para consumo,2020,,Presente,None,Dado indisponível,#DCDCDC,2964,Capitão Poço/PA,
Recursos hídricos,37,Programa cisternas: água para consumo,2020,,Presente,None,Dado indisponível,#DCDCDC,192,Capitão/RS,
Recursos hídricos,37,Programa cisternas: água para consumo,2020,,Presente,None,Dado indisponível,#DCDCDC,893,Capitólio/MG,
Recursos hídricos,37,Programa cisternas: água para consumo,2020,,Presente,None,Dado indisponível,#DCDCDC,2421,Capivari de Baixo/SC,
Recursos hídricos,37,Programa cisternas: água para consumo,2020,,Presente,None,Dado indisponível,#DCDCDC,2578,Capivari do Sul/RS,
Recursos hídricos,37,Programa cisternas: água para consumo,2020,,Presente,None,Dado indisponível,#DCDCDC,1890,Capivari/SP,
Recursos hídricos,37,Programa cisternas: água para consumo,2020,,Presente,None,Dado indisponível,#DCDCDC,2825,Capixaba/AC,
Recursos hídricos,37,Programa cisternas: água para consumo,2020,,Presente,None,Dado indisponível,#DCDCDC,894,Caputira/MG,
Recursos hídricos,37,Programa cisternas: água para consumo,2020,,Presente,None,Dado indisponível,#DCDCDC,2579,Caraá/RS,
Recursos hídricos,37,Programa cisternas: água para consumo,2020,,Presente,None,Dado indisponível,#DCDCDC,2848,Caracaraí/RR,
Recursos hídricos,37,Programa cisternas: água para consumo,2020,,Presente,None,Dado indisponível,#DCDCDC,541,Caracol/MS,
Recursos hídricos,37,Programa cisternas: água para consumo,2020,,Presente,None,Dado indisponível,#DCDCDC,1891,Caraguatatuba/SP,
Recursos hídricos,37,Programa cisternas: água para consumo,2020,,Presente,None,Dado indisponível,#DCDCDC,5331,Carambeí/PR,
Recursos hídricos,37,Programa cisternas: água para consumo,2020,,Presente,None,Dado indisponível,#DCDCDC,896,Caranaíba/MG,
Recursos hídricos,37,Programa cisternas: água para consumo,2020,,Presente,None,Dado indisponível,#DCDCDC,897,Carandaí/MG,
Recursos hídricos,37,Programa cisternas: água para consumo,2020,,Presente,None,Dado indisponível,#DCDCDC,898,Carangola/MG,
Recursos hídricos,37,Programa cisternas: água para consumo,2020,,Presente,None,Dado indisponível,#DCDCDC,1698,Carapebus/RJ,
Recursos hídricos,37,Programa cisternas: água para consumo,2020,,Presente,None,Dado indisponível,#DCDCDC,1892,Carapicuíba/SP,
Recursos hídricos,37,Programa cisternas: água para consumo,2020,,Presente,None,Dado indisponível,#DCDCDC,899,Caratinga/MG,
Recursos hídricos,37,Programa cisternas: água para consumo,2020,,Presente,None,Dado indisponível,#DCDCDC,688,Caravelas/BA,
Recursos hídricos,37,Programa cisternas: água para consumo,2020,,Presente,None,Dado indisponível,#DCDCDC,193,Carazinho/RS,
Recursos hídricos,37,Programa cisternas: água para consumo,2020,,Presente,None,Dado indisponível,#DCDCDC,900,Carbonita/MG,
Recursos hídricos,37,Programa cisternas: água para consumo,2020,,Presente,None,Dado indisponível,#DCDCDC,4627,Cardeal da Silva/BA,
Recursos hídricos,37,Programa cisternas: água para consumo,2020,,Presente,None,Dado indisponível,#DCDCDC,1702,Cardoso Moreira/RJ,
Recursos hídricos,37,Programa cisternas: água para consumo,2020,,Presente,None,Dado indisponível,#DCDCDC,1893,Cardoso/SP,
Recursos hídricos,37,Programa cisternas: água para consumo,2020,,Presente,None,Dado indisponível,#DCDCDC,901,Careaçu/MG,
Recursos hídricos,37,Programa cisternas: água para consumo,2020,,Presente,None,Dado indisponível,#DCDCDC,5476,Careiro/AM,
Recursos hídricos,37,Programa cisternas: água para consumo,2020,,Presente,None,Dado indisponível,#DCDCDC,5477,Careiro da Várzea/AM,
Recursos hídricos,37,Programa cisternas: água para consumo,2020,,Presente,None,Dado indisponível,#DCDCDC,1622,Cariacica/ES,
Recursos hídricos,37,Programa cisternas: água para consumo,2020,,Presente,None,Dado indisponível,#DCDCDC,3078,Cariri do Tocantins/TO,
Recursos hídricos,37,Programa cisternas: água para consumo,2020,,Presente,None,Dado indisponível,#DCDCDC,2892,Carlinda/MT,
Recursos hídricos,37,Programa cisternas: água para consumo,2020,,Presente,None,Dado indisponível,#DCDCDC,5332,Carlópolis/PR,
Recursos hídricos,37,Programa cisternas: água para consumo,2020,,Presente,None,Dado indisponível,#DCDCDC,4930,Carlos Barbosa/RS,
Recursos hídricos,37,Programa cisternas: água para consumo,2020,,Presente,None,Dado indisponível,#DCDCDC,194,Carlos Gomes/RS,
Recursos hídricos,37,Programa cisternas: água para consumo,2020,,Presente,None,Dado indisponível,#DCDCDC,904,Carmo da Cachoeira/MG,
Recursos hídricos,37,Programa cisternas: água para consumo,2020,,Presente,None,Dado indisponível,#DCDCDC,905,Carmo da Mata/MG,
Recursos hídricos,37,Programa cisternas: água para consumo,2020,,Presente,None,Dado indisponível,#DCDCDC,906,Carmo de Minas/MG,
Recursos hídricos,37,Programa cisternas: água para consumo,2020,,Presente,None,Dado indisponível,#DCDCDC,907,Carmo do Cajuru/MG,
Recursos hídricos,37,Programa cisternas: água para consumo,2020,,Presente,None,Dado indisponível,#DCDCDC,908,Carmo do Paranaíba/MG,
Recursos hídricos,37,Programa cisternas: água para consumo,2020,,Presente,None,Dado indisponível,#DCDCDC,909,Carmo do Rio Claro/MG,
Recursos hídricos,37,Programa cisternas: água para consumo,2020,,Presente,None,Dado indisponível,#DCDCDC,2683,Carmo do Rio Verde/GO,
Recursos hídricos,37,Programa cisternas: água para consumo,2020,,Presente,None,Dado indisponível,#DCDCDC,3079,Carmolândia/TO,
Recursos hídricos,37,Programa cisternas: água para consumo,2020,,Presente,None,Dado indisponível,#DCDCDC,910,Carmópolis de Minas/MG,
Recursos hídricos,37,Programa cisternas: água para consumo,2020,,Presente,None,Dado indisponível,#DCDCDC,4502,Carmópolis/SE,
Recursos hídricos,37,Programa cisternas: água para consumo,2020,,Presente,None,Dado indisponível,#DCDCDC,1703,Carmo/RJ,
Recursos hídricos,37,Programa cisternas: água para consumo,2020,,Presente,None,Dado indisponível,#DCDCDC,911,Carneirinho/MG,
Recursos hídricos,37,Programa cisternas: água para consumo,2020,,Presente,None,Dado indisponível,#DCDCDC,2849,Caroebe/RR,
Recursos hídricos,37,Programa cisternas: água para consumo,2020,,Presente,None,Dado indisponível,#DCDCDC,3236,Carolina/MA,
Recursos hídricos,37,Programa cisternas: água para consumo,2020,,Presente,None,Dado indisponível,#DCDCDC,912,Carrancas/MG,
Recursos hídricos,37,Programa cisternas: água para consumo,2020,,Presente,None,Dado indisponível,#DCDCDC,3080,Carrasco Bonito/TO,
Recursos hídricos,37,Programa cisternas: água para consumo,2020,,Presente,None,Dado indisponível,#DCDCDC,3237,Carutapera/MA,
Recursos hídricos,37,Programa cisternas: água para consumo,2020,,Presente,None,Dado indisponível,#DCDCDC,913,Carvalhópolis/MG,
Recursos hídricos,37,Programa cisternas: água para consumo,2020,,Presente,None,Dado indisponível,#DCDCDC,914,Carvalhos/MG,
Recursos hídricos,37,Programa cisternas: água para consumo,2020,,Presente,None,Dado indisponível,#DCDCDC,1894,Casa Branca/SP,
Recursos hídricos,37,Programa cisternas: água para consumo,2020,,Presente,None,Dado indisponível,#DCDCDC,915,Casa Grande/MG,
Recursos hídricos,37,Programa cisternas: água para consumo,2020,,Presente,None,Dado indisponível,#DCDCDC,916,Cascalho Rico/MG,
Recursos hídricos,37,Programa cisternas: água para consumo,2020,,Presente,None,Dado indisponível,#DCDCDC,195,Casca/RS,
Recursos hídricos,37,Programa cisternas: água para consumo,2020,,Presente,None,Dado indisponível,#DCDCDC,5098,Cascavel/PR,
Recursos hídricos,37,Programa cisternas: água para consumo,2020,,Presente,None,Dado indisponível,#DCDCDC,3081,Caseara/TO,
Recursos hídricos,37,Programa cisternas: água para consumo,2020,,Presente,None,Dado indisponível,#DCDCDC,196,Caseiros/RS,
Recursos hídricos,37,Programa cisternas: água para consumo,2020,,Presente,None,Dado indisponível,#DCDCDC,1704,Casimiro de Abreu/RJ,
Recursos hídricos,37,Programa cisternas: água para consumo,2020,,Presente,None,Dado indisponível,#DCDCDC,1895,Cássia dos Coqueiros/SP,
Recursos hídricos,37,Programa cisternas: água para consumo,2020,,Presente,None,Dado indisponível,#DCDCDC,917,Cássia/MG,
Recursos hídricos,37,Programa cisternas: água para consumo,2020,,Presente,None,Dado indisponível,#DCDCDC,542,Cassilândia/MS,
Recursos hídricos,37,Programa cisternas: água para consumo,2020,,Presente,None,Dado indisponível,#DCDCDC,2965,Castanhal/PA,
Recursos hídricos,37,Programa cisternas: água para consumo,2020,,Presente,None,Dado indisponível,#DCDCDC,2893,Castanheira/MT,
Recursos hídricos,37,Programa cisternas: água para consumo,2020,,Presente,None,Dado indisponível,#DCDCDC,5553,Castanheiras/RO,
Recursos hídricos,37,Programa cisternas: água para consumo,2020,,Presente,None,Dado indisponível,#DCDCDC,2684,Castelândia/GO,
Recursos hídricos,37,Programa cisternas: água para consumo,2020,,Presente,None,Dado indisponível,#DCDCDC,1623,Castelo/ES,
Recursos hídricos,37,Programa cisternas: água para consumo,2020,,Presente,None,Dado indisponível,#DCDCDC,2,Castilho/SP,
Recursos hídricos,37,Programa cisternas: água para consumo,2020,,Presente,None,Dado indisponível,#DCDCDC,5333,Castro/PR,
Recursos hídricos,37,Programa cisternas: água para consumo,2020,,Presente,None,Dado indisponível,#DCDCDC,919,Cataguases/MG,
Recursos hídricos,37,Programa cisternas: água para consumo,2020,,Presente,None,Dado indisponível,#DCDCDC,2685,Catalão/GO,
Recursos hídricos,37,Programa cisternas: água para consumo,2020,,Presente,None,Dado indisponível,#DCDCDC,1896,Catanduva/SP,
Recursos hídricos,37,Programa cisternas: água para consumo,2020,,Presente,None,Dado indisponível,#DCDCDC,5099,Catanduvas/PR,
Recursos hídricos,37,Programa cisternas: água para consumo,2020,,Presente,None,Dado indisponível,#DCDCDC,42,Catanduvas/SC,
Recursos hídricos,37,Programa cisternas: água para consumo,2020,,Presente,None,Dado indisponível,#DCDCDC,921,Catas Altas da Noruega/MG,
Recursos hídricos,37,Programa cisternas: água para consumo,2020,,Presente,None,Dado indisponível,#DCDCDC,920,Catas Altas/MG,
Recursos hídricos,37,Programa cisternas: água para consumo,2020,,Presente,None,Dado indisponível,#DCDCDC,4248,Catende/PE,
Recursos hídricos,37,Programa cisternas: água para consumo,2020,,Presente,None,Dado indisponível,#DCDCDC,1897,Catiguá/SP,
Recursos hídricos,37,Programa cisternas: água para consumo,2020,,Presente,None,Dado indisponível,#DCDCDC,4631,Catu/BA,
Recursos hídricos,37,Programa cisternas: água para consumo,2020,,Presente,None,Dado indisponível,#DCDCDC,197,Catuípe/RS,
Recursos hídricos,37,Programa cisternas: água para consumo,2020,,Presente,None,Dado indisponível,#DCDCDC,2686,Caturaí/GO,
Recursos hídricos,37,Programa cisternas: água para consumo,2020,,Presente,None,Dado indisponível,#DCDCDC,43,Caxambu do Sul/SC,
Recursos hídricos,37,Programa cisternas: água para consumo,2020,,Presente,None,Dado indisponível,#DCDCDC,924,Caxambu/MG,
Recursos hídricos,37,Programa cisternas: água para consumo,2020,,Presente,None,Dado indisponível,#DCDCDC,2580,Caxias do Sul/RS,
Recursos hídricos,37,Programa cisternas: água para consumo,2020,,Presente,None,Dado indisponível,#DCDCDC,3239,Cedral/MA,
Recursos hídricos,37,Programa cisternas: água para consumo,2020,,Presente,None,Dado indisponível,#DCDCDC,1898,Cedral/SP,
Recursos hídricos,37,Programa cisternas: água para consumo,2020,,Presente,None,Dado indisponível,#DCDCDC,925,Cedro do Abaeté/MG,
Recursos hídricos,37,Programa cisternas: água para consumo,2020,,Presente,None,Dado indisponível,#DCDCDC,4914,Celso Ramos/SC,
Recursos hídricos,37,Programa cisternas: água para consumo,2020,,Presente,None,Dado indisponível,#DCDCDC,5100,Centenário do Sul/PR,
Recursos hídricos,37,Programa cisternas: água para consumo,2020,,Presente,None,Dado indisponível,#DCDCDC,198,Centenário/RS,
Recursos hídricos,37,Programa cisternas: água para consumo,2020,,Presente,None,Dado indisponível,#DCDCDC,3082,Centenário/TO,
Recursos hídricos,37,Programa cisternas: água para consumo,2020,,Presente,None,Dado indisponível,#DCDCDC,3240,Central do Maranhão/MA,
Recursos hídricos,37,Programa cisternas: água para consumo,2020,,Presente,None,Dado indisponível,#DCDCDC,927,Centralina/MG,
Recursos hídricos,37,Programa cisternas: água para consumo,2020,,Presente,None,Dado indisponível,#DCDCDC,3241,Centro do Guilherme/MA,
Recursos hídricos,37,Programa cisternas: água para consumo,2020,,Presente,None,Dado indisponível,#DCDCDC,3242,Centro Novo do Maranhão/MA,
Recursos hídricos,37,Programa cisternas: água para consumo,2020,,Presente,None,Dado indisponível,#DCDCDC,5525,Cerejeiras/RO,
Recursos hídricos,37,Programa cisternas: água para consumo,2020,,Presente,None,Dado indisponível,#DCDCDC,2687,Ceres/GO,
Recursos hídricos,37,Programa cisternas: água para consumo,2020,,Presente,None,Dado indisponível,#DCDCDC,1899,Cerqueira César/SP,
Recursos hídricos,37,Programa cisternas: água para consumo,2020,,Presente,None,Dado indisponível,#DCDCDC,1900,Cerquilho/SP,
Recursos hídricos,37,Programa cisternas: água para consumo,2020,,Presente,None,Dado indisponível,#DCDCDC,199,Cerrito/RS,
Recursos hídricos,37,Programa cisternas: água para consumo,2020,,Presente,None,Dado indisponível,#DCDCDC,5334,Cerro Azul/PR,
Recursos hídricos,37,Programa cisternas: água para consumo,2020,,Presente,None,Dado indisponível,#DCDCDC,200,Cerro Branco/RS,
Recursos hídricos,37,Programa cisternas: água para consumo,2020,,Presente,None,Dado indisponível,#DCDCDC,202,Cerro Grande do Sul/RS,
Recursos hídricos,37,Programa cisternas: água para consumo,2020,,Presente,None,Dado indisponível,#DCDCDC,201,Cerro Grande/RS,
Recursos hídricos,37,Programa cisternas: água para consumo,2020,,Presente,None,Dado indisponível,#DCDCDC,203,Cerro Largo/RS,
Recursos hídricos,37,Programa cisternas: água para consumo,2020,,Presente,None,Dado indisponível,#DCDCDC,2422,Cerro Negro/SC,
Recursos hídricos,37,Programa cisternas: água para consumo,2020,,Presente,None,Dado indisponível,#DCDCDC,1901,Cesário Lange/SP,
Recursos hídricos,37,Programa cisternas: água para consumo,2020,,Presente,None,Dado indisponível,#DCDCDC,5101,Céu Azul/PR,
Recursos hídricos,37,Programa cisternas: água para consumo,2020,,Presente,None,Dado indisponível,#DCDCDC,2688,Cezarina/GO,
Recursos hídricos,37,Programa cisternas: água para consumo,2020,,Presente,None,Dado indisponível,#DCDCDC,928,Chácara/MG,
Recursos hídricos,37,Programa cisternas: água para consumo,2020,,Presente,None,Dado indisponível,#DCDCDC,4250,Chã de Alegria/PE,
Recursos hídricos,37,Programa cisternas: água para consumo,2020,,Presente,None,Dado indisponível,#DCDCDC,929,Chalé/MG,
Recursos hídricos,37,Programa cisternas: água para consumo,2020,,Presente,None,Dado indisponível,#DCDCDC,3084,Chapada da Natividade/TO,
Recursos hídricos,37,Programa cisternas: água para consumo,2020,,Presente,None,Dado indisponível,#DCDCDC,3083,Chapada de Areia/TO,
Recursos hídricos,37,Programa cisternas: água para consumo,2020,,Presente,None,Dado indisponível,#DCDCDC,611,Chapada dos Guimarães/MT,
Recursos hídricos,37,Programa cisternas: água para consumo,2020,,Presente,None,Dado indisponível,#DCDCDC,662,Chapadão do Céu/GO,
Recursos hídricos,37,Programa cisternas: água para consumo,2020,,Presente,None,Dado indisponível,#DCDCDC,2423,Chapadão do Lageado/SC,
Recursos hídricos,37,Programa cisternas: água para consumo,2020,,Presente,None,Dado indisponível,#DCDCDC,543,Chapadão do Sul/MS,
Recursos hídricos,37,Programa cisternas: água para consumo,2020,,Presente,None,Dado indisponível,#DCDCDC,204,Chapada/RS,
Recursos hídricos,37,Programa cisternas: água para consumo,2020,,Presente,None,Dado indisponível,#DCDCDC,4406,Chã Preta/AL,
Recursos hídricos,37,Programa cisternas: água para consumo,2020,,Presente,None,Dado indisponível,#DCDCDC,1902,Charqueada/SP,
Recursos hídricos,37,Programa cisternas: água para consumo,2020,,Presente,None,Dado indisponível,#DCDCDC,205,Charqueadas/RS,
Recursos hídricos,37,Programa cisternas: água para consumo,2020,,Presente,None,Dado indisponível,#DCDCDC,206,Charrua/RS,
Recursos hídricos,37,Programa cisternas: água para consumo,2020,,Presente,None,Dado indisponível,#DCDCDC,2377,Chavantes/SP,
Recursos hídricos,37,Programa cisternas: água para consumo,2020,,Presente,None,Dado indisponível,#DCDCDC,2966,Chaves/PA,
Recursos hídricos,37,Programa cisternas: água para consumo,2020,,Presente,None,Dado indisponível,#DCDCDC,932,Chiador/MG,
Recursos hídricos,37,Programa cisternas: água para consumo,2020,,Presente,None,Dado indisponível,#DCDCDC,207,Chiapetta/RS,
Recursos hídricos,37,Programa cisternas: água para consumo,2020,,Presente,None,Dado indisponível,#DCDCDC,5102,Chopinzinho/PR,
Recursos hídricos,37,Programa cisternas: água para consumo,2020,,Presente,None,Dado indisponível,#DCDCDC,208,Chuí/RS,
Recursos hídricos,37,Programa cisternas: água para consumo,2020,,Presente,None,Dado indisponível,#DCDCDC,5554,Chupinguaia/RO,
Recursos hídricos,37,Programa cisternas: água para consumo,2020,,Presente,None,Dado indisponível,#DCDCDC,209,Chuvisca/RS,
Recursos hídricos,37,Programa cisternas: água para consumo,2020,,Presente,None,Dado indisponível,#DCDCDC,5103,Cianorte/PR,
Recursos hídricos,37,Programa cisternas: água para consumo,2020,,Presente,None,Dado indisponível,#DCDCDC,5104,Cidade Gaúcha/PR,
Recursos hídricos,37,Programa cisternas: água para consumo,2020,,Presente,None,Dado indisponível,#DCDCDC,2689,Cidade Ocidental/GO,
Recursos hídricos,37,Programa cisternas: água para consumo,2020,,Presente,None,Dado indisponível,#DCDCDC,3244,Cidelândia/MA,
Recursos hídricos,37,Programa cisternas: água para consumo,2020,,Presente,None,Dado indisponível,#DCDCDC,2581,Cidreira/RS,
Recursos hídricos,37,Programa cisternas: água para consumo,2020,,Presente,None,Dado indisponível,#DCDCDC,933,Cipotânea/MG,
Recursos hídricos,37,Programa cisternas: água para consumo,2020,,Presente,None,Dado indisponível,#DCDCDC,210,Ciríaco/RS,
Recursos hídricos,37,Programa cisternas: água para consumo,2020,,Presente,None,Dado indisponível,#DCDCDC,934,Claraval/MG,
Recursos hídricos,37,Programa cisternas: água para consumo,2020,,Presente,None,Dado indisponível,#DCDCDC,935,Claro dos Poções/MG,
Recursos hídricos,37,Programa cisternas: água para consumo,2020,,Presente,None,Dado indisponível,#DCDCDC,2894,Cláudia/MT,
Recursos hídricos,37,Programa cisternas: água para consumo,2020,,Presente,None,Dado indisponível,#DCDCDC,936,Cláudio/MG,
Recursos hídricos,37,Programa cisternas: água para consumo,2020,,Presente,None,Dado indisponível,#DCDCDC,1903,Clementina/SP,
Recursos hídricos,37,Programa cisternas: água para consumo,2020,,Presente,None,Dado indisponível,#DCDCDC,5105,Clevelândia/PR,
Recursos hídricos,37,Programa cisternas: água para consumo,2020,,Presente,None,Dado indisponível,#DCDCDC,689,Coaraci/BA,
Recursos hídricos,37,Programa cisternas: água para consumo,2020,,Presente,None,Dado indisponível,#DCDCDC,5478,Coari/AM,
Recursos hídricos,37,Programa cisternas: água para consumo,2020,,Presente,None,Dado indisponível,#DCDCDC,2424,Cocal do Sul/SC,
Recursos hídricos,37,Programa cisternas: água para consumo,2020,,Presente,None,Dado indisponível,#DCDCDC,4953,Cocalinho/MT,
Recursos hídricos,37,Programa cisternas: água para consumo,2020,,Presente,None,Dado indisponível,#DCDCDC,2690,Cocalzinho de Goiás/GO,
Recursos hídricos,37,Programa cisternas: água para consumo,2020,,Presente,None,Dado indisponível,#DCDCDC,5479,Codajás/AM,
Recursos hídricos,37,Programa cisternas: água para consumo,2020,,Presente,None,Dado indisponível,#DCDCDC,3245,Codó/MA,
Recursos hídricos,37,Programa cisternas: água para consumo,2020,,Presente,None,Dado indisponível,#DCDCDC,3246,Coelho Neto/MA,
Recursos hídricos,37,Programa cisternas: água para consumo,2020,,Presente,None,Dado indisponível,#DCDCDC,937,Coimbra/MG,
Recursos hídricos,37,Programa cisternas: água para consumo,2020,,Presente,None,Dado indisponível,#DCDCDC,2967,Colares/PA,
Recursos hídricos,37,Programa cisternas: água para consumo,2020,,Presente,None,Dado indisponível,#DCDCDC,1624,Colatina/ES,
Recursos hídricos,37,Programa cisternas: água para consumo,2020,,Presente,None,Dado indisponível,#DCDCDC,2895,Colíder/MT,
Recursos hídricos,37,Programa cisternas: água para consumo,2020,,Presente,None,Dado indisponível,#DCDCDC,5015,Colinas do Sul/GO,
Recursos hídricos,37,Programa cisternas: água para consumo,2020,,Presente,None,Dado indisponível,#DCDCDC,3085,Colinas do Tocantins/TO,
Recursos hídricos,37,Programa cisternas: água para consumo,2020,,Presente,None,Dado indisponível,#DCDCDC,1904,Colina/SP,
Recursos hídricos,37,Programa cisternas: água para consumo,2020,,Presente,None,Dado indisponível,#DCDCDC,211,Colinas/RS,
Recursos hídricos,37,Programa cisternas: água para consumo,2020,,Presente,None,Dado indisponível,#DCDCDC,3144,Colméia/TO,
Recursos hídricos,37,Programa cisternas: água para consumo,2020,,Presente,None,Dado indisponível,#DCDCDC,2896,Colniza/MT,
Recursos hídricos,37,Programa cisternas: água para consumo,2020,,Presente,None,Dado indisponível,#DCDCDC,1905,Colômbia/SP,
Recursos hídricos,37,Programa cisternas: água para consumo,2020,,Presente,None,Dado indisponível,#DCDCDC,5335,Colombo/PR,
Recursos hídricos,37,Programa cisternas: água para consumo,2020,,Presente,None,Dado indisponível,#DCDCDC,4408,Colônia Leopoldina/AL,
Recursos hídricos,37,Programa cisternas: água para consumo,2020,,Presente,None,Dado indisponível,#DCDCDC,5526,Colorado do Oeste/RO,
Recursos hídricos,37,Programa cisternas: água para consumo,2020,,Presente,None,Dado indisponível,#DCDCDC,5106,Colorado/PR,
Recursos hídricos,37,Programa cisternas: água para consumo,2020,,Presente,None,Dado indisponível,#DCDCDC,212,Colorado/RS,
Recursos hídricos,37,Programa cisternas: água para consumo,2020,,Presente,None,Dado indisponível,#DCDCDC,938,Coluna/MG,
Recursos hídricos,37,Programa cisternas: água para consumo,2020,,Presente,None,Dado indisponível,#DCDCDC,3086,Combinado/TO,
Recursos hídricos,37,Programa cisternas: água para consumo,2020,,Presente,None,Dado indisponível,#DCDCDC,939,Comendador Gomes/MG,
Recursos hídricos,37,Programa cisternas: água para consumo,2020,,Presente,None,Dado indisponível,#DCDCDC,1699,Comendador Levy Gasparian/RJ,
Recursos hídricos,37,Programa cisternas: água para consumo,2020,,Presente,None,Dado indisponível,#DCDCDC,2897,Comodoro/MT,
Recursos hídricos,37,Programa cisternas: água para consumo,2020,,Presente,None,Dado indisponível,#DCDCDC,941,Conceição da Aparecida/MG,
Recursos hídricos,37,Programa cisternas: água para consumo,2020,,Presente,None,Dado indisponível,#DCDCDC,918,Conceição da Barra de Minas/MG,
Recursos hídricos,37,Programa cisternas: água para consumo,2020,,Presente,None,Dado indisponível,#DCDCDC,943,Conceição das Alagoas/MG,
Recursos hídricos,37,Programa cisternas: água para consumo,2020,,Presente,None,Dado indisponível,#DCDCDC,942,Conceição das Pedras/MG,
Recursos hídricos,37,Programa cisternas: água para consumo,2020,,Presente,None,Dado indisponível,#DCDCDC,944,Conceição de Ipanema/MG,
Recursos hídricos,37,Programa cisternas: água para consumo,2020,,Presente,None,Dado indisponível,#DCDCDC,1705,Conceição de Macabu/RJ,
Recursos hídricos,37,Programa cisternas: água para consumo,2020,,Presente,None,Dado indisponível,#DCDCDC,4638,Conceição do Almeida/BA,
Recursos hídricos,37,Programa cisternas: água para consumo,2020,,Presente,None,Dado indisponível,#DCDCDC,2968,Conceição do Araguaia/PA,
Recursos hídricos,37,Programa cisternas: água para consumo,2020,,Presente,None,Dado indisponível,#DCDCDC,1626,Conceição do Castelo/ES,
Recursos hídricos,37,Programa cisternas: água para consumo,2020,,Presente,None,Dado indisponível,#DCDCDC,3248,Conceição do Lago-Açu/MA,
Recursos hídricos,37,Programa cisternas: água para consumo,2020,,Presente,None,Dado indisponível,#DCDCDC,945,Conceição do Mato Dentro/MG,
Recursos hídricos,37,Programa cisternas: água para consumo,2020,,Presente,None,Dado indisponível,#DCDCDC,946,Conceição do Pará/MG,
Recursos hídricos,37,Programa cisternas: água para consumo,2020,,Presente,None,Dado indisponível,#DCDCDC,947,Conceição do Rio Verde/MG,
Recursos hídricos,37,Programa cisternas: água para consumo,2020,,Presente,None,Dado indisponível,#DCDCDC,948,Conceição dos Ouros/MG,
Recursos hídricos,37,Programa cisternas: água para consumo,2020,,Presente,None,Dado indisponível,#DCDCDC,3087,Conceição do Tocantins/TO,
Recursos hídricos,37,Programa cisternas: água para consumo,2020,,Presente,None,Dado indisponível,#DCDCDC,1906,Conchal/SP,
Recursos hídricos,37,Programa cisternas: água para consumo,2020,,Presente,None,Dado indisponível,#DCDCDC,1907,Conchas/SP,
Recursos hídricos,37,Programa cisternas: água para consumo,2020,,Presente,None,Dado indisponível,#DCDCDC,2969,Concórdia do Pará/PA,
Recursos hídricos,37,Programa cisternas: água para consumo,2020,,Presente,None,Dado indisponível,#DCDCDC,45,Concórdia/SC,
Recursos hídricos,37,Programa cisternas: água para consumo,2020,,Presente,None,Dado indisponível,#DCDCDC,4252,Condado/PE,
Recursos hídricos,37,Programa cisternas: água para consumo,2020,,Presente,None,Dado indisponível,#DCDCDC,4641,Conde/BA,
Recursos hídricos,37,Programa cisternas: água para consumo,2020,,Presente,None,Dado indisponível,#DCDCDC,4040,Conde/PB,
Recursos hídricos,37,Programa cisternas: água para consumo,2020,,Presente,None,Dado indisponível,#DCDCDC,213,Condor/RS,
Recursos hídricos,37,Programa cisternas: água para consumo,2020,,Presente,None,Dado indisponível,#DCDCDC,950,Confins/MG,
Recursos hídricos,37,Programa cisternas: água para consumo,2020,,Presente,None,Dado indisponível,#DCDCDC,5053,Confresa/MT,
Recursos hídricos,37,Programa cisternas: água para consumo,2020,,Presente,None,Dado indisponível,#DCDCDC,951,Congonhal/MG,
Recursos hídricos,37,Programa cisternas: água para consumo,2020,,Presente,None,Dado indisponível,#DCDCDC,953,Congonhas do Norte/MG,
Recursos hídricos,37,Programa cisternas: água para consumo,2020,,Presente,None,Dado indisponível,#DCDCDC,952,Congonhas/MG,
Recursos hídricos,37,Programa cisternas: água para consumo,2020,,Presente,None,Dado indisponível,#DCDCDC,5336,Congonhinhas/PR,
Recursos hídricos,37,Programa cisternas: água para consumo,2020,,Presente,None,Dado indisponível,#DCDCDC,612,Conquista D'Oeste/MT,
Recursos hídricos,37,Programa cisternas: água para consumo,2020,,Presente,None,Dado indisponível,#DCDCDC,954,Conquista/MG,
Recursos hídricos,37,Programa cisternas: água para consumo,2020,,Presente,None,Dado indisponível,#DCDCDC,955,Conselheiro Lafaiete/MG,
Recursos hídricos,37,Programa cisternas: água para consumo,2020,,Presente,None,Dado indisponível,#DCDCDC,5337,Conselheiro Mairinck/PR,
Recursos hídricos,37,Programa cisternas: água para consumo,2020,,Presente,None,Dado indisponível,#DCDCDC,957,Consolação/MG,
Recursos hídricos,37,Programa cisternas: água para consumo,2020,,Presente,None,Dado indisponível,#DCDCDC,214,Constantina/RS,
Recursos hídricos,37,Programa cisternas: água para consumo,2020,,Presente,None,Dado indisponível,#DCDCDC,958,Contagem/MG,
Recursos hídricos,37,Programa cisternas: água para consumo,2020,,Presente,None,Dado indisponível,#DCDCDC,5338,Contenda/PR,
Recursos hídricos,37,Programa cisternas: água para consumo,2020,,Presente,None,Dado indisponível,#DCDCDC,959,Coqueiral/MG,
Recursos hídricos,37,Programa cisternas: água para consumo,2020,,Presente,None,Dado indisponível,#DCDCDC,215,Coqueiro Baixo/RS,
Recursos hídricos,37,Programa cisternas: água para consumo,2020,,Presente,None,Dado indisponível,#DCDCDC,216,Coqueiros do Sul/RS,
Recursos hídricos,37,Programa cisternas: água para consumo,2020,,Presente,None,Dado indisponível,#DCDCDC,4409,Coqueiro Seco/AL,
Recursos hídricos,37,Programa cisternas: água para consumo,2020,,Presente,None,Dado indisponível,#DCDCDC,5107,Corbélia/PR,
Recursos hídricos,37,Programa cisternas: água para consumo,2020,,Presente,None,Dado indisponível,#DCDCDC,1908,Cordeirópolis/SP,
Recursos hídricos,37,Programa cisternas: água para consumo,2020,,Presente,None,Dado indisponível,#DCDCDC,1706,Cordeiro/RJ,
Recursos hídricos,37,Programa cisternas: água para consumo,2020,,Presente,None,Dado indisponível,#DCDCDC,46,Cordilheira Alta/SC,
Recursos hídricos,37,Programa cisternas: água para consumo,2020,,Presente,None,Dado indisponível,#DCDCDC,961,Cordisburgo/MG,
Recursos hídricos,37,Programa cisternas: água para consumo,2020,,Presente,None,Dado indisponível,#DCDCDC,962,Cordislândia/MG,
Recursos hídricos,37,Programa cisternas: água para consumo,2020,,Presente,None,Dado indisponível,#DCDCDC,544,Corguinho/MS,
Recursos hídricos,37,Programa cisternas: água para consumo,2020,,Presente,None,Dado indisponível,#DCDCDC,963,Corinto/MG,
Recursos hídricos,37,Programa cisternas: água para consumo,2020,,Presente,None,Dado indisponível,#DCDCDC,5339,Cornélio Procópio/PR,
Recursos hídricos,37,Programa cisternas: água para consumo,2020,,Presente,None,Dado indisponível,#DCDCDC,1909,Coroados/SP,
Recursos hídricos,37,Programa cisternas: água para consumo,2020,,Presente,None,Dado indisponível,#DCDCDC,3249,Coroatá/MA,
Recursos hídricos,37,Programa cisternas: água para consumo,2020,,Presente,None,Dado indisponível,#DCDCDC,965,Coromandel/MG,
Recursos hídricos,37,Programa cisternas: água para consumo,2020,,Presente,None,Dado indisponível,#DCDCDC,217,Coronel Barros/RS,
Recursos hídricos,37,Programa cisternas: água para consumo,2020,,Presente,None,Dado indisponível,#DCDCDC,218,Coronel Bicaco/RS,
Recursos hídricos,37,Programa cisternas: água para consumo,2020,,Presente,None,Dado indisponível,#DCDCDC,5108,Coronel Domingos Soares/PR,
Recursos hídricos,37,Programa cisternas: água para consumo,2020,,Presente,None,Dado indisponível,#DCDCDC,966,Coronel Fabriciano/MG,
Recursos hídricos,37,Programa cisternas: água para consumo,2020,,Presente,None,Dado indisponível,#DCDCDC,47,Coronel Freitas/SC,
Recursos hídricos,37,Programa cisternas: água para consumo,2020,,Presente,None,Dado indisponível,#DCDCDC,1910,Coronel Macedo/SP,
Recursos hídricos,37,Programa cisternas: água para consumo,2020,,Presente,None,Dado indisponível,#DCDCDC,48,Coronel Martins/SC,
Recursos hídricos,37,Programa cisternas: água para consumo,2020,,Presente,None,Dado indisponível,#DCDCDC,968,Coronel Pacheco/MG,
Recursos hídricos,37,Programa cisternas: água para consumo,2020,,Presente,None,Dado indisponível,#DCDCDC,219,Coronel Pilar/RS,
Recursos hídricos,37,Programa cisternas: água para consumo,2020,,Presente,None,Dado indisponível,#DCDCDC,545,Coronel Sapucaia/MS,
Recursos hídricos,37,Programa cisternas: água para consumo,2020,,Presente,None,Dado indisponível,#DCDCDC,5109,Coronel Vivida/PR,
Recursos hídricos,37,Programa cisternas: água para consumo,2020,,Presente,None,Dado indisponível,#DCDCDC,969,Coronel Xavier Chaves/MG,
Recursos hídricos,37,Programa cisternas: água para consumo,2020,,Presente,None,Dado indisponível,#DCDCDC,970,Córrego Danta/MG,
Recursos hídricos,37,Programa cisternas: água para consumo,2020,,Presente,None,Dado indisponível,#DCDCDC,971,Córrego do Bom Jesus/MG,
Recursos hídricos,37,Programa cisternas: água para consumo,2020,,Presente,None,Dado indisponível,#DCDCDC,2691,Córrego do Ouro/GO,
Recursos hídricos,37,Programa cisternas: água para consumo,2020,,Presente,None,Dado indisponível,#DCDCDC,972,Córrego Fundo/MG,
Recursos hídricos,37,Programa cisternas: água para consumo,2020,,Presente,None,Dado indisponível,#DCDCDC,973,Córrego Novo/MG,
Recursos hídricos,37,Programa cisternas: água para consumo,2020,,Presente,None,Dado indisponível,#DCDCDC,2426,Correia Pinto/SC,
Recursos hídricos,37,Programa cisternas: água para consumo,2020,,Presente,None,Dado indisponível,#DCDCDC,4254,Cortês/PE,
Recursos hídricos,37,Programa cisternas: água para consumo,2020,,Presente,None,Dado indisponível,#DCDCDC,2692,Corumbá de Goiás/GO,
Recursos hídricos,37,Programa cisternas: água para consumo,2020,,Presente,None,Dado indisponível,#DCDCDC,2693,Corumbaíba/GO,
Recursos hídricos,37,Programa cisternas: água para consumo,2020,,Presente,None,Dado indisponível,#DCDCDC,546,Corumbá/MS,
Recursos hídricos,37,Programa cisternas: água para consumo,2020,,Presente,None,Dado indisponível,#DCDCDC,5110,Corumbataí do Sul/PR,
Recursos hídricos,37,Programa cisternas: água para consumo,2020,,Presente,None,Dado indisponível,#DCDCDC,1911,Corumbataí/SP,
Recursos hídricos,37,Programa cisternas: água para consumo,2020,,Presente,None,Dado indisponível,#DCDCDC,5527,Corumbiara/RO,
Recursos hídricos,37,Programa cisternas: água para consumo,2020,,Presente,None,Dado indisponível,#DCDCDC,2425,Corupá/SC,
Recursos hídricos,37,Programa cisternas: água para consumo,2020,,Presente,None,Dado indisponível,#DCDCDC,4410,Coruripe/AL,
Recursos hídricos,37,Programa cisternas: água para consumo,2020,,Presente,None,Dado indisponível,#DCDCDC,1912,Cosmópolis/SP,
Recursos hídricos,37,Programa cisternas: água para consumo,2020,,Presente,None,Dado indisponível,#DCDCDC,1913,Cosmorama/SP,
Recursos hídricos,37,Programa cisternas: água para consumo,2020,,Presente,None,Dado indisponível,#DCDCDC,5528,Costa Marques/RO,
Recursos hídricos,37,Programa cisternas: água para consumo,2020,,Presente,None,Dado indisponível,#DCDCDC,547,Costa Rica/MS,
Recursos hídricos,37,Programa cisternas: água para consumo,2020,,Presente,None,Dado indisponível,#DCDCDC,1914,Cotia/SP,
Recursos hídricos,37,Programa cisternas: água para consumo,2020,,Presente,None,Dado indisponível,#DCDCDC,220,Cotiporã/RS,
Recursos hídricos,37,Programa cisternas: água para consumo,2020,,Presente,None,Dado indisponível,#DCDCDC,2898,Cotriguaçu/MT,
Recursos hídricos,37,Programa cisternas: água para consumo,2020,,Presente,None,Dado indisponível,#DCDCDC,974,Couto de Magalhães de Minas/MG,
Recursos hídricos,37,Programa cisternas: água para consumo,2020,,Presente,None,Dado indisponível,#DCDCDC,3088,Couto Magalhães/TO,
Recursos hídricos,37,Programa cisternas: água para consumo,2020,,Presente,None,Dado indisponível,#DCDCDC,221,Coxilha/RS,
Recursos hídricos,37,Programa cisternas: água para consumo,2020,,Presente,None,Dado indisponível,#DCDCDC,548,Coxim/MS,
Recursos hídricos,37,Programa cisternas: água para consumo,2020,,Presente,None,Dado indisponível,#DCDCDC,1915,Cravinhos/SP,
Recursos hídricos,37,Programa cisternas: água para consumo,2020,,Presente,None,Dado indisponível,#DCDCDC,2427,Criciúma/SC,
Recursos hídricos,37,Programa cisternas: água para consumo,2020,,Presente,None,Dado indisponível,#DCDCDC,222,Crissiumal/RS,
Recursos hídricos,37,Programa cisternas: água para consumo,2020,,Presente,None,Dado indisponível,#DCDCDC,976,Cristais/MG,
Recursos hídricos,37,Programa cisternas: água para consumo,2020,,Presente,None,Dado indisponível,#DCDCDC,1916,Cristais Paulista/SP,
Recursos hídricos,37,Programa cisternas: água para consumo,2020,,Presente,None,Dado indisponível,#DCDCDC,3089,Cristalândia/TO,
Recursos hídricos,37,Programa cisternas: água para consumo,2020,,Presente,None,Dado indisponível,#DCDCDC,224,Cristal do Sul/RS,
Recursos hídricos,37,Programa cisternas: água para consumo,2020,,Presente,None,Dado indisponível,#DCDCDC,2694,Cristalina/GO,
Recursos hídricos,37,Programa cisternas: água para consumo,2020,,Presente,None,Dado indisponível,#DCDCDC,223,Cristal/RS,
Recursos hídricos,37,Programa cisternas: água para consumo,2020,,Presente,None,Dado indisponível,#DCDCDC,978,Cristiano Otoni/MG,
Recursos hídricos,37,Programa cisternas: água para consumo,2020,,Presente,None,Dado indisponível,#DCDCDC,2695,Cristianópolis/GO,
Recursos hídricos,37,Programa cisternas: água para consumo,2020,,Presente,None,Dado indisponível,#DCDCDC,979,Cristina/MG,
Recursos hídricos,37,Programa cisternas: água para consumo,2020,,Presente,None,Dado indisponível,#DCDCDC,4504,Cristinápolis/SE,
Recursos hídricos,37,Programa cisternas: água para consumo,2020,,Presente,None,Dado indisponível,#DCDCDC,3090,Crixás do Tocantins/TO,
Recursos hídricos,37,Programa cisternas: água para consumo,2020,,Presente,None,Dado indisponível,#DCDCDC,5016,Crixás/GO,
Recursos hídricos,37,Programa cisternas: água para consumo,2020,,Presente,None,Dado indisponível,#DCDCDC,2696,Cromínia/GO,
Recursos hídricos,37,Programa cisternas: água para consumo,2020,,Presente,None,Dado indisponível,#DCDCDC,980,Crucilândia/MG,
Recursos hídricos,37,Programa cisternas: água para consumo,2020,,Presente,None,Dado indisponível,#DCDCDC,1917,Cruzália/SP,
Recursos hídricos,37,Programa cisternas: água para consumo,2020,,Presente,None,Dado indisponível,#DCDCDC,225,Cruz Alta/RS,
Recursos hídricos,37,Programa cisternas: água para consumo,2020,,Presente,None,Dado indisponível,#DCDCDC,226,Cruzaltense/RS,
Recursos hídricos,37,Programa cisternas: água para consumo,2020,,Presente,None,Dado indisponível,#DCDCDC,4651,Cruz das Almas/BA,
Recursos hídricos,37,Programa cisternas: água para consumo,2020,,Presente,None,Dado indisponível,#DCDCDC,4044,Cruz do Espírito Santo/PB,
Recursos hídricos,37,Programa cisternas: água para consumo,2020,,Presente,None,Dado indisponível,#DCDCDC,981,Cruzeiro da Fortaleza/MG,
Recursos hídricos,37,Programa cisternas: água para consumo,2020,,Presente,None,Dado indisponível,#DCDCDC,5111,Cruzeiro do Iguaçu/PR,
Recursos hídricos,37,Programa cisternas: água para consumo,2020,,Presente,None,Dado indisponível,#DCDCDC,5112,Cruzeiro do Oeste/PR,
Recursos hídricos,37,Programa cisternas: água para consumo,2020,,Presente,None,Dado indisponível,#DCDCDC,5113,Cruzeiro do Sul/PR,
Recursos hídricos,37,Programa cisternas: água para consumo,2020,,Presente,None,Dado indisponível,#DCDCDC,227,Cruzeiro do Sul/RS,
Recursos hídricos,37,Programa cisternas: água para consumo,2020,,Presente,None,Dado indisponível,#DCDCDC,1918,Cruzeiro/SP,
Recursos hídricos,37,Programa cisternas: água para consumo,2020,,Presente,None,Dado indisponível,#DCDCDC,982,Cruzília/MG,
Recursos hídricos,37,Programa cisternas: água para consumo,2020,,Presente,None,Dado indisponível,#DCDCDC,5442,Cruz Machado/PR,
Recursos hídricos,37,Programa cisternas: água para consumo,2020,,Presente,None,Dado indisponível,#DCDCDC,5443,Cruzmaltina/PR,
Recursos hídricos,37,Programa cisternas: água para consumo,2020,,Presente,None,Dado indisponível,#DCDCDC,1919,Cubatão/SP,
Recursos hídricos,37,Programa cisternas: água para consumo,2020,,Presente,None,Dado indisponível,#DCDCDC,613,Cuiabá/MT,
Recursos hídricos,37,Programa cisternas: água para consumo,2020,,Presente,None,Dado indisponível,#DCDCDC,5555,Cujubim/RO,
Recursos hídricos,37,Programa cisternas: água para consumo,2020,,Presente,None,Dado indisponível,#DCDCDC,2697,Cumari/GO,
Recursos hídricos,37,Programa cisternas: água para consumo,2020,,Presente,None,Dado indisponível,#DCDCDC,5031,Cumaru do Norte/PA,
Recursos hídricos,37,Programa cisternas: água para consumo,2020,,Presente,None,Dado indisponível,#DCDCDC,49,Cunha Porã/SC,
Recursos hídricos,37,Programa cisternas: água para consumo,2020,,Presente,None,Dado indisponível,#DCDCDC,1920,Cunha/SP,
Recursos hídricos,37,Programa cisternas: água para consumo,2020,,Presente,None,Dado indisponível,#DCDCDC,50,Cunhataí/SC,
Recursos hídricos,37,Programa cisternas: água para consumo,2020,,Presente,None,Dado indisponível,#DCDCDC,2970,Curionópolis/PA,
Recursos hídricos,37,Programa cisternas: água para consumo,2020,,Presente,None,Dado indisponível,#DCDCDC,2428,Curitibanos/SC,
Recursos hídricos,37,Programa cisternas: água para consumo,2020,,Presente,None,Dado indisponível,#DCDCDC,5340,Curitiba/PR,
Recursos hídricos,37,Programa cisternas: água para consumo,2020,,Presente,None,Dado indisponível,#DCDCDC,5341,Curiúva/PR,
Recursos hídricos,37,Programa cisternas: água para consumo,2020,,Presente,None,Dado indisponível,#DCDCDC,4049,Curral de Cima/PB,
Recursos hídricos,37,Programa cisternas: água para consumo,2020,,Presente,None,Dado indisponível,#DCDCDC,2864,Curuá/PA,
Recursos hídricos,37,Programa cisternas: água para consumo,2020,,Presente,None,Dado indisponível,#DCDCDC,614,Curvelândia/MT,
Recursos hídricos,37,Programa cisternas: água para consumo,2020,,Presente,None,Dado indisponível,#DCDCDC,985,Curvelo/MG,
Recursos hídricos,37,Programa cisternas: água para consumo,2020,,Presente,None,Dado indisponível,#DCDCDC,3046,Cutias/AP,
Recursos hídricos,37,Programa cisternas: água para consumo,2020,,Presente,None,Dado indisponível,#DCDCDC,2698,Damianópolis/GO,
Recursos hídricos,37,Programa cisternas: água para consumo,2020,,Presente,None,Dado indisponível,#DCDCDC,2699,Damolândia/GO,
Recursos hídricos,37,Programa cisternas: água para consumo,2020,,Presente,None,Dado indisponível,#DCDCDC,3091,Darcinópolis/TO,
Recursos hídricos,37,Programa cisternas: água para consumo,2020,,Presente,None,Dado indisponível,#DCDCDC,986,Datas/MG,
Recursos hídricos,37,Programa cisternas: água para consumo,2020,,Presente,None,Dado indisponível,#DCDCDC,228,David Canabarro/RS,
Recursos hídricos,37,Programa cisternas: água para consumo,2020,,Presente,None,Dado indisponível,#DCDCDC,2700,Davinópolis/GO,
Recursos hídricos,37,Programa cisternas: água para consumo,2020,,Presente,None,Dado indisponível,#DCDCDC,3251,Davinópolis/MA,
Recursos hídricos,37,Programa cisternas: água para consumo,2020,,Presente,None,Dado indisponível,#DCDCDC,987,Delfim Moreira/MG,
Recursos hídricos,37,Programa cisternas: água para consumo,2020,,Presente,None,Dado indisponível,#DCDCDC,988,Delfinópolis/MG,
Recursos hídricos,37,Programa cisternas: água para consumo,2020,,Presente,None,Dado indisponível,#DCDCDC,989,Delta/MG,
Recursos hídricos,37,Programa cisternas: água para consumo,2020,,Presente,None,Dado indisponível,#DCDCDC,615,Denise/MT,
Recursos hídricos,37,Programa cisternas: água para consumo,2020,,Presente,None,Dado indisponível,#DCDCDC,549,Deodápolis/MS,
Recursos hídricos,37,Programa cisternas: água para consumo,2020,,Presente,None,Dado indisponível,#DCDCDC,229,Derrubadas/RS,
Recursos hídricos,37,Programa cisternas: água para consumo,2020,,Presente,None,Dado indisponível,#DCDCDC,1921,Descalvado/SP,
Recursos hídricos,37,Programa cisternas: água para consumo,2020,,Presente,None,Dado indisponível,#DCDCDC,51,Descanso/SC,
Recursos hídricos,37,Programa cisternas: água para consumo,2020,,Presente,None,Dado indisponível,#DCDCDC,990,Descoberto/MG,
Recursos hídricos,37,Programa cisternas: água para consumo,2020,,Presente,None,Dado indisponível,#DCDCDC,991,Desterro de Entre Rios/MG,
Recursos hídricos,37,Programa cisternas: água para consumo,2020,,Presente,None,Dado indisponível,#DCDCDC,992,Desterro do Melo/MG,
Recursos hídricos,37,Programa cisternas: água para consumo,2020,,Presente,None,Dado indisponível,#DCDCDC,230,Dezesseis de Novembro/RS,
Recursos hídricos,37,Programa cisternas: água para consumo,2020,,Presente,None,Dado indisponível,#DCDCDC,1922,Diadema/SP,
Recursos hídricos,37,Programa cisternas: água para consumo,2020,,Presente,None,Dado indisponível,#DCDCDC,5116,Diamante D'Oeste/PR,
Recursos hídricos,37,Programa cisternas: água para consumo,2020,,Presente,None,Dado indisponível,#DCDCDC,5114,Diamante do Norte/PR,
Recursos hídricos,37,Programa cisternas: água para consumo,2020,,Presente,None,Dado indisponível,#DCDCDC,5115,Diamante do Sul/PR,
Recursos hídricos,37,Programa cisternas: água para consumo,2020,,Presente,None,Dado indisponível,#DCDCDC,993,Diamantina/MG,
Recursos hídricos,37,Programa cisternas: água para consumo,2020,,Presente,None,Dado indisponível,#DCDCDC,4954,Diamantino/MT,
Recursos hídricos,37,Programa cisternas: água para consumo,2020,,Presente,None,Dado indisponível,#DCDCDC,3092,Dianópolis/TO,
Recursos hídricos,37,Programa cisternas: água para consumo,2020,,Presente,None,Dado indisponível,#DCDCDC,4653,Dias d'Ávila/BA,
Recursos hídricos,37,Programa cisternas: água para consumo,2020,,Presente,None,Dado indisponível,#DCDCDC,231,Dilermando de Aguiar/RS,
Recursos hídricos,37,Programa cisternas: água para consumo,2020,,Presente,None,Dado indisponível,#DCDCDC,994,Diogo de Vasconcelos/MG,
Recursos hídricos,37,Programa cisternas: água para consumo,2020,,Presente,None,Dado indisponível,#DCDCDC,52,Dionísio Cerqueira/SC,
Recursos hídricos,37,Programa cisternas: água para consumo,2020,,Presente,None,Dado indisponível,#DCDCDC,995,Dionísio/MG,
Recursos hídricos,37,Programa cisternas: água para consumo,2020,,Presente,None,Dado indisponível,#DCDCDC,4970,Diorama/GO,
Recursos hídricos,37,Programa cisternas: água para consumo,2020,,Presente,None,Dado indisponível,#DCDCDC,1923,Dirce Reis/SP,
Recursos hídricos,37,Programa cisternas: água para consumo,2020,,Presente,None,Dado indisponível,#DCDCDC,4506,Divina Pastora/SE,
Recursos hídricos,37,Programa cisternas: água para consumo,2020,,Presente,None,Dado indisponível,#DCDCDC,996,Divinésia/MG,
Recursos hídricos,37,Programa cisternas: água para consumo,2020,,Presente,None,Dado indisponível,#DCDCDC,1627,Divino de São Lourenço/ES,
Recursos hídricos,37,Programa cisternas: água para consumo,2020,,Presente,None,Dado indisponível,#DCDCDC,1924,Divinolândia/SP,
Recursos hídricos,37,Programa cisternas: água para consumo,2020,,Presente,None,Dado indisponível,#DCDCDC,997,Divino/MG,
Recursos hídricos,37,Programa cisternas: água para consumo,2020,,Presente,None,Dado indisponível,#DCDCDC,4879,Divinópolis de Goiás/GO,
Recursos hídricos,37,Programa cisternas: água para consumo,2020,,Presente,None,Dado indisponível,#DCDCDC,3093,Divinópolis do Tocantins/TO,
Recursos hídricos,37,Programa cisternas: água para consumo,2020,,Presente,None,Dado indisponível,#DCDCDC,1000,Divinópolis/MG,
Recursos hídricos,37,Programa cisternas: água para consumo,2020,,Presente,None,Dado indisponível,#DCDCDC,1002,Divisa Nova/MG,
Recursos hídricos,37,Programa cisternas: água para consumo,2020,,Presente,None,Dado indisponível,#DCDCDC,1925,Dobrada/SP,
Recursos hídricos,37,Programa cisternas: água para consumo,2020,,Presente,None,Dado indisponível,#DCDCDC,1926,Dois Córregos/SP,
Recursos hídricos,37,Programa cisternas: água para consumo,2020,,Presente,None,Dado indisponível,#DCDCDC,232,Dois Irmãos das Missões/RS,
Recursos hídricos,37,Programa cisternas: água para consumo,2020,,Presente,None,Dado indisponível,#DCDCDC,550,Dois Irmãos do Buriti/MS,
Recursos hídricos,37,Programa cisternas: água para consumo,2020,,Presente,None,Dado indisponível,#DCDCDC,3094,Dois Irmãos do Tocantins/TO,
Recursos hídricos,37,Programa cisternas: água para consumo,2020,,Presente,None,Dado indisponível,#DCDCDC,2582,Dois Irmãos/RS,
Recursos hídricos,37,Programa cisternas: água para consumo,2020,,Presente,None,Dado indisponível,#DCDCDC,233,Dois Lajeados/RS,
Recursos hídricos,37,Programa cisternas: água para consumo,2020,,Presente,None,Dado indisponível,#DCDCDC,5117,Dois Vizinhos/PR,
Recursos hídricos,37,Programa cisternas: água para consumo,2020,,Presente,None,Dado indisponível,#DCDCDC,1927,Dolcinópolis/SP,
Recursos hídricos,37,Programa cisternas: água para consumo,2020,,Presente,None,Dado indisponível,#DCDCDC,616,Dom Aquino/MT,
Recursos hídricos,37,Programa cisternas: água para consumo,2020,,Presente,None,Dado indisponível,#DCDCDC,1005,Dom Cavati/MG,
Recursos hídricos,37,Programa cisternas: água para consumo,2020,,Presente,None,Dado indisponível,#DCDCDC,2973,Dom Eliseu/PA,
Recursos hídricos,37,Programa cisternas: água para consumo,2020,,Presente,None,Dado indisponível,#DCDCDC,234,Dom Feliciano/RS,
Recursos hídricos,37,Programa cisternas: água para consumo,2020,,Presente,None,Dado indisponível,#DCDCDC,1628,Domingos Martins/ES,
Recursos hídricos,37,Programa cisternas: água para consumo,2020,,Presente,None,Dado indisponível,#DCDCDC,1006,Dom Joaquim/MG,
Recursos hídricos,37,Programa cisternas: água para consumo,2020,,Presente,None,Dado indisponível,#DCDCDC,4655,Dom Macedo Costa/BA,
Recursos hídricos,37,Programa cisternas: água para consumo,2020,,Presente,None,Dado indisponível,#DCDCDC,235,Dom Pedrito/RS,
Recursos hídricos,37,Programa cisternas: água para consumo,2020,,Presente,None,Dado indisponível,#DCDCDC,2583,Dom Pedro de Alcântara/RS,
Recursos hídricos,37,Programa cisternas: água para consumo,2020,,Presente,None,Dado indisponível,#DCDCDC,3252,Dom Pedro/MA,
Recursos hídricos,37,Programa cisternas: água para consumo,2020,,Presente,None,Dado indisponível,#DCDCDC,1007,Dom Silvério/MG,
Recursos hídricos,37,Programa cisternas: água para consumo,2020,,Presente,None,Dado indisponível,#DCDCDC,1008,Dom Viçoso/MG,
Recursos hídricos,37,Programa cisternas: água para consumo,2020,,Presente,None,Dado indisponível,#DCDCDC,2429,Dona Emma/SC,
Recursos hídricos,37,Programa cisternas: água para consumo,2020,,Presente,None,Dado indisponível,#DCDCDC,1009,Dona Euzébia/MG,
Recursos hídricos,37,Programa cisternas: água para consumo,2020,,Presente,None,Dado indisponível,#DCDCDC,236,Dona Francisca/RS,
Recursos hídricos,37,Programa cisternas: água para consumo,2020,,Presente,None,Dado indisponível,#DCDCDC,1010,Dores de Campos/MG,
Recursos hídricos,37,Programa cisternas: água para consumo,2020,,Presente,None,Dado indisponível,#DCDCDC,1012,Dores do Indaiá/MG,
Recursos hídricos,37,Programa cisternas: água para consumo,2020,,Presente,None,Dado indisponível,#DCDCDC,1629,Dores do Rio Preto/ES,
Recursos hídricos,37,Programa cisternas: água para consumo,2020,,Presente,None,Dado indisponível,#DCDCDC,1013,Dores do Turvo/MG,
Recursos hídricos,37,Programa cisternas: água para consumo,2020,,Presente,None,Dado indisponível,#DCDCDC,1014,Doresópolis/MG,
Recursos hídricos,37,Programa cisternas: água para consumo,2020,,Presente,None,Dado indisponível,#DCDCDC,551,Douradina/MS,
Recursos hídricos,37,Programa cisternas: água para consumo,2020,,Presente,None,Dado indisponível,#DCDCDC,5118,Douradina/PR,
Recursos hídricos,37,Programa cisternas: água para consumo,2020,,Presente,None,Dado indisponível,#DCDCDC,1015,Douradoquara/MG,
Recursos hídricos,37,Programa cisternas: água para consumo,2020,,Presente,None,Dado indisponível,#DCDCDC,552,Dourados/MS,
Recursos hídricos,37,Programa cisternas: água para consumo,2020,,Presente,None,Dado indisponível,#DCDCDC,1928,Dourado/SP,
Recursos hídricos,37,Programa cisternas: água para consumo,2020,,Presente,None,Dado indisponível,#DCDCDC,5119,Doutor Camargo/PR,
Recursos hídricos,37,Programa cisternas: água para consumo,2020,,Presente,None,Dado indisponível,#DCDCDC,237,Doutor Maurício Cardoso/RS,
Recursos hídricos,37,Programa cisternas: água para consumo,2020,,Presente,None,Dado indisponível,#DCDCDC,2430,Doutor Pedrinho/SC,
Recursos hídricos,37,Programa cisternas: água para consumo,2020,,Presente,None,Dado indisponível,#DCDCDC,238,Doutor Ricardo/RS,
Recursos hídricos,37,Programa cisternas: água para consumo,2020,,Presente,None,Dado indisponível,#DCDCDC,5434,Doutor Ulysses/PR,
Recursos hídricos,37,Programa cisternas: água para consumo,2020,,Presente,None,Dado indisponível,#DCDCDC,3,Dracena/SP,
Recursos hídricos,37,Programa cisternas: água para consumo,2020,,Presente,None,Dado indisponível,#DCDCDC,1929,Duartina/SP,
Recursos hídricos,37,Programa cisternas: água para consumo,2020,,Presente,None,Dado indisponível,#DCDCDC,1707,Duas Barras/RJ,
Recursos hídricos,37,Programa cisternas: água para consumo,2020,,Presente,None,Dado indisponível,#DCDCDC,3095,Dueré/TO,
Recursos hídricos,37,Programa cisternas: água para consumo,2020,,Presente,None,Dado indisponível,#DCDCDC,1930,Dumont/SP,
Recursos hídricos,37,Programa cisternas: água para consumo,2020,,Presente,None,Dado indisponível,#DCDCDC,3253,Duque Bacelar/MA,
Recursos hídricos,37,Programa cisternas: água para consumo,2020,,Presente,None,Dado indisponível,#DCDCDC,1708,Duque de Caxias/RJ,
Recursos hídricos,37,Programa cisternas: água para consumo,2020,,Presente,None,Dado indisponível,#DCDCDC,1016,Durandé/MG,
Recursos hídricos,37,Programa cisternas: água para consumo,2020,,Presente,None,Dado indisponível,#DCDCDC,1931,Echaporã/SP,
Recursos hídricos,37,Programa cisternas: água para consumo,2020,,Presente,None,Dado indisponível,#DCDCDC,2701,Edealina/GO,
Recursos hídricos,37,Programa cisternas: água para consumo,2020,,Presente,None,Dado indisponível,#DCDCDC,2702,Edéia/GO,
Recursos hídricos,37,Programa cisternas: água para consumo,2020,,Presente,None,Dado indisponível,#DCDCDC,5480,Eirunepé/AM,
Recursos hídricos,37,Programa cisternas: água para consumo,2020,,Presente,None,Dado indisponível,#DCDCDC,2974,Eldorado do Carajás/PA,
Recursos hídricos,37,Programa cisternas: água para consumo,2020,,Presente,None,Dado indisponível,#DCDCDC,4931,Eldorado do Sul/RS,
Recursos hídricos,37,Programa cisternas: água para consumo,2020,,Presente,None,Dado indisponível,#DCDCDC,1932,Eldorado/SP,
Recursos hídricos,37,Programa cisternas: água para consumo,2020,,Presente,None,Dado indisponível,#DCDCDC,1933,Elias Fausto/SP,
Recursos hídricos,37,Programa cisternas: água para consumo,2020,,Presente,None,Dado indisponível,#DCDCDC,1934,Elisiário/SP,
Recursos hídricos,37,Programa cisternas: água para consumo,2020,,Presente,None,Dado indisponível,#DCDCDC,1017,Elói Mendes/MG,
Recursos hídricos,37,Programa cisternas: água para consumo,2020,,Presente,None,Dado indisponível,#DCDCDC,1935,Embaúba/SP,
Recursos hídricos,37,Programa cisternas: água para consumo,2020,,Presente,None,Dado indisponível,#DCDCDC,1936,Embu das Artes/SP,
Recursos hídricos,37,Programa cisternas: água para consumo,2020,,Presente,None,Dado indisponível,#DCDCDC,1937,Embu-Guaçu/SP,
Recursos hídricos,37,Programa cisternas: água para consumo,2020,,Presente,None,Dado indisponível,#DCDCDC,4899,Emilianópolis/SP,
Recursos hídricos,37,Programa cisternas: água para consumo,2020,,Presente,None,Dado indisponível,#DCDCDC,239,Encantado/RS,
Recursos hídricos,37,Programa cisternas: água para consumo,2020,,Presente,None,Dado indisponível,#DCDCDC,240,Encruzilhada do Sul/RS,
Recursos hídricos,37,Programa cisternas: água para consumo,2020,,Presente,None,Dado indisponível,#DCDCDC,5120,Enéas Marques/PR,
Recursos hídricos,37,Programa cisternas: água para consumo,2020,,Presente,None,Dado indisponível,#DCDCDC,5121,Engenheiro Beltrão/PR,
Recursos hídricos,37,Programa cisternas: água para consumo,2020,,Presente,None,Dado indisponível,#DCDCDC,1938,Engenheiro Coelho/SP,
Recursos hídricos,37,Programa cisternas: água para consumo,2020,,Presente,None,Dado indisponível,#DCDCDC,1019,Engenheiro Navarro/MG,
Recursos hídricos,37,Programa cisternas: água para consumo,2020,,Presente,None,Dado indisponível,#DCDCDC,1709,Engenheiro Paulo de Frontin/RJ,
Recursos hídricos,37,Programa cisternas: água para consumo,2020,,Presente,None,Dado indisponível,#DCDCDC,241,Engenho Velho/RS,
Recursos hídricos,37,Programa cisternas: água para consumo,2020,,Presente,None,Dado indisponível,#DCDCDC,1020,Entre Folhas/MG,
Recursos hídricos,37,Programa cisternas: água para consumo,2020,,Presente,None,Dado indisponível,#DCDCDC,242,Entre-Ijuís/RS,
Recursos hídricos,37,Programa cisternas: água para consumo,2020,,Presente,None,Dado indisponível,#DCDCDC,4657,Entre Rios/BA,
Recursos hídricos,37,Programa cisternas: água para consumo,2020,,Presente,None,Dado indisponível,#DCDCDC,1021,Entre Rios de Minas/MG,
Recursos hídricos,37,Programa cisternas: água para consumo,2020,,Presente,None,Dado indisponível,#DCDCDC,5123,Entre Rios do Oeste/PR,
Recursos hídricos,37,Programa cisternas: água para consumo,2020,,Presente,None,Dado indisponível,#DCDCDC,243,Entre Rios do Sul/RS,
Recursos hídricos,37,Programa cisternas: água para consumo,2020,,Presente,None,Dado indisponível,#DCDCDC,53,Entre Rios/SC,
Recursos hídricos,37,Programa cisternas: água para consumo,2020,,Presente,None,Dado indisponível,#DCDCDC,5481,Envira/AM,
Recursos hídricos,37,Programa cisternas: água para consumo,2020,,Presente,None,Dado indisponível,#DCDCDC,244,Erebango/RS,
Recursos hídricos,37,Programa cisternas: água para consumo,2020,,Presente,None,Dado indisponível,#DCDCDC,245,Erechim/RS,
Recursos hídricos,37,Programa cisternas: água para consumo,2020,,Presente,None,Dado indisponível,#DCDCDC,2431,Ermo/SC,
Recursos hídricos,37,Programa cisternas: água para consumo,2020,,Presente,None,Dado indisponível,#DCDCDC,246,Ernestina/RS,
Recursos hídricos,37,Programa cisternas: água para consumo,2020,,Presente,None,Dado indisponível,#DCDCDC,248,Erval Grande/RS,
Recursos hídricos,37,Programa cisternas: água para consumo,2020,,Presente,None,Dado indisponível,#DCDCDC,1022,Ervália/MG,
Recursos hídricos,37,Programa cisternas: água para consumo,2020,,Presente,None,Dado indisponível,#DCDCDC,249,Erval Seco/RS,
Recursos hídricos,37,Programa cisternas: água para consumo,2020,,Presente,None,Dado indisponível,#DCDCDC,4915,Erval Velho/SC,
Recursos hídricos,37,Programa cisternas: água para consumo,2020,,Presente,None,Dado indisponível,#DCDCDC,4259,Escada/PE,
Recursos hídricos,37,Programa cisternas: água para consumo,2020,,Presente,None,Dado indisponível,#DCDCDC,2584,Esmeralda/RS,
Recursos hídricos,37,Programa cisternas: água para consumo,2020,,Presente,None,Dado indisponível,#DCDCDC,1023,Esmeraldas/MG,
Recursos hídricos,37,Programa cisternas: água para consumo,2020,,Presente,None,Dado indisponível,#DCDCDC,1024,Espera Feliz/MG,
Recursos hídricos,37,Programa cisternas: água para consumo,2020,,Presente,None,Dado indisponível,#DCDCDC,250,Esperança do Sul/RS,
Recursos hídricos,37,Programa cisternas: água para consumo,2020,,Presente,None,Dado indisponível,#DCDCDC,5122,Esperança Nova/PR,
Recursos hídricos,37,Programa cisternas: água para consumo,2020,,Presente,None,Dado indisponível,#DCDCDC,3096,Esperantina/TO,
Recursos hídricos,37,Programa cisternas: água para consumo,2020,,Presente,None,Dado indisponível,#DCDCDC,5124,Espigão Alto do Iguaçu/PR,
Recursos hídricos,37,Programa cisternas: água para consumo,2020,,Presente,None,Dado indisponível,#DCDCDC,5529,Espigão D'Oeste/RO,
Recursos hídricos,37,Programa cisternas: água para consumo,2020,,Presente,None,Dado indisponível,#DCDCDC,1026,Espírito Santo do Dourado/MG,
Recursos hídricos,37,Programa cisternas: água para consumo,2020,,Presente,None,Dado indisponível,#DCDCDC,1939,Espírito Santo do Pinhal/SP,
Recursos hídricos,37,Programa cisternas: água para consumo,2020,,Presente,None,Dado indisponível,#DCDCDC,1940,Espírito Santo do Turvo/SP,
Recursos hídricos,37,Programa cisternas: água para consumo,2020,,Presente,None,Dado indisponível,#DCDCDC,4658,Esplanada/BA,
Recursos hídricos,37,Programa cisternas: água para consumo,2020,,Presente,None,Dado indisponível,#DCDCDC,251,Espumoso/RS,
Recursos hídricos,37,Programa cisternas: água para consumo,2020,,Presente,None,Dado indisponível,#DCDCDC,252,Estação/RS,
Recursos hídricos,37,Programa cisternas: água para consumo,2020,,Presente,None,Dado indisponível,#DCDCDC,4507,Estância/SE,
Recursos hídricos,37,Programa cisternas: água para consumo,2020,,Presente,None,Dado indisponível,#DCDCDC,2585,Estância Velha/RS,
Recursos hídricos,37,Programa cisternas: água para consumo,2020,,Presente,None,Dado indisponível,#DCDCDC,2586,Esteio/RS,
Recursos hídricos,37,Programa cisternas: água para consumo,2020,,Presente,None,Dado indisponível,#DCDCDC,2378,Estiva Gerbi/SP,
Recursos hídricos,37,Programa cisternas: água para consumo,2020,,Presente,None,Dado indisponível,#DCDCDC,1027,Estiva/MG,
Recursos hídricos,37,Programa cisternas: água para consumo,2020,,Presente,None,Dado indisponível,#DCDCDC,3255,Estreito/MA,
Recursos hídricos,37,Programa cisternas: água para consumo,2020,,Presente,None,Dado indisponível,#DCDCDC,1028,Estrela Dalva/MG,
Recursos hídricos,37,Programa cisternas: água para consumo,2020,,Presente,None,Dado indisponível,#DCDCDC,1941,Estrela d'Oeste/SP,
Recursos hídricos,37,Programa cisternas: água para consumo,2020,,Presente,None,Dado indisponível,#DCDCDC,1029,Estrela do Indaiá/MG,
Recursos hídricos,37,Programa cisternas: água para consumo,2020,,Presente,None,Dado indisponível,#DCDCDC,4877,Estrela do Norte/GO,
Recursos hídricos,37,Programa cisternas: água para consumo,2020,,Presente,None,Dado indisponível,#DCDCDC,4,Estrela do Norte/SP,
Recursos hídricos,37,Programa cisternas: água para consumo,2020,,Presente,None,Dado indisponível,#DCDCDC,1030,Estrela do Sul/MG,
Recursos hídricos,37,Programa cisternas: água para consumo,2020,,Presente,None,Dado indisponível,#DCDCDC,253,Estrela/RS,
Recursos hídricos,37,Programa cisternas: água para consumo,2020,,Presente,None,Dado indisponível,#DCDCDC,254,Estrela Velha/RS,
Recursos hídricos,37,Programa cisternas: água para consumo,2020,,Presente,None,Dado indisponível,#DCDCDC,5,Euclides da Cunha Paulista/SP,
Recursos hídricos,37,Programa cisternas: água para consumo,2020,,Presente,None,Dado indisponível,#DCDCDC,255,Eugênio de Castro/RS,
Recursos hídricos,37,Programa cisternas: água para consumo,2020,,Presente,None,Dado indisponível,#DCDCDC,1031,Eugenópolis/MG,
Recursos hídricos,37,Programa cisternas: água para consumo,2020,,Presente,None,Dado indisponível,#DCDCDC,694,Eunápolis/BA,
Recursos hídricos,37,Programa cisternas: água para consumo,2020,,Presente,None,Dado indisponível,#DCDCDC,3683,Eusébio/CE,
Recursos hídricos,37,Programa cisternas: água para consumo,2020,,Presente,None,Dado indisponível,#DCDCDC,1032,Ewbank da Câmara/MG,
Recursos hídricos,37,Programa cisternas: água para consumo,2020,,Presente,None,Dado indisponível,#DCDCDC,1033,Extrema/MG,
Recursos hídricos,37,Programa cisternas: água para consumo,2020,,Presente,None,Dado indisponível,#DCDCDC,3851,Extremoz/RN,
Recursos hídricos,37,Programa cisternas: água para consumo,2020,,Presente,None,Dado indisponível,#DCDCDC,256,Fagundes Varela/RS,
Recursos hídricos,37,Programa cisternas: água para consumo,2020,,Presente,None,Dado indisponível,#DCDCDC,2703,Faina/GO,
Recursos hídricos,37,Programa cisternas: água para consumo,2020,,Presente,None,Dado indisponível,#DCDCDC,1034,Fama/MG,
Recursos hídricos,37,Programa cisternas: água para consumo,2020,,Presente,None,Dado indisponível,#DCDCDC,1035,Faria Lemos/MG,
Recursos hídricos,37,Programa cisternas: água para consumo,2020,,Presente,None,Dado indisponível,#DCDCDC,5125,Farol/PR,
Recursos hídricos,37,Programa cisternas: água para consumo,2020,,Presente,None,Dado indisponível,#DCDCDC,2865,Faro/PA,
Recursos hídricos,37,Programa cisternas: água para consumo,2020,,Presente,None,Dado indisponível,#DCDCDC,4932,Farroupilha/RS,
Recursos hídricos,37,Programa cisternas: água para consumo,2020,,Presente,None,Dado indisponível,#DCDCDC,1942,Fartura/SP,
Recursos hídricos,37,Programa cisternas: água para consumo,2020,,Presente,None,Dado indisponível,#DCDCDC,554,Fátima do Sul/MS,
Recursos hídricos,37,Programa cisternas: água para consumo,2020,,Presente,None,Dado indisponível,#DCDCDC,3097,Fátima/TO,
Recursos hídricos,37,Programa cisternas: água para consumo,2020,,Presente,None,Dado indisponível,#DCDCDC,54,Faxinal dos Guedes/SC,
Recursos hídricos,37,Programa cisternas: água para consumo,2020,,Presente,None,Dado indisponível,#DCDCDC,257,Faxinal do Soturno/RS,
Recursos hídricos,37,Programa cisternas: água para consumo,2020,,Presente,None,Dado indisponível,#DCDCDC,5444,Faxinal/PR,
Recursos hídricos,37,Programa cisternas: água para consumo,2020,,Presente,None,Dado indisponível,#DCDCDC,258,Faxinalzinho/RS,
Recursos hídricos,37,Programa cisternas: água para consumo,2020,,Presente,None,Dado indisponível,#DCDCDC,2704,Fazenda Nova/GO,
Recursos hídricos,37,Programa cisternas: água para consumo,2020,,Presente,None,Dado indisponível,#DCDCDC,5342,Fazenda Rio Grande/PR,
Recursos hídricos,37,Programa cisternas: água para consumo,2020,,Presente,None,Dado indisponível,#DCDCDC,259,Fazenda Vilanova/RS,
Recursos hídricos,37,Programa cisternas: água para consumo,2020,,Presente,None,Dado indisponível,#DCDCDC,3256,Feira Nova do Maranhão/MA,
Recursos hídricos,37,Programa cisternas: água para consumo,2020,,Presente,None,Dado indisponível,#DCDCDC,1036,Felício dos Santos/MG,
Recursos hídricos,37,Programa cisternas: água para consumo,2020,,Presente,None,Dado indisponível,#DCDCDC,1039,Felixlândia/MG,
Recursos hídricos,37,Programa cisternas: água para consumo,2020,,Presente,None,Dado indisponível,#DCDCDC,4416,Feliz Deserto/AL,
Recursos hídricos,37,Programa cisternas: água para consumo,2020,,Presente,None,Dado indisponível,#DCDCDC,2899,Feliz Natal/MT,
Recursos hídricos,37,Programa cisternas: água para consumo,2020,,Presente,None,Dado indisponível,#DCDCDC,2587,Feliz/RS,
Recursos hídricos,37,Programa cisternas: água para consumo,2020,,Presente,None,Dado indisponível,#DCDCDC,5126,Fênix/PR,
Recursos hídricos,37,Programa cisternas: água para consumo,2020,,Presente,None,Dado indisponível,#DCDCDC,5343,Fernandes Pinheiro/PR,
Recursos hídricos,37,Programa cisternas: água para consumo,2020,,Presente,None,Dado indisponível,#DCDCDC,4262,Fernando de Noronha/PE,
Recursos hídricos,37,Programa cisternas: água para consumo,2020,,Presente,None,Dado indisponível,#DCDCDC,1943,Fernandópolis/SP,
Recursos hídricos,37,Programa cisternas: água para consumo,2020,,Presente,None,Dado indisponível,#DCDCDC,1944,Fernando Prestes/SP,
Recursos hídricos,37,Programa cisternas: água para consumo,2020,,Presente,None,Dado indisponível,#DCDCDC,1945,Fernão/SP,
Recursos hídricos,37,Programa cisternas: água para consumo,2020,,Presente,None,Dado indisponível,#DCDCDC,1946,Ferraz de Vasconcelos/SP,
Recursos hídricos,37,Programa cisternas: água para consumo,2020,,Presente,None,Dado indisponível,#DCDCDC,5041,Ferreira Gomes/AP,
Recursos hídricos,37,Programa cisternas: água para consumo,2020,,Presente,None,Dado indisponível,#DCDCDC,1041,Ferros/MG,
Recursos hídricos,37,Programa cisternas: água para consumo,2020,,Presente,None,Dado indisponível,#DCDCDC,1042,Fervedouro/MG,
Recursos hídricos,37,Programa cisternas: água para consumo,2020,,Presente,None,Dado indisponível,#DCDCDC,555,Figueirão/MS,
Recursos hídricos,37,Programa cisternas: água para consumo,2020,,Presente,None,Dado indisponível,#DCDCDC,5344,Figueira/PR,
Recursos hídricos,37,Programa cisternas: água para consumo,2020,,Presente,None,Dado indisponível,#DCDCDC,617,Figueirópolis D'Oeste/MT,
Recursos hídricos,37,Programa cisternas: água para consumo,2020,,Presente,None,Dado indisponível,#DCDCDC,3098,Figueirópolis/TO,
Recursos hídricos,37,Programa cisternas: água para consumo,2020,,Presente,None,Dado indisponível,#DCDCDC,3099,Filadélfia/TO,
Recursos hídricos,37,Programa cisternas: água para consumo,2020,,Presente,None,Dado indisponível,#DCDCDC,695,Firmino Alves/BA,
Recursos hídricos,37,Programa cisternas: água para consumo,2020,,Presente,None,Dado indisponível,#DCDCDC,2705,Firminópolis/GO,
Recursos hídricos,37,Programa cisternas: água para consumo,2020,,Presente,None,Dado indisponível,#DCDCDC,4417,Flexeiras/AL,
Recursos hídricos,37,Programa cisternas: água para consumo,2020,,Presente,None,Dado indisponível,#DCDCDC,5127,Floraí/PR,
Recursos hídricos,37,Programa cisternas: água para consumo,2020,,Presente,None,Dado indisponível,#DCDCDC,4900,Flora Rica/SP,
Recursos hídricos,37,Programa cisternas: água para consumo,2020,,Presente,None,Dado indisponível,#DCDCDC,5128,Flor da Serra do Sul/PR,
Recursos hídricos,37,Programa cisternas: água para consumo,2020,,Presente,None,Dado indisponível,#DCDCDC,55,Flor do Sertão/SC,
Recursos hídricos,37,Programa cisternas: água para consumo,2020,,Presente,None,Dado indisponível,#DCDCDC,1947,Floreal/SP,
Recursos hídricos,37,Programa cisternas: água para consumo,2020,,Presente,None,Dado indisponível,#DCDCDC,2588,Flores da Cunha/RS,
Recursos hídricos,37,Programa cisternas: água para consumo,2020,,Presente,None,Dado indisponível,#DCDCDC,5017,Flores de Goiás/GO,
Recursos hídricos,37,Programa cisternas: água para consumo,2020,,Presente,None,Dado indisponível,#DCDCDC,696,Floresta Azul/BA,
Recursos hídricos,37,Programa cisternas: água para consumo,2020,,Presente,None,Dado indisponível,#DCDCDC,2975,Floresta do Araguaia/PA,
Recursos hídricos,37,Programa cisternas: água para consumo,2020,,Presente,None,Dado indisponível,#DCDCDC,1043,Florestal/MG,
Recursos hídricos,37,Programa cisternas: água para consumo,2020,,Presente,None,Dado indisponível,#DCDCDC,5129,Floresta/PR,
Recursos hídricos,37,Programa cisternas: água para consumo,2020,,Presente,None,Dado indisponível,#DCDCDC,5445,Florestópolis/PR,
Recursos hídricos,37,Programa cisternas: água para consumo,2020,,Presente,None,Dado indisponível,#DCDCDC,260,Floriano Peixoto/RS,
Recursos hídricos,37,Programa cisternas: água para consumo,2020,,Presente,None,Dado indisponível,#DCDCDC,2432,Florianópolis/SC,
Recursos hídricos,37,Programa cisternas: água para consumo,2020,,Presente,None,Dado indisponível,#DCDCDC,1948,Flórida Paulista/SP,
Recursos hídricos,37,Programa cisternas: água para consumo,2020,,Presente,None,Dado indisponível,#DCDCDC,5130,Flórida/PR,
Recursos hídricos,37,Programa cisternas: água para consumo,2020,,Presente,None,Dado indisponível,#DCDCDC,1949,Florínea/SP,
Recursos hídricos,37,Programa cisternas: água para consumo,2020,,Presente,None,Dado indisponível,#DCDCDC,261,Fontoura Xavier/RS,
Recursos hídricos,37,Programa cisternas: água para consumo,2020,,Presente,None,Dado indisponível,#DCDCDC,1044,Formiga/MG,
Recursos hídricos,37,Programa cisternas: água para consumo,2020,,Presente,None,Dado indisponível,#DCDCDC,262,Formigueiro/RS,
Recursos hídricos,37,Programa cisternas: água para consumo,2020,,Presente,None,Dado indisponível,#DCDCDC,3258,Formosa da Serra Negra/MA,
Recursos hídricos,37,Programa cisternas: água para consumo,2020,,Presente,None,Dado indisponível,#DCDCDC,5131,Formosa do Oeste/PR,
Recursos hídricos,37,Programa cisternas: água para consumo,2020,,Presente,None,Dado indisponível,#DCDCDC,56,Formosa do Sul/SC,
Recursos hídricos,37,Programa cisternas: água para consumo,2020,,Presente,None,Dado indisponível,#DCDCDC,2706,Formosa/GO,
Recursos hídricos,37,Programa cisternas: água para consumo,2020,,Presente,None,Dado indisponível,#DCDCDC,3100,Formoso do Araguaia/TO,
Recursos hídricos,37,Programa cisternas: água para consumo,2020,,Presente,None,Dado indisponível,#DCDCDC,4878,Formoso/GO,
Recursos hídricos,37,Programa cisternas: água para consumo,2020,,Presente,None,Dado indisponível,#DCDCDC,263,Forquetinha/RS,
Recursos hídricos,37,Programa cisternas: água para consumo,2020,,Presente,None,Dado indisponível,#DCDCDC,2433,Forquilhinha/SC,
Recursos hídricos,37,Programa cisternas: água para consumo,2020,,Presente,None,Dado indisponível,#DCDCDC,3686,Fortaleza/CE,
Recursos hídricos,37,Programa cisternas: água para consumo,2020,,Presente,None,Dado indisponível,#DCDCDC,1046,Fortaleza de Minas/MG,
Recursos hídricos,37,Programa cisternas: água para consumo,2020,,Presente,None,Dado indisponível,#DCDCDC,3259,Fortaleza dos Nogueiras/MA,
Recursos hídricos,37,Programa cisternas: água para consumo,2020,,Presente,None,Dado indisponível,#DCDCDC,264,Fortaleza dos Valos/RS,
Recursos hídricos,37,Programa cisternas: água para consumo,2020,,Presente,None,Dado indisponível,#DCDCDC,1047,Fortuna de Minas/MG,
Recursos hídricos,37,Programa cisternas: água para consumo,2020,,Presente,None,Dado indisponível,#DCDCDC,3260,Fortuna/MA,
Recursos hídricos,37,Programa cisternas: água para consumo,2020,,Presente,None,Dado indisponível,#DCDCDC,5458,Foz do Iguaçu/PR,
Recursos hídricos,37,Programa cisternas: água para consumo,2020,,Presente,None,Dado indisponível,#DCDCDC,5134,Foz do Jordão/PR,
Recursos hídricos,37,Programa cisternas: água para consumo,2020,,Presente,None,Dado indisponível,#DCDCDC,2434,Fraiburgo/SC,
Recursos hídricos,37,Programa cisternas: água para consumo,2020,,Presente,None,Dado indisponível,#DCDCDC,1950,Franca/SP,
Recursos hídricos,37,Programa cisternas: água para consumo,2020,,Presente,None,Dado indisponível,#DCDCDC,5132,Francisco Alves/PR,
Recursos hídricos,37,Programa cisternas: água para consumo,2020,,Presente,None,Dado indisponível,#DCDCDC,5133,Francisco Beltrão/PR,
Recursos hídricos,37,Programa cisternas: água para consumo,2020,,Presente,None,Dado indisponível,#DCDCDC,1951,Francisco Morato/SP,
Recursos hídricos,37,Programa cisternas: água para consumo,2020,,Presente,None,Dado indisponível,#DCDCDC,1952,Franco da Rocha/SP,
Recursos hídricos,37,Programa cisternas: água para consumo,2020,,Presente,None,Dado indisponível,#DCDCDC,265,Frederico Westphalen/RS,
Recursos hídricos,37,Programa cisternas: água para consumo,2020,,Presente,None,Dado indisponível,#DCDCDC,1054,Frei Lagonegro/MG,
Recursos hídricos,37,Programa cisternas: água para consumo,2020,,Presente,None,Dado indisponível,#DCDCDC,2435,Frei Rogério/SC,
Recursos hídricos,37,Programa cisternas: água para consumo,2020,,Presente,None,Dado indisponível,#DCDCDC,1055,Fronteira/MG,
Recursos hídricos,37,Programa cisternas: água para consumo,2020,,Presente,None,Dado indisponível,#DCDCDC,1058,Frutal/MG,
Recursos hídricos,37,Programa cisternas: água para consumo,2020,,Presente,None,Dado indisponível,#DCDCDC,1631,Fundão/ES,
Recursos hídricos,37,Programa cisternas: água para consumo,2020,,Presente,None,Dado indisponível,#DCDCDC,1059,Funilândia/MG,
Recursos hídricos,37,Programa cisternas: água para consumo,2020,,Presente,None,Dado indisponível,#DCDCDC,1953,Gabriel Monteiro/SP,
Recursos hídricos,37,Programa cisternas: água para consumo,2020,,Presente,None,Dado indisponível,#DCDCDC,1954,Gália/SP,
Recursos hídricos,37,Programa cisternas: água para consumo,2020,,Presente,None,Dado indisponível,#DCDCDC,57,Galvão/SC,
Recursos hídricos,37,Programa cisternas: água para consumo,2020,,Presente,None,Dado indisponível,#DCDCDC,2707,Gameleira de Goiás/GO,
Recursos hídricos,37,Programa cisternas: água para consumo,2020,,Presente,None,Dado indisponível,#DCDCDC,4267,Gameleira/PE,
Recursos hídricos,37,Programa cisternas: água para consumo,2020,,Presente,None,Dado indisponível,#DCDCDC,4664,Gandu/BA,
Recursos hídricos,37,Programa cisternas: água para consumo,2020,,Presente,None,Dado indisponível,#DCDCDC,1955,Garça/SP,
Recursos hídricos,37,Programa cisternas: água para consumo,2020,,Presente,None,Dado indisponível,#DCDCDC,266,Garibaldi/RS,
Recursos hídricos,37,Programa cisternas: água para consumo,2020,,Presente,None,Dado indisponível,#DCDCDC,2436,Garopaba/SC,
Recursos hídricos,37,Programa cisternas: água para consumo,2020,,Presente,None,Dado indisponível,#DCDCDC,2976,Garrafão do Norte/PA,
Recursos hídricos,37,Programa cisternas: água para consumo,2020,,Presente,None,Dado indisponível,#DCDCDC,267,Garruchos/RS,
Recursos hídricos,37,Programa cisternas: água para consumo,2020,,Presente,None,Dado indisponível,#DCDCDC,2437,Garuva/SC,
Recursos hídricos,37,Programa cisternas: água para consumo,2020,,Presente,None,Dado indisponível,#DCDCDC,2438,Gaspar/SC,
Recursos hídricos,37,Programa cisternas: água para consumo,2020,,Presente,None,Dado indisponível,#DCDCDC,1956,Gastão Vidigal/SP,
Recursos hídricos,37,Programa cisternas: água para consumo,2020,,Presente,None,Dado indisponível,#DCDCDC,2900,Gaúcha do Norte/MT,
Recursos hídricos,37,Programa cisternas: água para consumo,2020,,Presente,None,Dado indisponível,#DCDCDC,268,Gaurama/RS,
Recursos hídricos,37,Programa cisternas: água para consumo,2020,,Presente,None,Dado indisponível,#DCDCDC,1957,Gavião Peixoto/SP,
Recursos hídricos,37,Programa cisternas: água para consumo,2020,,Presente,None,Dado indisponível,#DCDCDC,269,General Câmara/RS,
Recursos hídricos,37,Programa cisternas: água para consumo,2020,,Presente,None,Dado indisponível,#DCDCDC,618,General Carneiro/MT,
Recursos hídricos,37,Programa cisternas: água para consumo,2020,,Presente,None,Dado indisponível,#DCDCDC,5446,General Carneiro/PR,
Recursos hídricos,37,Programa cisternas: água para consumo,2020,,Presente,None,Dado indisponível,#DCDCDC,4511,General Maynard/SE,
Recursos hídricos,37,Programa cisternas: água para consumo,2020,,Presente,None,Dado indisponível,#DCDCDC,1958,General Salgado/SP,
Recursos hídricos,37,Programa cisternas: água para consumo,2020,,Presente,None,Dado indisponível,#DCDCDC,270,Gentil/RS,
Recursos hídricos,37,Programa cisternas: água para consumo,2020,,Presente,None,Dado indisponível,#DCDCDC,1959,Getulina/SP,
Recursos hídricos,37,Programa cisternas: água para consumo,2020,,Presente,None,Dado indisponível,#DCDCDC,271,Getúlio Vargas/RS,
Recursos hídricos,37,Programa cisternas: água para consumo,2020,,Presente,None,Dado indisponível,#DCDCDC,272,Giruá/RS,
Recursos hídricos,37,Programa cisternas: água para consumo,2020,,Presente,None,Dado indisponível,#DCDCDC,1960,Glicério/SP,
Recursos hídricos,37,Programa cisternas: água para consumo,2020,,Presente,None,Dado indisponível,#DCDCDC,556,Glória de Dourados/MS,
Recursos hídricos,37,Programa cisternas: água para consumo,2020,,Presente,None,Dado indisponível,#DCDCDC,619,Glória D'Oeste/MT,
Recursos hídricos,37,Programa cisternas: água para consumo,2020,,Presente,None,Dado indisponível,#DCDCDC,2589,Glorinha/RS,
Recursos hídricos,37,Programa cisternas: água para consumo,2020,,Presente,None,Dado indisponível,#DCDCDC,3261,Godofredo Viana/MA,
Recursos hídricos,37,Programa cisternas: água para consumo,2020,,Presente,None,Dado indisponível,#DCDCDC,5135,Godoy Moreira/PR,
Recursos hídricos,37,Programa cisternas: água para consumo,2020,,Presente,None,Dado indisponível,#DCDCDC,1064,Goianá/MG,
Recursos hídricos,37,Programa cisternas: água para consumo,2020,,Presente,None,Dado indisponível,#DCDCDC,4270,Goiana/PE,
Recursos hídricos,37,Programa cisternas: água para consumo,2020,,Presente,None,Dado indisponível,#DCDCDC,2708,Goianápolis/GO,
Recursos hídricos,37,Programa cisternas: água para consumo,2020,,Presente,None,Dado indisponível,#DCDCDC,2709,Goiandira/GO,
Recursos hídricos,37,Programa cisternas: água para consumo,2020,,Presente,None,Dado indisponível,#DCDCDC,2977,Goianésia do Pará/PA,
Recursos hídricos,37,Programa cisternas: água para consumo,2020,,Presente,None,Dado indisponível,#DCDCDC,2710,Goianésia/GO,
Recursos hídricos,37,Programa cisternas: água para consumo,2020,,Presente,None,Dado indisponível,#DCDCDC,2711,Goiânia/GO,
Recursos hídricos,37,Programa cisternas: água para consumo,2020,,Presente,None,Dado indisponível,#DCDCDC,3858,Goianinha/RN,
Recursos hídricos,37,Programa cisternas: água para consumo,2020,,Presente,None,Dado indisponível,#DCDCDC,2712,Goianira/GO,
Recursos hídricos,37,Programa cisternas: água para consumo,2020,,Presente,None,Dado indisponível,#DCDCDC,3102,Goianorte/TO,
Recursos hídricos,37,Programa cisternas: água para consumo,2020,,Presente,None,Dado indisponível,#DCDCDC,3103,Goiatins/TO,
Recursos hídricos,37,Programa cisternas: água para consumo,2020,,Presente,None,Dado indisponível,#DCDCDC,2714,Goiatuba/GO,
Recursos hídricos,37,Programa cisternas: água para consumo,2020,,Presente,None,Dado indisponível,#DCDCDC,5136,Goioerê/PR,
Recursos hídricos,37,Programa cisternas: água para consumo,2020,,Presente,None,Dado indisponível,#DCDCDC,5137,Goioxim/PR,
Recursos hídricos,37,Programa cisternas: água para consumo,2020,,Presente,None,Dado indisponível,#DCDCDC,1065,Gonçalves/MG,
Recursos hídricos,37,Programa cisternas: água para consumo,2020,,Presente,None,Dado indisponível,#DCDCDC,4990,Gongogi/BA,
Recursos hídricos,37,Programa cisternas: água para consumo,2020,,Presente,None,Dado indisponível,#DCDCDC,1067,Gouveia/MG,
Recursos hídricos,37,Programa cisternas: água para consumo,2020,,Presente,None,Dado indisponível,#DCDCDC,2715,Gouvelândia/GO,
Recursos hídricos,37,Programa cisternas: água para consumo,2020,,Presente,None,Dado indisponível,#DCDCDC,3263,Governador Archer/MA,
Recursos hídricos,37,Programa cisternas: água para consumo,2020,,Presente,None,Dado indisponível,#DCDCDC,2439,Governador Celso Ramos/SC,
Recursos hídricos,37,Programa cisternas: água para consumo,2020,,Presente,None,Dado indisponível,#DCDCDC,3264,Governador Edison Lobão/MA,
Recursos hídricos,37,Programa cisternas: água para consumo,2020,,Presente,None,Dado indisponível,#DCDCDC,5556,Governador Jorge Teixeira/RO,
Recursos hídricos,37,Programa cisternas: água para consumo,2020,,Presente,None,Dado indisponível,#DCDCDC,1632,Governador Lindenberg/ES,
Recursos hídricos,37,Programa cisternas: água para consumo,2020,,Presente,None,Dado indisponível,#DCDCDC,3266,Governador Luiz Rocha/MA,
Recursos hídricos,37,Programa cisternas: água para consumo,2020,,Presente,None,Dado indisponível,#DCDCDC,4668,Governador Mangabeira/BA,
Recursos hídricos,37,Programa cisternas: água para consumo,2020,,Presente,None,Dado indisponível,#DCDCDC,3267,Governador Newton Bello/MA,
Recursos hídricos,37,Programa cisternas: água para consumo,2020,,Presente,None,Dado indisponível,#DCDCDC,3269,Graça Aranha/MA,
Recursos hídricos,37,Programa cisternas: água para consumo,2020,,Presente,None,Dado indisponível,#DCDCDC,3270,Grajaú/MA,
Recursos hídricos,37,Programa cisternas: água para consumo,2020,,Presente,None,Dado indisponível,#DCDCDC,273,Gramado dos Loureiros/RS,
Recursos hídricos,37,Programa cisternas: água para consumo,2020,,Presente,None,Dado indisponível,#DCDCDC,2590,Gramado/RS,
Recursos hídricos,37,Programa cisternas: água para consumo,2020,,Presente,None,Dado indisponível,#DCDCDC,274,Gramado Xavier/RS,
Recursos hídricos,37,Programa cisternas: água para consumo,2020,,Presente,None,Dado indisponível,#DCDCDC,5447,Grandes Rios/PR,
Recursos hídricos,37,Programa cisternas: água para consumo,2020,,Presente,None,Dado indisponível,#DCDCDC,2440,Grão Pará/SC,
Recursos hídricos,37,Programa cisternas: água para consumo,2020,,Presente,None,Dado indisponível,#DCDCDC,2591,Gravataí/RS,
Recursos hídricos,37,Programa cisternas: água para consumo,2020,,Presente,None,Dado indisponível,#DCDCDC,2441,Gravatal/SC,
Recursos hídricos,37,Programa cisternas: água para consumo,2020,,Presente,None,Dado indisponível,#DCDCDC,1070,Grupiara/MG,
Recursos hídricos,37,Programa cisternas: água para consumo,2020,,Presente,None,Dado indisponível,#DCDCDC,275,Guabiju/RS,
Recursos hídricos,37,Programa cisternas: água para consumo,2020,,Presente,None,Dado indisponível,#DCDCDC,2442,Guabiruba/SC,
Recursos hídricos,37,Programa cisternas: água para consumo,2020,,Presente,None,Dado indisponível,#DCDCDC,1633,Guaçuí/ES,
Recursos hídricos,37,Programa cisternas: água para consumo,2020,,Presente,None,Dado indisponível,#DCDCDC,3494,Guadalupe/PI,
Recursos hídricos,37,Programa cisternas: água para consumo,2020,,Presente,None,Dado indisponível,#DCDCDC,4933,Guaíba/RS,
Recursos hídricos,37,Programa cisternas: água para consumo,2020,,Presente,None,Dado indisponível,#DCDCDC,1961,Guaiçara/SP,
Recursos hídricos,37,Programa cisternas: água para consumo,2020,,Presente,None,Dado indisponível,#DCDCDC,1962,Guaimbê/SP,
Recursos hídricos,37,Programa cisternas: água para consumo,2020,,Presente,None,Dado indisponível,#DCDCDC,5139,Guairaçá/PR,
Recursos hídricos,37,Programa cisternas: água para consumo,2020,,Presente,None,Dado indisponível,#DCDCDC,5138,Guaíra/PR,
Recursos hídricos,37,Programa cisternas: água para consumo,2020,,Presente,None,Dado indisponível,#DCDCDC,1963,Guaíra/SP,
Recursos hídricos,37,Programa cisternas: água para consumo,2020,,Presente,None,Dado indisponível,#DCDCDC,5483,Guajará/AM,
Recursos hídricos,37,Programa cisternas: água para consumo,2020,,Presente,None,Dado indisponível,#DCDCDC,5530,Guajará-Mirim/RO,
Recursos hídricos,37,Programa cisternas: água para consumo,2020,,Presente,None,Dado indisponível,#DCDCDC,5345,Guamiranga/PR,
Recursos hídricos,37,Programa cisternas: água para consumo,2020,,Presente,None,Dado indisponível,#DCDCDC,1072,Guapé/MG,
Recursos hídricos,37,Programa cisternas: água para consumo,2020,,Presente,None,Dado indisponível,#DCDCDC,1964,Guapiaçu/SP,
Recursos hídricos,37,Programa cisternas: água para consumo,2020,,Presente,None,Dado indisponível,#DCDCDC,1965,Guapiara/SP,
Recursos hídricos,37,Programa cisternas: água para consumo,2020,,Presente,None,Dado indisponível,#DCDCDC,1710,Guapimirim/RJ,
Recursos hídricos,37,Programa cisternas: água para consumo,2020,,Presente,None,Dado indisponível,#DCDCDC,5346,Guapirama/PR,
Recursos hídricos,37,Programa cisternas: água para consumo,2020,,Presente,None,Dado indisponível,#DCDCDC,2716,Guapó/GO,
Recursos hídricos,37,Programa cisternas: água para consumo,2020,,Presente,None,Dado indisponível,#DCDCDC,5140,Guaporema/PR,
Recursos hídricos,37,Programa cisternas: água para consumo,2020,,Presente,None,Dado indisponível,#DCDCDC,276,Guaporé/RS,
Recursos hídricos,37,Programa cisternas: água para consumo,2020,,Presente,None,Dado indisponível,#DCDCDC,4901,Guaraçaí/SP,
Recursos hídricos,37,Programa cisternas: água para consumo,2020,,Presente,None,Dado indisponível,#DCDCDC,1073,Guaraciaba/MG,
Recursos hídricos,37,Programa cisternas: água para consumo,2020,,Presente,None,Dado indisponível,#DCDCDC,58,Guaraciaba/SC,
Recursos hídricos,37,Programa cisternas: água para consumo,2020,,Presente,None,Dado indisponível,#DCDCDC,5141,Guaraci/PR,
Recursos hídricos,37,Programa cisternas: água para consumo,2020,,Presente,None,Dado indisponível,#DCDCDC,1967,Guaraci/SP,
Recursos hídricos,37,Programa cisternas: água para consumo,2020,,Presente,None,Dado indisponível,#DCDCDC,2717,Guaraíta/GO,
Recursos hídricos,37,Programa cisternas: água para consumo,2020,,Presente,None,Dado indisponível,#DCDCDC,3104,Guaraí/TO,
Recursos hídricos,37,Programa cisternas: água para consumo,2020,,Presente,None,Dado indisponível,#DCDCDC,2443,Guaramirim/SC,
Recursos hídricos,37,Programa cisternas: água para consumo,2020,,Presente,None,Dado indisponível,#DCDCDC,1075,Guaranésia/MG,
Recursos hídricos,37,Programa cisternas: água para consumo,2020,,Presente,None,Dado indisponível,#DCDCDC,5142,Guaraniaçu/PR,
Recursos hídricos,37,Programa cisternas: água para consumo,2020,,Presente,None,Dado indisponível,#DCDCDC,277,Guarani das Missões/RS,
Recursos hídricos,37,Programa cisternas: água para consumo,2020,,Presente,None,Dado indisponível,#DCDCDC,4880,Guarani de Goiás/GO,
Recursos hídricos,37,Programa cisternas: água para consumo,2020,,Presente,None,Dado indisponível,#DCDCDC,1968,Guarani d'Oeste/SP,
Recursos hídricos,37,Programa cisternas: água para consumo,2020,,Presente,None,Dado indisponível,#DCDCDC,1076,Guarani/MG,
Recursos hídricos,37,Programa cisternas: água para consumo,2020,,Presente,None,Dado indisponível,#DCDCDC,2901,Guarantã do Norte/MT,
Recursos hídricos,37,Programa cisternas: água para consumo,2020,,Presente,None,Dado indisponível,#DCDCDC,1969,Guarantã/SP,
Recursos hídricos,37,Programa cisternas: água para consumo,2020,,Presente,None,Dado indisponível,#DCDCDC,1634,Guarapari/ES,
Recursos hídricos,37,Programa cisternas: água para consumo,2020,,Presente,None,Dado indisponível,#DCDCDC,5448,Guarapuava/PR,
Recursos hídricos,37,Programa cisternas: água para consumo,2020,,Presente,None,Dado indisponível,#DCDCDC,5347,Guaraqueçaba/PR,
Recursos hídricos,37,Programa cisternas: água para consumo,2020,,Presente,None,Dado indisponível,#DCDCDC,1077,Guarará/MG,
Recursos hídricos,37,Programa cisternas: água para consumo,2020,,Presente,None,Dado indisponível,#DCDCDC,1970,Guararapes/SP,
Recursos hídricos,37,Programa cisternas: água para consumo,2020,,Presente,None,Dado indisponível,#DCDCDC,1971,Guararema/SP,
Recursos hídricos,37,Programa cisternas: água para consumo,2020,,Presente,None,Dado indisponível,#DCDCDC,1966,Guará/SP,
Recursos hídricos,37,Programa cisternas: água para consumo,2020,,Presente,None,Dado indisponível,#DCDCDC,698,Guaratinga/BA,
Recursos hídricos,37,Programa cisternas: água para consumo,2020,,Presente,None,Dado indisponível,#DCDCDC,1972,Guaratinguetá/SP,
Recursos hídricos,37,Programa cisternas: água para consumo,2020,,Presente,None,Dado indisponível,#DCDCDC,5348,Guaratuba/PR,
Recursos hídricos,37,Programa cisternas: água para consumo,2020,,Presente,None,Dado indisponível,#DCDCDC,1078,Guarda-Mor/MG,
Recursos hídricos,37,Programa cisternas: água para consumo,2020,,Presente,None,Dado indisponível,#DCDCDC,1973,Guareí/SP,
Recursos hídricos,37,Programa cisternas: água para consumo,2020,,Presente,None,Dado indisponível,#DCDCDC,1974,Guariba/SP,
Recursos hídricos,37,Programa cisternas: água para consumo,2020,,Presente,None,Dado indisponível,#DCDCDC,2718,Guarinos/GO,
Recursos hídricos,37,Programa cisternas: água para consumo,2020,,Presente,None,Dado indisponível,#DCDCDC,59,Guarujá do Sul/SC,
Recursos hídricos,37,Programa cisternas: água para consumo,2020,,Presente,None,Dado indisponível,#DCDCDC,1975,Guarujá/SP,
Recursos hídricos,37,Programa cisternas: água para consumo,2020,,Presente,None,Dado indisponível,#DCDCDC,1976,Guarulhos/SP,
Recursos hídricos,37,Programa cisternas: água para consumo,2020,,Presente,None,Dado indisponível,#DCDCDC,60,Guatambú/SC,
Recursos hídricos,37,Programa cisternas: água para consumo,2020,,Presente,None,Dado indisponível,#DCDCDC,1977,Guatapará/SP,
Recursos hídricos,37,Programa cisternas: água para consumo,2020,,Presente,None,Dado indisponível,#DCDCDC,1079,Guaxupé/MG,
Recursos hídricos,37,Programa cisternas: água para consumo,2020,,Presente,None,Dado indisponível,#DCDCDC,557,Guia Lopes da Laguna/MS,
Recursos hídricos,37,Programa cisternas: água para consumo,2020,,Presente,None,Dado indisponível,#DCDCDC,1080,Guidoval/MG,
Recursos hídricos,37,Programa cisternas: água para consumo,2020,,Presente,None,Dado indisponível,#DCDCDC,3271,Guimarães/MA,
Recursos hídricos,37,Programa cisternas: água para consumo,2020,,Presente,None,Dado indisponível,#DCDCDC,1081,Guimarânia/MG,
Recursos hídricos,37,Programa cisternas: água para consumo,2020,,Presente,None,Dado indisponível,#DCDCDC,620,Guiratinga/MT,
Recursos hídricos,37,Programa cisternas: água para consumo,2020,,Presente,None,Dado indisponível,#DCDCDC,1082,Guiricema/MG,
Recursos hídricos,37,Programa cisternas: água para consumo,2020,,Presente,None,Dado indisponível,#DCDCDC,1083,Gurinhatã/MG,
Recursos hídricos,37,Programa cisternas: água para consumo,2020,,Presente,None,Dado indisponível,#DCDCDC,3105,Gurupi/TO,
Recursos hídricos,37,Programa cisternas: água para consumo,2020,,Presente,None,Dado indisponível,#DCDCDC,1978,Guzolândia/SP,
Recursos hídricos,37,Programa cisternas: água para consumo,2020,,Presente,None,Dado indisponível,#DCDCDC,4934,Harmonia/RS,
Recursos hídricos,37,Programa cisternas: água para consumo,2020,,Presente,None,Dado indisponível,#DCDCDC,2719,Heitoraí/GO,
Recursos hídricos,37,Programa cisternas: água para consumo,2020,,Presente,None,Dado indisponível,#DCDCDC,1084,Heliodora/MG,
Recursos hídricos,37,Programa cisternas: água para consumo,2020,,Presente,None,Dado indisponível,#DCDCDC,1979,Herculândia/SP,
Recursos hídricos,37,Programa cisternas: água para consumo,2020,,Presente,None,Dado indisponível,#DCDCDC,4916,Herval d'Oeste/SC,
Recursos hídricos,37,Programa cisternas: água para consumo,2020,,Presente,None,Dado indisponível,#DCDCDC,247,Herval/RS,
Recursos hídricos,37,Programa cisternas: água para consumo,2020,,Presente,None,Dado indisponível,#DCDCDC,278,Herveiras/RS,
Recursos hídricos,37,Programa cisternas: água para consumo,2020,,Presente,None,Dado indisponível,#DCDCDC,2720,Hidrolândia/GO,
Recursos hídricos,37,Programa cisternas: água para consumo,2020,,Presente,None,Dado indisponível,#DCDCDC,2721,Hidrolina/GO,
Recursos hídricos,37,Programa cisternas: água para consumo,2020,,Presente,None,Dado indisponível,#DCDCDC,1980,Holambra/SP,
Recursos hídricos,37,Programa cisternas: água para consumo,2020,,Presente,None,Dado indisponível,#DCDCDC,5143,Honório Serpa/PR,
Recursos hídricos,37,Programa cisternas: água para consumo,2020,,Presente,None,Dado indisponível,#DCDCDC,279,Horizontina/RS,
Recursos hídricos,37,Programa cisternas: água para consumo,2020,,Presente,None,Dado indisponível,#DCDCDC,1981,Hortolândia/SP,
Recursos hídricos,37,Programa cisternas: água para consumo,2020,,Presente,None,Dado indisponível,#DCDCDC,5484,Humaitá/AM,
Recursos hídricos,37,Programa cisternas: água para consumo,2020,,Presente,None,Dado indisponível,#DCDCDC,281,Humaitá/RS,
Recursos hídricos,37,Programa cisternas: água para consumo,2020,,Presente,None,Dado indisponível,#DCDCDC,1982,Iacanga/SP,
Recursos hídricos,37,Programa cisternas: água para consumo,2020,,Presente,None,Dado indisponível,#DCDCDC,5018,Iaciara/GO,
Recursos hídricos,37,Programa cisternas: água para consumo,2020,,Presente,None,Dado indisponível,#DCDCDC,1983,Iacri/SP,
Recursos hídricos,37,Programa cisternas: água para consumo,2020,,Presente,None,Dado indisponível,#DCDCDC,1085,Iapu/MG,
Recursos hídricos,37,Programa cisternas: água para consumo,2020,,Presente,None,Dado indisponível,#DCDCDC,1984,Iaras/SP,
Recursos hídricos,37,Programa cisternas: água para consumo,2020,,Presente,None,Dado indisponível,#DCDCDC,5349,Ibaiti/PR,
Recursos hídricos,37,Programa cisternas: água para consumo,2020,,Presente,None,Dado indisponível,#DCDCDC,282,Ibarama/RS,
Recursos hídricos,37,Programa cisternas: água para consumo,2020,,Presente,None,Dado indisponível,#DCDCDC,4419,Ibateguara/AL,
Recursos hídricos,37,Programa cisternas: água para consumo,2020,,Presente,None,Dado indisponível,#DCDCDC,1985,Ibaté/SP,
Recursos hídricos,37,Programa cisternas: água para consumo,2020,,Presente,None,Dado indisponível,#DCDCDC,1635,Ibatiba/ES,
Recursos hídricos,37,Programa cisternas: água para consumo,2020,,Presente,None,Dado indisponível,#DCDCDC,5144,Ibema/PR,
Recursos hídricos,37,Programa cisternas: água para consumo,2020,,Presente,None,Dado indisponível,#DCDCDC,1086,Ibertioga/MG,
Recursos hídricos,37,Programa cisternas: água para consumo,2020,,Presente,None,Dado indisponível,#DCDCDC,283,Ibiaçá/RS,
Recursos hídricos,37,Programa cisternas: água para consumo,2020,,Presente,None,Dado indisponível,#DCDCDC,1087,Ibiá/MG,
Recursos hídricos,37,Programa cisternas: água para consumo,2020,,Presente,None,Dado indisponível,#DCDCDC,2444,Ibiam/SC,
Recursos hídricos,37,Programa cisternas: água para consumo,2020,,Presente,None,Dado indisponível,#DCDCDC,699,Ibicaraí/BA,
Recursos hídricos,37,Programa cisternas: água para consumo,2020,,Presente,None,Dado indisponível,#DCDCDC,4917,Ibicaré/SC,
Recursos hídricos,37,Programa cisternas: água para consumo,2020,,Presente,None,Dado indisponível,#DCDCDC,700,Ibicuí/BA,
Recursos hídricos,37,Programa cisternas: água para consumo,2020,,Presente,None,Dado indisponível,#DCDCDC,5350,Ibiporã/PR,
Recursos hídricos,37,Programa cisternas: água para consumo,2020,,Presente,None,Dado indisponível,#DCDCDC,1090,Ibiraci/MG,
Recursos hídricos,37,Programa cisternas: água para consumo,2020,,Presente,None,Dado indisponível,#DCDCDC,1636,Ibiraçu/ES,
Recursos hídricos,37,Programa cisternas: água para consumo,2020,,Presente,None,Dado indisponível,#DCDCDC,284,Ibiraiaras/RS,
Recursos hídricos,37,Programa cisternas: água para consumo,2020,,Presente,None,Dado indisponível,#DCDCDC,2445,Ibirama/SC,
Recursos hídricos,37,Programa cisternas: água para consumo,2020,,Presente,None,Dado indisponível,#DCDCDC,4993,Ibirapitanga/BA,
Recursos hídricos,37,Programa cisternas: água para consumo,2020,,Presente,None,Dado indisponível,#DCDCDC,701,Ibirapuã/BA,
Recursos hídricos,37,Programa cisternas: água para consumo,2020,,Presente,None,Dado indisponível,#DCDCDC,285,Ibirapuitã/RS,
Recursos hídricos,37,Programa cisternas: água para consumo,2020,,Presente,None,Dado indisponível,#DCDCDC,1987,Ibirarema/SP,
Recursos hídricos,37,Programa cisternas: água para consumo,2020,,Presente,None,Dado indisponível,#DCDCDC,1986,Ibirá/SP,
Recursos hídricos,37,Programa cisternas: água para consumo,2020,,Presente,None,Dado indisponível,#DCDCDC,4675,Ibirataia/BA,
Recursos hídricos,37,Programa cisternas: água para consumo,2020,,Presente,None,Dado indisponível,#DCDCDC,1091,Ibirité/MG,
Recursos hídricos,37,Programa cisternas: água para consumo,2020,,Presente,None,Dado indisponível,#DCDCDC,286,Ibirubá/RS,
Recursos hídricos,37,Programa cisternas: água para consumo,2020,,Presente,None,Dado indisponível,#DCDCDC,1988,Ibitinga/SP,
Recursos hídricos,37,Programa cisternas: água para consumo,2020,,Presente,None,Dado indisponível,#DCDCDC,1637,Ibitirama/ES,
Recursos hídricos,37,Programa cisternas: água para consumo,2020,,Presente,None,Dado indisponível,#DCDCDC,1092,Ibitiúra de Minas/MG,
Recursos hídricos,37,Programa cisternas: água para consumo,2020,,Presente,None,Dado indisponível,#DCDCDC,1093,Ibituruna/MG,
Recursos hídricos,37,Programa cisternas: água para consumo,2020,,Presente,None,Dado indisponível,#DCDCDC,1989,Ibiúna/SP,
Recursos hídricos,37,Programa cisternas: água para consumo,2020,,Presente,None,Dado indisponível,#DCDCDC,5145,Icaraíma/PR,
Recursos hídricos,37,Programa cisternas: água para consumo,2020,,Presente,None,Dado indisponível,#DCDCDC,2446,Içara/SC,
Recursos hídricos,37,Programa cisternas: água para consumo,2020,,Presente,None,Dado indisponível,#DCDCDC,1990,Icém/SP,
Recursos hídricos,37,Programa cisternas: água para consumo,2020,,Presente,None,Dado indisponível,#DCDCDC,1638,Iconha/ES,
Recursos hídricos,37,Programa cisternas: água para consumo,2020,,Presente,None,Dado indisponível,#DCDCDC,1991,Iepê/SP,
Recursos hídricos,37,Programa cisternas: água para consumo,2020,,Presente,None,Dado indisponível,#DCDCDC,1992,Igaraçu do Tietê/SP,
Recursos hídricos,37,Programa cisternas: água para consumo,2020,,Presente,None,Dado indisponível,#DCDCDC,1993,Igarapava/SP,
Recursos hídricos,37,Programa cisternas: água para consumo,2020,,Presente,None,Dado indisponível,#DCDCDC,2978,Igarapé-Açu/PA,
Recursos hídricos,37,Programa cisternas: água para consumo,2020,,Presente,None,Dado indisponível,#DCDCDC,3274,Igarapé do Meio/MA,
Recursos hídricos,37,Programa cisternas: água para consumo,2020,,Presente,None,Dado indisponível,#DCDCDC,3275,Igarapé Grande/MA,
Recursos hídricos,37,Programa cisternas: água para consumo,2020,,Presente,None,Dado indisponível,#DCDCDC,1095,Igarapé/MG,
Recursos hídricos,37,Programa cisternas: água para consumo,2020,,Presente,None,Dado indisponível,#DCDCDC,2979,Igarapé-Miri/PA,
Recursos hídricos,37,Programa cisternas: água para consumo,2020,,Presente,None,Dado indisponível,#DCDCDC,4276,Igarassu/PE,
Recursos hídricos,37,Programa cisternas: água para consumo,2020,,Presente,None,Dado indisponível,#DCDCDC,1994,Igaratá/SP,
Recursos hídricos,37,Programa cisternas: água para consumo,2020,,Presente,None,Dado indisponível,#DCDCDC,1096,Igaratinga/MG,
Recursos hídricos,37,Programa cisternas: água para consumo,2020,,Presente,None,Dado indisponível,#DCDCDC,4681,Igrapiúna/BA,
Recursos hídricos,37,Programa cisternas: água para consumo,2020,,Presente,None,Dado indisponível,#DCDCDC,4421,Igreja Nova/AL,
Recursos hídricos,37,Programa cisternas: água para consumo,2020,,Presente,None,Dado indisponível,#DCDCDC,2592,Igrejinha/RS,
Recursos hídricos,37,Programa cisternas: água para consumo,2020,,Presente,None,Dado indisponível,#DCDCDC,1711,Iguaba Grande/RJ,
Recursos hídricos,37,Programa cisternas: água para consumo,2020,,Presente,None,Dado indisponível,#DCDCDC,1995,Iguape/SP,
Recursos hídricos,37,Programa cisternas: água para consumo,2020,,Presente,None,Dado indisponível,#DCDCDC,5146,Iguaraçu/PR,
Recursos hídricos,37,Programa cisternas: água para consumo,2020,,Presente,None,Dado indisponível,#DCDCDC,1097,Iguatama/MG,
Recursos hídricos,37,Programa cisternas: água para consumo,2020,,Presente,None,Dado indisponível,#DCDCDC,5147,Iguatu/PR,
Recursos hídricos,37,Programa cisternas: água para consumo,2020,,Presente,None,Dado indisponível,#DCDCDC,1098,Ijaci/MG,
Recursos hídricos,37,Programa cisternas: água para consumo,2020,,Presente,None,Dado indisponível,#DCDCDC,287,Ijuí/RS,
Recursos hídricos,37,Programa cisternas: água para consumo,2020,,Presente,None,Dado indisponível,#DCDCDC,1996,Ilhabela/SP,
Recursos hídricos,37,Programa cisternas: água para consumo,2020,,Presente,None,Dado indisponível,#DCDCDC,1997,Ilha Comprida/SP,
Recursos hídricos,37,Programa cisternas: água para consumo,2020,,Presente,None,Dado indisponível,#DCDCDC,4513,Ilha das Flores/SE,
Recursos hídricos,37,Programa cisternas: água para consumo,2020,,Presente,None,Dado indisponível,#DCDCDC,4284,Ilha de Itamaracá/PE,
Recursos hídricos,37,Programa cisternas: água para consumo,2020,,Presente,None,Dado indisponível,#DCDCDC,4902,Ilha Solteira/SP,
Recursos hídricos,37,Programa cisternas: água para consumo,2020,,Presente,None,Dado indisponível,#DCDCDC,703,Ilhéus/BA,
Recursos hídricos,37,Programa cisternas: água para consumo,2020,,Presente,None,Dado indisponível,#DCDCDC,2447,Ilhota/SC,
Recursos hídricos,37,Programa cisternas: água para consumo,2020,,Presente,None,Dado indisponível,#DCDCDC,1099,Ilicínea/MG,
Recursos hídricos,37,Programa cisternas: água para consumo,2020,,Presente,None,Dado indisponível,#DCDCDC,288,Ilópolis/RS,
Recursos hídricos,37,Programa cisternas: água para consumo,2020,,Presente,None,Dado indisponível,#DCDCDC,2448,Imaruí/SC,
Recursos hídricos,37,Programa cisternas: água para consumo,2020,,Presente,None,Dado indisponível,#DCDCDC,5351,Imbaú/PR,
Recursos hídricos,37,Programa cisternas: água para consumo,2020,,Presente,None,Dado indisponível,#DCDCDC,1100,Imbé de Minas/MG,
Recursos hídricos,37,Programa cisternas: água para consumo,2020,,Presente,None,Dado indisponível,#DCDCDC,2593,Imbé/RS,
Recursos hídricos,37,Programa cisternas: água para consumo,2020,,Presente,None,Dado indisponível,#DCDCDC,2449,Imbituba/SC,
Recursos hídricos,37,Programa cisternas: água para consumo,2020,,Presente,None,Dado indisponível,#DCDCDC,5352,Imbituva/PR,
Recursos hídricos,37,Programa cisternas: água para consumo,2020,,Presente,None,Dado indisponível,#DCDCDC,2450,Imbuia/SC,
Recursos hídricos,37,Programa cisternas: água para consumo,2020,,Presente,None,Dado indisponível,#DCDCDC,289,Imigrante/RS,
Recursos hídricos,37,Programa cisternas: água para consumo,2020,,Presente,None,Dado indisponível,#DCDCDC,3276,Imperatriz/MA,
Recursos hídricos,37,Programa cisternas: água para consumo,2020,,Presente,None,Dado indisponível,#DCDCDC,2722,Inaciolândia/GO,
Recursos hídricos,37,Programa cisternas: água para consumo,2020,,Presente,None,Dado indisponível,#DCDCDC,5353,Inácio Martins/PR,
Recursos hídricos,37,Programa cisternas: água para consumo,2020,,Presente,None,Dado indisponível,#DCDCDC,5148,Inajá/PR,
Recursos hídricos,37,Programa cisternas: água para consumo,2020,,Presente,None,Dado indisponível,#DCDCDC,1101,Inconfidentes/MG,
Recursos hídricos,37,Programa cisternas: água para consumo,2020,,Presente,None,Dado indisponível,#DCDCDC,2451,Indaial/SC,
Recursos hídricos,37,Programa cisternas: água para consumo,2020,,Presente,None,Dado indisponível,#DCDCDC,1998,Indaiatuba/SP,
Recursos hídricos,37,Programa cisternas: água para consumo,2020,,Presente,None,Dado indisponível,#DCDCDC,290,Independência/RS,
Recursos hídricos,37,Programa cisternas: água para consumo,2020,,Presente,None,Dado indisponível,#DCDCDC,1999,Indiana/SP,
Recursos hídricos,37,Programa cisternas: água para consumo,2020,,Presente,None,Dado indisponível,#DCDCDC,1103,Indianópolis/MG,
Recursos hídricos,37,Programa cisternas: água para consumo,2020,,Presente,None,Dado indisponível,#DCDCDC,5149,Indianópolis/PR,
Recursos hídricos,37,Programa cisternas: água para consumo,2020,,Presente,None,Dado indisponível,#DCDCDC,2000,Indiaporã/SP,
Recursos hídricos,37,Programa cisternas: água para consumo,2020,,Presente,None,Dado indisponível,#DCDCDC,2723,Indiara/GO,
Recursos hídricos,37,Programa cisternas: água para consumo,2020,,Presente,None,Dado indisponível,#DCDCDC,4514,Indiaroba/SE,
Recursos hídricos,37,Programa cisternas: água para consumo,2020,,Presente,None,Dado indisponível,#DCDCDC,621,Indiavaí/MT,
Recursos hídricos,37,Programa cisternas: água para consumo,2020,,Presente,None,Dado indisponível,#DCDCDC,1104,Ingaí/MG,
Recursos hídricos,37,Programa cisternas: água para consumo,2020,,Presente,None,Dado indisponível,#DCDCDC,291,Inhacorá/RS,
Recursos hídricos,37,Programa cisternas: água para consumo,2020,,Presente,None,Dado indisponível,#DCDCDC,2980,Inhangapi/PA,
Recursos hídricos,37,Programa cisternas: água para consumo,2020,,Presente,None,Dado indisponível,#DCDCDC,1106,Inhaúma/MG,
Recursos hídricos,37,Programa cisternas: água para consumo,2020,,Presente,None,Dado indisponível,#DCDCDC,2724,Inhumas/GO,
Recursos hídricos,37,Programa cisternas: água para consumo,2020,,Presente,None,Dado indisponível,#DCDCDC,1107,Inimutaba/MG,
Recursos hídricos,37,Programa cisternas: água para consumo,2020,,Presente,None,Dado indisponível,#DCDCDC,559,Inocência/MS,
Recursos hídricos,37,Programa cisternas: água para consumo,2020,,Presente,None,Dado indisponível,#DCDCDC,2001,Inúbia Paulista/SP,
Recursos hídricos,37,Programa cisternas: água para consumo,2020,,Presente,None,Dado indisponível,#DCDCDC,2452,Iomerê/SC,
Recursos hídricos,37,Programa cisternas: água para consumo,2020,,Presente,None,Dado indisponível,#DCDCDC,1108,Ipaba/MG,
Recursos hídricos,37,Programa cisternas: água para consumo,2020,,Presente,None,Dado indisponível,#DCDCDC,2725,Ipameri/GO,
Recursos hídricos,37,Programa cisternas: água para consumo,2020,,Presente,None,Dado indisponível,#DCDCDC,1109,Ipanema/MG,
Recursos hídricos,37,Programa cisternas: água para consumo,2020,,Presente,None,Dado indisponível,#DCDCDC,1110,Ipatinga/MG,
Recursos hídricos,37,Programa cisternas: água para consumo,2020,,Presente,None,Dado indisponível,#DCDCDC,2002,Ipaussu/SP,
Recursos hídricos,37,Programa cisternas: água para consumo,2020,,Presente,None,Dado indisponível,#DCDCDC,2003,Iperó/SP,
Recursos hídricos,37,Programa cisternas: água para consumo,2020,,Presente,None,Dado indisponível,#DCDCDC,4935,Ipê/RS,
Recursos hídricos,37,Programa cisternas: água para consumo,2020,,Presente,None,Dado indisponível,#DCDCDC,2004,Ipeúna/SP,
Recursos hídricos,37,Programa cisternas: água para consumo,2020,,Presente,None,Dado indisponível,#DCDCDC,1111,Ipiaçu/MG,
Recursos hídricos,37,Programa cisternas: água para consumo,2020,,Presente,None,Dado indisponível,#DCDCDC,4684,Ipiaú/BA,
Recursos hídricos,37,Programa cisternas: água para consumo,2020,,Presente,None,Dado indisponível,#DCDCDC,2005,Ipiguá/SP,
Recursos hídricos,37,Programa cisternas: água para consumo,2020,,Presente,None,Dado indisponível,#DCDCDC,2726,Ipiranga de Goiás/GO,
Recursos hídricos,37,Programa cisternas: água para consumo,2020,,Presente,None,Dado indisponível,#DCDCDC,2902,Ipiranga do Norte/MT,
Recursos hídricos,37,Programa cisternas: água para consumo,2020,,Presente,None,Dado indisponível,#DCDCDC,292,Ipiranga do Sul/RS,
Recursos hídricos,37,Programa cisternas: água para consumo,2020,,Presente,None,Dado indisponível,#DCDCDC,5354,Ipiranga/PR,
Recursos hídricos,37,Programa cisternas: água para consumo,2020,,Presente,None,Dado indisponível,#DCDCDC,61,Ipira/SC,
Recursos hídricos,37,Programa cisternas: água para consumo,2020,,Presente,None,Dado indisponível,#DCDCDC,5485,Ipixuna/AM,
Recursos hídricos,37,Programa cisternas: água para consumo,2020,,Presente,None,Dado indisponível,#DCDCDC,2981,Ipixuna do Pará/PA,
Recursos hídricos,37,Programa cisternas: água para consumo,2020,,Presente,None,Dado indisponível,#DCDCDC,4280,Ipojuca/PE,
Recursos hídricos,37,Programa cisternas: água para consumo,2020,,Presente,None,Dado indisponível,#DCDCDC,62,Iporã do Oeste/SC,
Recursos hídricos,37,Programa cisternas: água para consumo,2020,,Presente,None,Dado indisponível,#DCDCDC,4971,Iporá/GO,
Recursos hídricos,37,Programa cisternas: água para consumo,2020,,Presente,None,Dado indisponível,#DCDCDC,2006,Iporanga/SP,
Recursos hídricos,37,Programa cisternas: água para consumo,2020,,Presente,None,Dado indisponível,#DCDCDC,5150,Iporã/PR,
Recursos hídricos,37,Programa cisternas: água para consumo,2020,,Presente,None,Dado indisponível,#DCDCDC,63,Ipuaçu/SC,
Recursos hídricos,37,Programa cisternas: água para consumo,2020,,Presente,None,Dado indisponível,#DCDCDC,2007,Ipuã/SP,
Recursos hídricos,37,Programa cisternas: água para consumo,2020,,Presente,None,Dado indisponível,#DCDCDC,3106,Ipueiras/TO,
Recursos hídricos,37,Programa cisternas: água para consumo,2020,,Presente,None,Dado indisponível,#DCDCDC,1112,Ipuiúna/MG,
Recursos hídricos,37,Programa cisternas: água para consumo,2020,,Presente,None,Dado indisponível,#DCDCDC,64,Ipumirim/SC,
Recursos hídricos,37,Programa cisternas: água para consumo,2020,,Presente,None,Dado indisponível,#DCDCDC,5151,Iracema do Oeste/PR,
Recursos hídricos,37,Programa cisternas: água para consumo,2020,,Presente,None,Dado indisponível,#DCDCDC,2008,Iracemápolis/SP,
Recursos hídricos,37,Programa cisternas: água para consumo,2020,,Presente,None,Dado indisponível,#DCDCDC,2850,Iracema/RR,
Recursos hídricos,37,Programa cisternas: água para consumo,2020,,Presente,None,Dado indisponível,#DCDCDC,65,Iraceminha/SC,
Recursos hídricos,37,Programa cisternas: água para consumo,2020,,Presente,None,Dado indisponível,#DCDCDC,1113,Iraí de Minas/MG,
Recursos hídricos,37,Programa cisternas: água para consumo,2020,,Presente,None,Dado indisponível,#DCDCDC,293,Iraí/RS,
Recursos hídricos,37,Programa cisternas: água para consumo,2020,,Presente,None,Dado indisponível,#DCDCDC,5486,Iranduba/AM,
Recursos hídricos,37,Programa cisternas: água para consumo,2020,,Presente,None,Dado indisponível,#DCDCDC,66,Irani/SC,
Recursos hídricos,37,Programa cisternas: água para consumo,2020,,Presente,None,Dado indisponível,#DCDCDC,2009,Irapuã/SP,
Recursos hídricos,37,Programa cisternas: água para consumo,2020,,Presente,None,Dado indisponível,#DCDCDC,4903,Irapuru/SP,
Recursos hídricos,37,Programa cisternas: água para consumo,2020,,Presente,None,Dado indisponível,#DCDCDC,5355,Irati/PR,
Recursos hídricos,37,Programa cisternas: água para consumo,2020,,Presente,None,Dado indisponível,#DCDCDC,67,Irati/SC,
Recursos hídricos,37,Programa cisternas: água para consumo,2020,,Presente,None,Dado indisponível,#DCDCDC,5152,Iretama/PR,
Recursos hídricos,37,Programa cisternas: água para consumo,2020,,Presente,None,Dado indisponível,#DCDCDC,2453,Irineópolis/SC,
Recursos hídricos,37,Programa cisternas: água para consumo,2020,,Presente,None,Dado indisponível,#DCDCDC,1639,Irupi/ES,
Recursos hídricos,37,Programa cisternas: água para consumo,2020,,Presente,None,Dado indisponível,#DCDCDC,2727,Israelândia/GO,
Recursos hídricos,37,Programa cisternas: água para consumo,2020,,Presente,None,Dado indisponível,#DCDCDC,294,Itaara/RS,
Recursos hídricos,37,Programa cisternas: água para consumo,2020,,Presente,None,Dado indisponível,#DCDCDC,4515,Itabaiana/SE,
Recursos hídricos,37,Programa cisternas: água para consumo,2020,,Presente,None,Dado indisponível,#DCDCDC,4516,Itabaianinha/SE,
Recursos hídricos,37,Programa cisternas: água para consumo,2020,,Presente,None,Dado indisponível,#DCDCDC,704,Itabela/BA,
Recursos hídricos,37,Programa cisternas: água para consumo,2020,,Presente,None,Dado indisponível,#DCDCDC,2728,Itaberaí/GO,
Recursos hídricos,37,Programa cisternas: água para consumo,2020,,Presente,None,Dado indisponível,#DCDCDC,2010,Itaberá/SP,
Recursos hídricos,37,Programa cisternas: água para consumo,2020,,Presente,None,Dado indisponível,#DCDCDC,1114,Itabira/MG,
Recursos hídricos,37,Programa cisternas: água para consumo,2020,,Presente,None,Dado indisponível,#DCDCDC,1116,Itabirito/MG,
Recursos hídricos,37,Programa cisternas: água para consumo,2020,,Presente,None,Dado indisponível,#DCDCDC,1712,Itaboraí/RJ,
Recursos hídricos,37,Programa cisternas: água para consumo,2020,,Presente,None,Dado indisponível,#DCDCDC,705,Itabuna/BA,
Recursos hídricos,37,Programa cisternas: água para consumo,2020,,Presente,None,Dado indisponível,#DCDCDC,3107,Itacajá/TO,
Recursos hídricos,37,Programa cisternas: água para consumo,2020,,Presente,None,Dado indisponível,#DCDCDC,4994,Itacaré/BA,
Recursos hídricos,37,Programa cisternas: água para consumo,2020,,Presente,None,Dado indisponível,#DCDCDC,5487,Itacoatiara/AM,
Recursos hídricos,37,Programa cisternas: água para consumo,2020,,Presente,None,Dado indisponível,#DCDCDC,295,Itacurubi/RS,
Recursos hídricos,37,Programa cisternas: água para consumo,2020,,Presente,None,Dado indisponível,#DCDCDC,4996,Itagibá/BA,
Recursos hídricos,37,Programa cisternas: água para consumo,2020,,Presente,None,Dado indisponível,#DCDCDC,706,Itagimirim/BA,
Recursos hídricos,37,Programa cisternas: água para consumo,2020,,Presente,None,Dado indisponível,#DCDCDC,1713,Itaguaí/RJ,
Recursos hídricos,37,Programa cisternas: água para consumo,2020,,Presente,None,Dado indisponível,#DCDCDC,5153,Itaguajé/PR,
Recursos hídricos,37,Programa cisternas: água para consumo,2020,,Presente,None,Dado indisponível,#DCDCDC,1119,Itaguara/MG,
Recursos hídricos,37,Programa cisternas: água para consumo,2020,,Presente,None,Dado indisponível,#DCDCDC,2729,Itaguari/GO,
Recursos hídricos,37,Programa cisternas: água para consumo,2020,,Presente,None,Dado indisponível,#DCDCDC,2730,Itaguaru/GO,
Recursos hídricos,37,Programa cisternas: água para consumo,2020,,Presente,None,Dado indisponível,#DCDCDC,3108,Itaguatins/TO,
Recursos hídricos,37,Programa cisternas: água para consumo,2020,,Presente,None,Dado indisponível,#DCDCDC,2454,Itaiópolis/SC,
Recursos hídricos,37,Programa cisternas: água para consumo,2020,,Presente,None,Dado indisponível,#DCDCDC,5154,Itaipulândia/PR,
Recursos hídricos,37,Programa cisternas: água para consumo,2020,,Presente,None,Dado indisponível,#DCDCDC,2011,Itaí/SP,
Recursos hídricos,37,Programa cisternas: água para consumo,2020,,Presente,None,Dado indisponível,#DCDCDC,4972,Itajá/GO,
Recursos hídricos,37,Programa cisternas: água para consumo,2020,,Presente,None,Dado indisponível,#DCDCDC,2455,Itajaí/SC,
Recursos hídricos,37,Programa cisternas: água para consumo,2020,,Presente,None,Dado indisponível,#DCDCDC,2012,Itajobi/SP,
Recursos hídricos,37,Programa cisternas: água para consumo,2020,,Presente,None,Dado indisponível,#DCDCDC,1121,Itajubá/MG,
Recursos hídricos,37,Programa cisternas: água para consumo,2020,,Presente,None,Dado indisponível,#DCDCDC,707,Itaju do Colônia/BA,
Recursos hídricos,37,Programa cisternas: água para consumo,2020,,Presente,None,Dado indisponível,#DCDCDC,708,Itajuípe/BA,
Recursos hídricos,37,Programa cisternas: água para consumo,2020,,Presente,None,Dado indisponível,#DCDCDC,2013,Itaju/SP,
Recursos hídricos,37,Programa cisternas: água para consumo,2020,,Presente,None,Dado indisponível,#DCDCDC,1714,Italva/RJ,
Recursos hídricos,37,Programa cisternas: água para consumo,2020,,Presente,None,Dado indisponível,#DCDCDC,709,Itamaraju/BA,
Recursos hídricos,37,Programa cisternas: água para consumo,2020,,Presente,None,Dado indisponível,#DCDCDC,1122,Itamarandiba/MG,
Recursos hídricos,37,Programa cisternas: água para consumo,2020,,Presente,None,Dado indisponível,#DCDCDC,5488,Itamarati/AM,
Recursos hídricos,37,Programa cisternas: água para consumo,2020,,Presente,None,Dado indisponível,#DCDCDC,1123,Itamarati de Minas/MG,
Recursos hídricos,37,Programa cisternas: água para consumo,2020,,Presente,None,Dado indisponível,#DCDCDC,4695,Itamari/BA,
Recursos hídricos,37,Programa cisternas: água para consumo,2020,,Presente,None,Dado indisponível,#DCDCDC,5356,Itambaracá/PR,
Recursos hídricos,37,Programa cisternas: água para consumo,2020,,Presente,None,Dado indisponível,#DCDCDC,1125,Itambé do Mato Dentro/MG,
Recursos hídricos,37,Programa cisternas: água para consumo,2020,,Presente,None,Dado indisponível,#DCDCDC,5155,Itambé/PR,
Recursos hídricos,37,Programa cisternas: água para consumo,2020,,Presente,None,Dado indisponível,#DCDCDC,1126,Itamogi/MG,
Recursos hídricos,37,Programa cisternas: água para consumo,2020,,Presente,None,Dado indisponível,#DCDCDC,1127,Itamonte/MG,
Recursos hídricos,37,Programa cisternas: água para consumo,2020,,Presente,None,Dado indisponível,#DCDCDC,4696,Itanagra/BA,
Recursos hídricos,37,Programa cisternas: água para consumo,2020,,Presente,None,Dado indisponível,#DCDCDC,2014,Itanhaém/SP,
Recursos hídricos,37,Programa cisternas: água para consumo,2020,,Presente,None,Dado indisponível,#DCDCDC,1128,Itanhandu/MG,
Recursos hídricos,37,Programa cisternas: água para consumo,2020,,Presente,None,Dado indisponível,#DCDCDC,2903,Itanhangá/MT,
Recursos hídricos,37,Programa cisternas: água para consumo,2020,,Presente,None,Dado indisponível,#DCDCDC,711,Itanhém/BA,
Recursos hídricos,37,Programa cisternas: água para consumo,2020,,Presente,None,Dado indisponível,#DCDCDC,1715,Itaocara/RJ,
Recursos hídricos,37,Programa cisternas: água para consumo,2020,,Presente,None,Dado indisponível,#DCDCDC,2015,Itaoca/SP,
Recursos hídricos,37,Programa cisternas: água para consumo,2020,,Presente,None,Dado indisponível,#DCDCDC,2731,Itapaci/GO,
Recursos hídricos,37,Programa cisternas: água para consumo,2020,,Presente,None,Dado indisponível,#DCDCDC,1131,Itapagipe/MG,
Recursos hídricos,37,Programa cisternas: água para consumo,2020,,Presente,None,Dado indisponível,#DCDCDC,4697,Itaparica/BA,
Recursos hídricos,37,Programa cisternas: água para consumo,2020,,Presente,None,Dado indisponível,#DCDCDC,712,Itapé/BA,
Recursos hídricos,37,Programa cisternas: água para consumo,2020,,Presente,None,Dado indisponível,#DCDCDC,713,Itapebi/BA,
Recursos hídricos,37,Programa cisternas: água para consumo,2020,,Presente,None,Dado indisponível,#DCDCDC,2016,Itapecerica da Serra/SP,
Recursos hídricos,37,Programa cisternas: água para consumo,2020,,Presente,None,Dado indisponível,#DCDCDC,1132,Itapecerica/MG,
Recursos hídricos,37,Programa cisternas: água para consumo,2020,,Presente,None,Dado indisponível,#DCDCDC,5156,Itapejara d'Oeste/PR,
Recursos hídricos,37,Programa cisternas: água para consumo,2020,,Presente,None,Dado indisponível,#DCDCDC,2456,Itapema/SC,
Recursos hídricos,37,Programa cisternas: água para consumo,2020,,Presente,None,Dado indisponível,#DCDCDC,1641,Itapemirim/ES,
Recursos hídricos,37,Programa cisternas: água para consumo,2020,,Presente,None,Dado indisponível,#DCDCDC,5357,Itaperuçu/PR,
Recursos hídricos,37,Programa cisternas: água para consumo,2020,,Presente,None,Dado indisponível,#DCDCDC,1716,Itaperuna/RJ,
Recursos hídricos,37,Programa cisternas: água para consumo,2020,,Presente,None,Dado indisponível,#DCDCDC,2017,Itapetininga/SP,
Recursos hídricos,37,Programa cisternas: água para consumo,2020,,Presente,None,Dado indisponível,#DCDCDC,1133,Itapeva/MG,
Recursos hídricos,37,Programa cisternas: água para consumo,2020,,Presente,None,Dado indisponível,#DCDCDC,2018,Itapeva/SP,
Recursos hídricos,37,Programa cisternas: água para consumo,2020,,Presente,None,Dado indisponível,#DCDCDC,2019,Itapevi/SP,
Recursos hídricos,37,Programa cisternas: água para consumo,2020,,Presente,None,Dado indisponível,#DCDCDC,5489,Itapiranga/AM,
Recursos hídricos,37,Programa cisternas: água para consumo,2020,,Presente,None,Dado indisponível,#DCDCDC,69,Itapiranga/SC,
Recursos hídricos,37,Programa cisternas: água para consumo,2020,,Presente,None,Dado indisponível,#DCDCDC,2732,Itapirapuã/GO,
Recursos hídricos,37,Programa cisternas: água para consumo,2020,,Presente,None,Dado indisponível,#DCDCDC,2021,Itapirapuã Paulista/SP,
Recursos hídricos,37,Programa cisternas: água para consumo,2020,,Presente,None,Dado indisponível,#DCDCDC,2020,Itapira/SP,
Recursos hídricos,37,Programa cisternas: água para consumo,2020,,Presente,None,Dado indisponível,#DCDCDC,3109,Itapiratins/TO,
Recursos hídricos,37,Programa cisternas: água para consumo,2020,,Presente,None,Dado indisponível,#DCDCDC,4287,Itapissuma/PE,
Recursos hídricos,37,Programa cisternas: água para consumo,2020,,Presente,None,Dado indisponível,#DCDCDC,715,Itapitanga/BA,
Recursos hídricos,37,Programa cisternas: água para consumo,2020,,Presente,None,Dado indisponível,#DCDCDC,2457,Itapoá/SC,
Recursos hídricos,37,Programa cisternas: água para consumo,2020,,Presente,None,Dado indisponível,#DCDCDC,2022,Itápolis/SP,
Recursos hídricos,37,Programa cisternas: água para consumo,2020,,Presente,None,Dado indisponível,#DCDCDC,3110,Itaporã do Tocantins/TO,
Recursos hídricos,37,Programa cisternas: água para consumo,2020,,Presente,None,Dado indisponível,#DCDCDC,560,Itaporã/MS,
Recursos hídricos,37,Programa cisternas: água para consumo,2020,,Presente,None,Dado indisponível,#DCDCDC,4518,Itaporanga d'Ajuda/SE,
Recursos hídricos,37,Programa cisternas: água para consumo,2020,,Presente,None,Dado indisponível,#DCDCDC,2023,Itaporanga/SP,
Recursos hídricos,37,Programa cisternas: água para consumo,2020,,Presente,None,Dado indisponível,#DCDCDC,4070,Itapororoca/PB,
Recursos hídricos,37,Programa cisternas: água para consumo,2020,,Presente,None,Dado indisponível,#DCDCDC,5557,Itapuã do Oeste/RO,
Recursos hídricos,37,Programa cisternas: água para consumo,2020,,Presente,None,Dado indisponível,#DCDCDC,296,Itapuca/RS,
Recursos hídricos,37,Programa cisternas: água para consumo,2020,,Presente,None,Dado indisponível,#DCDCDC,2024,Itapuí/SP,
Recursos hídricos,37,Programa cisternas: água para consumo,2020,,Presente,None,Dado indisponível,#DCDCDC,2733,Itapuranga/GO,
Recursos hídricos,37,Programa cisternas: água para consumo,2020,,Presente,None,Dado indisponível,#DCDCDC,4904,Itapura/SP,
Recursos hídricos,37,Programa cisternas: água para consumo,2020,,Presente,None,Dado indisponível,#DCDCDC,2025,Itaquaquecetuba/SP,
Recursos hídricos,37,Programa cisternas: água para consumo,2020,,Presente,None,Dado indisponível,#DCDCDC,561,Itaquiraí/MS,
Recursos hídricos,37,Programa cisternas: água para consumo,2020,,Presente,None,Dado indisponível,#DCDCDC,297,Itaqui/RS,
Recursos hídricos,37,Programa cisternas: água para consumo,2020,,Presente,None,Dado indisponível,#DCDCDC,4288,Itaquitinga/PE,
Recursos hídricos,37,Programa cisternas: água para consumo,2020,,Presente,None,Dado indisponível,#DCDCDC,2026,Itararé/SP,
Recursos hídricos,37,Programa cisternas: água para consumo,2020,,Presente,None,Dado indisponível,#DCDCDC,2027,Itariri/SP,
Recursos hídricos,37,Programa cisternas: água para consumo,2020,,Presente,None,Dado indisponível,#DCDCDC,4973,Itarumã/GO,
Recursos hídricos,37,Programa cisternas: água para consumo,2020,,Presente,None,Dado indisponível,#DCDCDC,1717,Itatiaia/RJ,
Recursos hídricos,37,Programa cisternas: água para consumo,2020,,Presente,None,Dado indisponível,#DCDCDC,1134,Itatiaiuçu/MG,
Recursos hídricos,37,Programa cisternas: água para consumo,2020,,Presente,None,Dado indisponível,#DCDCDC,298,Itatiba do Sul/RS,
Recursos hídricos,37,Programa cisternas: água para consumo,2020,,Presente,None,Dado indisponível,#DCDCDC,2028,Itatiba/SP,
Recursos hídricos,37,Programa cisternas: água para consumo,2020,,Presente,None,Dado indisponível,#DCDCDC,2029,Itatinga/SP,
Recursos hídricos,37,Programa cisternas: água para consumo,2020,,Presente,None,Dado indisponível,#DCDCDC,2594,Itati/RS,
Recursos hídricos,37,Programa cisternas: água para consumo,2020,,Presente,None,Dado indisponível,#DCDCDC,3047,Itaubal/AP,
Recursos hídricos,37,Programa cisternas: água para consumo,2020,,Presente,None,Dado indisponível,#DCDCDC,2904,Itaúba/MT,
Recursos hídricos,37,Programa cisternas: água para consumo,2020,,Presente,None,Dado indisponível,#DCDCDC,2734,Itauçu/GO,
Recursos hídricos,37,Programa cisternas: água para consumo,2020,,Presente,None,Dado indisponível,#DCDCDC,1135,Itaú de Minas/MG,
Recursos hídricos,37,Programa cisternas: água para consumo,2020,,Presente,None,Dado indisponível,#DCDCDC,5157,Itaúna do Sul/PR,
Recursos hídricos,37,Programa cisternas: água para consumo,2020,,Presente,None,Dado indisponível,#DCDCDC,1136,Itaúna/MG,
Recursos hídricos,37,Programa cisternas: água para consumo,2020,,Presente,None,Dado indisponível,#DCDCDC,1137,Itaverava/MG,
Recursos hídricos,37,Programa cisternas: água para consumo,2020,,Presente,None,Dado indisponível,#DCDCDC,3279,Itinga do Maranhão/MA,
Recursos hídricos,37,Programa cisternas: água para consumo,2020,,Presente,None,Dado indisponível,#DCDCDC,622,Itiquira/MT,
Recursos hídricos,37,Programa cisternas: água para consumo,2020,,Presente,None,Dado indisponível,#DCDCDC,2030,Itirapina/SP,
Recursos hídricos,37,Programa cisternas: água para consumo,2020,,Presente,None,Dado indisponível,#DCDCDC,2031,Itirapuã/SP,
Recursos hídricos,37,Programa cisternas: água para consumo,2020,,Presente,None,Dado indisponível,#DCDCDC,2032,Itobi/SP,
Recursos hídricos,37,Programa cisternas: água para consumo,2020,,Presente,None,Dado indisponível,#DCDCDC,4704,Ituberá/BA,
Recursos hídricos,37,Programa cisternas: água para consumo,2020,,Presente,None,Dado indisponível,#DCDCDC,1140,Ituiutaba/MG,
Recursos hídricos,37,Programa cisternas: água para consumo,2020,,Presente,None,Dado indisponível,#DCDCDC,2735,Itumbiara/GO,
Recursos hídricos,37,Programa cisternas: água para consumo,2020,,Presente,None,Dado indisponível,#DCDCDC,1141,Itumirim/MG,
Recursos hídricos,37,Programa cisternas: água para consumo,2020,,Presente,None,Dado indisponível,#DCDCDC,2034,Itupeva/SP,
Recursos hídricos,37,Programa cisternas: água para consumo,2020,,Presente,None,Dado indisponível,#DCDCDC,2983,Itupiranga/PA,
Recursos hídricos,37,Programa cisternas: água para consumo,2020,,Presente,None,Dado indisponível,#DCDCDC,2458,Ituporanga/SC,
Recursos hídricos,37,Programa cisternas: água para consumo,2020,,Presente,None,Dado indisponível,#DCDCDC,1142,Iturama/MG,
Recursos hídricos,37,Programa cisternas: água para consumo,2020,,Presente,None,Dado indisponível,#DCDCDC,2033,Itu/SP,
Recursos hídricos,37,Programa cisternas: água para consumo,2020,,Presente,None,Dado indisponível,#DCDCDC,1143,Itutinga/MG,
Recursos hídricos,37,Programa cisternas: água para consumo,2020,,Presente,None,Dado indisponível,#DCDCDC,2035,Ituverava/SP,
Recursos hídricos,37,Programa cisternas: água para consumo,2020,,Presente,None,Dado indisponível,#DCDCDC,1643,Iúna/ES,
Recursos hídricos,37,Programa cisternas: água para consumo,2020,,Presente,None,Dado indisponível,#DCDCDC,5158,Ivaiporã/PR,
Recursos hídricos,37,Programa cisternas: água para consumo,2020,,Presente,None,Dado indisponível,#DCDCDC,5358,Ivaí/PR,
Recursos hídricos,37,Programa cisternas: água para consumo,2020,,Presente,None,Dado indisponível,#DCDCDC,5159,Ivaté/PR,
Recursos hídricos,37,Programa cisternas: água para consumo,2020,,Presente,None,Dado indisponível,#DCDCDC,5160,Ivatuba/PR,
Recursos hídricos,37,Programa cisternas: água para consumo,2020,,Presente,None,Dado indisponível,#DCDCDC,562,Ivinhema/MS,
Recursos hídricos,37,Programa cisternas: água para consumo,2020,,Presente,None,Dado indisponível,#DCDCDC,2736,Ivolândia/GO,
Recursos hídricos,37,Programa cisternas: água para consumo,2020,,Presente,None,Dado indisponível,#DCDCDC,299,Ivorá/RS,
Recursos hídricos,37,Programa cisternas: água para consumo,2020,,Presente,None,Dado indisponível,#DCDCDC,2595,Ivoti/RS,
Recursos hídricos,37,Programa cisternas: água para consumo,2020,,Presente,None,Dado indisponível,#DCDCDC,4289,Jaboatão dos Guararapes/PE,
Recursos hídricos,37,Programa cisternas: água para consumo,2020,,Presente,None,Dado indisponível,#DCDCDC,2036,Jaborandi/SP,
Recursos hídricos,37,Programa cisternas: água para consumo,2020,,Presente,None,Dado indisponível,#DCDCDC,70,Jaborá/SC,
Recursos hídricos,37,Programa cisternas: água para consumo,2020,,Presente,None,Dado indisponível,#DCDCDC,2037,Jaboticabal/SP,
Recursos hídricos,37,Programa cisternas: água para consumo,2020,,Presente,None,Dado indisponível,#DCDCDC,300,Jaboticaba/RS,
Recursos hídricos,37,Programa cisternas: água para consumo,2020,,Presente,None,Dado indisponível,#DCDCDC,1144,Jaboticatubas/MG,
Recursos hídricos,37,Programa cisternas: água para consumo,2020,,Presente,None,Dado indisponível,#DCDCDC,5359,Jaboti/PR,
Recursos hídricos,37,Programa cisternas: água para consumo,2020,,Presente,None,Dado indisponível,#DCDCDC,2867,Jacareacanga/PA,
Recursos hídricos,37,Programa cisternas: água para consumo,2020,,Presente,None,Dado indisponível,#DCDCDC,2038,Jacareí/SP,
Recursos hídricos,37,Programa cisternas: água para consumo,2020,,Presente,None,Dado indisponível,#DCDCDC,5360,Jacarezinho/PR,
Recursos hídricos,37,Programa cisternas: água para consumo,2020,,Presente,None,Dado indisponível,#DCDCDC,623,Jaciara/MT,
Recursos hídricos,37,Programa cisternas: água para consumo,2020,,Presente,None,Dado indisponível,#DCDCDC,2459,Jacinto Machado/SC,
Recursos hídricos,37,Programa cisternas: água para consumo,2020,,Presente,None,Dado indisponível,#DCDCDC,2039,Jaci/SP,
Recursos hídricos,37,Programa cisternas: água para consumo,2020,,Presente,None,Dado indisponível,#DCDCDC,1146,Jacuí/MG,
Recursos hídricos,37,Programa cisternas: água para consumo,2020,,Presente,None,Dado indisponível,#DCDCDC,4424,Jacuípe/AL,
Recursos hídricos,37,Programa cisternas: água para consumo,2020,,Presente,None,Dado indisponível,#DCDCDC,301,Jacuizinho/RS,
Recursos hídricos,37,Programa cisternas: água para consumo,2020,,Presente,None,Dado indisponível,#DCDCDC,2984,Jacundá/PA,
Recursos hídricos,37,Programa cisternas: água para consumo,2020,,Presente,None,Dado indisponível,#DCDCDC,2040,Jacupiranga/SP,
Recursos hídricos,37,Programa cisternas: água para consumo,2020,,Presente,None,Dado indisponível,#DCDCDC,1147,Jacutinga/MG,
Recursos hídricos,37,Programa cisternas: água para consumo,2020,,Presente,None,Dado indisponível,#DCDCDC,302,Jacutinga/RS,
Recursos hídricos,37,Programa cisternas: água para consumo,2020,,Presente,None,Dado indisponível,#DCDCDC,5449,Jaguapitã/PR,
Recursos hídricos,37,Programa cisternas: água para consumo,2020,,Presente,None,Dado indisponível,#DCDCDC,1148,Jaguaraçu/MG,
Recursos hídricos,37,Programa cisternas: água para consumo,2020,,Presente,None,Dado indisponível,#DCDCDC,303,Jaguarão/RS,
Recursos hídricos,37,Programa cisternas: água para consumo,2020,,Presente,None,Dado indisponível,#DCDCDC,1644,Jaguaré/ES,
Recursos hídricos,37,Programa cisternas: água para consumo,2020,,Presente,None,Dado indisponível,#DCDCDC,5361,Jaguariaíva/PR,
Recursos hídricos,37,Programa cisternas: água para consumo,2020,,Presente,None,Dado indisponível,#DCDCDC,4708,Jaguaripe/BA,
Recursos hídricos,37,Programa cisternas: água para consumo,2020,,Presente,None,Dado indisponível,#DCDCDC,304,Jaguari/RS,
Recursos hídricos,37,Programa cisternas: água para consumo,2020,,Presente,None,Dado indisponível,#DCDCDC,2041,Jaguariúna/SP,
Recursos hídricos,37,Programa cisternas: água para consumo,2020,,Presente,None,Dado indisponível,#DCDCDC,2460,Jaguaruna/SC,
Recursos hídricos,37,Programa cisternas: água para consumo,2020,,Presente,None,Dado indisponível,#DCDCDC,2042,Jales/SP,
Recursos hídricos,37,Programa cisternas: água para consumo,2020,,Presente,None,Dado indisponível,#DCDCDC,2043,Jambeiro/SP,
Recursos hídricos,37,Programa cisternas: água para consumo,2020,,Presente,None,Dado indisponível,#DCDCDC,5161,Jandaia do Sul/PR,
Recursos hídricos,37,Programa cisternas: água para consumo,2020,,Presente,None,Dado indisponível,#DCDCDC,2737,Jandaia/GO,
Recursos hídricos,37,Programa cisternas: água para consumo,2020,,Presente,None,Dado indisponível,#DCDCDC,4709,Jandaíra/BA,
Recursos hídricos,37,Programa cisternas: água para consumo,2020,,Presente,None,Dado indisponível,#DCDCDC,2044,Jandira/SP,
Recursos hídricos,37,Programa cisternas: água para consumo,2020,,Presente,None,Dado indisponível,#DCDCDC,624,Jangada/MT,
Recursos hídricos,37,Programa cisternas: água para consumo,2020,,Presente,None,Dado indisponível,#DCDCDC,5162,Janiópolis/PR,
Recursos hídricos,37,Programa cisternas: água para consumo,2020,,Presente,None,Dado indisponível,#DCDCDC,1153,Japaraíba/MG,
Recursos hídricos,37,Programa cisternas: água para consumo,2020,,Presente,None,Dado indisponível,#DCDCDC,4425,Japaratinga/AL,
Recursos hídricos,37,Programa cisternas: água para consumo,2020,,Presente,None,Dado indisponível,#DCDCDC,4519,Japaratuba/SE,
Recursos hídricos,37,Programa cisternas: água para consumo,2020,,Presente,None,Dado indisponível,#DCDCDC,1718,Japeri/RJ,
Recursos hídricos,37,Programa cisternas: água para consumo,2020,,Presente,None,Dado indisponível,#DCDCDC,5362,Japira/PR,
Recursos hídricos,37,Programa cisternas: água para consumo,2020,,Presente,None,Dado indisponível,#DCDCDC,4520,Japoatã/SE,
Recursos hídricos,37,Programa cisternas: água para consumo,2020,,Presente,None,Dado indisponível,#DCDCDC,563,Japorã/MS,
Recursos hídricos,37,Programa cisternas: água para consumo,2020,,Presente,None,Dado indisponível,#DCDCDC,5490,Japurá/AM,
Recursos hídricos,37,Programa cisternas: água para consumo,2020,,Presente,None,Dado indisponível,#DCDCDC,5163,Japurá/PR,
Recursos hídricos,37,Programa cisternas: água para consumo,2020,,Presente,None,Dado indisponível,#DCDCDC,4290,Jaqueira/PE,
Recursos hídricos,37,Programa cisternas: água para consumo,2020,,Presente,None,Dado indisponível,#DCDCDC,2596,Jaquirana/RS,
Recursos hídricos,37,Programa cisternas: água para consumo,2020,,Presente,None,Dado indisponível,#DCDCDC,2461,Jaraguá do Sul/SC,
Recursos hídricos,37,Programa cisternas: água para consumo,2020,,Presente,None,Dado indisponível,#DCDCDC,2738,Jaraguá/GO,
Recursos hídricos,37,Programa cisternas: água para consumo,2020,,Presente,None,Dado indisponível,#DCDCDC,564,Jaraguari/MS,
Recursos hídricos,37,Programa cisternas: água para consumo,2020,,Presente,None,Dado indisponível,#DCDCDC,5164,Jardim Alegre/PR,
Recursos hídricos,37,Programa cisternas: água para consumo,2020,,Presente,None,Dado indisponível,#DCDCDC,565,Jardim/MS,
Recursos hídricos,37,Programa cisternas: água para consumo,2020,,Presente,None,Dado indisponível,#DCDCDC,5165,Jardim Olinda/PR,
Recursos hídricos,37,Programa cisternas: água para consumo,2020,,Presente,None,Dado indisponível,#DCDCDC,71,Jardinópolis/SC,
Recursos hídricos,37,Programa cisternas: água para consumo,2020,,Presente,None,Dado indisponível,#DCDCDC,2045,Jardinópolis/SP,
Recursos hídricos,37,Programa cisternas: água para consumo,2020,,Presente,None,Dado indisponível,#DCDCDC,2046,Jarinu/SP,
Recursos hídricos,37,Programa cisternas: água para consumo,2020,,Presente,None,Dado indisponível,#DCDCDC,305,Jari/RS,
Recursos hídricos,37,Programa cisternas: água para consumo,2020,,Presente,None,Dado indisponível,#DCDCDC,5531,Jaru/RO,
Recursos hídricos,37,Programa cisternas: água para consumo,2020,,Presente,None,Dado indisponível,#DCDCDC,4974,Jataí/GO,
Recursos hídricos,37,Programa cisternas: água para consumo,2020,,Presente,None,Dado indisponível,#DCDCDC,5363,Jataizinho/PR,
Recursos hídricos,37,Programa cisternas: água para consumo,2020,,Presente,None,Dado indisponível,#DCDCDC,566,Jateí/MS,
Recursos hídricos,37,Programa cisternas: água para consumo,2020,,Presente,None,Dado indisponível,#DCDCDC,3111,Jaú do Tocantins/TO,
Recursos hídricos,37,Programa cisternas: água para consumo,2020,,Presente,None,Dado indisponível,#DCDCDC,2739,Jaupaci/GO,
Recursos hídricos,37,Programa cisternas: água para consumo,2020,,Presente,None,Dado indisponível,#DCDCDC,625,Jauru/MT,
Recursos hídricos,37,Programa cisternas: água para consumo,2020,,Presente,None,Dado indisponível,#DCDCDC,2047,Jaú/SP,
Recursos hídricos,37,Programa cisternas: água para consumo,2020,,Presente,None,Dado indisponível,#DCDCDC,1155,Jeceaba/MG,
Recursos hídricos,37,Programa cisternas: água para consumo,2020,,Presente,None,Dado indisponível,#DCDCDC,1157,Jequeri/MG,
Recursos hídricos,37,Programa cisternas: água para consumo,2020,,Presente,None,Dado indisponível,#DCDCDC,4427,Jequiá da Praia/AL,
Recursos hídricos,37,Programa cisternas: água para consumo,2020,,Presente,None,Dado indisponível,#DCDCDC,1159,Jequitibá/MG,
Recursos hídricos,37,Programa cisternas: água para consumo,2020,,Presente,None,Dado indisponível,#DCDCDC,2048,Jeriquara/SP,
Recursos hídricos,37,Programa cisternas: água para consumo,2020,,Presente,None,Dado indisponível,#DCDCDC,1645,Jerônimo Monteiro/ES,
Recursos hídricos,37,Programa cisternas: água para consumo,2020,,Presente,None,Dado indisponível,#DCDCDC,1161,Jesuânia/MG,
Recursos hídricos,37,Programa cisternas: água para consumo,2020,,Presente,None,Dado indisponível,#DCDCDC,5166,Jesuítas/PR,
Recursos hídricos,37,Programa cisternas: água para consumo,2020,,Presente,None,Dado indisponível,#DCDCDC,2740,Jesúpolis/GO,
Recursos hídricos,37,Programa cisternas: água para consumo,2020,,Presente,None,Dado indisponível,#DCDCDC,5532,Ji-Paraná/RO,
Recursos hídricos,37,Programa cisternas: água para consumo,2020,,Presente,None,Dado indisponível,#DCDCDC,4711,Jiquiriçá/BA,
Recursos hídricos,37,Programa cisternas: água para consumo,2020,,Presente,None,Dado indisponível,#DCDCDC,72,Joaçaba/SC,
Recursos hídricos,37,Programa cisternas: água para consumo,2020,,Presente,None,Dado indisponível,#DCDCDC,1163,Joanésia/MG,
Recursos hídricos,37,Programa cisternas: água para consumo,2020,,Presente,None,Dado indisponível,#DCDCDC,2049,Joanópolis/SP,
Recursos hídricos,37,Programa cisternas: água para consumo,2020,,Presente,None,Dado indisponível,#DCDCDC,3282,João Lisboa/MA,
Recursos hídricos,37,Programa cisternas: água para consumo,2020,,Presente,None,Dado indisponível,#DCDCDC,1164,João Monlevade/MG,
Recursos hídricos,37,Programa cisternas: água para consumo,2020,,Presente,None,Dado indisponível,#DCDCDC,1646,João Neiva/ES,
Recursos hídricos,37,Programa cisternas: água para consumo,2020,,Presente,None,Dado indisponível,#DCDCDC,4074,João Pessoa/PB,
Recursos hídricos,37,Programa cisternas: água para consumo,2020,,Presente,None,Dado indisponível,#DCDCDC,1165,João Pinheiro/MG,
Recursos hídricos,37,Programa cisternas: água para consumo,2020,,Presente,None,Dado indisponível,#DCDCDC,2050,João Ramalho/SP,
Recursos hídricos,37,Programa cisternas: água para consumo,2020,,Presente,None,Dado indisponível,#DCDCDC,1166,Joaquim Felício/MG,
Recursos hídricos,37,Programa cisternas: água para consumo,2020,,Presente,None,Dado indisponível,#DCDCDC,4428,Joaquim Gomes/AL,
Recursos hídricos,37,Programa cisternas: água para consumo,2020,,Presente,None,Dado indisponível,#DCDCDC,4294,Joaquim Nabuco/PE,
Recursos hídricos,37,Programa cisternas: água para consumo,2020,,Presente,None,Dado indisponível,#DCDCDC,5364,Joaquim Távora/PR,
Recursos hídricos,37,Programa cisternas: água para consumo,2020,,Presente,None,Dado indisponível,#DCDCDC,306,Jóia/RS,
Recursos hídricos,37,Programa cisternas: água para consumo,2020,,Presente,None,Dado indisponível,#DCDCDC,2462,Joinville/SC,
Recursos hídricos,37,Programa cisternas: água para consumo,2020,,Presente,None,Dado indisponível,#DCDCDC,2829,Jordão/AC,
Recursos hídricos,37,Programa cisternas: água para consumo,2020,,Presente,None,Dado indisponível,#DCDCDC,2463,José Boiteux/SC,
Recursos hídricos,37,Programa cisternas: água para consumo,2020,,Presente,None,Dado indisponível,#DCDCDC,2051,José Bonifácio/SP,
Recursos hídricos,37,Programa cisternas: água para consumo,2020,,Presente,None,Dado indisponível,#DCDCDC,3283,Joselândia/MA,
Recursos hídricos,37,Programa cisternas: água para consumo,2020,,Presente,None,Dado indisponível,#DCDCDC,2741,Joviânia/GO,
Recursos hídricos,37,Programa cisternas: água para consumo,2020,,Presente,None,Dado indisponível,#DCDCDC,2905,Juara/MT,
Recursos hídricos,37,Programa cisternas: água para consumo,2020,,Presente,None,Dado indisponível,#DCDCDC,3112,Juarina/TO,
Recursos hídricos,37,Programa cisternas: água para consumo,2020,,Presente,None,Dado indisponível,#DCDCDC,1172,Juatuba/MG,
Recursos hídricos,37,Programa cisternas: água para consumo,2020,,Presente,None,Dado indisponível,#DCDCDC,719,Jucuruçu/BA,
Recursos hídricos,37,Programa cisternas: água para consumo,2020,,Presente,None,Dado indisponível,#DCDCDC,2906,Juína/MT,
Recursos hídricos,37,Programa cisternas: água para consumo,2020,,Presente,None,Dado indisponível,#DCDCDC,1173,Juiz de Fora/MG,
Recursos hídricos,37,Programa cisternas: água para consumo,2020,,Presente,None,Dado indisponível,#DCDCDC,307,Júlio de Castilhos/RS,
Recursos hídricos,37,Programa cisternas: água para consumo,2020,,Presente,None,Dado indisponível,#DCDCDC,2052,Júlio Mesquita/SP,
Recursos hídricos,37,Programa cisternas: água para consumo,2020,,Presente,None,Dado indisponível,#DCDCDC,2053,Jumirim/SP,
Recursos hídricos,37,Programa cisternas: água para consumo,2020,,Presente,None,Dado indisponível,#DCDCDC,3284,Junco do Maranhão/MA,
Recursos hídricos,37,Programa cisternas: água para consumo,2020,,Presente,None,Dado indisponível,#DCDCDC,4429,Jundiá/AL,
Recursos hídricos,37,Programa cisternas: água para consumo,2020,,Presente,None,Dado indisponível,#DCDCDC,5365,Jundiaí do Sul/PR,
Recursos hídricos,37,Programa cisternas: água para consumo,2020,,Presente,None,Dado indisponível,#DCDCDC,2054,Jundiaí/SP,
Recursos hídricos,37,Programa cisternas: água para consumo,2020,,Presente,None,Dado indisponível,#DCDCDC,4430,Junqueiro/AL,
Recursos hídricos,37,Programa cisternas: água para consumo,2020,,Presente,None,Dado indisponível,#DCDCDC,4905,Junqueirópolis/SP,
Recursos hídricos,37,Programa cisternas: água para consumo,2020,,Presente,None,Dado indisponível,#DCDCDC,73,Jupiá/SC,
Recursos hídricos,37,Programa cisternas: água para consumo,2020,,Presente,None,Dado indisponível,#DCDCDC,2055,Juquiá/SP,
Recursos hídricos,37,Programa cisternas: água para consumo,2020,,Presente,None,Dado indisponível,#DCDCDC,2056,Juquitiba/SP,
Recursos hídricos,37,Programa cisternas: água para consumo,2020,,Presente,None,Dado indisponível,#DCDCDC,5167,Juranda/PR,
Recursos hídricos,37,Programa cisternas: água para consumo,2020,,Presente,None,Dado indisponível,#DCDCDC,4078,Juripiranga/PB,
Recursos hídricos,37,Programa cisternas: água para consumo,2020,,Presente,None,Dado indisponível,#DCDCDC,1175,Juruaia/MG,
Recursos hídricos,37,Programa cisternas: água para consumo,2020,,Presente,None,Dado indisponível,#DCDCDC,2907,Juruena/MT,
Recursos hídricos,37,Programa cisternas: água para consumo,2020,,Presente,None,Dado indisponível,#DCDCDC,2868,Juruti/PA,
Recursos hídricos,37,Programa cisternas: água para consumo,2020,,Presente,None,Dado indisponível,#DCDCDC,626,Juscimeira/MT,
Recursos hídricos,37,Programa cisternas: água para consumo,2020,,Presente,None,Dado indisponível,#DCDCDC,4975,Jussara/GO,
Recursos hídricos,37,Programa cisternas: água para consumo,2020,,Presente,None,Dado indisponível,#DCDCDC,5168,Jussara/PR,
Recursos hídricos,37,Programa cisternas: água para consumo,2020,,Presente,None,Dado indisponível,#DCDCDC,720,Jussari/BA,
Recursos hídricos,37,Programa cisternas: água para consumo,2020,,Presente,None,Dado indisponível,#DCDCDC,567,Juti/MS,
Recursos hídricos,37,Programa cisternas: água para consumo,2020,,Presente,None,Dado indisponível,#DCDCDC,5169,Kaloré/PR,
Recursos hídricos,37,Programa cisternas: água para consumo,2020,,Presente,None,Dado indisponível,#DCDCDC,5493,Lábrea/AM,
Recursos hídricos,37,Programa cisternas: água para consumo,2020,,Presente,None,Dado indisponível,#DCDCDC,74,Lacerdópolis/SC,
Recursos hídricos,37,Programa cisternas: água para consumo,2020,,Presente,None,Dado indisponível,#DCDCDC,568,Ladário/MS,
Recursos hídricos,37,Programa cisternas: água para consumo,2020,,Presente,None,Dado indisponível,#DCDCDC,1177,Lagamar/MG,
Recursos hídricos,37,Programa cisternas: água para consumo,2020,,Presente,None,Dado indisponível,#DCDCDC,2464,Lages/SC,
Recursos hídricos,37,Programa cisternas: água para consumo,2020,,Presente,None,Dado indisponível,#DCDCDC,308,Lagoa Bonita do Sul/RS,
Recursos hídricos,37,Programa cisternas: água para consumo,2020,,Presente,None,Dado indisponível,#DCDCDC,3113,Lagoa da Confusão/TO,
Recursos hídricos,37,Programa cisternas: água para consumo,2020,,Presente,None,Dado indisponível,#DCDCDC,1178,Lagoa da Prata/MG,
Recursos hídricos,37,Programa cisternas: água para consumo,2020,,Presente,None,Dado indisponível,#DCDCDC,3288,Lagoa do Mato/MA,
Recursos hídricos,37,Programa cisternas: água para consumo,2020,,Presente,None,Dado indisponível,#DCDCDC,310,Lagoa dos Três Cantos/RS,
Recursos hídricos,37,Programa cisternas: água para consumo,2020,,Presente,None,Dado indisponível,#DCDCDC,3114,Lagoa do Tocantins/TO,
Recursos hídricos,37,Programa cisternas: água para consumo,2020,,Presente,None,Dado indisponível,#DCDCDC,1180,Lagoa Dourada/MG,
Recursos hídricos,37,Programa cisternas: água para consumo,2020,,Presente,None,Dado indisponível,#DCDCDC,1181,Lagoa Formosa/MG,
Recursos hídricos,37,Programa cisternas: água para consumo,2020,,Presente,None,Dado indisponível,#DCDCDC,3290,Lagoa Grande do Maranhão/MA,
Recursos hídricos,37,Programa cisternas: água para consumo,2020,,Presente,None,Dado indisponível,#DCDCDC,1182,Lagoa Grande/MG,
Recursos hídricos,37,Programa cisternas: água para consumo,2020,,Presente,None,Dado indisponível,#DCDCDC,309,Lagoão/RS,
Recursos hídricos,37,Programa cisternas: água para consumo,2020,,Presente,None,Dado indisponível,#DCDCDC,4976,Lagoa Santa/GO,
Recursos hídricos,37,Programa cisternas: água para consumo,2020,,Presente,None,Dado indisponível,#DCDCDC,1183,Lagoa Santa/MG,
Recursos hídricos,37,Programa cisternas: água para consumo,2020,,Presente,None,Dado indisponível,#DCDCDC,4936,Lagoa Vermelha/RS,
Recursos hídricos,37,Programa cisternas: água para consumo,2020,,Presente,None,Dado indisponível,#DCDCDC,3286,Lago do Junco/MA,
Recursos hídricos,37,Programa cisternas: água para consumo,2020,,Presente,None,Dado indisponível,#DCDCDC,2057,Lagoinha/SP,
Recursos hídricos,37,Programa cisternas: água para consumo,2020,,Presente,None,Dado indisponível,#DCDCDC,3287,Lago Verde/MA,
Recursos hídricos,37,Programa cisternas: água para consumo,2020,,Presente,None,Dado indisponível,#DCDCDC,569,Laguna Carapã/MS,
Recursos hídricos,37,Programa cisternas: água para consumo,2020,,Presente,None,Dado indisponível,#DCDCDC,2465,Laguna/SC,
Recursos hídricos,37,Programa cisternas: água para consumo,2020,,Presente,None,Dado indisponível,#DCDCDC,312,Lajeado do Bugre/RS,
Recursos hídricos,37,Programa cisternas: água para consumo,2020,,Presente,None,Dado indisponível,#DCDCDC,75,Lajeado Grande/SC,
Recursos hídricos,37,Programa cisternas: água para consumo,2020,,Presente,None,Dado indisponível,#DCDCDC,3291,Lajeado Novo/MA,
Recursos hídricos,37,Programa cisternas: água para consumo,2020,,Presente,None,Dado indisponível,#DCDCDC,311,Lajeado/RS,
Recursos hídricos,37,Programa cisternas: água para consumo,2020,,Presente,None,Dado indisponível,#DCDCDC,3115,Lajeado/TO,
Recursos hídricos,37,Programa cisternas: água para consumo,2020,,Presente,None,Dado indisponível,#DCDCDC,4719,Laje/BA,
Recursos hídricos,37,Programa cisternas: água para consumo,2020,,Presente,None,Dado indisponível,#DCDCDC,721,Lajedão/BA,
Recursos hídricos,37,Programa cisternas: água para consumo,2020,,Presente,None,Dado indisponível,#DCDCDC,1719,Laje do Muriaé/RJ,
Recursos hídricos,37,Programa cisternas: água para consumo,2020,,Presente,None,Dado indisponível,#DCDCDC,1184,Lajinha/MG,
Recursos hídricos,37,Programa cisternas: água para consumo,2020,,Presente,None,Dado indisponível,#DCDCDC,627,Lambari D'Oeste/MT,
Recursos hídricos,37,Programa cisternas: água para consumo,2020,,Presente,None,Dado indisponível,#DCDCDC,1185,Lambari/MG,
Recursos hídricos,37,Programa cisternas: água para consumo,2020,,Presente,None,Dado indisponível,#DCDCDC,1186,Lamim/MG,
Recursos hídricos,37,Programa cisternas: água para consumo,2020,,Presente,None,Dado indisponível,#DCDCDC,5366,Lapa/PR,
Recursos hídricos,37,Programa cisternas: água para consumo,2020,,Presente,None,Dado indisponível,#DCDCDC,1647,Laranja da Terra/ES,
Recursos hídricos,37,Programa cisternas: água para consumo,2020,,Presente,None,Dado indisponível,#DCDCDC,1187,Laranjal/MG,
Recursos hídricos,37,Programa cisternas: água para consumo,2020,,Presente,None,Dado indisponível,#DCDCDC,2058,Laranjal Paulista/SP,
Recursos hídricos,37,Programa cisternas: água para consumo,2020,,Presente,None,Dado indisponível,#DCDCDC,5170,Laranjal/PR,
Recursos hídricos,37,Programa cisternas: água para consumo,2020,,Presente,None,Dado indisponível,#DCDCDC,5171,Laranjeiras do Sul/PR,
Recursos hídricos,37,Programa cisternas: água para consumo,2020,,Presente,None,Dado indisponível,#DCDCDC,4522,Laranjeiras/SE,
Recursos hídricos,37,Programa cisternas: água para consumo,2020,,Presente,None,Dado indisponível,#DCDCDC,2466,Laurentino/SC,
Recursos hídricos,37,Programa cisternas: água para consumo,2020,,Presente,None,Dado indisponível,#DCDCDC,4724,Lauro de Freitas/BA,
Recursos hídricos,37,Programa cisternas: água para consumo,2020,,Presente,None,Dado indisponível,#DCDCDC,2467,Lauro Müller/SC,
Recursos hídricos,37,Programa cisternas: água para consumo,2020,,Presente,None,Dado indisponível,#DCDCDC,3116,Lavandeira/TO,
Recursos hídricos,37,Programa cisternas: água para consumo,2020,,Presente,None,Dado indisponível,#DCDCDC,2059,Lavínia/SP,
Recursos hídricos,37,Programa cisternas: água para consumo,2020,,Presente,None,Dado indisponível,#DCDCDC,313,Lavras do Sul/RS,
Recursos hídricos,37,Programa cisternas: água para consumo,2020,,Presente,None,Dado indisponível,#DCDCDC,1189,Lavras/MG,
Recursos hídricos,37,Programa cisternas: água para consumo,2020,,Presente,None,Dado indisponível,#DCDCDC,2060,Lavrinhas/SP,
Recursos hídricos,37,Programa cisternas: água para consumo,2020,,Presente,None,Dado indisponível,#DCDCDC,1190,Leandro Ferreira/MG,
Recursos hídricos,37,Programa cisternas: água para consumo,2020,,Presente,None,Dado indisponível,#DCDCDC,2468,Lebon Régis/SC,
Recursos hídricos,37,Programa cisternas: água para consumo,2020,,Presente,None,Dado indisponível,#DCDCDC,2061,Leme/SP,
Recursos hídricos,37,Programa cisternas: água para consumo,2020,,Presente,None,Dado indisponível,#DCDCDC,2062,Lençóis Paulista/SP,
Recursos hídricos,37,Programa cisternas: água para consumo,2020,,Presente,None,Dado indisponível,#DCDCDC,2469,Leoberto Leal/SC,
Recursos hídricos,37,Programa cisternas: água para consumo,2020,,Presente,None,Dado indisponível,#DCDCDC,1192,Leopoldina/MG,
Recursos hídricos,37,Programa cisternas: água para consumo,2020,,Presente,None,Dado indisponível,#DCDCDC,2742,Leopoldo de Bulhões/GO,
Recursos hídricos,37,Programa cisternas: água para consumo,2020,,Presente,None,Dado indisponível,#DCDCDC,5367,Leópolis/PR,
Recursos hídricos,37,Programa cisternas: água para consumo,2020,,Presente,None,Dado indisponível,#DCDCDC,314,Liberato Salzano/RS,
Recursos hídricos,37,Programa cisternas: água para consumo,2020,,Presente,None,Dado indisponível,#DCDCDC,1193,Liberdade/MG,
Recursos hídricos,37,Programa cisternas: água para consumo,2020,,Presente,None,Dado indisponível,#DCDCDC,5172,Lidianópolis/PR,
Recursos hídricos,37,Programa cisternas: água para consumo,2020,,Presente,None,Dado indisponível,#DCDCDC,3292,Lima Campos/MA,
Recursos hídricos,37,Programa cisternas: água para consumo,2020,,Presente,None,Dado indisponível,#DCDCDC,1195,Limeira do Oeste/MG,
Recursos hídricos,37,Programa cisternas: água para consumo,2020,,Presente,None,Dado indisponível,#DCDCDC,2063,Limeira/SP,
Recursos hídricos,37,Programa cisternas: água para consumo,2020,,Presente,None,Dado indisponível,#DCDCDC,2985,Limoeiro do Ajuru/PA,
Recursos hídricos,37,Programa cisternas: água para consumo,2020,,Presente,None,Dado indisponível,#DCDCDC,5173,Lindoeste/PR,
Recursos hídricos,37,Programa cisternas: água para consumo,2020,,Presente,None,Dado indisponível,#DCDCDC,2064,Lindóia/SP,
Recursos hídricos,37,Programa cisternas: água para consumo,2020,,Presente,None,Dado indisponível,#DCDCDC,2597,Lindolfo Collor/RS,
Recursos hídricos,37,Programa cisternas: água para consumo,2020,,Presente,None,Dado indisponível,#DCDCDC,2598,Linha Nova/RS,
Recursos hídricos,37,Programa cisternas: água para consumo,2020,,Presente,None,Dado indisponível,#DCDCDC,1648,Linhares/ES,
Recursos hídricos,37,Programa cisternas: água para consumo,2020,,Presente,None,Dado indisponível,#DCDCDC,2065,Lins/SP,
Recursos hídricos,37,Programa cisternas: água para consumo,2020,,Presente,None,Dado indisponível,#DCDCDC,3117,Lizarda/TO,
Recursos hídricos,37,Programa cisternas: água para consumo,2020,,Presente,None,Dado indisponível,#DCDCDC,5174,Loanda/PR,
Recursos hídricos,37,Programa cisternas: água para consumo,2020,,Presente,None,Dado indisponível,#DCDCDC,5175,Lobato/PR,
Recursos hídricos,37,Programa cisternas: água para consumo,2020,,Presente,None,Dado indisponível,#DCDCDC,5368,Londrina/PR,
Recursos hídricos,37,Programa cisternas: água para consumo,2020,,Presente,None,Dado indisponível,#DCDCDC,2470,Lontras/SC,
Recursos hídricos,37,Programa cisternas: água para consumo,2020,,Presente,None,Dado indisponível,#DCDCDC,2066,Lorena/SP,
Recursos hídricos,37,Programa cisternas: água para consumo,2020,,Presente,None,Dado indisponível,#DCDCDC,3293,Loreto/MA,
Recursos hídricos,37,Programa cisternas: água para consumo,2020,,Presente,None,Dado indisponível,#DCDCDC,2067,Lourdes/SP,
Recursos hídricos,37,Programa cisternas: água para consumo,2020,,Presente,None,Dado indisponível,#DCDCDC,2068,Louveira/SP,
Recursos hídricos,37,Programa cisternas: água para consumo,2020,,Presente,None,Dado indisponível,#DCDCDC,2908,Lucas do Rio Verde/MT,
Recursos hídricos,37,Programa cisternas: água para consumo,2020,,Presente,None,Dado indisponível,#DCDCDC,2069,Lucélia/SP,
Recursos hídricos,37,Programa cisternas: água para consumo,2020,,Presente,None,Dado indisponível,#DCDCDC,4086,Lucena/PB,
Recursos hídricos,37,Programa cisternas: água para consumo,2020,,Presente,None,Dado indisponível,#DCDCDC,2070,Lucianópolis/SP,
Recursos hídricos,37,Programa cisternas: água para consumo,2020,,Presente,None,Dado indisponível,#DCDCDC,5054,Luciara/MT,
Recursos hídricos,37,Programa cisternas: água para consumo,2020,,Presente,None,Dado indisponível,#DCDCDC,2071,Luís Antônio/SP,
Recursos hídricos,37,Programa cisternas: água para consumo,2020,,Presente,None,Dado indisponível,#DCDCDC,1197,Luisburgo/MG,
Recursos hídricos,37,Programa cisternas: água para consumo,2020,,Presente,None,Dado indisponível,#DCDCDC,3294,Luís Domingues/MA,
Recursos hídricos,37,Programa cisternas: água para consumo,2020,,Presente,None,Dado indisponível,#DCDCDC,4727,Luís Eduardo Magalhães/BA,
Recursos hídricos,37,Programa cisternas: água para consumo,2020,,Presente,None,Dado indisponível,#DCDCDC,2471,Luiz Alves/SC,
Recursos hídricos,37,Programa cisternas: água para consumo,2020,,Presente,None,Dado indisponível,#DCDCDC,5176,Luiziana/PR,
Recursos hídricos,37,Programa cisternas: água para consumo,2020,,Presente,None,Dado indisponível,#DCDCDC,2072,Luiziânia/SP,
Recursos hídricos,37,Programa cisternas: água para consumo,2020,,Presente,None,Dado indisponível,#DCDCDC,1199,Luminárias/MG,
Recursos hídricos,37,Programa cisternas: água para consumo,2020,,Presente,None,Dado indisponível,#DCDCDC,5177,Lunardelli/PR,
Recursos hídricos,37,Programa cisternas: água para consumo,2020,,Presente,None,Dado indisponível,#DCDCDC,2073,Lupércio/SP,
Recursos hídricos,37,Programa cisternas: água para consumo,2020,,Presente,None,Dado indisponível,#DCDCDC,5178,Lupionópolis/PR,
Recursos hídricos,37,Programa cisternas: água para consumo,2020,,Presente,None,Dado indisponível,#DCDCDC,2074,Lutécia/SP,
Recursos hídricos,37,Programa cisternas: água para consumo,2020,,Presente,None,Dado indisponível,#DCDCDC,77,Luzerna/SC,
Recursos hídricos,37,Programa cisternas: água para consumo,2020,,Presente,None,Dado indisponível,#DCDCDC,2743,Luziânia/GO,
Recursos hídricos,37,Programa cisternas: água para consumo,2020,,Presente,None,Dado indisponível,#DCDCDC,3118,Luzinópolis/TO,
Recursos hídricos,37,Programa cisternas: água para consumo,2020,,Presente,None,Dado indisponível,#DCDCDC,1200,Luz/MG,
Recursos hídricos,37,Programa cisternas: água para consumo,2020,,Presente,None,Dado indisponível,#DCDCDC,1720,Macaé/RJ,
Recursos hídricos,37,Programa cisternas: água para consumo,2020,,Presente,None,Dado indisponível,#DCDCDC,316,Maçambará/RS,
Recursos hídricos,37,Programa cisternas: água para consumo,2020,,Presente,None,Dado indisponível,#DCDCDC,5042,Macapá/AP,
Recursos hídricos,37,Programa cisternas: água para consumo,2020,,Presente,None,Dado indisponível,#DCDCDC,2075,Macatuba/SP,
Recursos hídricos,37,Programa cisternas: água para consumo,2020,,Presente,None,Dado indisponível,#DCDCDC,2076,Macaubal/SP,
Recursos hídricos,37,Programa cisternas: água para consumo,2020,,Presente,None,Dado indisponível,#DCDCDC,2077,Macedônia/SP,
Recursos hídricos,37,Programa cisternas: água para consumo,2020,,Presente,None,Dado indisponível,#DCDCDC,4433,Maceió/AL,
Recursos hídricos,37,Programa cisternas: água para consumo,2020,,Presente,None,Dado indisponível,#DCDCDC,5533,Machadinho D'Oeste/RO,
Recursos hídricos,37,Programa cisternas: água para consumo,2020,,Presente,None,Dado indisponível,#DCDCDC,315,Machadinho/RS,
Recursos hídricos,37,Programa cisternas: água para consumo,2020,,Presente,None,Dado indisponível,#DCDCDC,1202,Machado/MG,
Recursos hídricos,37,Programa cisternas: água para consumo,2020,,Presente,None,Dado indisponível,#DCDCDC,4918,Macieira/SC,
Recursos hídricos,37,Programa cisternas: água para consumo,2020,,Presente,None,Dado indisponível,#DCDCDC,1721,Macuco/RJ,
Recursos hídricos,37,Programa cisternas: água para consumo,2020,,Presente,None,Dado indisponível,#DCDCDC,4731,Madre de Deus/BA,
Recursos hídricos,37,Programa cisternas: água para consumo,2020,,Presente,None,Dado indisponível,#DCDCDC,1203,Madre de Deus de Minas/MG,
Recursos hídricos,37,Programa cisternas: água para consumo,2020,,Presente,None,Dado indisponível,#DCDCDC,2986,Mãe do Rio/PA,
Recursos hídricos,37,Programa cisternas: água para consumo,2020,,Presente,None,Dado indisponível,#DCDCDC,2472,Mafra/SC,
Recursos hídricos,37,Programa cisternas: água para consumo,2020,,Presente,None,Dado indisponível,#DCDCDC,2987,Magalhães Barata/PA,
Recursos hídricos,37,Programa cisternas: água para consumo,2020,,Presente,None,Dado indisponível,#DCDCDC,2078,Magda/SP,
Recursos hídricos,37,Programa cisternas: água para consumo,2020,,Presente,None,Dado indisponível,#DCDCDC,1722,Magé/RJ,
Recursos hídricos,37,Programa cisternas: água para consumo,2020,,Presente,None,Dado indisponível,#DCDCDC,2079,Mairinque/SP,
Recursos hídricos,37,Programa cisternas: água para consumo,2020,,Presente,None,Dado indisponível,#DCDCDC,2080,Mairiporã/SP,
Recursos hídricos,37,Programa cisternas: água para consumo,2020,,Presente,None,Dado indisponível,#DCDCDC,2744,Mairipotaba/GO,
Recursos hídricos,37,Programa cisternas: água para consumo,2020,,Presente,None,Dado indisponível,#DCDCDC,2473,Major Gercino/SC,
Recursos hídricos,37,Programa cisternas: água para consumo,2020,,Presente,None,Dado indisponível,#DCDCDC,2474,Major Vieira/SC,
Recursos hídricos,37,Programa cisternas: água para consumo,2020,,Presente,None,Dado indisponível,#DCDCDC,4524,Malhada dos Bois/SE,
Recursos hídricos,37,Programa cisternas: água para consumo,2020,,Presente,None,Dado indisponível,#DCDCDC,4525,Malhador/SE,
Recursos hídricos,37,Programa cisternas: água para consumo,2020,,Presente,None,Dado indisponível,#DCDCDC,5369,Mallet/PR,
Recursos hídricos,37,Programa cisternas: água para consumo,2020,,Presente,None,Dado indisponível,#DCDCDC,4089,Mamanguape/PB,
Recursos hídricos,37,Programa cisternas: água para consumo,2020,,Presente,None,Dado indisponível,#DCDCDC,5019,Mambaí/GO,
Recursos hídricos,37,Programa cisternas: água para consumo,2020,,Presente,None,Dado indisponível,#DCDCDC,5179,Mamborê/PR,
Recursos hídricos,37,Programa cisternas: água para consumo,2020,,Presente,None,Dado indisponível,#DCDCDC,2599,Mampituba/RS,
Recursos hídricos,37,Programa cisternas: água para consumo,2020,,Presente,None,Dado indisponível,#DCDCDC,5494,Manacapuru/AM,
Recursos hídricos,37,Programa cisternas: água para consumo,2020,,Presente,None,Dado indisponível,#DCDCDC,5495,Manaquiri/AM,
Recursos hídricos,37,Programa cisternas: água para consumo,2020,,Presente,None,Dado indisponível,#DCDCDC,5496,Manaus/AM,
Recursos hídricos,37,Programa cisternas: água para consumo,2020,,Presente,None,Dado indisponível,#DCDCDC,5180,Mandaguaçu/PR,
Recursos hídricos,37,Programa cisternas: água para consumo,2020,,Presente,None,Dado indisponível,#DCDCDC,5181,Mandaguari/PR,
Recursos hídricos,37,Programa cisternas: água para consumo,2020,,Presente,None,Dado indisponível,#DCDCDC,5370,Mandirituba/PR,
Recursos hídricos,37,Programa cisternas: água para consumo,2020,,Presente,None,Dado indisponível,#DCDCDC,2081,Manduri/SP,
Recursos hídricos,37,Programa cisternas: água para consumo,2020,,Presente,None,Dado indisponível,#DCDCDC,5182,Manfrinópolis/PR,
Recursos hídricos,37,Programa cisternas: água para consumo,2020,,Presente,None,Dado indisponível,#DCDCDC,1723,Mangaratiba/RJ,
Recursos hídricos,37,Programa cisternas: água para consumo,2020,,Presente,None,Dado indisponível,#DCDCDC,5183,Mangueirinha/PR,
Recursos hídricos,37,Programa cisternas: água para consumo,2020,,Presente,None,Dado indisponível,#DCDCDC,1207,Manhuaçu/MG,
Recursos hídricos,37,Programa cisternas: água para consumo,2020,,Presente,None,Dado indisponível,#DCDCDC,1208,Manhumirim/MG,
Recursos hídricos,37,Programa cisternas: água para consumo,2020,,Presente,None,Dado indisponível,#DCDCDC,5184,Manoel Ribas/PR,
Recursos hídricos,37,Programa cisternas: água para consumo,2020,,Presente,None,Dado indisponível,#DCDCDC,2831,Manoel Urbano/AC,
Recursos hídricos,37,Programa cisternas: água para consumo,2020,,Presente,None,Dado indisponível,#DCDCDC,317,Manoel Viana/RS,
Recursos hídricos,37,Programa cisternas: água para consumo,2020,,Presente,None,Dado indisponível,#DCDCDC,2600,Maquiné/RS,
Recursos hídricos,37,Programa cisternas: água para consumo,2020,,Presente,None,Dado indisponível,#DCDCDC,5498,Maraã/AM,
Recursos hídricos,37,Programa cisternas: água para consumo,2020,,Presente,None,Dado indisponível,#DCDCDC,2988,Marabá/PA,
Recursos hídricos,37,Programa cisternas: água para consumo,2020,,Presente,None,Dado indisponível,#DCDCDC,6,Marabá Paulista/SP,
Recursos hídricos,37,Programa cisternas: água para consumo,2020,,Presente,None,Dado indisponível,#DCDCDC,3296,Maracaçumé/MA,
Recursos hídricos,37,Programa cisternas: água para consumo,2020,,Presente,None,Dado indisponível,#DCDCDC,2082,Maracaí/SP,
Recursos hídricos,37,Programa cisternas: água para consumo,2020,,Presente,None,Dado indisponível,#DCDCDC,2475,Maracajá/SC,
Recursos hídricos,37,Programa cisternas: água para consumo,2020,,Presente,None,Dado indisponível,#DCDCDC,570,Maracaju/MS,
Recursos hídricos,37,Programa cisternas: água para consumo,2020,,Presente,None,Dado indisponível,#DCDCDC,2989,Maracanã/PA,
Recursos hídricos,37,Programa cisternas: água para consumo,2020,,Presente,None,Dado indisponível,#DCDCDC,4435,Maragogi/AL,
Recursos hídricos,37,Programa cisternas: água para consumo,2020,,Presente,None,Dado indisponível,#DCDCDC,4735,Maragogipe/BA,
Recursos hídricos,37,Programa cisternas: água para consumo,2020,,Presente,None,Dado indisponível,#DCDCDC,4308,Maraial/PE,
Recursos hídricos,37,Programa cisternas: água para consumo,2020,,Presente,None,Dado indisponível,#DCDCDC,3298,Maranhãozinho/MA,
Recursos hídricos,37,Programa cisternas: água para consumo,2020,,Presente,None,Dado indisponível,#DCDCDC,2990,Marapanim/PA,
Recursos hídricos,37,Programa cisternas: água para consumo,2020,,Presente,None,Dado indisponível,#DCDCDC,2083,Marapoama/SP,
Recursos hídricos,37,Programa cisternas: água para consumo,2020,,Presente,None,Dado indisponível,#DCDCDC,4881,Mara Rosa/GO,
Recursos hídricos,37,Programa cisternas: água para consumo,2020,,Presente,None,Dado indisponível,#DCDCDC,1650,Marataízes/ES,
Recursos hídricos,37,Programa cisternas: água para consumo,2020,,Presente,None,Dado indisponível,#DCDCDC,318,Maratá/RS,
Recursos hídricos,37,Programa cisternas: água para consumo,2020,,Presente,None,Dado indisponível,#DCDCDC,5003,Maraú/BA,
Recursos hídricos,37,Programa cisternas: água para consumo,2020,,Presente,None,Dado indisponível,#DCDCDC,319,Marau/RS,
Recursos hídricos,37,Programa cisternas: água para consumo,2020,,Presente,None,Dado indisponível,#DCDCDC,78,Maravilha/SC,
Recursos hídricos,37,Programa cisternas: água para consumo,2020,,Presente,None,Dado indisponível,#DCDCDC,1210,Maravilhas/MG,
Recursos hídricos,37,Programa cisternas: água para consumo,2020,,Presente,None,Dado indisponível,#DCDCDC,2909,Marcelândia/MT,
Recursos hídricos,37,Programa cisternas: água para consumo,2020,,Presente,None,Dado indisponível,#DCDCDC,320,Marcelino Ramos/RS,
Recursos hídricos,37,Programa cisternas: água para consumo,2020,,Presente,None,Dado indisponível,#DCDCDC,3527,Marcos Parente/PI,
Recursos hídricos,37,Programa cisternas: água para consumo,2020,,Presente,None,Dado indisponível,#DCDCDC,1211,Mar de Espanha/MG,
Recursos hídricos,37,Programa cisternas: água para consumo,2020,,Presente,None,Dado indisponível,#DCDCDC,5185,Marechal Cândido Rondon/PR,
Recursos hídricos,37,Programa cisternas: água para consumo,2020,,Presente,None,Dado indisponível,#DCDCDC,4437,Marechal Deodoro/AL,
Recursos hídricos,37,Programa cisternas: água para consumo,2020,,Presente,None,Dado indisponível,#DCDCDC,1651,Marechal Floriano/ES,
Recursos hídricos,37,Programa cisternas: água para consumo,2020,,Presente,None,Dado indisponível,#DCDCDC,2832,Marechal Thaumaturgo/AC,
Recursos hídricos,37,Programa cisternas: água para consumo,2020,,Presente,None,Dado indisponível,#DCDCDC,79,Marema/SC,
Recursos hídricos,37,Programa cisternas: água para consumo,2020,,Presente,None,Dado indisponível,#DCDCDC,1212,Maria da Fé/MG,
Recursos hídricos,37,Programa cisternas: água para consumo,2020,,Presente,None,Dado indisponível,#DCDCDC,5186,Maria Helena/PR,
Recursos hídricos,37,Programa cisternas: água para consumo,2020,,Presente,None,Dado indisponível,#DCDCDC,5187,Marialva/PR,
Recursos hídricos,37,Programa cisternas: água para consumo,2020,,Presente,None,Dado indisponível,#DCDCDC,1213,Mariana/MG,
Recursos hídricos,37,Programa cisternas: água para consumo,2020,,Presente,None,Dado indisponível,#DCDCDC,321,Mariana Pimentel/RS,
Recursos hídricos,37,Programa cisternas: água para consumo,2020,,Presente,None,Dado indisponível,#DCDCDC,322,Mariano Moro/RS,
Recursos hídricos,37,Programa cisternas: água para consumo,2020,,Presente,None,Dado indisponível,#DCDCDC,3119,Marianópolis do Tocantins/TO,
Recursos hídricos,37,Programa cisternas: água para consumo,2020,,Presente,None,Dado indisponível,#DCDCDC,2084,Mariápolis/SP,
Recursos hídricos,37,Programa cisternas: água para consumo,2020,,Presente,None,Dado indisponível,#DCDCDC,1724,Maricá/RJ,
Recursos hídricos,37,Programa cisternas: água para consumo,2020,,Presente,None,Dado indisponível,#DCDCDC,5450,Marilândia do Sul/PR,
Recursos hídricos,37,Programa cisternas: água para consumo,2020,,Presente,None,Dado indisponível,#DCDCDC,1652,Marilândia/ES,
Recursos hídricos,37,Programa cisternas: água para consumo,2020,,Presente,None,Dado indisponível,#DCDCDC,5188,Marilena/PR,
Recursos hídricos,37,Programa cisternas: água para consumo,2020,,Presente,None,Dado indisponível,#DCDCDC,2085,Marília/SP,
Recursos hídricos,37,Programa cisternas: água para consumo,2020,,Presente,None,Dado indisponível,#DCDCDC,5189,Mariluz/PR,
Recursos hídricos,37,Programa cisternas: água para consumo,2020,,Presente,None,Dado indisponível,#DCDCDC,5190,Maringá/PR,
Recursos hídricos,37,Programa cisternas: água para consumo,2020,,Presente,None,Dado indisponível,#DCDCDC,2086,Marinópolis/SP,
Recursos hídricos,37,Programa cisternas: água para consumo,2020,,Presente,None,Dado indisponível,#DCDCDC,1215,Mário Campos/MG,
Recursos hídricos,37,Programa cisternas: água para consumo,2020,,Presente,None,Dado indisponível,#DCDCDC,5191,Mariópolis/PR,
Recursos hídricos,37,Programa cisternas: água para consumo,2020,,Presente,None,Dado indisponível,#DCDCDC,1216,Maripá de Minas/MG,
Recursos hídricos,37,Programa cisternas: água para consumo,2020,,Presente,None,Dado indisponível,#DCDCDC,5192,Maripá/PR,
Recursos hídricos,37,Programa cisternas: água para consumo,2020,,Presente,None,Dado indisponível,#DCDCDC,2991,Marituba/PA,
Recursos hídricos,37,Programa cisternas: água para consumo,2020,,Presente,None,Dado indisponível,#DCDCDC,1217,Marliéria/MG,
Recursos hídricos,37,Programa cisternas: água para consumo,2020,,Presente,None,Dado indisponível,#DCDCDC,5193,Marmeleiro/PR,
Recursos hídricos,37,Programa cisternas: água para consumo,2020,,Presente,None,Dado indisponível,#DCDCDC,1218,Marmelópolis/MG,
Recursos hídricos,37,Programa cisternas: água para consumo,2020,,Presente,None,Dado indisponível,#DCDCDC,323,Marques de Souza/RS,
Recursos hídricos,37,Programa cisternas: água para consumo,2020,,Presente,None,Dado indisponível,#DCDCDC,5194,Marquinho/PR,
Recursos hídricos,37,Programa cisternas: água para consumo,2020,,Presente,None,Dado indisponível,#DCDCDC,1219,Martinho Campos/MG,
Recursos hídricos,37,Programa cisternas: água para consumo,2020,,Presente,None,Dado indisponível,#DCDCDC,2087,Martinópolis/SP,
Recursos hídricos,37,Programa cisternas: água para consumo,2020,,Presente,None,Dado indisponível,#DCDCDC,1220,Martins Soares/MG,
Recursos hídricos,37,Programa cisternas: água para consumo,2020,,Presente,None,Dado indisponível,#DCDCDC,4526,Maruim/SE,
Recursos hídricos,37,Programa cisternas: água para consumo,2020,,Presente,None,Dado indisponível,#DCDCDC,5195,Marumbi/PR,
Recursos hídricos,37,Programa cisternas: água para consumo,2020,,Presente,None,Dado indisponível,#DCDCDC,4439,Mar Vermelho/AL,
Recursos hídricos,37,Programa cisternas: água para consumo,2020,,Presente,None,Dado indisponível,#DCDCDC,2745,Marzagão/GO,
Recursos hídricos,37,Programa cisternas: água para consumo,2020,,Presente,None,Dado indisponível,#DCDCDC,726,Mascote/BA,
Recursos hídricos,37,Programa cisternas: água para consumo,2020,,Presente,None,Dado indisponível,#DCDCDC,2476,Massaranduba/SC,
Recursos hídricos,37,Programa cisternas: água para consumo,2020,,Presente,None,Dado indisponível,#DCDCDC,4737,Mata de São João/BA,
Recursos hídricos,37,Programa cisternas: água para consumo,2020,,Presente,None,Dado indisponível,#DCDCDC,2088,Matão/SP,
Recursos hídricos,37,Programa cisternas: água para consumo,2020,,Presente,None,Dado indisponível,#DCDCDC,4095,Mataraca/PB,
Recursos hídricos,37,Programa cisternas: água para consumo,2020,,Presente,None,Dado indisponível,#DCDCDC,3299,Mata Roma/MA,
Recursos hídricos,37,Programa cisternas: água para consumo,2020,,Presente,None,Dado indisponível,#DCDCDC,324,Mata/RS,
Recursos hídricos,37,Programa cisternas: água para consumo,2020,,Presente,None,Dado indisponível,#DCDCDC,3120,Mateiros/TO,
Recursos hídricos,37,Programa cisternas: água para consumo,2020,,Presente,None,Dado indisponível,#DCDCDC,5196,Matelândia/PR,
Recursos hídricos,37,Programa cisternas: água para consumo,2020,,Presente,None,Dado indisponível,#DCDCDC,1222,Materlândia/MG,
Recursos hídricos,37,Programa cisternas: água para consumo,2020,,Presente,None,Dado indisponível,#DCDCDC,1223,Mateus Leme/MG,
Recursos hídricos,37,Programa cisternas: água para consumo,2020,,Presente,None,Dado indisponível,#DCDCDC,1224,Matias Barbosa/MG,
Recursos hídricos,37,Programa cisternas: água para consumo,2020,,Presente,None,Dado indisponível,#DCDCDC,3300,Matinha/MA,
Recursos hídricos,37,Programa cisternas: água para consumo,2020,,Presente,None,Dado indisponível,#DCDCDC,5371,Matinhos/PR,
Recursos hídricos,37,Programa cisternas: água para consumo,2020,,Presente,None,Dado indisponível,#DCDCDC,1226,Matipó/MG,
Recursos hídricos,37,Programa cisternas: água para consumo,2020,,Presente,None,Dado indisponível,#DCDCDC,325,Mato Castelhano/RS,
Recursos hídricos,37,Programa cisternas: água para consumo,2020,,Presente,None,Dado indisponível,#DCDCDC,326,Mato Leitão/RS,
Recursos hídricos,37,Programa cisternas: água para consumo,2020,,Presente,None,Dado indisponível,#DCDCDC,327,Mato Queimado/RS,
Recursos hídricos,37,Programa cisternas: água para consumo,2020,,Presente,None,Dado indisponível,#DCDCDC,5197,Mato Rico/PR,
Recursos hídricos,37,Programa cisternas: água para consumo,2020,,Presente,None,Dado indisponível,#DCDCDC,2477,Matos Costa/SC,
Recursos hídricos,37,Programa cisternas: água para consumo,2020,,Presente,None,Dado indisponível,#DCDCDC,1228,Matozinhos/MG,
Recursos hídricos,37,Programa cisternas: água para consumo,2020,,Presente,None,Dado indisponível,#DCDCDC,2746,Matrinchã/GO,
Recursos hídricos,37,Programa cisternas: água para consumo,2020,,Presente,None,Dado indisponível,#DCDCDC,4441,Matriz de Camaragibe/AL,
Recursos hídricos,37,Programa cisternas: água para consumo,2020,,Presente,None,Dado indisponível,#DCDCDC,2910,Matupá/MT,
Recursos hídricos,37,Programa cisternas: água para consumo,2020,,Presente,None,Dado indisponível,#DCDCDC,1229,Matutina/MG,
Recursos hídricos,37,Programa cisternas: água para consumo,2020,,Presente,None,Dado indisponível,#DCDCDC,5372,Mauá da Serra/PR,
Recursos hídricos,37,Programa cisternas: água para consumo,2020,,Presente,None,Dado indisponível,#DCDCDC,2089,Mauá/SP,
Recursos hídricos,37,Programa cisternas: água para consumo,2020,,Presente,None,Dado indisponível,#DCDCDC,5499,Maués/AM,
Recursos hídricos,37,Programa cisternas: água para consumo,2020,,Presente,None,Dado indisponível,#DCDCDC,3121,Maurilândia do Tocantins/TO,
Recursos hídricos,37,Programa cisternas: água para consumo,2020,,Presente,None,Dado indisponível,#DCDCDC,2747,Maurilândia/GO,
Recursos hídricos,37,Programa cisternas: água para consumo,2020,,Presente,None,Dado indisponível,#DCDCDC,3894,Maxaranguape/RN,
Recursos hídricos,37,Programa cisternas: água para consumo,2020,,Presente,None,Dado indisponível,#DCDCDC,328,Maximiliano de Almeida/RS,
Recursos hídricos,37,Programa cisternas: água para consumo,2020,,Presente,None,Dado indisponível,#DCDCDC,1230,Medeiros/MG,
Recursos hídricos,37,Programa cisternas: água para consumo,2020,,Presente,None,Dado indisponível,#DCDCDC,727,Medeiros Neto/BA,
Recursos hídricos,37,Programa cisternas: água para consumo,2020,,Presente,None,Dado indisponível,#DCDCDC,5198,Medianeira/PR,
Recursos hídricos,37,Programa cisternas: água para consumo,2020,,Presente,None,Dado indisponível,#DCDCDC,2869,Medicilândia/PA,
Recursos hídricos,37,Programa cisternas: água para consumo,2020,,Presente,None,Dado indisponível,#DCDCDC,2478,Meleiro/SC,
Recursos hídricos,37,Programa cisternas: água para consumo,2020,,Presente,None,Dado indisponível,#DCDCDC,1725,Mendes/RJ,
Recursos hídricos,37,Programa cisternas: água para consumo,2020,,Presente,None,Dado indisponível,#DCDCDC,2090,Mendonça/SP,
Recursos hídricos,37,Programa cisternas: água para consumo,2020,,Presente,None,Dado indisponível,#DCDCDC,5199,Mercedes/PR,
Recursos hídricos,37,Programa cisternas: água para consumo,2020,,Presente,None,Dado indisponível,#DCDCDC,1233,Mercês/MG,
Recursos hídricos,37,Programa cisternas: água para consumo,2020,,Presente,None,Dado indisponível,#DCDCDC,2091,Meridiano/SP,
Recursos hídricos,37,Programa cisternas: água para consumo,2020,,Presente,None,Dado indisponível,#DCDCDC,2092,Mesópolis/SP,
Recursos hídricos,37,Programa cisternas: água para consumo,2020,,Presente,None,Dado indisponível,#DCDCDC,1234,Mesquita/MG,
Recursos hídricos,37,Programa cisternas: água para consumo,2020,,Presente,None,Dado indisponível,#DCDCDC,1726,Mesquita/RJ,
Recursos hídricos,37,Programa cisternas: água para consumo,2020,,Presente,None,Dado indisponível,#DCDCDC,4442,Messias/AL,
Recursos hídricos,37,Programa cisternas: água para consumo,2020,,Presente,None,Dado indisponível,#DCDCDC,2093,Miguelópolis/SP,
Recursos hídricos,37,Programa cisternas: água para consumo,2020,,Presente,None,Dado indisponível,#DCDCDC,1727,Miguel Pereira/RJ,
Recursos hídricos,37,Programa cisternas: água para consumo,2020,,Presente,None,Dado indisponível,#DCDCDC,2748,Mimoso de Goiás/GO,
Recursos hídricos,37,Programa cisternas: água para consumo,2020,,Presente,None,Dado indisponível,#DCDCDC,1653,Mimoso do Sul/ES,
Recursos hídricos,37,Programa cisternas: água para consumo,2020,,Presente,None,Dado indisponível,#DCDCDC,4882,Minaçu/GO,
Recursos hídricos,37,Programa cisternas: água para consumo,2020,,Presente,None,Dado indisponível,#DCDCDC,329,Minas do Leão/RS,
Recursos hídricos,37,Programa cisternas: água para consumo,2020,,Presente,None,Dado indisponível,#DCDCDC,1236,Minduri/MG,
Recursos hídricos,37,Programa cisternas: água para consumo,2020,,Presente,None,Dado indisponível,#DCDCDC,2094,Mineiros do Tietê/SP,
Recursos hídricos,37,Programa cisternas: água para consumo,2020,,Presente,None,Dado indisponível,#DCDCDC,664,Mineiros/GO,
Recursos hídricos,37,Programa cisternas: água para consumo,2020,,Presente,None,Dado indisponível,#DCDCDC,5558,Ministro Andreazza/RO,
Recursos hídricos,37,Programa cisternas: água para consumo,2020,,Presente,None,Dado indisponível,#DCDCDC,2095,Miracatu/SP,
Recursos hídricos,37,Programa cisternas: água para consumo,2020,,Presente,None,Dado indisponível,#DCDCDC,3122,Miracema do Tocantins/TO,
Recursos hídricos,37,Programa cisternas: água para consumo,2020,,Presente,None,Dado indisponível,#DCDCDC,1728,Miracema/RJ,
Recursos hídricos,37,Programa cisternas: água para consumo,2020,,Presente,None,Dado indisponível,#DCDCDC,5200,Mirador/PR,
Recursos hídricos,37,Programa cisternas: água para consumo,2020,,Presente,None,Dado indisponível,#DCDCDC,1238,Miradouro/MG,
Recursos hídricos,37,Programa cisternas: água para consumo,2020,,Presente,None,Dado indisponível,#DCDCDC,2096,Mira Estrela/SP,
Recursos hídricos,37,Programa cisternas: água para consumo,2020,,Presente,None,Dado indisponível,#DCDCDC,330,Miraguaí/RS,
Recursos hídricos,37,Programa cisternas: água para consumo,2020,,Presente,None,Dado indisponível,#DCDCDC,1239,Miraí/MG,
Recursos hídricos,37,Programa cisternas: água para consumo,2020,,Presente,None,Dado indisponível,#DCDCDC,3305,Miranda do Norte/MA,
Recursos hídricos,37,Programa cisternas: água para consumo,2020,,Presente,None,Dado indisponível,#DCDCDC,571,Miranda/MS,
Recursos hídricos,37,Programa cisternas: água para consumo,2020,,Presente,None,Dado indisponível,#DCDCDC,2097,Mirandópolis/SP,
Recursos hídricos,37,Programa cisternas: água para consumo,2020,,Presente,None,Dado indisponível,#DCDCDC,3123,Miranorte/TO,
Recursos hídricos,37,Programa cisternas: água para consumo,2020,,Presente,None,Dado indisponível,#DCDCDC,5559,Mirante da Serra/RO,
Recursos hídricos,37,Programa cisternas: água para consumo,2020,,Presente,None,Dado indisponível,#DCDCDC,7,Mirante do Paranapanema/SP,
Recursos hídricos,37,Programa cisternas: água para consumo,2020,,Presente,None,Dado indisponível,#DCDCDC,5201,Miraselva/PR,
Recursos hídricos,37,Programa cisternas: água para consumo,2020,,Presente,None,Dado indisponível,#DCDCDC,2099,Mirassolândia/SP,
Recursos hídricos,37,Programa cisternas: água para consumo,2020,,Presente,None,Dado indisponível,#DCDCDC,628,Mirassol d'Oeste/MT,
Recursos hídricos,37,Programa cisternas: água para consumo,2020,,Presente,None,Dado indisponível,#DCDCDC,2098,Mirassol/SP,
Recursos hídricos,37,Programa cisternas: água para consumo,2020,,Presente,None,Dado indisponível,#DCDCDC,2479,Mirim Doce/SC,
Recursos hídricos,37,Programa cisternas: água para consumo,2020,,Presente,None,Dado indisponível,#DCDCDC,3306,Mirinzal/MA,
Recursos hídricos,37,Programa cisternas: água para consumo,2020,,Presente,None,Dado indisponível,#DCDCDC,5202,Missal/PR,
Recursos hídricos,37,Programa cisternas: água para consumo,2020,,Presente,None,Dado indisponível,#DCDCDC,2992,Mocajuba/PA,
Recursos hídricos,37,Programa cisternas: água para consumo,2020,,Presente,None,Dado indisponível,#DCDCDC,2100,Mococa/SP,
Recursos hídricos,37,Programa cisternas: água para consumo,2020,,Presente,None,Dado indisponível,#DCDCDC,80,Modelo/SC,
Recursos hídricos,37,Programa cisternas: água para consumo,2020,,Presente,None,Dado indisponível,#DCDCDC,1241,Moeda/MG,
Recursos hídricos,37,Programa cisternas: água para consumo,2020,,Presente,None,Dado indisponível,#DCDCDC,1242,Moema/MG,
Recursos hídricos,37,Programa cisternas: água para consumo,2020,,Presente,None,Dado indisponível,#DCDCDC,2101,Mogi das Cruzes/SP,
Recursos hídricos,37,Programa cisternas: água para consumo,2020,,Presente,None,Dado indisponível,#DCDCDC,2102,Mogi Guaçu/SP,
Recursos hídricos,37,Programa cisternas: água para consumo,2020,,Presente,None,Dado indisponível,#DCDCDC,2103,Mogi Mirim/SP,
Recursos hídricos,37,Programa cisternas: água para consumo,2020,,Presente,None,Dado indisponível,#DCDCDC,2749,Moiporá/GO,
Recursos hídricos,37,Programa cisternas: água para consumo,2020,,Presente,None,Dado indisponível,#DCDCDC,4527,Moita Bonita/SE,
Recursos hídricos,37,Programa cisternas: água para consumo,2020,,Presente,None,Dado indisponível,#DCDCDC,2870,Mojuí dos Campos/PA,
Recursos hídricos,37,Programa cisternas: água para consumo,2020,,Presente,None,Dado indisponível,#DCDCDC,2993,Moju/PA,
Recursos hídricos,37,Programa cisternas: água para consumo,2020,,Presente,None,Dado indisponível,#DCDCDC,2104,Mombuca/SP,
Recursos hídricos,37,Programa cisternas: água para consumo,2020,,Presente,None,Dado indisponível,#DCDCDC,3307,Monção/MA,
Recursos hídricos,37,Programa cisternas: água para consumo,2020,,Presente,None,Dado indisponível,#DCDCDC,2105,Monções/SP,
Recursos hídricos,37,Programa cisternas: água para consumo,2020,,Presente,None,Dado indisponível,#DCDCDC,81,Mondaí/SC,
Recursos hídricos,37,Programa cisternas: água para consumo,2020,,Presente,None,Dado indisponível,#DCDCDC,2106,Mongaguá/SP,
Recursos hídricos,37,Programa cisternas: água para consumo,2020,,Presente,None,Dado indisponível,#DCDCDC,1243,Monjolos/MG,
Recursos hídricos,37,Programa cisternas: água para consumo,2020,,Presente,None,Dado indisponível,#DCDCDC,1244,Monsenhor Paulo/MG,
Recursos hídricos,37,Programa cisternas: água para consumo,2020,,Presente,None,Dado indisponível,#DCDCDC,3896,Montanhas/RN,
Recursos hídricos,37,Programa cisternas: água para consumo,2020,,Presente,None,Dado indisponível,#DCDCDC,331,Montauri/RS,
Recursos hídricos,37,Programa cisternas: água para consumo,2020,,Presente,None,Dado indisponível,#DCDCDC,1246,Monte Alegre de Minas/MG,
Recursos hídricos,37,Programa cisternas: água para consumo,2020,,Presente,None,Dado indisponível,#DCDCDC,2601,Monte Alegre dos Campos/RS,
Recursos hídricos,37,Programa cisternas: água para consumo,2020,,Presente,None,Dado indisponível,#DCDCDC,2107,Monte Alegre do Sul/SP,
Recursos hídricos,37,Programa cisternas: água para consumo,2020,,Presente,None,Dado indisponível,#DCDCDC,2871,Monte Alegre/PA,
Recursos hídricos,37,Programa cisternas: água para consumo,2020,,Presente,None,Dado indisponível,#DCDCDC,2108,Monte Alto/SP,
Recursos hídricos,37,Programa cisternas: água para consumo,2020,,Presente,None,Dado indisponível,#DCDCDC,2109,Monte Aprazível/SP,
Recursos hídricos,37,Programa cisternas: água para consumo,2020,,Presente,None,Dado indisponível,#DCDCDC,2110,Monte Azul Paulista/SP,
Recursos hídricos,37,Programa cisternas: água para consumo,2020,,Presente,None,Dado indisponível,#DCDCDC,332,Monte Belo do Sul/RS,
Recursos hídricos,37,Programa cisternas: água para consumo,2020,,Presente,None,Dado indisponível,#DCDCDC,1248,Monte Belo/MG,
Recursos hídricos,37,Programa cisternas: água para consumo,2020,,Presente,None,Dado indisponível,#DCDCDC,2480,Monte Carlo/SC,
Recursos hídricos,37,Programa cisternas: água para consumo,2020,,Presente,None,Dado indisponível,#DCDCDC,1249,Monte Carmelo/MG,
Recursos hídricos,37,Programa cisternas: água para consumo,2020,,Presente,None,Dado indisponível,#DCDCDC,2481,Monte Castelo/SC,
Recursos hídricos,37,Programa cisternas: água para consumo,2020,,Presente,None,Dado indisponível,#DCDCDC,8,Monte Castelo/SP,
Recursos hídricos,37,Programa cisternas: água para consumo,2020,,Presente,None,Dado indisponível,#DCDCDC,3124,Monte do Carmo/TO,
Recursos hídricos,37,Programa cisternas: água para consumo,2020,,Presente,None,Dado indisponível,#DCDCDC,2111,Monteiro Lobato/SP,
Recursos hídricos,37,Programa cisternas: água para consumo,2020,,Presente,None,Dado indisponível,#DCDCDC,2112,Monte Mor/SP,
Recursos hídricos,37,Programa cisternas: água para consumo,2020,,Presente,None,Dado indisponível,#DCDCDC,5560,Monte Negro/RO,
Recursos hídricos,37,Programa cisternas: água para consumo,2020,,Presente,None,Dado indisponível,#DCDCDC,4937,Montenegro/RS,
Recursos hídricos,37,Programa cisternas: água para consumo,2020,,Presente,None,Dado indisponível,#DCDCDC,3308,Montes Altos/MA,
Recursos hídricos,37,Programa cisternas: água para consumo,2020,,Presente,None,Dado indisponível,#DCDCDC,1251,Monte Santo de Minas/MG,
Recursos hídricos,37,Programa cisternas: água para consumo,2020,,Presente,None,Dado indisponível,#DCDCDC,3125,Monte Santo do Tocantins/TO,
Recursos hídricos,37,Programa cisternas: água para consumo,2020,,Presente,None,Dado indisponível,#DCDCDC,4977,Montes Claros de Goiás/GO,
Recursos hídricos,37,Programa cisternas: água para consumo,2020,,Presente,None,Dado indisponível,#DCDCDC,1253,Monte Sião/MG,
Recursos hídricos,37,Programa cisternas: água para consumo,2020,,Presente,None,Dado indisponível,#DCDCDC,4978,Montividiu/GO,
Recursos hídricos,37,Programa cisternas: água para consumo,2020,,Presente,None,Dado indisponível,#DCDCDC,1255,Morada Nova de Minas/MG,
Recursos hídricos,37,Programa cisternas: água para consumo,2020,,Presente,None,Dado indisponível,#DCDCDC,5203,Moreira Sales/PR,
Recursos hídricos,37,Programa cisternas: água para consumo,2020,,Presente,None,Dado indisponível,#DCDCDC,333,Mormaço/RS,
Recursos hídricos,37,Programa cisternas: água para consumo,2020,,Presente,None,Dado indisponível,#DCDCDC,5373,Morretes/PR,
Recursos hídricos,37,Programa cisternas: água para consumo,2020,,Presente,None,Dado indisponível,#DCDCDC,2602,Morrinhos do Sul/RS,
Recursos hídricos,37,Programa cisternas: água para consumo,2020,,Presente,None,Dado indisponível,#DCDCDC,2750,Morrinhos/GO,
Recursos hídricos,37,Programa cisternas: água para consumo,2020,,Presente,None,Dado indisponível,#DCDCDC,2751,Morro Agudo de Goiás/GO,
Recursos hídricos,37,Programa cisternas: água para consumo,2020,,Presente,None,Dado indisponível,#DCDCDC,2113,Morro Agudo/SP,
Recursos hídricos,37,Programa cisternas: água para consumo,2020,,Presente,None,Dado indisponível,#DCDCDC,2482,Morro da Fumaça/SC,
Recursos hídricos,37,Programa cisternas: água para consumo,2020,,Presente,None,Dado indisponível,#DCDCDC,1256,Morro da Garça/MG,
Recursos hídricos,37,Programa cisternas: água para consumo,2020,,Presente,None,Dado indisponível,#DCDCDC,1257,Morro do Pilar/MG,
Recursos hídricos,37,Programa cisternas: água para consumo,2020,,Presente,None,Dado indisponível,#DCDCDC,2483,Morro Grande/SC,
Recursos hídricos,37,Programa cisternas: água para consumo,2020,,Presente,None,Dado indisponível,#DCDCDC,334,Morro Redondo/RS,
Recursos hídricos,37,Programa cisternas: água para consumo,2020,,Presente,None,Dado indisponível,#DCDCDC,2603,Morro Reuter/RS,
Recursos hídricos,37,Programa cisternas: água para consumo,2020,,Presente,None,Dado indisponível,#DCDCDC,3309,Morros/MA,
Recursos hídricos,37,Programa cisternas: água para consumo,2020,,Presente,None,Dado indisponível,#DCDCDC,2114,Morungaba/SP,
Recursos hídricos,37,Programa cisternas: água para consumo,2020,,Presente,None,Dado indisponível,#DCDCDC,2752,Mossâmedes/GO,
Recursos hídricos,37,Programa cisternas: água para consumo,2020,,Presente,None,Dado indisponível,#DCDCDC,2604,Mostardas/RS,
Recursos hídricos,37,Programa cisternas: água para consumo,2020,,Presente,None,Dado indisponível,#DCDCDC,2115,Motuca/SP,
Recursos hídricos,37,Programa cisternas: água para consumo,2020,,Presente,None,Dado indisponível,#DCDCDC,2753,Mozarlândia/GO,
Recursos hídricos,37,Programa cisternas: água para consumo,2020,,Presente,None,Dado indisponível,#DCDCDC,2994,Muaná/PA,
Recursos hídricos,37,Programa cisternas: água para consumo,2020,,Presente,None,Dado indisponível,#DCDCDC,2851,Mucajaí/RR,
Recursos hídricos,37,Programa cisternas: água para consumo,2020,,Presente,None,Dado indisponível,#DCDCDC,335,Muçum/RS,
Recursos hídricos,37,Programa cisternas: água para consumo,2020,,Presente,None,Dado indisponível,#DCDCDC,729,Mucuri/BA,
Recursos hídricos,37,Programa cisternas: água para consumo,2020,,Presente,None,Dado indisponível,#DCDCDC,2605,Muitos Capões/RS,
Recursos hídricos,37,Programa cisternas: água para consumo,2020,,Presente,None,Dado indisponível,#DCDCDC,336,Muliterno/RS,
Recursos hídricos,37,Programa cisternas: água para consumo,2020,,Presente,None,Dado indisponível,#DCDCDC,4885,Mundo Novo/GO,
Recursos hídricos,37,Programa cisternas: água para consumo,2020,,Presente,None,Dado indisponível,#DCDCDC,572,Mundo Novo/MS,
Recursos hídricos,37,Programa cisternas: água para consumo,2020,,Presente,None,Dado indisponível,#DCDCDC,5204,Munhoz de Melo/PR,
Recursos hídricos,37,Programa cisternas: água para consumo,2020,,Presente,None,Dado indisponível,#DCDCDC,1258,Munhoz/MG,
Recursos hídricos,37,Programa cisternas: água para consumo,2020,,Presente,None,Dado indisponível,#DCDCDC,4748,Muniz Ferreira/BA,
Recursos hídricos,37,Programa cisternas: água para consumo,2020,,Presente,None,Dado indisponível,#DCDCDC,1656,Muniz Freire/ES,
Recursos hídricos,37,Programa cisternas: água para consumo,2020,,Presente,None,Dado indisponível,#DCDCDC,1657,Muqui/ES,
Recursos hídricos,37,Programa cisternas: água para consumo,2020,,Presente,None,Dado indisponível,#DCDCDC,1259,Muriaé/MG,
Recursos hídricos,37,Programa cisternas: água para consumo,2020,,Presente,None,Dado indisponível,#DCDCDC,4529,Muribeca/SE,
Recursos hídricos,37,Programa cisternas: água para consumo,2020,,Presente,None,Dado indisponível,#DCDCDC,4445,Murici/AL,
Recursos hídricos,37,Programa cisternas: água para consumo,2020,,Presente,None,Dado indisponível,#DCDCDC,3127,Muricilândia/TO,
Recursos hídricos,37,Programa cisternas: água para consumo,2020,,Presente,None,Dado indisponível,#DCDCDC,4750,Muritiba/BA,
Recursos hídricos,37,Programa cisternas: água para consumo,2020,,Presente,None,Dado indisponível,#DCDCDC,2116,Murutinga do Sul/SP,
Recursos hídricos,37,Programa cisternas: água para consumo,2020,,Presente,None,Dado indisponível,#DCDCDC,4751,Mutuípe/BA,
Recursos hídricos,37,Programa cisternas: água para consumo,2020,,Presente,None,Dado indisponível,#DCDCDC,4886,Mutunópolis/GO,
Recursos hídricos,37,Programa cisternas: água para consumo,2020,,Presente,None,Dado indisponível,#DCDCDC,1261,Muzambinho/MG,
Recursos hídricos,37,Programa cisternas: água para consumo,2020,,Presente,None,Dado indisponível,#DCDCDC,2117,Nantes/SP,
Recursos hídricos,37,Programa cisternas: água para consumo,2020,,Presente,None,Dado indisponível,#DCDCDC,337,Não-Me-Toque/RS,
Recursos hídricos,37,Programa cisternas: água para consumo,2020,,Presente,None,Dado indisponível,#DCDCDC,9,Narandiba/SP,
Recursos hídricos,37,Programa cisternas: água para consumo,2020,,Presente,None,Dado indisponível,#DCDCDC,1265,Natalândia/MG,
Recursos hídricos,37,Programa cisternas: água para consumo,2020,,Presente,None,Dado indisponível,#DCDCDC,3900,Natal/RN,
Recursos hídricos,37,Programa cisternas: água para consumo,2020,,Presente,None,Dado indisponível,#DCDCDC,1266,Natércia/MG,
Recursos hídricos,37,Programa cisternas: água para consumo,2020,,Presente,None,Dado indisponível,#DCDCDC,2118,Natividade da Serra/SP,
Recursos hídricos,37,Programa cisternas: água para consumo,2020,,Presente,None,Dado indisponível,#DCDCDC,1729,Natividade/RJ,
Recursos hídricos,37,Programa cisternas: água para consumo,2020,,Presente,None,Dado indisponível,#DCDCDC,3128,Natividade/TO,
Recursos hídricos,37,Programa cisternas: água para consumo,2020,,Presente,None,Dado indisponível,#DCDCDC,2484,Navegantes/SC,
Recursos hídricos,37,Programa cisternas: água para consumo,2020,,Presente,None,Dado indisponível,#DCDCDC,573,Naviraí/MS,
Recursos hídricos,37,Programa cisternas: água para consumo,2020,,Presente,None,Dado indisponível,#DCDCDC,4752,Nazaré/BA,
Recursos hídricos,37,Programa cisternas: água para consumo,2020,,Presente,None,Dado indisponível,#DCDCDC,1267,Nazareno/MG,
Recursos hídricos,37,Programa cisternas: água para consumo,2020,,Presente,None,Dado indisponível,#DCDCDC,2119,Nazaré Paulista/SP,
Recursos hídricos,37,Programa cisternas: água para consumo,2020,,Presente,None,Dado indisponível,#DCDCDC,3129,Nazaré/TO,
Recursos hídricos,37,Programa cisternas: água para consumo,2020,,Presente,None,Dado indisponível,#DCDCDC,2754,Nazário/GO,
Recursos hídricos,37,Programa cisternas: água para consumo,2020,,Presente,None,Dado indisponível,#DCDCDC,4530,Neópolis/SE,
Recursos hídricos,37,Programa cisternas: água para consumo,2020,,Presente,None,Dado indisponível,#DCDCDC,1268,Nepomuceno/MG,
Recursos hídricos,37,Programa cisternas: água para consumo,2020,,Presente,None,Dado indisponível,#DCDCDC,2120,Neves Paulista/SP,
Recursos hídricos,37,Programa cisternas: água para consumo,2020,,Presente,None,Dado indisponível,#DCDCDC,5500,Nhamundá/AM,
Recursos hídricos,37,Programa cisternas: água para consumo,2020,,Presente,None,Dado indisponível,#DCDCDC,2121,Nhandeara/SP,
Recursos hídricos,37,Programa cisternas: água para consumo,2020,,Presente,None,Dado indisponível,#DCDCDC,338,Nicolau Vergueiro/RS,
Recursos hídricos,37,Programa cisternas: água para consumo,2020,,Presente,None,Dado indisponível,#DCDCDC,4753,Nilo Peçanha/BA,
Recursos hídricos,37,Programa cisternas: água para consumo,2020,,Presente,None,Dado indisponível,#DCDCDC,1730,Nilópolis/RJ,
Recursos hídricos,37,Programa cisternas: água para consumo,2020,,Presente,None,Dado indisponível,#DCDCDC,574,Nioaque/MS,
Recursos hídricos,37,Programa cisternas: água para consumo,2020,,Presente,None,Dado indisponível,#DCDCDC,2122,Nipoã/SP,
Recursos hídricos,37,Programa cisternas: água para consumo,2020,,Presente,None,Dado indisponível,#DCDCDC,3901,Nísia Floresta/RN,
Recursos hídricos,37,Programa cisternas: água para consumo,2020,,Presente,None,Dado indisponível,#DCDCDC,1731,Niterói/RJ,
Recursos hídricos,37,Programa cisternas: água para consumo,2020,,Presente,None,Dado indisponível,#DCDCDC,4956,Nobres/MT,
Recursos hídricos,37,Programa cisternas: água para consumo,2020,,Presente,None,Dado indisponível,#DCDCDC,339,Nonoai/RS,
Recursos hídricos,37,Programa cisternas: água para consumo,2020,,Presente,None,Dado indisponível,#DCDCDC,2852,Normandia/RR,
Recursos hídricos,37,Programa cisternas: água para consumo,2020,,Presente,None,Dado indisponível,#DCDCDC,4957,Nortelândia/MT,
Recursos hídricos,37,Programa cisternas: água para consumo,2020,,Presente,None,Dado indisponível,#DCDCDC,5205,Nossa Senhora das Graças/PR,
Recursos hídricos,37,Programa cisternas: água para consumo,2020,,Presente,None,Dado indisponível,#DCDCDC,629,Nossa Senhora do Livramento/MT,
Recursos hídricos,37,Programa cisternas: água para consumo,2020,,Presente,None,Dado indisponível,#DCDCDC,4535,Nossa Senhora do Socorro/SE,
Recursos hídricos,37,Programa cisternas: água para consumo,2020,,Presente,None,Dado indisponível,#DCDCDC,5206,Nova Aliança do Ivaí/PR,
Recursos hídricos,37,Programa cisternas: água para consumo,2020,,Presente,None,Dado indisponível,#DCDCDC,2123,Nova Aliança/SP,
Recursos hídricos,37,Programa cisternas: água para consumo,2020,,Presente,None,Dado indisponível,#DCDCDC,575,Nova Alvorada do Sul/MS,
Recursos hídricos,37,Programa cisternas: água para consumo,2020,,Presente,None,Dado indisponível,#DCDCDC,340,Nova Alvorada/RS,
Recursos hídricos,37,Programa cisternas: água para consumo,2020,,Presente,None,Dado indisponível,#DCDCDC,5374,Nova América da Colina/PR,
Recursos hídricos,37,Programa cisternas: água para consumo,2020,,Presente,None,Dado indisponível,#DCDCDC,2756,Nova América/GO,
Recursos hídricos,37,Programa cisternas: água para consumo,2020,,Presente,None,Dado indisponível,#DCDCDC,576,Nova Andradina/MS,
Recursos hídricos,37,Programa cisternas: água para consumo,2020,,Presente,None,Dado indisponível,#DCDCDC,341,Nova Araçá/RS,
Recursos hídricos,37,Programa cisternas: água para consumo,2020,,Presente,None,Dado indisponível,#DCDCDC,2757,Nova Aurora/GO,
Recursos hídricos,37,Programa cisternas: água para consumo,2020,,Presente,None,Dado indisponível,#DCDCDC,5207,Nova Aurora/PR,
Recursos hídricos,37,Programa cisternas: água para consumo,2020,,Presente,None,Dado indisponível,#DCDCDC,2911,Nova Bandeirantes/MT,
Recursos hídricos,37,Programa cisternas: água para consumo,2020,,Presente,None,Dado indisponível,#DCDCDC,342,Nova Bassano/RS,
Recursos hídricos,37,Programa cisternas: água para consumo,2020,,Presente,None,Dado indisponível,#DCDCDC,343,Nova Boa Vista/RS,
Recursos hídricos,37,Programa cisternas: água para consumo,2020,,Presente,None,Dado indisponível,#DCDCDC,5534,Nova Brasilândia D'Oeste/RO,
Recursos hídricos,37,Programa cisternas: água para consumo,2020,,Presente,None,Dado indisponível,#DCDCDC,630,Nova Brasilândia/MT,
Recursos hídricos,37,Programa cisternas: água para consumo,2020,,Presente,None,Dado indisponível,#DCDCDC,344,Nova Bréscia/RS,
Recursos hídricos,37,Programa cisternas: água para consumo,2020,,Presente,None,Dado indisponível,#DCDCDC,2124,Nova Campina/SP,
Recursos hídricos,37,Programa cisternas: água para consumo,2020,,Presente,None,Dado indisponível,#DCDCDC,2913,Nova Canaã do Norte/MT,
Recursos hídricos,37,Programa cisternas: água para consumo,2020,,Presente,None,Dado indisponível,#DCDCDC,2125,Nova Canaã Paulista/SP,
Recursos hídricos,37,Programa cisternas: água para consumo,2020,,Presente,None,Dado indisponível,#DCDCDC,345,Nova Candelária/RS,
Recursos hídricos,37,Programa cisternas: água para consumo,2020,,Presente,None,Dado indisponível,#DCDCDC,5208,Nova Cantu/PR,
Recursos hídricos,37,Programa cisternas: água para consumo,2020,,Presente,None,Dado indisponível,#DCDCDC,2126,Nova Castilho/SP,
Recursos hídricos,37,Programa cisternas: água para consumo,2020,,Presente,None,Dado indisponível,#DCDCDC,3311,Nova Colinas/MA,
Recursos hídricos,37,Programa cisternas: água para consumo,2020,,Presente,None,Dado indisponível,#DCDCDC,5021,Nova Crixás/GO,
Recursos hídricos,37,Programa cisternas: água para consumo,2020,,Presente,None,Dado indisponível,#DCDCDC,1271,Nova Era/MG,
Recursos hídricos,37,Programa cisternas: água para consumo,2020,,Presente,None,Dado indisponível,#DCDCDC,82,Nova Erechim/SC,
Recursos hídricos,37,Programa cisternas: água para consumo,2020,,Presente,None,Dado indisponível,#DCDCDC,2995,Nova Esperança do Piriá/PA,
Recursos hídricos,37,Programa cisternas: água para consumo,2020,,Presente,None,Dado indisponível,#DCDCDC,5210,Nova Esperança do Sudoeste/PR,
Recursos hídricos,37,Programa cisternas: água para consumo,2020,,Presente,None,Dado indisponível,#DCDCDC,346,Nova Esperança do Sul/RS,
Recursos hídricos,37,Programa cisternas: água para consumo,2020,,Presente,None,Dado indisponível,#DCDCDC,5209,Nova Esperança/PR,
Recursos hídricos,37,Programa cisternas: água para consumo,2020,,Presente,None,Dado indisponível,#DCDCDC,2127,Nova Europa/SP,
Recursos hídricos,37,Programa cisternas: água para consumo,2020,,Presente,None,Dado indisponível,#DCDCDC,5375,Nova Fátima/PR,
Recursos hídricos,37,Programa cisternas: água para consumo,2020,,Presente,None,Dado indisponível,#DCDCDC,1732,Nova Friburgo/RJ,
Recursos hídricos,37,Programa cisternas: água para consumo,2020,,Presente,None,Dado indisponível,#DCDCDC,2758,Nova Glória/GO,
Recursos hídricos,37,Programa cisternas: água para consumo,2020,,Presente,None,Dado indisponível,#DCDCDC,2128,Nova Granada/SP,
Recursos hídricos,37,Programa cisternas: água para consumo,2020,,Presente,None,Dado indisponível,#DCDCDC,2935,Nova Guarita/MT,
Recursos hídricos,37,Programa cisternas: água para consumo,2020,,Presente,None,Dado indisponível,#DCDCDC,10,Nova Guataporanga/SP,
Recursos hídricos,37,Programa cisternas: água para consumo,2020,,Presente,None,Dado indisponível,#DCDCDC,2606,Nova Hartz/RS,
Recursos hídricos,37,Programa cisternas: água para consumo,2020,,Presente,None,Dado indisponível,#DCDCDC,4756,Nova Ibiá/BA,
Recursos hídricos,37,Programa cisternas: água para consumo,2020,,Presente,None,Dado indisponível,#DCDCDC,5022,Nova Iguaçu de Goiás/GO,
Recursos hídricos,37,Programa cisternas: água para consumo,2020,,Presente,None,Dado indisponível,#DCDCDC,1733,Nova Iguaçu/RJ,
Recursos hídricos,37,Programa cisternas: água para consumo,2020,,Presente,None,Dado indisponível,#DCDCDC,4906,Nova Independência/SP,
Recursos hídricos,37,Programa cisternas: água para consumo,2020,,Presente,None,Dado indisponível,#DCDCDC,2996,Nova Ipixuna/PA,
Recursos hídricos,37,Programa cisternas: água para consumo,2020,,Presente,None,Dado indisponível,#DCDCDC,2129,Novais/SP,
Recursos hídricos,37,Programa cisternas: água para consumo,2020,,Presente,None,Dado indisponível,#DCDCDC,83,Nova Itaberaba/SC,
Recursos hídricos,37,Programa cisternas: água para consumo,2020,,Presente,None,Dado indisponível,#DCDCDC,4959,Nova Lacerda/MT,
Recursos hídricos,37,Programa cisternas: água para consumo,2020,,Presente,None,Dado indisponível,#DCDCDC,5211,Nova Laranjeiras/PR,
Recursos hídricos,37,Programa cisternas: água para consumo,2020,,Presente,None,Dado indisponível,#DCDCDC,1272,Nova Lima/MG,
Recursos hídricos,37,Programa cisternas: água para consumo,2020,,Presente,None,Dado indisponível,#DCDCDC,5212,Nova Londrina/PR,
Recursos hídricos,37,Programa cisternas: água para consumo,2020,,Presente,None,Dado indisponível,#DCDCDC,2130,Nova Luzitânia/SP,
Recursos hídricos,37,Programa cisternas: água para consumo,2020,,Presente,None,Dado indisponível,#DCDCDC,5544,Nova Mamoré/RO,
Recursos hídricos,37,Programa cisternas: água para consumo,2020,,Presente,None,Dado indisponível,#DCDCDC,4965,Nova Marilândia/MT,
Recursos hídricos,37,Programa cisternas: água para consumo,2020,,Presente,None,Dado indisponível,#DCDCDC,2936,Nova Maringá/MT,
Recursos hídricos,37,Programa cisternas: água para consumo,2020,,Presente,None,Dado indisponível,#DCDCDC,2937,Nova Monte Verde/MT,
Recursos hídricos,37,Programa cisternas: água para consumo,2020,,Presente,None,Dado indisponível,#DCDCDC,2914,Nova Mutum/MT,
Recursos hídricos,37,Programa cisternas: água para consumo,2020,,Presente,None,Dado indisponível,#DCDCDC,4958,Nova Nazaré/MT,
Recursos hídricos,37,Programa cisternas: água para consumo,2020,,Presente,None,Dado indisponível,#DCDCDC,2131,Nova Odessa/SP,
Recursos hídricos,37,Programa cisternas: água para consumo,2020,,Presente,None,Dado indisponível,#DCDCDC,631,Nova Olímpia/MT,
Recursos hídricos,37,Programa cisternas: água para consumo,2020,,Presente,None,Dado indisponível,#DCDCDC,5213,Nova Olímpia/PR,
Recursos hídricos,37,Programa cisternas: água para consumo,2020,,Presente,None,Dado indisponível,#DCDCDC,3313,Nova Olinda do Maranhão/MA,
Recursos hídricos,37,Programa cisternas: água para consumo,2020,,Presente,None,Dado indisponível,#DCDCDC,5501,Nova Olinda do Norte/AM,
Recursos hídricos,37,Programa cisternas: água para consumo,2020,,Presente,None,Dado indisponível,#DCDCDC,3130,Nova Olinda/TO,
Recursos hídricos,37,Programa cisternas: água para consumo,2020,,Presente,None,Dado indisponível,#DCDCDC,2607,Nova Pádua/RS,
Recursos hídricos,37,Programa cisternas: água para consumo,2020,,Presente,None,Dado indisponível,#DCDCDC,347,Nova Palma/RS,
Recursos hídricos,37,Programa cisternas: água para consumo,2020,,Presente,None,Dado indisponível,#DCDCDC,2608,Nova Petrópolis/RS,
Recursos hídricos,37,Programa cisternas: água para consumo,2020,,Presente,None,Dado indisponível,#DCDCDC,1274,Nova Ponte/MG,
Recursos hídricos,37,Programa cisternas: água para consumo,2020,,Presente,None,Dado indisponível,#DCDCDC,5215,Nova Prata do Iguaçu/PR,
Recursos hídricos,37,Programa cisternas: água para consumo,2020,,Presente,None,Dado indisponível,#DCDCDC,348,Nova Prata/RS,
Recursos hídricos,37,Programa cisternas: água para consumo,2020,,Presente,None,Dado indisponível,#DCDCDC,349,Nova Ramada/RS,
Recursos hídricos,37,Programa cisternas: água para consumo,2020,,Presente,None,Dado indisponível,#DCDCDC,1276,Nova Resende/MG,
Recursos hídricos,37,Programa cisternas: água para consumo,2020,,Presente,None,Dado indisponível,#DCDCDC,4938,Nova Roma do Sul/RS,
Recursos hídricos,37,Programa cisternas: água para consumo,2020,,Presente,None,Dado indisponível,#DCDCDC,4887,Nova Roma/GO,
Recursos hídricos,37,Programa cisternas: água para consumo,2020,,Presente,None,Dado indisponível,#DCDCDC,3131,Nova Rosalândia/TO,
Recursos hídricos,37,Programa cisternas: água para consumo,2020,,Presente,None,Dado indisponível,#DCDCDC,5376,Nova Santa Bárbara/PR,
Recursos hídricos,37,Programa cisternas: água para consumo,2020,,Presente,None,Dado indisponível,#DCDCDC,2912,Nova Santa Helena/MT,
Recursos hídricos,37,Programa cisternas: água para consumo,2020,,Presente,None,Dado indisponível,#DCDCDC,2609,Nova Santa Rita/RS,
Recursos hídricos,37,Programa cisternas: água para consumo,2020,,Presente,None,Dado indisponível,#DCDCDC,5214,Nova Santa Rosa/PR,
Recursos hídricos,37,Programa cisternas: água para consumo,2020,,Presente,None,Dado indisponível,#DCDCDC,1277,Nova Serrana/MG,
Recursos hídricos,37,Programa cisternas: água para consumo,2020,,Presente,None,Dado indisponível,#DCDCDC,5216,Nova Tebas/PR,
Recursos hídricos,37,Programa cisternas: água para consumo,2020,,Presente,None,Dado indisponível,#DCDCDC,2997,Nova Timboteua/PA,
Recursos hídricos,37,Programa cisternas: água para consumo,2020,,Presente,None,Dado indisponível,#DCDCDC,2485,Nova Trento/SC,
Recursos hídricos,37,Programa cisternas: água para consumo,2020,,Presente,None,Dado indisponível,#DCDCDC,2915,Nova Ubiratã/MT,
Recursos hídricos,37,Programa cisternas: água para consumo,2020,,Presente,None,Dado indisponível,#DCDCDC,1171,Nova União/MG,
Recursos hídricos,37,Programa cisternas: água para consumo,2020,,Presente,None,Dado indisponível,#DCDCDC,5561,Nova União/RO,
Recursos hídricos,37,Programa cisternas: água para consumo,2020,,Presente,None,Dado indisponível,#DCDCDC,2486,Nova Veneza/SC,
Recursos hídricos,37,Programa cisternas: água para consumo,2020,,Presente,None,Dado indisponível,#DCDCDC,731,Nova Viçosa/BA,
Recursos hídricos,37,Programa cisternas: água para consumo,2020,,Presente,None,Dado indisponível,#DCDCDC,4960,Nova Xavantina/MT,
Recursos hídricos,37,Programa cisternas: água para consumo,2020,,Presente,None,Dado indisponível,#DCDCDC,3132,Novo Acordo/TO,
Recursos hídricos,37,Programa cisternas: água para consumo,2020,,Presente,None,Dado indisponível,#DCDCDC,5502,Novo Airão/AM,
Recursos hídricos,37,Programa cisternas: água para consumo,2020,,Presente,None,Dado indisponível,#DCDCDC,3133,Novo Alegre/TO,
Recursos hídricos,37,Programa cisternas: água para consumo,2020,,Presente,None,Dado indisponível,#DCDCDC,5503,Novo Aripuanã/AM,
Recursos hídricos,37,Programa cisternas: água para consumo,2020,,Presente,None,Dado indisponível,#DCDCDC,354,Novo Barreiro/RS,
Recursos hídricos,37,Programa cisternas: água para consumo,2020,,Presente,None,Dado indisponível,#DCDCDC,350,Novo Cabrais/RS,
Recursos hídricos,37,Programa cisternas: água para consumo,2020,,Presente,None,Dado indisponível,#DCDCDC,2761,Novo Gama/GO,
Recursos hídricos,37,Programa cisternas: água para consumo,2020,,Presente,None,Dado indisponível,#DCDCDC,2610,Novo Hamburgo/RS,
Recursos hídricos,37,Programa cisternas: água para consumo,2020,,Presente,None,Dado indisponível,#DCDCDC,2917,Novo Horizonte do Norte/MT,
Recursos hídricos,37,Programa cisternas: água para consumo,2020,,Presente,None,Dado indisponível,#DCDCDC,5549,Novo Horizonte do Oeste/RO,
Recursos hídricos,37,Programa cisternas: água para consumo,2020,,Presente,None,Dado indisponível,#DCDCDC,577,Novo Horizonte do Sul/MS,
Recursos hídricos,37,Programa cisternas: água para consumo,2020,,Presente,None,Dado indisponível,#DCDCDC,84,Novo Horizonte/SC,
Recursos hídricos,37,Programa cisternas: água para consumo,2020,,Presente,None,Dado indisponível,#DCDCDC,2132,Novo Horizonte/SP,
Recursos hídricos,37,Programa cisternas: água para consumo,2020,,Presente,None,Dado indisponível,#DCDCDC,5217,Novo Itacolomi/PR,
Recursos hídricos,37,Programa cisternas: água para consumo,2020,,Presente,None,Dado indisponível,#DCDCDC,3134,Novo Jardim/TO,
Recursos hídricos,37,Programa cisternas: água para consumo,2020,,Presente,None,Dado indisponível,#DCDCDC,4446,Novo Lino/AL,
Recursos hídricos,37,Programa cisternas: água para consumo,2020,,Presente,None,Dado indisponível,#DCDCDC,351,Novo Machado/RS,
Recursos hídricos,37,Programa cisternas: água para consumo,2020,,Presente,None,Dado indisponível,#DCDCDC,2916,Novo Mundo/MT,
Recursos hídricos,37,Programa cisternas: água para consumo,2020,,Presente,None,Dado indisponível,#DCDCDC,4888,Novo Planalto/GO,
Recursos hídricos,37,Programa cisternas: água para consumo,2020,,Presente,None,Dado indisponível,#DCDCDC,2872,Novo Progresso/PA,
Recursos hídricos,37,Programa cisternas: água para consumo,2020,,Presente,None,Dado indisponível,#DCDCDC,2998,Novo Repartimento/PA,
Recursos hídricos,37,Programa cisternas: água para consumo,2020,,Presente,None,Dado indisponível,#DCDCDC,4870,Novo Santo Antônio/MT,
Recursos hídricos,37,Programa cisternas: água para consumo,2020,,Presente,None,Dado indisponível,#DCDCDC,632,Novo São Joaquim/MT,
Recursos hídricos,37,Programa cisternas: água para consumo,2020,,Presente,None,Dado indisponível,#DCDCDC,352,Novo Tiradentes/RS,
Recursos hídricos,37,Programa cisternas: água para consumo,2020,,Presente,None,Dado indisponível,#DCDCDC,353,Novo Xingu/RS,
Recursos hídricos,37,Programa cisternas: água para consumo,2020,,Presente,None,Dado indisponível,#DCDCDC,2133,Nuporanga/SP,
Recursos hídricos,37,Programa cisternas: água para consumo,2020,,Presente,None,Dado indisponível,#DCDCDC,2873,Óbidos/PA,
Recursos hídricos,37,Programa cisternas: água para consumo,2020,,Presente,None,Dado indisponível,#DCDCDC,2134,Ocauçu/SP,
Recursos hídricos,37,Programa cisternas: água para consumo,2020,,Presente,None,Dado indisponível,#DCDCDC,5044,Oiapoque/AP,
Recursos hídricos,37,Programa cisternas: água para consumo,2020,,Presente,None,Dado indisponível,#DCDCDC,1281,Olaria/MG,
Recursos hídricos,37,Programa cisternas: água para consumo,2020,,Presente,None,Dado indisponível,#DCDCDC,2135,Óleo/SP,
Recursos hídricos,37,Programa cisternas: água para consumo,2020,,Presente,None,Dado indisponível,#DCDCDC,3314,Olho d'Água das Cunhãs/MA,
Recursos hídricos,37,Programa cisternas: água para consumo,2020,,Presente,None,Dado indisponível,#DCDCDC,1282,Olhos-d'Água/MG,
Recursos hídricos,37,Programa cisternas: água para consumo,2020,,Presente,None,Dado indisponível,#DCDCDC,2136,Olímpia/SP,
Recursos hídricos,37,Programa cisternas: água para consumo,2020,,Presente,None,Dado indisponível,#DCDCDC,1283,Olímpio Noronha/MG,
Recursos hídricos,37,Programa cisternas: água para consumo,2020,,Presente,None,Dado indisponível,#DCDCDC,3315,Olinda Nova do Maranhão/MA,
Recursos hídricos,37,Programa cisternas: água para consumo,2020,,Presente,None,Dado indisponível,#DCDCDC,4312,Olinda/PE,
Recursos hídricos,37,Programa cisternas: água para consumo,2020,,Presente,None,Dado indisponível,#DCDCDC,3135,Oliveira de Fátima/TO,
Recursos hídricos,37,Programa cisternas: água para consumo,2020,,Presente,None,Dado indisponível,#DCDCDC,1285,Oliveira Fortes/MG,
Recursos hídricos,37,Programa cisternas: água para consumo,2020,,Presente,None,Dado indisponível,#DCDCDC,1284,Oliveira/MG,
Recursos hídricos,37,Programa cisternas: água para consumo,2020,,Presente,None,Dado indisponível,#DCDCDC,1286,Onça de Pitangui/MG,
Recursos hídricos,37,Programa cisternas: água para consumo,2020,,Presente,None,Dado indisponível,#DCDCDC,2137,Onda Verde/SP,
Recursos hídricos,37,Programa cisternas: água para consumo,2020,,Presente,None,Dado indisponível,#DCDCDC,1287,Oratórios/MG,
Recursos hídricos,37,Programa cisternas: água para consumo,2020,,Presente,None,Dado indisponível,#DCDCDC,2138,Oriente/SP,
Recursos hídricos,37,Programa cisternas: água para consumo,2020,,Presente,None,Dado indisponível,#DCDCDC,2139,Orindiúva/SP,
Recursos hídricos,37,Programa cisternas: água para consumo,2020,,Presente,None,Dado indisponível,#DCDCDC,2874,Oriximiná/PA,
Recursos hídricos,37,Programa cisternas: água para consumo,2020,,Presente,None,Dado indisponível,#DCDCDC,1288,Orizânia/MG,
Recursos hídricos,37,Programa cisternas: água para consumo,2020,,Presente,None,Dado indisponível,#DCDCDC,2762,Orizona/GO,
Recursos hídricos,37,Programa cisternas: água para consumo,2020,,Presente,None,Dado indisponível,#DCDCDC,2140,Orlândia/SP,
Recursos hídricos,37,Programa cisternas: água para consumo,2020,,Presente,None,Dado indisponível,#DCDCDC,2487,Orleans/SC,
Recursos hídricos,37,Programa cisternas: água para consumo,2020,,Presente,None,Dado indisponível,#DCDCDC,5377,Ortigueira/PR,
Recursos hídricos,37,Programa cisternas: água para consumo,2020,,Presente,None,Dado indisponível,#DCDCDC,2141,Osasco/SP,
Recursos hídricos,37,Programa cisternas: água para consumo,2020,,Presente,None,Dado indisponível,#DCDCDC,2142,Oscar Bressane/SP,
Recursos hídricos,37,Programa cisternas: água para consumo,2020,,Presente,None,Dado indisponível,#DCDCDC,2611,Osório/RS,
Recursos hídricos,37,Programa cisternas: água para consumo,2020,,Presente,None,Dado indisponível,#DCDCDC,2143,Osvaldo Cruz/SP,
Recursos hídricos,37,Programa cisternas: água para consumo,2020,,Presente,None,Dado indisponível,#DCDCDC,2488,Otacílio Costa/SC,
Recursos hídricos,37,Programa cisternas: água para consumo,2020,,Presente,None,Dado indisponível,#DCDCDC,3000,Ourém/PA,
Recursos hídricos,37,Programa cisternas: água para consumo,2020,,Presente,None,Dado indisponível,#DCDCDC,4764,Ouriçangas/BA,
Recursos hídricos,37,Programa cisternas: água para consumo,2020,,Presente,None,Dado indisponível,#DCDCDC,5034,Ourilândia do Norte/PA,
Recursos hídricos,37,Programa cisternas: água para consumo,2020,,Presente,None,Dado indisponível,#DCDCDC,2144,Ourinhos/SP,
Recursos hídricos,37,Programa cisternas: água para consumo,2020,,Presente,None,Dado indisponível,#DCDCDC,5218,Ourizona/PR,
Recursos hídricos,37,Programa cisternas: água para consumo,2020,,Presente,None,Dado indisponível,#DCDCDC,1289,Ouro Branco/MG,
Recursos hídricos,37,Programa cisternas: água para consumo,2020,,Presente,None,Dado indisponível,#DCDCDC,2145,Ouroeste/SP,
Recursos hídricos,37,Programa cisternas: água para consumo,2020,,Presente,None,Dado indisponível,#DCDCDC,1290,Ouro Fino/MG,
Recursos hídricos,37,Programa cisternas: água para consumo,2020,,Presente,None,Dado indisponível,#DCDCDC,5535,Ouro Preto do Oeste/RO,
Recursos hídricos,37,Programa cisternas: água para consumo,2020,,Presente,None,Dado indisponível,#DCDCDC,1291,Ouro Preto/MG,
Recursos hídricos,37,Programa cisternas: água para consumo,2020,,Presente,None,Dado indisponível,#DCDCDC,85,Ouro/SC,
Recursos hídricos,37,Programa cisternas: água para consumo,2020,,Presente,None,Dado indisponível,#DCDCDC,2763,Ouro Verde de Goiás/GO,
Recursos hídricos,37,Programa cisternas: água para consumo,2020,,Presente,None,Dado indisponível,#DCDCDC,5219,Ouro Verde do Oeste/PR,
Recursos hídricos,37,Programa cisternas: água para consumo,2020,,Presente,None,Dado indisponível,#DCDCDC,86,Ouro Verde/SC,
Recursos hídricos,37,Programa cisternas: água para consumo,2020,,Presente,None,Dado indisponível,#DCDCDC,11,Ouro Verde/SP,
Recursos hídricos,37,Programa cisternas: água para consumo,2020,,Presente,None,Dado indisponível,#DCDCDC,2764,Ouvidor/GO,
Recursos hídricos,37,Programa cisternas: água para consumo,2020,,Presente,None,Dado indisponível,#DCDCDC,2146,Pacaembu/SP,
Recursos hídricos,37,Programa cisternas: água para consumo,2020,,Presente,None,Dado indisponível,#DCDCDC,2853,Pacaraima/RR,
Recursos hídricos,37,Programa cisternas: água para consumo,2020,,Presente,None,Dado indisponível,#DCDCDC,4536,Pacatuba/SE,
Recursos hídricos,37,Programa cisternas: água para consumo,2020,,Presente,None,Dado indisponível,#DCDCDC,3316,Paço do Lumiar/MA,
Recursos hídricos,37,Programa cisternas: água para consumo,2020,,Presente,None,Dado indisponível,#DCDCDC,2765,Padre Bernardo/GO,
Recursos hídricos,37,Programa cisternas: água para consumo,2020,,Presente,None,Dado indisponível,#DCDCDC,87,Paial/SC,
Recursos hídricos,37,Programa cisternas: água para consumo,2020,,Presente,None,Dado indisponível,#DCDCDC,5220,Paiçandu/PR,
Recursos hídricos,37,Programa cisternas: água para consumo,2020,,Presente,None,Dado indisponível,#DCDCDC,355,Paim Filho/RS,
Recursos hídricos,37,Programa cisternas: água para consumo,2020,,Presente,None,Dado indisponível,#DCDCDC,1295,Paineiras/MG,
Recursos hídricos,37,Programa cisternas: água para consumo,2020,,Presente,None,Dado indisponível,#DCDCDC,2489,Painel/SC,
Recursos hídricos,37,Programa cisternas: água para consumo,2020,,Presente,None,Dado indisponível,#DCDCDC,1296,Pains/MG,
Recursos hídricos,37,Programa cisternas: água para consumo,2020,,Presente,None,Dado indisponível,#DCDCDC,1298,Paiva/MG,
Recursos hídricos,37,Programa cisternas: água para consumo,2020,,Presente,None,Dado indisponível,#DCDCDC,4979,Palestina de Goiás/GO,
Recursos hídricos,37,Programa cisternas: água para consumo,2020,,Presente,None,Dado indisponível,#DCDCDC,2147,Palestina/SP,
Recursos hídricos,37,Programa cisternas: água para consumo,2020,,Presente,None,Dado indisponível,#DCDCDC,2490,Palhoça/SC,
Recursos hídricos,37,Programa cisternas: água para consumo,2020,,Presente,None,Dado indisponível,#DCDCDC,1299,Palma/MG,
Recursos hídricos,37,Programa cisternas: água para consumo,2020,,Presente,None,Dado indisponível,#DCDCDC,2612,Palmares do Sul/RS,
Recursos hídricos,37,Programa cisternas: água para consumo,2020,,Presente,None,Dado indisponível,#DCDCDC,2148,Palmares Paulista/SP,
Recursos hídricos,37,Programa cisternas: água para consumo,2020,,Presente,None,Dado indisponível,#DCDCDC,4316,Palmares/PE,
Recursos hídricos,37,Programa cisternas: água para consumo,2020,,Presente,None,Dado indisponível,#DCDCDC,88,Palma Sola/SC,
Recursos hídricos,37,Programa cisternas: água para consumo,2020,,Presente,None,Dado indisponível,#DCDCDC,5221,Palmas/PR,
Recursos hídricos,37,Programa cisternas: água para consumo,2020,,Presente,None,Dado indisponível,#DCDCDC,3180,Palmas/TO,
Recursos hídricos,37,Programa cisternas: água para consumo,2020,,Presente,None,Dado indisponível,#DCDCDC,356,Palmeira das Missões/RS,
Recursos hídricos,37,Programa cisternas: água para consumo,2020,,Presente,None,Dado indisponível,#DCDCDC,2149,Palmeira d'Oeste/SP,
Recursos hídricos,37,Programa cisternas: água para consumo,2020,,Presente,None,Dado indisponível,#DCDCDC,3317,Palmeirândia/MA,
Recursos hídricos,37,Programa cisternas: água para consumo,2020,,Presente,None,Dado indisponível,#DCDCDC,3136,Palmeirante/TO,
Recursos hídricos,37,Programa cisternas: água para consumo,2020,,Presente,None,Dado indisponível,#DCDCDC,5378,Palmeira/PR,
Recursos hídricos,37,Programa cisternas: água para consumo,2020,,Presente,None,Dado indisponível,#DCDCDC,2491,Palmeira/SC,
Recursos hídricos,37,Programa cisternas: água para consumo,2020,,Presente,None,Dado indisponível,#DCDCDC,2766,Palmeiras de Goiás/GO,
Recursos hídricos,37,Programa cisternas: água para consumo,2020,,Presente,None,Dado indisponível,#DCDCDC,3126,Palmeiras do Tocantins/TO,
Recursos hídricos,37,Programa cisternas: água para consumo,2020,,Presente,None,Dado indisponível,#DCDCDC,3137,Palmeirópolis/TO,
Recursos hídricos,37,Programa cisternas: água para consumo,2020,,Presente,None,Dado indisponível,#DCDCDC,2767,Palmelo/GO,
Recursos hídricos,37,Programa cisternas: água para consumo,2020,,Presente,None,Dado indisponível,#DCDCDC,2768,Palminópolis/GO,
Recursos hídricos,37,Programa cisternas: água para consumo,2020,,Presente,None,Dado indisponível,#DCDCDC,5222,Palmital/PR,
Recursos hídricos,37,Programa cisternas: água para consumo,2020,,Presente,None,Dado indisponível,#DCDCDC,2150,Palmital/SP,
Recursos hídricos,37,Programa cisternas: água para consumo,2020,,Presente,None,Dado indisponível,#DCDCDC,357,Palmitinho/RS,
Recursos hídricos,37,Programa cisternas: água para consumo,2020,,Presente,None,Dado indisponível,#DCDCDC,89,Palmitos/SC,
Recursos hídricos,37,Programa cisternas: água para consumo,2020,,Presente,None,Dado indisponível,#DCDCDC,1300,Palmópolis/MG,
Recursos hídricos,37,Programa cisternas: água para consumo,2020,,Presente,None,Dado indisponível,#DCDCDC,5223,Palotina/PR,
Recursos hídricos,37,Programa cisternas: água para consumo,2020,,Presente,None,Dado indisponível,#DCDCDC,2769,Panamá/GO,
Recursos hídricos,37,Programa cisternas: água para consumo,2020,,Presente,None,Dado indisponível,#DCDCDC,358,Panambi/RS,
Recursos hídricos,37,Programa cisternas: água para consumo,2020,,Presente,None,Dado indisponível,#DCDCDC,1659,Pancas/ES,
Recursos hídricos,37,Programa cisternas: água para consumo,2020,,Presente,None,Dado indisponível,#DCDCDC,12,Panorama/SP,
Recursos hídricos,37,Programa cisternas: água para consumo,2020,,Presente,None,Dado indisponível,#DCDCDC,359,Pantano Grande/RS,
Recursos hídricos,37,Programa cisternas: água para consumo,2020,,Presente,None,Dado indisponível,#DCDCDC,1301,Papagaios/MG,
Recursos hídricos,37,Programa cisternas: água para consumo,2020,,Presente,None,Dado indisponível,#DCDCDC,2492,Papanduva/SC,
Recursos hídricos,37,Programa cisternas: água para consumo,2020,,Presente,None,Dado indisponível,#DCDCDC,1734,Paracambi/RJ,
Recursos hídricos,37,Programa cisternas: água para consumo,2020,,Presente,None,Dado indisponível,#DCDCDC,1302,Paracatu/MG,
Recursos hídricos,37,Programa cisternas: água para consumo,2020,,Presente,None,Dado indisponível,#DCDCDC,1303,Pará de Minas/MG,
Recursos hídricos,37,Programa cisternas: água para consumo,2020,,Presente,None,Dado indisponível,#DCDCDC,3003,Paragominas/PA,
Recursos hídricos,37,Programa cisternas: água para consumo,2020,,Presente,None,Dado indisponível,#DCDCDC,1304,Paraguaçu/MG,
Recursos hídricos,37,Programa cisternas: água para consumo,2020,,Presente,None,Dado indisponível,#DCDCDC,2151,Paraguaçu Paulista/SP,
Recursos hídricos,37,Programa cisternas: água para consumo,2020,,Presente,None,Dado indisponível,#DCDCDC,1735,Paraíba do Sul/RJ,
Recursos hídricos,37,Programa cisternas: água para consumo,2020,,Presente,None,Dado indisponível,#DCDCDC,3318,Paraibano/MA,
Recursos hídricos,37,Programa cisternas: água para consumo,2020,,Presente,None,Dado indisponível,#DCDCDC,2152,Paraibuna/SP,
Recursos hídricos,37,Programa cisternas: água para consumo,2020,,Presente,None,Dado indisponível,#DCDCDC,360,Paraí/RS,
Recursos hídricos,37,Programa cisternas: água para consumo,2020,,Presente,None,Dado indisponível,#DCDCDC,578,Paraíso das Águas/MS,
Recursos hídricos,37,Programa cisternas: água para consumo,2020,,Presente,None,Dado indisponível,#DCDCDC,5224,Paraíso do Norte/PR,
Recursos hídricos,37,Programa cisternas: água para consumo,2020,,Presente,None,Dado indisponível,#DCDCDC,361,Paraíso do Sul/RS,
Recursos hídricos,37,Programa cisternas: água para consumo,2020,,Presente,None,Dado indisponível,#DCDCDC,3138,Paraíso do Tocantins/TO,
Recursos hídricos,37,Programa cisternas: água para consumo,2020,,Presente,None,Dado indisponível,#DCDCDC,1305,Paraisópolis/MG,
Recursos hídricos,37,Programa cisternas: água para consumo,2020,,Presente,None,Dado indisponível,#DCDCDC,90,Paraíso/SC,
Recursos hídricos,37,Programa cisternas: água para consumo,2020,,Presente,None,Dado indisponível,#DCDCDC,2153,Paraíso/SP,
Recursos hídricos,37,Programa cisternas: água para consumo,2020,,Presente,None,Dado indisponível,#DCDCDC,5225,Paranacity/PR,
Recursos hídricos,37,Programa cisternas: água para consumo,2020,,Presente,None,Dado indisponível,#DCDCDC,5379,Paranaguá/PR,
Recursos hídricos,37,Programa cisternas: água para consumo,2020,,Presente,None,Dado indisponível,#DCDCDC,4946,Paranaíba/MS,
Recursos hídricos,37,Programa cisternas: água para consumo,2020,,Presente,None,Dado indisponível,#DCDCDC,2770,Paranaiguara/GO,
Recursos hídricos,37,Programa cisternas: água para consumo,2020,,Presente,None,Dado indisponível,#DCDCDC,2918,Paranaíta/MT,
Recursos hídricos,37,Programa cisternas: água para consumo,2020,,Presente,None,Dado indisponível,#DCDCDC,2154,Paranapanema/SP,
Recursos hídricos,37,Programa cisternas: água para consumo,2020,,Presente,None,Dado indisponível,#DCDCDC,5226,Paranapoema/PR,
Recursos hídricos,37,Programa cisternas: água para consumo,2020,,Presente,None,Dado indisponível,#DCDCDC,2155,Paranapuã/SP,
Recursos hídricos,37,Programa cisternas: água para consumo,2020,,Presente,None,Dado indisponível,#DCDCDC,4961,Paranatinga/MT,
Recursos hídricos,37,Programa cisternas: água para consumo,2020,,Presente,None,Dado indisponível,#DCDCDC,3139,Paranã/TO,
Recursos hídricos,37,Programa cisternas: água para consumo,2020,,Presente,None,Dado indisponível,#DCDCDC,5227,Paranavaí/PR,
Recursos hídricos,37,Programa cisternas: água para consumo,2020,,Presente,None,Dado indisponível,#DCDCDC,1306,Paraopeba/MG,
Recursos hídricos,37,Programa cisternas: água para consumo,2020,,Presente,None,Dado indisponível,#DCDCDC,2156,Parapuã/SP,
Recursos hídricos,37,Programa cisternas: água para consumo,2020,,Presente,None,Dado indisponível,#DCDCDC,1736,Paraty/RJ,
Recursos hídricos,37,Programa cisternas: água para consumo,2020,,Presente,None,Dado indisponível,#DCDCDC,3004,Parauapebas/PA,
Recursos hídricos,37,Programa cisternas: água para consumo,2020,,Presente,None,Dado indisponível,#DCDCDC,2157,Pardinho/SP,
Recursos hídricos,37,Programa cisternas: água para consumo,2020,,Presente,None,Dado indisponível,#DCDCDC,4939,Pareci Novo/RS,
Recursos hídricos,37,Programa cisternas: água para consumo,2020,,Presente,None,Dado indisponível,#DCDCDC,5562,Parecis/RO,
Recursos hídricos,37,Programa cisternas: água para consumo,2020,,Presente,None,Dado indisponível,#DCDCDC,5504,Parintins/AM,
Recursos hídricos,37,Programa cisternas: água para consumo,2020,,Presente,None,Dado indisponível,#DCDCDC,4456,Paripueira/AL,
Recursos hídricos,37,Programa cisternas: água para consumo,2020,,Presente,None,Dado indisponível,#DCDCDC,2158,Pariquera-Açu/SP,
Recursos hídricos,37,Programa cisternas: água para consumo,2020,,Presente,None,Dado indisponível,#DCDCDC,2159,Parisi/SP,
Recursos hídricos,37,Programa cisternas: água para consumo,2020,,Presente,None,Dado indisponível,#DCDCDC,3847,Parnamirim/RN,
Recursos hídricos,37,Programa cisternas: água para consumo,2020,,Presente,None,Dado indisponível,#DCDCDC,2613,Parobé/RS,
Recursos hídricos,37,Programa cisternas: água para consumo,2020,,Presente,None,Dado indisponível,#DCDCDC,1307,Passabém/MG,
Recursos hídricos,37,Programa cisternas: água para consumo,2020,,Presente,None,Dado indisponível,#DCDCDC,3320,Passagem Franca/MA,
Recursos hídricos,37,Programa cisternas: água para consumo,2020,,Presente,None,Dado indisponível,#DCDCDC,1308,Passa Quatro/MG,
Recursos hídricos,37,Programa cisternas: água para consumo,2020,,Presente,None,Dado indisponível,#DCDCDC,362,Passa Sete/RS,
Recursos hídricos,37,Programa cisternas: água para consumo,2020,,Presente,None,Dado indisponível,#DCDCDC,1309,Passa Tempo/MG,
Recursos hídricos,37,Programa cisternas: água para consumo,2020,,Presente,None,Dado indisponível,#DCDCDC,1310,Passa Vinte/MG,
Recursos hídricos,37,Programa cisternas: água para consumo,2020,,Presente,None,Dado indisponível,#DCDCDC,4457,Passo de Camaragibe/AL,
Recursos hídricos,37,Programa cisternas: água para consumo,2020,,Presente,None,Dado indisponível,#DCDCDC,2493,Passo de Torres/SC,
Recursos hídricos,37,Programa cisternas: água para consumo,2020,,Presente,None,Dado indisponível,#DCDCDC,363,Passo do Sobrado/RS,
Recursos hídricos,37,Programa cisternas: água para consumo,2020,,Presente,None,Dado indisponível,#DCDCDC,364,Passo Fundo/RS,
Recursos hídricos,37,Programa cisternas: água para consumo,2020,,Presente,None,Dado indisponível,#DCDCDC,91,Passos Maia/SC,
Recursos hídricos,37,Programa cisternas: água para consumo,2020,,Presente,None,Dado indisponível,#DCDCDC,1311,Passos/MG,
Recursos hídricos,37,Programa cisternas: água para consumo,2020,,Presente,None,Dado indisponível,#DCDCDC,5228,Pato Bragado/PR,
Recursos hídricos,37,Programa cisternas: água para consumo,2020,,Presente,None,Dado indisponível,#DCDCDC,5229,Pato Branco/PR,
Recursos hídricos,37,Programa cisternas: água para consumo,2020,,Presente,None,Dado indisponível,#DCDCDC,1313,Patos de Minas/MG,
Recursos hídricos,37,Programa cisternas: água para consumo,2020,,Presente,None,Dado indisponível,#DCDCDC,1315,Patrocínio do Muriaé/MG,
Recursos hídricos,37,Programa cisternas: água para consumo,2020,,Presente,None,Dado indisponível,#DCDCDC,1314,Patrocínio/MG,
Recursos hídricos,37,Programa cisternas: água para consumo,2020,,Presente,None,Dado indisponível,#DCDCDC,2160,Patrocínio Paulista/SP,
Recursos hídricos,37,Programa cisternas: água para consumo,2020,,Presente,None,Dado indisponível,#DCDCDC,1737,Paty do Alferes/RJ,
Recursos hídricos,37,Programa cisternas: água para consumo,2020,,Presente,None,Dado indisponível,#DCDCDC,4322,Paudalho/PE,
Recursos hídricos,37,Programa cisternas: água para consumo,2020,,Presente,None,Dado indisponível,#DCDCDC,3005,Pau D'Arco/PA,
Recursos hídricos,37,Programa cisternas: água para consumo,2020,,Presente,None,Dado indisponível,#DCDCDC,3140,Pau D'Arco/TO,
Recursos hídricos,37,Programa cisternas: água para consumo,2020,,Presente,None,Dado indisponível,#DCDCDC,5505,Pauini/AM,
Recursos hídricos,37,Programa cisternas: água para consumo,2020,,Presente,None,Dado indisponível,#DCDCDC,1316,Paula Cândido/MG,
Recursos hídricos,37,Programa cisternas: água para consumo,2020,,Presente,None,Dado indisponível,#DCDCDC,5380,Paula Freitas/PR,
Recursos hídricos,37,Programa cisternas: água para consumo,2020,,Presente,None,Dado indisponível,#DCDCDC,13,Paulicéia/SP,
Recursos hídricos,37,Programa cisternas: água para consumo,2020,,Presente,None,Dado indisponível,#DCDCDC,2161,Paulínia/SP,
Recursos hídricos,37,Programa cisternas: água para consumo,2020,,Presente,None,Dado indisponível,#DCDCDC,3322,Paulino Neves/MA,
Recursos hídricos,37,Programa cisternas: água para consumo,2020,,Presente,None,Dado indisponível,#DCDCDC,2162,Paulistânia/SP,
Recursos hídricos,37,Programa cisternas: água para consumo,2020,,Presente,None,Dado indisponível,#DCDCDC,4323,Paulista/PE,
Recursos hídricos,37,Programa cisternas: água para consumo,2020,,Presente,None,Dado indisponível,#DCDCDC,1317,Paulistas/MG,
Recursos hídricos,37,Programa cisternas: água para consumo,2020,,Presente,None,Dado indisponível,#DCDCDC,365,Paulo Bento/RS,
Recursos hídricos,37,Programa cisternas: água para consumo,2020,,Presente,None,Dado indisponível,#DCDCDC,2163,Paulo de Faria/SP,
Recursos hídricos,37,Programa cisternas: água para consumo,2020,,Presente,None,Dado indisponível,#DCDCDC,5381,Paulo Frontin/PR,
Recursos hídricos,37,Programa cisternas: água para consumo,2020,,Presente,None,Dado indisponível,#DCDCDC,4458,Paulo Jacinto/AL,
Recursos hídricos,37,Programa cisternas: água para consumo,2020,,Presente,None,Dado indisponível,#DCDCDC,2494,Paulo Lopes/SC,
Recursos hídricos,37,Programa cisternas: água para consumo,2020,,Presente,None,Dado indisponível,#DCDCDC,366,Paverama/RS,
Recursos hídricos,37,Programa cisternas: água para consumo,2020,,Presente,None,Dado indisponível,#DCDCDC,5230,Peabiru/PR,
Recursos hídricos,37,Programa cisternas: água para consumo,2020,,Presente,None,Dado indisponível,#DCDCDC,2164,Pederneiras/SP,
Recursos hídricos,37,Programa cisternas: água para consumo,2020,,Presente,None,Dado indisponível,#DCDCDC,2165,Pedra Bela/SP,
Recursos hídricos,37,Programa cisternas: água para consumo,2020,,Presente,None,Dado indisponível,#DCDCDC,1321,Pedra Bonita/MG,
Recursos hídricos,37,Programa cisternas: água para consumo,2020,,Presente,None,Dado indisponível,#DCDCDC,2885,Pedra Branca do Amapari/AP,
Recursos hídricos,37,Programa cisternas: água para consumo,2020,,Presente,None,Dado indisponível,#DCDCDC,1322,Pedra do Anta/MG,
Recursos hídricos,37,Programa cisternas: água para consumo,2020,,Presente,None,Dado indisponível,#DCDCDC,1323,Pedra do Indaiá/MG,
Recursos hídricos,37,Programa cisternas: água para consumo,2020,,Presente,None,Dado indisponível,#DCDCDC,1324,Pedra Dourada/MG,
Recursos hídricos,37,Programa cisternas: água para consumo,2020,,Presente,None,Dado indisponível,#DCDCDC,1325,Pedralva/MG,
Recursos hídricos,37,Programa cisternas: água para consumo,2020,,Presente,None,Dado indisponível,#DCDCDC,2166,Pedranópolis/SP,
Recursos hídricos,37,Programa cisternas: água para consumo,2020,,Presente,None,Dado indisponível,#DCDCDC,4772,Pedrão/BA,
Recursos hídricos,37,Programa cisternas: água para consumo,2020,,Presente,None,Dado indisponível,#DCDCDC,633,Pedra Preta/MT,
Recursos hídricos,37,Programa cisternas: água para consumo,2020,,Presente,None,Dado indisponível,#DCDCDC,2495,Pedras Grandes/SC,
Recursos hídricos,37,Programa cisternas: água para consumo,2020,,Presente,None,Dado indisponível,#DCDCDC,2167,Pedregulho/SP,
Recursos hídricos,37,Programa cisternas: água para consumo,2020,,Presente,None,Dado indisponível,#DCDCDC,3324,Pedreiras/MA,
Recursos hídricos,37,Programa cisternas: água para consumo,2020,,Presente,None,Dado indisponível,#DCDCDC,2168,Pedreira/SP,
Recursos hídricos,37,Programa cisternas: água para consumo,2020,,Presente,None,Dado indisponível,#DCDCDC,2169,Pedrinhas Paulista/SP,
Recursos hídricos,37,Programa cisternas: água para consumo,2020,,Presente,None,Dado indisponível,#DCDCDC,4538,Pedrinhas/SE,
Recursos hídricos,37,Programa cisternas: água para consumo,2020,,Presente,None,Dado indisponível,#DCDCDC,1327,Pedrinópolis/MG,
Recursos hídricos,37,Programa cisternas: água para consumo,2020,,Presente,None,Dado indisponível,#DCDCDC,3141,Pedro Afonso/TO,
Recursos hídricos,37,Programa cisternas: água para consumo,2020,,Presente,None,Dado indisponível,#DCDCDC,2170,Pedro de Toledo/SP,
Recursos hídricos,37,Programa cisternas: água para consumo,2020,,Presente,None,Dado indisponível,#DCDCDC,3325,Pedro do Rosário/MA,
Recursos hídricos,37,Programa cisternas: água para consumo,2020,,Presente,None,Dado indisponível,#DCDCDC,580,Pedro Gomes/MS,
Recursos hídricos,37,Programa cisternas: água para consumo,2020,,Presente,None,Dado indisponível,#DCDCDC,1328,Pedro Leopoldo/MG,
Recursos hídricos,37,Programa cisternas: água para consumo,2020,,Presente,None,Dado indisponível,#DCDCDC,368,Pedro Osório/RS,
Recursos hídricos,37,Programa cisternas: água para consumo,2020,,Presente,None,Dado indisponível,#DCDCDC,1329,Pedro Teixeira/MG,
Recursos hídricos,37,Programa cisternas: água para consumo,2020,,Presente,None,Dado indisponível,#DCDCDC,3918,Pedro Velho/RN,
Recursos hídricos,37,Programa cisternas: água para consumo,2020,,Presente,None,Dado indisponível,#DCDCDC,3142,Peixe/TO,
Recursos hídricos,37,Programa cisternas: água para consumo,2020,,Presente,None,Dado indisponível,#DCDCDC,2919,Peixoto de Azevedo/MT,
Recursos hídricos,37,Programa cisternas: água para consumo,2020,,Presente,None,Dado indisponível,#DCDCDC,369,Pejuçara/RS,
Recursos hídricos,37,Programa cisternas: água para consumo,2020,,Presente,None,Dado indisponível,#DCDCDC,370,Pelotas/RS,
Recursos hídricos,37,Programa cisternas: água para consumo,2020,,Presente,None,Dado indisponível,#DCDCDC,3326,Penalva/MA,
Recursos hídricos,37,Programa cisternas: água para consumo,2020,,Presente,None,Dado indisponível,#DCDCDC,2171,Penápolis/SP,
Recursos hídricos,37,Programa cisternas: água para consumo,2020,,Presente,None,Dado indisponível,#DCDCDC,4459,Penedo/AL,
Recursos hídricos,37,Programa cisternas: água para consumo,2020,,Presente,None,Dado indisponível,#DCDCDC,2496,Penha/SC,
Recursos hídricos,37,Programa cisternas: água para consumo,2020,,Presente,None,Dado indisponível,#DCDCDC,1330,Pequeri/MG,
Recursos hídricos,37,Programa cisternas: água para consumo,2020,,Presente,None,Dado indisponível,#DCDCDC,1331,Pequi/MG,
Recursos hídricos,37,Programa cisternas: água para consumo,2020,,Presente,None,Dado indisponível,#DCDCDC,3143,Pequizeiro/TO,
Recursos hídricos,37,Programa cisternas: água para consumo,2020,,Presente,None,Dado indisponível,#DCDCDC,1332,Perdigão/MG,
Recursos hídricos,37,Programa cisternas: água para consumo,2020,,Presente,None,Dado indisponível,#DCDCDC,1333,Perdizes/MG,
Recursos hídricos,37,Programa cisternas: água para consumo,2020,,Presente,None,Dado indisponível,#DCDCDC,1334,Perdões/MG,
Recursos hídricos,37,Programa cisternas: água para consumo,2020,,Presente,None,Dado indisponível,#DCDCDC,2172,Pereira Barreto/SP,
Recursos hídricos,37,Programa cisternas: água para consumo,2020,,Presente,None,Dado indisponível,#DCDCDC,2173,Pereiras/SP,
Recursos hídricos,37,Programa cisternas: água para consumo,2020,,Presente,None,Dado indisponível,#DCDCDC,3327,Peri Mirim/MA,
Recursos hídricos,37,Programa cisternas: água para consumo,2020,,Presente,None,Dado indisponível,#DCDCDC,92,Peritiba/SC,
Recursos hídricos,37,Programa cisternas: água para consumo,2020,,Presente,None,Dado indisponível,#DCDCDC,3328,Peritoró/MA,
Recursos hídricos,37,Programa cisternas: água para consumo,2020,,Presente,None,Dado indisponível,#DCDCDC,5231,Perobal/PR,
Recursos hídricos,37,Programa cisternas: água para consumo,2020,,Presente,None,Dado indisponível,#DCDCDC,5233,Pérola d'Oeste/PR,
Recursos hídricos,37,Programa cisternas: água para consumo,2020,,Presente,None,Dado indisponível,#DCDCDC,665,Perolândia/GO,
Recursos hídricos,37,Programa cisternas: água para consumo,2020,,Presente,None,Dado indisponível,#DCDCDC,5232,Pérola/PR,
Recursos hídricos,37,Programa cisternas: água para consumo,2020,,Presente,None,Dado indisponível,#DCDCDC,2174,Peruíbe/SP,
Recursos hídricos,37,Programa cisternas: água para consumo,2020,,Presente,None,Dado indisponível,#DCDCDC,2497,Pescaria Brava/SC,
Recursos hídricos,37,Programa cisternas: água para consumo,2020,,Presente,None,Dado indisponível,#DCDCDC,2498,Petrolândia/SC,
Recursos hídricos,37,Programa cisternas: água para consumo,2020,,Presente,None,Dado indisponível,#DCDCDC,2772,Petrolina de Goiás/GO,
Recursos hídricos,37,Programa cisternas: água para consumo,2020,,Presente,None,Dado indisponível,#DCDCDC,1738,Petrópolis/RJ,
Recursos hídricos,37,Programa cisternas: água para consumo,2020,,Presente,None,Dado indisponível,#DCDCDC,2175,Piacatu/SP,
Recursos hídricos,37,Programa cisternas: água para consumo,2020,,Presente,None,Dado indisponível,#DCDCDC,1337,Piau/MG,
Recursos hídricos,37,Programa cisternas: água para consumo,2020,,Presente,None,Dado indisponível,#DCDCDC,2614,Picada Café/RS,
Recursos hídricos,37,Programa cisternas: água para consumo,2020,,Presente,None,Dado indisponível,#DCDCDC,3007,Piçarra/PA,
Recursos hídricos,37,Programa cisternas: água para consumo,2020,,Presente,None,Dado indisponível,#DCDCDC,1338,Piedade de Caratinga/MG,
Recursos hídricos,37,Programa cisternas: água para consumo,2020,,Presente,None,Dado indisponível,#DCDCDC,1339,Piedade de Ponte Nova/MG,
Recursos hídricos,37,Programa cisternas: água para consumo,2020,,Presente,None,Dado indisponível,#DCDCDC,1340,Piedade do Rio Grande/MG,
Recursos hídricos,37,Programa cisternas: água para consumo,2020,,Presente,None,Dado indisponível,#DCDCDC,1341,Piedade dos Gerais/MG,
Recursos hídricos,37,Programa cisternas: água para consumo,2020,,Presente,None,Dado indisponível,#DCDCDC,2176,Piedade/SP,
Recursos hídricos,37,Programa cisternas: água para consumo,2020,,Presente,None,Dado indisponível,#DCDCDC,5382,Piên/PR,
Recursos hídricos,37,Programa cisternas: água para consumo,2020,,Presente,None,Dado indisponível,#DCDCDC,4461,Pilar/AL,
Recursos hídricos,37,Programa cisternas: água para consumo,2020,,Presente,None,Dado indisponível,#DCDCDC,5023,Pilar de Goiás/GO,
Recursos hídricos,37,Programa cisternas: água para consumo,2020,,Presente,None,Dado indisponível,#DCDCDC,2177,Pilar do Sul/SP,
Recursos hídricos,37,Programa cisternas: água para consumo,2020,,Presente,None,Dado indisponível,#DCDCDC,5536,Pimenta Bueno/RO,
Recursos hídricos,37,Programa cisternas: água para consumo,2020,,Presente,None,Dado indisponível,#DCDCDC,1342,Pimenta/MG,
Recursos hídricos,37,Programa cisternas: água para consumo,2020,,Presente,None,Dado indisponível,#DCDCDC,5563,Pimenteiras do Oeste/RO,
Recursos hídricos,37,Programa cisternas: água para consumo,2020,,Presente,None,Dado indisponível,#DCDCDC,2178,Pindamonhangaba/SP,
Recursos hídricos,37,Programa cisternas: água para consumo,2020,,Presente,None,Dado indisponível,#DCDCDC,3329,Pindaré-Mirim/MA,
Recursos hídricos,37,Programa cisternas: água para consumo,2020,,Presente,None,Dado indisponível,#DCDCDC,4462,Pindoba/AL,
Recursos hídricos,37,Programa cisternas: água para consumo,2020,,Presente,None,Dado indisponível,#DCDCDC,3145,Pindorama do Tocantins/TO,
Recursos hídricos,37,Programa cisternas: água para consumo,2020,,Presente,None,Dado indisponível,#DCDCDC,2179,Pindorama/SP,
Recursos hídricos,37,Programa cisternas: água para consumo,2020,,Presente,None,Dado indisponível,#DCDCDC,1343,Pingo d'Água/MG,
Recursos hídricos,37,Programa cisternas: água para consumo,2020,,Presente,None,Dado indisponível,#DCDCDC,5383,Pinhais/PR,
Recursos hídricos,37,Programa cisternas: água para consumo,2020,,Presente,None,Dado indisponível,#DCDCDC,5384,Pinhalão/PR,
Recursos hídricos,37,Programa cisternas: água para consumo,2020,,Presente,None,Dado indisponível,#DCDCDC,2615,Pinhal da Serra/RS,
Recursos hídricos,37,Programa cisternas: água para consumo,2020,,Presente,None,Dado indisponível,#DCDCDC,5234,Pinhal de São Bento/PR,
Recursos hídricos,37,Programa cisternas: água para consumo,2020,,Presente,None,Dado indisponível,#DCDCDC,372,Pinhal Grande/RS,
Recursos hídricos,37,Programa cisternas: água para consumo,2020,,Presente,None,Dado indisponível,#DCDCDC,371,Pinhal/RS,
Recursos hídricos,37,Programa cisternas: água para consumo,2020,,Presente,None,Dado indisponível,#DCDCDC,93,Pinhalzinho/SC,
Recursos hídricos,37,Programa cisternas: água para consumo,2020,,Presente,None,Dado indisponível,#DCDCDC,2180,Pinhalzinho/SP,
Recursos hídricos,37,Programa cisternas: água para consumo,2020,,Presente,None,Dado indisponível,#DCDCDC,5451,Pinhão/PR,
Recursos hídricos,37,Programa cisternas: água para consumo,2020,,Presente,None,Dado indisponível,#DCDCDC,1739,Pinheiral/RJ,
Recursos hídricos,37,Programa cisternas: água para consumo,2020,,Presente,None,Dado indisponível,#DCDCDC,373,Pinheirinho do Vale/RS,
Recursos hídricos,37,Programa cisternas: água para consumo,2020,,Presente,None,Dado indisponível,#DCDCDC,3330,Pinheiro/MA,
Recursos hídricos,37,Programa cisternas: água para consumo,2020,,Presente,None,Dado indisponível,#DCDCDC,374,Pinheiro Machado/RS,
Recursos hídricos,37,Programa cisternas: água para consumo,2020,,Presente,None,Dado indisponível,#DCDCDC,2500,Pinheiro Preto/SC,
Recursos hídricos,37,Programa cisternas: água para consumo,2020,,Presente,None,Dado indisponível,#DCDCDC,4940,Pinto Bandeira/RS,
Recursos hídricos,37,Programa cisternas: água para consumo,2020,,Presente,None,Dado indisponível,#DCDCDC,3331,Pio XII/MA,
Recursos hídricos,37,Programa cisternas: água para consumo,2020,,Presente,None,Dado indisponível,#DCDCDC,14,Piquerobi/SP,
Recursos hídricos,37,Programa cisternas: água para consumo,2020,,Presente,None,Dado indisponível,#DCDCDC,2181,Piquete/SP,
Recursos hídricos,37,Programa cisternas: água para consumo,2020,,Presente,None,Dado indisponível,#DCDCDC,2182,Piracaia/SP,
Recursos hídricos,37,Programa cisternas: água para consumo,2020,,Presente,None,Dado indisponível,#DCDCDC,2773,Piracanjuba/GO,
Recursos hídricos,37,Programa cisternas: água para consumo,2020,,Presente,None,Dado indisponível,#DCDCDC,1345,Piracema/MG,
Recursos hídricos,37,Programa cisternas: água para consumo,2020,,Presente,None,Dado indisponível,#DCDCDC,2183,Piracicaba/SP,
Recursos hídricos,37,Programa cisternas: água para consumo,2020,,Presente,None,Dado indisponível,#DCDCDC,4778,Piraí do Norte/BA,
Recursos hídricos,37,Programa cisternas: água para consumo,2020,,Presente,None,Dado indisponível,#DCDCDC,5385,Piraí do Sul/PR,
Recursos hídricos,37,Programa cisternas: água para consumo,2020,,Presente,None,Dado indisponível,#DCDCDC,1740,Piraí/RJ,
Recursos hídricos,37,Programa cisternas: água para consumo,2020,,Presente,None,Dado indisponível,#DCDCDC,1346,Pirajuba/MG,
Recursos hídricos,37,Programa cisternas: água para consumo,2020,,Presente,None,Dado indisponível,#DCDCDC,2185,Pirajuí/SP,
Recursos hídricos,37,Programa cisternas: água para consumo,2020,,Presente,None,Dado indisponível,#DCDCDC,2184,Piraju/SP,
Recursos hídricos,37,Programa cisternas: água para consumo,2020,,Presente,None,Dado indisponível,#DCDCDC,4540,Pirambu/SE,
Recursos hídricos,37,Programa cisternas: água para consumo,2020,,Presente,None,Dado indisponível,#DCDCDC,1347,Piranga/MG,
Recursos hídricos,37,Programa cisternas: água para consumo,2020,,Presente,None,Dado indisponível,#DCDCDC,2186,Pirangi/SP,
Recursos hídricos,37,Programa cisternas: água para consumo,2020,,Presente,None,Dado indisponível,#DCDCDC,1348,Piranguçu/MG,
Recursos hídricos,37,Programa cisternas: água para consumo,2020,,Presente,None,Dado indisponível,#DCDCDC,1349,Piranguinho/MG,
Recursos hídricos,37,Programa cisternas: água para consumo,2020,,Presente,None,Dado indisponível,#DCDCDC,666,Piranhas/GO,
Recursos hídricos,37,Programa cisternas: água para consumo,2020,,Presente,None,Dado indisponível,#DCDCDC,3332,Pirapemas/MA,
Recursos hídricos,37,Programa cisternas: água para consumo,2020,,Presente,None,Dado indisponível,#DCDCDC,1350,Pirapetinga/MG,
Recursos hídricos,37,Programa cisternas: água para consumo,2020,,Presente,None,Dado indisponível,#DCDCDC,2187,Pirapora do Bom Jesus/SP,
Recursos hídricos,37,Programa cisternas: água para consumo,2020,,Presente,None,Dado indisponível,#DCDCDC,375,Pirapó/RS,
Recursos hídricos,37,Programa cisternas: água para consumo,2020,,Presente,None,Dado indisponível,#DCDCDC,4907,Pirapozinho/SP,
Recursos hídricos,37,Programa cisternas: água para consumo,2020,,Presente,None,Dado indisponível,#DCDCDC,5386,Piraquara/PR,
Recursos hídricos,37,Programa cisternas: água para consumo,2020,,Presente,None,Dado indisponível,#DCDCDC,3146,Piraquê/TO,
Recursos hídricos,37,Programa cisternas: água para consumo,2020,,Presente,None,Dado indisponível,#DCDCDC,2188,Pirassununga/SP,
Recursos hídricos,37,Programa cisternas: água para consumo,2020,,Presente,None,Dado indisponível,#DCDCDC,2189,Piratininga/SP,
Recursos hídricos,37,Programa cisternas: água para consumo,2020,,Presente,None,Dado indisponível,#DCDCDC,376,Piratini/RS,
Recursos hídricos,37,Programa cisternas: água para consumo,2020,,Presente,None,Dado indisponível,#DCDCDC,94,Piratuba/SC,
Recursos hídricos,37,Programa cisternas: água para consumo,2020,,Presente,None,Dado indisponível,#DCDCDC,1352,Piraúba/MG,
Recursos hídricos,37,Programa cisternas: água para consumo,2020,,Presente,None,Dado indisponível,#DCDCDC,2774,Pirenópolis/GO,
Recursos hídricos,37,Programa cisternas: água para consumo,2020,,Presente,None,Dado indisponível,#DCDCDC,2775,Pires do Rio/GO,
Recursos hídricos,37,Programa cisternas: água para consumo,2020,,Presente,None,Dado indisponível,#DCDCDC,5235,Pitanga/PR,
Recursos hídricos,37,Programa cisternas: água para consumo,2020,,Presente,None,Dado indisponível,#DCDCDC,5236,Pitangueiras/PR,
Recursos hídricos,37,Programa cisternas: água para consumo,2020,,Presente,None,Dado indisponível,#DCDCDC,2190,Pitangueiras/SP,
Recursos hídricos,37,Programa cisternas: água para consumo,2020,,Presente,None,Dado indisponível,#DCDCDC,1353,Pitangui/MG,
Recursos hídricos,37,Programa cisternas: água para consumo,2020,,Presente,None,Dado indisponível,#DCDCDC,4125,Pitimbu/PB,
Recursos hídricos,37,Programa cisternas: água para consumo,2020,,Presente,None,Dado indisponível,#DCDCDC,1662,Piúma/ES,
Recursos hídricos,37,Programa cisternas: água para consumo,2020,,Presente,None,Dado indisponível,#DCDCDC,1354,Piumhi/MG,
Recursos hídricos,37,Programa cisternas: água para consumo,2020,,Presente,None,Dado indisponível,#DCDCDC,3147,Pium/TO,
Recursos hídricos,37,Programa cisternas: água para consumo,2020,,Presente,None,Dado indisponível,#DCDCDC,2833,Plácido de Castro/AC,
Recursos hídricos,37,Programa cisternas: água para consumo,2020,,Presente,None,Dado indisponível,#DCDCDC,5237,Planaltina do Paraná/PR,
Recursos hídricos,37,Programa cisternas: água para consumo,2020,,Presente,None,Dado indisponível,#DCDCDC,2776,Planaltina/GO,
Recursos hídricos,37,Programa cisternas: água para consumo,2020,,Presente,None,Dado indisponível,#DCDCDC,634,Planalto da Serra/MT,
Recursos hídricos,37,Programa cisternas: água para consumo,2020,,Presente,None,Dado indisponível,#DCDCDC,5238,Planalto/PR,
Recursos hídricos,37,Programa cisternas: água para consumo,2020,,Presente,None,Dado indisponível,#DCDCDC,377,Planalto/RS,
Recursos hídricos,37,Programa cisternas: água para consumo,2020,,Presente,None,Dado indisponível,#DCDCDC,2191,Planalto/SP,
Recursos hídricos,37,Programa cisternas: água para consumo,2020,,Presente,None,Dado indisponível,#DCDCDC,1355,Planura/MG,
Recursos hídricos,37,Programa cisternas: água para consumo,2020,,Presente,None,Dado indisponível,#DCDCDC,2192,Platina/SP,
Recursos hídricos,37,Programa cisternas: água para consumo,2020,,Presente,None,Dado indisponível,#DCDCDC,2193,Poá/SP,
Recursos hídricos,37,Programa cisternas: água para consumo,2020,,Presente,None,Dado indisponível,#DCDCDC,378,Poço das Antas/RS,
Recursos hídricos,37,Programa cisternas: água para consumo,2020,,Presente,None,Dado indisponível,#DCDCDC,1356,Poço Fundo/MG,
Recursos hídricos,37,Programa cisternas: água para consumo,2020,,Presente,None,Dado indisponível,#DCDCDC,635,Poconé/MT,
Recursos hídricos,37,Programa cisternas: água para consumo,2020,,Presente,None,Dado indisponível,#DCDCDC,1357,Poços de Caldas/MG,
Recursos hídricos,37,Programa cisternas: água para consumo,2020,,Presente,None,Dado indisponível,#DCDCDC,1358,Pocrane/MG,
Recursos hídricos,37,Programa cisternas: água para consumo,2020,,Presente,None,Dado indisponível,#DCDCDC,4781,Pojuca/BA,
Recursos hídricos,37,Programa cisternas: água para consumo,2020,,Presente,None,Dado indisponível,#DCDCDC,2194,Poloni/SP,
Recursos hídricos,37,Programa cisternas: água para consumo,2020,,Presente,None,Dado indisponível,#DCDCDC,2501,Pomerode/SC,
Recursos hídricos,37,Programa cisternas: água para consumo,2020,,Presente,None,Dado indisponível,#DCDCDC,2195,Pompéia/SP,
Recursos hídricos,37,Programa cisternas: água para consumo,2020,,Presente,None,Dado indisponível,#DCDCDC,1359,Pompéu/MG,
Recursos hídricos,37,Programa cisternas: água para consumo,2020,,Presente,None,Dado indisponível,#DCDCDC,2196,Pongaí/SP,
Recursos hídricos,37,Programa cisternas: água para consumo,2020,,Presente,None,Dado indisponível,#DCDCDC,3008,Ponta de Pedras/PA,
Recursos hídricos,37,Programa cisternas: água para consumo,2020,,Presente,None,Dado indisponível,#DCDCDC,5387,Ponta Grossa/PR,
Recursos hídricos,37,Programa cisternas: água para consumo,2020,,Presente,None,Dado indisponível,#DCDCDC,636,Pontal do Araguaia/MT,
Recursos hídricos,37,Programa cisternas: água para consumo,2020,,Presente,None,Dado indisponível,#DCDCDC,5388,Pontal do Paraná/PR,
Recursos hídricos,37,Programa cisternas: água para consumo,2020,,Presente,None,Dado indisponível,#DCDCDC,2777,Pontalina/GO,
Recursos hídricos,37,Programa cisternas: água para consumo,2020,,Presente,None,Dado indisponível,#DCDCDC,2198,Pontalinda/SP,
Recursos hídricos,37,Programa cisternas: água para consumo,2020,,Presente,None,Dado indisponível,#DCDCDC,2197,Pontal/SP,
Recursos hídricos,37,Programa cisternas: água para consumo,2020,,Presente,None,Dado indisponível,#DCDCDC,379,Pontão/RS,
Recursos hídricos,37,Programa cisternas: água para consumo,2020,,Presente,None,Dado indisponível,#DCDCDC,581,Ponta Porã/MS,
Recursos hídricos,37,Programa cisternas: água para consumo,2020,,Presente,None,Dado indisponível,#DCDCDC,3148,Ponte Alta do Bom Jesus/TO,
Recursos hídricos,37,Programa cisternas: água para consumo,2020,,Presente,None,Dado indisponível,#DCDCDC,2503,Ponte Alta do Norte/SC,
Recursos hídricos,37,Programa cisternas: água para consumo,2020,,Presente,None,Dado indisponível,#DCDCDC,3149,Ponte Alta do Tocantins/TO,
Recursos hídricos,37,Programa cisternas: água para consumo,2020,,Presente,None,Dado indisponível,#DCDCDC,2502,Ponte Alta/SC,
Recursos hídricos,37,Programa cisternas: água para consumo,2020,,Presente,None,Dado indisponível,#DCDCDC,637,Ponte Branca/MT,
Recursos hídricos,37,Programa cisternas: água para consumo,2020,,Presente,None,Dado indisponível,#DCDCDC,1360,Ponte Nova/MG,
Recursos hídricos,37,Programa cisternas: água para consumo,2020,,Presente,None,Dado indisponível,#DCDCDC,380,Ponte Preta/RS,
Recursos hídricos,37,Programa cisternas: água para consumo,2020,,Presente,None,Dado indisponível,#DCDCDC,638,Pontes e Lacerda/MT,
Recursos hídricos,37,Programa cisternas: água para consumo,2020,,Presente,None,Dado indisponível,#DCDCDC,2199,Pontes Gestal/SP,
Recursos hídricos,37,Programa cisternas: água para consumo,2020,,Presente,None,Dado indisponível,#DCDCDC,2200,Populina/SP,
Recursos hídricos,37,Programa cisternas: água para consumo,2020,,Presente,None,Dado indisponível,#DCDCDC,2201,Porangaba/SP,
Recursos hídricos,37,Programa cisternas: água para consumo,2020,,Presente,None,Dado indisponível,#DCDCDC,4889,Porangatu/GO,
Recursos hídricos,37,Programa cisternas: água para consumo,2020,,Presente,None,Dado indisponível,#DCDCDC,1741,Porciúncula/RJ,
Recursos hídricos,37,Programa cisternas: água para consumo,2020,,Presente,None,Dado indisponível,#DCDCDC,5452,Porecatu/PR,
Recursos hídricos,37,Programa cisternas: água para consumo,2020,,Presente,None,Dado indisponível,#DCDCDC,2616,Portão/RS,
Recursos hídricos,37,Programa cisternas: água para consumo,2020,,Presente,None,Dado indisponível,#DCDCDC,2778,Porteirão/GO,
Recursos hídricos,37,Programa cisternas: água para consumo,2020,,Presente,None,Dado indisponível,#DCDCDC,667,Portelândia/GO,
Recursos hídricos,37,Programa cisternas: água para consumo,2020,,Presente,None,Dado indisponível,#DCDCDC,5035,Portel/PA,
Recursos hídricos,37,Programa cisternas: água para consumo,2020,,Presente,None,Dado indisponível,#DCDCDC,2842,Porto Acre/AC,
Recursos hídricos,37,Programa cisternas: água para consumo,2020,,Presente,None,Dado indisponível,#DCDCDC,5055,Porto Alegre do Norte/MT,
Recursos hídricos,37,Programa cisternas: água para consumo,2020,,Presente,None,Dado indisponível,#DCDCDC,3569,Porto Alegre do Piauí/PI,
Recursos hídricos,37,Programa cisternas: água para consumo,2020,,Presente,None,Dado indisponível,#DCDCDC,3150,Porto Alegre do Tocantins/TO,
Recursos hídricos,37,Programa cisternas: água para consumo,2020,,Presente,None,Dado indisponível,#DCDCDC,2617,Porto Alegre/RS,
Recursos hídricos,37,Programa cisternas: água para consumo,2020,,Presente,None,Dado indisponível,#DCDCDC,5389,Porto Amazonas/PR,
Recursos hídricos,37,Programa cisternas: água para consumo,2020,,Presente,None,Dado indisponível,#DCDCDC,5239,Porto Barreiro/PR,
Recursos hídricos,37,Programa cisternas: água para consumo,2020,,Presente,None,Dado indisponível,#DCDCDC,2504,Porto Belo/SC,
Recursos hídricos,37,Programa cisternas: água para consumo,2020,,Presente,None,Dado indisponível,#DCDCDC,4465,Porto Calvo/AL,
Recursos hídricos,37,Programa cisternas: água para consumo,2020,,Presente,None,Dado indisponível,#DCDCDC,2876,Porto de Moz/PA,
Recursos hídricos,37,Programa cisternas: água para consumo,2020,,Presente,None,Dado indisponível,#DCDCDC,4466,Porto de Pedras/AL,
Recursos hídricos,37,Programa cisternas: água para consumo,2020,,Presente,None,Dado indisponível,#DCDCDC,2920,Porto dos Gaúchos/MT,
Recursos hídricos,37,Programa cisternas: água para consumo,2020,,Presente,None,Dado indisponível,#DCDCDC,639,Porto Esperidião/MT,
Recursos hídricos,37,Programa cisternas: água para consumo,2020,,Presente,None,Dado indisponível,#DCDCDC,640,Porto Estrela/MT,
Recursos hídricos,37,Programa cisternas: água para consumo,2020,,Presente,None,Dado indisponível,#DCDCDC,2202,Porto Feliz/SP,
Recursos hídricos,37,Programa cisternas: água para consumo,2020,,Presente,None,Dado indisponível,#DCDCDC,2203,Porto Ferreira/SP,
Recursos hídricos,37,Programa cisternas: água para consumo,2020,,Presente,None,Dado indisponível,#DCDCDC,1364,Porto Firme/MG,
Recursos hídricos,37,Programa cisternas: água para consumo,2020,,Presente,None,Dado indisponível,#DCDCDC,3334,Porto Franco/MA,
Recursos hídricos,37,Programa cisternas: água para consumo,2020,,Presente,None,Dado indisponível,#DCDCDC,5045,Porto Grande/AP,
Recursos hídricos,37,Programa cisternas: água para consumo,2020,,Presente,None,Dado indisponível,#DCDCDC,381,Porto Lucena/RS,
Recursos hídricos,37,Programa cisternas: água para consumo,2020,,Presente,None,Dado indisponível,#DCDCDC,382,Porto Mauá/RS,
Recursos hídricos,37,Programa cisternas: água para consumo,2020,,Presente,None,Dado indisponível,#DCDCDC,582,Porto Murtinho/MS,
Recursos hídricos,37,Programa cisternas: água para consumo,2020,,Presente,None,Dado indisponível,#DCDCDC,3151,Porto Nacional/TO,
Recursos hídricos,37,Programa cisternas: água para consumo,2020,,Presente,None,Dado indisponível,#DCDCDC,1742,Porto Real/RJ,
Recursos hídricos,37,Programa cisternas: água para consumo,2020,,Presente,None,Dado indisponível,#DCDCDC,3335,Porto Rico do Maranhão/MA,
Recursos hídricos,37,Programa cisternas: água para consumo,2020,,Presente,None,Dado indisponível,#DCDCDC,5240,Porto Rico/PR,
Recursos hídricos,37,Programa cisternas: água para consumo,2020,,Presente,None,Dado indisponível,#DCDCDC,737,Porto Seguro/BA,
Recursos hídricos,37,Programa cisternas: água para consumo,2020,,Presente,None,Dado indisponível,#DCDCDC,2505,Porto União/SC,
Recursos hídricos,37,Programa cisternas: água para consumo,2020,,Presente,None,Dado indisponível,#DCDCDC,5537,Porto Velho/RO,
Recursos hídricos,37,Programa cisternas: água para consumo,2020,,Presente,None,Dado indisponível,#DCDCDC,383,Porto Vera Cruz/RS,
Recursos hídricos,37,Programa cisternas: água para consumo,2020,,Presente,None,Dado indisponível,#DCDCDC,5390,Porto Vitória/PR,
Recursos hídricos,37,Programa cisternas: água para consumo,2020,,Presente,None,Dado indisponível,#DCDCDC,2834,Porto Walter/AC,
Recursos hídricos,37,Programa cisternas: água para consumo,2020,,Presente,None,Dado indisponível,#DCDCDC,384,Porto Xavier/RS,
Recursos hídricos,37,Programa cisternas: água para consumo,2020,,Presente,None,Dado indisponível,#DCDCDC,5024,Posse/GO,
Recursos hídricos,37,Programa cisternas: água para consumo,2020,,Presente,None,Dado indisponível,#DCDCDC,2204,Potim/SP,
Recursos hídricos,37,Programa cisternas: água para consumo,2020,,Presente,None,Dado indisponível,#DCDCDC,2205,Potirendaba/SP,
Recursos hídricos,37,Programa cisternas: água para consumo,2020,,Presente,None,Dado indisponível,#DCDCDC,1366,Pouso Alegre/MG,
Recursos hídricos,37,Programa cisternas: água para consumo,2020,,Presente,None,Dado indisponível,#DCDCDC,1367,Pouso Alto/MG,
Recursos hídricos,37,Programa cisternas: água para consumo,2020,,Presente,None,Dado indisponível,#DCDCDC,385,Pouso Novo/RS,
Recursos hídricos,37,Programa cisternas: água para consumo,2020,,Presente,None,Dado indisponível,#DCDCDC,2506,Pouso Redondo/SC,
Recursos hídricos,37,Programa cisternas: água para consumo,2020,,Presente,None,Dado indisponível,#DCDCDC,641,Poxoréu/MT,
Recursos hídricos,37,Programa cisternas: água para consumo,2020,,Presente,None,Dado indisponível,#DCDCDC,2206,Pracinha/SP,
Recursos hídricos,37,Programa cisternas: água para consumo,2020,,Presente,None,Dado indisponível,#DCDCDC,5046,Pracuúba/AP,
Recursos hídricos,37,Programa cisternas: água para consumo,2020,,Presente,None,Dado indisponível,#DCDCDC,739,Prado/BA,
Recursos hídricos,37,Programa cisternas: água para consumo,2020,,Presente,None,Dado indisponível,#DCDCDC,5453,Prado Ferreira/PR,
Recursos hídricos,37,Programa cisternas: água para consumo,2020,,Presente,None,Dado indisponível,#DCDCDC,2207,Pradópolis/SP,
Recursos hídricos,37,Programa cisternas: água para consumo,2020,,Presente,None,Dado indisponível,#DCDCDC,1368,Prados/MG,
Recursos hídricos,37,Programa cisternas: água para consumo,2020,,Presente,None,Dado indisponível,#DCDCDC,2507,Praia Grande/SC,
Recursos hídricos,37,Programa cisternas: água para consumo,2020,,Presente,None,Dado indisponível,#DCDCDC,2208,Praia Grande/SP,
Recursos hídricos,37,Programa cisternas: água para consumo,2020,,Presente,None,Dado indisponível,#DCDCDC,3152,Praia Norte/TO,
Recursos hídricos,37,Programa cisternas: água para consumo,2020,,Presente,None,Dado indisponível,#DCDCDC,2877,Prainha/PA,
Recursos hídricos,37,Programa cisternas: água para consumo,2020,,Presente,None,Dado indisponível,#DCDCDC,5241,Pranchita/PR,
Recursos hídricos,37,Programa cisternas: água para consumo,2020,,Presente,None,Dado indisponível,#DCDCDC,1369,Prata/MG,
Recursos hídricos,37,Programa cisternas: água para consumo,2020,,Presente,None,Dado indisponível,#DCDCDC,2209,Pratânia/SP,
Recursos hídricos,37,Programa cisternas: água para consumo,2020,,Presente,None,Dado indisponível,#DCDCDC,1370,Pratápolis/MG,
Recursos hídricos,37,Programa cisternas: água para consumo,2020,,Presente,None,Dado indisponível,#DCDCDC,1371,Pratinha/MG,
Recursos hídricos,37,Programa cisternas: água para consumo,2020,,Presente,None,Dado indisponível,#DCDCDC,2210,Presidente Alves/SP,
Recursos hídricos,37,Programa cisternas: água para consumo,2020,,Presente,None,Dado indisponível,#DCDCDC,1372,Presidente Bernardes/MG,
Recursos hídricos,37,Programa cisternas: água para consumo,2020,,Presente,None,Dado indisponível,#DCDCDC,15,Presidente Bernardes/SP,
Recursos hídricos,37,Programa cisternas: água para consumo,2020,,Presente,None,Dado indisponível,#DCDCDC,97,Presidente Castello Branco/SC,
Recursos hídricos,37,Programa cisternas: água para consumo,2020,,Presente,None,Dado indisponível,#DCDCDC,5242,Presidente Castelo Branco/PR,
Recursos hídricos,37,Programa cisternas: água para consumo,2020,,Presente,None,Dado indisponível,#DCDCDC,3336,Presidente Dutra/MA,
Recursos hídricos,37,Programa cisternas: água para consumo,2020,,Presente,None,Dado indisponível,#DCDCDC,16,Presidente Epitácio/SP,
Recursos hídricos,37,Programa cisternas: água para consumo,2020,,Presente,None,Dado indisponível,#DCDCDC,5506,Presidente Figueiredo/AM,
Recursos hídricos,37,Programa cisternas: água para consumo,2020,,Presente,None,Dado indisponível,#DCDCDC,2508,Presidente Getúlio/SC,
Recursos hídricos,37,Programa cisternas: água para consumo,2020,,Presente,None,Dado indisponível,#DCDCDC,3337,Presidente Juscelino/MA,
Recursos hídricos,37,Programa cisternas: água para consumo,2020,,Presente,None,Dado indisponível,#DCDCDC,1373,Presidente Juscelino/MG,
Recursos hídricos,37,Programa cisternas: água para consumo,2020,,Presente,None,Dado indisponível,#DCDCDC,1664,Presidente Kennedy/ES,
Recursos hídricos,37,Programa cisternas: água para consumo,2020,,Presente,None,Dado indisponível,#DCDCDC,3153,Presidente Kennedy/TO,
Recursos hídricos,37,Programa cisternas: água para consumo,2020,,Presente,None,Dado indisponível,#DCDCDC,1374,Presidente Kubitschek/MG,
Recursos hídricos,37,Programa cisternas: água para consumo,2020,,Presente,None,Dado indisponível,#DCDCDC,2618,Presidente Lucena/RS,
Recursos hídricos,37,Programa cisternas: água para consumo,2020,,Presente,None,Dado indisponível,#DCDCDC,3338,Presidente Médici/MA,
Recursos hídricos,37,Programa cisternas: água para consumo,2020,,Presente,None,Dado indisponível,#DCDCDC,5538,Presidente Médici/RO,
Recursos hídricos,37,Programa cisternas: água para consumo,2020,,Presente,None,Dado indisponível,#DCDCDC,2509,Presidente Nereu/SC,
Recursos hídricos,37,Programa cisternas: água para consumo,2020,,Presente,None,Dado indisponível,#DCDCDC,1375,Presidente Olegário/MG,
Recursos hídricos,37,Programa cisternas: água para consumo,2020,,Presente,None,Dado indisponível,#DCDCDC,4908,Presidente Prudente/SP,
Recursos hídricos,37,Programa cisternas: água para consumo,2020,,Presente,None,Dado indisponível,#DCDCDC,3339,Presidente Sarney/MA,
Recursos hídricos,37,Programa cisternas: água para consumo,2020,,Presente,None,Dado indisponível,#DCDCDC,4784,Presidente Tancredo Neves/BA,
Recursos hídricos,37,Programa cisternas: água para consumo,2020,,Presente,None,Dado indisponível,#DCDCDC,17,Presidente Venceslau/SP,
Recursos hídricos,37,Programa cisternas: água para consumo,2020,,Presente,None,Dado indisponível,#DCDCDC,5564,Primavera de Rondônia/RO,
Recursos hídricos,37,Programa cisternas: água para consumo,2020,,Presente,None,Dado indisponível,#DCDCDC,642,Primavera do Leste/MT,
Recursos hídricos,37,Programa cisternas: água para consumo,2020,,Presente,None,Dado indisponível,#DCDCDC,3009,Primavera/PA,
Recursos hídricos,37,Programa cisternas: água para consumo,2020,,Presente,None,Dado indisponível,#DCDCDC,4330,Primavera/PE,
Recursos hídricos,37,Programa cisternas: água para consumo,2020,,Presente,None,Dado indisponível,#DCDCDC,3341,Primeira Cruz/MA,
Recursos hídricos,37,Programa cisternas: água para consumo,2020,,Presente,None,Dado indisponível,#DCDCDC,5391,Primeiro de Maio/PR,
Recursos hídricos,37,Programa cisternas: água para consumo,2020,,Presente,None,Dado indisponível,#DCDCDC,98,Princesa/SC,
Recursos hídricos,37,Programa cisternas: água para consumo,2020,,Presente,None,Dado indisponível,#DCDCDC,2779,Professor Jamil/GO,
Recursos hídricos,37,Programa cisternas: água para consumo,2020,,Presente,None,Dado indisponível,#DCDCDC,386,Progresso/RS,
Recursos hídricos,37,Programa cisternas: água para consumo,2020,,Presente,None,Dado indisponível,#DCDCDC,2211,Promissão/SP,
Recursos hídricos,37,Programa cisternas: água para consumo,2020,,Presente,None,Dado indisponível,#DCDCDC,387,Protásio Alves/RS,
Recursos hídricos,37,Programa cisternas: água para consumo,2020,,Presente,None,Dado indisponível,#DCDCDC,1377,Prudente de Morais/MG,
Recursos hídricos,37,Programa cisternas: água para consumo,2020,,Presente,None,Dado indisponível,#DCDCDC,5392,Prudentópolis/PR,
Recursos hídricos,37,Programa cisternas: água para consumo,2020,,Presente,None,Dado indisponível,#DCDCDC,3154,Pugmil/TO,
Recursos hídricos,37,Programa cisternas: água para consumo,2020,,Presente,None,Dado indisponível,#DCDCDC,388,Putinga/RS,
Recursos hídricos,37,Programa cisternas: água para consumo,2020,,Presente,None,Dado indisponível,#DCDCDC,2212,Quadra/SP,
Recursos hídricos,37,Programa cisternas: água para consumo,2020,,Presente,None,Dado indisponível,#DCDCDC,389,Quaraí/RS,
Recursos hídricos,37,Programa cisternas: água para consumo,2020,,Presente,None,Dado indisponível,#DCDCDC,1378,Quartel Geral/MG,
Recursos hídricos,37,Programa cisternas: água para consumo,2020,,Presente,None,Dado indisponível,#DCDCDC,5243,Quarto Centenário/PR,
Recursos hídricos,37,Programa cisternas: água para consumo,2020,,Presente,None,Dado indisponível,#DCDCDC,2213,Quatá/SP,
Recursos hídricos,37,Programa cisternas: água para consumo,2020,,Presente,None,Dado indisponível,#DCDCDC,5393,Quatiguá/PR,
Recursos hídricos,37,Programa cisternas: água para consumo,2020,,Presente,None,Dado indisponível,#DCDCDC,3010,Quatipuru/PA,
Recursos hídricos,37,Programa cisternas: água para consumo,2020,,Presente,None,Dado indisponível,#DCDCDC,1743,Quatis/RJ,
Recursos hídricos,37,Programa cisternas: água para consumo,2020,,Presente,None,Dado indisponível,#DCDCDC,5394,Quatro Barras/PR,
Recursos hídricos,37,Programa cisternas: água para consumo,2020,,Presente,None,Dado indisponível,#DCDCDC,390,Quatro Irmãos/RS,
Recursos hídricos,37,Programa cisternas: água para consumo,2020,,Presente,None,Dado indisponível,#DCDCDC,5244,Quatro Pontes/PR,
Recursos hídricos,37,Programa cisternas: água para consumo,2020,,Presente,None,Dado indisponível,#DCDCDC,5245,Quedas do Iguaçu/PR,
Recursos hídricos,37,Programa cisternas: água para consumo,2020,,Presente,None,Dado indisponível,#DCDCDC,1744,Queimados/RJ,
Recursos hídricos,37,Programa cisternas: água para consumo,2020,,Presente,None,Dado indisponível,#DCDCDC,2214,Queiroz/SP,
Recursos hídricos,37,Programa cisternas: água para consumo,2020,,Presente,None,Dado indisponível,#DCDCDC,1379,Queluzito/MG,
Recursos hídricos,37,Programa cisternas: água para consumo,2020,,Presente,None,Dado indisponível,#DCDCDC,2215,Queluz/SP,
Recursos hídricos,37,Programa cisternas: água para consumo,2020,,Presente,None,Dado indisponível,#DCDCDC,5246,Querência do Norte/PR,
Recursos hídricos,37,Programa cisternas: água para consumo,2020,,Presente,None,Dado indisponível,#DCDCDC,2921,Querência/MT,
Recursos hídricos,37,Programa cisternas: água para consumo,2020,,Presente,None,Dado indisponível,#DCDCDC,391,Quevedos/RS,
Recursos hídricos,37,Programa cisternas: água para consumo,2020,,Presente,None,Dado indisponível,#DCDCDC,99,Quilombo/SC,
Recursos hídricos,37,Programa cisternas: água para consumo,2020,,Presente,None,Dado indisponível,#DCDCDC,5247,Quinta do Sol/PR,
Recursos hídricos,37,Programa cisternas: água para consumo,2020,,Presente,None,Dado indisponível,#DCDCDC,2216,Quintana/SP,
Recursos hídricos,37,Programa cisternas: água para consumo,2020,,Presente,None,Dado indisponível,#DCDCDC,392,Quinze de Novembro/RS,
Recursos hídricos,37,Programa cisternas: água para consumo,2020,,Presente,None,Dado indisponível,#DCDCDC,4331,Quipapá/PE,
Recursos hídricos,37,Programa cisternas: água para consumo,2020,,Presente,None,Dado indisponível,#DCDCDC,2780,Quirinópolis/GO,
Recursos hídricos,37,Programa cisternas: água para consumo,2020,,Presente,None,Dado indisponível,#DCDCDC,1745,Quissamã/RJ,
Recursos hídricos,37,Programa cisternas: água para consumo,2020,,Presente,None,Dado indisponível,#DCDCDC,5395,Quitandinha/PR,
Recursos hídricos,37,Programa cisternas: água para consumo,2020,,Presente,None,Dado indisponível,#DCDCDC,2217,Rafard/SP,
Recursos hídricos,37,Programa cisternas: água para consumo,2020,,Presente,None,Dado indisponível,#DCDCDC,5248,Ramilândia/PR,
Recursos hídricos,37,Programa cisternas: água para consumo,2020,,Presente,None,Dado indisponível,#DCDCDC,2218,Rancharia/SP,
Recursos hídricos,37,Programa cisternas: água para consumo,2020,,Presente,None,Dado indisponível,#DCDCDC,5249,Rancho Alegre D'Oeste/PR,
Recursos hídricos,37,Programa cisternas: água para consumo,2020,,Presente,None,Dado indisponível,#DCDCDC,5396,Rancho Alegre/PR,
Recursos hídricos,37,Programa cisternas: água para consumo,2020,,Presente,None,Dado indisponível,#DCDCDC,2510,Rancho Queimado/SC,
Recursos hídricos,37,Programa cisternas: água para consumo,2020,,Presente,None,Dado indisponível,#DCDCDC,3342,Raposa/MA,
Recursos hídricos,37,Programa cisternas: água para consumo,2020,,Presente,None,Dado indisponível,#DCDCDC,1380,Raposos/MG,
Recursos hídricos,37,Programa cisternas: água para consumo,2020,,Presente,None,Dado indisponível,#DCDCDC,1381,Raul Soares/MG,
Recursos hídricos,37,Programa cisternas: água para consumo,2020,,Presente,None,Dado indisponível,#DCDCDC,5250,Realeza/PR,
Recursos hídricos,37,Programa cisternas: água para consumo,2020,,Presente,None,Dado indisponível,#DCDCDC,5397,Rebouças/PR,
Recursos hídricos,37,Programa cisternas: água para consumo,2020,,Presente,None,Dado indisponível,#DCDCDC,4333,Recife/PE,
Recursos hídricos,37,Programa cisternas: água para consumo,2020,,Presente,None,Dado indisponível,#DCDCDC,1382,Recreio/MG,
Recursos hídricos,37,Programa cisternas: água para consumo,2020,,Presente,None,Dado indisponível,#DCDCDC,3155,Recursolândia/TO,
Recursos hídricos,37,Programa cisternas: água para consumo,2020,,Presente,None,Dado indisponível,#DCDCDC,2219,Redenção da Serra/SP,
Recursos hídricos,37,Programa cisternas: água para consumo,2020,,Presente,None,Dado indisponível,#DCDCDC,3011,Redenção/PA,
Recursos hídricos,37,Programa cisternas: água para consumo,2020,,Presente,None,Dado indisponível,#DCDCDC,393,Redentora/RS,
Recursos hídricos,37,Programa cisternas: água para consumo,2020,,Presente,None,Dado indisponível,#DCDCDC,1383,Reduto/MG,
Recursos hídricos,37,Programa cisternas: água para consumo,2020,,Presente,None,Dado indisponível,#DCDCDC,2220,Regente Feijó/SP,
Recursos hídricos,37,Programa cisternas: água para consumo,2020,,Presente,None,Dado indisponível,#DCDCDC,2221,Reginópolis/SP,
Recursos hídricos,37,Programa cisternas: água para consumo,2020,,Presente,None,Dado indisponível,#DCDCDC,2222,Registro/SP,
Recursos hídricos,37,Programa cisternas: água para consumo,2020,,Presente,None,Dado indisponível,#DCDCDC,394,Relvado/RS,
Recursos hídricos,37,Programa cisternas: água para consumo,2020,,Presente,None,Dado indisponível,#DCDCDC,5251,Renascença/PR,
Recursos hídricos,37,Programa cisternas: água para consumo,2020,,Presente,None,Dado indisponível,#DCDCDC,1384,Resende Costa/MG,
Recursos hídricos,37,Programa cisternas: água para consumo,2020,,Presente,None,Dado indisponível,#DCDCDC,1746,Resende/RJ,
Recursos hídricos,37,Programa cisternas: água para consumo,2020,,Presente,None,Dado indisponível,#DCDCDC,644,Reserva do Cabaçal/MT,
Recursos hídricos,37,Programa cisternas: água para consumo,2020,,Presente,None,Dado indisponível,#DCDCDC,5252,Reserva do Iguaçu/PR,
Recursos hídricos,37,Programa cisternas: água para consumo,2020,,Presente,None,Dado indisponível,#DCDCDC,5398,Reserva/PR,
Recursos hídricos,37,Programa cisternas: água para consumo,2020,,Presente,None,Dado indisponível,#DCDCDC,1386,Ressaquinha/MG,
Recursos hídricos,37,Programa cisternas: água para consumo,2020,,Presente,None,Dado indisponível,#DCDCDC,395,Restinga Sêca/RS,
Recursos hídricos,37,Programa cisternas: água para consumo,2020,,Presente,None,Dado indisponível,#DCDCDC,2223,Restinga/SP,
Recursos hídricos,37,Programa cisternas: água para consumo,2020,,Presente,None,Dado indisponível,#DCDCDC,3343,Riachão/MA,
Recursos hídricos,37,Programa cisternas: água para consumo,2020,,Presente,None,Dado indisponível,#DCDCDC,3156,Riachinho/TO,
Recursos hídricos,37,Programa cisternas: água para consumo,2020,,Presente,None,Dado indisponível,#DCDCDC,4546,Riachuelo/SE,
Recursos hídricos,37,Programa cisternas: água para consumo,2020,,Presente,None,Dado indisponível,#DCDCDC,2781,Rialma/GO,
Recursos hídricos,37,Programa cisternas: água para consumo,2020,,Presente,None,Dado indisponível,#DCDCDC,2782,Rianápolis/GO,
Recursos hídricos,37,Programa cisternas: água para consumo,2020,,Presente,None,Dado indisponível,#DCDCDC,3344,Ribamar Fiquene/MA,
Recursos hídricos,37,Programa cisternas: água para consumo,2020,,Presente,None,Dado indisponível,#DCDCDC,583,Ribas do Rio Pardo/MS,
Recursos hídricos,37,Programa cisternas: água para consumo,2020,,Presente,None,Dado indisponível,#DCDCDC,2225,Ribeirão Bonito/SP,
Recursos hídricos,37,Programa cisternas: água para consumo,2020,,Presente,None,Dado indisponível,#DCDCDC,2226,Ribeirão Branco/SP,
Recursos hídricos,37,Programa cisternas: água para consumo,2020,,Presente,None,Dado indisponível,#DCDCDC,5056,Ribeirão Cascalheira/MT,
Recursos hídricos,37,Programa cisternas: água para consumo,2020,,Presente,None,Dado indisponível,#DCDCDC,5399,Ribeirão Claro/PR,
Recursos hídricos,37,Programa cisternas: água para consumo,2020,,Presente,None,Dado indisponível,#DCDCDC,2227,Ribeirão Corrente/SP,
Recursos hídricos,37,Programa cisternas: água para consumo,2020,,Presente,None,Dado indisponível,#DCDCDC,1389,Ribeirão das Neves/MG,
Recursos hídricos,37,Programa cisternas: água para consumo,2020,,Presente,None,Dado indisponível,#DCDCDC,5400,Ribeirão do Pinhal/PR,
Recursos hídricos,37,Programa cisternas: água para consumo,2020,,Presente,None,Dado indisponível,#DCDCDC,18,Ribeirão dos Índios/SP,
Recursos hídricos,37,Programa cisternas: água para consumo,2020,,Presente,None,Dado indisponível,#DCDCDC,2228,Ribeirão do Sul/SP,
Recursos hídricos,37,Programa cisternas: água para consumo,2020,,Presente,None,Dado indisponível,#DCDCDC,2229,Ribeirão Grande/SP,
Recursos hídricos,37,Programa cisternas: água para consumo,2020,,Presente,None,Dado indisponível,#DCDCDC,4335,Ribeirão/PE,
Recursos hídricos,37,Programa cisternas: água para consumo,2020,,Presente,None,Dado indisponível,#DCDCDC,2230,Ribeirão Pires/SP,
Recursos hídricos,37,Programa cisternas: água para consumo,2020,,Presente,None,Dado indisponível,#DCDCDC,2231,Ribeirão Preto/SP,
Recursos hídricos,37,Programa cisternas: água para consumo,2020,,Presente,None,Dado indisponível,#DCDCDC,1390,Ribeirão Vermelho/MG,
Recursos hídricos,37,Programa cisternas: água para consumo,2020,,Presente,None,Dado indisponível,#DCDCDC,645,Ribeirãozinho/MT,
Recursos hídricos,37,Programa cisternas: água para consumo,2020,,Presente,None,Dado indisponível,#DCDCDC,2224,Ribeira/SP,
Recursos hídricos,37,Programa cisternas: água para consumo,2020,,Presente,None,Dado indisponível,#DCDCDC,3576,Ribeiro Gonçalves/PI,
Recursos hídricos,37,Programa cisternas: água para consumo,2020,,Presente,None,Dado indisponível,#DCDCDC,2233,Rifaina/SP,
Recursos hídricos,37,Programa cisternas: água para consumo,2020,,Presente,None,Dado indisponível,#DCDCDC,2234,Rincão/SP,
Recursos hídricos,37,Programa cisternas: água para consumo,2020,,Presente,None,Dado indisponível,#DCDCDC,2235,Rinópolis/SP,
Recursos hídricos,37,Programa cisternas: água para consumo,2020,,Presente,None,Dado indisponível,#DCDCDC,1391,Rio Acima/MG,
Recursos hídricos,37,Programa cisternas: água para consumo,2020,,Presente,None,Dado indisponível,#DCDCDC,5401,Rio Azul/PR,
Recursos hídricos,37,Programa cisternas: água para consumo,2020,,Presente,None,Dado indisponível,#DCDCDC,1665,Rio Bananal/ES,
Recursos hídricos,37,Programa cisternas: água para consumo,2020,,Presente,None,Dado indisponível,#DCDCDC,5454,Rio Bom/PR,
Recursos hídricos,37,Programa cisternas: água para consumo,2020,,Presente,None,Dado indisponível,#DCDCDC,5253,Rio Bonito do Iguaçu/PR,
Recursos hídricos,37,Programa cisternas: água para consumo,2020,,Presente,None,Dado indisponível,#DCDCDC,1747,Rio Bonito/RJ,
Recursos hídricos,37,Programa cisternas: água para consumo,2020,,Presente,None,Dado indisponível,#DCDCDC,5455,Rio Branco do Ivaí/PR,
Recursos hídricos,37,Programa cisternas: água para consumo,2020,,Presente,None,Dado indisponível,#DCDCDC,5402,Rio Branco do Sul/PR,
Recursos hídricos,37,Programa cisternas: água para consumo,2020,,Presente,None,Dado indisponível,#DCDCDC,646,Rio Branco/MT,
Recursos hídricos,37,Programa cisternas: água para consumo,2020,,Presente,None,Dado indisponível,#DCDCDC,584,Rio Brilhante/MS,
Recursos hídricos,37,Programa cisternas: água para consumo,2020,,Presente,None,Dado indisponível,#DCDCDC,1392,Rio Casca/MG,
Recursos hídricos,37,Programa cisternas: água para consumo,2020,,Presente,None,Dado indisponível,#DCDCDC,1748,Rio Claro/RJ,
Recursos hídricos,37,Programa cisternas: água para consumo,2020,,Presente,None,Dado indisponível,#DCDCDC,2236,Rio Claro/SP,
Recursos hídricos,37,Programa cisternas: água para consumo,2020,,Presente,None,Dado indisponível,#DCDCDC,5539,Rio Crespo/RO,
Recursos hídricos,37,Programa cisternas: água para consumo,2020,,Presente,None,Dado indisponível,#DCDCDC,3157,Rio da Conceição/TO,
Recursos hídricos,37,Programa cisternas: água para consumo,2020,,Presente,None,Dado indisponível,#DCDCDC,2511,Rio das Antas/SC,
Recursos hídricos,37,Programa cisternas: água para consumo,2020,,Presente,None,Dado indisponível,#DCDCDC,1749,Rio das Flores/RJ,
Recursos hídricos,37,Programa cisternas: água para consumo,2020,,Presente,None,Dado indisponível,#DCDCDC,1750,Rio das Ostras/RJ,
Recursos hídricos,37,Programa cisternas: água para consumo,2020,,Presente,None,Dado indisponível,#DCDCDC,2237,Rio das Pedras/SP,
Recursos hídricos,37,Programa cisternas: água para consumo,2020,,Presente,None,Dado indisponível,#DCDCDC,1751,Rio de Janeiro/RJ,
Recursos hídricos,37,Programa cisternas: água para consumo,2020,,Presente,None,Dado indisponível,#DCDCDC,2512,Rio do Campo/SC,
Recursos hídricos,37,Programa cisternas: água para consumo,2020,,Presente,None,Dado indisponível,#DCDCDC,1393,Rio Doce/MG,
Recursos hídricos,37,Programa cisternas: água para consumo,2020,,Presente,None,Dado indisponível,#DCDCDC,3909,Rio do Fogo/RN,
Recursos hídricos,37,Programa cisternas: água para consumo,2020,,Presente,None,Dado indisponível,#DCDCDC,2513,Rio do Oeste/SC,
Recursos hídricos,37,Programa cisternas: água para consumo,2020,,Presente,None,Dado indisponível,#DCDCDC,1394,Rio do Prado/MG,
Recursos hídricos,37,Programa cisternas: água para consumo,2020,,Presente,None,Dado indisponível,#DCDCDC,3158,Rio dos Bois/TO,
Recursos hídricos,37,Programa cisternas: água para consumo,2020,,Presente,None,Dado indisponível,#DCDCDC,2514,Rio dos Cedros/SC,
Recursos hídricos,37,Programa cisternas: água para consumo,2020,,Presente,None,Dado indisponível,#DCDCDC,396,Rio dos Índios/RS,
Recursos hídricos,37,Programa cisternas: água para consumo,2020,,Presente,None,Dado indisponível,#DCDCDC,2515,Rio do Sul/SC,
Recursos hídricos,37,Programa cisternas: água para consumo,2020,,Presente,None,Dado indisponível,#DCDCDC,1395,Rio Espera/MG,
Recursos hídricos,37,Programa cisternas: água para consumo,2020,,Presente,None,Dado indisponível,#DCDCDC,4336,Rio Formoso/PE,
Recursos hídricos,37,Programa cisternas: água para consumo,2020,,Presente,None,Dado indisponível,#DCDCDC,2516,Rio Fortuna/SC,
Recursos hídricos,37,Programa cisternas: água para consumo,2020,,Presente,None,Dado indisponível,#DCDCDC,2238,Rio Grande da Serra/SP,
Recursos hídricos,37,Programa cisternas: água para consumo,2020,,Presente,None,Dado indisponível,#DCDCDC,397,Rio Grande/RS,
Recursos hídricos,37,Programa cisternas: água para consumo,2020,,Presente,None,Dado indisponível,#DCDCDC,2239,Riolândia/SP,
Recursos hídricos,37,Programa cisternas: água para consumo,2020,,Presente,None,Dado indisponível,#DCDCDC,4469,Rio Largo/AL,
Recursos hídricos,37,Programa cisternas: água para consumo,2020,,Presente,None,Dado indisponível,#DCDCDC,1396,Rio Manso/MG,
Recursos hídricos,37,Programa cisternas: água para consumo,2020,,Presente,None,Dado indisponível,#DCDCDC,3012,Rio Maria/PA,
Recursos hídricos,37,Programa cisternas: água para consumo,2020,,Presente,None,Dado indisponível,#DCDCDC,2517,Rio Negrinho/SC,
Recursos hídricos,37,Programa cisternas: água para consumo,2020,,Presente,None,Dado indisponível,#DCDCDC,585,Rio Negro/MS,
Recursos hídricos,37,Programa cisternas: água para consumo,2020,,Presente,None,Dado indisponível,#DCDCDC,5403,Rio Negro/PR,
Recursos hídricos,37,Programa cisternas: água para consumo,2020,,Presente,None,Dado indisponível,#DCDCDC,1666,Rio Novo do Sul/ES,
Recursos hídricos,37,Programa cisternas: água para consumo,2020,,Presente,None,Dado indisponível,#DCDCDC,1397,Rio Novo/MG,
Recursos hídricos,37,Programa cisternas: água para consumo,2020,,Presente,None,Dado indisponível,#DCDCDC,1398,Rio Paranaíba/MG,
Recursos hídricos,37,Programa cisternas: água para consumo,2020,,Presente,None,Dado indisponível,#DCDCDC,398,Rio Pardo/RS,
Recursos hídricos,37,Programa cisternas: água para consumo,2020,,Presente,None,Dado indisponível,#DCDCDC,1400,Rio Piracicaba/MG,
Recursos hídricos,37,Programa cisternas: água para consumo,2020,,Presente,None,Dado indisponível,#DCDCDC,1401,Rio Pomba/MG,
Recursos hídricos,37,Programa cisternas: água para consumo,2020,,Presente,None,Dado indisponível,#DCDCDC,5507,Rio Preto da Eva/AM,
Recursos hídricos,37,Programa cisternas: água para consumo,2020,,Presente,None,Dado indisponível,#DCDCDC,1402,Rio Preto/MG,
Recursos hídricos,37,Programa cisternas: água para consumo,2020,,Presente,None,Dado indisponível,#DCDCDC,2783,Rio Quente/GO,
Recursos hídricos,37,Programa cisternas: água para consumo,2020,,Presente,None,Dado indisponível,#DCDCDC,4798,Rio Real/BA,
Recursos hídricos,37,Programa cisternas: água para consumo,2020,,Presente,None,Dado indisponível,#DCDCDC,2518,Rio Rufino/SC,
Recursos hídricos,37,Programa cisternas: água para consumo,2020,,Presente,None,Dado indisponível,#DCDCDC,3159,Rio Sono/TO,
Recursos hídricos,37,Programa cisternas: água para consumo,2020,,Presente,None,Dado indisponível,#DCDCDC,4142,Rio Tinto/PB,
Recursos hídricos,37,Programa cisternas: água para consumo,2020,,Presente,None,Dado indisponível,#DCDCDC,586,Rio Verde de Mato Grosso/MS,
Recursos hídricos,37,Programa cisternas: água para consumo,2020,,Presente,None,Dado indisponível,#DCDCDC,4980,Rio Verde/GO,
Recursos hídricos,37,Programa cisternas: água para consumo,2020,,Presente,None,Dado indisponível,#DCDCDC,1403,Rio Vermelho/MG,
Recursos hídricos,37,Programa cisternas: água para consumo,2020,,Presente,None,Dado indisponível,#DCDCDC,2619,Riozinho/RS,
Recursos hídricos,37,Programa cisternas: água para consumo,2020,,Presente,None,Dado indisponível,#DCDCDC,100,Riqueza/SC,
Recursos hídricos,37,Programa cisternas: água para consumo,2020,,Presente,None,Dado indisponível,#DCDCDC,1404,Ritápolis/MG,
Recursos hídricos,37,Programa cisternas: água para consumo,2020,,Presente,None,Dado indisponível,#DCDCDC,2232,Riversul/SP,
Recursos hídricos,37,Programa cisternas: água para consumo,2020,,Presente,None,Dado indisponível,#DCDCDC,399,Roca Sales/RS,
Recursos hídricos,37,Programa cisternas: água para consumo,2020,,Presente,None,Dado indisponível,#DCDCDC,1405,Rochedo de Minas/MG,
Recursos hídricos,37,Programa cisternas: água para consumo,2020,,Presente,None,Dado indisponível,#DCDCDC,587,Rochedo/MS,
Recursos hídricos,37,Programa cisternas: água para consumo,2020,,Presente,None,Dado indisponível,#DCDCDC,400,Rodeio Bonito/RS,
Recursos hídricos,37,Programa cisternas: água para consumo,2020,,Presente,None,Dado indisponível,#DCDCDC,2519,Rodeio/SC,
Recursos hídricos,37,Programa cisternas: água para consumo,2020,,Presente,None,Dado indisponível,#DCDCDC,1406,Rodeiro/MG,
Recursos hídricos,37,Programa cisternas: água para consumo,2020,,Presente,None,Dado indisponível,#DCDCDC,2836,Rodrigues Alves/AC,
Recursos hídricos,37,Programa cisternas: água para consumo,2020,,Presente,None,Dado indisponível,#DCDCDC,401,Rolador/RS,
Recursos hídricos,37,Programa cisternas: água para consumo,2020,,Presente,None,Dado indisponível,#DCDCDC,5456,Rolândia/PR,
Recursos hídricos,37,Programa cisternas: água para consumo,2020,,Presente,None,Dado indisponível,#DCDCDC,2620,Rolante/RS,
Recursos hídricos,37,Programa cisternas: água para consumo,2020,,Presente,None,Dado indisponível,#DCDCDC,5540,Rolim de Moura/RO,
Recursos hídricos,37,Programa cisternas: água para consumo,2020,,Presente,None,Dado indisponível,#DCDCDC,1407,Romaria/MG,
Recursos hídricos,37,Programa cisternas: água para consumo,2020,,Presente,None,Dado indisponível,#DCDCDC,101,Romelândia/SC,
Recursos hídricos,37,Programa cisternas: água para consumo,2020,,Presente,None,Dado indisponível,#DCDCDC,5254,Roncador/PR,
Recursos hídricos,37,Programa cisternas: água para consumo,2020,,Presente,None,Dado indisponível,#DCDCDC,402,Ronda Alta/RS,
Recursos hídricos,37,Programa cisternas: água para consumo,2020,,Presente,None,Dado indisponível,#DCDCDC,403,Rondinha/RS,
Recursos hídricos,37,Programa cisternas: água para consumo,2020,,Presente,None,Dado indisponível,#DCDCDC,2925,Rondolândia/MT,
Recursos hídricos,37,Programa cisternas: água para consumo,2020,,Presente,None,Dado indisponível,#DCDCDC,3013,Rondon do Pará/PA,
Recursos hídricos,37,Programa cisternas: água para consumo,2020,,Presente,None,Dado indisponível,#DCDCDC,650,Rondonópolis/MT,
Recursos hídricos,37,Programa cisternas: água para consumo,2020,,Presente,None,Dado indisponível,#DCDCDC,5255,Rondon/PR,
Recursos hídricos,37,Programa cisternas: água para consumo,2020,,Presente,None,Dado indisponível,#DCDCDC,404,Roque Gonzales/RS,
Recursos hídricos,37,Programa cisternas: água para consumo,2020,,Presente,None,Dado indisponível,#DCDCDC,2854,Rorainópolis/RR,
Recursos hídricos,37,Programa cisternas: água para consumo,2020,,Presente,None,Dado indisponível,#DCDCDC,19,Rosana/SP,
Recursos hídricos,37,Programa cisternas: água para consumo,2020,,Presente,None,Dado indisponível,#DCDCDC,1408,Rosário da Limeira/MG,
Recursos hídricos,37,Programa cisternas: água para consumo,2020,,Presente,None,Dado indisponível,#DCDCDC,4548,Rosário do Catete/SE,
Recursos hídricos,37,Programa cisternas: água para consumo,2020,,Presente,None,Dado indisponível,#DCDCDC,5404,Rosário do Ivaí/PR,
Recursos hídricos,37,Programa cisternas: água para consumo,2020,,Presente,None,Dado indisponível,#DCDCDC,405,Rosário do Sul/RS,
Recursos hídricos,37,Programa cisternas: água para consumo,2020,,Presente,None,Dado indisponível,#DCDCDC,4962,Rosário Oeste/MT,
Recursos hídricos,37,Programa cisternas: água para consumo,2020,,Presente,None,Dado indisponível,#DCDCDC,2240,Roseira/SP,
Recursos hídricos,37,Programa cisternas: água para consumo,2020,,Presente,None,Dado indisponível,#DCDCDC,4470,Roteiro/AL,
Recursos hídricos,37,Programa cisternas: água para consumo,2020,,Presente,None,Dado indisponível,#DCDCDC,2241,Rubiácea/SP,
Recursos hídricos,37,Programa cisternas: água para consumo,2020,,Presente,None,Dado indisponível,#DCDCDC,2784,Rubiataba/GO,
Recursos hídricos,37,Programa cisternas: água para consumo,2020,,Presente,None,Dado indisponível,#DCDCDC,2242,Rubinéia/SP,
Recursos hídricos,37,Programa cisternas: água para consumo,2020,,Presente,None,Dado indisponível,#DCDCDC,2878,Rurópolis/PA,
Recursos hídricos,37,Programa cisternas: água para consumo,2020,,Presente,None,Dado indisponível,#DCDCDC,1411,Sabará/MG,
Recursos hídricos,37,Programa cisternas: água para consumo,2020,,Presente,None,Dado indisponível,#DCDCDC,5256,Sabáudia/PR,
Recursos hídricos,37,Programa cisternas: água para consumo,2020,,Presente,None,Dado indisponível,#DCDCDC,2243,Sabino/SP,
Recursos hídricos,37,Programa cisternas: água para consumo,2020,,Presente,None,Dado indisponível,#DCDCDC,1413,Sacramento/MG,
Recursos hídricos,37,Programa cisternas: água para consumo,2020,,Presente,None,Dado indisponível,#DCDCDC,406,Sagrada Família/RS,
Recursos hídricos,37,Programa cisternas: água para consumo,2020,,Presente,None,Dado indisponível,#DCDCDC,2244,Sagres/SP,
Recursos hídricos,37,Programa cisternas: água para consumo,2020,,Presente,None,Dado indisponível,#DCDCDC,407,Saldanha Marinho/RS,
Recursos hídricos,37,Programa cisternas: água para consumo,2020,,Presente,None,Dado indisponível,#DCDCDC,2246,Sales Oliveira/SP,
Recursos hídricos,37,Programa cisternas: água para consumo,2020,,Presente,None,Dado indisponível,#DCDCDC,2247,Salesópolis/SP,
Recursos hídricos,37,Programa cisternas: água para consumo,2020,,Presente,None,Dado indisponível,#DCDCDC,2245,Sales/SP,
Recursos hídricos,37,Programa cisternas: água para consumo,2020,,Presente,None,Dado indisponível,#DCDCDC,2520,Salete/SC,
Recursos hídricos,37,Programa cisternas: água para consumo,2020,,Presente,None,Dado indisponível,#DCDCDC,5257,Salgado Filho/PR,
Recursos hídricos,37,Programa cisternas: água para consumo,2020,,Presente,None,Dado indisponível,#DCDCDC,4549,Salgado/SE,
Recursos hídricos,37,Programa cisternas: água para consumo,2020,,Presente,None,Dado indisponível,#DCDCDC,4801,Salinas da Margarida/BA,
Recursos hídricos,37,Programa cisternas: água para consumo,2020,,Presente,None,Dado indisponível,#DCDCDC,3014,Salinópolis/PA,
Recursos hídricos,37,Programa cisternas: água para consumo,2020,,Presente,None,Dado indisponível,#DCDCDC,2248,Salmourão/SP,
Recursos hídricos,37,Programa cisternas: água para consumo,2020,,Presente,None,Dado indisponível,#DCDCDC,102,Saltinho/SC,
Recursos hídricos,37,Programa cisternas: água para consumo,2020,,Presente,None,Dado indisponível,#DCDCDC,2249,Saltinho/SP,
Recursos hídricos,37,Programa cisternas: água para consumo,2020,,Presente,None,Dado indisponível,#DCDCDC,2251,Salto de Pirapora/SP,
Recursos hídricos,37,Programa cisternas: água para consumo,2020,,Presente,None,Dado indisponível,#DCDCDC,651,Salto do Céu/MT,
Recursos hídricos,37,Programa cisternas: água para consumo,2020,,Presente,None,Dado indisponível,#DCDCDC,5405,Salto do Itararé/PR,
Recursos hídricos,37,Programa cisternas: água para consumo,2020,,Presente,None,Dado indisponível,#DCDCDC,408,Salto do Jacuí/RS,
Recursos hídricos,37,Programa cisternas: água para consumo,2020,,Presente,None,Dado indisponível,#DCDCDC,5258,Salto do Lontra/PR,
Recursos hídricos,37,Programa cisternas: água para consumo,2020,,Presente,None,Dado indisponível,#DCDCDC,2252,Salto Grande/SP,
Recursos hídricos,37,Programa cisternas: água para consumo,2020,,Presente,None,Dado indisponível,#DCDCDC,2250,Salto/SP,
Recursos hídricos,37,Programa cisternas: água para consumo,2020,,Presente,None,Dado indisponível,#DCDCDC,4919,Salto Veloso/SC,
Recursos hídricos,37,Programa cisternas: água para consumo,2020,,Presente,None,Dado indisponível,#DCDCDC,4802,Salvador/BA,
Recursos hídricos,37,Programa cisternas: água para consumo,2020,,Presente,None,Dado indisponível,#DCDCDC,409,Salvador das Missões/RS,
Recursos hídricos,37,Programa cisternas: água para consumo,2020,,Presente,None,Dado indisponível,#DCDCDC,410,Salvador do Sul/RS,
Recursos hídricos,37,Programa cisternas: água para consumo,2020,,Presente,None,Dado indisponível,#DCDCDC,3015,Salvaterra/PA,
Recursos hídricos,37,Programa cisternas: água para consumo,2020,,Presente,None,Dado indisponível,#DCDCDC,3346,Sambaíba/MA,
Recursos hídricos,37,Programa cisternas: água para consumo,2020,,Presente,None,Dado indisponível,#DCDCDC,3160,Sampaio/TO,
Recursos hídricos,37,Programa cisternas: água para consumo,2020,,Presente,None,Dado indisponível,#DCDCDC,411,Sananduva/RS,
Recursos hídricos,37,Programa cisternas: água para consumo,2020,,Presente,None,Dado indisponível,#DCDCDC,3161,Sandolândia/TO,
Recursos hídricos,37,Programa cisternas: água para consumo,2020,,Presente,None,Dado indisponível,#DCDCDC,20,Sandovalina/SP,
Recursos hídricos,37,Programa cisternas: água para consumo,2020,,Presente,None,Dado indisponível,#DCDCDC,2521,Sangão/SC,
Recursos hídricos,37,Programa cisternas: água para consumo,2020,,Presente,None,Dado indisponível,#DCDCDC,2253,Santa Adélia/SP,
Recursos hídricos,37,Programa cisternas: água para consumo,2020,,Presente,None,Dado indisponível,#DCDCDC,2254,Santa Albertina/SP,
Recursos hídricos,37,Programa cisternas: água para consumo,2020,,Presente,None,Dado indisponível,#DCDCDC,5406,Santa Amélia/PR,
Recursos hídricos,37,Programa cisternas: água para consumo,2020,,Presente,None,Dado indisponível,#DCDCDC,2786,Santa Bárbara de Goiás/GO,
Recursos hídricos,37,Programa cisternas: água para consumo,2020,,Presente,None,Dado indisponível,#DCDCDC,2255,Santa Bárbara d'Oeste/SP,
Recursos hídricos,37,Programa cisternas: água para consumo,2020,,Presente,None,Dado indisponível,#DCDCDC,1417,Santa Bárbara do Leste/MG,
Recursos hídricos,37,Programa cisternas: água para consumo,2020,,Presente,None,Dado indisponível,#DCDCDC,1418,Santa Bárbara do Monte Verde/MG,
Recursos hídricos,37,Programa cisternas: água para consumo,2020,,Presente,None,Dado indisponível,#DCDCDC,3016,Santa Bárbara do Pará/PA,
Recursos hídricos,37,Programa cisternas: água para consumo,2020,,Presente,None,Dado indisponível,#DCDCDC,412,Santa Bárbara do Sul/RS,
Recursos hídricos,37,Programa cisternas: água para consumo,2020,,Presente,None,Dado indisponível,#DCDCDC,1419,Santa Bárbara do Tugúrio/MG,
Recursos hídricos,37,Programa cisternas: água para consumo,2020,,Presente,None,Dado indisponível,#DCDCDC,1416,Santa Bárbara/MG,
Recursos hídricos,37,Programa cisternas: água para consumo,2020,,Presente,None,Dado indisponível,#DCDCDC,2256,Santa Branca/SP,
Recursos hídricos,37,Programa cisternas: água para consumo,2020,,Presente,None,Dado indisponível,#DCDCDC,2922,Santa Carmem/MT,
Recursos hídricos,37,Programa cisternas: água para consumo,2020,,Presente,None,Dado indisponível,#DCDCDC,5407,Santa Cecília do Pavão/PR,
Recursos hídricos,37,Programa cisternas: água para consumo,2020,,Presente,None,Dado indisponível,#DCDCDC,413,Santa Cecília do Sul/RS,
Recursos hídricos,37,Programa cisternas: água para consumo,2020,,Presente,None,Dado indisponível,#DCDCDC,2522,Santa Cecília/SC,
Recursos hídricos,37,Programa cisternas: água para consumo,2020,,Presente,None,Dado indisponível,#DCDCDC,2257,Santa Clara d'Oeste/SP,
Recursos hídricos,37,Programa cisternas: água para consumo,2020,,Presente,None,Dado indisponível,#DCDCDC,414,Santa Clara do Sul/RS,
Recursos hídricos,37,Programa cisternas: água para consumo,2020,,Presente,None,Dado indisponível,#DCDCDC,742,Santa Cruz Cabrália/BA,
Recursos hídricos,37,Programa cisternas: água para consumo,2020,,Presente,None,Dado indisponível,#DCDCDC,2258,Santa Cruz da Conceição/SP,
Recursos hídricos,37,Programa cisternas: água para consumo,2020,,Presente,None,Dado indisponível,#DCDCDC,2259,Santa Cruz da Esperança/SP,
Recursos hídricos,37,Programa cisternas: água para consumo,2020,,Presente,None,Dado indisponível,#DCDCDC,2260,Santa Cruz das Palmeiras/SP,
Recursos hídricos,37,Programa cisternas: água para consumo,2020,,Presente,None,Dado indisponível,#DCDCDC,743,Santa Cruz da Vitória/BA,
Recursos hídricos,37,Programa cisternas: água para consumo,2020,,Presente,None,Dado indisponível,#DCDCDC,2787,Santa Cruz de Goiás/GO,
Recursos hídricos,37,Programa cisternas: água para consumo,2020,,Presente,None,Dado indisponível,#DCDCDC,1420,Santa Cruz de Minas/MG,
Recursos hídricos,37,Programa cisternas: água para consumo,2020,,Presente,None,Dado indisponível,#DCDCDC,5259,Santa Cruz de Monte Castelo/PR,
Recursos hídricos,37,Programa cisternas: água para consumo,2020,,Presente,None,Dado indisponível,#DCDCDC,3017,Santa Cruz do Arari/PA,
Recursos hídricos,37,Programa cisternas: água para consumo,2020,,Presente,None,Dado indisponível,#DCDCDC,1422,Santa Cruz do Escalvado/MG,
Recursos hídricos,37,Programa cisternas: água para consumo,2020,,Presente,None,Dado indisponível,#DCDCDC,2261,Santa Cruz do Rio Pardo/SP,
Recursos hídricos,37,Programa cisternas: água para consumo,2020,,Presente,None,Dado indisponível,#DCDCDC,415,Santa Cruz do Sul/RS,
Recursos hídricos,37,Programa cisternas: água para consumo,2020,,Presente,None,Dado indisponível,#DCDCDC,2926,Santa Cruz do Xingu/MT,
Recursos hídricos,37,Programa cisternas: água para consumo,2020,,Presente,None,Dado indisponível,#DCDCDC,2262,Santa Ernestina/SP,
Recursos hídricos,37,Programa cisternas: água para consumo,2020,,Presente,None,Dado indisponível,#DCDCDC,4981,Santa Fé de Goiás/GO,
Recursos hídricos,37,Programa cisternas: água para consumo,2020,,Presente,None,Dado indisponível,#DCDCDC,3162,Santa Fé do Araguaia/TO,
Recursos hídricos,37,Programa cisternas: água para consumo,2020,,Presente,None,Dado indisponível,#DCDCDC,2263,Santa Fé do Sul/SP,
Recursos hídricos,37,Programa cisternas: água para consumo,2020,,Presente,None,Dado indisponível,#DCDCDC,5260,Santa Fé/PR,
Recursos hídricos,37,Programa cisternas: água para consumo,2020,,Presente,None,Dado indisponível,#DCDCDC,3347,Santa Filomena do Maranhão/MA,
Recursos hídricos,37,Programa cisternas: água para consumo,2020,,Presente,None,Dado indisponível,#DCDCDC,3580,Santa Filomena/PI,
Recursos hídricos,37,Programa cisternas: água para consumo,2020,,Presente,None,Dado indisponível,#DCDCDC,2264,Santa Gertrudes/SP,
Recursos hídricos,37,Programa cisternas: água para consumo,2020,,Presente,None,Dado indisponível,#DCDCDC,2788,Santa Helena de Goiás/GO,
Recursos hídricos,37,Programa cisternas: água para consumo,2020,,Presente,None,Dado indisponível,#DCDCDC,5261,Santa Helena/PR,
Recursos hídricos,37,Programa cisternas: água para consumo,2020,,Presente,None,Dado indisponível,#DCDCDC,103,Santa Helena/SC,
Recursos hídricos,37,Programa cisternas: água para consumo,2020,,Presente,None,Dado indisponível,#DCDCDC,3349,Santa Inês/MA,
Recursos hídricos,37,Programa cisternas: água para consumo,2020,,Presente,None,Dado indisponível,#DCDCDC,5262,Santa Inês/PR,
Recursos hídricos,37,Programa cisternas: água para consumo,2020,,Presente,None,Dado indisponível,#DCDCDC,5263,Santa Isabel do Ivaí/PR,
Recursos hídricos,37,Programa cisternas: água para consumo,2020,,Presente,None,Dado indisponível,#DCDCDC,5508,Santa Isabel do Rio Negro/AM,
Recursos hídricos,37,Programa cisternas: água para consumo,2020,,Presente,None,Dado indisponível,#DCDCDC,2789,Santa Isabel/GO,
Recursos hídricos,37,Programa cisternas: água para consumo,2020,,Presente,None,Dado indisponível,#DCDCDC,2265,Santa Isabel/SP,
Recursos hídricos,37,Programa cisternas: água para consumo,2020,,Presente,None,Dado indisponível,#DCDCDC,5264,Santa Izabel do Oeste/PR,
Recursos hídricos,37,Programa cisternas: água para consumo,2020,,Presente,None,Dado indisponível,#DCDCDC,3018,Santa Izabel do Pará/PA,
Recursos hídricos,37,Programa cisternas: água para consumo,2020,,Presente,None,Dado indisponível,#DCDCDC,1426,Santa Juliana/MG,
Recursos hídricos,37,Programa cisternas: água para consumo,2020,,Presente,None,Dado indisponível,#DCDCDC,1667,Santa Leopoldina/ES,
Recursos hídricos,37,Programa cisternas: água para consumo,2020,,Presente,None,Dado indisponível,#DCDCDC,5265,Santa Lúcia/PR,
Recursos hídricos,37,Programa cisternas: água para consumo,2020,,Presente,None,Dado indisponível,#DCDCDC,2266,Santa Lúcia/SP,
Recursos hídricos,37,Programa cisternas: água para consumo,2020,,Presente,None,Dado indisponível,#DCDCDC,744,Santa Luzia/BA,
Recursos hídricos,37,Programa cisternas: água para consumo,2020,,Presente,None,Dado indisponível,#DCDCDC,5541,Santa Luzia D'Oeste/RO,
Recursos hídricos,37,Programa cisternas: água para consumo,2020,,Presente,None,Dado indisponível,#DCDCDC,4550,Santa Luzia do Itanhy/SE,
Recursos hídricos,37,Programa cisternas: água para consumo,2020,,Presente,None,Dado indisponível,#DCDCDC,4471,Santa Luzia do Norte/AL,
Recursos hídricos,37,Programa cisternas: água para consumo,2020,,Presente,None,Dado indisponível,#DCDCDC,3019,Santa Luzia do Pará/PA,
Recursos hídricos,37,Programa cisternas: água para consumo,2020,,Presente,None,Dado indisponível,#DCDCDC,3351,Santa Luzia do Paruá/MA,
Recursos hídricos,37,Programa cisternas: água para consumo,2020,,Presente,None,Dado indisponível,#DCDCDC,3350,Santa Luzia/MA,
Recursos hídricos,37,Programa cisternas: água para consumo,2020,,Presente,None,Dado indisponível,#DCDCDC,1427,Santa Luzia/MG,
Recursos hídricos,37,Programa cisternas: água para consumo,2020,,Presente,None,Dado indisponível,#DCDCDC,417,Santa Margarida do Sul/RS,
Recursos hídricos,37,Programa cisternas: água para consumo,2020,,Presente,None,Dado indisponível,#DCDCDC,1428,Santa Margarida/MG,
Recursos hídricos,37,Programa cisternas: água para consumo,2020,,Presente,None,Dado indisponível,#DCDCDC,3020,Santa Maria das Barreiras/PA,
Recursos hídricos,37,Programa cisternas: água para consumo,2020,,Presente,None,Dado indisponível,#DCDCDC,2267,Santa Maria da Serra/SP,
Recursos hídricos,37,Programa cisternas: água para consumo,2020,,Presente,None,Dado indisponível,#DCDCDC,1429,Santa Maria de Itabira/MG,
Recursos hídricos,37,Programa cisternas: água para consumo,2020,,Presente,None,Dado indisponível,#DCDCDC,1668,Santa Maria de Jetibá/ES,
Recursos hídricos,37,Programa cisternas: água para consumo,2020,,Presente,None,Dado indisponível,#DCDCDC,2621,Santa Maria do Herval/RS,
Recursos hídricos,37,Programa cisternas: água para consumo,2020,,Presente,None,Dado indisponível,#DCDCDC,5266,Santa Maria do Oeste/PR,
Recursos hídricos,37,Programa cisternas: água para consumo,2020,,Presente,None,Dado indisponível,#DCDCDC,3021,Santa Maria do Pará/PA,
Recursos hídricos,37,Programa cisternas: água para consumo,2020,,Presente,None,Dado indisponível,#DCDCDC,3163,Santa Maria do Tocantins/TO,
Recursos hídricos,37,Programa cisternas: água para consumo,2020,,Presente,None,Dado indisponível,#DCDCDC,1752,Santa Maria Madalena/RJ,
Recursos hídricos,37,Programa cisternas: água para consumo,2020,,Presente,None,Dado indisponível,#DCDCDC,5408,Santa Mariana/PR,
Recursos hídricos,37,Programa cisternas: água para consumo,2020,,Presente,None,Dado indisponível,#DCDCDC,416,Santa Maria/RS,
Recursos hídricos,37,Programa cisternas: água para consumo,2020,,Presente,None,Dado indisponível,#DCDCDC,21,Santa Mercedes/SP,
Recursos hídricos,37,Programa cisternas: água para consumo,2020,,Presente,None,Dado indisponível,#DCDCDC,5267,Santa Mônica/PR,
Recursos hídricos,37,Programa cisternas: água para consumo,2020,,Presente,None,Dado indisponível,#DCDCDC,5047,Santana/AP,
Recursos hídricos,37,Programa cisternas: água para consumo,2020,,Presente,None,Dado indisponível,#DCDCDC,418,Santana da Boa Vista/RS,
Recursos hídricos,37,Programa cisternas: água para consumo,2020,,Presente,None,Dado indisponível,#DCDCDC,2268,Santana da Ponte Pensa/SP,
Recursos hídricos,37,Programa cisternas: água para consumo,2020,,Presente,None,Dado indisponível,#DCDCDC,1432,Santana da Vargem/MG,
Recursos hídricos,37,Programa cisternas: água para consumo,2020,,Presente,None,Dado indisponível,#DCDCDC,1433,Santana de Cataguases/MG,
Recursos hídricos,37,Programa cisternas: água para consumo,2020,,Presente,None,Dado indisponível,#DCDCDC,2269,Santana de Parnaíba/SP,
Recursos hídricos,37,Programa cisternas: água para consumo,2020,,Presente,None,Dado indisponível,#DCDCDC,1434,Santana de Pirapama/MG,
Recursos hídricos,37,Programa cisternas: água para consumo,2020,,Presente,None,Dado indisponível,#DCDCDC,3022,Santana do Araguaia/PA,
Recursos hídricos,37,Programa cisternas: água para consumo,2020,,Presente,None,Dado indisponível,#DCDCDC,1435,Santana do Deserto/MG,
Recursos hídricos,37,Programa cisternas: água para consumo,2020,,Presente,None,Dado indisponível,#DCDCDC,1436,Santana do Garambéu/MG,
Recursos hídricos,37,Programa cisternas: água para consumo,2020,,Presente,None,Dado indisponível,#DCDCDC,5409,Santana do Itararé/PR,
Recursos hídricos,37,Programa cisternas: água para consumo,2020,,Presente,None,Dado indisponível,#DCDCDC,1437,Santana do Jacaré/MG,
Recursos hídricos,37,Programa cisternas: água para consumo,2020,,Presente,None,Dado indisponível,#DCDCDC,419,Sant'Ana do Livramento/RS,
Recursos hídricos,37,Programa cisternas: água para consumo,2020,,Presente,None,Dado indisponível,#DCDCDC,1438,Santana do Manhuaçu/MG,
Recursos hídricos,37,Programa cisternas: água para consumo,2020,,Presente,None,Dado indisponível,#DCDCDC,1439,Santana do Paraíso/MG,
Recursos hídricos,37,Programa cisternas: água para consumo,2020,,Presente,None,Dado indisponível,#DCDCDC,1440,Santana do Riacho/MG,
Recursos hídricos,37,Programa cisternas: água para consumo,2020,,Presente,None,Dado indisponível,#DCDCDC,4551,Santana do São Francisco/SE,
Recursos hídricos,37,Programa cisternas: água para consumo,2020,,Presente,None,Dado indisponível,#DCDCDC,1441,Santana dos Montes/MG,
Recursos hídricos,37,Programa cisternas: água para consumo,2020,,Presente,None,Dado indisponível,#DCDCDC,3023,Santarém Novo/PA,
Recursos hídricos,37,Programa cisternas: água para consumo,2020,,Presente,None,Dado indisponível,#DCDCDC,1442,Santa Rita de Caldas/MG,
Recursos hídricos,37,Programa cisternas: água para consumo,2020,,Presente,None,Dado indisponível,#DCDCDC,1445,Santa Rita de Ibitipoca/MG,
Recursos hídricos,37,Programa cisternas: água para consumo,2020,,Presente,None,Dado indisponível,#DCDCDC,1443,Santa Rita de Jacutinga/MG,
Recursos hídricos,37,Programa cisternas: água para consumo,2020,,Presente,None,Dado indisponível,#DCDCDC,1444,Santa Rita de Minas/MG,
Recursos hídricos,37,Programa cisternas: água para consumo,2020,,Presente,None,Dado indisponível,#DCDCDC,668,Santa Rita do Araguaia/GO,
Recursos hídricos,37,Programa cisternas: água para consumo,2020,,Presente,None,Dado indisponível,#DCDCDC,2270,Santa Rita d'Oeste/SP,
Recursos hídricos,37,Programa cisternas: água para consumo,2020,,Presente,None,Dado indisponível,#DCDCDC,2790,Santa Rita do Novo Destino/GO,
Recursos hídricos,37,Programa cisternas: água para consumo,2020,,Presente,None,Dado indisponível,#DCDCDC,588,Santa Rita do Pardo/MS,
Recursos hídricos,37,Programa cisternas: água para consumo,2020,,Presente,None,Dado indisponível,#DCDCDC,2271,Santa Rita do Passa Quatro/SP,
Recursos hídricos,37,Programa cisternas: água para consumo,2020,,Presente,None,Dado indisponível,#DCDCDC,1447,Santa Rita do Sapucaí/MG,
Recursos hídricos,37,Programa cisternas: água para consumo,2020,,Presente,None,Dado indisponível,#DCDCDC,3164,Santa Rita do Tocantins/TO,
Recursos hídricos,37,Programa cisternas: água para consumo,2020,,Presente,None,Dado indisponível,#DCDCDC,4963,Santa Rita do Trivelato/MT,
Recursos hídricos,37,Programa cisternas: água para consumo,2020,,Presente,None,Dado indisponível,#DCDCDC,4153,Santa Rita/PB,
Recursos hídricos,37,Programa cisternas: água para consumo,2020,,Presente,None,Dado indisponível,#DCDCDC,1448,Santa Rosa da Serra/MG,
Recursos hídricos,37,Programa cisternas: água para consumo,2020,,Presente,None,Dado indisponível,#DCDCDC,2791,Santa Rosa de Goiás/GO,
Recursos hídricos,37,Programa cisternas: água para consumo,2020,,Presente,None,Dado indisponível,#DCDCDC,2523,Santa Rosa de Lima/SC,
Recursos hídricos,37,Programa cisternas: água para consumo,2020,,Presente,None,Dado indisponível,#DCDCDC,4552,Santa Rosa de Lima/SE,
Recursos hídricos,37,Programa cisternas: água para consumo,2020,,Presente,None,Dado indisponível,#DCDCDC,2272,Santa Rosa de Viterbo/SP,
Recursos hídricos,37,Programa cisternas: água para consumo,2020,,Presente,None,Dado indisponível,#DCDCDC,2837,Santa Rosa do Purus/AC,
Recursos hídricos,37,Programa cisternas: água para consumo,2020,,Presente,None,Dado indisponível,#DCDCDC,2524,Santa Rosa do Sul/SC,
Recursos hídricos,37,Programa cisternas: água para consumo,2020,,Presente,None,Dado indisponível,#DCDCDC,3165,Santa Rosa do Tocantins/TO,
Recursos hídricos,37,Programa cisternas: água para consumo,2020,,Presente,None,Dado indisponível,#DCDCDC,420,Santa Rosa/RS,
Recursos hídricos,37,Programa cisternas: água para consumo,2020,,Presente,None,Dado indisponível,#DCDCDC,2273,Santa Salete/SP,
Recursos hídricos,37,Programa cisternas: água para consumo,2020,,Presente,None,Dado indisponível,#DCDCDC,1669,Santa Teresa/ES,
Recursos hídricos,37,Programa cisternas: água para consumo,2020,,Presente,None,Dado indisponível,#DCDCDC,4890,Santa Tereza de Goiás/GO,
Recursos hídricos,37,Programa cisternas: água para consumo,2020,,Presente,None,Dado indisponível,#DCDCDC,5268,Santa Tereza do Oeste/PR,
Recursos hídricos,37,Programa cisternas: água para consumo,2020,,Presente,None,Dado indisponível,#DCDCDC,3166,Santa Tereza do Tocantins/TO,
Recursos hídricos,37,Programa cisternas: água para consumo,2020,,Presente,None,Dado indisponível,#DCDCDC,421,Santa Tereza/RS,
Recursos hídricos,37,Programa cisternas: água para consumo,2020,,Presente,None,Dado indisponível,#DCDCDC,5269,Santa Terezinha de Itaipu/PR,
Recursos hídricos,37,Programa cisternas: água para consumo,2020,,Presente,None,Dado indisponível,#DCDCDC,104,Santa Terezinha do Progresso/SC,
Recursos hídricos,37,Programa cisternas: água para consumo,2020,,Presente,None,Dado indisponível,#DCDCDC,3167,Santa Terezinha do Tocantins/TO,
Recursos hídricos,37,Programa cisternas: água para consumo,2020,,Presente,None,Dado indisponível,#DCDCDC,4871,Santa Terezinha/MT,
Recursos hídricos,37,Programa cisternas: água para consumo,2020,,Presente,None,Dado indisponível,#DCDCDC,2525,Santa Terezinha/SC,
Recursos hídricos,37,Programa cisternas: água para consumo,2020,,Presente,None,Dado indisponível,#DCDCDC,422,Santa Vitória do Palmar/RS,
Recursos hídricos,37,Programa cisternas: água para consumo,2020,,Presente,None,Dado indisponível,#DCDCDC,1449,Santa Vitória/MG,
Recursos hídricos,37,Programa cisternas: água para consumo,2020,,Presente,None,Dado indisponível,#DCDCDC,105,Santiago do Sul/SC,
Recursos hídricos,37,Programa cisternas: água para consumo,2020,,Presente,None,Dado indisponível,#DCDCDC,423,Santiago/RS,
Recursos hídricos,37,Programa cisternas: água para consumo,2020,,Presente,None,Dado indisponível,#DCDCDC,647,Santo Afonso/MT,
Recursos hídricos,37,Programa cisternas: água para consumo,2020,,Presente,None,Dado indisponível,#DCDCDC,4812,Santo Amaro/BA,
Recursos hídricos,37,Programa cisternas: água para consumo,2020,,Presente,None,Dado indisponível,#DCDCDC,2526,Santo Amaro da Imperatriz/SC,
Recursos hídricos,37,Programa cisternas: água para consumo,2020,,Presente,None,Dado indisponível,#DCDCDC,4553,Santo Amaro das Brotas/SE,
Recursos hídricos,37,Programa cisternas: água para consumo,2020,,Presente,None,Dado indisponível,#DCDCDC,22,Santo Anastácio/SP,
Recursos hídricos,37,Programa cisternas: água para consumo,2020,,Presente,None,Dado indisponível,#DCDCDC,2274,Santo André/SP,
Recursos hídricos,37,Programa cisternas: água para consumo,2020,,Presente,None,Dado indisponível,#DCDCDC,424,Santo Ângelo/RS,
Recursos hídricos,37,Programa cisternas: água para consumo,2020,,Presente,None,Dado indisponível,#DCDCDC,2275,Santo Antônio da Alegria/SP,
Recursos hídricos,37,Programa cisternas: água para consumo,2020,,Presente,None,Dado indisponível,#DCDCDC,2792,Santo Antônio da Barra/GO,
Recursos hídricos,37,Programa cisternas: água para consumo,2020,,Presente,None,Dado indisponível,#DCDCDC,2622,Santo Antônio da Patrulha/RS,
Recursos hídricos,37,Programa cisternas: água para consumo,2020,,Presente,None,Dado indisponível,#DCDCDC,5410,Santo Antônio da Platina/PR,
Recursos hídricos,37,Programa cisternas: água para consumo,2020,,Presente,None,Dado indisponível,#DCDCDC,426,Santo Antônio das Missões/RS,
Recursos hídricos,37,Programa cisternas: água para consumo,2020,,Presente,None,Dado indisponível,#DCDCDC,2793,Santo Antônio de Goiás/GO,
Recursos hídricos,37,Programa cisternas: água para consumo,2020,,Presente,None,Dado indisponível,#DCDCDC,4813,Santo Antônio de Jesus/BA,
Recursos hídricos,37,Programa cisternas: água para consumo,2020,,Presente,None,Dado indisponível,#DCDCDC,1753,Santo Antônio de Pádua/RJ,
Recursos hídricos,37,Programa cisternas: água para consumo,2020,,Presente,None,Dado indisponível,#DCDCDC,2276,Santo Antônio de Posse/SP,
Recursos hídricos,37,Programa cisternas: água para consumo,2020,,Presente,None,Dado indisponível,#DCDCDC,1450,Santo Antônio do Amparo/MG,
Recursos hídricos,37,Programa cisternas: água para consumo,2020,,Presente,None,Dado indisponível,#DCDCDC,2277,Santo Antônio do Aracanguá/SP,
Recursos hídricos,37,Programa cisternas: água para consumo,2020,,Presente,None,Dado indisponível,#DCDCDC,1451,Santo Antônio do Aventureiro/MG,
Recursos hídricos,37,Programa cisternas: água para consumo,2020,,Presente,None,Dado indisponível,#DCDCDC,5270,Santo Antônio do Caiuá/PR,
Recursos hídricos,37,Programa cisternas: água para consumo,2020,,Presente,None,Dado indisponível,#DCDCDC,2794,Santo Antônio do Descoberto/GO,
Recursos hídricos,37,Programa cisternas: água para consumo,2020,,Presente,None,Dado indisponível,#DCDCDC,1452,Santo Antônio do Grama/MG,
Recursos hídricos,37,Programa cisternas: água para consumo,2020,,Presente,None,Dado indisponível,#DCDCDC,5509,Santo Antônio do Içá/AM,
Recursos hídricos,37,Programa cisternas: água para consumo,2020,,Presente,None,Dado indisponível,#DCDCDC,1453,Santo Antônio do Itambé/MG,
Recursos hídricos,37,Programa cisternas: água para consumo,2020,,Presente,None,Dado indisponível,#DCDCDC,2278,Santo Antônio do Jardim/SP,
Recursos hídricos,37,Programa cisternas: água para consumo,2020,,Presente,None,Dado indisponível,#DCDCDC,652,Santo Antônio do Leste/MT,
Recursos hídricos,37,Programa cisternas: água para consumo,2020,,Presente,None,Dado indisponível,#DCDCDC,653,Santo Antônio do Leverger/MT,
Recursos hídricos,37,Programa cisternas: água para consumo,2020,,Presente,None,Dado indisponível,#DCDCDC,1455,Santo Antônio do Monte/MG,
Recursos hídricos,37,Programa cisternas: água para consumo,2020,,Presente,None,Dado indisponível,#DCDCDC,425,Santo Antônio do Palma/RS,
Recursos hídricos,37,Programa cisternas: água para consumo,2020,,Presente,None,Dado indisponível,#DCDCDC,5411,Santo Antônio do Paraíso/PR,
Recursos hídricos,37,Programa cisternas: água para consumo,2020,,Presente,None,Dado indisponível,#DCDCDC,2279,Santo Antônio do Pinhal/SP,
Recursos hídricos,37,Programa cisternas: água para consumo,2020,,Presente,None,Dado indisponível,#DCDCDC,427,Santo Antônio do Planalto/RS,
Recursos hídricos,37,Programa cisternas: água para consumo,2020,,Presente,None,Dado indisponível,#DCDCDC,1457,Santo Antônio do Rio Abaixo/MG,
Recursos hídricos,37,Programa cisternas: água para consumo,2020,,Presente,None,Dado indisponível,#DCDCDC,3356,Santo Antônio dos Lopes/MA,
Recursos hídricos,37,Programa cisternas: água para consumo,2020,,Presente,None,Dado indisponível,#DCDCDC,5271,Santo Antônio do Sudoeste/PR,
Recursos hídricos,37,Programa cisternas: água para consumo,2020,,Presente,None,Dado indisponível,#DCDCDC,3024,Santo Antônio do Tauá/PA,
Recursos hídricos,37,Programa cisternas: água para consumo,2020,,Presente,None,Dado indisponível,#DCDCDC,428,Santo Augusto/RS,
Recursos hídricos,37,Programa cisternas: água para consumo,2020,,Presente,None,Dado indisponível,#DCDCDC,429,Santo Cristo/RS,
Recursos hídricos,37,Programa cisternas: água para consumo,2020,,Presente,None,Dado indisponível,#DCDCDC,430,Santo Expedito do Sul/RS,
Recursos hídricos,37,Programa cisternas: água para consumo,2020,,Presente,None,Dado indisponível,#DCDCDC,4909,Santo Expedito/SP,
Recursos hídricos,37,Programa cisternas: água para consumo,2020,,Presente,None,Dado indisponível,#DCDCDC,1458,Santo Hipólito/MG,
Recursos hídricos,37,Programa cisternas: água para consumo,2020,,Presente,None,Dado indisponível,#DCDCDC,5272,Santo Inácio/PR,
Recursos hídricos,37,Programa cisternas: água para consumo,2020,,Presente,None,Dado indisponível,#DCDCDC,2280,Santópolis do Aguapeí/SP,
Recursos hídricos,37,Programa cisternas: água para consumo,2020,,Presente,None,Dado indisponível,#DCDCDC,1459,Santos Dumont/MG,
Recursos hídricos,37,Programa cisternas: água para consumo,2020,,Presente,None,Dado indisponível,#DCDCDC,2281,Santos/SP,
Recursos hídricos,37,Programa cisternas: água para consumo,2020,,Presente,None,Dado indisponível,#DCDCDC,3357,São Benedito do Rio Preto/MA,
Recursos hídricos,37,Programa cisternas: água para consumo,2020,,Presente,None,Dado indisponível,#DCDCDC,4349,São Benedito do Sul/PE,
Recursos hídricos,37,Programa cisternas: água para consumo,2020,,Presente,None,Dado indisponível,#DCDCDC,1460,São Bento Abade/MG,
Recursos hídricos,37,Programa cisternas: água para consumo,2020,,Presente,None,Dado indisponível,#DCDCDC,2282,São Bento do Sapucaí/SP,
Recursos hídricos,37,Programa cisternas: água para consumo,2020,,Presente,None,Dado indisponível,#DCDCDC,2527,São Bento do Sul/SC,
Recursos hídricos,37,Programa cisternas: água para consumo,2020,,Presente,None,Dado indisponível,#DCDCDC,3168,São Bento do Tocantins/TO,
Recursos hídricos,37,Programa cisternas: água para consumo,2020,,Presente,None,Dado indisponível,#DCDCDC,3358,São Bento/MA,
Recursos hídricos,37,Programa cisternas: água para consumo,2020,,Presente,None,Dado indisponível,#DCDCDC,106,São Bernardino/SC,
Recursos hídricos,37,Programa cisternas: água para consumo,2020,,Presente,None,Dado indisponível,#DCDCDC,2283,São Bernardo do Campo/SP,
Recursos hídricos,37,Programa cisternas: água para consumo,2020,,Presente,None,Dado indisponível,#DCDCDC,2528,São Bonifácio/SC,
Recursos hídricos,37,Programa cisternas: água para consumo,2020,,Presente,None,Dado indisponível,#DCDCDC,431,São Borja/RS,
Recursos hídricos,37,Programa cisternas: água para consumo,2020,,Presente,None,Dado indisponível,#DCDCDC,1461,São Brás do Suaçuí/MG,
Recursos hídricos,37,Programa cisternas: água para consumo,2020,,Presente,None,Dado indisponível,#DCDCDC,3025,São Caetano de Odivelas/PA,
Recursos hídricos,37,Programa cisternas: água para consumo,2020,,Presente,None,Dado indisponível,#DCDCDC,2284,São Caetano do Sul/SP,
Recursos hídricos,37,Programa cisternas: água para consumo,2020,,Presente,None,Dado indisponível,#DCDCDC,5273,São Carlos do Ivaí/PR,
Recursos hídricos,37,Programa cisternas: água para consumo,2020,,Presente,None,Dado indisponível,#DCDCDC,107,São Carlos/SC,
Recursos hídricos,37,Programa cisternas: água para consumo,2020,,Presente,None,Dado indisponível,#DCDCDC,2285,São Carlos/SP,
Recursos hídricos,37,Programa cisternas: água para consumo,2020,,Presente,None,Dado indisponível,#DCDCDC,2529,São Cristóvão do Sul/SC,
Recursos hídricos,37,Programa cisternas: água para consumo,2020,,Presente,None,Dado indisponível,#DCDCDC,4554,São Cristóvão/SE,
Recursos hídricos,37,Programa cisternas: água para consumo,2020,,Presente,None,Dado indisponível,#DCDCDC,3026,São Domingos do Araguaia/PA,
Recursos hídricos,37,Programa cisternas: água para consumo,2020,,Presente,None,Dado indisponível,#DCDCDC,3360,São Domingos do Azeitão/MA,
Recursos hídricos,37,Programa cisternas: água para consumo,2020,,Presente,None,Dado indisponível,#DCDCDC,3027,São Domingos do Capim/PA,
Recursos hídricos,37,Programa cisternas: água para consumo,2020,,Presente,None,Dado indisponível,#DCDCDC,3361,São Domingos do Maranhão/MA,
Recursos hídricos,37,Programa cisternas: água para consumo,2020,,Presente,None,Dado indisponível,#DCDCDC,1670,São Domingos do Norte/ES,
Recursos hídricos,37,Programa cisternas: água para consumo,2020,,Presente,None,Dado indisponível,#DCDCDC,1463,São Domingos do Prata/MG,
Recursos hídricos,37,Programa cisternas: água para consumo,2020,,Presente,None,Dado indisponível,#DCDCDC,432,São Domingos do Sul/RS,
Recursos hídricos,37,Programa cisternas: água para consumo,2020,,Presente,None,Dado indisponível,#DCDCDC,4891,São Domingos/GO,
Recursos hídricos,37,Programa cisternas: água para consumo,2020,,Presente,None,Dado indisponível,#DCDCDC,108,São Domingos/SC,
Recursos hídricos,37,Programa cisternas: água para consumo,2020,,Presente,None,Dado indisponível,#DCDCDC,4555,São Domingos/SE,
Recursos hídricos,37,Programa cisternas: água para consumo,2020,,Presente,None,Dado indisponível,#DCDCDC,4819,São Felipe/BA,
Recursos hídricos,37,Programa cisternas: água para consumo,2020,,Presente,None,Dado indisponível,#DCDCDC,5565,São Felipe D'Oeste/RO,
Recursos hídricos,37,Programa cisternas: água para consumo,2020,,Presente,None,Dado indisponível,#DCDCDC,4817,São Félix/BA,
Recursos hídricos,37,Programa cisternas: água para consumo,2020,,Presente,None,Dado indisponível,#DCDCDC,3362,São Félix de Balsas/MA,
Recursos hídricos,37,Programa cisternas: água para consumo,2020,,Presente,None,Dado indisponível,#DCDCDC,5057,São Félix do Araguaia/MT,
Recursos hídricos,37,Programa cisternas: água para consumo,2020,,Presente,None,Dado indisponível,#DCDCDC,3169,São Félix do Tocantins/TO,
Recursos hídricos,37,Programa cisternas: água para consumo,2020,,Presente,None,Dado indisponível,#DCDCDC,1755,São Fidélis/RJ,
Recursos hídricos,37,Programa cisternas: água para consumo,2020,,Presente,None,Dado indisponível,#DCDCDC,433,São Francisco de Assis/RS,
Recursos hídricos,37,Programa cisternas: água para consumo,2020,,Presente,None,Dado indisponível,#DCDCDC,2795,São Francisco de Goiás/GO,
Recursos hídricos,37,Programa cisternas: água para consumo,2020,,Presente,None,Dado indisponível,#DCDCDC,1754,São Francisco de Itabapoana/RJ,
Recursos hídricos,37,Programa cisternas: água para consumo,2020,,Presente,None,Dado indisponível,#DCDCDC,1466,São Francisco de Paula/MG,
Recursos hídricos,37,Programa cisternas: água para consumo,2020,,Presente,None,Dado indisponível,#DCDCDC,2623,São Francisco de Paula/RS,
Recursos hídricos,37,Programa cisternas: água para consumo,2020,,Presente,None,Dado indisponível,#DCDCDC,1467,São Francisco de Sales/MG,
Recursos hídricos,37,Programa cisternas: água para consumo,2020,,Presente,None,Dado indisponível,#DCDCDC,3363,São Francisco do Brejão/MA,
Recursos hídricos,37,Programa cisternas: água para consumo,2020,,Presente,None,Dado indisponível,#DCDCDC,4820,São Francisco do Conde/BA,
Recursos hídricos,37,Programa cisternas: água para consumo,2020,,Presente,None,Dado indisponível,#DCDCDC,1468,São Francisco do Glória/MG,
Recursos hídricos,37,Programa cisternas: água para consumo,2020,,Presente,None,Dado indisponível,#DCDCDC,5566,São Francisco do Guaporé/RO,
Recursos hídricos,37,Programa cisternas: água para consumo,2020,,Presente,None,Dado indisponível,#DCDCDC,3028,São Francisco do Pará/PA,
Recursos hídricos,37,Programa cisternas: água para consumo,2020,,Presente,None,Dado indisponível,#DCDCDC,2530,São Francisco do Sul/SC,
Recursos hídricos,37,Programa cisternas: água para consumo,2020,,Presente,None,Dado indisponível,#DCDCDC,4556,São Francisco/SE,
Recursos hídricos,37,Programa cisternas: água para consumo,2020,,Presente,None,Dado indisponível,#DCDCDC,2286,São Francisco/SP,
Recursos hídricos,37,Programa cisternas: água para consumo,2020,,Presente,None,Dado indisponível,#DCDCDC,5510,São Gabriel da Cachoeira/AM,
Recursos hídricos,37,Programa cisternas: água para consumo,2020,,Presente,None,Dado indisponível,#DCDCDC,1671,São Gabriel da Palha/ES,
Recursos hídricos,37,Programa cisternas: água para consumo,2020,,Presente,None,Dado indisponível,#DCDCDC,589,São Gabriel do Oeste/MS,
Recursos hídricos,37,Programa cisternas: água para consumo,2020,,Presente,None,Dado indisponível,#DCDCDC,434,São Gabriel/RS,
Recursos hídricos,37,Programa cisternas: água para consumo,2020,,Presente,None,Dado indisponível,#DCDCDC,3029,São Geraldo do Araguaia/PA,
Recursos hídricos,37,Programa cisternas: água para consumo,2020,,Presente,None,Dado indisponível,#DCDCDC,1469,São Geraldo/MG,
Recursos hídricos,37,Programa cisternas: água para consumo,2020,,Presente,None,Dado indisponível,#DCDCDC,1472,São Gonçalo do Abaeté/MG,
Recursos hídricos,37,Programa cisternas: água para consumo,2020,,Presente,None,Dado indisponível,#DCDCDC,3942,São Gonçalo do Amarante/RN,
Recursos hídricos,37,Programa cisternas: água para consumo,2020,,Presente,None,Dado indisponível,#DCDCDC,1473,São Gonçalo do Pará/MG,
Recursos hídricos,37,Programa cisternas: água para consumo,2020,,Presente,None,Dado indisponível,#DCDCDC,1474,São Gonçalo do Rio Abaixo/MG,
Recursos hídricos,37,Programa cisternas: água para consumo,2020,,Presente,None,Dado indisponível,#DCDCDC,1037,São Gonçalo do Rio Preto/MG,
Recursos hídricos,37,Programa cisternas: água para consumo,2020,,Presente,None,Dado indisponível,#DCDCDC,1475,São Gonçalo do Sapucaí/MG,
Recursos hídricos,37,Programa cisternas: água para consumo,2020,,Presente,None,Dado indisponível,#DCDCDC,1756,São Gonçalo/RJ,
Recursos hídricos,37,Programa cisternas: água para consumo,2020,,Presente,None,Dado indisponível,#DCDCDC,1476,São Gotardo/MG,
Recursos hídricos,37,Programa cisternas: água para consumo,2020,,Presente,None,Dado indisponível,#DCDCDC,5412,São Jerônimo da Serra/PR,
Recursos hídricos,37,Programa cisternas: água para consumo,2020,,Presente,None,Dado indisponível,#DCDCDC,435,São Jerônimo/RS,
Recursos hídricos,37,Programa cisternas: água para consumo,2020,,Presente,None,Dado indisponível,#DCDCDC,1477,São João Batista do Glória/MG,
Recursos hídricos,37,Programa cisternas: água para consumo,2020,,Presente,None,Dado indisponível,#DCDCDC,3365,São João Batista/MA,
Recursos hídricos,37,Programa cisternas: água para consumo,2020,,Presente,None,Dado indisponível,#DCDCDC,2531,São João Batista/SC,
Recursos hídricos,37,Programa cisternas: água para consumo,2020,,Presente,None,Dado indisponível,#DCDCDC,2855,São João da Baliza/RR,
Recursos hídricos,37,Programa cisternas: água para consumo,2020,,Presente,None,Dado indisponível,#DCDCDC,1757,São João da Barra/RJ,
Recursos hídricos,37,Programa cisternas: água para consumo,2020,,Presente,None,Dado indisponível,#DCDCDC,2287,São João da Boa Vista/SP,
Recursos hídricos,37,Programa cisternas: água para consumo,2020,,Presente,None,Dado indisponível,#DCDCDC,5026,São João d'Aliança/GO,
Recursos hídricos,37,Programa cisternas: água para consumo,2020,,Presente,None,Dado indisponível,#DCDCDC,1479,São João da Mata/MG,
Recursos hídricos,37,Programa cisternas: água para consumo,2020,,Presente,None,Dado indisponível,#DCDCDC,2796,São João da Paraúna/GO,
Recursos hídricos,37,Programa cisternas: água para consumo,2020,,Presente,None,Dado indisponível,#DCDCDC,3030,São João da Ponta/PA,
Recursos hídricos,37,Programa cisternas: água para consumo,2020,,Presente,None,Dado indisponível,#DCDCDC,2288,São João das Duas Pontes/SP,
Recursos hídricos,37,Programa cisternas: água para consumo,2020,,Presente,None,Dado indisponível,#DCDCDC,436,São João da Urtiga/RS,
Recursos hídricos,37,Programa cisternas: água para consumo,2020,,Presente,None,Dado indisponível,#DCDCDC,2289,São João de Iracema/SP,
Recursos hídricos,37,Programa cisternas: água para consumo,2020,,Presente,None,Dado indisponível,#DCDCDC,1482,São João del Rei/MG,
Recursos hídricos,37,Programa cisternas: água para consumo,2020,,Presente,None,Dado indisponível,#DCDCDC,1758,São João de Meriti/RJ,
Recursos hídricos,37,Programa cisternas: água para consumo,2020,,Presente,None,Dado indisponível,#DCDCDC,3031,São João de Pirabas/PA,
Recursos hídricos,37,Programa cisternas: água para consumo,2020,,Presente,None,Dado indisponível,#DCDCDC,3032,São João do Araguaia/PA,
Recursos hídricos,37,Programa cisternas: água para consumo,2020,,Presente,None,Dado indisponível,#DCDCDC,5275,São João do Caiuá/PR,
Recursos hídricos,37,Programa cisternas: água para consumo,2020,,Presente,None,Dado indisponível,#DCDCDC,3366,São João do Carú/MA,
Recursos hídricos,37,Programa cisternas: água para consumo,2020,,Presente,None,Dado indisponível,#DCDCDC,2532,São João do Itaperiú/SC,
Recursos hídricos,37,Programa cisternas: água para consumo,2020,,Presente,None,Dado indisponível,#DCDCDC,5276,São João do Ivaí/PR,
Recursos hídricos,37,Programa cisternas: água para consumo,2020,,Presente,None,Dado indisponível,#DCDCDC,1483,São João do Manhuaçu/MG,
Recursos hídricos,37,Programa cisternas: água para consumo,2020,,Presente,None,Dado indisponível,#DCDCDC,109,São João do Oeste/SC,
Recursos hídricos,37,Programa cisternas: água para consumo,2020,,Presente,None,Dado indisponível,#DCDCDC,1485,São João do Oriente/MG,
Recursos hídricos,37,Programa cisternas: água para consumo,2020,,Presente,None,Dado indisponível,#DCDCDC,3367,São João do Paraíso/MA,
Recursos hídricos,37,Programa cisternas: água para consumo,2020,,Presente,None,Dado indisponível,#DCDCDC,23,São João do Pau d'Alho/SP,
Recursos hídricos,37,Programa cisternas: água para consumo,2020,,Presente,None,Dado indisponível,#DCDCDC,437,São João do Polêsine/RS,
Recursos hídricos,37,Programa cisternas: água para consumo,2020,,Presente,None,Dado indisponível,#DCDCDC,2533,São João do Sul/SC,
Recursos hídricos,37,Programa cisternas: água para consumo,2020,,Presente,None,Dado indisponível,#DCDCDC,5413,São João do Triunfo/PR,
Recursos hídricos,37,Programa cisternas: água para consumo,2020,,Presente,None,Dado indisponível,#DCDCDC,1489,São João Nepomuceno/MG,
Recursos hídricos,37,Programa cisternas: água para consumo,2020,,Presente,None,Dado indisponível,#DCDCDC,5274,São João/PR,
Recursos hídricos,37,Programa cisternas: água para consumo,2020,,Presente,None,Dado indisponível,#DCDCDC,2290,São Joaquim da Barra/SP,
Recursos hídricos,37,Programa cisternas: água para consumo,2020,,Presente,None,Dado indisponível,#DCDCDC,1490,São Joaquim de Bicas/MG,
Recursos hídricos,37,Programa cisternas: água para consumo,2020,,Presente,None,Dado indisponível,#DCDCDC,2534,São Joaquim/SC,
Recursos hídricos,37,Programa cisternas: água para consumo,2020,,Presente,None,Dado indisponível,#DCDCDC,5277,São Jorge d'Oeste/PR,
Recursos hídricos,37,Programa cisternas: água para consumo,2020,,Presente,None,Dado indisponível,#DCDCDC,5278,São Jorge do Ivaí/PR,
Recursos hídricos,37,Programa cisternas: água para consumo,2020,,Presente,None,Dado indisponível,#DCDCDC,5279,São Jorge do Patrocínio/PR,
Recursos hídricos,37,Programa cisternas: água para consumo,2020,,Presente,None,Dado indisponível,#DCDCDC,438,São Jorge/RS,
Recursos hídricos,37,Programa cisternas: água para consumo,2020,,Presente,None,Dado indisponível,#DCDCDC,1491,São José da Barra/MG,
Recursos hídricos,37,Programa cisternas: água para consumo,2020,,Presente,None,Dado indisponível,#DCDCDC,2291,São José da Bela Vista/SP,
Recursos hídricos,37,Programa cisternas: água para consumo,2020,,Presente,None,Dado indisponível,#DCDCDC,5414,São José da Boa Vista/PR,
Recursos hídricos,37,Programa cisternas: água para consumo,2020,,Presente,None,Dado indisponível,#DCDCDC,4354,São José da Coroa Grande/PE,
Recursos hídricos,37,Programa cisternas: água para consumo,2020,,Presente,None,Dado indisponível,#DCDCDC,4475,São José da Laje/AL,
Recursos hídricos,37,Programa cisternas: água para consumo,2020,,Presente,None,Dado indisponível,#DCDCDC,1492,São José da Lapa/MG,
Recursos hídricos,37,Programa cisternas: água para consumo,2020,,Presente,None,Dado indisponível,#DCDCDC,439,São José das Missões/RS,
Recursos hídricos,37,Programa cisternas: água para consumo,2020,,Presente,None,Dado indisponível,#DCDCDC,5280,São José das Palmeiras/PR,
Recursos hídricos,37,Programa cisternas: água para consumo,2020,,Presente,None,Dado indisponível,#DCDCDC,1494,São José da Varginha/MG,
Recursos hídricos,37,Programa cisternas: água para consumo,2020,,Presente,None,Dado indisponível,#DCDCDC,745,São José da Vitória/BA,
Recursos hídricos,37,Programa cisternas: água para consumo,2020,,Presente,None,Dado indisponível,#DCDCDC,3944,São José de Mipibu/RN,
Recursos hídricos,37,Programa cisternas: água para consumo,2020,,Presente,None,Dado indisponível,#DCDCDC,3370,São José de Ribamar/MA,
Recursos hídricos,37,Programa cisternas: água para consumo,2020,,Presente,None,Dado indisponível,#DCDCDC,1759,São José de Ubá/RJ,
Recursos hídricos,37,Programa cisternas: água para consumo,2020,,Presente,None,Dado indisponível,#DCDCDC,1495,São José do Alegre/MG,
Recursos hídricos,37,Programa cisternas: água para consumo,2020,,Presente,None,Dado indisponível,#DCDCDC,2292,São José do Barreiro/SP,
Recursos hídricos,37,Programa cisternas: água para consumo,2020,,Presente,None,Dado indisponível,#DCDCDC,1672,São José do Calçado/ES,
Recursos hídricos,37,Programa cisternas: água para consumo,2020,,Presente,None,Dado indisponível,#DCDCDC,110,São José do Cedro/SC,
Recursos hídricos,37,Programa cisternas: água para consumo,2020,,Presente,None,Dado indisponível,#DCDCDC,2536,São José do Cerrito/SC,
Recursos hídricos,37,Programa cisternas: água para consumo,2020,,Presente,None,Dado indisponível,#DCDCDC,1497,São José do Goiabal/MG,
Recursos hídricos,37,Programa cisternas: água para consumo,2020,,Presente,None,Dado indisponível,#DCDCDC,440,São José do Herval/RS,
Recursos hídricos,37,Programa cisternas: água para consumo,2020,,Presente,None,Dado indisponível,#DCDCDC,2624,São José do Hortêncio/RS,
Recursos hídricos,37,Programa cisternas: água para consumo,2020,,Presente,None,Dado indisponível,#DCDCDC,441,São José do Inhacorá/RS,
Recursos hídricos,37,Programa cisternas: água para consumo,2020,,Presente,None,Dado indisponível,#DCDCDC,1499,São José do Mantimento/MG,
Recursos hídricos,37,Programa cisternas: água para consumo,2020,,Presente,None,Dado indisponível,#DCDCDC,4941,São José do Norte/RS,
Recursos hídricos,37,Programa cisternas: água para consumo,2020,,Presente,None,Dado indisponível,#DCDCDC,442,São José do Ouro/RS,
Recursos hídricos,37,Programa cisternas: água para consumo,2020,,Presente,None,Dado indisponível,#DCDCDC,648,São José do Povo/MT,
Recursos hídricos,37,Programa cisternas: água para consumo,2020,,Presente,None,Dado indisponível,#DCDCDC,2923,São José do Rio Claro/MT,
Recursos hídricos,37,Programa cisternas: água para consumo,2020,,Presente,None,Dado indisponível,#DCDCDC,2293,São José do Rio Pardo/SP,
Recursos hídricos,37,Programa cisternas: água para consumo,2020,,Presente,None,Dado indisponível,#DCDCDC,2294,São José do Rio Preto/SP,
Recursos hídricos,37,Programa cisternas: água para consumo,2020,,Presente,None,Dado indisponível,#DCDCDC,2625,São José dos Ausentes/RS,
Recursos hídricos,37,Programa cisternas: água para consumo,2020,,Presente,None,Dado indisponível,#DCDCDC,3371,São José dos Basílios/MA,
Recursos hídricos,37,Programa cisternas: água para consumo,2020,,Presente,None,Dado indisponível,#DCDCDC,2295,São José dos Campos/SP,
Recursos hídricos,37,Programa cisternas: água para consumo,2020,,Presente,None,Dado indisponível,#DCDCDC,5415,São José dos Pinhais/PR,
Recursos hídricos,37,Programa cisternas: água para consumo,2020,,Presente,None,Dado indisponível,#DCDCDC,643,São José dos Quatro Marcos/MT,
Recursos hídricos,37,Programa cisternas: água para consumo,2020,,Presente,None,Dado indisponível,#DCDCDC,443,São José do Sul/RS,
Recursos hídricos,37,Programa cisternas: água para consumo,2020,,Presente,None,Dado indisponível,#DCDCDC,1760,São José do Vale do Rio Preto/RJ,
Recursos hídricos,37,Programa cisternas: água para consumo,2020,,Presente,None,Dado indisponível,#DCDCDC,2924,São José do Xingu/MT,
Recursos hídricos,37,Programa cisternas: água para consumo,2020,,Presente,None,Dado indisponível,#DCDCDC,2535,São José/SC,
Recursos hídricos,37,Programa cisternas: água para consumo,2020,,Presente,None,Dado indisponível,#DCDCDC,2626,São Leopoldo/RS,
Recursos hídricos,37,Programa cisternas: água para consumo,2020,,Presente,None,Dado indisponível,#DCDCDC,4357,São Lourenço da Mata/PE,
Recursos hídricos,37,Programa cisternas: água para consumo,2020,,Presente,None,Dado indisponível,#DCDCDC,2296,São Lourenço da Serra/SP,
Recursos hídricos,37,Programa cisternas: água para consumo,2020,,Presente,None,Dado indisponível,#DCDCDC,111,São Lourenço do Oeste/SC,
Recursos hídricos,37,Programa cisternas: água para consumo,2020,,Presente,None,Dado indisponível,#DCDCDC,444,São Lourenço do Sul/RS,
Recursos hídricos,37,Programa cisternas: água para consumo,2020,,Presente,None,Dado indisponível,#DCDCDC,1500,São Lourenço/MG,
Recursos hídricos,37,Programa cisternas: água para consumo,2020,,Presente,None,Dado indisponível,#DCDCDC,2537,São Ludgero/SC,
Recursos hídricos,37,Programa cisternas: água para consumo,2020,,Presente,None,Dado indisponível,#DCDCDC,2797,São Luís de Montes Belos/GO,
Recursos hídricos,37,Programa cisternas: água para consumo,2020,,Presente,None,Dado indisponível,#DCDCDC,4477,São Luís do Quitunde/AL,
Recursos hídricos,37,Programa cisternas: água para consumo,2020,,Presente,None,Dado indisponível,#DCDCDC,3373,São Luís Gonzaga do Maranhão/MA,
Recursos hídricos,37,Programa cisternas: água para consumo,2020,,Presente,None,Dado indisponível,#DCDCDC,3372,São Luís/MA,
Recursos hídricos,37,Programa cisternas: água para consumo,2020,,Presente,None,Dado indisponível,#DCDCDC,2798,São Luiz do Norte/GO,
Recursos hídricos,37,Programa cisternas: água para consumo,2020,,Presente,None,Dado indisponível,#DCDCDC,2297,São Luiz do Paraitinga/SP,
Recursos hídricos,37,Programa cisternas: água para consumo,2020,,Presente,None,Dado indisponível,#DCDCDC,445,São Luiz Gonzaga/RS,
Recursos hídricos,37,Programa cisternas: água para consumo,2020,,Presente,None,Dado indisponível,#DCDCDC,2856,São Luiz/RR,
Recursos hídricos,37,Programa cisternas: água para consumo,2020,,Presente,None,Dado indisponível,#DCDCDC,5281,São Manoel do Paraná/PR,
Recursos hídricos,37,Programa cisternas: água para consumo,2020,,Presente,None,Dado indisponível,#DCDCDC,2298,São Manuel/SP,
Recursos hídricos,37,Programa cisternas: água para consumo,2020,,Presente,None,Dado indisponível,#DCDCDC,2627,São Marcos/RS,
Recursos hídricos,37,Programa cisternas: água para consumo,2020,,Presente,None,Dado indisponível,#DCDCDC,447,São Martinho da Serra/RS,
Recursos hídricos,37,Programa cisternas: água para consumo,2020,,Presente,None,Dado indisponível,#DCDCDC,446,São Martinho/RS,
Recursos hídricos,37,Programa cisternas: água para consumo,2020,,Presente,None,Dado indisponível,#DCDCDC,2538,São Martinho/SC,
Recursos hídricos,37,Programa cisternas: água para consumo,2020,,Presente,None,Dado indisponível,#DCDCDC,3374,São Mateus do Maranhão/MA,
Recursos hídricos,37,Programa cisternas: água para consumo,2020,,Presente,None,Dado indisponível,#DCDCDC,5416,São Mateus do Sul/PR,
Recursos hídricos,37,Programa cisternas: água para consumo,2020,,Presente,None,Dado indisponível,#DCDCDC,2299,São Miguel Arcanjo/SP,
Recursos hídricos,37,Programa cisternas: água para consumo,2020,,Presente,None,Dado indisponível,#DCDCDC,112,São Miguel da Boa Vista/SC,
Recursos hídricos,37,Programa cisternas: água para consumo,2020,,Presente,None,Dado indisponível,#DCDCDC,448,São Miguel das Missões/RS,
Recursos hídricos,37,Programa cisternas: água para consumo,2020,,Presente,None,Dado indisponível,#DCDCDC,4174,São Miguel de Taipu/PB,
Recursos hídricos,37,Programa cisternas: água para consumo,2020,,Presente,None,Dado indisponível,#DCDCDC,1501,São Miguel do Anta/MG,
Recursos hídricos,37,Programa cisternas: água para consumo,2020,,Presente,None,Dado indisponível,#DCDCDC,4892,São Miguel do Araguaia/GO,
Recursos hídricos,37,Programa cisternas: água para consumo,2020,,Presente,None,Dado indisponível,#DCDCDC,3033,São Miguel do Guamá/PA,
Recursos hídricos,37,Programa cisternas: água para consumo,2020,,Presente,None,Dado indisponível,#DCDCDC,5543,São Miguel do Guaporé/RO,
Recursos hídricos,37,Programa cisternas: água para consumo,2020,,Presente,None,Dado indisponível,#DCDCDC,5282,São Miguel do Iguaçu/PR,
Recursos hídricos,37,Programa cisternas: água para consumo,2020,,Presente,None,Dado indisponível,#DCDCDC,113,São Miguel do Oeste/SC,
Recursos hídricos,37,Programa cisternas: água para consumo,2020,,Presente,None,Dado indisponível,#DCDCDC,2799,São Miguel do Passa Quatro/GO,
Recursos hídricos,37,Programa cisternas: água para consumo,2020,,Presente,None,Dado indisponível,#DCDCDC,4478,São Miguel dos Campos/AL,
Recursos hídricos,37,Programa cisternas: água para consumo,2020,,Presente,None,Dado indisponível,#DCDCDC,4479,São Miguel dos Milagres/AL,
Recursos hídricos,37,Programa cisternas: água para consumo,2020,,Presente,None,Dado indisponível,#DCDCDC,3170,São Miguel do Tocantins/TO,
Recursos hídricos,37,Programa cisternas: água para consumo,2020,,Presente,None,Dado indisponível,#DCDCDC,449,São Nicolau/RS,
Recursos hídricos,37,Programa cisternas: água para consumo,2020,,Presente,None,Dado indisponível,#DCDCDC,2800,São Patrício/GO,
Recursos hídricos,37,Programa cisternas: água para consumo,2020,,Presente,None,Dado indisponível,#DCDCDC,450,São Paulo das Missões/RS,
Recursos hídricos,37,Programa cisternas: água para consumo,2020,,Presente,None,Dado indisponível,#DCDCDC,5511,São Paulo de Olivença/AM,
Recursos hídricos,37,Programa cisternas: água para consumo,2020,,Presente,None,Dado indisponível,#DCDCDC,2300,São Paulo/SP,
Recursos hídricos,37,Programa cisternas: água para consumo,2020,,Presente,None,Dado indisponível,#DCDCDC,3375,São Pedro da Água Branca/MA,
Recursos hídricos,37,Programa cisternas: água para consumo,2020,,Presente,None,Dado indisponível,#DCDCDC,1761,São Pedro da Aldeia/RJ,
Recursos hídricos,37,Programa cisternas: água para consumo,2020,,Presente,None,Dado indisponível,#DCDCDC,649,São Pedro da Cipa/MT,
Recursos hídricos,37,Programa cisternas: água para consumo,2020,,Presente,None,Dado indisponível,#DCDCDC,451,São Pedro da Serra/RS,
Recursos hídricos,37,Programa cisternas: água para consumo,2020,,Presente,None,Dado indisponível,#DCDCDC,452,São Pedro das Missões/RS,
Recursos hídricos,37,Programa cisternas: água para consumo,2020,,Presente,None,Dado indisponível,#DCDCDC,1502,São Pedro da União/MG,
Recursos hídricos,37,Programa cisternas: água para consumo,2020,,Presente,None,Dado indisponível,#DCDCDC,2539,São Pedro de Alcântara/SC,
Recursos hídricos,37,Programa cisternas: água para consumo,2020,,Presente,None,Dado indisponível,#DCDCDC,453,São Pedro do Butiá/RS,
Recursos hídricos,37,Programa cisternas: água para consumo,2020,,Presente,None,Dado indisponível,#DCDCDC,5283,São Pedro do Iguaçu/PR,
Recursos hídricos,37,Programa cisternas: água para consumo,2020,,Presente,None,Dado indisponível,#DCDCDC,5284,São Pedro do Ivaí/PR,
Recursos hídricos,37,Programa cisternas: água para consumo,2020,,Presente,None,Dado indisponível,#DCDCDC,5285,São Pedro do Paraná/PR,
Recursos hídricos,37,Programa cisternas: água para consumo,2020,,Presente,None,Dado indisponível,#DCDCDC,3376,São Pedro dos Crentes/MA,
Recursos hídricos,37,Programa cisternas: água para consumo,2020,,Presente,None,Dado indisponível,#DCDCDC,1503,São Pedro dos Ferros/MG,
Recursos hídricos,37,Programa cisternas: água para consumo,2020,,Presente,None,Dado indisponível,#DCDCDC,454,São Pedro do Sul/RS,
Recursos hídricos,37,Programa cisternas: água para consumo,2020,,Presente,None,Dado indisponível,#DCDCDC,2302,São Pedro do Turvo/SP,
Recursos hídricos,37,Programa cisternas: água para consumo,2020,,Presente,None,Dado indisponível,#DCDCDC,2301,São Pedro/SP,
Recursos hídricos,37,Programa cisternas: água para consumo,2020,,Presente,None,Dado indisponível,#DCDCDC,3377,São Raimundo das Mangabeiras/MA,
Recursos hídricos,37,Programa cisternas: água para consumo,2020,,Presente,None,Dado indisponível,#DCDCDC,3379,São Roberto/MA,
Recursos hídricos,37,Programa cisternas: água para consumo,2020,,Presente,None,Dado indisponível,#DCDCDC,1506,São Roque de Minas/MG,
Recursos hídricos,37,Programa cisternas: água para consumo,2020,,Presente,None,Dado indisponível,#DCDCDC,1674,São Roque do Canaã/ES,
Recursos hídricos,37,Programa cisternas: água para consumo,2020,,Presente,None,Dado indisponível,#DCDCDC,2303,São Roque/SP,
Recursos hídricos,37,Programa cisternas: água para consumo,2020,,Presente,None,Dado indisponível,#DCDCDC,3171,São Salvador do Tocantins/TO,
Recursos hídricos,37,Programa cisternas: água para consumo,2020,,Presente,None,Dado indisponível,#DCDCDC,5417,São Sebastião da Amoreira/PR,
Recursos hídricos,37,Programa cisternas: água para consumo,2020,,Presente,None,Dado indisponível,#DCDCDC,1507,São Sebastião da Bela Vista/MG,
Recursos hídricos,37,Programa cisternas: água para consumo,2020,,Presente,None,Dado indisponível,#DCDCDC,2305,São Sebastião da Grama/SP,
Recursos hídricos,37,Programa cisternas: água para consumo,2020,,Presente,None,Dado indisponível,#DCDCDC,1508,São Sebastião da Vargem Alegre/MG,
Recursos hídricos,37,Programa cisternas: água para consumo,2020,,Presente,None,Dado indisponível,#DCDCDC,1762,São Sebastião do Alto/RJ,
Recursos hídricos,37,Programa cisternas: água para consumo,2020,,Presente,None,Dado indisponível,#DCDCDC,2628,São Sebastião do Caí/RS,
Recursos hídricos,37,Programa cisternas: água para consumo,2020,,Presente,None,Dado indisponível,#DCDCDC,1511,São Sebastião do Oeste/MG,
Recursos hídricos,37,Programa cisternas: água para consumo,2020,,Presente,None,Dado indisponível,#DCDCDC,1512,São Sebastião do Paraíso/MG,
Recursos hídricos,37,Programa cisternas: água para consumo,2020,,Presente,None,Dado indisponível,#DCDCDC,4825,São Sebastião do Passé/BA,
Recursos hídricos,37,Programa cisternas: água para consumo,2020,,Presente,None,Dado indisponível,#DCDCDC,1513,São Sebastião do Rio Preto/MG,
Recursos hídricos,37,Programa cisternas: água para consumo,2020,,Presente,None,Dado indisponível,#DCDCDC,1514,São Sebastião do Rio Verde/MG,
Recursos hídricos,37,Programa cisternas: água para consumo,2020,,Presente,None,Dado indisponível,#DCDCDC,3172,São Sebastião do Tocantins/TO,
Recursos hídricos,37,Programa cisternas: água para consumo,2020,,Presente,None,Dado indisponível,#DCDCDC,5512,São Sebastião do Uatumã/AM,
Recursos hídricos,37,Programa cisternas: água para consumo,2020,,Presente,None,Dado indisponível,#DCDCDC,2304,São Sebastião/SP,
Recursos hídricos,37,Programa cisternas: água para consumo,2020,,Presente,None,Dado indisponível,#DCDCDC,455,São Sepé/RS,
Recursos hídricos,37,Programa cisternas: água para consumo,2020,,Presente,None,Dado indisponível,#DCDCDC,2801,São Simão/GO,
Recursos hídricos,37,Programa cisternas: água para consumo,2020,,Presente,None,Dado indisponível,#DCDCDC,2306,São Simão/SP,
Recursos hídricos,37,Programa cisternas: água para consumo,2020,,Presente,None,Dado indisponível,#DCDCDC,1515,São Tiago/MG,
Recursos hídricos,37,Programa cisternas: água para consumo,2020,,Presente,None,Dado indisponível,#DCDCDC,1516,São Tomás de Aquino/MG,
Recursos hídricos,37,Programa cisternas: água para consumo,2020,,Presente,None,Dado indisponível,#DCDCDC,1517,São Tomé das Letras/MG,
Recursos hídricos,37,Programa cisternas: água para consumo,2020,,Presente,None,Dado indisponível,#DCDCDC,5286,São Tomé/PR,
Recursos hídricos,37,Programa cisternas: água para consumo,2020,,Presente,None,Dado indisponível,#DCDCDC,457,São Valentim do Sul/RS,
Recursos hídricos,37,Programa cisternas: água para consumo,2020,,Presente,None,Dado indisponível,#DCDCDC,456,São Valentim/RS,
Recursos hídricos,37,Programa cisternas: água para consumo,2020,,Presente,None,Dado indisponível,#DCDCDC,458,São Valério do Sul/RS,
Recursos hídricos,37,Programa cisternas: água para consumo,2020,,Presente,None,Dado indisponível,#DCDCDC,3173,São Valério/TO,
Recursos hídricos,37,Programa cisternas: água para consumo,2020,,Presente,None,Dado indisponível,#DCDCDC,2629,São Vendelino/RS,
Recursos hídricos,37,Programa cisternas: água para consumo,2020,,Presente,None,Dado indisponível,#DCDCDC,1518,São Vicente de Minas/MG,
Recursos hídricos,37,Programa cisternas: água para consumo,2020,,Presente,None,Dado indisponível,#DCDCDC,459,São Vicente do Sul/RS,
Recursos hídricos,37,Programa cisternas: água para consumo,2020,,Presente,None,Dado indisponível,#DCDCDC,3380,São Vicente Ferrer/MA,
Recursos hídricos,37,Programa cisternas: água para consumo,2020,,Presente,None,Dado indisponível,#DCDCDC,2307,São Vicente/SP,
Recursos hídricos,37,Programa cisternas: água para consumo,2020,,Presente,None,Dado indisponível,#DCDCDC,4826,Sapeaçu/BA,
Recursos hídricos,37,Programa cisternas: água para consumo,2020,,Presente,None,Dado indisponível,#DCDCDC,2927,Sapezal/MT,
Recursos hídricos,37,Programa cisternas: água para consumo,2020,,Presente,None,Dado indisponível,#DCDCDC,2630,Sapiranga/RS,
Recursos hídricos,37,Programa cisternas: água para consumo,2020,,Presente,None,Dado indisponível,#DCDCDC,5418,Sapopema/PR,
Recursos hídricos,37,Programa cisternas: água para consumo,2020,,Presente,None,Dado indisponível,#DCDCDC,2631,Sapucaia do Sul/RS,
Recursos hídricos,37,Programa cisternas: água para consumo,2020,,Presente,None,Dado indisponível,#DCDCDC,3035,Sapucaia/PA,
Recursos hídricos,37,Programa cisternas: água para consumo,2020,,Presente,None,Dado indisponível,#DCDCDC,1763,Sapucaia/RJ,
Recursos hídricos,37,Programa cisternas: água para consumo,2020,,Presente,None,Dado indisponível,#DCDCDC,1519,Sapucaí-Mirim/MG,
Recursos hídricos,37,Programa cisternas: água para consumo,2020,,Presente,None,Dado indisponível,#DCDCDC,1764,Saquarema/RJ,
Recursos hídricos,37,Programa cisternas: água para consumo,2020,,Presente,None,Dado indisponível,#DCDCDC,5287,Sarandi/PR,
Recursos hídricos,37,Programa cisternas: água para consumo,2020,,Presente,None,Dado indisponível,#DCDCDC,460,Sarandi/RS,
Recursos hídricos,37,Programa cisternas: água para consumo,2020,,Presente,None,Dado indisponível,#DCDCDC,2308,Sarapuí/SP,
Recursos hídricos,37,Programa cisternas: água para consumo,2020,,Presente,None,Dado indisponível,#DCDCDC,2309,Sarutaiá/SP,
Recursos hídricos,37,Programa cisternas: água para consumo,2020,,Presente,None,Dado indisponível,#DCDCDC,1521,Sarzedo/MG,
Recursos hídricos,37,Programa cisternas: água para consumo,2020,,Presente,None,Dado indisponível,#DCDCDC,4481,Satuba/AL,
Recursos hídricos,37,Programa cisternas: água para consumo,2020,,Presente,None,Dado indisponível,#DCDCDC,3381,Satubinha/MA,
Recursos hídricos,37,Programa cisternas: água para consumo,2020,,Presente,None,Dado indisponível,#DCDCDC,4828,Saubara/BA,
Recursos hídricos,37,Programa cisternas: água para consumo,2020,,Presente,None,Dado indisponível,#DCDCDC,5288,Saudade do Iguaçu/PR,
Recursos hídricos,37,Programa cisternas: água para consumo,2020,,Presente,None,Dado indisponível,#DCDCDC,114,Saudades/SC,
Recursos hídricos,37,Programa cisternas: água para consumo,2020,,Presente,None,Dado indisponível,#DCDCDC,2540,Schroeder/SC,
Recursos hídricos,37,Programa cisternas: água para consumo,2020,,Presente,None,Dado indisponível,#DCDCDC,115,Seara/SC,
Recursos hídricos,37,Programa cisternas: água para consumo,2020,,Presente,None,Dado indisponível,#DCDCDC,2310,Sebastianópolis do Sul/SP,
Recursos hídricos,37,Programa cisternas: água para consumo,2020,,Presente,None,Dado indisponível,#DCDCDC,461,Seberi/RS,
Recursos hídricos,37,Programa cisternas: água para consumo,2020,,Presente,None,Dado indisponível,#DCDCDC,462,Sede Nova/RS,
Recursos hídricos,37,Programa cisternas: água para consumo,2020,,Presente,None,Dado indisponível,#DCDCDC,463,Segredo/RS,
Recursos hídricos,37,Programa cisternas: água para consumo,2020,,Presente,None,Dado indisponível,#DCDCDC,464,Selbach/RS,
Recursos hídricos,37,Programa cisternas: água para consumo,2020,,Presente,None,Dado indisponível,#DCDCDC,4947,Selvíria/MS,
Recursos hídricos,37,Programa cisternas: água para consumo,2020,,Presente,None,Dado indisponível,#DCDCDC,1523,Sem-Peixe/MG,
Recursos hídricos,37,Programa cisternas: água para consumo,2020,,Presente,None,Dado indisponível,#DCDCDC,3382,Senador Alexandre Costa/MA,
Recursos hídricos,37,Programa cisternas: água para consumo,2020,,Presente,None,Dado indisponível,#DCDCDC,1524,Senador Amaral/MG,
Recursos hídricos,37,Programa cisternas: água para consumo,2020,,Presente,None,Dado indisponível,#DCDCDC,2802,Senador Canedo/GO,
Recursos hídricos,37,Programa cisternas: água para consumo,2020,,Presente,None,Dado indisponível,#DCDCDC,1525,Senador Cortes/MG,
Recursos hídricos,37,Programa cisternas: água para consumo,2020,,Presente,None,Dado indisponível,#DCDCDC,1526,Senador Firmino/MG,
Recursos hídricos,37,Programa cisternas: água para consumo,2020,,Presente,None,Dado indisponível,#DCDCDC,3955,Senador Georgino Avelino/RN,
Recursos hídricos,37,Programa cisternas: água para consumo,2020,,Presente,None,Dado indisponível,#DCDCDC,1527,Senador José Bento/MG,
Recursos hídricos,37,Programa cisternas: água para consumo,2020,,Presente,None,Dado indisponível,#DCDCDC,5037,Senador José Porfírio/PA,
Recursos hídricos,37,Programa cisternas: água para consumo,2020,,Presente,None,Dado indisponível,#DCDCDC,3383,Senador La Rocque/MA,
Recursos hídricos,37,Programa cisternas: água para consumo,2020,,Presente,None,Dado indisponível,#DCDCDC,1528,Senador Modestino Gonçalves/MG,
Recursos hídricos,37,Programa cisternas: água para consumo,2020,,Presente,None,Dado indisponível,#DCDCDC,465,Senador Salgado Filho/RS,
Recursos hídricos,37,Programa cisternas: água para consumo,2020,,Presente,None,Dado indisponível,#DCDCDC,2839,Sena Madureira/AC,
Recursos hídricos,37,Programa cisternas: água para consumo,2020,,Presente,None,Dado indisponível,#DCDCDC,5419,Sengés/PR,
Recursos hídricos,37,Programa cisternas: água para consumo,2020,,Presente,None,Dado indisponível,#DCDCDC,1529,Senhora de Oliveira/MG,
Recursos hídricos,37,Programa cisternas: água para consumo,2020,,Presente,None,Dado indisponível,#DCDCDC,1531,Senhora dos Remédios/MG,
Recursos hídricos,37,Programa cisternas: água para consumo,2020,,Presente,None,Dado indisponível,#DCDCDC,466,Sentinela do Sul/RS,
Recursos hídricos,37,Programa cisternas: água para consumo,2020,,Presente,None,Dado indisponível,#DCDCDC,467,Serafina Corrêa/RS,
Recursos hídricos,37,Programa cisternas: água para consumo,2020,,Presente,None,Dado indisponível,#DCDCDC,1532,Sericita/MG,
Recursos hídricos,37,Programa cisternas: água para consumo,2020,,Presente,None,Dado indisponível,#DCDCDC,5567,Seringueiras/RO,
Recursos hídricos,37,Programa cisternas: água para consumo,2020,,Presente,None,Dado indisponível,#DCDCDC,468,Sério/RS,
Recursos hídricos,37,Programa cisternas: água para consumo,2020,,Presente,None,Dado indisponível,#DCDCDC,1533,Seritinga/MG,
Recursos hídricos,37,Programa cisternas: água para consumo,2020,,Presente,None,Dado indisponível,#DCDCDC,1765,Seropédica/RJ,
Recursos hídricos,37,Programa cisternas: água para consumo,2020,,Presente,None,Dado indisponível,#DCDCDC,116,Serra Alta/SC,
Recursos hídricos,37,Programa cisternas: água para consumo,2020,,Presente,None,Dado indisponível,#DCDCDC,1534,Serra Azul de Minas/MG,
Recursos hídricos,37,Programa cisternas: água para consumo,2020,,Presente,None,Dado indisponível,#DCDCDC,2311,Serra Azul/SP,
Recursos hídricos,37,Programa cisternas: água para consumo,2020,,Presente,None,Dado indisponível,#DCDCDC,1535,Serra da Saudade/MG,
Recursos hídricos,37,Programa cisternas: água para consumo,2020,,Presente,None,Dado indisponível,#DCDCDC,2884,Serra do Navio/AP,
Recursos hídricos,37,Programa cisternas: água para consumo,2020,,Presente,None,Dado indisponível,#DCDCDC,1537,Serra do Salitre/MG,
Recursos hídricos,37,Programa cisternas: água para consumo,2020,,Presente,None,Dado indisponível,#DCDCDC,1675,Serra/ES,
Recursos hídricos,37,Programa cisternas: água para consumo,2020,,Presente,None,Dado indisponível,#DCDCDC,2312,Serrana/SP,
Recursos hídricos,37,Programa cisternas: água para consumo,2020,,Presente,None,Dado indisponível,#DCDCDC,2313,Serra Negra/SP,
Recursos hídricos,37,Programa cisternas: água para consumo,2020,,Presente,None,Dado indisponível,#DCDCDC,1538,Serrania/MG,
Recursos hídricos,37,Programa cisternas: água para consumo,2020,,Presente,None,Dado indisponível,#DCDCDC,5289,Serranópolis do Iguaçu/PR,
Recursos hídricos,37,Programa cisternas: água para consumo,2020,,Presente,None,Dado indisponível,#DCDCDC,669,Serranópolis/GO,
Recursos hídricos,37,Programa cisternas: água para consumo,2020,,Presente,None,Dado indisponível,#DCDCDC,1540,Serranos/MG,
Recursos hídricos,37,Programa cisternas: água para consumo,2020,,Presente,None,Dado indisponível,#DCDCDC,5058,Serra Nova Dourada/MT,
Recursos hídricos,37,Programa cisternas: água para consumo,2020,,Presente,None,Dado indisponível,#DCDCDC,1541,Serro/MG,
Recursos hídricos,37,Programa cisternas: água para consumo,2020,,Presente,None,Dado indisponível,#DCDCDC,5420,Sertaneja/PR,
Recursos hídricos,37,Programa cisternas: água para consumo,2020,,Presente,None,Dado indisponível,#DCDCDC,5421,Sertanópolis/PR,
Recursos hídricos,37,Programa cisternas: água para consumo,2020,,Presente,None,Dado indisponível,#DCDCDC,469,Sertão/RS,
Recursos hídricos,37,Programa cisternas: água para consumo,2020,,Presente,None,Dado indisponível,#DCDCDC,470,Sertão Santana/RS,
Recursos hídricos,37,Programa cisternas: água para consumo,2020,,Presente,None,Dado indisponível,#DCDCDC,2314,Sertãozinho/SP,
Recursos hídricos,37,Programa cisternas: água para consumo,2020,,Presente,None,Dado indisponível,#DCDCDC,2315,Sete Barras/SP,
Recursos hídricos,37,Programa cisternas: água para consumo,2020,,Presente,None,Dado indisponível,#DCDCDC,471,Sete de Setembro/RS,
Recursos hídricos,37,Programa cisternas: água para consumo,2020,,Presente,None,Dado indisponível,#DCDCDC,1542,Sete Lagoas/MG,
Recursos hídricos,37,Programa cisternas: água para consumo,2020,,Presente,None,Dado indisponível,#DCDCDC,590,Sete Quedas/MS,
Recursos hídricos,37,Programa cisternas: água para consumo,2020,,Presente,None,Dado indisponível,#DCDCDC,472,Severiano de Almeida/RS,
Recursos hídricos,37,Programa cisternas: água para consumo,2020,,Presente,None,Dado indisponível,#DCDCDC,2316,Severínia/SP,
Recursos hídricos,37,Programa cisternas: água para consumo,2020,,Presente,None,Dado indisponível,#DCDCDC,2541,Siderópolis/SC,
Recursos hídricos,37,Programa cisternas: água para consumo,2020,,Presente,None,Dado indisponível,#DCDCDC,591,Sidrolândia/MS,
Recursos hídricos,37,Programa cisternas: água para consumo,2020,,Presente,None,Dado indisponível,#DCDCDC,1766,Silva Jardim/RJ,
Recursos hídricos,37,Programa cisternas: água para consumo,2020,,Presente,None,Dado indisponível,#DCDCDC,2803,Silvânia/GO,
Recursos hídricos,37,Programa cisternas: água para consumo,2020,,Presente,None,Dado indisponível,#DCDCDC,3174,Silvanópolis/TO,
Recursos hídricos,37,Programa cisternas: água para consumo,2020,,Presente,None,Dado indisponível,#DCDCDC,473,Silveira Martins/RS,
Recursos hídricos,37,Programa cisternas: água para consumo,2020,,Presente,None,Dado indisponível,#DCDCDC,1543,Silveirânia/MG,
Recursos hídricos,37,Programa cisternas: água para consumo,2020,,Presente,None,Dado indisponível,#DCDCDC,2317,Silveiras/SP,
Recursos hídricos,37,Programa cisternas: água para consumo,2020,,Presente,None,Dado indisponível,#DCDCDC,5513,Silves/AM,
Recursos hídricos,37,Programa cisternas: água para consumo,2020,,Presente,None,Dado indisponível,#DCDCDC,1544,Silvianópolis/MG,
Recursos hídricos,37,Programa cisternas: água para consumo,2020,,Presente,None,Dado indisponível,#DCDCDC,1545,Simão Pereira/MG,
Recursos hídricos,37,Programa cisternas: água para consumo,2020,,Presente,None,Dado indisponível,#DCDCDC,4838,Simões Filho/BA,
Recursos hídricos,37,Programa cisternas: água para consumo,2020,,Presente,None,Dado indisponível,#DCDCDC,2804,Simolândia/GO,
Recursos hídricos,37,Programa cisternas: água para consumo,2020,,Presente,None,Dado indisponível,#DCDCDC,1546,Simonésia/MG,
Recursos hídricos,37,Programa cisternas: água para consumo,2020,,Presente,None,Dado indisponível,#DCDCDC,474,Sinimbu/RS,
Recursos hídricos,37,Programa cisternas: água para consumo,2020,,Presente,None,Dado indisponível,#DCDCDC,2928,Sinop/MT,
Recursos hídricos,37,Programa cisternas: água para consumo,2020,,Presente,None,Dado indisponível,#DCDCDC,5422,Siqueira Campos/PR,
Recursos hídricos,37,Programa cisternas: água para consumo,2020,,Presente,None,Dado indisponível,#DCDCDC,4362,Sirinhaém/PE,
Recursos hídricos,37,Programa cisternas: água para consumo,2020,,Presente,None,Dado indisponível,#DCDCDC,4559,Siriri/SE,
Recursos hídricos,37,Programa cisternas: água para consumo,2020,,Presente,None,Dado indisponível,#DCDCDC,2805,Sítio d'Abadia/GO,
Recursos hídricos,37,Programa cisternas: água para consumo,2020,,Presente,None,Dado indisponível,#DCDCDC,3175,Sítio Novo do Tocantins/TO,
Recursos hídricos,37,Programa cisternas: água para consumo,2020,,Presente,None,Dado indisponível,#DCDCDC,3385,Sítio Novo/MA,
Recursos hídricos,37,Programa cisternas: água para consumo,2020,,Presente,None,Dado indisponível,#DCDCDC,475,Sobradinho/RS,
Recursos hídricos,37,Programa cisternas: água para consumo,2020,,Presente,None,Dado indisponível,#DCDCDC,2318,Socorro/SP,
Recursos hídricos,37,Programa cisternas: água para consumo,2020,,Presente,None,Dado indisponível,#DCDCDC,1548,Soledade de Minas/MG,
Recursos hídricos,37,Programa cisternas: água para consumo,2020,,Presente,None,Dado indisponível,#DCDCDC,476,Soledade/RS,
Recursos hídricos,37,Programa cisternas: água para consumo,2020,,Presente,None,Dado indisponível,#DCDCDC,2542,Sombrio/SC,
Recursos hídricos,37,Programa cisternas: água para consumo,2020,,Presente,None,Dado indisponível,#DCDCDC,592,Sonora/MS,
Recursos hídricos,37,Programa cisternas: água para consumo,2020,,Presente,None,Dado indisponível,#DCDCDC,2319,Sorocaba/SP,
Recursos hídricos,37,Programa cisternas: água para consumo,2020,,Presente,None,Dado indisponível,#DCDCDC,2929,Sorriso/MT,
Recursos hídricos,37,Programa cisternas: água para consumo,2020,,Presente,None,Dado indisponível,#DCDCDC,3176,Sucupira/TO,
Recursos hídricos,37,Programa cisternas: água para consumo,2020,,Presente,None,Dado indisponível,#DCDCDC,2320,Sud Mennucci/SP,
Recursos hídricos,37,Programa cisternas: água para consumo,2020,,Presente,None,Dado indisponível,#DCDCDC,117,Sul Brasil/SC,
Recursos hídricos,37,Programa cisternas: água para consumo,2020,,Presente,None,Dado indisponível,#DCDCDC,5290,Sulina/PR,
Recursos hídricos,37,Programa cisternas: água para consumo,2020,,Presente,None,Dado indisponível,#DCDCDC,2321,Sumaré/SP,
Recursos hídricos,37,Programa cisternas: água para consumo,2020,,Presente,None,Dado indisponível,#DCDCDC,1767,Sumidouro/RJ,
Recursos hídricos,37,Programa cisternas: água para consumo,2020,,Presente,None,Dado indisponível,#DCDCDC,2323,Suzanápolis/SP,
Recursos hídricos,37,Programa cisternas: água para consumo,2020,,Presente,None,Dado indisponível,#DCDCDC,2322,Suzano/SP,
Recursos hídricos,37,Programa cisternas: água para consumo,2020,,Presente,None,Dado indisponível,#DCDCDC,477,Tabaí/RS,
Recursos hídricos,37,Programa cisternas: água para consumo,2020,,Presente,None,Dado indisponível,#DCDCDC,2930,Tabaporã/MT,
Recursos hídricos,37,Programa cisternas: água para consumo,2020,,Presente,None,Dado indisponível,#DCDCDC,2324,Tabapuã/SP,
Recursos hídricos,37,Programa cisternas: água para consumo,2020,,Presente,None,Dado indisponível,#DCDCDC,5514,Tabatinga/AM,
Recursos hídricos,37,Programa cisternas: água para consumo,2020,,Presente,None,Dado indisponível,#DCDCDC,2325,Tabatinga/SP,
Recursos hídricos,37,Programa cisternas: água para consumo,2020,,Presente,None,Dado indisponível,#DCDCDC,2326,Taboão da Serra/SP,
Recursos hídricos,37,Programa cisternas: água para consumo,2020,,Presente,None,Dado indisponível,#DCDCDC,3101,Tabocão/TO,
Recursos hídricos,37,Programa cisternas: água para consumo,2020,,Presente,None,Dado indisponível,#DCDCDC,1549,Tabuleiro/MG,
Recursos hídricos,37,Programa cisternas: água para consumo,2020,,Presente,None,Dado indisponível,#DCDCDC,4910,Taciba/SP,
Recursos hídricos,37,Programa cisternas: água para consumo,2020,,Presente,None,Dado indisponível,#DCDCDC,593,Tacuru/MS,
Recursos hídricos,37,Programa cisternas: água para consumo,2020,,Presente,None,Dado indisponível,#DCDCDC,2327,Taguaí/SP,
Recursos hídricos,37,Programa cisternas: água para consumo,2020,,Presente,None,Dado indisponível,#DCDCDC,3177,Taguatinga/TO,
Recursos hídricos,37,Programa cisternas: água para consumo,2020,,Presente,None,Dado indisponível,#DCDCDC,2328,Taiaçu/SP,
Recursos hídricos,37,Programa cisternas: água para consumo,2020,,Presente,None,Dado indisponível,#DCDCDC,2543,Taió/SC,
Recursos hídricos,37,Programa cisternas: água para consumo,2020,,Presente,None,Dado indisponível,#DCDCDC,3178,Taipas do Tocantins/TO,
Recursos hídricos,37,Programa cisternas: água para consumo,2020,,Presente,None,Dado indisponível,#DCDCDC,2329,Taiúva/SP,
Recursos hídricos,37,Programa cisternas: água para consumo,2020,,Presente,None,Dado indisponível,#DCDCDC,3179,Talismã/TO,
Recursos hídricos,37,Programa cisternas: água para consumo,2020,,Presente,None,Dado indisponível,#DCDCDC,4369,Tamandaré/PE,
Recursos hídricos,37,Programa cisternas: água para consumo,2020,,Presente,None,Dado indisponível,#DCDCDC,5423,Tamarana/PR,
Recursos hídricos,37,Programa cisternas: água para consumo,2020,,Presente,None,Dado indisponível,#DCDCDC,2330,Tambaú/SP,
Recursos hídricos,37,Programa cisternas: água para consumo,2020,,Presente,None,Dado indisponível,#DCDCDC,5291,Tamboara/PR,
Recursos hídricos,37,Programa cisternas: água para consumo,2020,,Presente,None,Dado indisponível,#DCDCDC,2331,Tanabi/SP,
Recursos hídricos,37,Programa cisternas: água para consumo,2020,,Presente,None,Dado indisponível,#DCDCDC,4964,Tangará da Serra/MT,
Recursos hídricos,37,Programa cisternas: água para consumo,2020,,Presente,None,Dado indisponível,#DCDCDC,2544,Tangará/SC,
Recursos hídricos,37,Programa cisternas: água para consumo,2020,,Presente,None,Dado indisponível,#DCDCDC,1768,Tanguá/RJ,
Recursos hídricos,37,Programa cisternas: água para consumo,2020,,Presente,None,Dado indisponível,#DCDCDC,5515,Tapauá/AM,
Recursos hídricos,37,Programa cisternas: água para consumo,2020,,Presente,None,Dado indisponível,#DCDCDC,5292,Tapejara/PR,
Recursos hídricos,37,Programa cisternas: água para consumo,2020,,Presente,None,Dado indisponível,#DCDCDC,478,Tapejara/RS,
Recursos hídricos,37,Programa cisternas: água para consumo,2020,,Presente,None,Dado indisponível,#DCDCDC,479,Tapera/RS,
Recursos hídricos,37,Programa cisternas: água para consumo,2020,,Presente,None,Dado indisponível,#DCDCDC,4846,Taperoá/BA,
Recursos hídricos,37,Programa cisternas: água para consumo,2020,,Presente,None,Dado indisponível,#DCDCDC,4942,Tapes/RS,
Recursos hídricos,37,Programa cisternas: água para consumo,2020,,Presente,None,Dado indisponível,#DCDCDC,1553,Tapiraí/MG,
Recursos hídricos,37,Programa cisternas: água para consumo,2020,,Presente,None,Dado indisponível,#DCDCDC,2332,Tapiraí/SP,
Recursos hídricos,37,Programa cisternas: água para consumo,2020,,Presente,None,Dado indisponível,#DCDCDC,1552,Tapira/MG,
Recursos hídricos,37,Programa cisternas: água para consumo,2020,,Presente,None,Dado indisponível,#DCDCDC,5293,Tapira/PR,
Recursos hídricos,37,Programa cisternas: água para consumo,2020,,Presente,None,Dado indisponível,#DCDCDC,2333,Tapiratiba/SP,
Recursos hídricos,37,Programa cisternas: água para consumo,2020,,Presente,None,Dado indisponível,#DCDCDC,2931,Tapurah/MT,
Recursos hídricos,37,Programa cisternas: água para consumo,2020,,Presente,None,Dado indisponível,#DCDCDC,1554,Taquaraçu de Minas/MG,
Recursos hídricos,37,Programa cisternas: água para consumo,2020,,Presente,None,Dado indisponível,#DCDCDC,2806,Taquaral de Goiás/GO,
Recursos hídricos,37,Programa cisternas: água para consumo,2020,,Presente,None,Dado indisponível,#DCDCDC,2334,Taquaral/SP,
Recursos hídricos,37,Programa cisternas: água para consumo,2020,,Presente,None,Dado indisponível,#DCDCDC,2632,Taquara/RS,
Recursos hídricos,37,Programa cisternas: água para consumo,2020,,Presente,None,Dado indisponível,#DCDCDC,480,Taquari/RS,
Recursos hídricos,37,Programa cisternas: água para consumo,2020,,Presente,None,Dado indisponível,#DCDCDC,2335,Taquaritinga/SP,
Recursos hídricos,37,Programa cisternas: água para consumo,2020,,Presente,None,Dado indisponível,#DCDCDC,2336,Taquarituba/SP,
Recursos hídricos,37,Programa cisternas: água para consumo,2020,,Presente,None,Dado indisponível,#DCDCDC,2337,Taquarivaí/SP,
Recursos hídricos,37,Programa cisternas: água para consumo,2020,,Presente,None,Dado indisponível,#DCDCDC,481,Taquaruçu do Sul/RS,
Recursos hídricos,37,Programa cisternas: água para consumo,2020,,Presente,None,Dado indisponível,#DCDCDC,594,Taquarussu/MS,
Recursos hídricos,37,Programa cisternas: água para consumo,2020,,Presente,None,Dado indisponível,#DCDCDC,24,Tarabai/SP,
Recursos hídricos,37,Programa cisternas: água para consumo,2020,,Presente,None,Dado indisponível,#DCDCDC,5048,Tartarugalzinho/AP,
Recursos hídricos,37,Programa cisternas: água para consumo,2020,,Presente,None,Dado indisponível,#DCDCDC,2338,Tarumã/SP,
Recursos hídricos,37,Programa cisternas: água para consumo,2020,,Presente,None,Dado indisponível,#DCDCDC,3388,Tasso Fragoso/MA,
Recursos hídricos,37,Programa cisternas: água para consumo,2020,,Presente,None,Dado indisponível,#DCDCDC,2339,Tatuí/SP,
Recursos hídricos,37,Programa cisternas: água para consumo,2020,,Presente,None,Dado indisponível,#DCDCDC,2340,Taubaté/SP,
Recursos hídricos,37,Programa cisternas: água para consumo,2020,,Presente,None,Dado indisponível,#DCDCDC,2633,Tavares/RS,
Recursos hídricos,37,Programa cisternas: água para consumo,2020,,Presente,None,Dado indisponível,#DCDCDC,5516,Tefé/AM,
Recursos hídricos,37,Programa cisternas: água para consumo,2020,,Presente,None,Dado indisponível,#DCDCDC,747,Teixeira de Freitas/BA,
Recursos hídricos,37,Programa cisternas: água para consumo,2020,,Presente,None,Dado indisponível,#DCDCDC,1556,Teixeiras/MG,
Recursos hídricos,37,Programa cisternas: água para consumo,2020,,Presente,None,Dado indisponível,#DCDCDC,5424,Teixeira Soares/PR,
Recursos hídricos,37,Programa cisternas: água para consumo,2020,,Presente,None,Dado indisponível,#DCDCDC,5568,Teixeirópolis/RO,
Recursos hídricos,37,Programa cisternas: água para consumo,2020,,Presente,None,Dado indisponível,#DCDCDC,2341,Tejupá/SP,
Recursos hídricos,37,Programa cisternas: água para consumo,2020,,Presente,None,Dado indisponível,#DCDCDC,5425,Telêmaco Borba/PR,
Recursos hídricos,37,Programa cisternas: água para consumo,2020,,Presente,None,Dado indisponível,#DCDCDC,482,Tenente Portela/RS,
Recursos hídricos,37,Programa cisternas: água para consumo,2020,,Presente,None,Dado indisponível,#DCDCDC,25,Teodoro Sampaio/SP,
Recursos hídricos,37,Programa cisternas: água para consumo,2020,,Presente,None,Dado indisponível,#DCDCDC,4850,Teolândia/BA,
Recursos hídricos,37,Programa cisternas: água para consumo,2020,,Presente,None,Dado indisponível,#DCDCDC,4485,Teotônio Vilela/AL,
Recursos hídricos,37,Programa cisternas: água para consumo,2020,,Presente,None,Dado indisponível,#DCDCDC,595,Terenos/MS,
Recursos hídricos,37,Programa cisternas: água para consumo,2020,,Presente,None,Dado indisponível,#DCDCDC,1769,Teresópolis/RJ,
Recursos hídricos,37,Programa cisternas: água para consumo,2020,,Presente,None,Dado indisponível,#DCDCDC,2807,Terezópolis de Goiás/GO,
Recursos hídricos,37,Programa cisternas: água para consumo,2020,,Presente,None,Dado indisponível,#DCDCDC,3038,Terra Alta/PA,
Recursos hídricos,37,Programa cisternas: água para consumo,2020,,Presente,None,Dado indisponível,#DCDCDC,5294,Terra Boa/PR,
Recursos hídricos,37,Programa cisternas: água para consumo,2020,,Presente,None,Dado indisponível,#DCDCDC,2634,Terra de Areia/RS,
Recursos hídricos,37,Programa cisternas: água para consumo,2020,,Presente,None,Dado indisponível,#DCDCDC,4851,Terra Nova/BA,
Recursos hídricos,37,Programa cisternas: água para consumo,2020,,Presente,None,Dado indisponível,#DCDCDC,2932,Terra Nova do Norte/MT,
Recursos hídricos,37,Programa cisternas: água para consumo,2020,,Presente,None,Dado indisponível,#DCDCDC,5295,Terra Rica/PR,
Recursos hídricos,37,Programa cisternas: água para consumo,2020,,Presente,None,Dado indisponível,#DCDCDC,5296,Terra Roxa/PR,
Recursos hídricos,37,Programa cisternas: água para consumo,2020,,Presente,None,Dado indisponível,#DCDCDC,2342,Terra Roxa/SP,
Recursos hídricos,37,Programa cisternas: água para consumo,2020,,Presente,None,Dado indisponível,#DCDCDC,2880,Terra Santa/PA,
Recursos hídricos,37,Programa cisternas: água para consumo,2020,,Presente,None,Dado indisponível,#DCDCDC,654,Tesouro/MT,
Recursos hídricos,37,Programa cisternas: água para consumo,2020,,Presente,None,Dado indisponível,#DCDCDC,483,Teutônia/RS,
Recursos hídricos,37,Programa cisternas: água para consumo,2020,,Presente,None,Dado indisponível,#DCDCDC,5569,Theobroma/RO,
Recursos hídricos,37,Programa cisternas: água para consumo,2020,,Presente,None,Dado indisponível,#DCDCDC,5426,Tibagi/PR,
Recursos hídricos,37,Programa cisternas: água para consumo,2020,,Presente,None,Dado indisponível,#DCDCDC,3968,Tibau do Sul/RN,
Recursos hídricos,37,Programa cisternas: água para consumo,2020,,Presente,None,Dado indisponível,#DCDCDC,2343,Tietê/SP,
Recursos hídricos,37,Programa cisternas: água para consumo,2020,,Presente,None,Dado indisponível,#DCDCDC,118,Tigrinhos/SC,
Recursos hídricos,37,Programa cisternas: água para consumo,2020,,Presente,None,Dado indisponível,#DCDCDC,5427,Tijucas do Sul/PR,
Recursos hídricos,37,Programa cisternas: água para consumo,2020,,Presente,None,Dado indisponível,#DCDCDC,2545,Tijucas/SC,
Recursos hídricos,37,Programa cisternas: água para consumo,2020,,Presente,None,Dado indisponível,#DCDCDC,2546,Timbé do Sul/SC,
Recursos hídricos,37,Programa cisternas: água para consumo,2020,,Presente,None,Dado indisponível,#DCDCDC,3389,Timbiras/MA,
Recursos hídricos,37,Programa cisternas: água para consumo,2020,,Presente,None,Dado indisponível,#DCDCDC,2548,Timbó Grande/SC,
Recursos hídricos,37,Programa cisternas: água para consumo,2020,,Presente,None,Dado indisponível,#DCDCDC,2547,Timbó/SC,
Recursos hídricos,37,Programa cisternas: água para consumo,2020,,Presente,None,Dado indisponível,#DCDCDC,2344,Timburi/SP,
Recursos hídricos,37,Programa cisternas: água para consumo,2020,,Presente,None,Dado indisponível,#DCDCDC,1558,Timóteo/MG,
Recursos hídricos,37,Programa cisternas: água para consumo,2020,,Presente,None,Dado indisponível,#DCDCDC,484,Tio Hugo/RS,
Recursos hídricos,37,Programa cisternas: água para consumo,2020,,Presente,None,Dado indisponível,#DCDCDC,485,Tiradentes do Sul/RS,
Recursos hídricos,37,Programa cisternas: água para consumo,2020,,Presente,None,Dado indisponível,#DCDCDC,1559,Tiradentes/MG,
Recursos hídricos,37,Programa cisternas: água para consumo,2020,,Presente,None,Dado indisponível,#DCDCDC,1560,Tiros/MG,
Recursos hídricos,37,Programa cisternas: água para consumo,2020,,Presente,None,Dado indisponível,#DCDCDC,3181,Tocantínia/TO,
Recursos hídricos,37,Programa cisternas: água para consumo,2020,,Presente,None,Dado indisponível,#DCDCDC,3182,Tocantinópolis/TO,
Recursos hídricos,37,Programa cisternas: água para consumo,2020,,Presente,None,Dado indisponível,#DCDCDC,1561,Tocantins/MG,
Recursos hídricos,37,Programa cisternas: água para consumo,2020,,Presente,None,Dado indisponível,#DCDCDC,1562,Tocos do Moji/MG,
Recursos hídricos,37,Programa cisternas: água para consumo,2020,,Presente,None,Dado indisponível,#DCDCDC,1563,Toledo/MG,
Recursos hídricos,37,Programa cisternas: água para consumo,2020,,Presente,None,Dado indisponível,#DCDCDC,5297,Toledo/PR,
Recursos hídricos,37,Programa cisternas: água para consumo,2020,,Presente,None,Dado indisponível,#DCDCDC,4562,Tomar do Geru/SE,
Recursos hídricos,37,Programa cisternas: água para consumo,2020,,Presente,None,Dado indisponível,#DCDCDC,5428,Tomazina/PR,
Recursos hídricos,37,Programa cisternas: água para consumo,2020,,Presente,None,Dado indisponível,#DCDCDC,1564,Tombos/MG,
Recursos hídricos,37,Programa cisternas: água para consumo,2020,,Presente,None,Dado indisponível,#DCDCDC,3039,Tomé-Açu/PA,
Recursos hídricos,37,Programa cisternas: água para consumo,2020,,Presente,None,Dado indisponível,#DCDCDC,5517,Tonantins/AM,
Recursos hídricos,37,Programa cisternas: água para consumo,2020,,Presente,None,Dado indisponível,#DCDCDC,655,Torixoréu/MT,
Recursos hídricos,37,Programa cisternas: água para consumo,2020,,Presente,None,Dado indisponível,#DCDCDC,486,Toropi/RS,
Recursos hídricos,37,Programa cisternas: água para consumo,2020,,Presente,None,Dado indisponível,#DCDCDC,2345,Torre de Pedra/SP,
Recursos hídricos,37,Programa cisternas: água para consumo,2020,,Presente,None,Dado indisponível,#DCDCDC,2635,Torres/RS,
Recursos hídricos,37,Programa cisternas: água para consumo,2020,,Presente,None,Dado indisponível,#DCDCDC,2346,Torrinha/SP,
Recursos hídricos,37,Programa cisternas: água para consumo,2020,,Presente,None,Dado indisponível,#DCDCDC,2347,Trabiju/SP,
Recursos hídricos,37,Programa cisternas: água para consumo,2020,,Presente,None,Dado indisponível,#DCDCDC,3040,Tracuateua/PA,
Recursos hídricos,37,Programa cisternas: água para consumo,2020,,Presente,None,Dado indisponível,#DCDCDC,2881,Trairão/PA,
Recursos hídricos,37,Programa cisternas: água para consumo,2020,,Presente,None,Dado indisponível,#DCDCDC,1770,Trajano de Moraes/RJ,
Recursos hídricos,37,Programa cisternas: água para consumo,2020,,Presente,None,Dado indisponível,#DCDCDC,2636,Tramandaí/RS,
Recursos hídricos,37,Programa cisternas: água para consumo,2020,,Presente,None,Dado indisponível,#DCDCDC,487,Travesseiro/RS,
Recursos hídricos,37,Programa cisternas: água para consumo,2020,,Presente,None,Dado indisponível,#DCDCDC,2348,Tremembé/SP,
Recursos hídricos,37,Programa cisternas: água para consumo,2020,,Presente,None,Dado indisponível,#DCDCDC,488,Três Arroios/RS,
Recursos hídricos,37,Programa cisternas: água para consumo,2020,,Presente,None,Dado indisponível,#DCDCDC,5298,Três Barras do Paraná/PR,
Recursos hídricos,37,Programa cisternas: água para consumo,2020,,Presente,None,Dado indisponível,#DCDCDC,2549,Três Barras/SC,
Recursos hídricos,37,Programa cisternas: água para consumo,2020,,Presente,None,Dado indisponível,#DCDCDC,2637,Três Cachoeiras/RS,
Recursos hídricos,37,Programa cisternas: água para consumo,2020,,Presente,None,Dado indisponível,#DCDCDC,1565,Três Corações/MG,
Recursos hídricos,37,Programa cisternas: água para consumo,2020,,Presente,None,Dado indisponível,#DCDCDC,2638,Três Coroas/RS,
Recursos hídricos,37,Programa cisternas: água para consumo,2020,,Presente,None,Dado indisponível,#DCDCDC,489,Três de Maio/RS,
Recursos hídricos,37,Programa cisternas: água para consumo,2020,,Presente,None,Dado indisponível,#DCDCDC,2639,Três Forquilhas/RS,
Recursos hídricos,37,Programa cisternas: água para consumo,2020,,Presente,None,Dado indisponível,#DCDCDC,2349,Três Fronteiras/SP,
Recursos hídricos,37,Programa cisternas: água para consumo,2020,,Presente,None,Dado indisponível,#DCDCDC,596,Três Lagoas/MS,
Recursos hídricos,37,Programa cisternas: água para consumo,2020,,Presente,None,Dado indisponível,#DCDCDC,1566,Três Marias/MG,
Recursos hídricos,37,Programa cisternas: água para consumo,2020,,Presente,None,Dado indisponível,#DCDCDC,490,Três Palmeiras/RS,
Recursos hídricos,37,Programa cisternas: água para consumo,2020,,Presente,None,Dado indisponível,#DCDCDC,491,Três Passos/RS,
Recursos hídricos,37,Programa cisternas: água para consumo,2020,,Presente,None,Dado indisponível,#DCDCDC,1567,Três Pontas/MG,
Recursos hídricos,37,Programa cisternas: água para consumo,2020,,Presente,None,Dado indisponível,#DCDCDC,2808,Três Ranchos/GO,
Recursos hídricos,37,Programa cisternas: água para consumo,2020,,Presente,None,Dado indisponível,#DCDCDC,1771,Três Rios/RJ,
Recursos hídricos,37,Programa cisternas: água para consumo,2020,,Presente,None,Dado indisponível,#DCDCDC,2550,Treviso/SC,
Recursos hídricos,37,Programa cisternas: água para consumo,2020,,Presente,None,Dado indisponível,#DCDCDC,2551,Treze de Maio/SC,
Recursos hídricos,37,Programa cisternas: água para consumo,2020,,Presente,None,Dado indisponível,#DCDCDC,4920,Treze Tílias/SC,
Recursos hídricos,37,Programa cisternas: água para consumo,2020,,Presente,None,Dado indisponível,#DCDCDC,492,Trindade do Sul/RS,
Recursos hídricos,37,Programa cisternas: água para consumo,2020,,Presente,None,Dado indisponível,#DCDCDC,2809,Trindade/GO,
Recursos hídricos,37,Programa cisternas: água para consumo,2020,,Presente,None,Dado indisponível,#DCDCDC,4943,Triunfo/RS,
Recursos hídricos,37,Programa cisternas: água para consumo,2020,,Presente,None,Dado indisponível,#DCDCDC,3391,Trizidela do Vale/MA,
Recursos hídricos,37,Programa cisternas: água para consumo,2020,,Presente,None,Dado indisponível,#DCDCDC,4894,Trombas/GO,
Recursos hídricos,37,Programa cisternas: água para consumo,2020,,Presente,None,Dado indisponível,#DCDCDC,2552,Trombudo Central/SC,
Recursos hídricos,37,Programa cisternas: água para consumo,2020,,Presente,None,Dado indisponível,#DCDCDC,2553,Tubarão/SC,
Recursos hídricos,37,Programa cisternas: água para consumo,2020,,Presente,None,Dado indisponível,#DCDCDC,5038,Tucumã/PA,
Recursos hídricos,37,Programa cisternas: água para consumo,2020,,Presente,None,Dado indisponível,#DCDCDC,493,Tucunduva/RS,
Recursos hídricos,37,Programa cisternas: água para consumo,2020,,Presente,None,Dado indisponível,#DCDCDC,3041,Tucuruí/PA,
Recursos hídricos,37,Programa cisternas: água para consumo,2020,,Presente,None,Dado indisponível,#DCDCDC,3392,Tufilândia/MA,
Recursos hídricos,37,Programa cisternas: água para consumo,2020,,Presente,None,Dado indisponível,#DCDCDC,2350,Tuiuti/SP,
Recursos hídricos,37,Programa cisternas: água para consumo,2020,,Presente,None,Dado indisponível,#DCDCDC,119,Tunápolis/SC,
Recursos hídricos,37,Programa cisternas: água para consumo,2020,,Presente,None,Dado indisponível,#DCDCDC,5429,Tunas do Paraná/PR,
Recursos hídricos,37,Programa cisternas: água para consumo,2020,,Presente,None,Dado indisponível,#DCDCDC,494,Tunas/RS,
Recursos hídricos,37,Programa cisternas: água para consumo,2020,,Presente,None,Dado indisponível,#DCDCDC,5299,Tuneiras do Oeste/PR,
Recursos hídricos,37,Programa cisternas: água para consumo,2020,,Presente,None,Dado indisponível,#DCDCDC,1569,Tupaciguara/MG,
Recursos hídricos,37,Programa cisternas: água para consumo,2020,,Presente,None,Dado indisponível,#DCDCDC,495,Tupanci do Sul/RS,
Recursos hídricos,37,Programa cisternas: água para consumo,2020,,Presente,None,Dado indisponível,#DCDCDC,496,Tupanciretã/RS,
Recursos hídricos,37,Programa cisternas: água para consumo,2020,,Presente,None,Dado indisponível,#DCDCDC,4944,Tupandi/RS,
Recursos hídricos,37,Programa cisternas: água para consumo,2020,,Presente,None,Dado indisponível,#DCDCDC,497,Tuparendi/RS,
Recursos hídricos,37,Programa cisternas: água para consumo,2020,,Presente,None,Dado indisponível,#DCDCDC,2351,Tupã/SP,
Recursos hídricos,37,Programa cisternas: água para consumo,2020,,Presente,None,Dado indisponível,#DCDCDC,5300,Tupãssi/PR,
Recursos hídricos,37,Programa cisternas: água para consumo,2020,,Presente,None,Dado indisponível,#DCDCDC,26,Tupi Paulista/SP,
Recursos hídricos,37,Programa cisternas: água para consumo,2020,,Presente,None,Dado indisponível,#DCDCDC,3183,Tupirama/TO,
Recursos hídricos,37,Programa cisternas: água para consumo,2020,,Presente,None,Dado indisponível,#DCDCDC,3184,Tupiratins/TO,
Recursos hídricos,37,Programa cisternas: água para consumo,2020,,Presente,None,Dado indisponível,#DCDCDC,2352,Turiúba/SP,
Recursos hídricos,37,Programa cisternas: água para consumo,2020,,Presente,None,Dado indisponível,#DCDCDC,2353,Turmalina/SP,
Recursos hídricos,37,Programa cisternas: água para consumo,2020,,Presente,None,Dado indisponível,#DCDCDC,498,Turuçu/RS,
Recursos hídricos,37,Programa cisternas: água para consumo,2020,,Presente,None,Dado indisponível,#DCDCDC,2810,Turvânia/GO,
Recursos hídricos,37,Programa cisternas: água para consumo,2020,,Presente,None,Dado indisponível,#DCDCDC,2811,Turvelândia/GO,
Recursos hídricos,37,Programa cisternas: água para consumo,2020,,Presente,None,Dado indisponível,#DCDCDC,1571,Turvolândia/MG,
Recursos hídricos,37,Programa cisternas: água para consumo,2020,,Presente,None,Dado indisponível,#DCDCDC,5457,Turvo/PR,
Recursos hídricos,37,Programa cisternas: água para consumo,2020,,Presente,None,Dado indisponível,#DCDCDC,2554,Turvo/SC,
Recursos hídricos,37,Programa cisternas: água para consumo,2020,,Presente,None,Dado indisponível,#DCDCDC,5518,Uarini/AM,
Recursos hídricos,37,Programa cisternas: água para consumo,2020,,Presente,None,Dado indisponível,#DCDCDC,5008,Ubaitaba/BA,
Recursos hídricos,37,Programa cisternas: água para consumo,2020,,Presente,None,Dado indisponível,#DCDCDC,1572,Ubá/MG,
Recursos hídricos,37,Programa cisternas: água para consumo,2020,,Presente,None,Dado indisponível,#DCDCDC,2354,Ubarana/SP,
Recursos hídricos,37,Programa cisternas: água para consumo,2020,,Presente,None,Dado indisponível,#DCDCDC,4855,Ubatã/BA,
Recursos hídricos,37,Programa cisternas: água para consumo,2020,,Presente,None,Dado indisponível,#DCDCDC,2355,Ubatuba/SP,
Recursos hídricos,37,Programa cisternas: água para consumo,2020,,Presente,None,Dado indisponível,#DCDCDC,1575,Uberaba/MG,
Recursos hídricos,37,Programa cisternas: água para consumo,2020,,Presente,None,Dado indisponível,#DCDCDC,1576,Uberlândia/MG,
Recursos hídricos,37,Programa cisternas: água para consumo,2020,,Presente,None,Dado indisponível,#DCDCDC,2356,Ubirajara/SP,
Recursos hídricos,37,Programa cisternas: água para consumo,2020,,Presente,None,Dado indisponível,#DCDCDC,5301,Ubiratã/PR,
Recursos hídricos,37,Programa cisternas: água para consumo,2020,,Presente,None,Dado indisponível,#DCDCDC,499,Ubiretama/RS,
Recursos hídricos,37,Programa cisternas: água para consumo,2020,,Presente,None,Dado indisponível,#DCDCDC,2357,Uchoa/SP,
Recursos hídricos,37,Programa cisternas: água para consumo,2020,,Presente,None,Dado indisponível,#DCDCDC,2857,Uiramutã/RR,
Recursos hídricos,37,Programa cisternas: água para consumo,2020,,Presente,None,Dado indisponível,#DCDCDC,5027,Uirapuru/GO,
Recursos hídricos,37,Programa cisternas: água para consumo,2020,,Presente,None,Dado indisponível,#DCDCDC,3042,Ulianópolis/PA,
Recursos hídricos,37,Programa cisternas: água para consumo,2020,,Presente,None,Dado indisponível,#DCDCDC,4563,Umbaúba/SE,
Recursos hídricos,37,Programa cisternas: água para consumo,2020,,Presente,None,Dado indisponível,#DCDCDC,5302,Umuarama/PR,
Recursos hídricos,37,Programa cisternas: água para consumo,2020,,Presente,None,Dado indisponível,#DCDCDC,749,Una/BA,
Recursos hídricos,37,Programa cisternas: água para consumo,2020,,Presente,None,Dado indisponível,#DCDCDC,1578,Unaí/MG,
Recursos hídricos,37,Programa cisternas: água para consumo,2020,,Presente,None,Dado indisponível,#DCDCDC,500,União da Serra/RS,
Recursos hídricos,37,Programa cisternas: água para consumo,2020,,Presente,None,Dado indisponível,#DCDCDC,5430,União da Vitória/PR,
Recursos hídricos,37,Programa cisternas: água para consumo,2020,,Presente,None,Dado indisponível,#DCDCDC,1579,União de Minas/MG,
Recursos hídricos,37,Programa cisternas: água para consumo,2020,,Presente,None,Dado indisponível,#DCDCDC,120,União do Oeste/SC,
Recursos hídricos,37,Programa cisternas: água para consumo,2020,,Presente,None,Dado indisponível,#DCDCDC,4487,União dos Palmares/AL,
Recursos hídricos,37,Programa cisternas: água para consumo,2020,,Presente,None,Dado indisponível,#DCDCDC,2933,União do Sul/MT,
Recursos hídricos,37,Programa cisternas: água para consumo,2020,,Presente,None,Dado indisponível,#DCDCDC,2358,União Paulista/SP,
Recursos hídricos,37,Programa cisternas: água para consumo,2020,,Presente,None,Dado indisponível,#DCDCDC,5303,Uniflor/PR,
Recursos hídricos,37,Programa cisternas: água para consumo,2020,,Presente,None,Dado indisponível,#DCDCDC,501,Unistalda/RS,
Recursos hídricos,37,Programa cisternas: água para consumo,2020,,Presente,None,Dado indisponível,#DCDCDC,5431,Uraí/PR,
Recursos hídricos,37,Programa cisternas: água para consumo,2020,,Presente,None,Dado indisponível,#DCDCDC,2359,Urânia/SP,
Recursos hídricos,37,Programa cisternas: água para consumo,2020,,Presente,None,Dado indisponível,#DCDCDC,3397,Urbano Santos/MA,
Recursos hídricos,37,Programa cisternas: água para consumo,2020,,Presente,None,Dado indisponível,#DCDCDC,5028,Uruaçu/GO,
Recursos hídricos,37,Programa cisternas: água para consumo,2020,,Presente,None,Dado indisponível,#DCDCDC,2812,Uruana/GO,
Recursos hídricos,37,Programa cisternas: água para consumo,2020,,Presente,None,Dado indisponível,#DCDCDC,2882,Uruará/PA,
Recursos hídricos,37,Programa cisternas: água para consumo,2020,,Presente,None,Dado indisponível,#DCDCDC,2555,Urubici/SC,
Recursos hídricos,37,Programa cisternas: água para consumo,2020,,Presente,None,Dado indisponível,#DCDCDC,1581,Urucânia/MG,
Recursos hídricos,37,Programa cisternas: água para consumo,2020,,Presente,None,Dado indisponível,#DCDCDC,5519,Urucará/AM,
Recursos hídricos,37,Programa cisternas: água para consumo,2020,,Presente,None,Dado indisponível,#DCDCDC,751,Uruçuca/BA,
Recursos hídricos,37,Programa cisternas: água para consumo,2020,,Presente,None,Dado indisponível,#DCDCDC,5520,Urucurituba/AM,
Recursos hídricos,37,Programa cisternas: água para consumo,2020,,Presente,None,Dado indisponível,#DCDCDC,502,Uruguaiana/RS,
Recursos hídricos,37,Programa cisternas: água para consumo,2020,,Presente,None,Dado indisponível,#DCDCDC,5570,Urupá/RO,
Recursos hídricos,37,Programa cisternas: água para consumo,2020,,Presente,None,Dado indisponível,#DCDCDC,2556,Urupema/SC,
Recursos hídricos,37,Programa cisternas: água para consumo,2020,,Presente,None,Dado indisponível,#DCDCDC,2361,Urupês/SP,
Recursos hídricos,37,Programa cisternas: água para consumo,2020,,Presente,None,Dado indisponível,#DCDCDC,2360,Uru/SP,
Recursos hídricos,37,Programa cisternas: água para consumo,2020,,Presente,None,Dado indisponível,#DCDCDC,2557,Urussanga/SC,
Recursos hídricos,37,Programa cisternas: água para consumo,2020,,Presente,None,Dado indisponível,#DCDCDC,2813,Urutaí/GO,
Recursos hídricos,37,Programa cisternas: água para consumo,2020,,Presente,None,Dado indisponível,#DCDCDC,2640,Vacaria/RS,
Recursos hídricos,37,Programa cisternas: água para consumo,2020,,Presente,None,Dado indisponível,#DCDCDC,656,Vale de São Domingos/MT,
Recursos hídricos,37,Programa cisternas: água para consumo,2020,,Presente,None,Dado indisponível,#DCDCDC,5571,Vale do Anari/RO,
Recursos hídricos,37,Programa cisternas: água para consumo,2020,,Presente,None,Dado indisponível,#DCDCDC,5572,Vale do Paraíso/RO,
Recursos hídricos,37,Programa cisternas: água para consumo,2020,,Presente,None,Dado indisponível,#DCDCDC,504,Vale do Sol/RS,
Recursos hídricos,37,Programa cisternas: água para consumo,2020,,Presente,None,Dado indisponível,#DCDCDC,4859,Valença/BA,
Recursos hídricos,37,Programa cisternas: água para consumo,2020,,Presente,None,Dado indisponível,#DCDCDC,1772,Valença/RJ,
Recursos hídricos,37,Programa cisternas: água para consumo,2020,,Presente,None,Dado indisponível,#DCDCDC,2362,Valentim Gentil/SP,
Recursos hídricos,37,Programa cisternas: água para consumo,2020,,Presente,None,Dado indisponível,#DCDCDC,2641,Vale Real/RS,
Recursos hídricos,37,Programa cisternas: água para consumo,2020,,Presente,None,Dado indisponível,#DCDCDC,503,Vale Verde/RS,
Recursos hídricos,37,Programa cisternas: água para consumo,2020,,Presente,None,Dado indisponível,#DCDCDC,2363,Valinhos/SP,
Recursos hídricos,37,Programa cisternas: água para consumo,2020,,Presente,None,Dado indisponível,#DCDCDC,2814,Valparaíso de Goiás/GO,
Recursos hídricos,37,Programa cisternas: água para consumo,2020,,Presente,None,Dado indisponível,#DCDCDC,2364,Valparaíso/SP,
Recursos hídricos,37,Programa cisternas: água para consumo,2020,,Presente,None,Dado indisponível,#DCDCDC,505,Vanini/RS,
Recursos hídricos,37,Programa cisternas: água para consumo,2020,,Presente,None,Dado indisponível,#DCDCDC,121,Vargeão/SC,
Recursos hídricos,37,Programa cisternas: água para consumo,2020,,Presente,None,Dado indisponível,#DCDCDC,1583,Vargem Alegre/MG,
Recursos hídricos,37,Programa cisternas: água para consumo,2020,,Presente,None,Dado indisponível,#DCDCDC,1677,Vargem Alta/ES,
Recursos hídricos,37,Programa cisternas: água para consumo,2020,,Presente,None,Dado indisponível,#DCDCDC,1584,Vargem Bonita/MG,
Recursos hídricos,37,Programa cisternas: água para consumo,2020,,Presente,None,Dado indisponível,#DCDCDC,122,Vargem Bonita/SC,
Recursos hídricos,37,Programa cisternas: água para consumo,2020,,Presente,None,Dado indisponível,#DCDCDC,2366,Vargem Grande do Sul/SP,
Recursos hídricos,37,Programa cisternas: água para consumo,2020,,Presente,None,Dado indisponível,#DCDCDC,2367,Vargem Grande Paulista/SP,
Recursos hídricos,37,Programa cisternas: água para consumo,2020,,Presente,None,Dado indisponível,#DCDCDC,2558,Vargem/SC,
Recursos hídricos,37,Programa cisternas: água para consumo,2020,,Presente,None,Dado indisponível,#DCDCDC,2365,Vargem/SP,
Recursos hídricos,37,Programa cisternas: água para consumo,2020,,Presente,None,Dado indisponível,#DCDCDC,1586,Varginha/MG,
Recursos hídricos,37,Programa cisternas: água para consumo,2020,,Presente,None,Dado indisponível,#DCDCDC,1587,Varjão de Minas/MG,
Recursos hídricos,37,Programa cisternas: água para consumo,2020,,Presente,None,Dado indisponível,#DCDCDC,2815,Varjão/GO,
Recursos hídricos,37,Programa cisternas: água para consumo,2020,,Presente,None,Dado indisponível,#DCDCDC,1773,Varre-Sai/RJ,
Recursos hídricos,37,Programa cisternas: água para consumo,2020,,Presente,None,Dado indisponível,#DCDCDC,657,Várzea Grande/MT,
Recursos hídricos,37,Programa cisternas: água para consumo,2020,,Presente,None,Dado indisponível,#DCDCDC,2368,Várzea Paulista/SP,
Recursos hídricos,37,Programa cisternas: água para consumo,2020,,Presente,None,Dado indisponível,#DCDCDC,4864,Varzedo/BA,
Recursos hídricos,37,Programa cisternas: água para consumo,2020,,Presente,None,Dado indisponível,#DCDCDC,1774,Vassouras/RJ,
Recursos hídricos,37,Programa cisternas: água para consumo,2020,,Presente,None,Dado indisponível,#DCDCDC,1590,Vazante/MG,
Recursos hídricos,37,Programa cisternas: água para consumo,2020,,Presente,None,Dado indisponível,#DCDCDC,506,Venâncio Aires/RS,
Recursos hídricos,37,Programa cisternas: água para consumo,2020,,Presente,None,Dado indisponível,#DCDCDC,1678,Venda Nova do Imigrante/ES,
Recursos hídricos,37,Programa cisternas: água para consumo,2020,,Presente,None,Dado indisponível,#DCDCDC,5433,Ventania/PR,
Recursos hídricos,37,Programa cisternas: água para consumo,2020,,Presente,None,Dado indisponível,#DCDCDC,4865,Vera Cruz/BA,
Recursos hídricos,37,Programa cisternas: água para consumo,2020,,Presente,None,Dado indisponível,#DCDCDC,5304,Vera Cruz do Oeste/PR,
Recursos hídricos,37,Programa cisternas: água para consumo,2020,,Presente,None,Dado indisponível,#DCDCDC,507,Vera Cruz/RS,
Recursos hídricos,37,Programa cisternas: água para consumo,2020,,Presente,None,Dado indisponível,#DCDCDC,2369,Vera Cruz/SP,
Recursos hídricos,37,Programa cisternas: água para consumo,2020,,Presente,None,Dado indisponível,#DCDCDC,2934,Vera/MT,
Recursos hídricos,37,Programa cisternas: água para consumo,2020,,Presente,None,Dado indisponível,#DCDCDC,508,Veranópolis/RS,
Recursos hídricos,37,Programa cisternas: água para consumo,2020,,Presente,None,Dado indisponível,#DCDCDC,752,Vereda/BA,
Recursos hídricos,37,Programa cisternas: água para consumo,2020,,Presente,None,Dado indisponível,#DCDCDC,5305,Verê/PR,
Recursos hídricos,37,Programa cisternas: água para consumo,2020,,Presente,None,Dado indisponível,#DCDCDC,1593,Veríssimo/MG,
Recursos hídricos,37,Programa cisternas: água para consumo,2020,,Presente,None,Dado indisponível,#DCDCDC,1594,Vermelho Novo/MG,
Recursos hídricos,37,Programa cisternas: água para consumo,2020,,Presente,None,Dado indisponível,#DCDCDC,509,Vespasiano Corrêa/RS,
Recursos hídricos,37,Programa cisternas: água para consumo,2020,,Presente,None,Dado indisponível,#DCDCDC,1595,Vespasiano/MG,
Recursos hídricos,37,Programa cisternas: água para consumo,2020,,Presente,None,Dado indisponível,#DCDCDC,510,Viadutos/RS,
Recursos hídricos,37,Programa cisternas: água para consumo,2020,,Presente,None,Dado indisponível,#DCDCDC,2642,Viamão/RS,
Recursos hídricos,37,Programa cisternas: água para consumo,2020,,Presente,None,Dado indisponível,#DCDCDC,1679,Viana/ES,
Recursos hídricos,37,Programa cisternas: água para consumo,2020,,Presente,None,Dado indisponível,#DCDCDC,2816,Vianópolis/GO,
Recursos hídricos,37,Programa cisternas: água para consumo,2020,,Presente,None,Dado indisponível,#DCDCDC,511,Vicente Dutra/RS,
Recursos hídricos,37,Programa cisternas: água para consumo,2020,,Presente,None,Dado indisponível,#DCDCDC,597,Vicentina/MS,
Recursos hídricos,37,Programa cisternas: água para consumo,2020,,Presente,None,Dado indisponível,#DCDCDC,2817,Vicentinópolis/GO,
Recursos hídricos,37,Programa cisternas: água para consumo,2020,,Presente,None,Dado indisponível,#DCDCDC,4488,Viçosa/AL,
Recursos hídricos,37,Programa cisternas: água para consumo,2020,,Presente,None,Dado indisponível,#DCDCDC,1596,Viçosa/MG,
Recursos hídricos,37,Programa cisternas: água para consumo,2020,,Presente,None,Dado indisponível,#DCDCDC,512,Victor Graeff/RS,
Recursos hídricos,37,Programa cisternas: água para consumo,2020,,Presente,None,Dado indisponível,#DCDCDC,2559,Vidal Ramos/SC,
Recursos hídricos,37,Programa cisternas: água para consumo,2020,,Presente,None,Dado indisponível,#DCDCDC,2560,Videira/SC,
Recursos hídricos,37,Programa cisternas: água para consumo,2020,,Presente,None,Dado indisponível,#DCDCDC,1597,Vieiras/MG,
Recursos hídricos,37,Programa cisternas: água para consumo,2020,,Presente,None,Dado indisponível,#DCDCDC,3043,Vigia/PA,
Recursos hídricos,37,Programa cisternas: água para consumo,2020,,Presente,None,Dado indisponível,#DCDCDC,4955,Vila Bela da Santíssima Trindade/MT,
Recursos hídricos,37,Programa cisternas: água para consumo,2020,,Presente,None,Dado indisponível,#DCDCDC,2818,Vila Boa/GO,
Recursos hídricos,37,Programa cisternas: água para consumo,2020,,Presente,None,Dado indisponível,#DCDCDC,513,Vila Flores/RS,
Recursos hídricos,37,Programa cisternas: água para consumo,2020,,Presente,None,Dado indisponível,#DCDCDC,3978,Vila Flor/RN,
Recursos hídricos,37,Programa cisternas: água para consumo,2020,,Presente,None,Dado indisponível,#DCDCDC,514,Vila Lângaro/RS,
Recursos hídricos,37,Programa cisternas: água para consumo,2020,,Presente,None,Dado indisponível,#DCDCDC,515,Vila Maria/RS,
Recursos hídricos,37,Programa cisternas: água para consumo,2020,,Presente,None,Dado indisponível,#DCDCDC,3400,Vila Nova dos Martírios/MA,
Recursos hídricos,37,Programa cisternas: água para consumo,2020,,Presente,None,Dado indisponível,#DCDCDC,516,Vila Nova do Sul/RS,
Recursos hídricos,37,Programa cisternas: água para consumo,2020,,Presente,None,Dado indisponível,#DCDCDC,2819,Vila Propício/GO,
Recursos hídricos,37,Programa cisternas: água para consumo,2020,,Presente,None,Dado indisponível,#DCDCDC,5059,Vila Rica/MT,
Recursos hídricos,37,Programa cisternas: água para consumo,2020,,Presente,None,Dado indisponível,#DCDCDC,1681,Vila Valério/ES,
Recursos hídricos,37,Programa cisternas: água para consumo,2020,,Presente,None,Dado indisponível,#DCDCDC,1682,Vila Velha/ES,
Recursos hídricos,37,Programa cisternas: água para consumo,2020,,Presente,None,Dado indisponível,#DCDCDC,5542,Vilhena/RO,
Recursos hídricos,37,Programa cisternas: água para consumo,2020,,Presente,None,Dado indisponível,#DCDCDC,2370,Vinhedo/SP,
Recursos hídricos,37,Programa cisternas: água para consumo,2020,,Presente,None,Dado indisponível,#DCDCDC,2371,Viradouro/SP,
Recursos hídricos,37,Programa cisternas: água para consumo,2020,,Presente,None,Dado indisponível,#DCDCDC,1600,Virgínia/MG,
Recursos hídricos,37,Programa cisternas: água para consumo,2020,,Presente,None,Dado indisponível,#DCDCDC,5307,Virmond/PR,
Recursos hídricos,37,Programa cisternas: água para consumo,2020,,Presente,None,Dado indisponível,#DCDCDC,1603,Visconde do Rio Branco/MG,
Recursos hídricos,37,Programa cisternas: água para consumo,2020,,Presente,None,Dado indisponível,#DCDCDC,3044,Viseu/PA,
Recursos hídricos,37,Programa cisternas: água para consumo,2020,,Presente,None,Dado indisponível,#DCDCDC,2372,Vista Alegre do Alto/SP,
Recursos hídricos,37,Programa cisternas: água para consumo,2020,,Presente,None,Dado indisponível,#DCDCDC,518,Vista Alegre do Prata/RS,
Recursos hídricos,37,Programa cisternas: água para consumo,2020,,Presente,None,Dado indisponível,#DCDCDC,517,Vista Alegre/RS,
Recursos hídricos,37,Programa cisternas: água para consumo,2020,,Presente,None,Dado indisponível,#DCDCDC,519,Vista Gaúcha/RS,
Recursos hídricos,37,Programa cisternas: água para consumo,2020,,Presente,None,Dado indisponível,#DCDCDC,2373,Vitória Brasil/SP,
Recursos hídricos,37,Programa cisternas: água para consumo,2020,,Presente,None,Dado indisponível,#DCDCDC,520,Vitória das Missões/RS,
Recursos hídricos,37,Programa cisternas: água para consumo,2020,,Presente,None,Dado indisponível,#DCDCDC,2883,Vitória do Xingu/PA,
Recursos hídricos,37,Programa cisternas: água para consumo,2020,,Presente,None,Dado indisponível,#DCDCDC,1683,Vitória/ES,
Recursos hídricos,37,Programa cisternas: água para consumo,2020,,Presente,None,Dado indisponível,#DCDCDC,3402,Vitorino Freire/MA,
Recursos hídricos,37,Programa cisternas: água para consumo,2020,,Presente,None,Dado indisponível,#DCDCDC,5308,Vitorino/PR,
Recursos hídricos,37,Programa cisternas: água para consumo,2020,,Presente,None,Dado indisponível,#DCDCDC,2561,Vitor Meireles/SC,
Recursos hídricos,37,Programa cisternas: água para consumo,2020,,Presente,None,Dado indisponível,#DCDCDC,1604,Volta Grande/MG,
Recursos hídricos,37,Programa cisternas: água para consumo,2020,,Presente,None,Dado indisponível,#DCDCDC,1775,Volta Redonda/RJ,
Recursos hídricos,37,Programa cisternas: água para consumo,2020,,Presente,None,Dado indisponível,#DCDCDC,2374,Votorantim/SP,
Recursos hídricos,37,Programa cisternas: água para consumo,2020,,Presente,None,Dado indisponível,#DCDCDC,2375,Votuporanga/SP,
Recursos hídricos,37,Programa cisternas: água para consumo,2020,,Presente,None,Dado indisponível,#DCDCDC,3185,Wanderlândia/TO,
Recursos hídricos,37,Programa cisternas: água para consumo,2020,,Presente,None,Dado indisponível,#DCDCDC,1605,Wenceslau Braz/MG,
Recursos hídricos,37,Programa cisternas: água para consumo,2020,,Presente,None,Dado indisponível,#DCDCDC,5432,Wenceslau Braz/PR,
Recursos hídricos,37,Programa cisternas: água para consumo,2020,,Presente,None,Dado indisponível,#DCDCDC,4868,Wenceslau Guimarães/BA,
Recursos hídricos,37,Programa cisternas: água para consumo,2020,,Presente,None,Dado indisponível,#DCDCDC,521,Westfália/RS,
Recursos hídricos,37,Programa cisternas: água para consumo,2020,,Presente,None,Dado indisponível,#DCDCDC,2562,Witmarsum/SC,
Recursos hídricos,37,Programa cisternas: água para consumo,2020,,Presente,None,Dado indisponível,#DCDCDC,3186,Xambioá/TO,
Recursos hídricos,37,Programa cisternas: água para consumo,2020,,Presente,None,Dado indisponível,#DCDCDC,5309,Xambrê/PR,
Recursos hídricos,37,Programa cisternas: água para consumo,2020,,Presente,None,Dado indisponível,#DCDCDC,2643,Xangri-lá/RS,
Recursos hídricos,37,Programa cisternas: água para consumo,2020,,Presente,None,Dado indisponível,#DCDCDC,124,Xavantina/SC,
Recursos hídricos,37,Programa cisternas: água para consumo,2020,,Presente,None,Dado indisponível,#DCDCDC,125,Xaxim/SC,
Recursos hídricos,37,Programa cisternas: água para consumo,2020,,Presente,None,Dado indisponível,#DCDCDC,4386,Xexéu/PE,
Recursos hídricos,37,Programa cisternas: água para consumo,2020,,Presente,None,Dado indisponível,#DCDCDC,3045,Xinguara/PA,
Recursos hídricos,37,Programa cisternas: água para consumo,2020,,Presente,None,Dado indisponível,#DCDCDC,2376,Zacarias/SP,
Recursos hídricos,37,Programa cisternas: água para consumo,2020,,Presente,None,Dado indisponível,#DCDCDC,3403,Zé Doca/MA,
Recursos hídricos,37,Programa cisternas: água para consumo,2020,,Presente,None,Dado indisponível,#DCDCDC,126,Zortéa/SC,
