"code_muni";"dom_resp_h_branca";"dom_resp_h_preta";"dom_resp_h_amarela";"dom_resp_h_parda";"dom_resp_h_indigena";"dom_resp_m_branca";"dom_resp_m_preta";"dom_resp_m_amarela";"dom_resp_m_parda";"dom_resp_m_indigena"
"1100015";1491;380;13;2191;98;1241;216;9;1999;61
"1100023";5671;2422;66;9764;20;5393;1816;65;9547;19
"1100031";552;134;5;681;1;264;42;2;285;1
"1100049";6489;1791;80;8705;233;5402;1247;83;7804;95
"1100056";1036;208;7;1425;3;1193;213;21;1763;7
"1100064";1179;330;7;1834;5;957;256;8;1415;NA
"1100072";644;217;1;1194;7;251;90;2;433;3
"1100080";727;331;3;1537;62;333;181;1;911;75
"1100098";2836;577;13;3065;103;1590;332;9;1912;38
"1100106";1057;706;13;3482;729;908;652;26;3906;335
"1100114";3339;1319;15;6239;18;2325;910;15;4760;15
"1100122";7851;2815;73;13415;270;6561;2022;84;11869;74
"1100130";1972;882;17;4306;9;998;427;4;2275;4
"1100148";1317;397;11;1796;3;745;189;15;1323;3
"1100155";2436;839;31;4229;12;1856;570;35;3312;8
"1100189";2338;699;35;3827;67;1872;467;23;2992;41
"1100205";18199;9602;258;45889;502;18437;8084;354;50252;440
"1100254";1410;365;11;2481;2;1062;223;9;1669;1
"1100262";284;107;1;457;1;121;40;2;238;3
"1100288";4302;1190;33;6435;22;3063;747;27;5162;22
"1100296";513;175;9;917;1;376;125;8;634;NA
"1100304";7363;1859;65;9312;92;6371;1345;66;8476;71
"1100320";1686;576;16;2495;29;972;357;17;1729;8
"1100338";1298;614;11;3093;122;771;317;7;2167;73
"1100346";1152;422;6;1750;4;516;199;4;765;NA
"1100379";991;303;1;1640;17;304;120;NA;659;5
"1100403";1146;374;1;2167;5;648;205;1;1223;NA
"1100452";1953;674;23;3654;9;1016;344;20;2227;9
"1100502";706;201;2;1118;1;292;58;2;419;NA
"1100601";342;159;4;564;2;122;66;NA;225;NA
"1100700";621;253;3;1368;NA;237;71;3;516;NA
"1100809";958;539;20;2682;29;581;347;22;2235;23
"1100908";296;92;1;469;2;97;30;NA;210;2
"1100924";548;269;NA;912;45;409;205;NA;793;34
"1100940";814;440;13;1852;6;525;258;12;1283;5
"1101005";601;261;2;1245;10;210;92;4;464;11
"1101104";423;220;3;1130;7;231;111;1;783;2
"1101203";653;143;NA;787;1;285;67;2;444;1
"1101302";727;235;2;1245;20;425;110;6;732;6
"1101401";789;328;8;1408;6;512;191;4;980;7
"1101435";479;191;2;851;NA;217;78;NA;417;4
"1101450";342;123;NA;548;17;130;65;1;248;8
"1101468";143;65;NA;164;1;82;80;5;210;2
"1101476";170;43;NA;237;1;276;41;1;364;NA
"1101484";557;101;7;763;NA;190;32;1;311;NA
"1101492";1398;367;4;2029;79;640;168;6;1063;45
"1101500";964;292;9;1564;10;424;92;3;581;12
"1101559";331;142;2;652;1;153;36;1;263;1
"1101609";674;232;5;1270;3;244;83;2;494;1
"1101708";739;224;5;1615;4;371;106;10;877;1
"1101757";609;265;3;1169;5;219;91;NA;464;NA
"1101807";462;190;NA;994;1;207;69;1;523;1
"1200013";730;463;17;1713;6;359;196;5;977;5
"1200054";157;94;1;769;166;202;73;2;872;92
"1200104";891;399;8;3367;21;664;304;9;2982;41
"1200138";400;401;14;1427;9;311;331;11;1282;7
"1200179";222;227;6;1381;NA;169;177;10;1274;4
"1200203";2534;1429;17;8415;193;2680;1275;28;9969;206
"1200252";589;396;1;2478;3;495;249;8;2256;5
"1200302";1030;525;2;2938;571;858;350;4;2852;251
"1200328";150;128;NA;629;474;61;57;1;401;108
"1200336";385;273;6;1870;363;362;221;9;2006;199
"1200344";283;311;3;1271;114;149;178;1;904;30
"1200351";441;305;5;1832;475;174;118;13;799;159
"1200385";552;377;4;2126;9;399;278;8;1799;4
"1200393";307;140;1;1023;113;191;73;NA;721;42
"1200401";12620;7328;178;37771;251;13235;6947;287;45019;282
"1200427";385;290;8;1744;16;253;147;7;1345;7
"1200435";72;22;NA;303;516;58;9;NA;221;144
"1200450";638;455;14;2699;6;462;340;7;2337;7
"1200500";942;496;7;4945;268;869;410;10;4613;75
"1200609";1090;667;6;3843;432;941;517;14;3589;188
"1200708";523;410;12;2696;12;359;249;6;1817;8
"1200807";608;577;5;2009;13;359;333;12;1510;23
"1300029";129;109;1;1327;322;79;57;NA;1091;284
"1300060";46;75;1;564;838;18;16;NA;348;250
"1300086";140;61;1;1049;82;94;48;NA;814;27
"1300102";227;215;2;1791;72;193;99;1;1522;25
"1300144";1094;421;12;1875;30;689;252;14;1364;40
"1300201";154;125;1;757;1033;145;60;3;701;411
"1300300";706;250;7;3345;1871;454;121;3;2442;1812
"1300409";171;114;4;1037;1245;104;62;2;838;697
"1300508";317;328;3;2226;971;207;302;3;2200;343
"1300607";281;193;1;2048;1521;285;180;1;2408;825
"1300631";261;174;NA;1714;213;192;92;2;1754;158
"1300680";103;66;NA;2414;40;83;30;2;1797;62
"1300706";1276;566;5;3791;262;856;371;12;2850;185
"1300805";421;224;5;2779;832;334;169;3;2718;505
"1300839";157;83;NA;1146;6;135;50;NA;1389;5
"1300904";464;178;1;1846;142;321;76;3;1396;125
"1301001";624;426;2;2704;56;517;284;3;2583;43
"1301100";812;406;10;3758;170;587;214;8;2992;119
"1301159";609;309;5;2505;179;276;109;5;1674;115
"1301209";1025;809;13;6789;577;802;573;15;6541;436
"1301308";368;244;1;2670;5;269;118;1;1892;8
"1301407";697;458;1;2580;243;653;422;2;2975;107
"1301506";532;232;NA;1416;103;428;157;NA;1243;78
"1301605";301;237;2;2139;471;180;133;NA;1723;169
"1301654";353;176;2;1319;18;298;145;1;1290;11
"1301704";1853;807;7;5076;411;1242;501;15;4287;242
"1301803";435;220;1;1836;192;374;153;5;1519;88
"1301852";1327;896;30;6654;139;1069;498;22;7043;134
"1301902";2180;1129;20;10832;309;1677;665;21;10655;236
"1301951";183;91;NA;685;236;183;93;NA;828;35
"1302009";182;74;4;1062;13;141;47;2;1067;11
"1302108";93;71;NA;585;241;63;62;1;515;108
"1302207";153;156;1;868;75;130;138;4;939;65
"1302306";179;105;2;1731;685;179;81;NA;1605;281
"1302405";1144;465;6;3946;961;679;284;10;2983;800
"1302504";1505;902;6;10871;119;1341;557;9;11462;129
"1302553";298;212;3;2052;137;253;67;2;1823;113
"1302603";62667;24259;1036;201951;2713;69064;19726;861;244468;3808
"1302702";1332;509;10;4799;485;865;234;10;3615;334
"1302801";157;151;1;1278;286;76;68;1;904;103
"1302900";617;320;8;5585;1238;465;169;4;4644;244
"1303007";178;64;NA;2564;134;159;43;2;1407;26
"1303106";400;200;2;2374;402;301;126;3;2342;366
"1303205";190;209;3;1106;371;208;163;1;1642;277
"1303304";382;261;1;2021;71;221;144;1;1659;36
"1303403";1157;629;22;8839;240;1122;454;26;11230;200
"1303502";314;175;1;1427;357;262;109;1;1112;208
"1303536";887;485;10;3811;167;643;301;12;3042;41
"1303569";591;416;9;2837;100;500;255;6;3005;106
"1303601";45;33;3;235;1467;23;15;1;164;756
"1303700";137;121;NA;1434;1671;82;40;1;969;801
"1303809";375;123;3;700;6146;122;48;1;383;2750
"1303908";118;57;3;1282;2334;64;37;NA;1106;1014
"1303957";232;69;2;1195;11;135;37;1;1000;7
"1304005";107;150;3;1081;35;107;93;1;1177;73
"1304062";785;400;12;3504;2841;721;274;11;3591;1742
"1304104";353;259;NA;1990;376;222;120;NA;1340;132
"1304203";879;689;5;6848;945;622;361;7;6393;719
"1304237";71;54;NA;1185;807;64;22;NA;835;343
"1304260";114;70;2;1336;333;110;23;1;828;241
"1304302";256;121;4;2160;28;144;26;1;1534;9
"1304401";484;106;3;2276;7;302;66;4;1982;7
"1400027";173;119;3;576;1060;120;73;4;415;505
"1400050";251;144;1;979;1605;198;135;1;1046;715
"1400100";13396;6572;113;34742;1978;14142;5618;139;40067;2698
"1400159";191;115;2;849;837;108;90;NA;777;533
"1400175";450;315;2;1811;523;310;169;1;1380;494
"1400209";457;413;11;2049;206;404;272;13;2173;100
"1400233";455;275;NA;1156;138;253;149;1;694;19
"1400282";229;237;1;998;271;148;161;2;805;75
"1400308";538;383;2;2119;103;366;174;NA;1621;54
"1400407";84;39;1;360;1227;35;13;NA;282;690
"1400456";340;160;2;635;1224;331;107;NA;623;664
"1400472";996;731;11;3671;142;725;469;10;3277;41
"1400506";310;252;NA;890;99;187;152;NA;702;12
"1400605";284;233;3;949;5;159;111;1;516;3
"1400704";35;8;NA;79;1468;13;5;1;66;671
"1500107";3439;2962;13;16519;18;3195;2225;31;14627;19
"1500131";208;131;NA;661;2;213;116;NA;667;5
"1500206";881;1704;17;6933;5;668;1280;9;5568;6
"1500305";715;473;7;4274;2;444;306;3;2821;2
"1500347";1048;600;3;2509;35;350;159;2;909;9
"1500404";1625;1007;7;7737;6;1113;678;12;5741;6
"1500503";596;488;6;3339;212;515;366;1;3566;40
"1500602";5009;2851;62;12862;902;3876;2271;80;12731;658
"1500701";406;292;NA;3096;1;335;207;2;2037;1
"1500800";14366;9973;171;46613;104;16268;10367;201;56798;118
"1500859";1173;847;35;3799;187;574;454;46;2247;52
"1500909";625;306;1;5160;2;541;244;1;5496;2
"1500958";463;526;1;2555;9;375;408;6;2321;5
"1501006";278;260;4;1839;494;196;123;3;1319;135
"1501105";361;545;1;3151;1;190;188;NA;1328;NA
"1501204";761;1977;2;4586;8;537;1200;3;3048;3
"1501253";171;131;1;616;29;62;47;2;268;2
"1501303";3102;2263;46;13984;55;2368;1735;45;14356;59
"1501402";44033;25905;628;119139;368;52193;29397;691;150473;430
"1501451";362;203;10;1944;86;295;154;14;2199;97
"1501501";1558;1252;24;6565;15;1700;1175;22;8177;21
"1501576";787;297;4;1669;143;336;215;1;1566;100
"1501600";424;201;1;2070;NA;213;89;1;1225;NA
"1501709";2273;1130;12;14373;30;2050;922;11;16265;24
"1501725";1296;732;6;2518;86;684;355;3;1532;12
"1501758";205;161;1;762;8;146;146;2;686;15
"1501782";1174;1042;9;4724;18;1066;886;12;4607;21
"1501808";1569;1347;16;10704;26;1256;962;22;8447;17
"1501907";390;584;4;2845;3;255;445;NA;2575;9
"1501956";342;404;2;1758;5;327;434;1;2346;8
"1502004";263;635;NA;2392;3;233;488;4;2533;2
"1502103";2934;2106;10;14921;33;2057;1331;4;9922;18
"1502152";2884;1932;49;9568;33;1869;1165;33;6839;12
"1502202";2481;850;31;8140;28;2275;706;20;8533;15
"1502301";1245;676;11;6938;10;1139;545;9;7639;14
"1502400";6167;3241;149;20403;49;6369;3313;131;24025;22
"1502509";283;448;9;1972;4;181;318;5;1528;1
"1502608";246;154;NA;1226;4;296;158;2;1908;4
"1502707";1866;1477;21;5461;26;1230;1004;41;4032;27
"1502756";526;817;5;2867;5;455;647;10;2641;5
"1502764";513;391;NA;1267;365;166;144;1;719;84
"1502772";634;465;2;2149;6;554;450;5;2144;7
"1502806";541;458;5;4186;2;337;250;1;2389;3
"1502855";239;176;NA;1555;3;199;126;1;1603;4
"1502905";895;469;7;4398;6;1001;355;4;5008;5
"1502939";2020;1066;15;4661;12;1687;959;19;4914;10
"1502954";1034;795;4;3403;10;660;521;3;2490;5
"1503002";141;50;NA;925;17;102;24;NA;840;2
"1503044";716;510;7;2113;5;517;314;6;1790;11
"1503077";494;295;3;3090;5;458;313;6;3053;1
"1503093";766;585;3;2833;27;681;515;3;2870;15
"1503101";618;440;1;3842;8;324;188;1;1945;13
"1503200";943;445;19;4114;9;898;401;25;4717;9
"1503309";1584;2229;7;6815;5;995;1204;3;4095;4
"1503408";151;265;2;1064;2;147;321;2;1261;1
"1503457";614;611;3;3054;9;548;513;10;3414;4
"1503507";638;634;9;3833;3;456;525;5;3463;2
"1503606";3257;2425;23;10417;253;3258;2381;31;14265;200
"1503705";1525;1172;4;4664;85;1032;968;15;4307;23
"1503754";297;216;4;950;1654;253;184;4;1075;477
"1503804";1075;888;9;3586;10;1263;917;13;4847;11
"1503903";765;529;14;5344;23;550;316;14;4793;12
"1504000";638;291;1;3560;2;445;163;NA;2075;3
"1504059";953;571;2;3304;2;892;557;9;3613;4
"1504109";167;83;NA;1030;NA;142;61;NA;1016;1
"1504208";7760;5680;51;30381;93;6879;4768;57;30319;87
"1504307";550;288;NA;2996;3;564;246;2;3072;4
"1504406";532;327;NA;3507;2;531;207;NA;3286;2
"1504422";2656;1915;16;10729;17;3399;2238;26;14872;31
"1504455";1209;767;13;3971;5;543;375;15;2066;3
"1504505";387;656;4;2832;2;244;252;2;1334;3
"1504604";613;555;1;2639;9;462;422;3;2149;3
"1504703";1751;2352;10;10369;48;1190;1612;14;7677;24
"1504752";680;327;6;3158;14;478;212;8;2597;5
"1504802";1674;858;25;7956;16;1121;467;21;6180;20
"1504901";799;433;NA;5910;NA;505;263;1;2740;NA
"1504950";578;315;7;2657;6;323;187;2;1954;6
"1504976";318;511;2;1508;4;351;408;2;1484;1
"1505007";358;201;3;1770;2;308;164;2;1758;NA
"1505031";1649;504;5;2817;12;1710;533;17;3208;6
"1505064";1860;1439;19;6762;165;1326;1106;35;5829;20
"1505106";1029;1249;3;5118;177;952;899;4;5158;23
"1505205";322;652;1;3441;7;241;484;2;2944;1
"1505304";1352;1424;5;5962;694;1083;1193;8;6142;103
"1505403";350;316;4;1976;9;307;401;3;2392;7
"1505437";1130;692;3;3066;198;1139;622;5;3488;43
"1505486";1271;1026;5;5103;6;762;636;3;3663;8
"1505494";234;195;NA;806;NA;128;147;1;689;NA
"1505502";3157;2106;20;10561;205;2885;2058;39;11838;134
"1505536";9261;6118;84;29894;324;7432;4962;82;29490;84
"1505551";197;135;NA;669;36;186;133;1;864;9
"1505601";293;147;4;1298;2;219;75;1;908;NA
"1505635";448;476;3;1814;1;221;228;8;871;3
"1505650";875;563;3;1993;4;514;350;11;1570;NA
"1505700";552;461;3;3083;11;399;333;1;2246;2
"1505809";855;697;6;5491;9;725;502;1;5004;2
"1505908";468;373;3;4037;15;459;290;2;3414;11
"1506005";585;653;5;4090;5;403;343;4;3146;3
"1506104";212;129;2;1431;1;222;92;1;1446;NA
"1506112";253;114;2;1285;4;336;118;1;1537;1
"1506138";3441;2314;17;8738;35;2903;1971;25;8559;34
"1506161";844;509;19;2215;14;620;386;15;1876;8
"1506187";2138;901;1;5964;23;1225;632;3;4462;13
"1506195";1260;761;7;3181;14;821;472;3;2586;12
"1506203";990;491;9;5235;17;870;332;7;5524;16
"1506302";359;757;3;2174;5;359;911;3;2827;6
"1506351";444;450;3;2454;4;424;359;2;2656;7
"1506401";115;253;2;470;1;79;267;2;582;1
"1506500";1525;1380;68;7729;17;1499;1189;42;8028;23
"1506559";482;339;2;2100;111;446;270;5;2463;101
"1506583";885;555;7;2423;12;268;184;2;1092;16
"1506609";830;322;8;3276;64;693;266;15;2927;66
"1506708";1242;916;15;3310;29;889;824;18;3305;11
"1506807";8608;4613;85;32593;1289;7682;3936;68;35442;1322
"1506906";114;91;3;855;NA;97;68;NA;742;1
"1507003";688;400;14;3169;9;673;330;9;3527;7
"1507102";355;192;1;1718;2;369;168;4;2373;2
"1507151";636;472;4;2228;8;512;453;8;2481;10
"1507201";605;732;2;4170;2;287;401;NA;2272;1
"1507300";2917;1572;19;9195;394;1232;879;13;4555;85
"1507409";349;186;4;1824;6;380;165;2;2031;5
"1507458";796;653;5;2762;70;603;549;3;2235;44
"1507466";66;32;NA;646;1;54;28;NA;630;NA
"1507474";420;211;4;2489;2;462;158;1;2809;2
"1507508";395;428;3;1742;7;210;285;3;1331;1
"1507607";807;1129;7;6064;8;767;1018;7;6587;8
"1507706";656;388;7;3170;5;361;134;5;1829;5
"1507755";169;99;1;596;2;197;70;NA;646;1
"1507805";571;629;2;2677;131;317;326;14;1847;89
"1507904";310;607;1;2007;4;361;857;4;2929;6
"1507953";1989;1766;24;7121;14;1719;1375;43;7536;24
"1507961";250;145;3;1262;NA;231;102;3;1360;1
"1507979";436;155;2;2100;4;310;79;NA;1914;1
"1508001";1593;1511;126;7198;75;1234;1202;50;6801;62
"1508035";380;233;2;4136;4;323;177;NA;3480;5
"1508050";606;266;2;1633;55;385;238;2;1478;24
"1508084";1943;826;14;4273;11;1485;561;14;3704;6
"1508100";2795;1918;22;8559;89;2610;1844;14;9514;85
"1508126";1428;617;3;3066;9;985;569;15;3015;9
"1508159";1956;1168;2;5708;19;1202;612;4;3603;17
"1508209";1460;734;7;5178;5;1604;601;6;6190;10
"1508308";763;646;1;6500;15;798;542;9;6966;16
"1508357";376;482;4;1490;63;314;279;7;1821;79
"1508407";2326;1251;15;6258;12;1765;839;23;5451;13
"1600055";171;104;1;587;1;95;49;NA;365;1
"1600105";130;120;NA;659;NA;154;123;2;872;1
"1600154";273;249;3;1117;247;223;197;1;980;9
"1600204";175;267;3;781;5;180;278;NA;1095;2
"1600212";48;65;1;350;NA;54;67;NA;574;NA
"1600238";107;169;1;607;NA;116;160;NA;637;NA
"1600253";103;106;1;510;NA;62;90;4;485;1
"1600279";730;869;2;3470;26;695;647;9;3884;14
"1600303";11579;9127;91;35764;191;13112;9531;99;43917;182
"1600402";360;524;8;2037;4;289;384;2;1726;3
"1600501";439;459;7;1673;1046;490;418;NA;2254;355
"1600535";384;323;6;1816;5;382;254;13;1834;7
"1600550";47;70;NA;303;NA;56;59;NA;378;1
"1600600";2276;1692;8;9482;16;2613;1505;20;11186;17
"1600709";189;262;3;1076;1;226;273;1;1302;1
"1600808";180;203;NA;1160;2;171;134;2;1154;NA
"1700251";175;101;5;325;1;67;45;3;204;NA
"1700301";104;69;NA;371;2;145;87;NA;663;NA
"1700350";198;150;2;511;3;174;170;1;642;1
"1700400";148;301;2;585;1;98;282;1;663;NA
"1700707";546;163;NA;1031;2;311;129;3;939;3
"1701002";246;199;1;963;2;291;267;6;1256;2
"1701051";95;82;NA;299;NA;69;74;1;276;1
"1701101";165;141;1;591;4;136;87;NA;540;2
"1701309";215;212;3;648;1;114;148;1;487;5
"1701903";227;195;2;674;3;144;156;1;659;2
"1702000";501;246;3;1154;11;344;128;3;658;7
"1702109";7335;4558;81;16412;69;6683;4381;116;17936;83
"1702158";136;134;NA;363;NA;143;150;NA;542;NA
"1702208";1110;1052;6;3320;13;783;884;13;3026;9
"1702307";267;188;NA;644;NA;187;131;NA;547;NA
"1702406";176;724;5;976;3;119;711;5;1010;1
"1702554";575;494;4;1737;1;447;452;5;1948;5
"1702703";80;133;1;412;1;79;120;1;448;NA
"1702901";276;213;3;986;1;203;197;3;1034;NA
"1703008";351;256;NA;979;3;210;152;2;731;2
"1703057";163;116;NA;444;1;108;64;1;268;2
"1703073";148;129;NA;501;4;92;91;4;391;4
"1703107";314;145;2;499;10;226;80;1;472;5
"1703206";278;128;NA;655;NA;124;49;1;286;NA
"1703305";129;79;2;496;2;83;77;3;462;4
"1703602";83;81;NA;267;2;38;44;NA;173;1
"1703701";143;299;2;497;4;69;255;1;440;1
"1703800";223;217;NA;840;2;226;239;NA;1103;2
"1703826";69;53;NA;273;4;40;32;NA;165;2
"1703842";286;196;2;898;2;188;101;NA;749;1
"1703867";202;104;5;475;3;115;57;1;319;NA
"1703883";85;67;2;230;1;59;73;NA;229;3
"1703891";77;122;NA;296;1;62;100;3;351;NA
"1703909";189;73;NA;465;4;214;86;1;598;5
"1704105";43;69;NA;350;1;32;37;1;238;1
"1704600";62;40;NA;190;1;43;39;NA;187;2
"1705102";72;136;1;403;NA;28;104;2;282;NA
"1705508";1601;876;21;3221;14;1374;891;28;3780;26
"1705557";221;160;NA;573;1;166;133;3;489;NA
"1705607";88;288;1;348;NA;41;227;NA;305;NA
"1706001";218;130;NA;643;NA;184;86;1;583;1
"1706100";236;175;1;683;6;222;172;3;851;NA
"1706258";60;45;1;191;1;23;32;NA;157;NA
"1706506";263;119;1;649;1;232;108;4;613;NA
"1707009";522;644;2;1874;2;384;509;4;1880;2
"1707108";440;189;1;829;2;303;121;NA;646;3
"1707207";404;259;6;868;7;163;115;4;458;6
"1707306";231;153;1;664;1;116;90;NA;371;3
"1707405";183;272;4;681;4;164;264;7;730;9
"1707553";151;85;1;399;NA;105;77;2;375;2
"1707652";266;145;NA;650;2;181;113;NA;588;3
"1707702";266;197;NA;841;3;231;195;2;820;2
"1708205";827;532;2;2162;218;545;327;4;1753;87
"1708254";150;70;NA;356;1;115;72;4;375;3
"1708304";352;105;1;659;1;154;54;1;362;2
"1709005";375;291;3;1325;353;219;151;3;850;133
"1709302";1306;613;13;2931;9;878;438;19;2622;6
"1709500";4104;2177;23;8312;44;3937;2065;36;9833;66
"1709807";40;84;NA;159;1;30;69;NA;181;NA
"1710508";268;151;1;724;134;187;115;NA;506;75
"1710706";163;146;NA;682;7;108;107;NA;527;2
"1710904";177;116;2;528;2;77;61;1;309;3
"1711100";135;64;NA;307;1;61;43;1;217;1
"1711506";209;142;1;409;1;104;72;3;296;NA
"1711803";53;44;NA;165;1;73;65;NA;336;NA
"1711902";544;338;7;1382;197;371;318;NA;1450;199
"1711951";96;95;1;326;2;89;96;2;360;NA
"1712009";109;102;NA;425;2;84;82;NA;359;1
"1712157";39;83;NA;209;NA;38;65;NA;152;NA
"1712405";69;78;2;465;NA;43;38;NA;293;1
"1712454";71;63;NA;289;1;88;59;NA;300;NA
"1712504";152;46;2;481;1;207;51;1;652;1
"1712702";69;118;NA;256;NA;76;95;NA;198;NA
"1712801";99;89;NA;337;45;50;57;NA;285;37
"1713205";731;578;4;2016;14;574;526;5;1901;16
"1713304";593;319;3;1244;4;556;282;5;1391;3
"1713601";174;308;4;738;8;62;166;1;464;6
"1713700";159;57;1;362;1;75;18;2;208;NA
"1713809";153;127;NA;393;2;138;151;11;579;NA
"1713957";131;211;NA;385;2;81;131;1;235;NA
"1714203";211;522;1;903;3;143;428;NA;852;NA
"1714302";107;126;1;346;2;140;210;2;590;8
"1714880";404;300;NA;1332;1;308;204;5;967;NA
"1715002";147;89;NA;343;3;102;85;1;396;2
"1715101";93;88;NA;399;3;87;91;3;564;2
"1715150";106;79;1;248;NA;59;49;NA;178;NA
"1715259";50;69;NA;244;1;30;43;NA;271;1
"1715507";38;17;NA;101;NA;57;22;NA;163;NA
"1715705";196;174;1;695;3;77;105;3;406;3
"1715754";290;168;5;669;2;304;186;3;900;2
"1716109";2590;967;38;5277;21;2403;861;53;6077;24
"1716208";182;669;6;1322;NA;75;485;6;925;4
"1716307";168;114;NA;421;NA;118;96;NA;455;NA
"1716505";546;321;5;1575;18;408;219;8;1648;9
"1716604";409;527;9;1132;3;154;345;5;830;4
"1716653";261;143;1;727;NA;136;61;3;374;NA
"1716703";597;285;NA;1141;4;325;124;2;734;2
"1717008";174;112;NA;580;NA;101;101;1;421;1
"1717206";82;87;1;294;1;39;72;2;215;NA
"1717503";341;242;5;798;108;173;140;3;505;63
"1717800";77;64;NA;621;NA;73;49;5;693;NA
"1717909";286;263;5;935;3;132;200;4;687;NA
"1718006";71;135;4;312;NA;45;100;3;253;NA
"1718204";2243;2149;31;6459;33;1804;1958;53;6604;43
"1718303";156;167;NA;865;NA;141;198;NA;931;NA
"1718402";131;79;NA;364;NA;95;52;NA;345;1
"1718451";90;56;2;196;NA;105;59;4;276;NA
"1718501";80;45;NA;546;1;60;17;NA;295;NA
"1718550";107;87;NA;422;NA;117;82;NA;444;1
"1718659";29;32;1;132;NA;41;65;NA;272;NA
"1718709";126;93;2;434;1;43;34;NA;228;NA
"1718758";181;85;1;749;3;89;37;2;516;1
"1718808";88;137;NA;329;NA;94;169;NA;436;2
"1718840";246;100;NA;513;34;82;51;NA;278;13
"1718865";323;243;1;766;49;168;199;NA;587;33
"1718881";186;67;1;342;11;73;37;9;197;9
"1718899";111;55;1;359;1;56;30;NA;167;1
"1718907";81;216;4;463;NA;48;233;9;508;2
"1719004";72;104;2;259;NA;59;89;2;265;1
"1720002";98;62;1;284;NA;59;34;NA;253;NA
"1720101";148;103;1;667;11;91;90;NA;588;6
"1720150";33;83;1;208;NA;23;50;NA;155;1
"1720200";376;537;9;1302;12;257;472;6;1083;5
"1720259";62;119;NA;221;NA;38;140;1;277;1
"1720309";98;155;NA;382;1;99;117;NA;383;NA
"1720499";148;165;1;494;NA;110;151;NA;629;NA
"1720655";121;206;1;470;4;93;179;2;646;5
"1720804";295;300;1;953;2;308;289;3;1111;3
"1720853";59;71;NA;199;NA;37;46;NA;179;NA
"1720903";453;472;1;1868;NA;341;316;7;1554;NA
"1720937";33;83;1;179;1;25;84;NA;274;NA
"1720978";128;130;1;373;1;52;48;NA;183;NA
"1721000";16730;8818;218;31619;124;13095;6879;253;28311;120
"1721109";149;76;3;442;519;85;78;2;398;250
"1721208";595;526;10;1916;242;621;677;7;2582;211
"1721257";111;54;2;313;3;27;12;NA;136;NA
"1721307";60;37;1;212;4;57;39;3;267;1
"1722081";344;245;2;1088;2;318;241;4;1297;3
"1722107";325;307;9;1123;3;262;301;11;1169;2
"2100055";3924;2530;8;11093;23;3476;2130;21;11178;27
"2100105";92;132;NA;723;NA;62;80;NA;614;NA
"2100154";304;108;NA;1235;1;343;97;1;1457;NA
"2100204";453;794;NA;1896;5;432;841;3;1863;3
"2100303";310;470;1;2015;1;380;663;5;2818;3
"2100402";207;151;NA;683;2;158;121;1;627;1
"2100436";512;435;7;1891;12;667;601;5;3407;11
"2100477";610;620;1;2467;5;519;616;3;2597;10
"2100501";277;237;2;1297;NA;181;182;1;1246;4
"2100550";144;99;NA;733;NA;155;91;NA;803;NA
"2100600";1019;625;3;3276;1238;747;446;2;2937;566
"2100709";1294;529;1;2305;1;1232;495;NA;2300;5
"2100808";466;130;NA;1486;1;386;100;NA;1431;1
"2100832";285;481;2;1391;9;335;640;4;1897;5
"2100873";221;192;NA;1212;46;172;166;1;1190;11
"2100907";1080;635;10;3871;6;1111;588;3;4676;3
"2100956";793;381;4;2272;538;531;334;9;2038;259
"2101004";1173;487;1;2313;13;1352;595;4;3023;10
"2101103";214;213;NA;1066;5;258;281;3;1307;2
"2101202";3178;3072;30;8276;41;3403;3984;46;10841;38
"2101251";473;244;NA;1751;NA;549;242;4;2029;NA
"2101301";222;889;NA;1222;2;199;1217;2;1383;1
"2101350";77;242;NA;429;NA;95;289;1;607;3
"2101400";3186;2069;54;8598;39;2962;2156;85;11687;50
"2101509";578;382;7;2050;4;548;494;11;2155;5
"2101608";3053;1366;10;7420;827;3093;1315;14;9523;478
"2101707";1131;599;4;6351;14;1216;484;7;8190;6
"2101731";119;61;NA;1123;NA;86;29;NA;652;NA
"2101772";311;234;NA;1002;1;352;297;NA;1292;4
"2101806";258;140;2;480;NA;230;147;7;494;6
"2101905";1054;693;1;1756;6;833;741;2;1639;8
"2101939";255;104;NA;621;1;199;97;NA;525;1
"2101970";122;129;NA;643;11;160;171;NA;907;11
"2102002";718;731;3;2853;216;747;895;13;3395;194
"2102036";721;619;NA;3094;68;511;495;2;2732;27
"2102077";412;233;4;1226;2;363;204;2;1117;NA
"2102101";646;730;4;3201;9;598;688;3;3758;13
"2102150";231;130;NA;903;1;182;117;NA;985;NA
"2102200";667;385;NA;3075;NA;518;324;NA;3124;4
"2102309";566;489;6;2217;1;507;439;4;2433;1
"2102325";1257;1064;6;4968;37;1404;1074;20;6499;31
"2102358";433;284;3;1415;4;359;220;6;1395;2
"2102374";124;75;NA;1182;2;145;67;NA;1091;NA
"2102408";172;359;NA;989;3;188;366;NA;1067;1
"2102507";436;499;3;1657;9;309;464;4;1523;7
"2102556";468;229;2;1348;3;376;197;4;1230;8
"2102606";406;529;1;1668;NA;426;569;1;2082;5
"2102705";395;425;2;2256;8;333;381;1;2212;4
"2102754";361;290;8;1211;2;294;232;9;1173;1
"2102804";947;569;3;2670;8;847;423;16;2332;13
"2102903";355;234;NA;2278;11;443;257;3;3468;18
"2103000";3153;4468;33;13687;34;3571;5636;78;17513;42
"2103109";186;247;NA;903;3;293;286;NA;1289;2
"2103125";119;367;NA;572;2;86;422;1;643;4
"2103158";312;232;NA;1182;143;219;133;NA;1042;20
"2103174";361;299;3;1553;64;300;285;5;1631;15
"2103208";2255;1024;4;8033;12;2387;877;3;9380;8
"2103257";412;277;NA;1265;1;373;275;3;1541;1
"2103307";2159;3385;9;10001;20;2330;4111;22;12839;26
"2103406";712;784;6;3708;2;788;924;9;4983;5
"2103505";1115;1156;2;3319;15;1107;1452;6;4289;23
"2103554";335;385;1;1216;1;326;376;1;1466;NA
"2103604";1705;1389;10;5912;6;1757;1308;17;6787;8
"2103703";549;1350;4;2671;5;535;1933;6;2988;7
"2103752";429;370;2;1488;7;426;299;6;1540;3
"2103802";775;446;7;2135;6;854;457;12;2617;2
"2103901";199;240;NA;921;NA;158;257;4;968;2
"2104008";620;231;5;1786;4;681;242;2;2060;1
"2104057";1338;520;14;4052;13;1104;408;9;3297;15
"2104073";256;196;NA;861;NA;191;152;8;820;NA
"2104081";363;127;1;757;442;202;86;2;629;61
"2104099";823;330;2;2137;6;398;221;2;1212;5
"2104107";424;272;NA;1509;2;313;187;NA;1200;NA
"2104206";379;300;2;1242;1;560;427;6;2219;1
"2104305";176;202;1;1060;10;197;196;NA;1293;6
"2104404";648;414;8;1784;3;472;374;20;1613;3
"2104503";232;128;NA;881;NA;352;204;1;1169;1
"2104552";607;433;5;1964;4;629;307;3;2000;7
"2104602";310;284;NA;1565;3;278;342;3;1562;4
"2104628";178;105;NA;880;1;164;104;NA;754;NA
"2104651";177;145;3;987;5;156;137;2;1192;3
"2104677";436;370;2;2115;4;504;442;2;2864;1
"2104701";265;208;NA;622;3;187;159;3;526;6
"2104800";2412;1374;13;6534;953;2064;1129;14;6539;762
"2104909";164;320;1;1031;24;184;390;1;1373;29
"2105005";323;189;1;2539;5;399;175;3;3348;5
"2105104";231;714;3;2461;7;246;636;NA;2616;2
"2105153";230;298;1;1105;3;265;407;4;1715;8
"2105203";401;230;3;1027;NA;366;199;1;994;1
"2105302";12186;6573;136;27387;109;11312;5664;166;26799;119
"2105351";416;245;1;1298;215;269;189;NA;1116;63
"2105401";1152;1339;2;5762;11;1484;1518;1;7611;10
"2105427";780;568;6;2214;6;832;484;1;2446;2
"2105450";204;177;NA;646;NA;175;202;NA;879;1
"2105476";372;154;NA;1048;795;282;107;1;875;1044
"2105500";682;491;9;2147;5;937;604;10;2736;9
"2105609";545;386;NA;1637;NA;350;291;3;1258;1
"2105658";122;103;NA;456;NA;146;96;NA;576;1
"2105708";1511;893;5;4394;9;1364;774;6;4517;6
"2105807";294;223;3;925;1;253;188;2;976;5
"2105906";360;342;2;1231;NA;388;413;5;1566;2
"2105922";338;144;NA;1241;2;266;189;NA;989;NA
"2105948";326;118;NA;980;NA;321;97;2;960;NA
"2105963";309;236;NA;1177;3;281;232;2;1127;1
"2105989";238;88;2;995;13;164;76;8;742;16
"2106003";430;306;4;1078;1;393;377;12;1056;3
"2106102";319;217;NA;971;1;300;249;NA;1145;2
"2106201";136;94;NA;661;NA;176;125;2;924;NA
"2106300";472;196;1;1378;1;419;155;4;1590;2
"2106326";567;368;2;1707;NA;592;432;NA;2335;2
"2106359";219;118;2;798;1;115;106;3;554;2
"2106375";251;191;1;1066;163;233;188;2;1222;14
"2106409";337;256;1;1882;3;268;225;3;1831;4
"2106508";611;713;1;2088;12;420;776;NA;2194;8
"2106607";536;856;7;3207;1;487;879;11;3382;6
"2106631";463;383;NA;1373;NA;295;268;1;1123;NA
"2106672";262;126;NA;968;1;170;65;2;772;4
"2106706";514;345;1;1785;1;691;419;1;2483;1
"2106755";727;283;NA;1874;NA;1011;351;2;2346;1
"2106805";209;632;1;1306;1;203;657;NA;1523;4
"2106904";342;778;3;2355;13;365;955;3;3136;8
"2107001";304;175;NA;731;108;361;141;NA;934;134
"2107100";262;199;NA;2385;5;223;176;1;1924;7
"2107209";218;292;NA;1166;2;285;279;NA;1286;1
"2107258";148;101;NA;515;NA;95;97;NA;517;2
"2107308";169;114;1;352;NA;131;141;1;427;NA
"2107357";339;247;1;1507;65;309;272;NA;1549;9
"2107407";697;406;12;1772;8;578;393;24;1778;1
"2107456";283;493;1;1230;1;214;503;NA;1433;4
"2107506";4469;4064;26;13365;42;5039;4268;34;16594;53
"2107605";288;548;1;1535;1;386;853;NA;2450;1
"2107704";537;329;5;1378;NA;675;544;15;2403;1
"2107803";752;801;9;3340;5;575;749;4;3210;4
"2107902";537;348;2;1488;NA;530;453;9;1930;1
"2108009";753;339;5;1481;1;730;433;8;1956;6
"2108058";361;178;NA;1874;2;274;103;NA;1642;2
"2108108";515;409;2;2166;7;448;353;8;2048;3
"2108207";1506;1013;11;3534;26;1315;1082;23;3582;21
"2108256";316;791;1;2392;3;232;825;3;2377;5
"2108306";437;1088;4;2657;18;437;1562;4;3465;11
"2108405";433;324;NA;1071;NA;495;381;NA;1079;NA
"2108454";491;531;NA;1967;3;485;589;3;2132;3
"2108504";607;805;2;2359;8;768;1111;9;3753;17
"2108603";1944;1881;9;6992;13;2398;2552;26;10312;31
"2108702";616;404;2;1998;3;691;424;4;2373;2
"2108801";276;267;NA;1846;1;388;251;1;2210;2
"2108900";541;312;2;1933;1;599;312;4;1998;4
"2109007";932;401;3;2434;7;885;359;2;2785;12
"2109056";158;151;NA;575;1;143;178;1;666;2
"2109106";1969;880;3;4551;14;1650;786;5;4486;12
"2109205";137;316;NA;1150;1;112;291;1;1159;3
"2109239";93;75;NA;404;NA;125;108;5;574;4
"2109270";265;266;1;1466;4;367;386;2;2177;2
"2109304";178;198;2;1083;NA;167;168;1;1317;NA
"2109403";164;102;NA;1382;2;219;72;NA;1664;NA
"2109452";818;568;NA;2543;37;1079;632;5;3787;50
"2109502";672;511;2;2999;4;411;401;NA;2162;2
"2109551";308;165;4;863;2;227;128;3;727;1
"2109601";650;795;3;3716;11;841;952;4;5138;16
"2109700";144;150;3;571;1;113;117;4;575;1
"2109759";263;59;NA;662;NA;241;61;NA;716;NA
"2109809";915;917;2;3046;2;1173;1141;1;3829;3
"2109908";2412;2002;15;7000;35;2804;2534;35;10022;45
"2110005";1557;1061;6;5620;28;1385;1097;8;6274;26
"2110039";762;424;7;2600;6;576;362;2;2398;1
"2110104";480;338;NA;2318;4;512;328;2;2512;1
"2110203";797;846;4;3397;3;880;881;3;4502;6
"2110237";169;94;1;1165;NA;195;70;NA;1264;1
"2110278";255;137;NA;1316;NA;264;98;2;1481;1
"2110302";426;379;1;1585;NA;357;305;2;1310;3
"2110401";453;183;NA;2021;NA;399;102;NA;1865;1
"2110500";716;1248;NA;3218;2;842;1617;2;4258;2
"2110609";581;269;4;2915;4;517;232;5;3245;3
"2110658";280;180;NA;548;4;234;232;1;768;3
"2110708";1496;741;4;3529;8;1184;609;7;3182;12
"2110807";167;113;1;503;1;148;100;NA;383;NA
"2110856";281;177;NA;836;1;293;218;NA;1032;2
"2110906";311;355;11;1456;4;222;258;6;1179;6
"2111003";516;453;NA;2005;4;544;385;2;1993;5
"2111029";275;277;1;1202;15;199;210;NA;1131;6
"2111052";530;206;NA;1287;NA;293;140;NA;750;1
"2111078";182;575;1;1459;1;233;729;1;1955;NA
"2111102";1169;634;5;1885;7;1168;761;5;2632;8
"2111201";7886;6414;50;21619;83;9284;7455;71;28118;108
"2111250";153;101;NA;426;NA;220;218;NA;996;NA
"2111300";39934;28959;230;84694;361;46699;36309;240;111183;365
"2111409";461;474;7;1636;6;479;568;14;1913;4
"2111508";1034;862;3;3450;6;1055;935;8;4599;3
"2111532";329;253;NA;1164;2;405;308;1;1472;2
"2111573";161;82;1;897;NA;107;49;1;411;NA
"2111607";605;460;14;1770;3;539;436;9;1961;NA
"2111631";221;116;2;759;2;97;64;1;423;NA
"2111672";139;70;3;444;NA;141;78;1;490;1
"2111706";416;599;1;1789;2;403;714;3;2316;5
"2111722";188;176;1;794;NA;221;159;1;910;2
"2111748";172;331;NA;819;6;177;390;3;1125;5
"2111763";512;368;1;1452;4;476;303;3;1493;3
"2111789";38;865;NA;553;1;43;1032;2;613;2
"2111805";925;380;NA;2075;7;472;152;1;1187;4
"2111904";367;235;2;985;2;290;231;1;1016;1
"2111953";158;139;3;514;NA;104;135;9;504;NA
"2112001";258;171;2;1124;1;164;110;2;815;NA
"2112100";453;479;6;2772;3;421;454;6;2981;1
"2112209";3591;4665;22;15752;17;3805;5560;56;20722;28
"2112233";774;453;3;2228;4;746;530;5;2528;4
"2112274";96;103;1;518;3;109;113;NA;622;2
"2112308";1449;628;14;3753;28;1190;536;11;3768;18
"2112407";769;976;1;3226;1;892;919;NA;3448;1
"2112456";568;589;3;2137;8;633;658;3;2617;4
"2112506";1306;650;5;4574;21;1411;645;9;6144;27
"2112605";502;406;NA;3406;2;464;275;2;3549;2
"2112704";837;656;3;4449;6;796;670;1;5461;4
"2112803";1320;1191;NA;4592;231;1387;1509;5;5333;227
"2112852";344;292;7;924;5;327;299;7;1105;4
"2112902";1134;605;2;2707;11;1196;571;NA;3112;22
"2113009";983;505;1;3401;5;962;418;1;3492;3
"2114007";994;723;NA;4091;81;1036;754;4;4925;24
"2200053";1100;147;1;303;NA;419;95;NA;151;1
"2200103";122;134;1;646;8;88;133;NA;589;NA
"2200202";559;364;2;1678;2;607;496;3;2165;6
"2200251";541;148;1;691;NA;434;96;1;663;NA
"2200277";208;63;NA;521;1;194;70;NA;542;NA
"2200301";531;431;4;1871;NA;342;248;2;1234;2
"2200400";1133;978;NA;5509;6;998;873;2;5673;12
"2200459";117;155;NA;572;2;108;102;NA;614;NA
"2200509";277;800;2;1357;4;280;1066;3;1738;6
"2200608";222;243;NA;629;1;233;286;NA;844;NA
"2200707";373;270;NA;961;1;302;243;1;1040;3
"2200806";70;128;8;389;NA;50;102;NA;294;1
"2200905";122;208;NA;621;NA;116;200;NA;550;NA
"2200954";122;35;NA;395;NA;99;33;NA;255;1
"2201002";54;168;NA;508;NA;50;184;NA;570;NA
"2201051";303;173;3;692;1;259;247;3;671;NA
"2201101";453;196;5;1794;5;228;86;5;889;3
"2201150";357;261;3;1437;42;255;143;1;1364;27
"2201176";127;88;NA;480;NA;128;94;NA;546;NA
"2201200";986;1076;8;5468;7;837;767;9;5374;5
"2201309";60;124;NA;339;NA;37;97;NA;357;NA
"2201408";176;152;NA;676;NA;174;200;NA;801;NA
"2201507";578;425;1;3201;2;471;425;3;3603;NA
"2201556";376;75;1;180;NA;376;56;2;168;NA
"2201572";177;67;NA;334;NA;163;47;NA;343;NA
"2201606";320;189;NA;1223;2;270;216;NA;1287;4
"2201705";166;172;2;531;1;134;148;1;611;3
"2201739";451;194;NA;675;8;221;121;NA;376;3
"2201770";102;90;NA;672;NA;162;104;NA;957;1
"2201804";376;93;NA;503;NA;227;48;NA;331;NA
"2201903";1024;685;1;2734;37;831;754;2;2886;39
"2201919";306;47;1;709;NA;166;37;4;551;NA
"2201929";245;131;2;828;2;149;56;1;565;7
"2201945";89;105;NA;697;1;111;82;NA;1010;1
"2201960";269;145;NA;1065;5;241;80;1;1010;4
"2201988";171;149;NA;617;NA;87;57;NA;307;NA
"2202000";580;508;4;1953;3;541;429;NA;2170;1
"2202026";215;101;NA;1064;2;143;79;NA;760;NA
"2202059";132;233;2;1110;NA;127;247;1;1356;NA
"2202075";37;124;NA;407;NA;26;110;NA;344;NA
"2202083";316;90;NA;862;NA;322;93;5;812;NA
"2202091";328;65;NA;603;NA;246;66;NA;549;NA
"2202109";141;212;4;725;NA;82;178;3;428;NA
"2202117";249;102;NA;617;NA;160;89;NA;380;1
"2202133";282;141;NA;673;NA;178;155;NA;653;3
"2202174";110;206;NA;837;NA;59;249;1;731;NA
"2202208";1042;709;13;5428;4;1138;721;4;6432;6
"2202251";83;112;2;327;1;62;110;4;425;NA
"2202307";768;346;1;2388;2;692;376;2;2231;2
"2202406";318;241;NA;1235;3;309;230;1;1276;8
"2202455";206;71;NA;498;NA;189;52;1;429;3
"2202505";335;330;NA;1291;NA;197;219;NA;952;NA
"2202539";240;128;NA;601;NA;192;119;NA;630;NA
"2202554";215;93;NA;480;NA;179;94;NA;547;NA
"2202604";583;354;5;1880;1;620;473;13;2640;1
"2202653";213;173;NA;711;NA;113;93;2;464;NA
"2202703";1439;329;6;2980;1;1233;199;13;2747;NA
"2202711";97;100;NA;609;NA;83;109;1;651;NA
"2202729";471;32;NA;697;NA;365;18;NA;625;NA
"2202737";81;84;NA;500;NA;57;58;NA;508;1
"2202752";187;169;NA;617;2;153;149;NA;787;NA
"2202778";156;309;NA;681;NA;110;327;NA;781;1
"2202802";247;120;NA;606;NA;176;97;NA;459;1
"2202851";217;175;NA;659;NA;95;62;1;278;2
"2202901";686;1004;16;3120;4;546;659;13;2542;7
"2203008";275;205;2;886;1;126;167;6;637;1
"2203107";263;251;NA;1167;2;194;231;NA;1191;2
"2203206";222;257;NA;1211;3;235;210;3;1505;1
"2203230";111;110;NA;573;43;51;62;NA;462;41
"2203255";69;134;NA;477;1;63;123;NA;557;2
"2203271";192;130;NA;628;1;122;71;1;432;NA
"2203305";492;386;1;2226;NA;321;293;2;1739;1
"2203354";436;157;2;725;1;254;103;11;574;1
"2203404";437;81;1;579;NA;460;64;NA;613;NA
"2203420";200;74;2;477;NA;198;45;NA;323;NA
"2203453";631;263;NA;1034;1;425;166;NA;660;1
"2203503";427;382;7;1748;NA;353;364;3;1523;1
"2203602";134;159;NA;523;1;91;106;NA;521;NA
"2203701";1129;792;6;3698;3;1264;1087;6;5348;3
"2203750";163;199;NA;557;1;110;157;NA;556;NA
"2203800";124;141;NA;510;NA;113;139;NA;541;NA
"2203859";75;34;NA;329;NA;66;48;NA;309;1
"2203909";1851;2429;31;5801;39;1706;2592;28;6442;38
"2204006";70;131;NA;451;1;72;204;NA;716;NA
"2204105";97;128;1;567;NA;95;115;NA;518;1
"2204154";107;44;NA;392;NA;99;31;NA;347;NA
"2204204";568;151;NA;947;1;394;128;NA;752;2
"2204303";730;113;5;973;2;596;138;5;976;3
"2204352";310;58;1;693;NA;228;61;NA;586;NA
"2204402";231;337;1;1122;3;176;309;4;1189;5
"2204501";375;274;3;934;5;337;282;3;1123;10
"2204550";153;67;NA;596;NA;98;36;NA;365;NA
"2204600";146;91;NA;411;NA;93;63;NA;387;NA
"2204659";227;163;NA;737;5;283;173;1;1180;12
"2204709";657;374;NA;1711;9;511;352;1;1603;7
"2204808";448;342;NA;1042;NA;279;285;NA;751;NA
"2204907";201;426;NA;717;NA;142;432;NA;670;NA
"2205003";594;191;3;1564;NA;364;140;4;1089;3
"2205102";451;441;2;1335;1;206;303;1;942;6
"2205151";379;98;1;685;NA;248;79;NA;470;NA
"2205201";497;423;NA;2448;3;414;334;NA;1926;6
"2205250";117;119;NA;481;NA;84;140;NA;490;NA
"2205276";184;84;1;641;NA;89;39;2;435;NA
"2205300";118;215;5;454;1;65;190;5;442;1
"2205359";122;54;2;426;NA;73;41;NA;275;1
"2205409";412;297;NA;1914;1;236;172;NA;1243;1
"2205458";83;89;NA;565;1;104;70;NA;717;NA
"2205508";725;984;2;5151;4;682;752;7;4952;1
"2205516";245;114;1;750;NA;124;67;2;470;1
"2205524";73;182;NA;828;NA;40;83;NA;501;NA
"2205532";166;66;NA;511;NA;202;63;NA;516;NA
"2205540";86;69;NA;331;NA;68;68;NA;388;1
"2205557";215;165;1;1114;NA;147;74;NA;820;NA
"2205565";328;96;1;588;1;178;40;1;387;2
"2205573";254;65;1;548;52;346;65;1;573;94
"2205581";88;133;3;579;NA;68;163;1;556;NA
"2205599";238;134;NA;520;NA;183;104;NA;403;NA
"2205607";103;154;NA;442;NA;110;247;NA;738;NA
"2205706";1190;417;6;3003;3;1243;312;7;3207;4
"2205805";666;366;1;2359;1;897;351;2;3247;1
"2205854";128;151;1;730;NA;135;124;NA;993;1
"2205904";141;153;NA;489;NA;142;169;NA;635;NA
"2205953";354;162;NA;894;NA;291;146;NA;977;NA
"2206001";133;101;1;535;NA;111;126;2;534;3
"2206050";218;179;NA;497;3;170;145;1;521;8
"2206100";287;199;1;1140;1;261;177;1;1135;NA
"2206209";632;837;5;3494;3;472;687;7;3138;1
"2206308";15;78;NA;132;NA;22;52;NA;107;NA
"2206357";582;85;1;770;1;222;46;1;431;NA
"2206407";191;316;2;1049;1;208;306;2;1441;NA
"2206506";372;94;NA;767;NA;429;103;NA;903;1
"2206605";226;320;2;1021;NA;226;317;NA;1162;1
"2206654";118;114;NA;688;3;54;82;NA;320;NA
"2206670";179;138;1;752;2;139;94;1;775;NA
"2206696";266;176;7;1171;NA;207;134;10;986;NA
"2206704";199;263;1;915;3;102;227;NA;620;NA
"2206720";183;403;1;1049;2;146;400;NA;1083;2
"2206753";118;89;2;701;NA;81;60;1;659;1
"2206803";150;214;1;943;NA;126;178;1;938;NA
"2206902";193;160;NA;945;NA;94;126;NA;747;NA
"2206951";119;144;2;375;NA;64;51;NA;250;NA
"2207009";1169;1712;NA;3617;8;980;1768;2;4245;6
"2207108";65;68;NA;228;3;75;100;NA;355;NA
"2207207";410;134;NA;499;2;338;279;NA;691;4
"2207306";145;108;2;525;NA;121;67;2;383;NA
"2207355";134;88;NA;562;NA;58;34;NA;221;NA
"2207405";235;130;NA;554;1;146;107;NA;436;NA
"2207504";214;537;NA;1104;4;230;685;NA;1521;3
"2207553";255;89;NA;413;NA;158;90;NA;287;NA
"2207603";198;306;3;1190;2;154;251;3;928;3
"2207702";6969;2778;42;14431;40;7405;2822;45;16999;48
"2207751";82;129;1;354;NA;84;151;2;414;1
"2207777";270;115;NA;941;NA;130;66;NA;553;NA
"2207793";77;49;NA;585;NA;74;39;NA;485;NA
"2207801";1399;608;NA;1779;66;1084;527;1;1750;94
"2207850";101;87;NA;464;1;89;66;NA;491;NA
"2207900";2091;426;2;3604;7;2147;396;5;3450;3
"2207934";126;84;NA;292;NA;78;47;NA;186;NA
"2207959";225;136;NA;492;NA;113;81;NA;325;NA
"2208007";4884;1613;7;7955;25;4722;1584;11;8033;17
"2208106";608;269;NA;1521;NA;371;166;NA;942;4
"2208205";1015;274;NA;2252;2;639;229;NA;1690;3
"2208304";1280;448;12;3097;2;1200;378;17;3583;5
"2208403";2347;1081;13;6212;154;2527;1224;28;8007;135
"2208502";162;228;1;1063;NA;184;301;NA;1439;NA
"2208551";23;41;NA;215;NA;71;53;NA;365;NA
"2208601";124;90;NA;375;1;83;60;1;356;1
"2208650";973;236;NA;387;36;621;262;NA;352;15
"2208700";161;365;NA;800;2;107;317;NA;827;3
"2208809";280;662;NA;1422;3;320;921;NA;2058;6
"2208858";87;157;NA;605;NA;51;68;NA;324;NA
"2208874";62;149;NA;435;NA;64;157;NA;528;1
"2208908";185;179;NA;610;1;144;164;NA;583;1
"2209005";199;199;2;696;NA;157;179;NA;684;NA
"2209104";211;238;NA;594;1;166;199;NA;565;1
"2209153";61;87;NA;494;NA;46;58;NA;435;NA
"2209203";117;133;3;535;7;110;159;11;757;7
"2209302";139;161;2;566;NA;114;124;2;607;NA
"2209351";357;52;NA;401;NA;225;33;NA;333;NA
"2209377";143;184;NA;547;NA;118;173;NA;527;NA
"2209401";397;98;2;571;3;363;99;NA;564;NA
"2209450";31;44;NA;250;NA;13;35;NA;234;NA
"2209500";162;95;NA;446;NA;168;70;NA;395;NA
"2209559";231;136;1;621;1;109;60;1;359;NA
"2209609";163;69;NA;343;NA;101;43;NA;312;NA
"2209658";674;92;15;370;3;378;74;7;273;NA
"2209708";128;208;6;533;NA;140;285;4;778;NA
"2209757";52;82;1;346;NA;44;63;NA;341;NA
"2209807";205;143;NA;462;NA;120;160;NA;481;NA
"2209856";298;76;1;643;NA;163;43;NA;342;NA
"2209872";215;79;1;666;NA;179;64;3;678;2
"2209906";237;181;2;795;4;187;153;1;607;1
"2209955";65;308;NA;391;5;42;358;NA;301;NA
"2209971";186;115;NA;980;2;196;85;1;972;NA
"2210003";748;927;13;1861;4;671;890;16;2033;5
"2210052";199;73;5;491;NA;206;85;4;608;NA
"2210102";99;193;2;347;NA;65;150;1;304;NA
"2210201";604;139;NA;562;NA;444;97;NA;441;NA
"2210300";417;73;NA;686;NA;279;60;NA;680;NA
"2210359";198;99;NA;699;NA;90;43;NA;359;1
"2210375";176;21;NA;345;NA;82;18;NA;190;NA
"2210383";80;46;NA;224;NA;121;35;2;299;NA
"2210391";90;98;NA;302;1;55;84;NA;302;NA
"2210409";736;391;2;2177;6;584;314;3;1717;5
"2210508";294;381;1;1278;2;264;489;2;1687;1
"2210607";1541;1238;33;4161;29;1295;1033;42;3727;30
"2210623";148;128;1;417;NA;54;46;NA;190;NA
"2210631";247;96;NA;608;NA;114;48;NA;329;1
"2210656";394;164;2;1552;NA;183;94;NA;873;NA
"2210706";636;399;NA;1690;NA;366;262;NA;1214;NA
"2210805";544;531;11;1580;2;396;344;13;1262;7
"2210904";93;149;NA;534;NA;77;120;1;477;NA
"2210938";472;76;NA;719;2;314;61;NA;551;NA
"2210953";115;69;NA;427;NA;67;55;NA;274;NA
"2210979";85;96;NA;234;3;75;86;NA;290;1
"2211001";29366;21547;148;74645;214;31697;24939;294;96900;231
"2211100";963;1130;4;4850;4;890;1034;5;5176;6
"2211209";736;484;3;2139;40;702;614;11;2875;43
"2211308";686;599;1;2202;10;803;701;NA;2953;12
"2211357";176;214;NA;657;1;113;111;NA;387;1
"2211407";138;127;NA;429;2;183;170;NA;585;1
"2211506";181;47;NA;511;NA;95;29;NA;358;NA
"2211605";171;25;NA;343;1;133;24;NA;396;1
"2211704";179;108;NA;621;NA;88;70;NA;321;2
"2300101";456;171;1;1172;1;356;194;2;1146;1
"2300150";383;308;NA;1486;1;322;178;NA;1760;2
"2300200";2427;856;7;6892;76;2368;757;15;7505;77
"2300309";2688;708;2;5000;6;2347;664;4;4979;5
"2300408";595;305;NA;1709;NA;532;238;1;1549;2
"2300507";339;173;5;1197;NA;307;143;7;1610;NA
"2300606";339;150;1;660;1;335;188;2;814;NA
"2300705";745;304;5;1546;1;642;215;1;1511;2
"2300754";1607;490;12;4819;17;1327;363;2;4589;7
"2300804";387;131;NA;564;1;536;166;2;808;1
"2300903";493;163;1;1564;1;526;148;NA;1648;5
"2301000";3266;1378;13;8368;85;3275;1228;21;10056;100
"2301109";2972;1482;19;7711;35;3065;1280;25;9400;43
"2301208";898;425;3;3267;2;803;327;3;2987;NA
"2301257";438;92;3;1428;3;423;61;6;1502;5
"2301307";692;263;7;2240;5;617;348;8;2571;1
"2301406";242;144;1;1317;116;195;100;1;1369;97
"2301505";455;123;NA;863;1;376;76;1;709;2
"2301604";1445;382;13;2217;4;1198;347;16;2142;1
"2301703";1578;361;5;3087;NA;950;255;6;2183;4
"2301802";303;99;1;820;2;189;49;2;546;1
"2301851";621;219;NA;1685;NA;683;211;NA;2168;2
"2301901";2382;1468;43;7698;14;2185;1560;84;8701;17
"2301950";643;279;NA;2910;3;522;201;1;3016;1
"2302008";1145;373;3;2173;2;973;301;6;1972;2
"2302057";363;165;3;1725;1;425;155;7;1918;NA
"2302107";1083;693;7;4063;25;1041;574;9;4335;26
"2302206";2160;846;4;6313;13;1951;604;7;6357;7
"2302305";1359;632;6;4088;10;1047;400;3;3462;5
"2302404";2569;727;9;5651;104;2269;552;8;6174;38
"2302503";2914;679;9;5921;8;2022;626;15;4834;5
"2302602";1853;772;21;6386;12;2157;841;26;8299;11
"2302701";1278;443;23;2601;4;1321;434;14;2853;5
"2302800";2489;1115;43;8463;96;2651;884;54;9438;52
"2302909";425;397;8;1850;2;439;385;12;2395;1
"2303006";463;247;4;1783;2;500;185;4;2163;5
"2303105";784;372;10;2081;3;643;234;9;2007;NA
"2303204";1140;277;4;2868;6;1163;322;24;3012;3
"2303303";1376;291;10;1925;NA;1013;213;10;1450;1
"2303402";1108;148;4;1405;93;1108;193;4;1538;123
"2303501";2216;901;16;7461;20;2790;901;24;10963;21
"2303600";630;149;2;1077;1;520;134;5;1137;NA
"2303659";384;99;5;1261;13;331;77;4;1255;6
"2303709";12846;5756;75;35047;1611;13765;5350;119;43920;2233
"2303808";1453;389;2;2384;NA;1198;346;5;2299;NA
"2303907";398;149;1;1248;NA;365;152;1;1627;NA
"2303931";268;150;1;1514;NA;249;123;NA;1693;NA
"2303956";797;418;NA;2521;4;738;296;3;2381;3
"2304004";1168;229;1;2218;NA;1034;154;1;2231;NA
"2304103";3782;1207;20;8271;295;3660;1103;26;8331;443
"2304202";5330;3113;80;11680;56;5887;3724;115;14561;81
"2304236";805;159;16;2390;4;667;113;14;1938;NA
"2304251";1782;340;16;3510;7;1407;210;8;3069;6
"2304269";454;86;1;1019;NA;469;90;NA;1226;NA
"2304277";469;132;2;718;NA;299;86;2;540;1
"2304285";4128;851;19;8184;10;2897;689;16;8296;16
"2304301";924;326;5;2090;3;787;236;5;2040;2
"2304350";832;402;24;2463;4;920;381;28;3053;1
"2304400";120460;35672;609;222393;685;139148;37293;838;302672;720
"2304459";729;272;NA;1919;6;693;242;2;2076;2
"2304509";673;185;2;1761;2;751;142;10;1896;1
"2304608";198;99;NA;631;NA;243;69;1;965;NA
"2304657";748;240;1;1502;2;651;181;4;1499;4
"2304707";1744;736;25;6630;7;1330;532;20;6066;7
"2304806";210;104;3;419;1;203;82;2;517;NA
"2304905";723;169;12;1184;1;651;143;19;1104;3
"2304954";554;411;4;2149;1;705;465;3;3470;NA
"2305001";2107;426;22;4645;6;1631;280;26;4344;10
"2305100";170;96;1;838;NA;109;57;NA;649;NA
"2305209";1183;304;10;2126;2;793;195;7;1721;1
"2305233";2114;986;7;8028;24;2477;1040;18;10899;29
"2305266";425;196;NA;1485;NA;337;142;NA;1438;NA
"2305308";1043;239;4;2834;2;845;181;5;2743;2
"2305332";565;130;5;1335;3;565;105;5;1366;1
"2305357";1038;448;3;1880;1;1109;419;7;2279;2
"2305407";3221;883;6;6577;2;3002;751;12;6972;2
"2305506";6037;1650;14;9833;19;5635;1516;20;10243;28
"2305605";1509;358;5;2557;6;1324;314;2;2387;4
"2305654";501;133;4;1411;3;521;154;9;1563;NA
"2305704";637;171;NA;1235;NA;588;197;5;1240;1
"2305803";1945;547;11;4088;5;2118;541;14;4661;9
"2305902";1908;474;19;4274;19;1607;483;34;4457;12
"2306009";888;234;NA;1328;1;744;244;1;1354;3
"2306108";572;265;10;2512;2;639;203;10;3120;NA
"2306207";323;92;1;777;NA;435;86;4;1102;NA
"2306256";1765;880;20;6176;11;2024;753;34;7848;12
"2306306";1757;497;16;5230;7;1773;454;16;5884;2
"2306405";3985;1665;36;14182;72;4083;1419;48;15983;122
"2306504";521;434;6;1762;1;582;427;11;2373;NA
"2306553";1148;520;20;3881;563;1366;398;21;4559;496
"2306603";502;244;NA;2399;2;574;212;4;2751;1
"2306702";611;240;1;2354;2;543;196;1;2104;1
"2306801";485;256;1;1063;2;389;218;1;947;NA
"2306900";1933;474;3;3426;2;1907;497;18;4142;3
"2307007";1564;495;15;3066;7;1834;499;25;4218;7
"2307106";922;560;6;3423;8;590;459;11;2764;4
"2307205";335;97;1;934;NA;340;92;4;819;1
"2307254";1162;292;10;3266;6;1056;234;11;2757;7
"2307304";13793;5029;55;26419;60;14627;5573;100;31685;72
"2307403";1398;431;NA;2865;5;1186;295;1;2044;3
"2307502";1719;535;3;3352;4;1396;499;3;2967;3
"2307601";3916;1022;16;5575;11;3906;851;14;6130;10
"2307635";563;304;18;1678;1;549;300;26;2169;1
"2307650";8218;3368;46;24435;472;9372;3100;74;29958;669
"2307700";3547;1869;11;10859;27;4037;1644;21;13039;26
"2307809";999;436;4;2965;5;668;273;1;2246;NA
"2307908";325;175;4;1045;2;384;172;5;1586;2
"2308005";942;571;26;4343;2;903;516;23;5008;5
"2308104";2320;830;15;5027;3;1717;698;10;4259;1
"2308203";414;277;NA;1971;1;310;198;1;1651;1
"2308302";1098;454;8;2430;1;1127;554;10;3073;3
"2308351";966;171;NA;1348;1;844;133;1;1199;1
"2308377";453;166;1;1419;3;485;121;4;1610;NA
"2308401";1368;801;15;3672;14;1114;842;8;4012;5
"2308500";1940;394;7;4111;1;2052;359;5;4796;NA
"2308609";611;116;3;1753;570;582;96;6;1583;505
"2308708";3744;948;4;6695;8;3735;649;7;6889;3
"2308807";325;121;NA;1132;NA;193;71;1;867;NA
"2308906";904;384;5;2281;13;886;296;5;2497;16
"2309003";851;160;3;1340;2;920;132;3;1584;2
"2309102";293;173;3;993;5;353;138;6;1366;3
"2309201";617;224;NA;1700;3;508;239;3;1887;1
"2309300";1455;349;1;3404;9;1437;367;6;3821;4
"2309409";1431;329;11;3226;66;1215;295;15;3155;81
"2309458";960;513;8;2935;5;897;361;14;3100;6
"2309508";999;269;2;1935;2;1158;273;7;2530;NA
"2309607";2560;1210;12;8010;13;2464;966;17;8787;17
"2309706";2444;1404;12;7493;178;3076;1420;31;10832;213
"2309805";322;187;NA;1253;NA;299;137;NA;1468;NA
"2309904";362;127;NA;663;3;315;96;NA;634;1
"2310001";364;130;1;1078;1;430;106;1;1148;NA
"2310100";309;164;1;1201;NA;310;150;3;1240;1
"2310209";1192;533;9;3704;28;1319;591;16;5570;24
"2310258";1252;403;6;4109;4;1107;288;13;3613;3
"2310308";1500;456;18;3120;5;1794;534;25;3701;2
"2310407";295;115;5;1218;1;380;98;2;1458;1
"2310506";1592;349;10;4817;3;1603;344;14;5507;3
"2310605";379;118;4;914;3;331;139;1;1032;NA
"2310704";1379;594;7;3910;6;1578;484;9;4762;5
"2310803";868;201;4;1304;1;966;233;NA;1701;3
"2310852";779;384;5;2341;9;942;326;9;3199;10
"2310902";981;196;1;1644;1;1015;196;1;1706;NA
"2310951";479;120;5;1116;NA;398;92;NA;1052;NA
"2311009";659;97;3;1174;126;604;111;2;1167;271
"2311108";589;252;6;2079;1;496;252;8;1879;4
"2311207";415;221;4;1033;NA;341;191;5;924;NA
"2311231";543;73;NA;433;NA;515;82;NA;486;NA
"2311264";1188;276;4;2174;117;935;244;2;1931;74
"2311306";3420;1338;24;8758;10;3440;1186;25;10777;9
"2311355";1179;156;3;2199;3;796;99;2;1405;1
"2311405";3248;1313;6;9797;7;2996;1058;10;10181;13
"2311504";1221;412;NA;2705;1;953;237;NA;2218;2
"2311603";572;363;2;3285;5;645;341;4;3921;5
"2311702";1065;161;7;2359;NA;870;128;4;1989;1
"2311801";4060;1062;21;7676;10;3915;847;19;8804;11
"2311900";1025;279;6;1503;NA;758;213;4;1141;NA
"2311959";682;499;NA;1805;5;424;444;NA;1518;1
"2312007";1141;655;8;3053;11;1076;508;7;3205;2
"2312106";538;276;3;2053;1;522;280;6;1954;1
"2312205";1716;597;6;5082;11;1314;466;8;4775;8
"2312304";2348;563;3;4648;37;2201;571;15;5181;50
"2312403";1596;733;17;6437;25;1484;568;8;7077;25
"2312502";291;50;NA;620;NA;387;64;NA;959;NA
"2312601";386;137;2;1189;2;397;140;10;1604;NA
"2312700";1173;398;NA;2721;2;1192;406;1;3066;NA
"2312809";175;117;1;947;2;194;79;4;910;NA
"2312908";8086;3604;57;20698;28;7862;3253;80;24351;28
"2313005";1062;281;NA;2558;1;719;187;1;1781;2
"2313104";2182;315;4;2914;2;2372;354;6;3599;1
"2313203";910;365;2;2880;84;882;341;3;3069;92
"2313252";579;71;NA;636;NA;545;97;NA;738;1
"2313302";3932;1048;16;4790;7;4268;1089;10;5949;10
"2313351";444;128;2;1987;1;477;142;8;2413;2
"2313401";3272;758;22;8437;16;3213;595;30;9307;11
"2313500";1831;756;9;6488;6;1711;571;28;7504;7
"2313559";490;235;1;1734;1;459;202;1;1953;2
"2313609";1299;356;5;3642;5;1065;229;7;3896;8
"2313708";425;188;1;745;NA;290;123;2;634;1
"2313757";450;219;2;1905;1;497;208;2;2380;NA
"2313807";647;291;3;2128;7;604;248;4;2464;5
"2313906";430;197;2;1754;1;360;137;2;1781;2
"2313955";806;179;5;1891;4;832;165;12;2225;2
"2314003";2125;708;2;3835;NA;2228;676;7;4472;NA
"2314102";1711;499;5;7616;19;1311;364;19;6720;13
"2400109";893;313;NA;835;5;817;242;1;704;4
"2400208";3015;1361;17;5351;23;2657;1163;31;5608;29
"2400307";460;271;1;999;1;367;250;5;1019;NA
"2400406";245;66;NA;209;NA;225;38;NA;208;NA
"2400505";818;172;4;1486;2;801;146;10;1403;1
"2400604";392;73;2;408;1;363;75;2;345;1
"2400703";731;217;NA;1166;NA;724;169;1;1212;NA
"2400802";599;264;NA;970;1;680;269;1;1167;1
"2400901";527;63;NA;467;NA;610;79;NA;626;NA
"2401008";2860;488;7;3695;26;2400;353;5;3034;37
"2401107";1062;654;3;2223;2;1123;528;6;2576;6
"2401206";575;339;3;1204;13;482;290;3;1346;13
"2401305";544;111;NA;1052;1;546;96;2;880;1
"2401404";482;149;2;989;88;326;64;NA;618;66
"2401453";1235;539;15;2601;7;1216;525;25;2713;2
"2401503";262;72;1;327;NA;274;71;NA;382;NA
"2401602";172;74;NA;549;NA;183;64;NA;524;NA
"2401651";162;43;NA;214;1;133;29;NA;182;1
"2401701";534;296;3;1040;NA;465;225;6;886;NA
"2401800";727;165;4;1195;1;673;194;2;1245;1
"2401859";291;154;NA;733;NA;205;82;NA;513;NA
"2401909";157;67;NA;335;NA;125;48;1;316;1
"2402006";5878;1097;10;4044;13;5895;1094;10;4022;17
"2402105";658;133;1;1180;NA;490;98;3;905;NA
"2402204";1079;503;5;2270;46;1442;523;5;3229;76
"2402303";1128;371;11;1881;3;1239;333;11;2061;3
"2402402";907;143;1;564;9;658;98;NA;417;3
"2402501";388;241;NA;898;1;429;230;1;1052;NA
"2402600";2847;2256;26;6785;162;2810;2238;51;7611;170
"2402709";816;127;2;1214;2;607;94;2;820;1
"2402808";330;81;NA;564;NA;290;52;1;565;NA
"2402907";489;193;NA;291;NA;240;74;NA;154;NA
"2403004";754;163;4;715;1;589;126;5;583;3
"2403103";3483;727;4;3336;10;3237;616;4;3198;7
"2403202";564;109;1;461;NA;600;113;NA;563;NA
"2403251";21119;4867;76;22217;85;18291;3829;101;19524;82
"2403301";445;75;1;307;NA;595;99;NA;492;1
"2403400";390;86;NA;382;NA;513;94;2;493;NA
"2403509";487;162;1;945;1;567;166;6;1223;NA
"2403608";3177;1946;17;6268;22;2514;1322;22;5163;32
"2403707";423;112;NA;664;NA;302;67;1;502;NA
"2403756";114;62;3;277;1;139;93;6;358;1
"2403806";920;206;1;853;NA;625;138;NA;654;1
"2403905";324;66;NA;274;NA;161;29;NA;136;NA
"2404002";340;30;1;344;1;356;38;NA;423;NA
"2404101";66;23;NA;167;1;102;16;1;249;NA
"2404200";1185;566;17;2397;39;1094;413;9;2523;82
"2404309";906;335;1;1114;NA;658;162;5;880;1
"2404408";521;207;NA;1089;NA;450;157;NA;966;NA
"2404507";688;312;11;1277;1;722;322;14;1566;1
"2404606";405;289;3;1112;6;455;277;6;1323;4
"2404705";640;429;2;1279;3;523;306;9;1284;4
"2404804";202;26;2;188;NA;160;35;4;160;NA
"2404853";407;207;NA;608;1;341;158;4;673;1
"2404903";358;102;NA;503;NA;383;77;NA;477;1
"2405009";404;86;NA;729;NA;478;89;NA;967;NA
"2405108";281;130;1;691;1;249;93;7;638;1
"2405207";213;87;NA;362;3;279;91;NA;506;3
"2405306";469;194;5;929;1;409;135;6;921;NA
"2405405";261;62;1;463;2;335;66;1;585;NA
"2405504";145;95;NA;248;10;91;36;NA;157;14
"2405603";1421;183;6;1064;1;1275;129;2;879;4
"2405702";1691;225;NA;800;NA;1067;142;5;538;NA
"2405801";1407;697;14;2940;261;1452;655;38;3036;396
"2405900";107;39;NA;197;NA;155;40;NA;217;NA
"2406007";548;77;NA;432;NA;536;96;2;457;NA
"2406106";1233;283;1;1684;1;1218;227;3;1704;2
"2406155";230;75;1;388;1;155;67;NA;330;NA
"2406205";345;116;4;687;1;298;91;4;652;NA
"2406304";433;172;3;789;2;322;148;10;695;1
"2406403";189;45;NA;248;1;125;48;NA;219;NA
"2406502";987;355;1;1520;4;772;266;5;1199;NA
"2406601";495;143;NA;758;2;445;153;NA;831;1
"2406700";446;260;NA;927;1;433;176;1;975;NA
"2406809";198;94;NA;623;NA;205;57;NA;532;NA
"2406908";328;52;NA;338;NA;206;34;NA;243;NA
"2407005";632;224;4;855;6;433;190;2;652;5
"2407104";3922;2130;26;7406;164;3823;2139;55;8410;148
"2407203";1402;763;5;2900;9;1192;654;13;2712;8
"2407252";219;43;NA;346;1;262;62;2;409;1
"2407302";818;191;NA;606;NA;549;128;NA;437;NA
"2407401";633;183;1;667;NA;604;189;1;682;NA
"2407500";382;350;3;973;NA;329;249;6;924;2
"2407609";229;111;1;323;1;212;134;NA;423;1
"2407708";622;145;2;1080;3;608;134;5;1172;1
"2407807";1244;469;7;2273;8;1086;352;11;2289;4
"2407906";200;31;NA;309;NA;91;6;NA;159;NA
"2408003";18471;5870;106;23123;49;17290;4980;140;22426;42
"2408102";52349;16202;272;59513;281;56659;15820;372;68724;301
"2408201";1507;808;12;2795;13;1257;671;8;2767;20
"2408300";1919;419;10;3297;6;2019;351;21;3472;6
"2408409";353;55;NA;328;NA;316;51;NA;299;NA
"2408508";664;70;NA;323;1;472;28;NA;214;1
"2408607";371;55;NA;423;1;196;24;NA;225;NA
"2408706";117;46;1;262;NA;239;67;NA;495;NA
"2408805";202;110;3;347;1;223;129;5;474;NA
"2408904";2269;370;4;1392;1;2082;335;16;1290;3
"2408953";418;220;6;1019;2;354;152;11;956;4
"2409100";762;186;1;1138;4;577;139;3;980;2
"2409209";201;63;NA;339;1;171;37;1;263;1
"2409308";689;152;8;980;NA;791;216;16;1177;1
"2409332";183;85;1;419;1;255;115;7;565;2
"2409407";2541;609;NA;1900;4;2856;641;6;2220;4
"2409506";120;114;2;299;1;141;74;3;344;NA
"2409605";135;78;NA;229;NA;104;55;NA;181;NA
"2409704";340;185;10;640;NA;249;102;11;531;NA
"2409803";753;198;3;1361;6;727;194;1;1254;1
"2409902";502;322;1;1143;NA;551;313;2;1374;NA
"2410009";155;45;NA;380;NA;162;36;NA;268;NA
"2410108";477;293;1;1214;NA;418;243;NA;1200;NA
"2410207";544;252;NA;468;1;539;317;NA;564;5
"2410256";208;147;NA;443;NA;229;132;NA;576;2
"2410306";390;152;1;879;2;510;144;4;1130;1
"2410405";414;204;4;902;5;379;163;2;953;5
"2410504";625;70;2;436;3;388;41;1;313;2
"2410603";423;39;NA;254;NA;187;29;NA;139;NA
"2410702";139;87;NA;200;NA;167;91;NA;248;NA
"2410801";539;50;NA;407;NA;225;20;NA;198;NA
"2410900";331;154;NA;727;3;281;139;3;714;1
"2411007";252;53;1;370;NA;334;70;NA;437;1
"2411056";188;90;1;616;1;258;105;1;582;1
"2411106";117;57;NA;308;NA;127;33;NA;451;NA
"2411205";2496;802;26;3112;6;2372;703;55;3214;7
"2411403";906;254;4;1430;4;669;212;1;995;1
"2411429";399;48;NA;219;NA;161;12;NA;85;NA
"2411502";1468;373;5;2428;6;1158;259;11;1989;2
"2411601";168;57;1;421;1;103;33;1;264;NA
"2411700";220;61;3;266;NA;265;55;5;422;NA
"2411809";396;51;NA;181;NA;371;70;NA;172;1
"2411908";287;55;1;277;NA;401;57;1;403;NA
"2412005";6320;3358;35;10929;72;5743;2791;59;10457;77
"2412104";625;100;2;387;1;624;108;2;409;NA
"2412203";2753;1130;14;4788;13;2067;842;32;4018;14
"2412302";518;234;6;1041;NA;561;212;2;1145;1
"2412401";495;113;NA;291;NA;344;53;NA;254;NA
"2412500";2304;307;16;1545;1;2246;303;10;1537;1
"2412559";423;216;2;768;4;531;232;4;1027;5
"2412609";1004;313;1;1778;5;863;260;1;1657;2
"2412708";242;115;NA;552;NA;272;120;1;627;NA
"2412807";690;113;3;686;NA;568;69;1;605;NA
"2412906";556;220;3;1091;NA;445;165;NA;1048;NA
"2413003";606;74;NA;503;NA;544;82;8;403;1
"2413102";314;124;1;613;NA;292;93;1;603;NA
"2413201";134;67;NA;380;2;156;69;NA;445;3
"2413300";293;94;1;569;NA;324;86;5;557;NA
"2413359";769;259;6;1317;NA;530;175;7;1180;4
"2413409";544;128;2;637;2;503;136;6;636;NA
"2413508";408;122;NA;766;NA;269;100;1;585;NA
"2413557";665;123;1;353;NA;302;49;NA;192;NA
"2413607";371;86;NA;552;NA;334;91;NA;551;NA
"2413706";371;60;1;505;1;304;55;NA;379;NA
"2413805";138;53;NA;165;NA;155;60;NA;253;NA
"2413904";428;359;NA;1089;NA;376;273;NA;1123;2
"2414001";598;223;5;1227;1;796;195;5;1444;1
"2414100";657;147;5;764;NA;732;138;8;953;NA
"2414159";455;86;NA;609;NA;337;60;2;426;2
"2414209";977;380;4;1603;18;999;355;5;1630;15
"2414308";208;34;NA;208;NA;172;45;NA;179;NA
"2414407";1548;706;9;3359;12;1222;487;13;3064;15
"2414456";221;74;2;304;1;176;46;5;300;1
"2414506";743;118;1;956;1;816;103;NA;960;NA
"2414605";1041;224;1;1717;NA;590;126;NA;980;NA
"2414704";409;93;1;543;2;301;57;1;404;NA
"2414753";297;63;1;201;NA;274;29;NA;152;NA
"2414803";725;212;2;1075;4;574;136;4;823;NA
"2414902";70;60;NA;152;NA;82;47;NA;226;NA
"2415008";129;39;1;318;NA;119;48;4;330;NA
"2500106";580;106;1;913;NA;570;89;NA;1007;1
"2500205";365;58;1;722;NA;257;31;1;401;NA
"2500304";1045;675;8;2103;3;1220;806;24;2902;2
"2500403";942;359;NA;2278;6;800;373;3;2232;1
"2500502";487;364;2;1320;1;448;343;10;1448;2
"2500536";294;80;NA;498;NA;363;54;NA;713;NA
"2500577";139;40;NA;377;1;83;35;NA;300;2
"2500601";716;472;3;2098;4;758;425;10;2649;7
"2500700";1454;210;2;1884;NA;1065;178;NA;1523;2
"2500734";136;27;1;241;1;119;22;1;243;1
"2500775";489;213;7;748;4;363;194;6;667;3
"2500809";878;201;2;1524;4;903;250;5;1925;3
"2500908";605;202;NA;1119;NA;712;169;NA;1528;NA
"2501005";1055;190;NA;1718;1;931;171;NA;1707;2
"2501104";935;622;10;2254;5;790;499;12;2230;5
"2501153";89;26;1;228;NA;82;25;2;220;NA
"2501203";379;100;1;722;2;395;80;1;789;1
"2501302";1142;167;NA;2063;2;1106;165;NA;1950;NA
"2501351";136;68;1;297;1;217;113;NA;561;2
"2501401";202;36;NA;190;1006;132;44;2;165;1019
"2501500";1378;347;10;2463;4;1019;284;10;2012;NA
"2501534";181;41;3;469;NA;242;53;2;737;1
"2501575";831;79;6;746;1;535;64;4;674;NA
"2501609";728;194;4;1332;1;739;137;4;1706;NA
"2501708";439;86;1;589;2;391;77;1;516;4
"2501807";3303;1705;20;6576;65;4456;2155;45;9690;54
"2501906";927;240;4;1838;1;882;199;6;1741;NA
"2502003";293;75;NA;626;NA;321;87;1;704;NA
"2502052";219;67;NA;387;NA;126;58;NA;267;NA
"2502102";368;120;2;587;3;172;67;NA;414;1
"2502151";536;119;2;606;4;339;99;2;440;4
"2502201";140;29;NA;234;1;123;27;1;250;NA
"2502300";345;40;NA;555;NA;328;36;NA;422;NA
"2502409";507;156;NA;1030;3;455;155;NA;1048;1
"2502508";1086;195;NA;1370;6;1297;188;5;1837;1
"2502607";468;70;1;696;NA;321;33;2;440;NA
"2502706";131;58;NA;377;2;192;62;4;569;NA
"2502805";831;159;NA;1083;1;969;202;NA;1405;NA
"2502904";557;88;NA;605;2;330;50;NA;350;NA
"2503001";726;531;9;1973;6;710;477;19;2378;6
"2503100";402;50;5;420;NA;405;76;7;512;NA
"2503209";3807;1416;17;6188;54;3475;1400;16;6389;52
"2503308";454;90;2;976;1;404;98;NA;1107;1
"2503407";116;57;NA;263;1;182;64;NA;448;NA
"2503506";723;152;1;1608;1;837;143;4;1962;NA
"2503555";121;51;1;511;1;280;121;3;1200;2
"2503605";283;94;NA;753;1;287;85;NA;755;NA
"2503704";4341;982;4;5552;7;4232;998;17;6219;7
"2503753";191;78;1;292;NA;97;46;3;177;NA
"2503803";294;125;NA;463;NA;367;140;NA;628;NA
"2503902";358;92;NA;659;3;423;107;NA;786;5
"2504009";26518;6938;132;36447;116;28658;6788;190;41310;106
"2504033";321;91;NA;648;4;336;76;2;715;2
"2504074";251;54;NA;457;NA;218;36;NA;436;1
"2504108";256;34;NA;141;NA;201;20;1;100;1
"2504157";299;80;1;727;NA;350;76;NA;880;NA
"2504207";236;66;1;374;NA;244;80;4;446;1
"2504306";2047;577;4;2916;6;1852;549;3;2677;3
"2504355";362;29;NA;502;1;313;27;NA;568;NA
"2504405";921;285;2;2259;1;720;255;2;1785;4
"2504504";492;102;NA;607;NA;420;91;6;561;NA
"2504603";1138;861;3;2609;89;901;896;5;2392;77
"2504702";332;86;NA;369;NA;470;86;NA;527;NA
"2504801";1183;305;1;1131;NA;1080;338;NA;1051;NA
"2504850";217;38;1;183;2;137;23;3;130;NA
"2504900";696;301;NA;1834;NA;617;254;3;1657;1
"2505006";449;144;3;605;4;542;115;3;759;3
"2505105";1158;242;3;2089;1;1139;196;2;2100;1
"2505204";207;165;NA;556;1;268;144;1;855;1
"2505238";253;67;1;552;1;315;76;1;837;1
"2505279";230;118;NA;542;NA;237;111;NA;520;NA
"2505303";136;46;NA;310;NA;67;18;NA;163;NA
"2505352";290;39;1;599;NA;246;30;NA;583;NA
"2505402";324;102;2;724;2;428;128;3;1128;1
"2505501";270;45;NA;251;NA;280;36;1;314;NA
"2505600";220;152;NA;632;NA;203;182;NA;708;NA
"2505709";547;220;NA;983;2;488;222;2;1119;2
"2505808";141;39;2;233;1;238;62;5;448;1
"2505907";155;83;NA;258;NA;163;80;NA;241;NA
"2506004";2039;452;9;2753;11;1818;421;9;3302;9
"2506103";476;109;NA;949;1;673;127;NA;1449;2
"2506202";198;40;NA;332;NA;173;42;1;302;NA
"2506251";582;90;NA;818;NA;430;64;NA;766;1
"2506301";3284;970;4;5536;18;3244;871;14;5805;12
"2506400";638;346;1;1261;1;528;309;3;1453;NA
"2506509";226;58;1;292;NA;185;67;NA;317;NA
"2506608";294;98;3;777;1;221;84;6;534;1
"2506707";431;160;2;902;6;480;154;2;1269;4
"2506806";848;322;4;1651;2;850;275;16;2108;2
"2506905";1118;450;2;2332;2;1211;450;2;2726;2
"2507002";1547;424;12;2366;1;1334;341;20;2137;4
"2507101";1096;255;2;1776;8;941;240;2;1732;6
"2507200";494;203;NA;1005;3;448;219;1;1125;NA
"2507309";875;194;2;1277;11;947;153;5;1504;4
"2507408";467;86;1;705;1;429;71;NA;763;NA
"2507507";54696;16007;247;70620;491;56854;16477;277;80527;543
"2507606";355;132;1;595;1;476;178;11;1049;3
"2507705";617;241;1;1389;NA;682;256;6;2217;NA
"2507804";375;184;2;615;1;305;120;6;720;NA
"2507903";439;217;5;827;1;514;210;4;1103;NA
"2508000";643;72;NA;731;NA;775;52;1;936;1
"2508109";240;24;1;326;NA;353;20;NA;536;1
"2508208";346;95;1;673;2;446;126;NA;942;1
"2508307";1597;382;7;2421;4;1536;409;6;2803;5
"2508406";231;44;2;331;NA;108;34;1;228;NA
"2508505";451;112;NA;546;NA;443;128;NA;738;1
"2508554";203;43;NA;451;NA;243;54;2;542;NA
"2508604";437;299;2;987;20;492;296;4;1379;14
"2508703";223;68;10;402;NA;198;61;4;356;1
"2508802";365;88;1;421;1;431;149;1;600;NA
"2508901";2175;681;9;3869;62;2322;703;9;4566;96
"2509008";423;110;NA;1157;NA;419;165;1;1301;NA
"2509057";119;22;1;132;920;127;39;1;183;1218
"2509107";1073;335;3;1715;4;1454;394;3;2427;NA
"2509156";351;158;NA;465;NA;451;174;NA;610;1
"2509206";741;192;NA;1456;NA;682;182;2;1604;1
"2509305";339;134;3;625;83;381;127;4;879;110
"2509339";226;98;NA;561;NA;124;73;NA;405;1
"2509370";89;40;NA;294;NA;113;25;NA;267;NA
"2509396";259;100;2;579;NA;335;164;3;864;NA
"2509404";673;248;1;1414;1;604;247;2;1606;2
"2509503";349;57;3;527;NA;336;40;NA;640;NA
"2509602";215;62;NA;513;NA;203;55;1;531;NA
"2509701";1814;373;11;3816;15;1702;338;13;4038;12
"2509800";493;128;NA;906;2;448;136;NA;929;1
"2509909";684;171;NA;923;NA;462;124;NA;720;NA
"2510006";669;80;NA;811;NA;421;66;NA;477;1
"2510105";482;176;1;837;1;651;173;8;1249;3
"2510204";218;136;NA;628;NA;218;98;NA;672;NA
"2510303";330;54;1;356;NA;320;71;NA;414;1
"2510402";334;65;NA;467;NA;397;75;NA;701;NA
"2510501";253;45;2;201;NA;335;51;5;394;NA
"2510600";181;43;1;273;NA;185;60;NA;377;NA
"2510659";189;27;NA;184;NA;100;17;NA;127;NA
"2510709";149;28;NA;244;1;147;20;NA;271;NA
"2510808";7036;1589;12;8081;21;7655;1981;32;9902;18
"2510907";711;165;NA;1333;NA;685;102;2;1131;NA
"2511004";254;53;NA;554;NA;119;39;NA;252;NA
"2511103";491;99;2;586;1;618;80;4;605;2
"2511202";1465;570;9;3349;2;1104;445;13;2796;4
"2511301";1346;362;NA;1422;1;1132;225;2;1147;1
"2511400";1104;320;6;1803;1;1034;269;5;2016;2
"2511509";510;233;NA;1074;2;595;289;NA;1452;2
"2511608";213;142;1;770;NA;186;122;3;649;NA
"2511707";169;59;NA;472;NA;242;60;1;734;NA
"2511806";403;142;3;862;NA;408;127;1;1143;NA
"2511905";430;435;5;1333;13;555;544;7;2072;12
"2512002";1063;214;4;1355;1;1097;250;7;1768;2
"2512036";253;18;NA;388;1;221;26;NA;370;NA
"2512077";148;43;NA;415;NA;213;54;NA;576;1
"2512101";2404;600;14;2525;19;2247;673;7;2790;24
"2512200";170;68;NA;452;NA;192;66;NA;483;NA
"2512309";1141;280;5;2202;9;1107;297;5;2302;8
"2512408";907;153;NA;1330;NA;850;146;NA;1416;NA
"2512507";2743;501;7;4681;3;2793;512;5;5321;5
"2512606";76;27;NA;119;NA;89;31;NA;235;NA
"2512705";829;291;3;1757;3;836;314;4;1933;5
"2512721";307;71;1;544;1;357;55;5;607;1
"2512747";104;37;NA;300;NA;160;52;NA;363;NA
"2512754";140;99;NA;407;NA;218;124;NA;609;NA
"2512762";299;26;NA;407;NA;327;34;NA;505;NA
"2512788";69;6;NA;189;NA;105;5;NA;286;NA
"2512804";651;102;9;928;NA;447;80;3;612;1
"2512903";1041;271;2;2209;642;993;238;4;2178;636
"2513000";166;51;NA;378;2;120;39;NA;354;NA
"2513109";595;322;3;844;NA;768;336;4;1199;1
"2513158";465;42;NA;733;NA;516;34;2;833;NA
"2513208";448;76;3;452;NA;458;82;NA;535;NA
"2513307";295;69;NA;574;NA;334;60;NA;750;NA
"2513356";173;53;NA;396;NA;117;29;NA;294;NA
"2513406";983;391;4;1209;2;902;378;9;1377;5
"2513505";269;61;NA;783;NA;127;25;NA;356;NA
"2513604";529;146;NA;677;1;339;95;2;514;NA
"2513653";95;38;NA;231;NA;125;47;NA;339;NA
"2513703";6086;3476;42;13985;53;6492;3354;55;15947;74
"2513802";339;60;NA;401;1;292;62;NA;331;NA
"2513851";210;39;NA;230;NA;186;43;NA;291;NA
"2513901";2091;354;NA;2313;4;2587;418;6;3170;1
"2513927";285;93;NA;390;NA;252;94;1;373;3
"2513943";184;18;NA;236;NA;201;21;NA;260;NA
"2513968";112;66;NA;223;NA;131;94;NA;296;NA
"2513984";171;26;2;219;NA;311;42;NA;349;NA
"2514008";323;71;1;402;4;271;43;3;410;2
"2514107";286;85;1;474;2;227;112;NA;516;NA
"2514206";613;149;2;846;1;328;107;4;478;1
"2514305";313;79;NA;663;NA;164;35;NA;421;NA
"2514404";270;76;1;428;1;195;66;2;312;NA
"2514453";193;60;NA;455;2;329;93;NA;829;4
"2514503";1728;318;7;1867;NA;1089;280;15;1353;2
"2514552";222;37;NA;461;1;122;34;1;297;NA
"2514602";188;54;1;397;NA;143;25;NA;293;NA
"2514651";81;34;NA;139;NA;100;44;NA;145;NA
"2514701";294;53;4;337;2;297;52;8;368;NA
"2514800";248;34;NA;291;NA;268;29;NA;418;NA
"2514909";595;116;1;686;1;539;88;8;639;NA
"2515005";223;94;NA;561;NA;347;151;NA;905;1
"2515104";685;209;2;1216;2;503;139;1;1013;2
"2515203";176;17;NA;437;1;160;18;NA;445;7
"2515302";2367;753;12;4578;9;2644;760;22;5760;8
"2515401";464;184;8;1245;NA;294;124;13;1073;NA
"2515500";913;200;9;1053;2;1084;213;17;1561;6
"2515609";120;78;1;284;3;127;72;NA;314;1
"2515708";150;59;NA;394;NA;110;31;NA;303;NA
"2515807";374;101;NA;560;1;453;103;1;838;1
"2515906";215;76;2;549;2;173;70;NA;544;5
"2515930";347;63;2;444;2;314;66;3;474;1
"2515971";448;118;5;884;2;399;82;12;812;NA
"2516003";1248;348;NA;2394;NA;1495;323;5;3286;2
"2516102";760;173;4;1209;NA;887;176;10;1560;3
"2516151";205;36;1;298;NA;194;33;1;391;1
"2516201";4847;1198;17;5831;2;4036;1180;13;5461;5
"2516300";1061;334;4;1635;6;1120;321;6;2145;3
"2516409";339;108;1;786;3;414;107;1;977;NA
"2516508";796;215;3;1191;7;819;210;8;1725;2
"2516607";803;204;NA;1402;NA;699;168;NA;1521;1
"2516706";640;189;6;1258;2;814;217;16;1889;1
"2516755";199;51;NA;289;NA;192;42;NA;305;NA
"2516805";536;71;1;1027;1;515;103;2;920;1
"2516904";1038;205;1;1573;1;809;201;3;1268;NA
"2517001";425;126;NA;785;NA;528;107;2;1033;NA
"2517100";265;56;NA;218;1;234;50;NA;167;NA
"2517209";559;69;NA;455;NA;253;42;NA;246;NA
"2517407";119;24;NA;226;1;109;32;NA;326;1
"2600054";4293;2542;15;8637;52;5221;2892;45;10928;58
"2600104";2973;533;17;3797;22;2955;496;15;4008;17
"2600203";1519;351;4;1217;1;1089;394;10;1228;3
"2600302";1546;382;5;1759;7;2147;439;13;2256;6
"2600401";1079;483;8;2529;2;1189;525;9;2973;NA
"2600500";1537;468;2;3219;654;1926;631;9;4392;600
"2600609";882;221;7;1192;27;908;234;6;1379;28
"2600708";1418;977;3;3589;3;1535;940;9;3788;4
"2600807";1342;211;3;2149;2;1541;208;5;2432;5
"2600906";1000;323;1;1420;1;1293;375;3;1995;NA
"2601003";536;184;3;923;5;598;164;3;1063;2
"2601052";556;464;1;1836;1;644;494;3;2293;2
"2601102";3160;1398;30;7876;16;3263;1631;54;10056;13
"2601201";3733;1432;22;6488;86;4701;1733;63;9344;98
"2601300";771;185;NA;1086;NA;705;166;NA;1144;NA
"2601409";1300;783;7;3118;6;1993;977;12;5161;6
"2601508";583;158;1;1029;NA;622;132;2;884;NA
"2601607";403;437;NA;1528;129;421;527;1;2029;152
"2601706";4815;1114;9;8923;27;4771;920;14;8595;23
"2601805";584;478;4;1050;10;419;262;1;971;1
"2601904";5159;813;32;4960;13;6098;823;35;5867;8
"2602001";1276;498;4;4236;3;928;433;3;3762;3
"2602100";1958;716;13;4208;30;2168;743;28;5306;25
"2602209";1869;433;4;3139;2;2803;520;8;4481;2
"2602308";2324;533;6;3212;6;2778;575;17;3805;7
"2602407";477;170;2;763;5;482;182;1;966;4
"2602506";466;87;2;757;2;504;84;2;982;1
"2602605";2715;554;7;4130;4;3327;697;18;5729;8
"2602704";591;335;1;1110;4;629;398;2;1358;NA
"2602803";1898;840;14;5437;194;1765;776;16;6019;174
"2602902";9424;6384;56;20527;51;9059;5538;61;20657;32
"2603009";857;589;8;2219;672;983;687;17;3262;713
"2603108";1278;241;1;1627;2;1720;221;NA;2228;2
"2603207";1948;386;2;3258;4;1313;236;5;2120;4
"2603306";659;141;NA;1328;2;469;119;NA;1048;2
"2603405";256;76;NA;676;NA;183;68;1;535;NA
"2603454";7515;3996;31;13819;74;8066;4222;64;15558;66
"2603504";1107;249;4;1126;5;1736;339;6;1733;2
"2603603";463;105;3;820;4;331;93;NA;732;5
"2603702";1225;296;1;2115;9;1437;331;4;2419;3
"2603801";1584;252;4;1673;8;1108;169;4;1235;2
"2603900";1226;274;10;1994;7;1077;290;19;1898;3
"2603926";121;64;1;250;1255;66;74;NA;310;1269
"2604007";3895;1909;9;6858;29;4371;2010;21;8583;26
"2604106";27032;5351;89;31450;161;31902;5560;169;36715;137
"2604155";667;83;1;951;NA;1067;92;4;1344;2
"2604205";1390;465;5;2562;1;1934;605;12;3885;9
"2604304";429;178;6;1024;3;367;200;4;1192;1
"2604403";441;258;1;1232;NA;490;275;5;1683;NA
"2604502";1462;274;1;1918;4;1486;189;3;1948;3
"2604601";900;543;4;2247;1;1002;681;6;2931;1
"2604700";1001;228;3;1671;6;767;157;3;1335;3
"2604809";536;197;NA;963;2;600;178;2;1132;2
"2604908";1146;230;NA;1429;1;1180;231;NA;1466;NA
"2605004";1431;249;4;1813;6;2013;286;11;2653;6
"2605103";2113;714;15;3334;8;2319;750;28;4168;10
"2605152";1497;200;3;1368;7;1141;148;2;1445;3
"2605202";2561;1195;6;5985;13;3074;1104;19;7082;16
"2605301";1001;596;11;2670;2;1192;811;12;3860;7
"2605400";1135;357;6;2010;5;1283;368;10;2514;6
"2605459";109;58;2;195;2;108;38;1;204;1
"2605509";782;243;7;1369;NA;793;238;16;1489;NA
"2605608";1141;227;12;2336;3;1089;242;7;2463;2
"2605707";865;455;8;2521;555;886;564;9;2990;580
"2605806";1428;79;3;1227;1;1282;74;2;1050;NA
"2605905";778;423;7;1826;3;833;398;8;1916;2
"2606002";8190;2391;33;11924;85;9554;2618;63;14071;114
"2606101";1502;630;9;3048;7;1244;576;12;3148;7
"2606200";3466;2193;16;8419;19;3247;1975;31;8617;20
"2606309";195;81;7;717;1;185;103;8;965;1
"2606408";6745;1114;16;7243;35;7648;1054;24;8182;30
"2606507";811;265;4;1675;12;874;247;1;1784;4
"2606606";1044;301;7;2197;200;1234;339;13;3302;230
"2606705";547;88;2;756;2;522;73;3;648;NA
"2606804";4730;3041;15;10964;47;5129;3229;33;13290;59
"2606903";684;190;2;1126;NA;675;169;2;1208;5
"2607000";756;274;3;2208;390;734;211;4;2317;420
"2607109";349;74;1;470;2;305;67;2;423;NA
"2607208";3475;2839;27;8709;29;4275;3044;68;10727;30
"2607307";895;317;5;2869;8;939;357;17;3919;9
"2607406";74;129;NA;211;157;75;168;NA;330;201
"2607505";1722;365;1;4166;10;1240;252;2;2975;6
"2607604";891;677;5;1965;13;929;729;4;2569;15
"2607653";1378;683;3;3460;3;1383;683;1;3949;2
"2607703";980;166;4;1327;4;1136;177;9;1689;4
"2607752";748;657;4;2186;4;877;777;9;2945;14
"2607802";476;385;7;1522;1;509;415;5;1822;3
"2607901";31597;16239;167;55992;222;38757;19115;347;72610;279
"2607950";276;88;NA;1012;NA;395;117;6;1369;1
"2608008";768;190;4;1274;4;1201;210;6;2121;2
"2608057";428;169;2;1001;615;404;122;2;1158;798
"2608107";1593;358;2;2450;4;2140;477;4;3240;4
"2608206";462;291;6;1114;7;596;301;19;1580;2
"2608255";825;206;4;1174;1;584;144;4;870;3
"2608305";907;191;2;1567;8;824;173;2;1632;8
"2608404";787;139;1;1294;1;927;131;2;1508;1
"2608453";952;353;6;1517;4;1115;350;NA;2037;3
"2608503";768;508;9;1990;12;845;411;5;2149;13
"2608602";868;134;2;1316;2;765;91;2;979;1
"2608701";867;251;3;1115;1;1074;260;1;1393;3
"2608750";852;650;6;2384;54;790;557;5;2726;53
"2608800";2163;411;5;3169;8;3070;436;19;4646;11
"2608909";3143;871;5;4658;8;4044;1067;11;6391;5
"2609006";1210;425;9;1844;6;1489;447;9;2522;3
"2609105";560;119;1;805;2;808;149;2;1395;1
"2609154";728;156;2;3002;6;547;138;2;2118;NA
"2609204";432;140;1;835;1;489;140;1;1059;NA
"2609303";264;437;1;1010;420;205;527;NA;1059;546
"2609402";2366;1425;17;5212;14;2849;1494;40;6226;31
"2609501";1207;977;7;2766;6;1362;1038;16;3273;11
"2609600";17159;9266;93;27653;168;22443;12433;197;37846;191
"2609709";1304;249;1;1981;2;1361;251;2;2240;4
"2609808";245;366;NA;1141;156;246;519;4;1462;148
"2609907";3034;961;23;7153;21;2678;855;21;6727;24
"2610004";2514;1123;11;4845;21;2895;1198;22;5792;12
"2610103";502;128;1;772;5;377;84;1;604;2
"2610202";1309;290;1;2347;1;1374;303;8;2569;1
"2610301";725;66;3;1526;4;642;81;1;1158;3
"2610400";920;235;3;1825;1;775;213;1;2109;4
"2610509";2009;338;1;2754;3;1942;382;1;2946;1
"2610608";2174;1297;8;5213;8;2393;1457;20;6335;15
"2610707";17277;9665;74;31128;157;19758;10398;110;35678;183
"2610806";1284;327;NA;2016;10;1179;376;2;2525;11
"2610905";2815;718;8;3768;2021;3669;829;43;5499;2670
"2611002";1186;400;9;3033;462;1096;400;2;3736;605
"2611101";17199;8826;162;33653;372;17265;9092;194;41301;394
"2611200";444;90;1;764;71;776;122;4;1442;134
"2611309";1757;493;5;2618;13;1825;437;11;2702;1
"2611408";789;249;NA;1245;NA;722;217;4;1264;NA
"2611507";803;341;4;1555;3;1015;332;6;2063;3
"2611533";422;75;1;666;NA;366;91;1;654;2
"2611606";91786;33507;490;115396;591;111222;42566;730;151008;708
"2611705";2006;179;3;2276;3;1560;123;5;1586;3
"2611804";1324;598;NA;2925;10;2013;680;4;4359;6
"2611903";791;776;5;2105;5;567;625;6;1560;4
"2612000";945;154;7;961;3;985;147;9;906;1
"2612109";357;118;NA;474;NA;417;98;1;586;NA
"2612208";2234;1523;28;5184;445;2322;1671;29;6397;573
"2612307";661;195;4;1212;5;897;236;8;1573;7
"2612406";1057;240;1;1531;15;1301;271;6;2172;11
"2612455";761;124;5;1421;1;617;126;NA;1312;3
"2612471";520;183;4;1308;3;440;176;7;1339;2
"2612505";6037;1263;60;8259;24;7387;1259;104;10349;26
"2612554";574;113;1;1327;2;536;103;8;1426;1
"2612604";966;1422;3;3399;58;776;1599;3;4266;46
"2612703";803;120;4;1322;2;1033;122;8;1527;1
"2612802";618;117;2;766;5;838;160;5;1224;1
"2612901";495;234;NA;1053;1;561;224;4;1280;1
"2613008";2969;595;7;4645;17;3052;668;13;5245;12
"2613107";2463;547;8;2890;16;3045;593;23;3901;11
"2613206";1337;289;2;2577;NA;1120;221;1;2377;2
"2613305";1678;204;6;1775;4;1597;206;1;1743;NA
"2613404";671;358;2;1828;3;670;330;2;2240;2
"2613503";1326;606;6;3945;79;1105;536;3;3870;54
"2613602";2261;364;7;2876;5;2292;373;17;3649;12
"2613701";5027;3207;25;9511;36;6234;3464;37;11867;26
"2613800";818;277;NA;1318;NA;1037;375;3;1845;2
"2613909";5121;1836;14;9597;134;4610;1718;27;9218;159
"2614006";644;300;6;2085;1;533;229;8;1770;2
"2614105";1748;498;7;3175;10;2038;555;8;3735;10
"2614204";1430;1230;1;4074;4;1122;854;6;3172;NA
"2614303";382;110;2;1090;1;460;155;NA;1286;2
"2614402";537;55;3;479;3;357;38;1;324;NA
"2614501";4071;625;11;4871;8;5743;660;16;6710;18
"2614600";1957;323;5;2324;4;2229;307;6;2817;10
"2614709";897;93;5;1340;NA;938;100;8;1448;NA
"2614808";547;141;10;1861;865;510;140;4;2157;1114
"2614857";804;717;3;1951;2;917;821;6;2414;3
"2615003";1656;272;9;1870;8;2362;305;16;2407;4
"2615102";384;87;1;609;NA;348;80;3;641;3
"2615201";379;132;1;887;1;391;148;4;894;3
"2615300";2266;926;9;3871;1;2784;1110;14;5219;5
"2615409";2280;534;11;3383;15;2960;541;17;4460;19
"2615508";492;394;1;1382;1;483;462;1;1449;NA
"2615607";1000;461;11;3060;11;1137;404;5;3812;5
"2615706";903;263;6;1535;14;835;256;6;1444;14
"2615805";876;311;5;2510;297;875;314;7;2450;276
"2615904";537;124;3;745;3;539;119;5;880;1
"2616001";997;199;17;1462;4;1051;222;15;1827;7
"2616100";257;147;8;979;5;227;133;10;1186;7
"2616183";504;67;NA;673;1;638;65;NA;708;NA
"2616209";1475;256;6;2125;10;1537;269;5;2189;2
"2616308";1534;684;NA;2785;4;1184;558;4;2322;2
"2616407";7604;2863;21;11990;35;8447;2971;67;14308;39
"2616506";454;181;1;1140;2;545;211;4;1413;1
"2700102";446;228;3;2104;46;337;225;2;2285;36
"2700201";579;277;4;1152;2;802;317;11;1638;1
"2700300";12014;3761;56;22302;112;11553;3269;67;24661;84
"2700409";1328;939;12;3325;2;1449;921;30;3958;6
"2700508";562;361;NA;1453;4;611;340;3;1907;NA
"2700607";353;199;1;813;2;279;164;5;723;NA
"2700706";638;285;NA;1595;6;637;261;1;1705;1
"2700805";214;100;NA;453;2;189;119;1;594;6
"2700904";229;110;NA;605;NA;181;88;NA;632;NA
"2701001";978;361;7;2134;2;851;371;9;2310;3
"2701100";305;188;5;946;2;366;238;8;1104;1
"2701209";552;245;1;1107;4;441;220;NA;1013;3
"2701308";620;317;1;1559;3;592;290;3;1572;5
"2701357";197;92;2;468;1;320;139;1;872;NA
"2701407";1199;784;4;2932;4;1164;690;13;3516;3
"2701506";367;194;NA;1266;1;190;112;1;524;1
"2701605";690;192;NA;1656;3;585;187;2;1739;NA
"2701704";582;405;7;1388;3;563;352;3;1394;3
"2701803";313;168;NA;830;7;274;188;NA;984;4
"2701902";304;68;NA;509;NA;381;78;NA;602;NA
"2702009";674;181;NA;1038;NA;536;151;NA;1029;NA
"2702108";684;227;4;1553;5;766;198;5;1731;6
"2702207";162;115;NA;671;2;183;103;1;624;NA
"2702306";2193;1242;26;5035;13;1906;1014;37;4936;16
"2702355";907;306;3;2155;6;1134;419;2;3162;1
"2702405";1841;700;5;5140;67;2034;725;14;6510;96
"2702504";491;141;1;1139;4;377;79;3;1027;3
"2702553";687;198;2;1837;5;702;194;3;1909;4
"2702603";1170;276;NA;2499;54;868;216;NA;2267;48
"2702702";129;95;1;389;NA;129;131;NA;453;1
"2702801";379;247;2;845;NA;376;221;2;1029;2
"2702900";1269;506;5;4341;4;946;336;5;3632;6
"2703007";749;215;8;1352;3;723;231;12;1290;9
"2703106";1181;294;1;2759;8;1082;279;1;2813;7
"2703205";953;539;1;2906;3;612;322;2;1757;2
"2703304";456;140;6;1390;79;483;153;1;1970;116
"2703403";98;116;NA;432;NA;168;187;NA;633;NA
"2703502";184;95;8;453;4;261;142;19;589;NA
"2703601";286;254;1;809;NA;332;257;NA;940;NA
"2703700";199;66;NA;491;NA;187;82;NA;572;NA
"2703759";455;207;5;912;1;402;168;2;839;1
"2703809";604;350;4;1471;227;592;391;5;1453;240
"2703908";167;48;1;476;2;165;49;7;453;1
"2704005";1194;440;4;2607;3;992;349;8;2434;5
"2704104";795;309;2;2046;7;635;257;7;1886;1
"2704203";1155;398;8;2258;4;1177;342;23;2688;6
"2704302";50028;23165;377;84663;463;54635;21899;620;99761;493
"2704401";897;271;1;1993;3;686;240;2;1793;1
"2704500";1148;768;10;3135;11;1109;717;10;3189;4
"2704609";412;149;3;1000;1;391;124;5;1121;NA
"2704708";2569;1544;27;5503;34;2394;1438;50;6051;23
"2704807";664;239;4;1137;1;742;272;2;1375;1
"2704906";214;74;1;381;NA;120;39;NA;233;NA
"2705002";902;300;2;2447;48;782;224;7;2295;52
"2705101";692;572;3;2175;43;820;515;8;2464;56
"2705200";573;395;1;1408;3;650;446;5;1522;5
"2705309";325;54;NA;648;1;158;30;NA;406;NA
"2705408";182;183;1;732;NA;163;178;NA;772;NA
"2705507";813;488;8;1750;6;1099;642;14;2900;7
"2705606";451;168;12;1035;6;374;133;11;1046;8
"2705705";778;396;8;2008;4;707;315;8;2567;6
"2705804";255;137;2;787;5;250;157;1;1002;6
"2705903";207;69;2;585;1;134;34;5;341;NA
"2706000";434;145;3;1482;1;311;96;NA;1102;1
"2706109";606;140;1;1327;2;517;91;NA;1286;NA
"2706208";113;180;NA;427;NA;87;133;NA;386;1
"2706307";3283;964;6;6487;439;3742;944;16;8064;512
"2706406";525;482;5;2507;14;548;477;3;2995;14
"2706422";195;44;1;488;485;241;96;1;901;811
"2706448";554;329;2;1335;11;488;267;10;1380;12
"2706505";444;364;1;1375;11;410;301;5;1314;8
"2706604";318;88;1;574;2;422;103;3;777;3
"2706703";2209;1411;16;5813;28;2164;1406;28;6511;36
"2706802";545;330;2;1424;4;643;349;1;1950;5
"2706901";1323;851;14;3057;9;1426;912;27;3967;6
"2707008";125;69;NA;236;NA;124;75;NA;207;NA
"2707107";707;428;5;2201;21;678;377;4;2591;14
"2707206";465;151;NA;1369;4;393;152;NA;1521;NA
"2707305";863;599;8;2208;NA;894;554;12;2498;2
"2707404";260;201;2;1051;1;214;148;10;943;4
"2707503";804;299;1;2058;304;582;270;1;1837;371
"2707602";446;169;2;867;8;603;200;1;1386;3
"2707701";3588;2219;28;8372;21;4118;2151;51;10666;24
"2707800";180;109;1;578;1;254;93;NA;773;NA
"2707909";174;188;1;548;2;238;187;1;842;4
"2708006";2148;622;13;4494;29;2066;517;16;5162;45
"2708105";657;236;1;1409;4;433;132;4;939;NA
"2708204";224;111;1;794;10;185;100;NA;696;8
"2708303";1094;493;4;1876;5;988;379;14;1961;10
"2708402";760;369;3;3438;12;677;336;4;3924;15
"2708501";1057;753;7;2804;7;1042;652;11;2967;2
"2708600";1874;1225;24;4497;25;2109;1388;53;5729;29
"2708709";284;240;4;736;6;298;227;3;884;3
"2708808";2036;467;7;3392;226;1435;333;4;2534;99
"2708907";953;597;5;2184;9;997;541;15;2573;5
"2708956";461;190;NA;1390;6;302;175;NA;1164;1
"2709004";329;104;2;675;4;262;112;2;576;NA
"2709103";1011;320;6;2266;10;702;235;3;1958;10
"2709152";1400;884;15;3429;16;1386;899;28;4283;23
"2709202";800;374;3;2556;28;708;269;6;2617;5
"2709301";2599;1268;24;5267;17;2952;1400;39;6410;16
"2709400";957;373;1;2387;2;1097;402;2;2728;3
"2800100";57;98;1;181;NA;72;95;1;239;NA
"2800209";1001;430;5;2197;3;959;390;6;2429;4
"2800308";29114;16974;238;55057;409;31239;18486;309;66521;490
"2800407";299;324;1;1045;NA;245;359;2;1358;2
"2800506";550;558;NA;1859;5;500;586;3;2087;7
"2800605";1458;1296;11;3982;23;1523;1469;3;4748;21
"2800670";904;659;NA;3034;6;745;527;8;2982;7
"2800704";222;336;1;619;2;171;377;4;744;NA
"2801009";962;460;NA;2040;2;878;328;3;2121;2
"2801108";167;66;1;462;NA;113;74;NA;386;NA
"2801207";857;402;9;2304;10;1083;488;8;3555;11
"2801306";922;882;3;3045;9;951;1030;3;4024;4
"2801405";1017;254;3;2278;6;1064;248;4;2533;3
"2801504";425;408;3;1178;1;414;575;3;1681;3
"2801603";318;69;1;493;NA;386;62;NA;604;NA
"2801702";415;402;2;1788;2;344;394;3;2435;NA
"2801900";167;81;1;416;8;153;98;NA;441;7
"2802007";95;206;NA;303;NA;93;264;1;490;1
"2802106";1889;2058;12;6645;34;1954;2340;20;8241;34
"2802205";246;112;NA;758;2;211;81;NA;710;2
"2802304";597;311;3;1628;NA;506;253;1;1769;1
"2802403";626;249;2;1498;3;333;173;1;1079;3
"2802502";95;134;1;339;NA;73;124;NA;346;NA
"2802601";296;60;NA;617;NA;302;85;NA;757;3
"2802700";266;186;NA;704;1;314;241;NA;1055;2
"2802809";319;586;7;1769;12;225;599;6;1736;9
"2802908";5699;1822;27;9820;35;6243;1683;29;12511;23
"2803005";1552;746;2;4385;6;1435;641;6;4563;4
"2803104";276;58;NA;601;1;230;68;1;598;2
"2803203";898;1165;4;3738;17;772;1177;7;4413;9
"2803302";458;521;2;1752;5;407;548;1;1989;4
"2803401";495;400;2;1479;4;434;382;11;1368;3
"2803500";4579;2083;9;11006;31;4516;2046;14;12445;25
"2803609";352;953;3;1967;2;389;1270;4;2884;9
"2803708";229;96;NA;733;NA;267;141;1;1045;1
"2803807";136;99;NA;311;2;120;101;2;426;2
"2803906";374;236;3;1147;4;436;298;5;1675;2
"2804003";434;617;1;1279;7;440;711;9;1743;11
"2804102";703;152;1;1373;NA;563;137;3;1271;1
"2804201";700;181;3;1459;NA;657;161;7;1656;NA
"2804300";237;150;NA;774;1;289;236;2;1088;NA
"2804409";481;412;1;1828;5;451;439;3;2104;7
"2804458";562;97;NA;1022;NA;546;73;1;1076;3
"2804508";2205;494;5;4185;10;2189;481;4;4741;4
"2804607";1120;432;15;2546;13;1300;450;8;3244;6
"2804706";309;118;1;705;2;301;93;2;710;7
"2804805";5652;6350;42;17759;122;6610;7263;87;23135;101
"2804904";369;288;NA;1306;1;339;300;3;1585;1
"2805000";57;61;NA;304;NA;36;58;NA;441;NA
"2805109";208;197;NA;783;1;250;229;2;1011;4
"2805208";117;72;NA;662;1;143;87;1;949;NA
"2805307";219;229;1;797;1;250;251;4;890;1
"2805406";1304;560;7;3498;3;1066;505;12;3817;5
"2805505";1096;364;2;2523;3;1128;271;5;2823;4
"2805604";1740;441;NA;2495;75;1542;391;8;2445;50
"2805703";1219;611;18;2709;24;1121;547;14;2908;19
"2805802";503;406;5;2252;NA;475;361;NA;2276;NA
"2805901";149;277;3;774;3;179;443;2;990;2
"2806008";1093;154;3;1891;3;1211;154;3;2013;9
"2806107";195;347;2;677;2;254;514;2;1163;2
"2806206";828;622;9;2371;9;639;437;10;2409;2
"2806305";291;476;7;1344;3;226;559;5;1605;3
"2806404";193;186;NA;846;1;147;145;NA;845;5
"2806503";108;161;NA;348;4;113;179;NA;453;3
"2806602";223;333;2;891;3;325;487;7;1525;3
"2806701";3329;3439;25;9357;61;3292;3247;39;10506;44
"2806800";356;185;2;1254;1;351;184;2;1519;1
"2806909";114;69;NA;304;5;121;74;NA;453;2
"2807006";182;55;NA;413;NA;152;71;NA;412;NA
"2807105";1941;890;7;4859;9;1817;790;15;5197;13
"2807204";226;284;2;822;11;184;271;4;898;8
"2807303";169;105;NA;327;2;121;67;NA;323;3
"2807402";2354;782;8;5478;14;2626;718;7;6575;14
"2807501";543;228;8;1321;7;509;198;7;1546;6
"2807600";506;444;4;1710;3;814;857;10;3937;3
"2900108";628;132;2;794;4;464;106;1;593;1
"2900207";285;472;3;1319;371;300;506;5;1925;362
"2900306";416;459;1;1436;8;341;543;NA;1557;9
"2900355";837;339;10;1672;5;605;227;4;1515;3
"2900405";209;784;4;1378;19;185;1121;NA;1753;7
"2900504";527;342;NA;1134;NA;320;196;NA;589;NA
"2900603";109;228;NA;482;1;74;204;NA;414;NA
"2900702";3335;7295;27;13442;69;3987;9773;34;17576;72
"2900801";625;1394;6;2236;36;539;1377;4;2325;44
"2900900";179;284;NA;621;7;137;218;NA;604;NA
"2901007";1095;1713;2;3008;17;1289;2444;9;3851;15
"2901106";269;1506;2;2061;5;245;2081;4;2431;7
"2901155";395;669;8;1279;10;394;748;11;1650;3
"2901205";1329;481;2;3589;3;907;336;1;2229;3
"2901304";209;692;1;1349;10;127;744;1;1319;12
"2901353";754;325;5;1992;17;690;263;4;1898;18
"2901403";636;448;1;1415;15;427;324;NA;1276;12
"2901502";118;499;1;923;1;110;498;2;997;2
"2901601";772;226;1;1074;3;850;325;NA;1234;5
"2901700";114;957;NA;731;1;94;948;1;592;1
"2901809";336;397;2;927;10;317;453;3;1090;13
"2901908";590;530;NA;1671;5;515;666;NA;1669;9
"2901957";225;319;1;697;7;203;323;NA;707;14
"2902005";952;237;11;1852;NA;505;139;3;906;3
"2902054";222;725;2;981;8;203;908;2;1059;8
"2902104";1363;1492;3;4484;26;1698;1754;14;6087;35
"2902203";106;650;1;736;4;113;878;1;1010;1
"2902252";241;506;NA;1236;20;192;390;2;884;12
"2902302";140;459;NA;1156;3;121;444;NA;797;NA
"2902401";215;574;NA;1056;9;206;688;NA;1189;15
"2902500";760;333;1;1977;3;319;128;1;900;1
"2902609";486;578;1;2157;NA;458;602;5;2207;2
"2902658";448;159;NA;857;355;435;203;2;1106;373
"2902708";1127;1971;2;4704;5;981;1995;3;4721;8
"2902807";1479;544;2;3175;5;955;344;1;2141;5
"2902906";1577;1222;4;3998;8;1284;942;4;3226;7
"2903003";677;354;1;1658;8;600;303;5;1438;6
"2903102";97;509;NA;660;1;81;265;NA;528;1
"2903201";6798;5049;98;14932;92;6208;4805;113;16238;105
"2903235";724;296;3;1564;7;575;285;4;1290;4
"2903276";494;399;NA;1002;1;642;786;NA;1883;2
"2903300";133;236;1;687;14;125;220;3;810;13
"2903409";494;1111;4;2023;57;411;948;3;2153;64
"2903508";848;426;1;1989;5;726;423;6;1934;5
"2903607";266;650;1;1541;NA;264;842;1;1804;NA
"2903706";588;313;1;1396;18;514;326;12;1548;20
"2903805";392;747;5;2080;2;299;693;6;1706;2
"2903904";2371;3048;11;5701;38;1677;2743;13;5345;33
"2903953";580;205;NA;1191;7;322;131;2;729;3
"2904001";432;481;3;1607;1;307;450;2;1059;NA
"2904050";422;463;4;1868;16;348;374;10;1910;15
"2904100";982;251;1;2275;5;757;237;NA;1942;1
"2904209";566;203;NA;1723;1;273;129;NA;744;NA
"2904308";403;565;5;1193;1;381;716;3;1454;8
"2904407";546;293;1;1370;2;236;120;NA;625;NA
"2904506";711;258;1;1555;5;496;174;1;1049;3
"2904605";6026;1380;8;7437;27;3632;955;14;5045;18
"2904704";434;559;4;1649;103;479;582;7;1827;79
"2904753";621;631;6;2301;2;414;350;2;1569;6
"2904803";365;165;1;545;6;259;162;NA;668;5
"2904852";246;969;1;1313;5;195;1168;1;1305;6
"2904902";326;2299;4;1914;8;334;3330;8;2481;16
"2905008";1680;588;3;2613;1;955;369;2;1616;2
"2905107";246;531;NA;978;6;207;565;4;1030;3
"2905156";744;115;4;1389;2;478;70;3;865;2
"2905206";3401;1256;12;4808;9;2732;1312;9;4131;8
"2905305";432;461;3;1840;2;446;489;2;2140;2
"2905404";511;1082;4;1475;33;443;1102;13;1859;19
"2905503";316;366;1;1238;6;349;446;3;1556;11
"2905602";682;1040;5;2270;173;588;1001;5;2358;174
"2905701";7873;16267;98;28433;212;7416;17749;107;31674;236
"2905800";605;2198;3;2364;51;593;2277;2;2325;26
"2905909";1190;816;26;4047;15;770;511;12;2715;8
"2906006";2728;2601;16;7611;33;2182;2351;34;6742;29
"2906105";744;198;2;1234;2;333;129;NA;668;1
"2906204";904;737;2;2447;4;810;644;12;2769;5
"2906303";769;1367;7;3704;40;795;1444;9;3858;47
"2906402";161;468;NA;646;1;154;644;NA;699;2
"2906501";1140;4782;26;6395;22;1142;5644;43;7250;20
"2906600";839;357;1;1625;NA;463;269;NA;926;NA
"2906709";1057;521;7;2644;13;1195;484;4;2959;13
"2906808";1234;797;3;4446;27;1273;724;1;4239;18
"2906824";473;402;10;2035;4;362;347;3;1817;1
"2906857";670;298;4;1315;5;524;245;4;1243;3
"2906873";1602;921;2;3152;23;1619;1054;4;3905;27
"2906899";826;211;NA;1277;6;428;88;1;628;NA
"2906907";731;896;4;2364;23;447;792;3;1978;21
"2907004";121;496;1;574;11;101;774;3;733;11
"2907103";1095;747;8;3206;10;717;710;8;2819;7
"2907202";3729;1787;34;6930;41;3078;1613;16;6155;42
"2907301";514;1224;1;2469;4;466;1465;1;2560;5
"2907400";178;102;NA;332;NA;121;86;NA;306;NA
"2907509";1092;2325;6;5399;15;1009;2541;8;5897;20
"2907558";723;204;1;981;1;422;152;NA;537;NA
"2907608";733;420;5;1828;7;580;435;6;1712;9
"2907707";119;236;NA;1180;1;155;270;1;1245;7
"2907806";1917;553;1;2924;36;2072;722;7;3411;35
"2907905";545;547;3;1397;11;652;701;NA;1847;10
"2908002";470;709;5;1883;15;523;826;6;2217;10
"2908101";1352;388;6;2096;18;751;233;10;1438;9
"2908200";232;1363;1;1153;5;271;2190;2;1708;10
"2908309";325;1155;NA;1287;1;288;1362;NA;1334;1
"2908408";2862;2447;5;5869;30;2994;2919;14;7183;26
"2908507";457;1986;4;2926;11;483;2882;6;4041;23
"2908606";384;1041;NA;2109;23;368;1327;4;2417;24
"2908705";902;240;2;2391;NA;577;168;4;1591;NA
"2908804";182;116;NA;438;NA;151;152;1;480;NA
"2908903";351;1615;3;2104;21;348;2030;6;2441;16
"2909000";527;90;NA;1155;NA;245;56;NA;566;NA
"2909109";869;342;3;2026;3;450;159;1;1147;1
"2909208";781;354;2;2033;1;680;219;NA;1959;NA
"2909307";1713;971;8;3783;31;1115;718;9;2928;13
"2909406";531;417;1;1587;11;373;272;1;1221;7
"2909505";142;204;1;438;1;143;217;1;471;1
"2909604";905;454;NA;2509;4;665;419;3;2320;NA
"2909703";810;341;1;1927;4;397;171;1;1024;3
"2909802";1466;3406;10;5324;26;1193;4172;8;6115;17
"2909901";770;834;7;3355;193;811;900;6;4046;326
"2910008";351;479;NA;1400;3;242;360;2;967;1
"2910057";1646;3973;22;6442;43;1552;4542;34;7562;51
"2910107";1248;112;1;1189;NA;629;78;1;524;2
"2910206";163;316;1;346;6;115;356;NA;333;5
"2910305";368;335;1;845;3;253;420;2;758;2
"2910404";733;466;1;2554;4;537;355;4;2117;1
"2910503";720;2120;16;3378;35;725;2573;22;4064;39
"2910602";835;1408;18;3046;25;675;1494;17;3284;28
"2910701";2323;1134;10;7050;274;2284;1118;17;7317;226
"2910727";4294;3953;35;12310;480;3761;3624;55;12442;466
"2910750";1105;231;2;2142;5;918;195;4;2196;4
"2910776";443;162;4;703;10;217;94;1;335;7
"2910800";17223;30859;92;53255;239;18222;38233;147;63177;258
"2910859";516;768;5;1901;5;434;729;2;1709;8
"2910909";176;225;NA;556;NA;165;181;1;494;4
"2911006";412;482;1;1180;9;351;403;NA;1017;8
"2911105";606;1028;157;2314;7;520;912;113;2502;8
"2911204";853;1592;8;3537;8;817;1591;5;3498;10
"2911253";237;101;NA;550;NA;169;84;1;516;2
"2911303";749;238;2;1079;1;555;199;NA;824;5
"2911402";596;214;2;1337;265;666;215;3;1718;397
"2911501";92;298;NA;482;NA;94;363;NA;659;1
"2911600";258;1237;1;1594;15;276;1818;4;1818;14
"2911659";429;175;1;1149;4;242;82;NA;688;1
"2911709";5331;2265;32;8384;46;4428;2202;38;7616;45
"2911808";771;587;3;3031;34;456;402;3;1950;24
"2911857";753;150;3;1365;3;669;164;1;1387;2
"2911907";699;1054;3;2750;9;644;1115;1;2728;11
"2912004";819;274;1;1273;6;364;148;2;643;2
"2912103";777;857;5;2351;34;818;879;5;2567;33
"2912202";745;697;8;2390;7;527;531;5;1888;17
"2912301";714;449;1;1635;9;659;343;NA;1496;12
"2912400";650;557;3;1633;9;610;621;2;1736;6
"2912509";974;170;1;1643;5;713;142;3;1103;1
"2912608";117;75;2;643;1;52;56;NA;340;NA
"2912707";517;1472;NA;2525;7;356;1384;3;2101;9
"2912806";370;388;5;1107;2;301;247;6;784;9
"2912905";422;706;4;2328;1;424;633;2;2403;1
"2913002";578;674;2;1635;3;441;471;1;1281;3
"2913101";860;672;2;1509;8;809;627;4;1525;5
"2913200";734;737;NA;2555;73;785;850;9;3270;137
"2913309";301;307;NA;413;1;246;408;1;501;NA
"2913408";1278;569;2;1253;1;626;359;NA;798;1
"2913457";221;905;NA;1402;2;154;807;NA;993;4
"2913507";1026;598;3;2761;8;844;439;9;2267;7
"2913606";5561;8291;48;17931;1366;5208;8397;59;18370;1406
"2913705";804;1719;17;3242;16;819;1931;15;3586;11
"2913804";464;544;3;1279;3;240;520;1;1050;3
"2913903";1281;1729;6;4147;18;1191;1916;7;4555;19
"2914000";2137;2270;10;6099;30;1850;2415;15;6380;24
"2914109";1097;154;NA;1005;NA;620;73;NA;601;1
"2914208";258;203;1;674;7;201;206;7;635;3
"2914307";300;409;NA;1428;5;221;366;1;957;3
"2914406";595;602;3;2926;5;535;653;1;2822;7
"2914505";340;1902;6;2146;11;298;2650;7;2565;23
"2914604";3365;2116;12;6622;43;3610;2349;24;7829;39
"2914653";882;809;5;3118;68;630;699;4;3336;81
"2914703";2062;2621;13;6849;26;1883;2850;40;7140;33
"2914802";6329;7301;42;19736;247;7058;8293;48;22681;275
"2914901";719;1929;6;2805;65;641;1649;11;2055;58
"2915007";316;725;1;1384;9;204;715;1;1175;13
"2915106";341;478;5;1504;5;299;514;3;1506;8
"2915205";454;743;NA;2103;4;328;441;NA;1370;3
"2915304";218;212;NA;815;11;173;196;2;716;8
"2915353";421;470;1;1208;10;369;415;1;1199;4
"2915403";140;197;1;546;160;138;159;NA;578;189
"2915502";525;819;6;1952;8;483;945;8;2252;9
"2915601";1600;1490;9;7779;223;1305;1463;10;7681;220
"2915700";215;300;1;791;4;177;297;1;769;1
"2915809";816;849;1;2603;15;785;799;1;2239;9
"2915908";76;285;NA;498;2;91;428;1;684;5
"2916005";1036;552;5;2409;30;704;298;5;1746;26
"2916104";203;1039;NA;1717;12;278;1492;1;2674;7
"2916203";267;355;NA;1216;11;225;349;1;1287;5
"2916302";237;415;5;891;27;219;455;1;1040;27
"2916401";2472;2188;15;7097;67;2562;2217;13;7364;75
"2916500";983;921;1;3582;5;1001;994;1;3874;10
"2916609";390;504;NA;932;3;230;327;NA;644;1
"2916708";294;302;1;935;1;237;261;NA;744;NA
"2916807";837;546;1;1967;13;717;379;5;1807;14
"2916856";581;331;3;1828;2;561;345;2;1899;6
"2916906";364;403;NA;1077;5;414;445;1;1264;3
"2917003";1083;869;10;4517;24;978;734;15;3832;11
"2917102";592;559;3;1836;31;614;596;7;1951;28
"2917201";1239;375;2;2059;3;798;254;NA;1458;4
"2917300";632;1238;12;2109;3;600;1364;15;2063;7
"2917334";358;229;1;1072;NA;343;305;2;1191;NA
"2917359";423;145;NA;1429;1;247;109;NA;906;2
"2917409";1061;173;4;1586;2;672;110;5;951;1
"2917508";3050;3457;24;8247;74;2977;3662;30;9331;77
"2917607";1540;1641;16;4321;34;1537;1806;18;4981;28
"2917706";1554;786;3;4197;8;1162;559;9;3575;8
"2917805";316;1302;NA;1704;5;210;1190;2;1677;5
"2917904";191;339;5;1136;9;153;263;2;1007;4
"2918001";6008;6241;37;15158;70;6061;6906;54;17260;74
"2918100";1523;910;7;4223;12;1421;926;6;4537;17
"2918209";397;916;1;1536;NA;271;643;NA;1055;NA
"2918308";362;704;1;1668;3;353;583;1;1472;NA
"2918357";913;921;5;2446;11;712;855;6;2383;5
"2918407";8165;7689;62;22052;190;7976;7705;92;24725;210
"2918456";391;222;2;1744;5;194;94;1;856;NA
"2918506";608;318;4;1643;3;612;402;1;1974;4
"2918555";135;223;3;575;14;133;271;3;703;20
"2918605";641;141;1;716;5;432;122;NA;475;NA
"2918704";155;171;1;497;NA;140;180;2;456;2
"2918753";1221;228;NA;1377;3;656;157;1;729;6
"2918803";608;1358;2;2128;1;405;1351;2;1683;2
"2918902";179;106;2;443;NA;176;100;6;472;4
"2919009";83;144;NA;385;1;90;133;NA;441;NA
"2919058";339;285;3;789;6;302;243;5;760;2
"2919108";86;469;2;730;6;100;677;6;1043;12
"2919157";833;876;12;2272;14;890;1054;17;2755;13
"2919207";6959;11014;75;16936;149;6901;13247;86;19786;176
"2919306";252;609;1;1027;6;203;719;NA;1105;9
"2919405";874;247;3;1553;4;434;127;2;767;3
"2919504";3334;1061;6;4201;5;2074;810;7;3212;7
"2919553";5855;3657;76;10677;53;3828;2710;62;9426;62
"2919603";309;329;1;1057;5;331;404;4;1438;4
"2919702";916;714;3;2207;3;883;497;4;2017;5
"2919801";2852;680;10;4750;31;1937;482;17;3308;24
"2919900";145;114;NA;768;NA;175;165;NA;1068;2
"2919926";304;739;6;2045;6;307;935;7;2460;7
"2919959";430;120;NA;921;3;254;88;NA;623;1
"2920007";342;323;NA;856;10;348;297;2;988;7
"2920106";601;578;4;1691;3;657;771;4;2054;3
"2920205";212;497;NA;1981;NA;157;451;NA;1533;NA
"2920304";730;114;NA;1069;NA;400;56;NA;620;NA
"2920403";827;332;NA;1413;1;592;361;2;1301;NA
"2920452";91;352;NA;1796;1;52;230;NA;1060;1
"2920502";1232;744;4;3031;34;1086;810;12;3007;30
"2920601";849;1785;5;3478;14;806;2341;7;3675;9
"2920700";673;1618;2;2488;26;477;1421;4;1880;11
"2920809";275;366;NA;1145;4;175;351;NA;926;3
"2920908";506;612;5;1189;21;389;607;3;1432;36
"2921005";793;2668;13;3758;33;736;3010;17;4288;19
"2921054";581;341;NA;1025;NA;311;290;NA;682;NA
"2921104";1030;497;NA;3080;7;871;407;6;2576;4
"2921203";841;787;8;3050;7;759;801;7;3037;4
"2921302";422;292;NA;1118;1;453;419;2;1279;1
"2921401";302;607;3;1281;4;378;983;4;2015;NA
"2921450";692;117;NA;1375;2;421;56;NA;784;3
"2921500";2973;754;NA;4879;30;2978;684;1;4597;20
"2921609";398;218;NA;882;NA;254;170;NA;844;NA
"2921708";1008;1314;10;3169;24;1027;1586;13;3733;29
"2921807";486;155;3;1370;1;467;140;4;1216;1
"2921906";546;508;5;1453;7;344;328;2;1033;8
"2922003";1359;1503;7;3973;43;1173;1390;8;3924;26
"2922052";353;188;4;1571;15;320;224;8;1811;9
"2922102";605;581;2;1748;3;577;687;6;2222;7
"2922201";200;385;1;764;NA;161;482;1;781;NA
"2922250";282;434;5;1052;30;165;386;7;970;40
"2922300";470;1542;1;2177;12;529;2219;1;3031;16
"2922409";614;1347;2;1706;NA;561;1570;1;1666;2
"2922508";527;1435;1;2577;6;573;1874;2;2978;8
"2922607";289;873;5;1213;4;215;622;3;1069;4
"2922656";431;250;2;2096;NA;484;288;1;2218;2
"2922706";642;360;4;1746;13;553;324;2;1343;10
"2922730";330;200;NA;904;1;320;242;3;1054;NA
"2922755";178;336;1;850;1;128;248;NA;662;NA
"2922805";264;237;NA;861;10;197;279;NA;808;4
"2922854";147;312;NA;947;NA;104;269;1;865;2
"2922904";717;661;1;2513;15;812;748;3;3213;17
"2923001";1163;1595;25;3537;31;1182;1759;27;4344;27
"2923035";705;293;3;1238;5;493;221;2;851;1
"2923050";545;225;1;743;1;600;249;NA;895;4
"2923100";793;722;1;2229;9;859;844;12;2868;5
"2923209";809;547;1;2982;NA;560;346;2;2282;2
"2923308";59;575;1;537;5;53;921;1;630;1
"2923357";439;560;NA;1786;3;583;661;2;2065;4
"2923407";929;672;5;2255;12;577;561;6;1740;25
"2923506";355;439;3;921;14;326;457;4;1067;15
"2923605";1428;597;2;2155;4;743;436;5;1391;4
"2923704";766;1076;5;3128;6;510;987;7;2513;10
"2923803";1562;404;5;2902;7;1439;320;5;3019;1
"2923902";249;426;1;721;371;198;294;NA;680;360
"2924009";5187;1885;18;10578;287;5613;1884;38;12878;431
"2924058";563;334;NA;1418;2;503;387;NA;1670;3
"2924108";51;441;NA;412;2;50;621;1;531;NA
"2924207";276;162;NA;1875;1;237;149;2;2037;NA
"2924306";1047;675;4;2005;15;734;537;3;1518;10
"2924405";1185;925;2;4235;3;841;637;5;2908;3
"2924504";775;411;2;2316;7;317;190;NA;995;6
"2924603";534;678;1;1921;8;559;750;2;2313;12
"2924652";350;240;NA;1371;2;221;237;1;1154;NA
"2924678";222;439;NA;1111;2;196;348;1;904;2
"2924702";362;124;1;1176;NA;420;89;NA;1084;NA
"2924801";615;583;NA;1795;4;589;626;1;2369;6
"2924900";425;229;1;1033;1;274;161;NA;803;NA
"2925006";1162;638;1;2564;11;1062;561;4;2304;10
"2925105";2188;1099;13;4759;32;2308;1158;32;5239;40
"2925204";660;1741;6;3038;16;663;2129;5;3575;21
"2925253";507;455;9;1925;17;521;515;37;2307;13
"2925303";6153;6181;47;16548;1752;5736;5441;62;16825;1714
"2925402";312;355;NA;1322;7;219;239;1;882;6
"2925501";945;1186;11;3152;670;716;1158;11;3228;518
"2925600";634;371;1;1841;2;540;339;1;1673;4
"2925709";926;137;2;1725;1;524;100;3;1008;4
"2925758";782;1267;NA;3161;2;561;1152;1;2648;5
"2925808";1104;775;6;2931;5;880;612;9;2708;7
"2925907";692;358;3;3050;28;656;359;NA;3615;21
"2925931";481;327;3;1037;3;328;381;6;1049;3
"2925956";453;572;NA;1921;3;518;768;2;2408;4
"2926004";1776;1179;5;3972;6;1503;1116;11;3778;7
"2926103";749;445;NA;1226;3;628;505;2;1418;2
"2926202";624;728;5;2365;24;474;614;6;2333;10
"2926301";1713;1270;5;3316;7;1410;1425;1;3363;3
"2926400";1995;932;2;2916;10;1430;780;3;2027;11
"2926509";494;383;1;1621;1;361;313;3;1649;2
"2926608";2622;887;7;5433;132;2461;1064;14;6542;145
"2926657";362;240;4;1311;44;240;181;NA;954;28
"2926707";1160;420;3;1196;16;619;381;1;740;20
"2926806";1265;249;NA;1648;2;634;137;NA;672;NA
"2926905";1016;154;NA;1075;2;536;101;NA;620;1
"2927002";1298;691;6;3967;5;1244;704;2;4731;6
"2927101";403;217;2;781;245;354;189;3;732;278
"2927200";783;1031;1;2751;3;777;1245;1;3531;14
"2927309";99;1039;3;1102;NA;120;1618;6;1342;2
"2927408";70330;148310;530;204155;1000;83114;193327;698;256730;1196
"2927507";393;811;2;1943;8;414;1237;2;2476;5
"2927606";473;282;1;1730;22;509;304;4;1912;15
"2927705";1032;933;10;2845;870;809;732;4;2404;908
"2927804";143;168;NA;461;7;133;190;NA;585;10
"2927903";309;536;1;860;5;290;666;NA;924;12
"2928000";1280;1350;7;3964;10;1156;1279;5;4425;13
"2928059";424;600;3;1768;20;274;412;3;1257;21
"2928109";2152;1278;20;4666;27;1240;881;19;2955;24
"2928208";1464;705;1;2824;18;904;498;NA;1987;11
"2928307";119;504;NA;687;2;135;690;NA;894;2
"2928406";1107;854;NA;3045;21;754;647;NA;2716;9
"2928505";358;445;2;1262;8;230;505;3;1196;8
"2928604";536;4707;11;3880;21;567;6159;18;4834;17
"2928703";3503;5416;14;8794;37;3371;6837;13;10289;33
"2928802";973;2387;2;4438;10;1013;3131;1;5461;9
"2928901";1371;893;10;3701;5;895;618;4;2972;6
"2928950";341;278;NA;1226;1;282;220;NA;971;2
"2929008";156;751;1;945;8;133;936;3;995;4
"2929057";925;442;4;1640;20;631;322;4;1265;19
"2929107";588;1208;1;1953;6;504;1238;4;1879;3
"2929206";288;2614;5;2400;12;384;4658;11;3643;20
"2929255";741;495;6;1649;9;730;571;11;2196;8
"2929305";464;2932;1;2722;10;481;3661;7;3121;8
"2929354";122;255;NA;567;9;116;310;5;666;12
"2929370";496;314;2;1072;NA;407;349;2;1176;NA
"2929404";504;847;3;830;4;305;725;NA;597;2
"2929503";543;2456;14;3321;24;610;3709;23;4423;14
"2929602";302;1138;2;1648;1;274;1308;5;1685;2
"2929701";603;612;3;1715;13;516;634;1;1579;3
"2929750";121;830;NA;969;NA;130;1142;2;1247;NA
"2929800";279;443;NA;1073;7;266;564;3;1327;3
"2929909";1748;1414;10;4653;15;1542;1480;4;5008;21
"2930006";390;191;NA;1226;NA;253;169;3;954;NA
"2930105";2607;2333;24;7199;77;3110;2566;31;8880;86
"2930154";1381;1282;5;3605;68;905;1105;4;2914;63
"2930204";1155;1234;3;3819;23;921;1091;3;3504;24
"2930303";831;369;1;2520;3;470;235;4;1465;1
"2930402";242;758;2;1676;1;234;939;1;1986;1
"2930501";2533;3534;19;6900;42;2693;4620;26;8496;44
"2930600";604;427;4;1451;16;561;550;3;1578;12
"2930709";2005;6332;22;10584;83;2153;8012;26;12905;91
"2930758";322;582;1;1385;1;181;463;NA;1073;3
"2930766";649;198;1;1877;1;554;154;NA;1692;NA
"2930774";778;696;3;2176;22;905;773;5;2975;22
"2930808";584;345;1;1717;NA;651;347;3;2062;2
"2930907";846;210;5;1671;15;302;121;2;745;6
"2931004";1446;414;2;2664;7;917;312;NA;1544;5
"2931053";1155;325;2;2122;1;558;240;NA;1100;NA
"2931103";114;449;2;592;1;107;663;1;668;NA
"2931202";357;1007;21;1815;9;300;1059;15;1730;10
"2931301";416;466;4;1760;4;268;438;2;1749;7
"2931350";5986;4830;79;15962;147;5431;4177;68;15726;156
"2931400";63;403;NA;604;NA;64;538;NA;939;NA
"2931509";510;905;5;1672;15;476;1168;12;2609;13
"2931608";277;869;1;1344;5;217;768;2;1254;1
"2931707";53;666;2;806;NA;72;1034;1;1159;NA
"2931806";1048;314;1;2055;2;646;236;NA;1584;NA
"2931905";2231;1033;5;4682;45;2673;1175;9;5491;62
"2932002";1228;360;6;2757;4;1273;291;5;2816;5
"2932101";714;1026;2;1956;3;536;965;3;1650;3
"2932200";364;915;1;1573;10;362;1274;3;1971;22
"2932309";372;635;1;1607;6;400;804;NA;2034;6
"2932408";610;412;5;1121;3;650;562;13;1489;11
"2932457";565;323;3;1441;13;391;305;4;1434;12
"2932507";339;786;22;2623;132;251;611;17;2088;91
"2932606";939;308;NA;2084;2;491;176;1;1134;1
"2932705";679;1297;4;2454;11;549;953;4;1889;22
"2932804";544;458;1;2060;17;443;451;2;1931;27
"2932903";2342;4666;28;8604;64;2138;5342;33;9027;79
"2933000";1423;670;1;2471;6;1288;681;2;2512;7
"2933059";769;276;1;1528;3;679;267;4;1497;7
"2933109";487;248;NA;867;2;381;237;NA;998;NA
"2933158";474;551;NA;1324;13;371;570;6;1549;9
"2933174";383;649;1;932;1;216;569;NA;874;1
"2933208";788;3142;4;3907;24;710;3516;9;4436;27
"2933257";291;179;1;891;1;224;90;3;573;1
"2933307";17862;10230;78;35710;145;18197;10223;94;36450;176
"2933406";179;284;NA;1095;2;199;268;NA;1252;1
"2933455";521;363;NA;1164;NA;479;340;3;1384;NA
"2933505";453;1318;2;2832;6;319;1175;NA;2216;9
"2933604";1128;1532;5;3630;10;1152;1720;4;4418;8
"3100104";957;74;NA;680;NA;497;48;NA;324;NA
"3100203";2295;500;3;2341;5;1766;377;3;1733;4
"3100302";1110;348;NA;1682;1;689;216;1;851;1
"3100401";142;191;NA;432;2;118;195;NA;426;1
"3100500";370;317;NA;1054;12;300;295;1;955;8
"3100609";428;322;NA;1640;1;314;240;2;1518;2
"3100708";245;58;1;225;NA;157;25;NA;111;NA
"3100807";608;76;NA;357;3;332;64;1;180;1
"3100906";806;287;2;2746;1;661;227;2;1867;1
"3101003";527;272;4;1247;1;518;273;1;1341;2
"3101102";1981;594;2;3492;7;1155;329;3;1966;8
"3101201";893;130;2;402;8;699;98;6;242;5
"3101300";483;23;1;213;NA;191;18;NA;96;NA
"3101409";550;24;NA;155;NA;237;11;NA;59;NA
"3101508";2366;1374;4;1920;2;2373;1654;6;2004;3
"3101607";9545;1368;45;4728;17;8315;1248;33;3809;21
"3101631";792;113;5;562;NA;508;84;1;399;NA
"3101706";1912;1092;6;4767;8;1677;855;3;4202;9
"3101805";429;198;3;970;5;293;138;12;702;5
"3101904";2555;268;2;1263;1;1604;198;4;699;1
"3102001";2349;125;5;699;3;1491;95;3;508;3
"3102050";583;77;NA;405;NA;649;79;NA;390;NA
"3102100";1050;170;3;973;NA;814;177;1;802;NA
"3102209";334;51;1;457;2;288;40;NA;369;NA
"3102308";1138;499;3;1519;NA;843;438;5;1147;1
"3102407";70;101;NA;442;NA;80;132;1;541;NA
"3102506";309;221;NA;362;NA;220;189;NA;275;NA
"3102605";6168;410;17;2115;3;4691;310;9;1433;3
"3102704";331;174;NA;1102;NA;244;118;6;954;NA
"3102803";1489;271;2;646;1;1280;276;2;553;3
"3102852";230;266;NA;1019;1;171;173;NA;747;1
"3102902";1269;247;5;1055;5;695;179;1;616;1
"3103009";535;325;3;1291;1;263;182;1;614;NA
"3103108";207;52;3;139;1;97;27;NA;73;NA
"3103207";102;66;2;278;NA;99;31;2;247;NA
"3103306";259;66;NA;147;NA;188;63;NA;132;NA
"3103405";1314;1005;5;3782;30;1129;1089;2;3788;47
"3103504";12148;2118;90;9411;11;10667;1848;90;7714;18
"3103603";382;45;NA;152;1;359;58;2;113;NA
"3103702";481;241;4;1275;7;232;111;1;507;6
"3103751";615;193;3;807;NA;474;141;2;648;NA
"3103801";532;35;NA;129;1;247;19;NA;82;NA
"3103900";1087;145;1;807;3;741;90;NA;479;3
"3104007";11067;2767;74;8444;16;9053;2252;52;6604;20
"3104106";1199;123;4;621;NA;897;67;3;455;NA
"3104205";5264;998;4;3508;9;2758;581;7;1932;9
"3104304";2003;230;3;874;NA;1296;151;NA;547;NA
"3104403";258;119;NA;182;NA;195;122;NA;137;NA
"3104452";257;71;1;668;NA;161;60;1;457;1
"3104502";679;533;5;2069;4;499;436;3;1946;2
"3104601";1686;353;2;1083;2;1090;274;NA;689;1
"3104700";520;468;5;2165;2;253;266;3;1267;3
"3104809";163;152;2;676;1;107;102;1;504;1
"3104908";2841;262;2;862;2;2021;218;2;581;NA
"3105004";328;225;3;1073;1;282;134;NA;891;NA
"3105103";2685;405;2;2197;3;2250;382;3;1670;1
"3105202";246;76;1;701;NA;181;57;2;495;NA
"3105301";904;110;NA;483;1;486;57;1;191;NA
"3105400";1612;1098;4;3849;4;1001;624;7;2420;3
"3105509";492;241;NA;406;NA;238;213;NA;306;NA
"3105608";13528;2377;32;8056;22;12777;2472;42;7363;28
"3105707";321;258;NA;533;1;220;216;NA;471;NA
"3105905";1965;506;1;1657;2;1404;468;2;1283;3
"3106002";528;506;NA;939;1;390;433;NA;800;NA
"3106101";275;163;NA;208;2;220;154;NA;149;1
"3106200";188554;61931;1092;180033;572;198221;67577;1136;190345;625
"3106309";827;536;2;2589;2;822;591;6;2718;6
"3106408";789;243;NA;773;1;582;228;1;628;1
"3106507";296;548;5;1276;3;186;356;8;887;4
"3106606";184;116;NA;569;102;103;64;NA;341;21
"3106655";226;126;1;488;NA;134;88;1;334;1
"3106705";22309;13662;110;42278;101;19471;11500;170;37209;96
"3106804";462;86;NA;168;NA;286;129;NA;144;NA
"3106903";1361;305;6;752;2;1692;414;4;928;2
"3107000";264;29;NA;243;NA;265;25;NA;201;NA
"3107109";3676;1005;12;2876;3;3103;925;14;2198;2
"3107208";925;87;NA;408;1;524;44;NA;223;2
"3107307";2101;1262;8;5702;3;1686;1032;12;5041;3
"3107406";5070;902;5;4395;10;4380;759;8;3640;5
"3107505";968;122;4;412;1;805;99;1;271;NA
"3107604";705;65;1;357;1;325;27;NA;162;1
"3107703";288;232;NA;639;NA;213;175;NA;428;NA
"3107802";1051;366;NA;1923;3;678;287;3;1253;NA
"3107901";1593;65;6;375;2;1932;45;5;450;1
"3108008";1505;562;3;1536;6;1114;430;2;1218;1
"3108107";987;124;NA;803;4;622;82;NA;433;1
"3108206";297;206;1;773;2;186;102;2;534;1
"3108255";272;176;1;1293;NA;197;131;2;967;2
"3108305";2856;167;5;985;6;1978;118;2;551;1
"3108404";1990;216;5;1232;4;1304;145;6;708;NA
"3108503";255;139;NA;801;NA;171;108;NA;617;NA
"3108552";646;570;3;1566;3;537;509;7;1413;4
"3108602";1484;850;10;4163;8;923;515;9;2781;7
"3108701";376;134;1;449;NA;231;121;4;320;NA
"3108800";277;107;NA;649;NA;155;71;NA;345;1
"3108909";2419;136;5;612;NA;1769;87;3;411;3
"3109006";3443;944;5;3987;24;2230;645;4;2589;23
"3109105";2189;89;6;425;4;1203;42;3;238;NA
"3109204";412;285;5;1054;2;330;261;1;1077;3
"3109253";296;106;NA;573;1;154;45;NA;264;NA
"3109303";1289;761;13;2718;4;865;551;11;2535;3
"3109402";697;955;8;2773;7;510;808;18;2403;6
"3109451";503;218;4;809;3;281;144;4;634;2
"3109501";1475;172;1;814;NA;1046;164;2;527;NA
"3109600";208;101;1;441;2;173;101;NA;351;NA
"3109709";1985;102;6;468;2;1436;80;2;279;1
"3109808";206;58;NA;194;1;169;63;1;172;3
"3109907";657;319;NA;1479;3;454;223;1;1068;5
"3110004";2052;1061;1;4272;NA;1830;894;5;3460;6
"3110103";792;185;4;428;1;310;68;1;195;NA
"3110202";298;151;1;440;1;169;109;NA;264;NA
"3110301";2516;230;4;770;29;1564;126;3;460;17
"3110400";392;69;NA;248;NA;188;38;NA;116;NA
"3110509";3670;275;21;1489;8;2782;247;17;1161;1
"3110608";4179;355;29;1474;5;3827;269;17;1167;3
"3110707";1184;354;8;972;4;990;326;4;760;NA
"3110806";91;75;1;324;11;114;91;NA;374;6
"3110905";1806;330;9;858;3;1588;283;8;819;1
"3111002";4426;241;3;1177;1;1497;98;2;403;NA
"3111101";2301;450;7;1662;6;1535;330;3;1014;2
"3111150";142;96;1;365;1;123;114;NA;438;NA
"3111200";5961;1254;14;3542;10;5007;1097;19;2911;3
"3111309";1249;203;1;999;4;843;160;5;620;NA
"3111408";666;242;2;713;6;572;195;NA;646;5
"3111507";1073;371;6;990;1;1082;275;6;871;4
"3111606";3093;381;5;1819;13;2390;314;5;1455;3
"3111705";458;134;6;468;NA;266;87;3;283;NA
"3111804";897;159;3;791;1;1079;207;4;892;2
"3111903";696;206;1;498;NA;267;89;NA;185;NA
"3112000";2428;340;3;968;5;1005;190;4;477;NA
"3112059";173;109;2;528;NA;90;79;3;401;2
"3112109";625;141;1;617;NA;200;36;1;231;NA
"3112208";637;49;NA;348;NA;387;30;1;217;NA
"3112307";1671;800;9;4680;5;1514;659;9;4798;7
"3112406";808;100;1;393;NA;686;70;1;328;NA
"3112505";491;309;NA;1252;5;379;186;2;974;2
"3112604";1478;344;11;1362;10;1033;225;4;1104;4
"3112653";337;102;NA;415;NA;330;122;6;479;NA
"3112703";511;476;1;1724;NA;280;312;NA;1272;3
"3112802";1384;158;4;691;1;1109;105;1;437;NA
"3112901";682;268;2;953;1;388;188;2;605;NA
"3113008";427;431;2;2591;5;442;367;4;2612;1
"3113107";290;111;1;304;NA;92;61;1;187;NA
"3113206";2228;401;16;1947;3;1708;358;8;1528;2
"3113305";3192;761;7;2427;15;2874;782;19;2081;14
"3113404";6740;2053;31;8754;9;6150;1820;32;7082;17
"3113503";517;164;1;1188;1;405;136;1;1006;NA
"3113602";1114;138;3;468;1;471;48;1;192;NA
"3113701";960;674;1;2592;NA;700;404;1;1790;4
"3113800";117;64;1;229;77;116;46;NA;228;32
"3113909";924;451;3;1196;NA;554;238;7;576;NA
"3114006";1329;339;3;890;2;858;264;1;567;1
"3114105";1298;237;3;908;NA;1276;202;2;718;1
"3114204";2371;564;4;1566;6;2146;511;8;1485;2
"3114303";3844;490;20;2047;1;2561;440;7;1651;NA
"3114402";3618;245;10;1382;6;1852;152;3;675;2
"3114501";1935;290;8;1534;3;1227;254;3;1096;1
"3114550";1109;212;9;895;3;758;129;6;630;1
"3114600";388;115;NA;277;NA;291;163;3;275;1
"3114709";561;53;NA;140;NA;336;19;1;112;NA
"3114808";601;50;NA;248;2;555;36;NA;192;3
"3114907";268;37;NA;229;NA;89;17;NA;125;NA
"3115003";337;36;NA;231;NA;254;24;NA;176;1
"3115102";2058;287;2;1161;3;1617;264;11;1007;1
"3115201";438;90;NA;352;NA;182;69;NA;193;NA
"3115300";7218;2043;8;3835;6;6500;2131;7;3658;12
"3115359";370;194;3;620;1;244;147;3;406;NA
"3115409";138;109;NA;381;NA;97;94;1;272;NA
"3115458";139;235;1;724;1;170;237;1;981;1
"3115474";243;111;NA;708;NA;119;88;NA;443;NA
"3115508";2255;499;7;1272;4;2462;528;5;1127;1
"3115607";115;34;NA;93;1;84;25;NA;97;NA
"3115706";424;138;NA;769;NA;362;125;1;694;NA
"3115805";801;246;1;930;1;721;193;3;864;NA
"3115904";408;78;NA;250;NA;276;56;1;133;1
"3116001";574;70;NA;479;NA;491;83;NA;529;1
"3116100";192;522;1;1112;NA;144;523;1;983;1
"3116159";462;344;1;1477;1;291;176;2;1135;NA
"3116209";196;88;NA;114;NA;332;117;NA;190;1
"3116308";631;119;1;331;NA;565;118;NA;278;NA
"3116407";536;40;2;407;NA;331;36;1;308;NA
"3116506";417;192;4;1041;3;239;161;4;734;4
"3116605";3173;726;5;2453;2;2261;470;4;1703;5
"3116704";875;187;4;643;1;553;127;1;442;NA
"3116803";325;131;3;1286;2;222;83;1;927;1
"3116902";370;81;2;271;NA;171;48;NA;143;NA
"3117009";312;93;3;995;2;266;75;4;793;NA
"3117108";1849;100;4;606;NA;858;52;1;334;NA
"3117207";557;18;NA;149;NA;239;15;1;40;NA
"3117306";2469;713;35;2513;21;1851;399;18;1873;11
"3117405";639;104;1;525;1;185;50;1;175;NA
"3117504";1042;695;2;2710;3;672;608;2;2226;3
"3117603";581;110;NA;546;2;361;93;1;372;NA
"3117702";1267;314;2;946;2;966;289;1;785;NA
"3117801";2043;68;4;544;1;981;46;NA;279;NA
"3117836";240;198;1;933;3;115;175;3;698;9
"3117876";331;197;1;745;1;319;193;4;707;2
"3117900";1620;98;4;716;4;1160;74;3;495;NA
"3118007";3068;1364;11;4614;9;2995;1331;13;4581;4
"3118106";194;114;2;647;1;132;97;6;529;NA
"3118205";890;122;1;501;4;620;88;2;346;NA
"3118304";11334;3678;23;10895;11;9287;3141;26;9201;13
"3118403";1549;540;5;2446;7;1111;494;2;1836;10
"3118502";261;13;NA;72;1;208;13;NA;57;NA
"3118601";40243;19145;148;58555;174;37327;17717;175;55216;157
"3118700";1065;169;NA;542;NA;823;190;2;463;1
"3118809";1098;797;6;3520;3;728;573;5;2569;4
"3118908";409;252;1;1039;NA;297;163;1;806;NA
"3119005";333;60;2;311;1;210;49;NA;181;NA
"3119104";1072;741;2;2900;4;811;521;9;2612;1
"3119203";411;224;NA;1383;1;273;145;NA;859;3
"3119302";3731;462;10;2389;NA;2775;340;6;1755;NA
"3119401";7003;3221;23;11411;7;5447;2369;23;8933;9
"3119500";305;249;4;687;61;345;274;7;840;110
"3119609";288;119;2;206;NA;157;67;3;148;1
"3119708";380;167;4;253;1;178;120;NA;156;3
"3119807";381;81;NA;334;NA;196;43;1;174;NA
"3119906";753;32;6;212;NA;541;22;2;121;NA
"3119955";735;74;NA;321;NA;653;52;NA;360;1
"3120003";226;55;5;388;NA;101;45;5;245;NA
"3120102";141;156;1;415;3;117;219;NA;428;1
"3120151";198;103;2;742;NA;167;100;1;577;NA
"3120201";1655;296;6;974;NA;835;168;3;566;NA
"3120300";133;131;NA;659;NA;118;102;NA;582;NA
"3120409";452;90;2;371;NA;325;86;2;293;NA
"3120508";1731;180;2;427;NA;935;154;2;241;NA
"3120607";832;88;1;468;NA;394;68;4;264;NA
"3120706";434;105;2;348;NA;185;41;NA;130;NA
"3120805";1617;284;7;648;NA;1981;440;5;783;NA
"3120839";284;100;1;498;4;227;74;2;418;NA
"3120870";353;180;1;888;NA;238;107;NA;674;NA
"3120904";3926;1967;16;9531;11;3491;1676;24;9143;8
"3121001";149;222;3;558;1;142;212;NA;531;NA
"3121100";1449;72;3;621;NA;562;34;NA;240;NA
"3121209";981;127;3;612;1;747;101;3;414;1
"3121258";718;281;NA;1060;NA;448;199;1;834;NA
"3121308";605;118;2;353;NA;390;93;1;258;1
"3121407";1337;97;5;608;2;605;61;2;284;NA
"3121506";456;44;NA;188;NA;291;26;NA;144;NA
"3121605";2212;1665;20;4656;11;2042;1631;26;4629;15
"3121704";197;150;1;347;NA;165;177;10;349;NA
"3121803";483;208;1;803;1;317;213;NA;564;NA
"3121902";407;70;NA;397;NA;305;59;NA;344;NA
"3122009";1880;447;14;2388;11;1302;296;6;1344;9
"3122108";247;116;NA;528;NA;212;95;1;447;2
"3122207";261;141;1;599;2;333;140;1;827;NA
"3122306";24488;4789;65;16313;51;22092;4496;83;14702;46
"3122355";215;156;NA;666;NA;220;159;NA;758;1
"3122405";507;78;NA;368;NA;579;80;1;473;NA
"3122454";363;214;4;937;5;399;183;6;1045;4
"3122470";320;115;1;547;NA;122;62;1;236;2
"3122504";385;74;NA;628;1;330;60;NA;441;1
"3122603";187;157;NA;659;NA;122;123;NA;481;1
"3122702";460;148;1;422;NA;402;138;3;399;1
"3122801";646;26;3;83;1;329;26;NA;60;NA
"3122900";721;184;1;520;NA;352;95;3;289;NA
"3123007";1221;137;6;640;1;1002;135;8;522;3
"3123106";238;154;2;656;2;159;110;8;415;NA
"3123205";1299;216;3;997;NA;1549;212;1;972;2
"3123304";444;80;3;436;3;446;51;2;423;2
"3123403";276;45;NA;85;NA;113;11;NA;47;NA
"3123502";278;18;NA;128;NA;167;36;NA;92;NA
"3123528";792;174;1;885;1;385;106;1;390;NA
"3123601";3148;485;11;2041;5;2041;330;11;1327;2
"3123700";781;439;NA;1730;NA;530;212;2;1024;NA
"3123809";238;156;NA;762;1;206;143;1;790;NA
"3123858";409;136;NA;588;NA;266;103;4;426;NA
"3123908";1218;205;NA;1419;4;1216;229;4;1162;5
"3124005";1918;421;2;2375;10;1280;282;2;1373;6
"3124104";3478;3152;24;8589;25;3237;3091;30;8559;24
"3124203";2915;575;5;2176;4;1963;386;4;1264;4
"3124302";1696;617;4;3832;4;1122;487;13;2608;3
"3124401";1016;88;1;453;1;489;46;2;204;1
"3124500";1731;82;9;465;NA;1382;96;3;432;NA
"3124609";183;70;NA;140;NA;203;107;2;158;NA
"3124708";229;61;NA;177;1;325;94;NA;290;NA
"3124807";762;160;3;733;2;486;113;NA;404;2
"3124906";1086;261;1;1102;2;787;190;3;811;NA
"3125002";268;112;NA;311;NA;226;141;1;305;1
"3125101";5368;846;66;3762;14;4603;628;52;2987;11
"3125200";319;18;NA;143;NA;331;37;NA;155;NA
"3125309";305;132;NA;259;1;180;125;1;183;NA
"3125408";253;212;NA;740;NA;129;127;2;440;1
"3125507";114;106;NA;351;1;129;111;NA;334;4
"3125606";270;174;1;857;2;218;123;NA;687;2
"3125705";671;307;2;1961;5;555;227;14;1629;2
"3125804";211;66;1;383;1;124;61;1;263;1
"3125903";538;280;NA;1149;3;423;218;2;1031;3
"3125952";1055;190;5;1482;2;489;78;3;504;NA
"3126000";721;172;5;801;1;578;122;NA;615;3
"3126109";8298;1087;15;4771;11;7254;1033;18;3681;4
"3126208";291;225;1;941;1;212;152;NA;926;1
"3126307";514;49;NA;292;NA;322;45;1;167;NA
"3126406";167;138;NA;393;1;108;90;1;226;NA
"3126505";177;221;NA;1184;NA;129;198;NA;923;2
"3126604";222;135;NA;574;1;186;113;1;460;NA
"3126703";1015;611;5;2933;3;721;474;8;2218;4
"3126752";137;141;1;672;NA;107;167;7;579;NA
"3126802";209;195;NA;772;1;123;135;1;575;NA
"3126901";225;244;3;964;1;249;250;3;1099;1
"3126950";145;33;NA;604;NA;82;18;NA;308;NA
"3127008";1309;278;5;1283;4;1097;213;10;1263;3
"3127057";234;117;NA;530;2;157;73;NA;405;1
"3127073";163;51;NA;575;NA;152;48;1;624;NA
"3127107";6188;1144;38;4490;8;6040;961;34;4180;11
"3127206";220;157;1;560;1;156;115;NA;499;NA
"3127305";368;192;1;869;2;214;104;NA;553;2
"3127339";343;81;NA;680;1;209;51;4;385;NA
"3127354";113;65;NA;457;NA;89;38;NA;319;NA
"3127370";215;57;NA;362;NA;163;49;NA;294;1
"3127388";391;133;1;347;3;296;144;NA;246;2
"3127404";882;46;8;172;1;566;27;2;120;2
"3127503";178;108;1;442;1;227;152;NA;692;NA
"3127602";577;378;2;1375;4;403;287;4;978;2
"3127701";14959;7307;50;28930;65;13414;6547;93;26395;54
"3127800";506;331;4;1910;1;381;240;NA;1437;2
"3127909";211;39;1;101;NA;113;26;NA;72;NA
"3128006";1745;877;4;3836;11;1493;692;4;3256;8
"3128105";2040;266;NA;1033;4;1116;148;1;571;1
"3128204";373;283;2;1188;1;406;304;2;970;1
"3128253";242;113;NA;807;NA;132;69;NA;495;NA
"3128303";2567;313;5;1410;NA;1569;183;1;818;5
"3128402";660;322;NA;518;NA;572;361;1;435;NA
"3128501";255;82;NA;206;NA;254;134;NA;217;2
"3128600";556;190;NA;802;2;310;85;1;467;1
"3128709";6906;764;22;3270;4;5362;577;30;2181;4
"3128808";763;203;1;573;1;574;208;10;442;NA
"3128907";916;131;3;693;6;556;87;3;523;4
"3129004";1249;163;NA;670;1;533;57;NA;366;1
"3129103";660;88;NA;426;NA;493;92;1;381;NA
"3129202";975;84;3;325;NA;634;65;NA;237;1
"3129301";1236;180;NA;949;NA;787;167;1;734;2
"3129400";631;92;1;464;2;338;73;1;328;NA
"3129509";2222;595;24;2061;5;1483;441;10;1548;1
"3129608";240;186;3;699;1;132;216;10;730;2
"3129657";347;61;NA;742;NA;199;26;NA;399;NA
"3129707";1070;176;3;837;1;897;156;3;668;NA
"3129806";7958;5999;36;16241;35;7414;5707;58;15303;27
"3129905";563;22;NA;236;NA;355;23;NA;124;NA
"3130002";223;66;NA;247;NA;167;70;NA;194;NA
"3130051";373;281;2;1195;1;232;247;4;942;1
"3130101";2789;1380;15;5088;26;1910;992;12;3678;14
"3130200";789;171;3;938;NA;843;134;7;956;NA
"3130309";642;214;1;557;1;539;213;1;538;NA
"3130408";556;215;3;674;1;342;135;1;438;1
"3130507";1844;281;4;898;NA;922;201;1;467;NA
"3130556";543;108;NA;971;NA;297;76;NA;550;1
"3130606";1389;54;NA;364;5;715;37;3;196;NA
"3130655";439;114;NA;965;1;163;55;NA;422;NA
"3130705";612;119;5;669;1;360;65;2;430;1
"3130804";281;90;1;201;NA;148;69;1;145;NA
"3130903";1828;399;1;2765;1;1425;318;4;1878;5
"3131000";327;255;2;727;2;195;185;NA;538;1
"3131109";305;167;NA;1091;NA;206;148;NA;850;NA
"3131158";824;467;7;1888;1;687;390;10;1486;1
"3131208";2090;453;4;1815;12;1423;363;2;1404;5
"3131307";17140;6064;93;24240;36;13380;4797;100;19831;57
"3131406";382;67;NA;397;1;319;46;NA;322;NA
"3131505";1441;171;2;479;1;824;119;NA;316;NA
"3131604";786;125;1;494;NA;525;142;2;418;2
"3131703";5985;4090;18;12194;17;4462;3183;34;9745;24
"3131802";616;254;4;1334;4;524;195;5;978;4
"3131901";3823;1568;7;5095;6;2889;1081;14;3666;7
"3132008";209;57;4;564;NA;158;41;2;422;NA
"3132107";464;506;5;1754;164;342;507;4;1491;108
"3132206";1890;336;7;834;4;1267;264;11;589;2
"3132305";393;227;1;1244;1;325;216;4;1088;3
"3132404";13130;1198;72;4428;5;10491;984;26;3291;13
"3132503";1603;612;5;3743;4;1472;553;7;3701;2
"3132602";396;149;NA;291;NA;233;118;1;199;NA
"3132701";718;689;1;2318;4;598;622;6;2447;7
"3132800";124;33;NA;306;1;90;23;NA;251;NA
"3132909";1294;139;2;763;3;1081;131;2;632;1
"3133006";2000;156;1;676;1;1747;128;2;582;NA
"3133105";2005;177;5;489;NA;2171;192;3;450;1
"3133204";810;220;3;1435;1;578;177;5;1057;2
"3133303";794;382;2;2262;1;748;372;NA;2344;1
"3133402";2015;243;5;1051;1;1303;172;2;634;1
"3133501";2887;435;6;1659;11;1690;290;2;995;5
"3133600";1585;174;3;949;2;1066;125;2;543;1
"3133709";973;260;10;1434;5;656;222;4;1079;1
"3133758";2259;224;9;1027;3;1231;127;2;505;2
"3133808";10193;1808;17;8120;13;8651;1536;13;6485;10
"3133907";534;149;NA;611;NA;259;110;NA;333;NA
"3134004";639;318;NA;1543;2;485;251;NA;1336;5
"3134103";775;123;NA;665;5;306;72;1;282;6
"3134202";10402;2232;42;8340;22;9285;2232;32;7393;17
"3134301";648;218;2;544;NA;404;212;2;383;NA
"3134400";3891;958;22;3572;13;2937;726;26;2798;1
"3134509";572;156;3;319;NA;268;117;NA;196;NA
"3134608";1086;690;7;2616;4;832;541;8;1946;2
"3134707";572;278;4;1603;4;414;198;2;1126;NA
"3134806";1369;79;1;471;1;637;52;1;207;NA
"3134905";3491;297;10;1456;7;2625;212;3;981;2
"3135001";266;148;5;305;1;89;103;1;201;NA
"3135050";1908;1411;4;4654;28;844;725;3;2529;9
"3135076";165;206;NA;541;NA;90;151;1;437;1
"3135100";2959;2626;28;7211;36;2426;2429;21;6532;33
"3135209";1982;2034;21;6799;54;1663;2208;29;6627;54
"3135308";514;69;NA;389;NA;271;49;1;249;NA
"3135357";492;83;NA;1115;2;309;46;3;810;1
"3135407";514;116;1;630;3;379;110;2;506;1
"3135456";115;161;1;572;1;129;277;NA;824;1
"3135506";960;340;3;1561;1;495;232;2;898;NA
"3135605";219;267;1;839;1;200;215;1;721;2
"3135704";354;206;1;884;4;167;112;1;521;1
"3135803";935;632;2;2831;8;854;504;4;2540;6
"3135902";749;77;1;325;3;516;36;NA;208;NA
"3136009";471;307;3;1689;2;444;241;1;1525;3
"3136108";279;108;NA;619;NA;185;91;1;399;NA
"3136207";5717;3009;13;7671;21;4268;2519;16;6012;22
"3136306";2769;1227;13;5115;4;2303;1016;23;4617;6
"3136405";133;122;NA;602;NA;108;88;NA;411;NA
"3136504";459;251;NA;1277;7;376;189;NA;914;NA
"3136520";142;103;5;548;NA;107;81;NA;398;NA
"3136553";145;114;NA;581;NA;131;85;NA;520;NA
"3136579";113;37;NA;540;NA;109;19;NA;418;NA
"3136603";394;193;NA;747;NA;250;143;NA;451;NA
"3136652";1409;895;5;2829;8;1407;936;8;3144;15
"3136702";56181;16659;154;30939;100;57846;19460;156;29429;124
"3136801";161;66;NA;533;1;98;58;NA;467;NA
"3136900";2076;82;3;520;NA;1006;38;1;283;1
"3136959";288;126;NA;777;NA;182;80;NA;401;NA
"3137007";417;425;5;1632;15;358;360;4;1470;22
"3137106";827;97;1;622;NA;634;61;NA;539;1
"3137205";4159;969;12;3183;8;4714;1191;14;4142;12
"3137304";178;109;1;429;NA;76;86;NA;329;NA
"3137403";1284;211;1;587;4;1116;254;4;648;NA
"3137502";2273;219;4;2032;3;1206;145;5;1156;NA
"3137536";682;179;1;1027;NA;546;140;NA;821;2
"3137601";4948;1870;24;7106;19;4617;1755;22;7062;22
"3137700";2080;571;NA;2431;NA;1158;249;NA;1159;NA
"3137809";2781;289;7;1190;NA;2183;239;8;884;2
"3137908";302;76;1;208;2;248;89;3;261;2
"3138005";695;126;1;185;NA;850;207;1;234;NA
"3138104";294;254;3;974;NA;170;174;3;687;NA
"3138203";10138;2970;46;6713;16;9422;3147;70;6397;20
"3138302";318;70;1;289;NA;242;62;1;227;NA
"3138351";167;98;NA;352;NA;219;115;NA;574;1
"3138401";4683;1788;6;3016;4;4276;2340;6;3068;10
"3138500";806;92;1;270;2;391;62;3;187;NA
"3138609";1832;407;6;1138;NA;1794;555;5;1138;2
"3138625";936;186;10;972;NA;485;113;6;612;NA
"3138658";517;128;1;1062;1;363;67;1;889;NA
"3138674";864;126;1;968;2;212;33;NA;233;2
"3138682";236;194;NA;728;1;132;175;1;513;4
"3138708";647;112;1;395;1;547;108;NA;314;NA
"3138807";1726;380;5;1508;NA;1417;342;9;1379;4
"3138906";228;96;1;846;1;285;85;NA;892;1
"3139003";4331;916;12;2499;10;2892;655;3;1792;1
"3139102";657;149;2;326;1;458;105;1;216;NA
"3139201";542;440;2;2160;1;554;465;8;2251;3
"3139250";642;159;5;694;3;377;63;2;408;NA
"3139300";666;782;4;1858;31;451;648;2;1657;20
"3139409";7933;2205;5;10082;5;5605;1523;11;5914;6
"3139508";1955;562;6;1741;2;1597;442;7;1342;1
"3139607";1822;540;2;3453;4;1364;419;8;2538;8
"3139706";646;166;NA;814;NA;342;112;NA;448;NA
"3139805";1207;416;NA;624;1;1325;531;2;663;NA
"3139904";2277;172;14;785;1;1026;116;9;387;1
"3140001";2910;2671;8;5566;15;2745;2620;26;5166;12
"3140100";107;143;1;528;NA;122;137;1;527;NA
"3140159";887;462;NA;1734;2;658;323;3;1373;1
"3140209";413;121;NA;271;NA;242;74;1;113;NA
"3140308";318;210;NA;563;NA;151;124;2;344;NA
"3140407";539;23;3;147;NA;345;14;NA;119;NA
"3140506";1343;287;2;1279;24;1138;186;1;1034;24
"3140530";847;243;1;996;1;379;87;NA;443;NA
"3140555";339;150;1;1001;1;330;115;NA;977;NA
"3140605";96;138;8;539;NA;60;152;6;419;NA
"3140704";2233;1068;10;3718;3;2100;1021;10;3688;10
"3140803";1213;456;1;1069;NA;1113;468;1;921;2
"3140852";205;456;1;802;6;167;472;1;795;3
"3140902";1337;534;2;1664;5;851;422;2;1389;3
"3141009";976;270;NA;1407;4;656;233;1;1080;4
"3141108";1718;1092;10;3840;3;1623;993;21;4001;10
"3141207";726;74;NA;337;NA;320;20;NA;99;NA
"3141306";537;74;NA;331;NA;257;50;1;178;NA
"3141405";826;299;1;2707;NA;713;276;1;2425;1
"3141504";345;157;NA;801;NA;300;88;1;547;1
"3141603";1040;226;NA;894;4;958;203;NA;740;1
"3141702";317;147;NA;619;NA;205;129;NA;423;1
"3141801";778;643;2;2544;1;749;659;4;2854;NA
"3141900";317;147;2;318;NA;227;146;NA;198;NA
"3142007";623;384;1;1715;4;386;239;5;1179;6
"3142106";1001;180;3;979;NA;650;124;NA;594;NA
"3142205";1833;316;NA;886;NA;1136;276;1;542;NA
"3142254";290;94;1;494;15;94;52;2;304;8
"3142304";464;176;NA;512;2;273;121;1;308;NA
"3142403";754;134;1;527;2;717;123;13;553;2
"3142502";75;58;NA;301;NA;62;38;2;289;1
"3142601";1021;153;2;667;1;662;90;NA;409;2
"3142700";661;426;7;1304;2;650;391;15;1337;5
"3142809";2225;454;13;1688;4;1684;404;10;1350;5
"3142908";1681;330;6;2781;NA;1014;234;3;1671;7
"3143005";2388;133;6;683;2;1246;64;5;367;NA
"3143104";5313;1005;39;4101;6;3954;780;15;3045;6
"3143153";170;64;1;639;NA;131;47;NA;402;NA
"3143203";2648;239;4;1503;1;2187;209;3;1178;2
"3143302";22009;10806;90;45750;93;18391;8387;90;39116;114
"3143401";3662;238;17;1190;2;2980;175;16;948;NA
"3143450";436;123;NA;1018;NA;212;42;NA;437;1
"3143500";851;204;NA;926;3;600;150;NA;699;1
"3143609";112;61;NA;350;1;66;48;NA;278;1
"3143708";90;87;1;417;NA;74;89;NA;359;NA
"3143807";1088;93;3;473;2;677;53;6;280;1
"3143906";10611;2348;12;8221;15;8747;2260;19;7183;8
"3144003";2492;563;4;4066;4;1034;261;3;1800;1
"3144102";4001;259;3;1130;4;2012;140;1;604;2
"3144201";79;79;2;248;1;92;104;NA;319;2
"3144300";1649;1093;4;4258;25;1430;863;4;3938;11
"3144359";241;286;NA;763;2;156;166;NA;565;1
"3144375";234;87;NA;465;NA;132;47;NA;334;NA
"3144409";1049;67;NA;180;NA;412;31;NA;75;NA
"3144508";812;239;2;703;NA;474;180;1;566;NA
"3144607";2500;742;5;1978;1;1579;639;8;1393;1
"3144656";505;151;3;1382;NA;324;87;2;863;NA
"3144672";143;58;NA;403;NA;137;62;NA;377;1
"3144706";879;792;1;1838;4;655;565;3;1488;5
"3144805";9812;2841;32;9324;16;7228;2584;29;7950;13
"3144904";157;191;NA;587;NA;82;80;NA;317;NA
"3145000";1285;377;17;1098;2;1036;282;9;991;5
"3145059";315;199;3;785;1;215;155;1;582;NA
"3145109";2733;121;3;970;2;1449;72;2;590;NA
"3145208";6405;2590;25;11467;19;5343;1904;47;9197;17
"3145307";721;751;7;2896;2;650;810;10;3227;7
"3145356";372;231;2;1476;4;280;156;6;1164;2
"3145372";256;69;NA;748;3;137;32;NA;373;NA
"3145406";288;69;NA;149;NA;124;37;NA;82;2
"3145455";234;204;2;778;1;134;109;1;480;NA
"3145505";365;87;NA;181;1;178;41;2;88;NA
"3145604";4156;1126;2;2345;4;3130;1185;9;2160;4
"3145703";271;45;NA;166;1;153;21;2;99;NA
"3145802";288;71;NA;352;1;162;46;NA;199;NA
"3145851";232;287;2;508;5;139;171;1;311;3
"3145877";675;196;2;1189;8;353;85;1;505;1
"3145901";3230;1206;19;3981;2;1937;744;17;2519;4
"3146008";5278;331;8;2011;7;3228;214;12;1165;3
"3146107";4125;3071;25;7022;18;3527;2661;30;6094;16
"3146206";196;236;NA;688;NA;149;201;NA;512;1
"3146255";108;40;NA;446;NA;214;49;1;779;NA
"3146305";533;296;2;1864;NA;674;334;2;2252;2
"3146404";502;62;4;341;NA;462;56;6;352;NA
"3146503";698;202;NA;426;1;913;258;NA;545;NA
"3146552";228;268;4;807;2;93;146;NA;429;2
"3146602";130;13;NA;115;NA;147;30;NA;146;NA
"3146701";548;206;4;319;1;527;243;1;296;5
"3146750";223;171;NA;887;1;229;164;NA;702;NA
"3146909";1033;393;1;1248;2;765;313;2;1017;2
"3147006";4383;3751;74;9971;26;3190;3092;53;8184;28
"3147105";8644;2013;27;8496;13;7392;1704;17;7185;11
"3147204";2884;321;7;1403;NA;1988;236;1;868;NA
"3147303";3591;207;3;856;5;2502;171;3;537;4
"3147402";1077;737;6;2627;3;1010;733;17;2562;2
"3147501";62;45;NA;195;NA;72;52;NA;184;NA
"3147600";2261;153;6;479;1;2134;131;6;422;2
"3147709";1371;181;NA;331;NA;914;193;2;270;NA
"3147808";345;46;NA;162;NA;211;35;1;90;NA
"3147907";12568;2427;44;7584;20;10335;2179;45;6055;17
"3147956";150;69;1;828;2;85;32;NA;506;NA
"3148004";17432;2647;74;13948;42;13631;2080;57;11176;34
"3148103";9920;1851;60;6840;15;6681;1499;35;4861;3
"3148202";538;128;1;567;NA;381;131;NA;448;NA
"3148301";798;318;1;873;3;436;222;2;441;NA
"3148400";106;110;NA;649;1;70;67;1;519;1
"3148509";224;169;1;801;1;312;218;5;998;4
"3148608";662;384;1;1989;NA;584;360;5;1646;NA
"3148707";666;363;2;2806;1;604;313;4;2697;1
"3148756";840;114;1;916;NA;206;42;1;246;NA
"3148806";301;123;2;365;NA;148;96;1;231;NA
"3148905";743;79;NA;321;1;243;29;NA;118;NA
"3149002";157;83;1;307;NA;151;51;1;253;NA
"3149101";1661;114;2;541;2;1121;78;1;369;NA
"3149150";480;332;1;1162;4;334;269;4;921;5
"3149200";356;68;NA;303;1;235;45;NA;216;NA
"3149309";3269;1841;11;6743;8;2918;1576;17;6251;17
"3149408";231;31;1;114;NA;196;51;NA;98;NA
"3149507";258;98;NA;154;NA;376;151;NA;253;NA
"3149606";344;101;NA;514;3;246;47;1;297;2
"3149705";1131;280;6;1340;3;724;141;1;841;1
"3149804";1852;338;14;1534;3;1053;191;8;946;3
"3149903";2693;738;3;1711;3;1333;417;NA;878;1
"3149952";200;300;3;854;12;136;194;NA;591;5
"3150000";114;149;2;386;NA;92;117;NA;413;2
"3150109";383;96;NA;200;1;203;63;1;142;NA
"3150158";764;166;1;1115;NA;427;81;NA;636;1
"3150208";211;206;NA;392;NA;143;116;NA;258;NA
"3150307";487;104;4;315;2;503;116;1;310;NA
"3150406";658;88;1;507;2;400;52;3;254;NA
"3150505";1050;154;1;648;2;888;124;2;443;2
"3150539";230;143;2;485;NA;143;154;2;481;2
"3150570";251;166;3;913;NA;145;129;2;668;NA
"3150604";910;166;NA;604;NA;512;103;4;315;NA
"3150703";551;141;1;424;3;461;85;2;390;4
"3150802";1104;664;2;1803;NA;714;442;3;1163;1
"3150901";1059;47;NA;333;NA;552;23;1;186;1
"3151008";1329;93;NA;627;2;762;41;NA;364;NA
"3151107";1238;338;2;684;1;894;370;1;717;1
"3151206";2018;1971;29;5893;11;1736;1704;23;5700;10
"3151305";1155;365;2;885;NA;841;342;5;724;2
"3151404";2415;614;1;1801;1;2328;563;9;1794;3
"3151503";4017;661;13;2387;6;3798;688;11;2217;7
"3151602";910;209;3;953;5;937;173;3;868;4
"3151701";3288;220;1;893;NA;1215;120;NA;381;1
"3151800";21501;2790;138;9140;25;19558;2535;112;7367;23
"3151909";787;195;2;1022;NA;520;97;NA;642;NA
"3152006";1713;976;18;2559;27;1778;1096;30;2938;23
"3152105";3937;2048;9;4789;7;3487;2167;11;4788;11
"3152131";109;117;1;422;NA;80;141;1;402;NA
"3152170";419;197;NA;1364;NA;324;157;2;1289;NA
"3152204";2465;988;9;5583;8;1279;533;6;2796;6
"3152303";968;273;4;1041;3;530;211;6;672;1
"3152402";454;412;2;1745;2;413;412;3;1610;1
"3152501";19746;2386;128;8429;28;16608;1991;88;6560;23
"3152600";1104;108;NA;401;NA;591;48;1;219;NA
"3152709";805;198;4;869;2;633;114;2;632;2
"3152808";2715;784;10;2759;1;1730;563;7;1879;9
"3152907";1411;172;NA;500;NA;834;123;NA;275;NA
"3153004";527;56;1;271;1;283;35;NA;182;NA
"3153103";534;170;NA;453;NA;304;92;1;224;1
"3153202";129;103;NA;522;NA;86;87;NA;388;NA
"3153301";68;71;NA;229;NA;84;133;NA;386;2
"3153400";1899;291;6;1976;14;1462;210;3;1447;12
"3153509";1399;170;2;789;NA;545;61;NA;283;NA
"3153608";511;353;6;1279;2;412;290;12;1093;3
"3153707";376;88;NA;293;NA;255;73;2;219;NA
"3153806";296;33;1;119;2;143;22;NA;62;1
"3153905";759;649;NA;1857;3;580;444;2;1300;1
"3154002";1993;567;1;2681;1;1359;488;5;1802;4
"3154101";1137;401;NA;462;NA;1089;398;NA;409;NA
"3154150";787;196;NA;835;2;376;113;1;481;NA
"3154200";1281;225;4;509;4;1270;336;8;623;4
"3154309";1124;347;2;1770;100;1091;367;2;1743;60
"3154408";477;68;2;371;4;361;50;NA;305;2
"3154457";362;216;NA;950;1;197;161;3;688;NA
"3154507";391;183;2;1063;2;236;113;2;768;2
"3154606";12815;12457;50;31804;86;12508;11707;68;31566;93
"3154705";292;139;NA;262;1;345;136;NA;295;NA
"3154804";475;389;1;1070;4;386;381;3;932;7
"3154903";722;516;4;1308;5;562;505;5;1059;1
"3155009";172;110;1;264;2;110;72;1;188;1
"3155108";270;162;NA;650;2;136;70;1;441;NA
"3155207";722;145;2;448;NA;380;105;1;259;2
"3155306";713;107;NA;579;NA;396;64;1;319;1
"3155405";875;263;5;490;NA;789;301;3;415;NA
"3155504";1787;334;12;1250;NA;1068;227;3;939;NA
"3155603";1719;302;4;4594;2;789;136;NA;1717;NA
"3155702";1030;630;NA;1403;2;663;500;4;1052;2
"3155801";2008;549;2;1226;3;1550;442;NA;995;3
"3155900";565;94;NA;384;1;496;129;1;365;NA
"3156007";426;365;NA;1836;1;245;271;NA;1201;NA
"3156106";597;46;NA;506;NA;454;28;NA;353;NA
"3156205";209;79;NA;190;NA;145;67;NA;147;NA
"3156304";878;251;1;831;NA;476;151;1;492;1
"3156403";388;67;1;265;NA;263;41;NA;181;1
"3156452";552;82;NA;640;NA;293;44;NA;277;NA
"3156502";294;111;2;901;1;190;45;NA;577;NA
"3156601";424;239;1;1253;NA;374;163;NA;945;1
"3156700";5721;5221;16;12138;30;5733;5101;30;11793;36
"3156809";546;497;3;1868;1;415;417;3;1451;1
"3156908";2947;490;9;1911;13;2374;447;8;1500;10
"3157005";2289;748;8;5338;8;1774;490;21;4206;13
"3157104";211;237;2;650;NA;182;195;1;630;NA
"3157203";1501;1004;6;2907;6;1369;1014;5;2787;5
"3157252";634;190;5;1151;1;376;102;7;597;3
"3157278";328;91;NA;229;1;269;80;1;210;2
"3157302";371;73;1;390;NA;343;56;NA;331;NA
"3157336";684;183;1;652;1;615;178;4;627;NA
"3157377";236;74;NA;448;2;190;41;2;462;2
"3157401";189;82;NA;725;1;98;44;NA;585;NA
"3157500";176;72;2;465;1;179;78;2;495;3
"3157609";131;124;1;485;NA;50;96;NA;348;1
"3157658";179;137;NA;627;147;164;105;1;499;66
"3157708";1603;222;8;1710;1;826;127;3;885;1
"3157807";9352;8557;39;20196;45;9525;8341;53;19772;55
"3157906";1420;407;1;2259;2;536;188;1;754;NA
"3158003";423;474;NA;958;1;327;462;NA;790;NA
"3158102";215;94;NA;575;3;235;64;NA;603;NA
"3158201";443;312;3;1493;1;472;280;8;1545;2
"3158300";715;160;2;585;1;446;114;1;325;NA
"3158409";364;98;1;239;NA;335;97;NA;193;NA
"3158508";403;155;1;1159;NA;245;103;7;702;NA
"3158607";228;179;5;265;NA;233;153;5;259;1
"3158706";197;52;5;204;3;153;36;5;121;3
"3158805";387;137;NA;410;2;306;94;NA;288;2
"3158904";635;224;1;1355;NA;257;112;NA;576;1
"3158953";2770;1367;10;5313;4;2104;1023;15;4113;3
"3159001";267;111;2;693;1;275;75;NA;531;1
"3159100";384;89;NA;350;1;182;84;1;213;2
"3159209";1813;108;6;384;3;803;81;NA;159;NA
"3159308";587;91;NA;285;NA;583;84;1;275;NA
"3159357";509;155;1;908;NA;291;103;NA;531;NA
"3159407";258;49;1;167;NA;395;82;1;248;NA
"3159506";639;151;2;752;7;258;69;1;320;4
"3159605";4934;623;21;2327;10;3939;522;10;1788;6
"3159704";422;76;NA;366;NA;166;33;NA;141;2
"3159803";1946;431;1;2254;7;1448;330;6;1858;3
"3159902";1185;567;4;1487;2;929;526;6;1289;2
"3160009";507;128;3;184;1;336;117;1;179;NA
"3160108";305;136;NA;498;NA;169;107;NA;284;NA
"3160207";41;120;1;426;NA;62;156;1;536;NA
"3160306";477;220;3;1315;9;383;168;5;1197;8
"3160405";3936;452;9;1812;3;2496;297;2;1148;NA
"3160454";431;153;NA;877;NA;263;49;NA;429;NA
"3160504";125;60;NA;216;NA;73;44;1;132;NA
"3160603";103;121;NA;450;NA;65;94;NA;277;NA
"3160702";4203;1248;4;3011;8;3534;1372;13;2542;NA
"3160801";327;169;NA;522;NA;161;116;1;301;1
"3160900";276;127;NA;405;NA;220;119;NA;344;NA
"3160959";440;98;1;703;2;240;62;1;397;1
"3161007";1158;624;3;1680;6;981;590;4;1594;3
"3161056";135;43;1;350;NA;211;58;5;447;NA
"3161106";1724;1645;24;5707;30;1197;1262;22;4862;24
"3161205";714;153;NA;488;1;444;143;4;341;NA
"3161304";563;111;1;637;NA;433;80;5;481;NA
"3161403";545;154;3;483;NA;288;90;2;234;NA
"3161502";970;289;2;932;6;791;225;2;724;1
"3161601";77;96;1;386;NA;113;138;1;452;NA
"3161650";244;75;NA;464;2;147;57;NA;292;NA
"3161700";522;230;NA;875;3;302;148;NA;611;NA
"3161809";1183;299;1;1004;6;857;203;3;763;2
"3161908";534;452;3;1144;3;351;446;4;1012;NA
"3162005";2371;387;16;1501;4;2347;368;8;1359;2
"3162104";3327;893;85;3692;6;2579;571;62;3176;4
"3162203";1185;104;2;545;1;640;55;1;276;NA
"3162252";200;100;4;614;NA;170;98;2;664;2
"3162302";520;20;NA;73;NA;461;21;1;47;2
"3162401";1110;762;5;3490;2;552;368;1;1613;1
"3162450";173;80;NA;410;1606;93;59;NA;347;832
"3162500";8971;1998;22;6269;12;8725;2267;21;6213;11
"3162559";1034;224;1;1525;1;430;110;NA;597;NA
"3162575";365;115;NA;736;NA;266;83;1;568;NA
"3162609";541;108;3;802;1;533;86;8;697;NA
"3162658";177;178;NA;555;NA;93;89;NA;347;NA
"3162708";1369;272;4;2860;3;935;180;4;2066;2
"3162807";640;306;1;1831;1;603;334;3;1900;2
"3162906";2466;659;2;1577;NA;2664;888;2;1587;3
"3162922";1556;992;8;3258;51;1250;790;11;2894;43
"3162948";1174;157;7;571;2;510;68;3;267;3
"3162955";1244;966;6;2674;6;1034;791;4;2238;11
"3163003";113;121;1;483;1;85;120;NA;394;NA
"3163102";408;115;1;555;3;281;73;1;302;1
"3163201";689;44;2;170;1;420;29;2;156;NA
"3163300";178;85;NA;484;NA;148;63;1;336;1
"3163409";304;272;2;646;NA;191;192;NA;377;NA
"3163508";294;147;2;874;1;177;84;4;627;2
"3163607";218;45;NA;266;NA;210;35;1;226;NA
"3163706";5612;681;14;2139;15;5866;711;20;2036;10
"3163805";556;189;1;573;2;376;158;1;421;NA
"3163904";857;63;1;257;NA;547;25;NA;158;NA
"3164001";370;285;3;581;NA;397;354;10;640;NA
"3164100";248;150;NA;757;1;148;99;NA;453;NA
"3164209";232;336;2;1111;3;159;331;3;778;3
"3164308";1163;128;2;513;1;595;69;NA;262;NA
"3164407";873;95;3;554;NA;417;52;4;234;NA
"3164431";620;53;NA;234;NA;193;12;NA;66;NA
"3164472";428;99;NA;890;2;299;53;1;506;1
"3164506";390;130;2;1476;1;242;75;NA;1033;NA
"3164605";953;162;NA;773;NA;576;99;1;532;NA
"3164704";9645;1065;24;5173;7;6630;811;21;3310;7
"3164803";74;43;NA;142;NA;73;35;NA;107;NA
"3164902";417;25;NA;77;NA;286;16;NA;61;NA
"3165008";1404;296;NA;812;2;867;226;NA;522;1
"3165107";898;148;NA;632;NA;422;73;1;271;NA
"3165206";876;154;5;561;8;661;136;2;396;5
"3165305";574;203;3;438;NA;555;248;2;476;2
"3165404";867;55;4;343;NA;769;34;3;251;NA
"3165503";265;107;1;750;NA;179;89;3;466;1
"3165537";2004;1372;9;3772;10;1523;966;11;3013;1
"3165552";192;361;1;1143;1;138;246;4;884;1
"3165560";176;83;1;312;NA;94;80;3;212;1
"3165578";869;65;14;295;NA;565;56;17;215;1
"3165602";203;103;NA;87;1;162;137;2;107;NA
"3165701";844;131;4;580;1;733;106;1;510;5
"3165800";331;27;NA;95;NA;258;25;NA;56;NA
"3165909";222;143;NA;560;NA;122;90;NA;364;NA
"3166006";617;152;2;393;NA;425;107;2;320;1
"3166105";152;114;NA;324;NA;126;115;1;284;NA
"3166204";1321;171;6;799;NA;801;142;5;477;1
"3166303";591;137;1;788;2;397;97;1;564;NA
"3166402";237;22;NA;144;NA;181;27;1;82;NA
"3166501";52;48;2;423;NA;84;88;NA;554;NA
"3166600";123;21;NA;106;NA;37;8;NA;43;NA
"3166709";317;224;1;779;3;307;207;3;834;NA
"3166808";1079;357;4;1146;1;597;218;1;616;1
"3166907";638;149;4;448;3;858;187;2;453;1
"3166956";279;139;NA;622;NA;106;74;NA;307;NA
"3167004";288;26;1;170;2;165;14;NA;88;NA
"3167103";549;667;2;2440;3;571;666;4;2413;2
"3167202";12413;6073;47;25329;28;10599;5182;53;22235;31
"3167301";251;34;NA;200;NA;222;46;NA;146;NA
"3167400";1108;83;8;373;2;599;58;2;206;NA
"3167509";245;105;NA;273;NA;153;93;NA;204;NA
"3167608";1504;388;5;3015;3;758;209;6;1132;2
"3167707";395;113;1;669;4;256;91;1;480;NA
"3167806";846;79;NA;312;1;596;77;NA;209;1
"3167905";506;126;2;315;NA;343;90;NA;169;2
"3168002";1954;688;6;3999;5;1514;433;5;3129;2
"3168051";382;95;NA;428;NA;138;42;NA;229;NA
"3168101";507;48;NA;332;1;338;26;NA;184;NA
"3168200";245;30;NA;185;NA;121;18;NA;58;NA
"3168309";282;141;2;540;NA;182;95;3;348;NA
"3168408";934;254;6;1309;2;965;257;5;1499;1
"3168507";1258;425;7;1178;1;794;298;6;770;1
"3168606";6430;4203;25;15132;63;5612;3696;28;14639;69
"3168705";5586;2720;24;7818;23;4616;2385;25;6830;15
"3168804";775;150;3;650;4;675;124;3;481;2
"3168903";978;104;2;582;NA;979;79;1;380;2
"3169000";1723;443;NA;1451;1;1191;342;NA;1008;NA
"3169059";850;24;2;129;NA;399;13;1;53;NA
"3169109";1007;49;3;400;1;861;31;4;244;2
"3169208";819;288;1;623;NA;705;294;1;571;NA
"3169307";6273;2193;19;5593;6;5310;2087;26;4850;5
"3169356";1533;717;7;3167;2;1385;655;12;3308;6
"3169406";5089;1345;19;4162;8;4095;1280;10;3286;3
"3169505";311;189;NA;765;4;239;144;1;603;4
"3169604";2654;486;8;2191;3;2273;407;9;1753;1
"3169703";985;326;4;2364;2;991;250;5;2511;NA
"3169802";776;68;17;335;NA;378;51;5;169;NA
"3169901";9454;2974;15;7987;35;8675;2857;33;7010;26
"3170008";390;390;16;1187;NA;278;403;17;923;NA
"3170057";1099;269;9;1597;9;638;163;5;876;6
"3170107";32607;7510;274;22549;71;33769;8278;213;22098;52
"3170206";67423;16764;499;54441;157;62038;16077;401;50175;172
"3170305";136;71;3;446;1;67;42;2;272;1
"3170404";6079;2123;47;9592;7;4610;1507;36;7537;14
"3170438";411;105;NA;409;1;243;59;2;278;1
"3170479";171;86;NA;459;NA;106;72;NA;373;NA
"3170503";523;485;NA;1301;NA;269;327;1;659;2
"3170529";379;360;1;2106;NA;212;183;2;931;NA
"3170578";330;127;3;608;1;296;154;1;688;1
"3170602";413;31;NA;171;NA;177;16;NA;68;NA
"3170651";230;38;NA;495;NA;181;27;NA;448;NA
"3170701";14695;3285;83;8919;21;11942;3037;64;7426;21
"3170750";489;129;1;807;12;351;106;NA;579;7
"3170800";1752;1296;13;4160;4;1305;1102;13;3363;3
"3170909";985;590;4;2456;2;588;320;4;1346;1
"3171006";1726;565;6;2472;2;996;337;5;1453;NA
"3171030";214;382;NA;635;4;167;458;4;656;3
"3171071";231;48;NA;615;NA;245;58;NA;722;NA
"3171105";472;90;NA;292;NA;261;75;NA;194;NA
"3171154";371;67;NA;642;NA;253;53;6;406;1
"3171204";5575;5012;24;12663;26;5346;4825;44;12464;31
"3171303";7110;2512;35;5633;25;6216;2481;41;4989;40
"3171402";425;66;NA;282;NA;364;43;2;237;1
"3171501";46;91;NA;260;2;98;145;1;458;NA
"3171600";435;542;1;1474;1;290;438;NA;1144;3
"3171709";1866;64;5;272;NA;892;54;NA;146;NA
"3171808";521;179;3;1134;NA;518;163;3;1224;1
"3171907";169;116;1;471;NA;212;186;NA;629;2
"3172004";3164;1056;7;3228;7;3136;1205;5;2962;4
"3172103";289;205;NA;281;NA;303;277;1;315;1
"3172202";453;21;NA;121;NA;206;14;NA;50;2
"3200102";3982;604;NA;3127;2;1825;333;1;1622;1
"3200136";874;165;NA;1374;3;423;80;NA;727;3
"3200169";777;338;7;1718;1;448;195;5;1109;NA
"3200201";3052;678;18;2222;6;2595;708;19;2066;2
"3200300";2239;145;2;944;NA;1081;119;1;667;2
"3200359";601;224;3;1013;NA;317;113;1;596;NA
"3200409";2532;663;4;3129;66;1808;450;5;2353;34
"3200508";639;237;5;595;2;498;232;4;532;2
"3200607";5590;1942;16;8862;890;4689;1635;14;8415;741
"3200706";888;303;2;945;1;638;288;NA;780;1
"3200805";2433;545;2;3089;8;1965;523;NA;2833;9
"3200904";3132;835;12;5926;7;1717;529;9;3899;7
"3201001";940;356;NA;1627;2;597;242;3;1278;2
"3201100";1113;316;NA;745;1;871;278;NA;689;1
"3201159";1206;301;8;1656;3;510;117;1;736;1
"3201209";17061;4859;13;16019;27;14933;4326;31;13708;21
"3201308";19574;10288;44;36176;99;18646;9329;49;35890;86
"3201407";5100;752;4;2475;5;3473;554;5;1865;1
"3201506";10348;2254;12;11154;19;9373;2159;11;10583;22
"3201605";1009;1146;5;2742;34;947;1134;3;2572;46
"3201704";1335;264;2;940;1;974;168;2;777;3
"3201803";749;144;1;444;3;322;57;2;182;3
"3201902";6130;484;4;2585;6;2632;172;1;1133;3
"3202009";895;178;NA;541;1;482;103;6;278;2
"3202108";1102;563;3;3532;1;685;333;6;2394;2
"3202207";1355;398;2;1938;9;998;344;3;1674;6
"3202256";1287;196;NA;1180;NA;615;84;1;620;NA
"3202306";2978;808;9;2243;9;2420;751;4;1735;8
"3202405";9102;3017;34;12284;77;8090;2692;25;11352;85
"3202454";2784;472;9;2869;6;1534;234;3;1385;3
"3202504";988;264;2;1067;14;690;219;1;990;14
"3202553";1242;160;NA;1035;1;535;75;2;342;1
"3202603";1748;102;NA;708;2;1305;90;1;683;2
"3202652";1547;336;2;1433;1;829;163;2;711;1
"3202702";1765;277;NA;1321;1;929;185;NA;787;1
"3202801";3213;595;2;3508;15;2840;577;8;3277;13
"3202900";1622;119;1;853;1;734;89;NA;497;NA
"3203007";3225;463;2;2763;1;2179;326;6;1756;2
"3203056";2258;1102;5;3254;14;1062;669;5;1873;15
"3203106";1111;307;8;888;6;952;312;3;776;4
"3203130";1318;254;3;1141;6;1078;239;1;1119;4
"3203163";2125;182;1;733;1;791;76;NA;302;1
"3203205";10615;4497;30;17162;153;8172;3483;23;14474;103
"3203304";696;273;6;1845;2;570;231;7;1376;1
"3203320";3790;594;2;3531;7;3361;577;9;3091;9
"3203346";2311;325;1;1527;2;1382;164;3;893;4
"3203353";1813;210;2;955;4;980;135;4;604;3
"3203403";2382;730;4;2298;1;1825;568;2;1634;6
"3203502";937;420;4;2312;5;762;350;3;2224;4
"3203601";280;183;1;800;1;210;131;NA;513;NA
"3203700";2001;366;2;2072;3;1054;197;3;1011;7
"3203809";1161;393;2;1135;3;917;372;1;1067;1
"3203908";4240;1022;6;5474;9;3044;790;5;4008;22
"3204005";1803;433;10;2556;5;887;218;2;1223;5
"3204054";833;649;3;2332;21;748;709;4;2485;22
"3204104";977;699;3;2838;4;856;542;4;2651;2
"3204203";1822;378;1;1922;10;1930;388;6;2043;2
"3204252";327;213;2;870;5;236;128;1;703;1
"3204302";965;402;4;1323;1;847;388;3;1187;2
"3204351";2284;389;1;2021;7;1117;171;5;930;1
"3204401";1387;135;1;971;3;848;106;2;675;2
"3204500";1986;240;NA;1118;3;829;149;2;625;3
"3204559";8043;339;2;1991;9;3188;168;3;968;5
"3204609";3184;337;2;1530;10;2232;238;3;1128;6
"3204658";846;167;NA;956;NA;458;107;NA;562;1
"3204708";3407;510;9;3521;6;2296;338;6;2536;4
"3204807";1106;358;NA;807;2;870;348;1;777;1
"3204906";6698;5067;42;13131;107;4926;4134;48;10996;101
"3204955";1754;164;1;918;1;738;79;NA;442;NA
"3205002";28685;17279;181;55491;310;24613;14426;180;50562;302
"3205010";1354;978;5;2901;10;872;655;12;2405;7
"3205036";2496;427;3;1601;1;1348;260;4;979;4
"3205069";2816;362;2;1732;2;2239;276;4;1464;6
"3205101";4193;1993;16;7460;35;3510;1732;18;6579;34
"3205150";1081;144;NA;920;1;584;79;NA;532;1
"3205176";1381;197;NA;1486;NA;754;125;NA;995;1
"3205200";38261;10652;146;40943;187;36131;10266;128;40257;210
"3205309";29961;7993;224;25110;148;28907;8978;160;27038;162
"3300100";13214;4032;82;14219;78;13448;3991;72;12934;76
"3300159";1359;198;NA;773;NA;1136;196;1;680;2
"3300209";9501;4052;27;11048;49;9084;4167;18;10167;49
"3300225";1143;315;4;692;2;997;389;3;685;2
"3300233";3377;1152;11;2967;33;3334;1206;9;2816;23
"3300258";2595;817;11;2201;23;2791;880;7;2206;13
"3300308";6662;3676;25;6556;19;6927;4455;26;6635;19
"3300407";14662;5391;44;12337;22;13588;5773;46;11036;21
"3300456";22638;17757;42;45348;64;25488;21262;64;48263;72
"3300506";3761;625;5;1472;3;3208;619;7;1176;4
"3300605";3364;1040;4;2468;5;3151;1105;8;2239;7
"3300704";17374;6785;61;17886;82;16480;6991;56;16217;97
"3300803";4100;1631;74;5951;14;3712;1535;37;5209;13
"3300902";1473;430;NA;1355;2;1166;415;2;960;2
"3300936";749;369;1;1435;5;701;429;2;1343;4
"3300951";512;358;2;637;1;447;401;4;654;2
"3301009";36726;14582;71;32471;77;39310;17812;75;34585;105
"3301108";1684;760;1;960;1;1677;1033;5;1166;1
"3301157";1239;293;1;997;2;1227;346;3;883;2
"3301207";1728;597;1;981;1;1667;723;4;980;2
"3301306";3599;1434;8;3697;11;3341;1466;6;3333;19
"3301405";1438;811;3;1910;4;1344;795;7;1587;6
"3301504";2062;631;3;1054;NA;2061;925;2;1221;2
"3301603";1173;311;1;540;NA;1072;420;NA;635;NA
"3301702";42205;28255;135;70749;153;45800;34806;216;75703;190
"3301801";967;297;2;1053;3;1092;388;8;981;2
"3301850";3555;1536;8;4124;9;3172;1942;6;4137;15
"3301876";2329;801;7;2207;9;2266;753;6;1923;11
"3301900";12932;7530;28;22643;50;12696;8415;31;22207;66
"3302007";6898;3686;102;10610;43;7198;3457;83;10176;43
"3302056";1319;252;2;1024;NA;1562;311;2;1129;NA
"3302106";3195;487;2;1252;1;2449;598;5;1059;NA
"3302205";9263;3141;23;8280;20;7680;3088;24;6955;18
"3302254";2833;851;16;2516;17;2318;805;11;2000;16
"3302270";3584;3540;22;8433;8;3793;4336;41;8346;13
"3302304";447;284;1;531;1;510;407;1;547;NA
"3302403";17715;8822;95;21305;106;16190;8865;91;19485;71
"3302452";497;278;NA;286;NA;369;265;NA;245;NA
"3302502";11842;7933;58;19753;62;12649;9820;99;20674;55
"3302601";2769;1113;6;3859;21;2968;1214;9;3804;13
"3302700";15396;4941;40;17174;76;14737;5403;35;15621;59
"3302809";1501;585;5;1274;7;1561;702;5;1275;6
"3302858";8665;6040;21;14414;35;10222;7363;13;15885;33
"3302908";2414;743;13;2049;4;2265;839;13;1909;5
"3303005";1956;1093;3;1766;3;1726;1339;1;1714;2
"3303104";1220;433;1;1311;5;1142;486;5;1091;6
"3303203";8731;4706;30;13401;28;10302;5977;39;13768;33
"3303302";51635;10693;219;27505;141;59772;14306;293;29800;167
"3303401";25480;3690;77;8975;30;25704;4167;61;8387;32
"3303500";42431;26248;139;66916;141;47816;32295;219;71349;140
"3303609";3050;1339;7;3483;7;3184;1508;6;3519;10
"3303708";3037;1308;9;2610;1;3407;1755;6;3070;4
"3303807";3419;924;29;3676;80;3592;888;27;3444;85
"3303856";2365;824;6;2740;3;2033;777;8;2114;14
"3303906";31426;6733;69;14362;42;33282;8159;61;14099;44
"3303955";1831;781;4;1594;3;1866;945;11;1776;4
"3304003";2119;951;5;1934;5;2096;1108;1;1866;6
"3304102";1300;597;17;1314;3;1234;674;17;1260;5
"3304110";1655;771;14;1657;5;1217;697;4;1166;4
"3304128";1084;403;4;1071;3;1031;453;2;982;2
"3304144";6652;5515;18;12238;14;7277;6699;28;12772;23
"3304151";1124;656;2;2051;2;1262;742;11;2262;12
"3304201";11752;3635;90;9438;33;11130;3494;70;8637;34
"3304300";4102;1747;18;4927;15;3877;1870;19;4610;11
"3304409";1655;398;4;1191;2;1721;391;3;1050;4
"3304508";584;360;7;537;NA;590;490;6;551;NA
"3304524";12872;4281;36;12929;61;12282;4547;36;11974;63
"3304557";507594;170808;2283;429965;1557;603094;227569;2520;491954;1878
"3304607";1068;388;NA;777;NA;770;379;1;601;5
"3304706";4494;1385;2;2689;3;3729;1277;4;2233;3
"3304755";4115;1148;2;4288;5;3352;1004;3;3365;6
"3304805";4162;983;3;2527;4;3957;968;8;2300;3
"3304904";59412;29571;105;81943;139;67667;36181;135;82849;214
"3305000";4020;526;NA;2455;4;4376;576;2;2505;2
"3305109";23107;16057;48;43128;68;25088;19005;89;42165;59
"3305133";591;179;1;708;NA;468;159;NA;578;NA
"3305158";3348;524;3;1287;5;1978;356;4;761;5
"3305208";8516;2967;6;9369;40;7433;2780;14;7196;35
"3305307";884;279;NA;420;NA;656;298;NA;392;NA
"3305406";1924;592;9;1275;2;1399;560;6;927;NA
"3305505";7416;2624;10;8320;17;6433;2473;18;6811;33
"3305554";4861;2559;29;7334;29;4948;2679;29;6831;27
"3305604";1286;762;2;2024;NA;1157;822;6;1832;5
"3305703";2273;323;1;821;1;1533;310;NA;626;1
"3305752";1541;957;5;3313;6;1525;1102;17;3092;2
"3305802";19095;3462;90;9585;37;19282;3703;83;9058;42
"3305901";998;268;1;727;3;896;341;2;660;2
"3306008";5656;2822;17;5366;5;5797;3362;14;5385;10
"3306107";5655;2170;24;4344;9;6255;2837;35;4574;20
"3306156";1047;275;6;782;2;692;219;6;595;3
"3306206";2523;1289;6;2299;3;2890;1566;5;2298;6
"3306305";23827;7972;92;17837;46;23307;8615;106;16151;52
"3500105";4671;325;202;2040;5;4272;304;144;1621;2
"3500204";406;43;2;270;5;541;41;3;338;1
"3500303";4200;517;33;2053;2;3000;377;21;1280;NA
"3500402";1170;93;3;417;NA;848;53;8;240;NA
"3500501";2442;149;10;732;2;2603;138;15;705;1
"3500550";949;85;18;443;3;750;81;11;378;NA
"3500600";507;27;19;90;1;416;16;7;70;NA
"3500709";4346;579;42;2470;12;3179;446;28;1850;10
"3500758";919;69;3;419;2;508;26;2;191;NA
"3500808";517;53;15;312;NA;455;63;7;302;2
"3500907";391;92;NA;404;1;207;27;1;156;NA
"3501004";2091;251;13;1225;2;1535;186;6;766;3
"3501103";563;34;10;240;NA;434;30;1;205;1
"3501152";1924;389;16;1539;1;1023;207;11;832;3
"3501202";619;45;7;299;NA;361;35;6;168;NA
"3501301";2717;423;139;1851;8;2447;392;108;1782;4
"3501400";278;80;1;204;NA;255;84;2;264;NA
"3501509";276;46;1;221;NA;242;60;NA;160;1
"3501608";35493;2708;432;12308;46;26978;1925;268;9024;51
"3501707";3012;683;11;2630;6;2505;514;14;2042;2
"3501806";878;81;9;378;NA;691;42;5;274;3
"3501905";8870;643;27;2728;10;9043;666;36;2470;7
"3502002";714;99;5;336;1;357;30;2;136;2
"3502101";5833;802;250;4515;8;5421;769;195;4122;3
"3502200";3992;213;17;1326;2;2171;122;9;640;3
"3502309";662;75;3;373;NA;566;63;2;314;1
"3502408";445;45;13;346;1;345;35;5;246;NA
"3502507";3440;401;14;1722;14;3641;428;15;1687;5
"3502606";563;55;5;254;1;471;39;4;224;NA
"3502705";1834;312;16;2215;4;1977;267;17;2193;6
"3502754";1829;518;13;1881;6;1432;292;7;1419;6
"3502804";23133;2899;1076;13085;41;21951;2777;892;11929;36
"3502903";4448;328;82;1756;9;3572;247;65;1266;6
"3503000";594;143;4;404;NA;467;85;3;307;NA
"3503109";674;88;3;398;NA;663;114;3;440;1
"3503158";262;81;2;190;NA;173;46;3;127;1
"3503208";30321;3907;405;12374;29;29733;4059;373;11296;46
"3503307";17429;1991;98;7065;20;14281;1556;87;5437;19
"3503356";280;25;3;189;51;90;6;NA;72;17
"3503406";1285;89;9;387;1;962;59;5;283;NA
"3503505";377;59;2;297;1;260;46;NA;188;1
"3503604";1045;156;3;729;NA;787;122;2;560;NA
"3503703";1211;85;2;417;NA;835;56;2;266;2
"3503802";5779;687;57;3941;12;4336;490;43;2804;5
"3503901";7548;1492;305;5855;25;6940;1444;219;5498;25
"3503950";209;15;5;142;NA;176;26;NA;106;1
"3504008";13624;978;149;4999;21;13167;867;125;4232;17
"3504107";19435;2093;849;8734;45;16365;1638;514;6820;42
"3504206";2063;146;17;924;1;1484;106;22;631;NA
"3504305";501;55;6;298;135;376;38;3;171;66
"3504404";777;153;9;725;NA;955;130;9;784;1
"3504503";11717;1031;223;4853;26;10536;907;157;4062;15
"3504602";3701;395;28;1783;5;2656;255;25;1107;4
"3504701";196;12;NA;79;3;144;28;1;79;NA
"3504800";1688;108;4;490;1;1051;72;1;294;NA
"3504909";1053;238;1;738;1;860;221;NA;600;NA
"3505005";435;19;5;122;19;552;13;3;154;18
"3505104";366;83;4;353;NA;655;113;4;533;NA
"3505203";4885;388;12;1418;4;3681;282;11;1067;1
"3505302";5135;429;21;1858;5;3825;316;12;1288;9
"3505351";369;73;5;482;2;351;64;3;527;NA
"3505401";562;108;10;722;7;403;114;1;648;2
"3505500";13747;2276;203;6476;11;14581;2369;195;6470;17
"3505609";2404;960;51;3101;10;1733;616;35;2277;11
"3505708";26291;5235;527;20593;51;29037;5278;402;22027;57
"3505807";1549;197;488;1870;6;1418;138;409;1460;5
"3505906";8424;866;29;3409;2;5738;675;15;2277;1
"3506003";45483;5453;1249;19109;117;44185;5479;1054;17937;123
"3506102";9879;1080;60;4308;7;8202;951;47;3507;4
"3506201";209;53;3;221;NA;188;46;2;208;NA
"3506300";1337;72;3;368;NA;1632;96;3;372;4
"3506359";4972;1367;114;5358;55;4636;1225;93;4919;38
"3506409";840;85;25;380;3;937;68;18;440;2
"3506508";15631;1484;301;8129;32;12164;1088;218;6291;42
"3506607";3283;434;266;2068;4;2496;326;138;1418;9
"3506706";1352;192;3;971;NA;1178;158;2;804;3
"3506805";1338;95;2;590;7;1390;91;1;566;NA
"3506904";1379;164;8;795;2;998;88;8;498;2
"3507001";8109;811;107;3652;11;5831;578;66;2540;16
"3507100";2396;326;55;1504;2;2098;238;31;1074;2
"3507159";421;33;NA;182;NA;336;34;2;167;NA
"3507209";102;15;1;65;NA;78;9;NA;51;1
"3507308";545;72;NA;281;2;454;52;1;227;1
"3507407";2208;137;18;688;NA;1732;123;9;568;1
"3507456";282;26;3;211;NA;238;37;2;161;6
"3507506";19177;1625;235;6785;33;18572;1684;213;6080;36
"3507605";21714;1839;419;8359;41;21761;1689;361;7220;45
"3507704";539;66;10;339;35;537;68;11;350;11
"3507753";245;56;14;340;NA;143;32;8;141;NA
"3507803";2935;278;17;1207;1;2998;275;8;1157;3
"3507902";3005;279;6;1248;8;2825;243;15;993;4
"3508009";2075;144;13;1091;1;2398;166;12;1070;2
"3508108";2220;225;19;1343;5;1730;163;16;973;5
"3508207";614;50;2;262;2;480;46;2;205;1
"3508306";507;40;NA;272;1;495;49;4;230;NA
"3508405";4258;806;80;3232;22;3765;560;65;2765;15
"3508504";11356;1303;126;6047;14;9318;1034;77;4395;8
"3508603";3442;424;17;1721;3;3301;418;15;1559;4
"3508702";2636;173;7;1029;2;1536;155;4;671;1
"3508801";2027;265;76;1275;1;1483;189;44;888;1
"3508900";415;58;15;408;NA;284;30;6;251;NA
"3509007";8725;1902;58;6315;29;8060;1772;41;5754;34
"3509106";405;63;8;448;1;353;41;3;370;2
"3509205";8000;1826;70;6833;17;7690;1562;64;6561;19
"3509254";2337;360;39;2726;7;1985;229;30;2197;6
"3509304";1317;132;1;644;2;899;73;2;442;3
"3509403";3227;301;8;1604;3;2181;189;3;1094;3
"3509452";799;37;5;332;3;681;38;3;292;5
"3509502";130303;21074;2902;62924;337;128910;21444;2350;59184;302
"3509601";7798;1340;88;4774;19;7250;1157;80;4239;10
"3509700";5466;348;57;1960;9;6131;316;40;1815;10
"3509809";693;71;3;366;2;444;20;1;210;NA
"3509908";1219;188;23;911;30;1096;136;19;761;16
"3509957";404;41;3;323;NA;385;76;NA;343;NA
"3510005";4342;289;13;1640;5;3200;190;7;1211;1
"3510104";475;19;3;149;1;326;13;4;113;NA
"3510153";645;128;5;522;6;392;91;3;284;2
"3510203";5908;316;162;2628;15;4720;244;109;1946;5
"3510302";2823;120;12;931;3;2358;85;8;783;2
"3510401";5592;881;24;2422;3;5237;855;13;2165;7
"3510500";13216;2109;248;8806;67;13568;1979;178;8452;78
"3510609";29425;8651;250;29534;102;30758;8722;231;29080;96
"3510708";1332;182;28;951;5;1051;156;10;886;3
"3510807";3659;397;10;1459;4;2796;337;12;1083;4
"3510906";467;47;NA;183;1;276;24;NA;78;NA
"3511003";1504;294;30;1813;10;1561;297;25;1842;1
"3511102";16231;1499;129;5635;28;14169;1418;124;4828;14
"3511201";848;48;2;473;1;712;55;NA;371;2
"3511300";1746;162;6;659;3;1405;148;4;520;4
"3511409";2829;217;21;1067;1;2274;162;4;824;2
"3511508";6211;430;31;2186;9;5127;289;24;1593;4
"3511607";2642;137;12;909;4;1816;80;6;533;2
"3511706";1974;183;5;903;1;1471;135;3;664;1
"3511904";615;117;12;506;2;696;90;9;517;3
"3512001";2250;290;25;1357;2;1498;209;12;913;6
"3512100";489;163;25;521;1;498;161;21;529;NA
"3512209";2894;376;40;1598;5;2533;349;34;1624;6
"3512308";2417;138;14;661;2;1849;107;8;398;NA
"3512407";2603;330;4;1243;1;2857;330;12;1154;1
"3512506";624;72;8;331;5;539;69;4;368;2
"3512605";513;27;8;245;1;526;49;6;278;1
"3512704";611;58;NA;259;2;365;33;1;133;1
"3512803";6384;1308;61;4604;12;4743;944;30;3593;6
"3512902";1090;111;6;437;3;1028;109;3;481;1
"3513009";23506;5440;640;19393;72;23085;4766;543;18461;75
"3513108";3852;396;22;1582;3;3486;365;27;1617;4
"3513207";1072;235;8;715;3;693;95;10;431;2
"3513306";302;16;3;182;1;189;6;2;121;NA
"3513405";9574;1103;35;4009;13;8011;1011;17;3014;11
"3513504";6635;2615;34;9495;21;7782;2713;35;10740;33
"3513603";3119;188;9;1699;3;2280;151;14;1113;NA
"3513702";4361;343;20;1600;4;3629;260;10;1175;5
"3513801";28969;8514;497;30372;69;33672;9267;422;32965;97
"3513850";233;9;2;126;1;151;7;2;111;NA
"3513900";1927;71;2;441;2;1366;50;1;328;4
"3514007";848;185;3;862;8;498;106;NA;567;NA
"3514106";2591;228;4;1074;6;3418;277;7;1249;3
"3514205";276;26;6;137;NA;284;17;NA;142;NA
"3514304";1199;88;1;305;NA;1106;83;2;319;NA
"3514403";5631;425;247;2609;4;4996;385;187;2617;7
"3514502";1387;157;33;752;9;1536;153;28;732;4
"3514601";914;157;3;724;NA;831;108;2;556;1
"3514700";795;84;3;462;NA;544;58;2;335;1
"3514809";1028;355;16;1402;8;656;294;7;811;24
"3514908";1364;149;9;916;1;2104;218;11;1197;NA
"3514924";457;30;2;178;NA;342;23;1;150;1
"3514957";378;22;NA;149;NA;242;12;NA;93;NA
"3515004";14071;6390;210;20310;56;16643;7262;156;22908;72
"3515103";5189;1249;122;5262;15;5386;1153;81;4926;21
"3515129";304;43;11;239;NA;313;33;8;228;NA
"3515152";1988;399;12;1730;5;1279;224;4;1238;5
"3515186";6554;467;17;1569;5;4402;378;9;978;3
"3515194";472;53;2;263;NA;399;46;3;244;1
"3515202";1230;108;14;580;2;1011;79;6;442;NA
"3515301";201;33;4;210;1;228;26;9;258;1
"3515350";454;142;3;814;2;499;151;6;950;NA
"3515400";2441;106;22;650;2;2300;113;15;573;2
"3515509";10242;811;193;4147;10;8288;646;103;3170;14
"3515608";1038;62;6;292;2;598;43;4;192;1
"3515657";244;16;10;118;1;125;11;2;87;NA
"3515707";12061;4316;77;14048;44;12670;4351;85;13777;49
"3515806";169;22;4;162;NA;120;14;1;118;NA
"3515905";518;28;3;143;1;311;22;3;95;NA
"3516002";1317;153;46;1004;2;931;110;20;733;1
"3516101";293;36;2;194;NA;305;41;NA;182;1
"3516200";42383;5541;167;19963;50;38458;5196;168;15978;55
"3516309";9060;4176;34;14111;34;10955;4397;46;14858;25
"3516408";9940;3071;51;10404;16;11782;3232;36;10793;22
"3516507";364;32;16;162;NA;291;21;2;183;NA
"3516606";653;88;13;448;NA;686;98;14;447;1
"3516705";4649;657;131;2688;8;4320;595;112;2358;7
"3516804";310;38;2;177;1;404;47;NA;267;NA
"3516853";409;76;3;326;NA;409;74;3;342;NA
"3516903";1558;144;7;866;NA;877;89;2;474;2
"3517000";800;146;29;686;NA;896;142;22;687;NA
"3517109";488;49;10;289;NA;397;54;NA;265;NA
"3517208";982;184;34;805;2;987;162;30;811;1
"3517307";320;63;31;418;NA;482;104;37;606;NA
"3517406";4617;790;213;2956;4;3219;570;125;2210;5
"3517505";2566;323;11;1434;8;2033;212;5;1143;2
"3517604";1542;130;46;1855;1;1331;64;30;1160;NA
"3517703";1809;482;17;1323;NA;1387;459;23;1182;2
"3517802";1021;127;75;692;NA;516;65;41;404;NA
"3517901";1161;200;15;824;3;875;171;9;656;1
"3518008";251;35;1;114;NA;258;31;2;116;NA
"3518107";556;71;14;473;NA;588;89;13;497;1
"3518206";3220;411;146;2429;5;2825;365;109;2139;5
"3518305";3804;507;108;2208;15;2614;348;49;1424;12
"3518404";13824;1393;95;6766;16;12831;1447;82;5511;10
"3518503";1782;117;11;829;3;1227;53;1;491;3
"3518602";3023;726;15;3204;3;2473;692;15;2748;7
"3518701";18821;5595;180;23548;114;20808;5557;187;24574;125
"3518800";99824;24038;2496;87892;371;113121;24992;2282;95614;305
"3518859";531;112;42;476;1;673;108;56;552;2
"3518909";437;83;2;403;NA;356;64;6;280;NA
"3519006";652;84;11;621;3;928;111;13;882;3
"3519055";1776;143;27;999;1;1366;100;6;743;2
"3519071";19670;4766;210;17668;59;18041;4206;166;15988;56
"3519105";1338;111;10;620;3;1226;98;12;539;1
"3519204";555;62;21;455;2;599;52;20;495;NA
"3519253";514;71;1;370;1;453;62;NA;363;1
"3519303";2966;524;9;2273;6;2770;452;7;2077;8
"3519402";1819;103;14;623;1;1329;80;5;428;1
"3519501";824;68;5;341;1;779;71;2;311;1
"3519600";7749;779;49;3286;13;7083;575;33;2648;9
"3519709";7855;932;446;5072;16;6981;732;253;4057;18
"3519808";706;142;7;587;4;603;91;7;451;NA
"3519907";811;46;5;392;NA;1096;53;6;499;NA
"3520004";2488;389;8;1518;4;2198;334;6;1247;5
"3520103";2524;468;19;2104;NA;2401;475;14;1855;NA
"3520202";1364;186;12;746;7;1000;115;4;493;NA
"3520301";2969;358;102;2767;53;2290;258;52;1955;36
"3520400";3240;606;26;2686;25;3184;525;39;2359;27
"3520426";1491;216;28;1011;11;1359;179;22;944;6
"3520442";2910;408;107;2250;6;2073;297;49;1606;5
"3520509";31534;3191;797;14502;42;26416;2420;550;11273;36
"3520608";592;83;NA;312;1;531;72;5;322;1
"3520707";485;52;6;300;1;448;44;2;327;NA
"3520806";435;56;13;335;1;246;21;5;203;1
"3520905";1676;206;6;863;3;1396;147;5;581;2
"3521002";3557;582;23;2389;3;2862;433;10;1937;4
"3521101";844;117;4;458;2;582;62;3;321;NA
"3521150";897;83;14;488;2;612;43;4;301;1
"3521200";184;144;2;489;6;157;110;NA;368;1
"3521309";1679;314;9;1451;1;964;158;7;760;NA
"3521408";2849;340;13;1284;1;1977;215;8;853;3
"3521507";1131;72;2;443;NA;543;35;NA;237;NA
"3521606";654;95;43;474;NA;548;91;34;421;NA
"3521705";2068;122;13;834;2;2429;107;9;937;NA
"3521804";2690;202;60;1402;1;2711;191;40;1374;NA
"3521903";2765;147;9;839;2;1776;96;8;572;2
"3522000";534;35;1;216;4;342;16;1;158;NA
"3522109";10264;2091;152;8035;88;10841;2143;120;8145;112
"3522158";166;60;1;451;NA;165;46;3;370;NA
"3522208";10470;3717;194;12981;64;10854;3695;170;12375;65
"3522307";20103;1177;385;7858;35;17596;1037;260;6083;29
"3522406";11143;727;127;4865;10;10354;600;84;3866;7
"3522505";14215;4906;102;20075;21;16372;5302;76;20860;23
"3522604";10700;867;55;3313;9;8193;703;33;2330;3
"3522653";452;42;1;472;NA;287;19;1;285;NA
"3522703";5791;316;29;1886;5;4921;331;21;1703;2
"3522802";2037;86;43;565;13;1761;107;37;565;9
"3522901";1591;192;3;734;1;1387;201;2;642;NA
"3523008";277;46;5;362;NA;303;66;1;463;NA
"3523107";22728;8153;234;30658;111;22848;7633;161;29591;80
"3523206";6299;358;45;2113;14;5606;317;26;1744;13
"3523305";1223;297;95;1422;25;1124;205;50;1210;13
"3523404";14166;1704;176;6475;13;13601;1628;142;5843;11
"3523503";2168;268;5;972;1;1696;160;3;757;4
"3523602";1677;216;7;828;1;1285;181;9;592;2
"3523701";602;143;4;436;1;413;74;3;328;1
"3523800";1047;106;5;577;1;706;107;2;361;NA
"3523909";20166;2447;224;10178;35;16342;2074;128;7956;23
"3524006";6551;1104;142;4588;11;6208;799;89;4195;7
"3524105";4382;660;75;2546;2;3632;602;68;2066;5
"3524204";715;122;3;498;6;484;102;3;344;2
"3524303";10104;1082;150;3978;4;7764;948;125;3238;7
"3524402";27179;3247;512;12978;46;26249;2950;366;11519;43
"3524501";779;93;5;440;2;807;91;6;417;1
"3524600";1547;204;18;1591;3;1322;110;11;1018;6
"3524709";7312;668;71;3368;6;6581;595;45;2814;3
"3524808";7187;456;217;2635;5;5754;368;151;2307;3
"3524907";876;60;9;404;2;609;55;3;279;1
"3525003";8456;2423;117;8819;18;9828;2565;93;9674;26
"3525102";4698;759;36;2998;8;3723;559;22;2122;5
"3525201";3870;504;47;2944;7;3085;368;45;2086;11
"3525300";17776;1511;73;5375;15;17014;1596;71;5084;17
"3525409";413;118;3;336;1;210;69;3;164;1
"3525508";1704;125;13;711;3;1536;59;11;503;1
"3525607";504;120;4;413;NA;264;51;2;187;1
"3525706";4333;336;15;1784;2;4699;318;23;1826;2
"3525805";256;51;9;339;NA;394;61;6;445;1
"3525854";416;62;NA;184;NA;234;19;1;86;NA
"3525904";59086;5281;1003;19801;64;54816;4822;744;17552;73
"3526001";2189;209;103;1418;5;1801;164;66;1193;4
"3526100";1527;254;73;1733;10;1200;190;46;1304;7
"3526209";2648;402;43;2010;9;2755;350;14;1775;8
"3526308";903;50;5;328;1;574;29;1;203;1
"3526407";3231;353;29;1232;2;2932;344;12;1152;1
"3526506";545;76;35;336;NA;461;52;12;322;1
"3526605";775;97;7;479;NA;627;80;4;325;1
"3526704";12309;1194;64;5439;11;10880;1108;45;4708;14
"3526803";8699;788;42;3592;11;6561;528;33;2573;4
"3526902";35996;3982;275;15102;40;32563;3664;197;12615;34
"3527009";947;72;11;274;NA;983;59;4;241;NA
"3527108";8533;1292;314;5026;14;7549;1168;287;4249;11
"3527207";9894;1303;77;5047;20;8490;1108;64;4013;17
"3527256";238;39;2;140;NA;211;29;3;110;NA
"3527306";4798;825;37;3974;5;4391;594;32;3240;8
"3527405";1976;166;61;1135;1;1934;166;35;1128;1
"3527504";278;26;2;186;NA;237;28;1;132;1
"3527603";1137;229;8;955;1;907;188;9;732;3
"3527702";481;90;1;515;1;284;36;NA;319;3
"3527801";323;44;2;258;NA;398;83;5;359;NA
"3527900";307;51;2;212;1;251;24;2;186;NA
"3528007";1807;199;2;959;NA;1602;198;4;883;1
"3528106";1141;63;5;313;2;1109;60;9;307;NA
"3528205";492;48;5;253;NA;478;26;3;209;NA
"3528304";379;30;1;171;NA;471;18;NA;189;NA
"3528403";4933;823;112;3691;17;4047;550;81;2766;13
"3528502";9834;1497;172;6626;27;8141;1095;128;5525;19
"3528601";1536;90;1;551;NA;1113;62;2;335;NA
"3528700";355;63;4;419;2;220;37;1;287;1
"3528809";1859;160;7;921;3;1203;103;2;570;2
"3528858";555;47;2;168;NA;360;15;1;90;NA
"3528908";483;34;5;286;NA;316;26;1;232;NA
"3529005";27318;3174;1314;14690;57;24915;3004;1071;12825;57
"3529104";272;24;4;153;1;153;23;1;86;NA
"3529203";2556;313;37;1722;5;2322;295;28;1568;NA
"3529302";9390;1040;91;4722;7;8481;994;65;4035;3
"3529401";37333;8741;394;32540;103;35868;7419;279;29958;83
"3529500";792;72;2;351;1;733;43;6;314;1
"3529609";750;62;9;374;NA;349;28;1;152;1
"3529658";212;30;NA;147;NA;210;31;1;113;NA
"3529708";2047;324;42;1674;NA;1643;237;28;1150;1
"3529807";1154;87;2;509;NA;1620;105;1;657;3
"3529906";1698;346;58;1783;20;1384;169;37;1323;31
"3530003";450;36;3;211;NA;340;34;2;167;NA
"3530102";2839;275;289;1873;6;2071;191;160;1416;3
"3530201";1555;258;66;1645;3;1140;174;45;1250;3
"3530300";8687;809;58;3457;18;6824;615;33;2709;13
"3530409";615;63;2;242;NA;543;56;1;201;NA
"3530508";9085;861;38;3969;9;7008;701;23;2999;9
"3530607";44311;7985;3836;27037;127;41190;7357;2763;24043;115
"3530706";23161;1657;119;7509;21;16259;1111;48;4840;15
"3530805";12979;1024;114;3881;23;11715;834;76;3137;21
"3530904";371;57;NA;207;NA;349;53;1;194;NA
"3531001";282;35;NA;98;NA;286;29;1;68;NA
"3531100";4333;2283;50;4193;82;4970;1464;45;4096;81
"3531209";1376;81;10;379;2;1045;79;2;270;NA
"3531308";7242;602;109;2408;8;5454;427;64;1726;12
"3531407";3142;341;18;1265;NA;2609;213;11;1037;4
"3531506";2660;189;7;913;NA;2085;164;2;749;NA
"3531605";541;88;4;309;NA;410;36;4;236;NA
"3531704";655;74;4;285;NA;365;32;1;150;2
"3531803";6035;1286;40;5528;13;4643;919;23;3909;14
"3531902";2279;532;40;2217;1;2192;546;29;2181;2
"3532009";1421;174;9;866;3;1426;152;7;719;2
"3532058";390;87;3;292;NA;324;75;NA;240;1
"3532108";548;54;14;321;1;336;38;3;169;NA
"3532157";283;65;3;264;NA;170;32;1;209;NA
"3532207";481;97;12;639;NA;299;65;10;459;1
"3532306";1035;64;5;464;1;921;43;5;300;1
"3532405";2404;243;19;1204;4;1857;151;16;828;1
"3532504";1663;146;1;536;1;991;89;2;288;1
"3532603";1453;100;2;534;1;1399;86;5;437;1
"3532702";672;90;1;442;2;297;39;NA;217;1
"3532801";978;115;3;358;1;703;80;3;259;3
"3532827";918;70;2;496;3;913;46;2;470;NA
"3532843";342;25;3;187;NA;143;27;1;92;NA
"3532868";165;8;NA;101;NA;78;4;1;41;NA
"3532900";940;171;12;668;NA;815;148;8;610;1
"3533007";2545;359;11;1478;7;1644;234;8;995;5
"3533106";253;33;2;132;NA;285;34;4;125;NA
"3533205";317;64;4;357;NA;338;64;1;334;NA
"3533254";462;128;3;375;NA;300;59;3;263;NA
"3533304";285;34;1;205;NA;314;48;3;233;NA
"3533403";8117;849;57;3516;22;6181;638;33;2781;9
"3533502";5841;423;32;2263;4;4187;322;17;1662;5
"3533601";1101;114;1;463;3;699;68;2;235;4
"3533700";497;61;5;300;NA;464;42;4;253;NA
"3533809";333;24;1;110;NA;364;15;1;124;1
"3533908";7089;744;44;2971;10;6163;664;38;2694;5
"3534005";514;101;7;370;5;384;71;6;243;3
"3534104";627;105;9;419;NA;535;97;7;403;NA
"3534203";572;112;12;501;NA;468;90;10;355;NA
"3534302";4373;689;20;2698;4;3290;459;12;2015;6
"3534401";61526;13269;1269;46400;130;71146;14713;1122;52414;149
"3534500";206;10;13;110;NA;406;18;13;182;2
"3534609";3857;307;120;1926;5;3392;241;108;1802;3
"3534708";12241;1147;290;4963;22;13040;1249;227;4812;21
"3534757";1216;149;24;801;NA;1037;116;12;690;NA
"3534807";587;125;5;723;3;598;119;4;762;3
"3534906";1194;124;97;900;1;737;74;59;642;6
"3535002";1540;181;7;967;2;1011;119;4;622;2
"3535101";784;221;3;740;2;816;165;3;702;1
"3535200";1225;94;41;470;NA;1082;98;26;498;1
"3535309";3126;160;10;811;2;2463;136;5;649;2
"3535408";1573;209;26;1345;NA;1210;135;9;985;NA
"3535507";4541;490;73;2972;12;3853;419;64;2401;8
"3535606";2583;154;16;1148;6;1829;109;4;780;6
"3535705";1010;91;4;346;4;606;44;3;159;1
"3535804";2674;182;11;1289;3;1752;114;8;815;1
"3535903";445;50;23;310;NA;385;39;20;261;NA
"3536000";1205;129;31;813;6;1065;114;28;712;2
"3536109";967;105;5;425;1;654;57;3;287;1
"3536208";2026;269;39;1677;21;1477;188;28;1129;17
"3536257";391;31;1;194;NA;320;16;NA;157;NA
"3536307";1428;323;3;1107;3;1119;251;2;786;3
"3536406";599;74;14;602;NA;731;81;12;830;NA
"3536505";12467;1528;284;6045;12;10896;1325;180;5181;18
"3536570";267;23;2;142;NA;203;16;NA;113;NA
"3536604";745;219;14;548;1;662;192;6;530;NA
"3536703";5485;692;14;2781;3;4147;470;7;2052;2
"3536802";1201;55;10;420;1;587;24;4;160;NA
"3536901";446;44;2;159;2;277;20;1;100;1
"3537008";1758;309;8;1125;6;1305;255;1;803;1
"3537107";5272;433;12;2310;10;5272;329;10;2110;5
"3537156";333;20;1;157;NA;361;17;1;172;1
"3537206";1057;192;38;794;9;977;139;18;716;8
"3537305";7744;711;157;3704;8;7097;581;107;3106;6
"3537404";1967;415;241;2127;4;1828;373;218;2080;3
"3537503";1314;117;1;550;3;759;51;3;311;4
"3537602";6413;1071;150;4742;83;6548;1097;107;4714;107
"3537701";651;71;13;468;3;441;53;8;373;NA
"3537800";7755;305;327;2693;9;5702;243;183;1846;2
"3537909";3681;243;207;1722;2;2444;152;106;1019;2
"3538006";17711;2369;283;10176;39;16315;2066;196;8839;25
"3538105";2229;151;8;887;3;1532;85;5;559;1
"3538204";2535;122;13;649;1;1763;107;6;456;2
"3538303";246;25;2;233;NA;413;45;2;318;NA
"3538501";1499;228;4;761;4;1251;217;4;606;1
"3538600";3383;314;77;1557;8;2795;205;41;1133;12
"3538709";51773;6373;526;20642;68;50120;6659;377;19366;83
"3538808";4588;220;26;1091;6;3950;185;25;926;5
"3538907";2593;287;24;1146;4;2103;241;19;1077;7
"3539004";1719;97;5;538;NA;1148;80;2;439;NA
"3539103";1260;401;15;1494;8;1216;327;9;1369;10
"3539202";2676;423;111;2091;14;1918;331;74;1603;3
"3539301";10544;992;48;3863;22;8175;857;51;3051;8
"3539400";2070;184;29;750;3;1531;110;29;544;5
"3539509";3426;641;13;2793;5;2575;427;11;2020;4
"3539608";402;74;1;336;NA;449;43;2;336;2
"3539707";343;36;3;216;1;328;33;NA;174;NA
"3539806";7892;2341;111;6919;16;8623;2452;86;6913;26
"3539905";893;110;1;383;2;520;50;2;206;1
"3540002";1979;247;99;1369;4;1862;273;95;1381;4
"3540101";647;26;2;154;1;399;22;1;113;NA
"3540200";2867;937;8;3657;3;2275;609;9;2741;12
"3540259";424;93;1;422;NA;290;65;2;253;NA
"3540309";225;37;2;157;NA;327;38;3;168;NA
"3540408";436;68;3;265;NA;506;46;4;286;NA
"3540507";1480;109;6;496;1;1255;105;1;469;2
"3540606";6428;733;43;2823;3;5725;638;26;2242;5
"3540705";6884;851;9;3385;4;4863;661;11;2386;5
"3540754";1562;203;6;1022;4;1647;211;5;1088;1
"3540804";2424;127;6;914;3;2391;127;7;812;5
"3540853";157;34;1;184;NA;75;17;1;73;NA
"3540903";1909;240;3;1231;2;1386;168;2;928;NA
"3541000";31268;6714;414;23381;134;35259;6865;405;25526;129
"3541059";480;68;3;298;1;510;71;NA;315;4
"3541109";515;57;2;268;1;355;57;1;190;1
"3541208";1758;147;55;724;5;1285;103;38;659;NA
"3541307";3284;637;113;3551;9;3251;598;93;3530;8
"3541406";25548;3225;1299;13666;56;23923;3182;1070;13253;61
"3541505";3727;443;185;2551;5;3581;406;136;2657;4
"3541604";3850;429;98;2448;2;3445;357;91;2165;2
"3541653";344;26;2;161;5;423;34;5;197;6
"3541703";1370;203;5;1153;1;1048;146;9;893;1
"3541802";264;55;4;408;NA;195;29;NA;270;NA
"3541901";928;123;3;561;1;892;170;1;567;4
"3542008";790;120;15;569;2;508;83;21;415;1
"3542107";1166;161;4;564;2;811;101;2;290;NA
"3542206";3068;364;73;2009;10;2916;318;47;1941;7
"3542305";584;44;1;256;NA;539;27;5;223;1
"3542404";2081;264;79;1384;1;2084;220;65;1339;3
"3542503";715;62;2;263;1;764;61;2;272;NA
"3542602";5945;781;540;4722;16;4867;565;355;3559;26
"3542701";535;88;NA;421;NA;577;106;3;461;2
"3542800";263;36;1;331;NA;225;29;NA;280;NA
"3542909";1154;266;7;825;6;895;220;3;660;1
"3543006";2373;174;13;1405;4;1520;95;6;973;6
"3543105";498;131;4;371;1;218;86;3;273;NA
"3543204";601;22;4;179;NA;682;48;2;198;NA
"3543238";255;16;NA;143;NA;243;14;NA;145;NA
"3543253";1193;38;10;534;3;623;18;5;247;2
"3543303";11735;1992;293;8009;65;10891;1620;161;6712;38
"3543402";86825;11583;1323;36588;133;83495;11712;1197;33294;139
"3543501";650;33;1;323;1;749;42;1;320;NA
"3543600";525;43;1;228;NA;427;48;NA;185;NA
"3543709";1105;153;5;692;1;715;138;5;505;1
"3543808";1068;78;31;767;1;879;85;27;563;1
"3543907";26440;2811;184;9679;33;23966;2611;150;8256;35
"3544004";3684;506;7;2368;4;2346;328;5;1434;2
"3544103";3319;1140;36;3961;9;2989;882;31;3364;12
"3544202";602;161;20;642;NA;673;118;18;772;2
"3544251";1593;314;26;1801;8;1230;226;23;1381;8
"3544301";978;128;5;682;2;1027;116;12;688;1
"3544400";262;37;7;241;NA;218;29;1;203;3
"3544509";475;35;11;299;NA;402;39;6;237;NA
"3544608";714;50;5;383;1;519;32;6;325;NA
"3544707";250;54;8;268;NA;142;29;2;164;2
"3544806";712;61;3;348;1;896;53;1;399;NA
"3544905";1458;126;2;481;NA;1413;83;10;524;1
"3545001";2085;80;25;668;NA;1922;72;22;522;4
"3545100";373;77;2;458;NA;367;59;1;461;NA
"3545159";1292;78;3;302;2;998;40;2;196;1
"3545209";15843;2076;148;7692;22;13195;1611;104;6104;14
"3545308";5504;573;62;2678;8;4135;392;32;1922;6
"3545407";1041;108;7;473;2;1080;95;8;541;2
"3545506";268;81;NA;362;1;198;54;3;312;1
"3545605";1992;171;13;759;2;1563;121;7;622;1
"3545704";958;92;18;495;2;614;61;13;320;NA
"3545803";24167;2371;136;10621;21;18658;1885;80;8139;10
"3546009";1859;181;16;905;1;1455;131;4;610;2
"3546108";292;35;2;197;NA;252;28;1;142;NA
"3546207";790;18;1;179;NA;515;21;1;105;2
"3546256";311;40;1;141;NA;162;19;1;93;NA
"3546306";3266;525;7;2093;8;2456;426;10;1628;3
"3546405";6571;429;65;2012;5;5640;407;39;1547;7
"3546504";701;119;1;681;1;336;64;4;298;NA
"3546603";4719;337;134;2064;6;3972;275;93;1802;5
"3546702";2391;400;3;1659;7;2179;263;3;1238;4
"3546801";5687;753;111;3335;7;5412;594;81;2754;10
"3546900";757;143;3;511;NA;566;114;1;371;1
"3547007";610;80;3;408;1;399;62;3;288;1
"3547106";332;59;6;273;NA;229;30;7;205;1
"3547205";220;10;3;77;NA;254;11;3;89;NA
"3547304";13925;2335;293;9279;38;13748;2210;232;10212;49
"3547403";544;30;9;163;NA;240;18;7;78;NA
"3547502";3403;313;7;1085;1;3389;285;9;971;5
"3547601";3146;412;13;1668;4;1972;300;3;1077;2
"3547650";368;15;2;91;NA;136;5;NA;30;NA
"3547700";2065;171;59;1094;5;2060;211;62;1165;2
"3547809";91153;10209;2227;38762;156;89447;9773;1794;36909;145
"3547908";931;88;NA;433;NA;722;60;1;331;NA
"3548005";2257;212;18;1182;1;2665;255;5;1398;NA
"3548054";811;171;15;935;2;485;94;5;623;1
"3548104";1054;55;NA;273;NA;567;37;2;157;1
"3548203";1136;40;25;264;3;906;28;16;186;2
"3548302";258;36;2;238;1;317;48;5;287;2
"3548401";317;80;14;378;2;248;85;16;330;NA
"3548500";53062;5659;943;19737;89;60506;6304;923;20199;104
"3548609";1898;62;8;415;NA;1519;62;2;323;1
"3548708";84271;12396;2722;47942;232;89123;12109;2283;49399;273
"3548807";25063;1206;780;4604;32;23937;1227;535;4573;61
"3548906";34833;3850;529;12868;85;29979;3609;344;10608;82
"3549003";386;29;2;161;1;329;17;NA;118;1
"3549102";13545;1063;43;3660;7;12165;1122;26;3043;7
"3549201";379;31;NA;240;NA;162;16;NA;153;NA
"3549250";214;36;NA;202;NA;108;24;NA;104;NA
"3549300";267;27;1;132;NA;314;32;1;154;NA
"3549409";5193;1177;37;3410;3;4203;863;26;2493;8
"3549508";603;105;2;525;1;728;146;4;556;NA
"3549607";453;59;NA;245;NA;417;44;NA;229;NA
"3549706";7024;618;26;2563;2;5710;662;20;2131;3
"3549805";62654;6053;954;23766;86;62532;6048;805;22718;76
"3549904";85234;9035;2276;34309;162;76932;8249;1547;30036;158
"3549953";1585;216;54;1138;3;1507;213;36;1093;4
"3550001";1843;98;7;604;2;1217;49;2;340;2
"3550100";4987;527;17;2008;2;3992;458;20;1519;3
"3550209";4331;196;239;2056;7;2912;151;123;1230;6
"3550308";1099373;217107;53429;657419;3675;1239757;253355;48853;739324;3677
"3550407";5211;281;68;1799;6;4719;309;43;1500;6
"3550506";994;68;6;383;NA;807;51;1;300;NA
"3550605";8881;1178;156;5040;28;8054;989;119;4009;24
"3550704";6468;1536;109;6107;72;6913;1556;82;6083;70
"3550803";1580;176;2;603;NA;1045;99;NA;358;NA
"3550902";1744;236;10;767;1;1382;200;2;536;NA
"3551009";25238;7326;257;24471;104;28768;7649;284;25609;111
"3551108";1473;65;8;605;NA;1068;70;8;414;2
"3551207";573;27;1;206;1;395;25;1;132;1
"3551306";402;39;1;181;NA;443;40;NA;143;NA
"3551405";918;202;4;711;2;641;123;3;505;1
"3551504";2860;787;15;3085;4;3775;860;14;3525;3
"3551603";4811;257;20;1138;4;3912;180;14;840;9
"3551702";13161;2696;80;10116;23;10031;1997;75;7677;28
"3551801";1136;220;40;1304;20;817;113;16;810;13
"3551900";1220;212;3;1129;NA;1223;181;1;1088;1
"3552007";892;81;NA;431;1;499;80;1;245;NA
"3552106";6539;274;35;1493;7;5450;182;37;1099;5
"3552205";87252;9437;1791;36460;158;84396;8516;1503;32004;179
"3552304";872;112;13;781;NA;523;51;3;458;NA
"3552403";25773;4925;302;20023;54;24465;4433;239;18323;47
"3552502";24155;6285;1624;22833;76;23109;5888;1092;20675;55
"3552551";391;50;4;415;NA;193;25;1;201;NA
"3552601";1649;118;4;648;1;1262;110;5;541;NA
"3552700";1644;137;12;875;1;1796;146;7;898;4
"3552809";20497;6616;533;19264;85;23288;7362;505;21192;101
"3552908";631;77;2;508;3;568;73;2;456;5
"3553005";1585;55;6;518;2;1631;52;11;487;7
"3553104";786;77;3;390;2;506;51;1;270;NA
"3553203";746;43;7;273;1;741;35;10;237;1
"3553302";2974;302;7;1466;7;1759;226;9;872;4
"3553401";3710;333;16;1603;3;2566;236;10;1069;5
"3553500";830;104;47;542;17;711;87;18;440;21
"3553609";1419;165;4;879;3;993;130;3;610;NA
"3553658";258;29;6;160;NA;291;34;5;166;NA
"3553708";6701;741;112;3247;6;5586;618;72;2728;12
"3553807";2963;156;32;1268;2;2662;105;17;1155;12
"3553856";905;65;7;455;4;579;20;5;290;2
"3553906";519;125;28;645;NA;421;83;15;490;NA
"3553955";1689;237;5;1247;2;1097;138;3;813;NA
"3554003";16315;1208;155;6159;33;14365;990;109;4849;28
"3554102";41912;3366;534;15450;56;36102;3010;367;12018;61
"3554201";657;32;2;273;NA;311;25;NA;133;1
"3554300";1824;373;47;2184;2;1544;259;30;1843;5
"3554409";1035;111;18;568;NA;724;82;10;379;1
"3554508";5317;508;25;1760;1;4392;405;26;1398;3
"3554607";356;21;NA;107;NA;371;13;NA;106;1
"3554656";308;18;3;102;NA;286;17;NA;80;NA
"3554706";1509;59;1;401;NA;1102;43;2;305;NA
"3554755";143;19;1;132;2;148;24;1;128;NA
"3554805";5241;475;71;2268;16;4865;374;38;1811;12
"3554904";912;109;15;492;2;642;63;6;344;2
"3554953";866;57;12;414;1;786;46;8;336;1
"3555000";7554;646;387;4246;15;6466;613;284;3848;21
"3555109";2172;95;52;836;3;1640;86;37;653;1
"3555208";282;31;1;119;NA;228;22;1;71;1
"3555307";233;15;1;87;NA;285;16;1;75;NA
"3555356";532;81;5;435;1;460;57;2;349;NA
"3555406";9302;1672;166;6876;120;8627;1393;140;5675;80
"3555505";641;35;1;372;NA;471;24;4;285;NA
"3555604";1645;133;4;699;NA;1002;81;3;417;1
"3555703";215;39;1;101;NA;118;28;NA;83;NA
"3555802";1338;74;34;615;1;908;39;17;408;NA
"3555901";213;13;NA;73;NA;168;16;NA;57;NA
"3556008";2376;120;4;728;3;1424;59;8;476;7
"3556107";1803;175;16;1063;3;1323;98;12;680;NA
"3556206";19188;1409;292;6140;22;14069;940;188;4109;18
"3556305";1903;397;35;1936;NA;1464;335;28;1673;3
"3556354";1445;105;13;596;NA;1042;77;8;376;NA
"3556404";5981;501;16;2164;3;4101;355;10;1466;1
"3556453";4912;747;263;3256;8;4814;708;157;2782;12
"3556503";11636;2041;61;8820;15;9705;1651;46;6527;9
"3556602";980;93;11;704;2;992;114;16;661;NA
"3556701";9856;923;172;3617;15;8715;821;129;3160;9
"3556800";2017;191;22;963;4;1919;163;23;928;1
"3556909";1018;183;8;749;NA;460;86;4;358;NA
"3556958";273;39;5;149;NA;125;15;NA;87;NA
"3557006";15223;1288;183;5859;22;14889;1245;125;5635;14
"3557105";12627;1135;223;5081;19;12153;1040;186;4884;8
"3557154";401;27;9;230;NA;224;25;4;136;NA
"3557204";1438;155;5;777;1;1161;174;9;625;1
"3557303";1590;106;8;635;4;1051;54;4;362;NA
"4100103";900;64;7;436;21;750;62;5;466;5
"4100202";545;122;3;658;7;390;77;1;511;7
"4100301";1437;76;1;709;2;933;43;3;432;4
"4100400";13464;1333;53;7538;20;11163;996;43;6183;15
"4100459";361;38;2;451;NA;231;27;3;217;1
"4100509";2412;187;23;1557;7;1761;133;15;1105;1
"4100608";1483;211;35;1102;5;1123;157;19;931;1
"4100707";932;184;7;1013;1;663;145;3;733;3
"4100806";1449;163;30;801;3;832;135;11;511;3
"4100905";365;119;3;518;1;268;88;4;369;1
"4101002";3031;104;2;1040;3;2323;74;2;720;NA
"4101051";368;51;2;245;NA;224;32;1;193;NA
"4101101";2587;202;47;1027;4;2303;225;32;1042;8
"4101150";452;34;3;237;NA;316;33;NA;147;NA
"4101200";1876;190;16;1205;10;2003;152;13;1055;8
"4101309";1251;42;NA;399;3;843;17;NA;213;5
"4101408";14177;1606;343;7778;11;14593;1474;323;7815;28
"4101507";15781;1236;385;6935;17;12909;920;311;5481;6
"4101606";2921;260;10;1596;4;2507;263;9;1623;3
"4101655";438;35;7;253;1;308;25;3;267;NA
"4101705";1960;159;7;1004;4;1374;97;4;851;4
"4101804";17100;1828;101;9211;35;15351;1442;76;8114;29
"4101853";365;36;2;221;3;143;15;1;108;NA
"4101903";1099;168;360;832;NA;1188;188;281;1029;1
"4102000";4436;430;102;2805;10;3455;342;75;2250;6
"4102109";3415;262;70;1537;2;2717;221;39;1298;1
"4102208";423;44;5;192;NA;494;47;1;262;1
"4102307";2108;114;8;811;8;1215;59;4;463;5
"4102406";4117;598;161;2016;7;2507;453;75;1382;5
"4102505";1251;211;8;1132;4;747;194;6;754;2
"4102604";1214;83;3;611;3;1075;67;2;547;3
"4102703";459;39;3;179;1;240;20;NA;104;1
"4102752";608;29;NA;270;1;379;15;1;158;NA
"4102802";1892;259;17;1055;NA;1326;186;12;790;NA
"4102901";2031;95;1;1123;3;1171;47;3;708;2
"4103008";587;35;7;372;NA;414;33;1;284;NA
"4103024";443;10;NA;156;NA;190;3;NA;83;NA
"4103040";930;58;NA;470;2;488;40;2;284;1
"4103057";896;54;3;499;3;858;60;4;519;5
"4103107";1693;96;10;1033;2;1110;65;3;632;6
"4103156";628;39;NA;398;1;290;15;1;168;NA
"4103206";660;147;3;552;1;472;88;1;516;3
"4103222";522;22;NA;161;NA;299;14;NA;163;NA
"4103305";1189;116;31;619;1;642;66;14;375;2
"4103354";734;46;4;340;NA;443;25;1;269;1
"4103370";310;56;7;447;NA;208;49;1;348;NA
"4103404";131;18;3;339;NA;155;6;NA;356;NA
"4103453";2205;256;18;1349;4;1719;187;10;1025;4
"4103479";572;59;12;555;2;255;26;3;249;1
"4103503";953;79;16;535;1;967;90;10;536;1
"4103602";3077;315;51;1242;2;2211;350;28;1087;2
"4103701";11848;1626;181;6854;25;11022;1336;139;6114;24
"4103800";1015;85;7;626;1;1036;89;8;665;1
"4103909";1776;142;17;1205;3;1656;138;20;1068;NA
"4103958";424;17;NA;352;1;336;18;1;229;1
"4104006";4646;566;32;2780;27;5355;499;31;2975;20
"4104055";546;36;2;277;NA;327;20;1;256;NA
"4104105";884;48;3;465;NA;708;39;5;312;NA
"4104204";17629;1229;49;7106;28;16315;937;40;6018;15
"4104253";3572;448;7;1947;6;2941;357;8;1583;8
"4104303";12244;1001;246;6873;36;9973;853;128;5975;28
"4104402";2599;92;1;990;99;1173;44;3;539;53
"4104428";1464;143;6;1236;5;1202;122;10;1128;6
"4104451";1225;70;2;798;1;930;76;1;788;4
"4104501";3398;93;2;814;2;2779;79;4;687;3
"4104600";2107;151;6;952;5;1463;90;7;711;1
"4104659";3122;195;3;1400;6;2030;148;2;1007;NA
"4104709";2988;121;97;780;3;1672;71;49;401;NA
"4104808";43595;3644;400;21900;56;38460;2644;318;18902;46
"4104907";8736;744;70;4628;14;6621;612;43;3554;19
"4105003";1137;73;9;736;NA;779;53;1;586;NA
"4105102";1002;205;4;873;3;1011;172;16;956;2
"4105201";2418;77;NA;1454;2;1155;48;2;683;2
"4105300";1435;106;4;625;6;1326;91;12;568;8
"4105409";2774;127;4;1163;150;2211;97;8;1081;117
"4105508";11117;837;198;5450;11;7445;583;112;3767;13
"4105607";1123;207;16;1314;4;662;117;4;808;2
"4105706";1536;83;1;1052;18;1475;94;3;1057;22
"4105805";24057;2971;133;14416;81;24315;2534;104;13075;56
"4105904";2663;287;51;1785;2;2141;212;41;1628;4
"4106001";1155;92;12;581;NA;782;61;6;477;1
"4106100";348;42;2;227;3;397;55;8;256;3
"4106209";2344;82;5;795;7;2551;94;4;911;3
"4106308";2645;143;11;920;NA;1857;103;5;736;1
"4106407";6069;675;244;2628;9;4607;595;151;1986;9
"4106456";635;59;1;658;NA;332;32;NA;295;NA
"4106506";3543;198;3;1617;39;2044;94;8;1024;28
"4106555";368;87;2;389;2;256;63;4;293;4
"4106571";680;36;NA;279;NA;385;17;NA;151;NA
"4106605";2281;364;58;2068;3;1846;256;33;1806;8
"4106704";375;60;26;354;1;404;57;16;438;NA
"4106803";3384;92;4;492;1;1373;44;1;295;1
"4106852";428;52;3;206;NA;220;24;NA;142;1
"4106902";257706;17216;5800;72190;529;251633;14373;4627;61562;451
"4107009";1673;173;11;798;9;1505;128;9;731;9
"4107108";516;91;28;442;2;373;67;22;347;1
"4107124";349;40;1;230;1;300;25;4;230;3
"4107157";479;64;6;303;100;349;50;1;298;38
"4107207";6661;250;17;2445;6;5410;166;15;1996;3
"4107256";1066;136;29;767;NA;744;80;12;625;2
"4107306";1015;73;9;423;NA;643;63;10;292;NA
"4107405";1106;43;2;471;5;420;20;NA;147;NA
"4107504";1472;187;32;920;1;1200;145;14;824;5
"4107520";302;22;NA;183;NA;108;12;NA;82;NA
"4107538";595;26;1;133;1;748;20;2;186;1
"4107546";674;29;NA;366;63;346;10;NA;212;35
"4107553";398;29;NA;290;1;199;19;1;201;NA
"4107603";2067;168;16;1069;14;1716;106;18;913;19
"4107652";15009;2206;80;9713;63;13589;1607;67;8070;37
"4107702";449;76;2;390;1;374;74;4;403;NA
"4107736";904;34;1;480;1;454;20;NA;269;NA
"4107751";938;102;12;586;1;763;87;12;446;NA
"4107801";635;57;19;306;1;569;56;6;291;1
"4107850";708;40;NA;293;2;368;15;NA;203;NA
"4107900";1245;168;48;863;NA;872;100;23;550;3
"4108007";1073;212;NA;1214;2;784;139;1;840;NA
"4108106";443;52;2;146;NA;213;16;NA;97;NA
"4108205";1180;47;18;397;NA;980;45;6;341;NA
"4108304";27992;3476;495;18009;126;28235;2939;310;18650;85
"4108320";806;113;4;703;2;541;95;2;597;2
"4108403";13612;563;27;5043;9;12623;410;34;4531;17
"4108452";440;42;1;389;2;402;33;NA;471;1
"4108502";1108;114;1;814;7;946;93;2;755;8
"4108551";396;46;1;347;4;211;22;2;154;1
"4108601";2761;376;149;2254;6;2450;371;96;2297;7
"4108650";798;91;5;603;1;370;44;5;384;4
"4108700";736;62;4;586;2;373;38;1;318;1
"4108809";2978;325;131;2391;155;2779;259;66;2410;255
"4108908";703;84;8;692;NA;443;55;5;443;NA
"4108957";1103;41;NA;891;NA;422;18;1;331;NA
"4109005";675;66;14;264;5;459;44;7;193;5
"4109104";238;43;NA;199;NA;159;20;1;172;1
"4109203";561;82;2;457;NA;345;49;5;312;2
"4109302";2065;64;1;1199;NA;1206;30;NA;696;NA
"4109401";21323;1302;99;10186;30;20280;1026;68;9647;50
"4109500";845;64;3;835;19;407;20;2;375;9
"4109609";4971;386;35;2569;24;4698;365;31;2275;14
"4109658";629;61;1;606;NA;243;28;NA;208;NA
"4109708";3661;320;43;1795;19;3119;293;24;1462;14
"4109757";833;34;NA;614;NA;484;13;NA;372;NA
"4109807";6303;612;219;3125;10;5283;502;181;2544;11
"4109906";828;125;5;795;3;733;93;8;747;5
"4110003";641;107;3;507;3;320;61;6;310;1
"4110052";189;36;NA;159;1;218;24;3;199;1
"4110078";1461;139;3;906;3;1446;57;1;733;3
"4110102";4978;191;11;1803;1;2312;98;4;917;2
"4110201";1240;114;NA;656;19;773;67;1;408;18
"4110300";174;35;5;255;NA;212;41;5;268;1
"4110409";466;41;NA;350;NA;469;27;NA;315;NA
"4110508";2461;93;4;819;NA;1101;55;2;377;2
"4110607";1833;194;26;1389;1;1180;110;14;1021;4
"4110656";259;20;2;134;NA;285;25;2;139;NA
"4110706";9765;307;17;2325;6;7246;212;10;1841;6
"4110805";1008;138;7;1035;1;816;99;5;864;NA
"4110904";386;49;5;379;NA;342;54;3;463;NA
"4110953";1491;93;4;656;38;1208;57;7;539;30
"4111001";812;84;29;330;1;536;71;10;314;NA
"4111100";803;116;15;458;NA;531;69;6;337;NA
"4111209";1684;67;NA;505;1;1538;69;4;620;1
"4111258";3534;205;9;2540;4;2562;106;11;1545;3
"4111308";328;89;11;405;NA;154;43;8;275;NA
"4111407";2176;135;2;746;1;1020;61;NA;450;1
"4111506";4145;358;36;2170;13;3698;309;29;1992;10
"4111555";740;110;7;759;NA;476;53;4;434;NA
"4111605";438;55;NA;191;NA;214;28;1;139;NA
"4111704";878;48;8;334;1;537;31;1;210;NA
"4111803";3993;696;26;2162;8;4241;814;30;2392;21
"4111902";1575;251;10;1315;4;1211;194;10;939;NA
"4112009";4503;343;20;2205;4;3653;266;18;1759;3
"4112108";2784;250;33;1223;2;2546;200;34;1105;3
"4112207";625;73;3;505;NA;530;68;5;507;1
"4112306";673;65;6;335;1;474;48;NA;231;NA
"4112405";1590;69;18;546;NA;835;41;2;371;NA
"4112504";1599;146;11;1021;5;1008;118;3;658;1
"4112603";88;21;1;131;NA;83;11;3;158;NA
"4112702";1258;136;31;755;1;1216;148;29;688;3
"4112751";1414;80;28;603;1;1039;78;15;530;NA
"4112801";1797;102;15;559;2;1362;96;10;425;3
"4112900";330;36;1;303;NA;306;49;1;225;NA
"4112959";917;100;5;617;NA;644;77;11;556;4
"4113007";859;66;14;600;1;512;35;5;404;1
"4113106";637;35;NA;242;NA;569;39;1;232;NA
"4113205";6187;378;9;2821;16;4670;290;9;2268;12
"4113254";579;63;NA;620;1;286;29;NA;310;NA
"4113304";4684;186;13;1996;26;3141;150;4;1648;16
"4113403";402;66;9;270;1;346;53;4;264;1
"4113429";590;72;3;352;NA;271;37;3;209;NA
"4113452";635;52;NA;450;1;437;32;1;271;1
"4113502";2496;347;64;2130;6;1629;267;23;1605;NA
"4113601";445;39;8;370;1;450;37;5;380;NA
"4113700";69096;7175;4019;28619;196;64331;6679;3705;25526;163
"4113734";567;88;4;575;2;525;68;3;620;NA
"4113759";685;61;4;381;1;442;46;2;276;NA
"4113809";551;81;7;382;NA;455;56;4;333;NA
"4113908";2922;58;NA;337;3;1364;23;NA;219;1
"4114005";1953;99;2;1123;5;1248;39;5;756;3
"4114104";3533;499;30;2600;4;2463;341;22;1817;5
"4114203";4639;603;63;2446;5;3486;431;47;1962;3
"4114302";3747;179;13;1539;4;2984;110;9;1147;4
"4114351";431;19;NA;257;1;185;9;1;129;2
"4114401";1963;132;5;1391;159;1227;51;5;867;117
"4114500";2020;79;5;774;206;1039;63;2;521;231
"4114609";9413;521;38;2429;13;6496;291;17;1832;9
"4114708";608;116;18;519;2;487;97;11;424;1
"4114807";5046;535;236;2613;10;3989;447;123;2261;7
"4114906";1338;131;35;503;NA;753;75;10;292;2
"4115002";558;124;4;688;NA;449;93;4;737;NA
"4115101";850;129;14;950;1;717;119;12;887;2
"4115200";57152;4522;3112;21314;87;46979;3622;2415;17293;54
"4115309";946;42;2;468;5;573;29;NA;355;1
"4115358";1212;30;2;214;3;673;23;1;163;2
"4115408";2470;164;NA;901;7;1669;81;3;615;2
"4115457";642;78;2;364;2;257;37;NA;209;1
"4115507";683;71;1;327;NA;445;50;2;223;1
"4115606";2475;154;14;1023;1;1858;119;5;865;NA
"4115705";4457;382;46;2277;26;4966;415;36;2397;21
"4115739";528;31;5;272;NA;238;27;NA;123;NA
"4115754";1048;75;38;601;1;968;54;10;509;1
"4115804";7711;419;29;2817;7;5983;276;26;2281;8
"4115853";1018;23;1;161;NA;727;26;NA;194;NA
"4115903";224;53;3;218;1;108;17;5;186;3
"4116000";238;33;2;158;NA;193;20;1;106;NA
"4116059";2060;39;NA;454;1;1255;34;2;301;NA
"4116109";1192;173;10;1140;2;887;134;2;956;1
"4116208";1857;182;28;1495;22;1630;141;18;1264;12
"4116307";514;60;9;323;NA;343;31;2;183;NA
"4116406";409;50;3;456;1;212;23;1;210;NA
"4116505";145;20;2;140;1;77;19;NA;75;1
"4116604";420;33;34;220;1;265;29;10;152;NA
"4116703";1594;129;21;776;3;1489;99;24;766;NA
"4116802";896;62;2;652;2;547;35;2;345;NA
"4116901";3404;333;141;2005;2;2381;227;85;1413;1
"4116950";1048;23;NA;453;1;354;7;NA;169;NA
"4117008";969;95;26;534;1;580;69;18;441;1
"4117057";1361;56;NA;667;297;836;29;1;446;323
"4117107";1290;256;41;1319;2;795;168;10;870;2
"4117206";447;62;1;417;NA;668;87;2;583;NA
"4117214";574;48;18;407;1;289;33;13;217;NA
"4117222";1715;60;3;273;3;869;23;NA;155;2
"4117255";1643;68;NA;656;NA;1509;50;3;588;NA
"4117271";989;50;2;653;1;498;35;NA;323;1
"4117297";549;44;1;206;2;231;24;NA;99;4
"4117305";3086;195;12;1629;116;2345;110;4;1135;118
"4117404";449;55;9;250;NA;237;39;2;155;NA
"4117453";838;131;8;611;NA;450;57;1;379;NA
"4117503";5127;846;48;4093;10;3210;532;30;2656;6
"4117602";4651;389;18;2854;122;4907;352;14;2883;133
"4117701";5281;250;8;1579;5;3618;202;7;1218;1
"4117800";1890;84;11;811;3;1282;47;5;615;3
"4117909";4117;441;37;1845;17;3949;330;26;1896;8
"4118006";1552;225;22;1348;NA;896;140;16;700;1
"4118105";797;169;18;991;2;596;133;8;776;4
"4118204";13893;1481;197;10515;52;12849;1062;151;8782;42
"4118303";135;36;3;207;NA;167;47;2;313;1
"4118402";9493;1488;352;7055;18;8444;1177;266;6019;12
"4118451";779;29;NA;177;NA;916;17;2;197;NA
"4118501";12666;622;58;5054;30;10935;359;33;4573;12
"4118600";907;20;1;253;NA;670;27;NA;179;NA
"4118709";1408;19;1;221;1;544;12;NA;98;NA
"4118808";1518;171;28;1009;7;1189;148;22;917;3
"4118857";682;107;5;660;1;579;79;3;523;3
"4118907";1526;131;14;911;2;1112;86;7;746;3
"4119004";1035;36;NA;315;NA;761;17;1;238;NA
"4119103";2155;89;NA;694;3;1321;34;4;406;2
"4119152";14232;1665;158;7080;28;14828;1426;113;6350;20
"4119202";1028;91;2;364;1;646;70;2;219;NA
"4119251";406;32;NA;218;NA;166;17;NA;117;NA
"4119301";2619;191;17;2248;10;2681;185;9;2461;8
"4119400";3247;187;28;1095;5;2654;151;16;921;2
"4119509";9692;1495;52;6704;73;11475;1490;45;6963;65
"4119608";4889;150;10;1974;4;3659;100;8;1504;14
"4119657";373;48;2;225;NA;246;42;NA;163;1
"4119707";367;60;2;380;1;278;59;4;321;1
"4119806";2564;83;NA;507;7;1770;43;2;340;10
"4119905";45839;3137;324;15911;74;44900;2780;232;14446;64
"4119954";3391;343;29;1954;29;3729;314;17;1907;25
"4120002";1124;207;15;1072;1;853;172;4;899;2
"4120101";506;47;2;273;NA;391;32;1;220;NA
"4120150";642;17;NA;221;NA;180;5;NA;68;NA
"4120200";270;34;5;286;1;244;36;4;249;1
"4120309";444;10;NA;147;2;467;4;NA;163;1
"4120333";319;68;6;294;NA;311;84;NA;288;NA
"4120358";834;31;NA;281;NA;727;20;NA;255;NA
"4120408";429;96;6;351;NA;333;61;2;279;NA
"4120507";1464;110;45;819;2;805;79;26;458;NA
"4120606";9383;239;9;2292;4;4291;108;5;1364;2
"4120655";335;57;6;397;1;312;59;3;377;NA
"4120705";1463;41;13;409;3;910;34;5;271;NA
"4120804";2956;224;20;1535;6;2353;190;15;1153;12
"4120853";949;14;NA;99;NA;569;10;1;53;1
"4120903";3604;160;4;2054;8;3161;120;2;2036;6
"4121000";980;226;3;1007;NA;702;154;5;856;1
"4121109";488;123;14;445;NA;321;78;9;362;2
"4121208";3078;134;11;1164;4;1669;78;1;628;3
"4121257";427;59;1;354;1;312;42;NA;265;1
"4121307";392;58;20;223;NA;428;51;5;234;1
"4121356";249;58;7;310;1;132;37;4;171;NA
"4121406";2882;175;2;1058;10;2317;110;7;863;5
"4121505";2116;71;3;885;5;1498;50;3;682;NA
"4121604";1029;48;NA;447;NA;654;29;1;293;NA
"4121703";2624;147;12;1885;2;2421;102;12;1784;1
"4121752";456;76;10;387;3;600;68;9;636;5
"4121802";2107;116;3;459;1;1431;108;3;355;NA
"4121901";1477;162;24;854;5;1448;177;11;742;3
"4122008";2625;81;1;567;3;1320;33;4;300;NA
"4122107";384;29;8;218;1;375;24;3;201;NA
"4122156";1657;47;NA;1610;NA;863;21;NA;633;NA
"4122172";426;31;1;367;3;312;20;2;212;2
"4122206";4961;324;3;2557;1;3523;199;2;1749;NA
"4122305";4644;149;7;1542;4;3510;94;4;1041;3
"4122404";8049;1111;214;4905;10;6351;853;127;4155;11
"4122503";1504;75;9;949;NA;1026;63;1;706;1
"4122602";1060;110;8;825;1;706;70;8;583;3
"4122651";793;74;2;444;NA;494;43;2;228;NA
"4122701";1208;92;7;556;1;795;55;2;452;2
"4122800";774;37;NA;279;1;320;14;NA;130;NA
"4122909";773;53;1;306;NA;608;36;NA;221;1
"4123006";2247;51;4;685;NA;1920;50;2;676;NA
"4123105";283;39;8;104;36;484;68;10;224;37
"4123204";280;37;26;218;NA;381;43;15;300;1
"4123303";819;134;11;865;4;573;111;9;700;NA
"4123402";1540;148;22;870;1;966;94;12;605;NA
"4123501";4114;145;13;1203;40;2860;95;2;1000;59
"4123600";160;31;1;175;NA;127;23;NA;160;NA
"4123709";1084;105;14;842;1;739;86;10;587;1
"4123808";2021;58;4;891;NA;1401;62;2;739;1
"4123824";639;23;NA;138;NA;437;27;NA;125;NA
"4123857";1565;53;NA;903;NA;655;36;2;392;NA
"4123907";1035;140;26;673;4;1199;211;27;899;6
"4123956";266;44;6;336;NA;186;36;2;376;NA
"4124004";840;36;11;253;1;688;21;5;243;1
"4124020";1339;119;5;892;3;1366;74;1;864;4
"4124053";2475;268;4;1163;1;3000;237;7;1465;1
"4124103";5990;540;47;2221;4;4929;455;35;1853;6
"4124202";262;67;NA;279;NA;136;44;NA;192;NA
"4124301";302;23;14;174;NA;169;16;3;117;1
"4124400";3175;124;6;1435;1;2393;93;NA;1171;4
"4124509";784;84;8;674;NA;355;33;NA;345;NA
"4124608";797;125;3;559;2;432;52;3;396;1
"4124707";1373;110;27;771;160;787;73;9;494;146
"4124806";1824;48;4;639;1;1382;42;NA;610;1
"4124905";509;92;3;734;1;324;47;2;473;NA
"4125001";1145;137;13;746;1;1168;150;11;841;1
"4125100";2423;87;4;816;1;1045;59;2;474;1
"4125209";1566;60;NA;473;3;943;43;3;468;2
"4125308";779;66;19;274;1;459;76;13;237;1
"4125357";974;59;5;691;NA;438;37;2;309;2
"4125407";1148;57;6;329;NA;598;21;5;194;NA
"4125456";333;63;NA;343;NA;318;66;NA;391;NA
"4125506";39898;3793;306;19573;73;35034;2537;224;15685;54
"4125555";231;33;NA;227;NA;170;21;1;125;NA
"4125605";7607;246;11;1972;3;4425;120;7;1124;2
"4125704";3963;293;18;1503;117;3041;200;11;1433;113
"4125753";702;73;5;541;NA;475;69;2;354;NA
"4125803";1371;227;23;603;3;615;125;12;374;2
"4125902";250;32;1;236;NA;195;28;2;242;NA
"4126009";903;88;96;588;2;648;91;44;522;4
"4126108";656;88;NA;377;NA;497;54;1;278;NA
"4126207";863;68;5;406;2;737;52;6;259;4
"4126256";12003;2093;160;10240;21;9008;1484;98;7742;16
"4126272";742;32;3;402;NA;513;30;2;393;2
"4126306";2533;131;7;1265;8;1354;78;8;711;7
"4126355";887;13;1;157;NA;659;15;NA;109;NA
"4126405";728;88;53;425;1;526;55;26;288;1
"4126504";2172;163;18;993;3;1502;120;8;859;1
"4126603";3518;153;17;1149;5;2790;109;14;865;4
"4126652";790;15;NA;237;NA;223;5;NA;70;NA
"4126678";1371;77;44;649;294;756;44;14;356;109
"4126702";697;86;6;435;NA;343;34;2;262;NA
"4126801";1869;227;13;1739;2;934;100;11;923;NA
"4126900";633;89;13;483;NA;534;59;3;443;NA
"4127007";1389;75;4;610;3;842;25;1;378;NA
"4127106";9758;692;41;4743;10;7376;421;26;3357;7
"4127205";1686;206;34;1188;1;1832;220;21;1329;1
"4127304";1455;208;34;1433;1;1049;190;23;1130;4
"4127403";2505;263;56;1307;69;1439;136;24;847;118
"4127502";2554;197;8;1251;1;1952;162;7;897;2
"4127601";2530;146;5;1158;5;1794;92;8;664;5
"4127700";19607;1735;184;9650;34;15529;1145;131;8367;18
"4127809";1466;58;15;501;33;753;46;2;314;9
"4127858";1797;86;1;661;2;1043;55;NA;457;NA
"4127882";447;45;2;402;8;604;32;3;555;7
"4127908";792;129;3;791;NA;596;69;9;682;4
"4127957";1341;72;9;492;2;742;44;3;339;2
"4127965";1879;79;6;946;55;1299;49;2;630;74
"4128005";2964;289;99;1813;9;2235;219;69;1527;5
"4128104";13245;1454;397;8801;16;11489;1132;303;7432;10
"4128203";7284;281;13;2685;11;6947;216;22;2514;19
"4128302";208;15;1;180;NA;223;7;NA;172;NA
"4128401";1303;153;154;700;5;948;148;103;528;1
"4128500";2793;114;48;892;6;2225;124;29;868;2
"4128534";1049;81;9;754;1;899;60;7;591;NA
"4128559";930;78;16;638;1;782;86;10;599;1
"4128609";1282;44;1;460;1;771;26;1;342;NA
"4128625";182;37;1;299;NA;221;36;2;374;NA
"4128633";1033;57;3;385;NA;402;25;NA;163;NA
"4128658";717;41;1;200;NA;296;23;NA;127;NA
"4128708";1347;56;2;645;5;927;26;5;463;9
"4128807";721;72;4;570;1;398;64;1;370;1
"4200051";455;23;NA;177;NA;212;10;NA;93;NA
"4200101";2193;189;4;1255;40;1345;102;1;869;72
"4200200";1776;25;NA;327;2;1495;21;3;267;NA
"4200309";1118;22;1;140;NA;829;10;NA;112;NA
"4200408";1108;50;1;476;NA;535;28;1;232;NA
"4200507";909;74;NA;325;1;676;30;1;258;1
"4200556";627;6;NA;153;2;170;10;NA;58;NA
"4200606";1325;26;2;116;1;862;26;NA;100;2
"4200705";2039;76;2;288;4;1292;40;1;161;1
"4200754";409;5;NA;43;NA;235;2;NA;31;NA
"4200804";909;37;1;270;NA;825;31;1;205;NA
"4200903";1342;6;1;35;NA;586;7;1;17;NA
"4201000";1040;51;12;624;9;907;29;7;444;4
"4201109";798;18;NA;68;4;394;4;1;48;NA
"4201208";2207;45;1;197;1;1119;47;NA;160;NA
"4201257";1695;56;6;281;2;1291;28;1;172;3
"4201273";876;11;NA;38;NA;626;12;NA;42;NA
"4201307";5003;603;4;2200;63;4650;488;16;1971;38
"4201406";12864;463;15;1946;28;9811;336;12;1284;16
"4201505";1895;42;NA;246;NA;921;15;NA;132;1
"4201604";936;22;1;86;NA;303;5;NA;38;NA
"4201653";557;27;1;79;5;154;6;NA;41;2
"4201703";1517;89;3;224;1;983;46;2;152;3
"4201802";728;3;NA;104;NA;320;3;1;44;1
"4201901";1220;26;2;83;2;1013;24;NA;62;2
"4201950";2637;129;3;557;8;2192;95;5;401;2
"4202008";22381;1265;150;4632;46;23900;1000;129;4338;42
"4202057";2558;120;10;713;19;1885;53;6;429;6
"4202073";2771;104;4;476;5;2147;101;NA;365;1
"4202081";685;26;NA;127;NA;221;17;1;65;NA
"4202099";393;8;NA;79;NA;105;6;NA;22;NA
"4202107";5879;290;11;1936;9;5882;292;14;1860;8
"4202131";1155;27;2;379;NA;397;10;NA;118;NA
"4202156";447;24;NA;72;NA;329;14;4;64;NA
"4202206";1970;35;1;250;3;1307;17;3;128;1
"4202305";10709;1010;9;2663;81;10110;1060;19;2582;63
"4202404";58340;3133;184;12513;98;50958;2320;117;9583;66
"4202438";624;26;1;262;NA;284;13;NA;114;NA
"4202453";3671;233;21;1160;25;2864;186;19;879;14
"4202503";601;67;NA;308;1;328;30;NA;194;NA
"4202537";292;20;NA;175;3;284;10;1;180;10
"4202578";555;2;NA;28;NA;196;NA;NA;25;NA
"4202602";1330;82;1;368;NA;930;43;NA;286;NA
"4202701";1037;19;NA;138;1;659;21;NA;101;NA
"4202800";5220;308;5;1051;2;4193;221;3;860;NA
"4202859";643;16;NA;122;NA;623;7;NA;83;NA
"4202875";396;19;NA;180;2;225;9;NA;105;NA
"4202909";21309;1433;44;5984;46;16163;948;44;4270;39
"4203006";8813;497;28;4590;2;8225;314;33;3827;5
"4203105";1104;33;1;251;NA;724;13;NA;190;NA
"4203154";289;22;NA;304;4;248;19;1;237;4
"4203204";13675;859;29;4307;35;13040;794;31;3677;39
"4203253";370;31;NA;215;NA;264;13;1;108;NA
"4203303";1914;38;5;436;5;1606;30;NA;372;NA
"4203402";1004;82;3;631;1;571;29;1;353;1
"4203501";1359;68;3;562;NA;958;55;NA;486;NA
"4203600";5358;341;7;1826;1;4448;213;5;1389;8
"4203709";1562;68;2;392;1;1929;75;2;458;1
"4203808";8674;272;31;2321;6;6711;148;26;1548;2
"4203907";3203;216;4;1170;1;3159;91;4;1099;3
"4203956";3426;439;5;584;6;3138;482;1;508;3
"4204004";1449;97;1;718;1;1050;47;1;458;NA
"4204103";822;17;2;348;2;312;9;NA;164;NA
"4204152";593;27;NA;143;NA;207;11;NA;50;NA
"4204178";343;17;NA;430;NA;247;13;3;144;NA
"4204194";588;8;NA;95;NA;324;8;NA;55;1
"4204202";33565;2626;71;12067;401;32117;1427;61;10362;229
"4204251";3522;113;2;393;2;1932;48;1;215;2
"4204301";13936;785;8;2843;9;10219;405;11;2206;3
"4204350";846;52;1;207;2;429;15;NA;112;NA
"4204400";1833;79;1;370;NA;1069;52;3;313;1
"4204459";433;13;NA;114;NA;144;4;NA;54;1
"4204509";2683;66;2;442;2;1882;44;NA;306;2
"4204558";1655;139;5;846;1;1954;100;10;927;3
"4204608";34947;2713;42;5070;48;30258;2585;33;4053;50
"4204707";1952;36;NA;144;NA;1828;48;1;180;2
"4204756";388;3;NA;17;NA;285;2;NA;9;NA
"4204806";5184;271;36;2535;3;4185;194;33;1872;5
"4204905";1756;34;NA;205;2;980;13;1;145;1
"4205001";2153;87;5;975;NA;1567;60;1;789;2
"4205100";938;18;NA;111;NA;321;13;NA;61;NA
"4205159";627;8;1;73;10;546;9;2;68;19
"4205175";406;9;NA;131;221;164;8;1;71;162
"4205191";341;6;NA;72;NA;335;8;NA;55;NA
"4205209";997;28;NA;185;1;514;15;NA;140;1
"4205308";1699;76;NA;767;2;1029;24;1;434;3
"4205357";320;30;NA;96;NA;155;17;NA;45;NA
"4205407";84909;6830;639;17639;277;85365;7437;481;15973;270
"4205431";465;25;NA;108;NA;249;11;NA;94;NA
"4205456";4424;282;11;1238;5;3625;240;6;1030;3
"4205506";4395;251;7;2350;18;3216;156;5;1510;12
"4205555";441;20;12;187;NA;129;4;6;67;NA
"4205605";552;23;1;215;1;233;13;NA;117;1
"4205704";5004;253;6;745;5;4367;246;12;613;13
"4205803";2503;189;5;964;10;1760;100;12;660;12
"4205902";10930;655;21;2875;21;8680;546;25;2095;10
"4206009";3224;89;5;433;5;2066;55;6;273;2
"4206108";1394;23;NA;131;1;533;18;1;77;NA
"4206207";2452;156;1;182;2;1583;122;4;123;2
"4206306";4436;212;6;1053;10;2091;100;2;456;1
"4206405";2210;57;NA;245;NA;1272;22;NA;181;NA
"4206504";6952;431;11;2381;8;4672;270;10;1572;6
"4206603";947;16;1;150;NA;711;18;NA;104;NA
"4206652";1167;91;2;561;1;701;44;1;344;1
"4206702";3022;205;5;982;3;2891;163;5;998;3
"4206751";462;3;NA;28;NA;201;2;NA;21;NA
"4206801";690;15;NA;109;NA;350;7;1;78;1
"4206900";3642;74;2;489;6;2739;29;3;273;7
"4207007";11582;533;2;1343;4;6589;340;5;693;8
"4207106";2522;164;7;824;12;1777;72;6;472;8
"4207205";2541;52;2;290;25;1472;35;2;143;26
"4207304";9635;433;20;1402;29;7084;383;14;946;12
"4207403";1380;23;1;148;NA;538;14;NA;83;NA
"4207502";11629;530;8;2796;17;8689;275;13;1854;10
"4207577";780;5;NA;43;1;215;2;NA;19;1
"4207601";995;17;NA;148;NA;580;11;NA;83;1
"4207650";2119;14;NA;135;NA;1031;11;NA;95;NA
"4207684";649;20;NA;181;496;299;7;NA;116;760
"4207700";1701;38;NA;256;NA;661;23;NA;133;NA
"4207759";839;6;NA;91;1;424;7;2;97;NA
"4207809";1712;90;NA;617;4;837;43;4;349;NA
"4207858";379;15;NA;84;NA;243;15;NA;51;NA
"4207908";1716;85;NA;447;1;1021;50;NA;284;3
"4208005";1522;41;1;258;2;682;28;1;159;NA
"4208104";4152;98;3;993;13;1891;31;3;531;5
"4208203";33911;3738;182;11740;64;32148;2839;113;9280;58
"4208302";10569;766;38;2835;33;10087;570;26;2492;18
"4208401";3356;99;1;478;3;1741;38;1;293;1
"4208450";4550;311;22;1865;12;3313;180;15;1224;6
"4208500";5120;207;10;647;7;2990;133;1;396;7
"4208609";867;23;NA;185;NA;342;18;NA;110;NA
"4208708";1844;19;NA;355;3;1382;25;3;318;4
"4208807";3504;180;8;319;5;3024;212;2;309;5
"4208906";27506;1507;89;7112;27;23558;1053;54;5462;19
"4208955";387;27;NA;98;1;111;9;NA;43;NA
"4209003";4836;217;11;1220;5;4305;155;4;1019;2
"4209102";94560;6059;412;24390;128;74314;4136;263;17664;97
"4209151";915;27;NA;87;178;498;21;1;53;99
"4209177";556;27;NA;192;NA;127;6;1;41;NA
"4209201";474;9;NA;65;NA;237;3;NA;42;NA
"4209300";21208;1646;53;7876;31;20151;1420;54;7494;21
"4209409";7398;337;11;861;9;6636;383;8;750;7
"4209458";309;1;NA;89;NA;130;1;NA;55;NA
"4209508";1697;29;NA;159;NA;978;15;1;58;1
"4209607";2186;78;2;338;NA;2247;67;NA;361;2
"4209706";1106;69;4;745;NA;1132;69;6;745;NA
"4209805";798;3;NA;59;NA;326;4;NA;30;NA
"4209854";966;26;NA;202;1;358;8;NA;75;2
"4209904";2628;50;1;256;2;1582;25;NA;126;1
"4210001";2071;49;2;382;NA;1256;26;3;196;NA
"4210035";1147;13;NA;107;1;887;13;NA;118;1
"4210050";378;9;NA;99;NA;114;2;NA;46;NA
"4210100";9414;240;16;2088;16;6855;116;14;1307;15
"4210209";708;13;NA;59;15;340;7;NA;48;15
"4210308";1410;46;2;365;1;674;20;NA;172;NA
"4210407";1500;41;1;196;2;902;18;NA;83;5
"4210506";4348;164;1;895;1;4283;114;5;812;1
"4210555";411;14;NA;38;1;221;11;NA;39;7
"4210605";3474;69;3;473;3;1821;51;3;304;4
"4210704";355;18;NA;209;NA;237;13;NA;133;NA
"4210803";1530;19;1;127;NA;847;7;NA;60;NA
"4210852";444;13;NA;129;NA;255;4;NA;58;NA
"4210902";849;10;1;145;NA;447;7;NA;72;NA
"4211009";2251;43;1;283;1;1007;22;NA;179;2
"4211058";928;93;2;742;NA;836;60;5;501;1
"4211108";1041;43;5;471;NA;791;25;4;297;NA
"4211207";2612;149;NA;348;3;2800;166;2;322;NA
"4211256";580;7;NA;40;NA;421;3;NA;37;NA
"4211306";9658;877;22;4081;30;10146;750;33;3832;21
"4211405";888;56;NA;207;NA;511;27;NA;185;NA
"4211454";877;50;NA;237;4;352;20;NA;144;NA
"4211504";2721;53;4;335;9;1656;40;NA;211;6
"4211603";2642;85;2;344;1;1589;69;1;143;NA
"4211652";513;14;NA;139;NA;174;10;NA;59;NA
"4211702";4453;187;1;522;1;2894;90;2;406;NA
"4211751";2616;136;NA;1137;3;1692;68;NA;660;3
"4211801";1273;55;NA;225;NA;887;28;NA;189;NA
"4211850";357;13;NA;231;NA;101;7;1;78;NA
"4211876";330;4;NA;107;NA;206;6;NA;38;1
"4211892";318;22;NA;139;NA;210;31;NA;121;NA
"4211900";30139;3041;99;8855;106;29019;2767;81;7511;132
"4212007";1075;51;3;363;NA;885;50;2;355;1
"4212056";452;25;NA;221;1;174;8;2;78;NA
"4212106";3309;65;2;493;1;1838;35;2;305;NA
"4212205";3065;83;12;1010;2;1968;48;10;702;1
"4212239";976;27;NA;172;NA;323;8;NA;71;NA
"4212254";1919;83;1;348;2;1972;88;1;331;4
"4212270";468;52;NA;274;2;287;25;NA;228;2
"4212304";1628;61;2;190;1;1239;74;NA;103;2
"4212403";1133;13;NA;41;NA;388;5;NA;9;NA
"4212502";4692;248;10;1055;14;4817;185;8;943;13
"4212601";739;9;NA;67;NA;340;5;NA;40;NA
"4212650";2070;132;NA;179;2;1204;106;NA;130;1
"4212700";1151;25;NA;109;NA;1028;17;2;112;NA
"4212809";3879;237;12;1040;13;3500;171;12;963;12
"4212908";3413;171;4;824;4;2915;103;4;722;2
"4213005";594;24;NA;153;1;285;9;NA;108;1
"4213104";1134;23;5;266;1;675;14;3;162;1
"4213153";476;24;NA;192;NA;247;4;NA;116;NA
"4213203";5520;193;11;1037;2;4238;130;7;806;7
"4213302";564;34;7;313;NA;425;27;3;226;NA
"4213351";363;15;NA;279;NA;249;5;1;153;NA
"4213401";1321;103;5;730;4;956;53;NA;608;1
"4213500";4074;258;11;1021;8;3565;200;5;742;2
"4213609";4963;185;10;1383;10;4070;140;5;1106;7
"4213708";2650;80;NA;681;10;2124;43;7;473;5
"4213807";1438;48;NA;246;4;1293;40;NA;164;4
"4213906";386;9;NA;32;NA;158;2;NA;19;NA
"4214003";3101;135;1;587;14;2558;111;2;493;9
"4214102";539;4;NA;48;1;269;4;NA;26;NA
"4214151";658;11;NA;131;2;226;3;NA;63;NA
"4214201";1967;118;2;451;NA;949;59;NA;304;NA
"4214300";665;15;NA;51;2;471;11;1;33;NA
"4214409";1014;32;2;353;NA;583;22;4;228;1
"4214508";1339;33;1;237;9;603;17;NA;104;5
"4214607";1668;16;3;80;NA;923;13;NA;36;NA
"4214706";2016;56;NA;304;1;1254;25;1;194;NA
"4214805";12655;439;27;2062;34;10106;355;24;1704;14
"4214904";1110;7;NA;35;NA;446;9;NA;26;NA
"4215000";5343;178;20;1756;6;4932;120;7;1376;14
"4215059";409;42;NA;147;NA;178;25;NA;71;NA
"4215075";781;36;NA;234;1;606;24;NA;157;NA
"4215109";2798;49;1;421;NA;1211;25;1;189;2
"4215208";1039;51;1;242;1;406;26;1;100;NA
"4215307";1450;9;NA;221;NA;932;5;NA;133;NA
"4215356";544;46;NA;254;NA;338;20;1;157;NA
"4215406";663;49;2;203;1;575;29;1;140;NA
"4215455";2165;149;NA;319;NA;1358;94;NA;168;NA
"4215505";1893;73;NA;1030;NA;1632;44;5;712;NA
"4215554";314;8;NA;39;NA;450;7;1;63;NA
"4215604";491;2;NA;15;1;215;2;NA;11;NA
"4215653";1849;53;NA;238;2;1321;44;NA;172;NA
"4215679";1984;10;NA;316;1;538;8;NA;86;1
"4215687";525;40;1;140;NA;179;17;NA;53;NA
"4215695";336;29;2;58;NA;115;16;NA;23;NA
"4215703";4890;225;9;491;4;3944;245;3;371;9
"4215752";501;29;1;175;1;172;14;NA;86;1
"4215802";12422;387;17;3082;6;11514;256;11;2348;15
"4215901";704;8;NA;24;NA;373;6;NA;12;NA
"4216008";2037;42;1;258;1;1330;36;NA;170;1
"4216057";471;29;NA;281;NA;426;11;2;255;NA
"4216107";1217;80;1;482;6;1104;60;NA;501;9
"4216206";7864;499;26;2503;34;6201;431;16;1767;37
"4216255";1681;9;NA;42;NA;584;2;NA;31;1
"4216305";5292;277;5;912;13;4225;188;7;705;5
"4216354";795;10;NA;132;1;443;10;NA;98;1
"4216404";1842;44;2;149;2;1159;36;2;91;1
"4216503";4147;466;47;2171;2;1720;185;13;832;2
"4216602";38471;3843;129;9814;69;40537;3808;122;8794;77
"4216701";2878;56;NA;422;NA;1650;49;1;281;1
"4216800";1745;62;NA;540;3;700;31;1;245;1
"4216909";3906;170;6;1159;1;2751;112;7;877;4
"4217006";2224;147;2;444;5;1419;98;2;319;1
"4217105";810;8;NA;45;NA;294;1;NA;10;NA
"4217154";324;6;NA;71;NA;201;6;NA;54;NA
"4217204";7851;309;8;1266;4;6534;205;4;1122;8
"4217253";956;14;1;82;2;628;18;NA;41;NA
"4217303";2146;71;1;220;1;1012;33;1;114;1
"4217402";3204;142;3;787;6;2146;83;3;461;1
"4217501";3470;178;1;745;21;1715;79;NA;448;13
"4217550";634;17;NA;118;NA;404;4;NA;53;NA
"4217600";2640;207;NA;459;1;1301;148;NA;207;NA
"4217709";4532;123;1;625;2;4975;166;5;619;7
"4217758";537;22;NA;121;NA;242;7;NA;70;NA
"4217808";3610;103;2;476;4;2265;47;2;327;3
"4217907";1256;16;NA;238;NA;1195;22;NA;323;NA
"4217956";610;6;NA;104;NA;116;2;NA;26;NA
"4218004";6807;634;8;1794;28;6842;521;10;1568;30
"4218103";1156;43;1;135;NA;572;16;NA;77;NA
"4218202";7741;240;12;1362;5;6151;146;13;1060;6
"4218251";734;58;1;657;3;551;19;NA;501;1
"4218301";2856;163;6;1040;5;1804;102;3;591;5
"4218350";801;25;NA;97;NA;386;24;NA;38;NA
"4218400";1756;36;NA;111;3;633;14;NA;34;NA
"4218509";1373;40;1;326;2;1182;23;3;302;1
"4218608";1191;30;NA;216;1;1078;27;NA;180;1
"4218707";18895;956;21;1766;12;17885;998;17;1581;5
"4218756";1115;13;3;46;NA;534;11;1;48;NA
"4218806";2575;67;1;324;NA;1612;42;NA;205;NA
"4218855";597;34;NA;170;NA;165;8;NA;52;NA
"4218905";1857;115;3;550;3;1008;78;NA;341;2
"4218954";398;64;2;163;NA;192;24;1;117;1
"4219002";3605;139;2;364;2;3271;105;1;281;1
"4219101";639;30;NA;219;NA;283;16;NA;105;NA
"4219150";443;10;NA;253;NA;202;8;NA;93;NA
"4219176";701;49;5;328;1;300;19;4;203;1
"4219200";1614;31;NA;81;NA;569;6;NA;34;NA
"4219309";8152;424;9;2585;8;7078;245;3;2041;2
"4219358";1150;6;1;89;82;505;6;NA;48;37
"4219408";900;10;NA;106;NA;446;1;NA;69;NA
"4219507";6843;375;6;2591;29;6929;223;12;2290;24
"4219606";938;12;NA;87;1;181;4;NA;31;NA
"4219705";4666;421;3;1647;7;3412;187;5;1297;7
"4219853";535;54;NA;206;NA;474;34;1;160;NA
"4220000";2485;166;NA;340;3;2348;163;2;309;2
"4300034";825;83;NA;91;4;431;66;2;74;2
"4300059";654;11;NA;91;77;475;5;1;43;25
"4300109";3545;131;2;434;1;1720;69;1;230;NA
"4300208";1086;23;2;152;NA;1128;29;NA;173;NA
"4300307";1505;24;2;269;NA;627;12;NA;114;NA
"4300406";9680;1200;4;3133;23;9409;1601;6;3181;18
"4300455";685;14;NA;152;NA;495;12;NA;95;NA
"4300471";499;16;NA;50;NA;205;8;NA;21;NA
"4300505";1640;56;1;282;1;682;22;2;162;NA
"4300554";441;18;NA;63;NA;159;4;NA;12;NA
"4300570";809;16;NA;29;NA;347;8;1;20;NA
"4300604";20127;4277;22;5708;53;25823;6344;30;6428;55
"4300638";1019;108;NA;92;NA;629;98;2;69;NA
"4300646";1257;51;1;490;2;786;35;1;277;4
"4300661";186;16;2;44;1;126;15;NA;45;2
"4300703";1418;11;NA;76;1;681;14;NA;35;NA
"4300802";2834;109;1;233;1;1520;79;NA;231;2
"4300851";854;74;2;79;2;585;77;NA;57;NA
"4300877";1359;35;1;332;1;1222;26;NA;240;NA
"4300901";1567;37;1;112;NA;751;31;NA;76;NA
"4301008";4520;167;2;413;1;2900;94;1;308;1
"4301057";1902;76;NA;305;2;1829;80;NA;274;NA
"4301073";568;14;NA;24;NA;192;13;NA;13;1
"4301107";2293;181;NA;311;2;2202;200;1;323;2
"4301206";2561;62;2;343;NA;1212;52;1;222;NA
"4301305";3126;223;1;336;2;2942;296;2;335;8
"4301404";2608;53;NA;243;NA;928;28;NA;71;NA
"4301503";1657;53;1;204;1;744;31;NA;143;NA
"4301552";822;12;NA;35;NA;415;7;NA;27;NA
"4301602";15115;2157;21;3624;23;17076;3134;20;4133;24
"4301636";2116;225;NA;469;5;2486;279;2;499;24
"4301651";1472;27;1;110;NA;749;13;1;55;NA
"4301701";1660;33;NA;143;11;742;11;NA;67;13
"4301750";1486;51;NA;247;1;523;21;NA;85;NA
"4301800";792;34;NA;278;NA;604;32;1;189;1
"4301859";446;23;NA;133;1;456;13;NA;110;NA
"4301875";439;63;NA;171;NA;512;56;NA;221;1
"4301909";2036;184;NA;285;39;1777;188;NA;258;29
"4301925";479;3;NA;13;NA;113;5;NA;7;NA
"4301958";387;17;NA;45;1;378;13;NA;55;NA
"4302006";1644;75;1;668;3;978;37;NA;290;1
"4302055";272;21;NA;32;175;109;2;NA;15;99
"4302105";22028;1391;12;3774;31;17626;806;17;3126;9
"4302154";310;2;NA;176;NA;177;3;NA;97;NA
"4302204";1715;22;2;130;NA;764;16;1;87;NA
"4302220";601;24;NA;57;NA;160;4;NA;9;NA
"4302238";516;3;NA;72;NA;222;3;NA;23;1
"4302253";686;11;NA;39;1;286;6;1;23;NA
"4302303";1356;101;4;597;2;1394;95;3;649;NA
"4302352";2609;60;NA;204;1;1929;50;1;142;2
"4302378";381;12;NA;99;NA;258;12;NA;59;NA
"4302402";2260;130;NA;206;2;1943;140;1;180;3
"4302451";1185;40;NA;341;1;657;28;1;195;1
"4302501";963;62;3;350;NA;632;45;NA;305;NA
"4302584";553;6;NA;75;1;140;1;1;31;NA
"4302600";436;30;NA;218;1;356;14;1;184;1
"4302659";1287;31;NA;61;1;585;22;NA;31;2
"4302709";2661;286;7;518;2;2950;376;12;537;4
"4302808";5722;768;2;497;13;5135;796;2;501;9
"4302907";1571;170;2;407;1;1589;142;NA;392;NA
"4303004";13321;1143;17;1622;26;12732;1426;13;1489;20
"4303103";19801;2130;28;3514;46;21269;2329;23;3363;21
"4303202";651;13;NA;129;126;477;14;NA;113;138
"4303301";963;26;NA;300;1;464;7;1;142;NA
"4303400";1035;20;NA;258;2;456;7;NA;80;NA
"4303509";11283;751;5;1132;31;8820;827;3;1002;25
"4303558";615;11;NA;93;NA;336;8;NA;65;NA
"4303608";1072;83;NA;232;NA;842;42;1;150;NA
"4303673";764;23;NA;142;NA;296;7;NA;52;NA
"4303707";1441;10;NA;57;NA;732;10;NA;51;NA
"4303806";936;34;NA;115;NA;814;17;1;146;1
"4303905";9349;425;8;1351;8;11137;411;9;1361;4
"4304002";676;24;NA;297;NA;605;12;1;307;NA
"4304101";738;9;2;138;1;493;2;NA;77;NA
"4304200";5733;292;2;677;1;3891;297;2;503;1
"4304309";1705;18;NA;64;1;622;4;NA;25;NA
"4304358";1569;232;1;513;8;1187;163;1;422;8
"4304408";6633;550;4;1857;26;7158;466;9;1603;20
"4304507";11549;584;2;532;5;5718;585;1;350;7
"4304606";49699;4751;83;8730;96;54892;5856;66;8590;86
"4304614";483;6;NA;8;NA;142;4;NA;5;NA
"4304622";252;9;NA;125;NA;217;7;NA;81;NA
"4304630";9306;660;9;1368;14;10360;841;8;1313;13
"4304655";644;28;NA;141;NA;268;18;NA;68;NA
"4304663";3915;412;6;652;11;3961;527;3;654;6
"4304671";599;96;NA;108;4;503;92;NA;90;4
"4304689";1931;90;3;239;7;1707;70;1;175;16
"4304697";653;14;NA;38;NA;313;10;1;25;NA
"4304705";9515;548;8;1867;22;9706;578;6;1966;23
"4304713";2020;21;NA;67;6;840;18;1;41;3
"4304804";6352;178;1;642;6;3969;114;2;385;3
"4304853";319;2;NA;7;3;171;3;NA;8;NA
"4304903";2028;60;NA;233;NA;1126;23;NA;151;NA
"4304952";581;15;1;155;1;276;9;NA;72;NA
"4305009";1610;50;NA;302;NA;1088;39;NA;284;NA
"4305108";73769;5288;74;17699;131;68173;4352;74;15244;103
"4305116";819;9;NA;11;1;184;3;NA;5;NA
"4305124";1269;85;NA;102;NA;807;95;NA;86;1
"4305132";835;38;2;114;2;509;29;NA;54;1
"4305157";443;29;NA;201;1;167;8;NA;66;NA
"4305173";1869;125;NA;342;1;1000;83;1;172;1
"4305207";2444;46;NA;484;2;1828;49;2;495;1
"4305306";1992;38;2;173;NA;1394;20;NA;195;NA
"4305355";5106;323;6;832;21;4643;333;6;738;21
"4305371";404;1;NA;14;114;206;3;NA;9;208
"4305405";805;20;NA;170;NA;399;7;NA;123;NA
"4305439";855;54;NA;188;3;1039;53;1;192;3
"4305447";1180;43;NA;62;NA;340;22;NA;22;NA
"4305454";2508;250;NA;548;4;2720;308;3;505;4
"4305504";847;45;NA;206;NA;455;24;1;103;NA
"4305587";479;8;NA;25;1;409;5;NA;21;NA
"4305603";735;68;NA;87;NA;320;26;NA;45;1
"4305702";1053;45;NA;225;NA;793;53;NA;225;NA
"4305801";1719;56;NA;296;62;1271;36;1;308;42
"4305835";302;9;NA;11;NA;164;9;NA;7;NA
"4305850";513;21;NA;57;NA;265;4;NA;37;NA
"4305871";655;18;NA;108;3;248;7;1;51;1
"4305900";801;54;2;384;2;723;30;NA;332;4
"4305934";443;7;NA;27;NA;83;1;NA;4;NA
"4305959";827;6;NA;43;NA;504;4;NA;49;NA
"4305975";450;29;1;133;NA;285;10;1;107;2
"4306007";2762;70;2;303;3;1809;55;3;265;1
"4306056";1450;136;NA;148;7;801;114;NA;109;3
"4306072";459;21;1;128;NA;325;8;NA;117;NA
"4306106";8437;499;11;1734;12;9586;646;2;1843;5
"4306130";453;10;NA;36;NA;83;5;NA;29;NA
"4306205";2338;95;NA;284;6;1584;86;NA;191;5
"4306304";998;32;1;110;1;454;16;NA;46;NA
"4306320";662;15;1;124;NA;219;2;NA;51;NA
"4306353";529;7;NA;115;NA;335;2;1;28;NA
"4306379";515;26;NA;104;NA;370;16;NA;116;NA
"4306403";5450;109;7;566;3;5228;91;2;464;5
"4306429";234;15;NA;154;NA;227;26;1;141;NA
"4306452";778;7;NA;45;NA;306;5;NA;20;NA
"4306502";3020;294;NA;350;NA;1118;156;NA;153;NA
"4306551";673;12;NA;25;2;322;9;NA;10;NA
"4306601";5576;670;2;929;7;5493;798;6;841;2
"4306700";404;48;NA;63;1;539;62;NA;107;1
"4306734";912;34;NA;135;NA;608;26;NA;114;NA
"4306759";401;13;NA;29;NA;230;10;NA;27;NA
"4306767";5098;551;4;1214;13;5588;669;4;1320;14
"4306809";4151;276;4;551;2;3407;220;1;425;3
"4306908";3903;458;1;710;4;3355;489;2;688;1
"4306924";209;12;NA;17;40;101;2;NA;10;51
"4306932";1421;63;NA;483;2;1173;61;NA;384;NA
"4306957";409;25;NA;128;NA;382;27;NA;115;1
"4306973";257;16;NA;75;42;435;25;NA;156;72
"4307005";17388;805;11;3448;33;16447;613;18;3342;27
"4307054";547;4;NA;70;NA;561;4;NA;67;NA
"4307104";1073;135;1;181;NA;961;110;3;207;NA
"4307203";952;78;NA;190;NA;561;54;NA;121;NA
"4307302";1067;51;NA;410;3;711;42;2;322;4
"4307401";548;25;3;168;1;387;11;1;104;NA
"4307450";787;21;NA;92;NA;330;12;NA;34;NA
"4307500";2961;77;1;470;NA;1885;71;1;336;1
"4307559";1007;41;NA;152;1;814;45;NA;112;NA
"4307609";8240;339;6;1261;10;6862;324;7;857;6
"4307708";11671;1080;11;1878;24;11533;1252;6;1824;14
"4307807";6172;320;1;578;11;4629;240;3;456;13
"4307815";670;7;NA;51;2;380;13;NA;33;5
"4307831";427;24;NA;132;NA;409;14;1;106;1
"4307864";607;5;NA;51;NA;188;8;NA;24;NA
"4307906";12457;529;4;2211;23;9680;399;5;1685;20
"4308003";1109;111;1;226;2;868;63;NA;198;3
"4308052";495;28;1;147;58;186;6;NA;60;24
"4308078";663;44;NA;99;1;688;52;1;100;NA
"4308102";2675;60;1;212;2;2252;44;1;158;1
"4308201";5946;180;NA;762;5;4272;105;2;535;NA
"4308250";515;3;NA;28;NA;138;1;NA;10;NA
"4308300";1573;53;1;674;NA;1036;31;NA;337;NA
"4308409";1199;204;NA;98;6;777;166;NA;80;7
"4308433";681;4;NA;8;NA;254;6;NA;2;NA
"4308458";835;28;2;136;2;606;35;1;85;NA
"4308508";5235;150;5;947;1;5256;128;3;994;2
"4308607";6931;245;3;723;6;4876;129;1;487;1
"4308656";381;13;NA;212;1;288;18;NA;144;NA
"4308706";1223;29;1;96;2;745;25;NA;90;NA
"4308805";1527;70;1;122;1;1255;78;1;93;NA
"4308854";286;16;NA;67;15;186;5;NA;42;29
"4308904";2994;113;NA;496;2;2524;101;2;449;3
"4309001";2678;83;3;790;NA;1922;82;2;572;NA
"4309050";1150;86;2;152;3;1334;103;3;159;NA
"4309100";6414;301;5;1014;24;6550;203;4;861;6
"4309126";228;15;1;78;17;265;28;3;80;8
"4309159";721;29;NA;174;NA;245;6;2;67;NA
"4309209";41219;3840;44;6248;71;39918;4567;43;5806;50
"4309258";333;7;NA;36;NA;155;3;NA;29;NA
"4309308";13538;1466;13;2298;22;13785;1836;18;2176;20
"4309407";5146;183;NA;741;NA;2933;134;1;507;1
"4309506";1603;25;NA;203;NA;814;18;NA;139;NA
"4309555";1019;49;1;67;NA;794;40;NA;52;NA
"4309571";499;19;NA;172;NA;216;6;NA;57;NA
"4309605";3825;113;5;640;1;2500;66;2;474;2
"4309654";899;83;NA;316;9;640;54;NA;200;5
"4309704";846;37;NA;112;NA;760;25;NA;107;1
"4309753";830;31;NA;141;NA;355;9;NA;53;NA
"4309803";1058;31;1;94;1;492;16;NA;77;1
"4309902";1093;38;2;240;41;825;26;NA;194;66
"4309951";653;27;NA;164;NA;458;20;NA;140;NA
"4310009";3476;161;NA;650;2;3390;97;3;591;1
"4310108";5251;224;5;1148;5;5067;168;6;904;6
"4310207";13708;528;15;3054;18;11786;479;18;2923;13
"4310306";996;18;NA;100;NA;330;10;NA;55;NA
"4310330";4007;208;6;589;16;4771;258;4;592;8
"4310363";606;13;NA;45;NA;496;5;NA;18;NA
"4310405";1319;36;1;185;NA;776;32;NA;138;NA
"4310413";317;17;NA;185;NA;173;6;NA;84;NA
"4310439";1060;37;NA;141;NA;767;19;NA;114;1
"4310462";362;15;NA;73;1;197;7;NA;22;NA
"4310504";1122;42;NA;233;133;1012;31;NA;201;69
"4310538";1030;42;NA;180;2;714;40;NA;108;NA
"4310553";514;44;NA;150;NA;317;35;NA;114;NA
"4310579";428;9;NA;138;NA;104;9;NA;37;NA
"4310603";4504;457;2;1986;7;3799;359;4;1806;3
"4310652";610;19;7;30;NA;345;9;2;20;1
"4310702";729;17;NA;145;NA;316;6;NA;77;NA
"4310751";409;7;NA;55;NA;226;1;NA;42;NA
"4310801";4041;66;24;390;NA;3698;69;17;311;2
"4310850";738;23;1;262;NA;360;9;NA;108;NA
"4310876";285;13;1;105;NA;259;20;1;99;1
"4310900";712;26;NA;58;NA;389;33;NA;83;NA
"4311007";4452;378;4;507;11;4520;438;NA;520;11
"4311106";2330;55;1;318;1;1290;46;NA;268;1
"4311122";596;41;2;212;1;371;27;1;141;NA
"4311130";811;45;NA;100;NA;312;25;NA;40;NA
"4311155";1106;89;NA;482;NA;701;56;2;345;NA
"4311205";2132;184;NA;559;5;3055;273;NA;759;NA
"4311239";548;21;NA;103;2;159;6;NA;30;NA
"4311254";916;43;2;339;2;523;29;2;179;NA
"4311270";429;7;1;15;NA;192;1;NA;10;NA
"4311304";4249;198;2;1203;4;4015;157;NA;950;1
"4311403";16085;856;15;2113;37;16108;869;24;1851;25
"4311429";318;4;NA;241;16;268;6;NA;126;5
"4311502";1258;162;NA;188;1;990;185;NA;149;NA
"4311601";832;31;NA;223;45;506;24;NA;142;25
"4311627";951;35;1;134;2;1021;27;NA;141;1
"4311643";402;5;NA;33;2;202;1;1;18;1
"4311700";1009;34;1;203;1;816;32;3;197;2
"4311718";660;65;NA;344;2;331;38;NA;192;NA
"4311734";592;18;NA;69;1;509;14;NA;32;NA
"4311759";1250;69;NA;268;2;887;53;2;238;NA
"4311775";1388;116;NA;146;18;1003;96;NA;133;13
"4311791";685;5;NA;25;NA;245;4;NA;15;NA
"4311809";7031;389;3;1438;4;6782;269;4;1363;6
"4311908";888;15;3;108;1;570;10;NA;139;NA
"4311981";958;18;NA;78;9;494;24;1;53;7
"4312005";469;2;NA;50;NA;194;6;NA;36;NA
"4312054";880;10;NA;49;1;601;7;NA;27;NA
"4312104";982;33;NA;190;NA;589;32;1;132;NA
"4312138";560;5;5;63;27;216;7;NA;30;41
"4312153";913;29;NA;104;NA;755;26;1;55;NA
"4312179";355;13;NA;72;NA;208;4;NA;47;NA
"4312203";767;27;NA;149;NA;511;24;NA;168;NA
"4312252";941;108;1;152;2;1261;149;NA;197;NA
"4312302";900;35;NA;196;13;396;11;NA;89;18
"4312351";354;3;NA;12;NA;157;2;NA;8;NA
"4312377";524;116;NA;190;1;233;47;NA;82;1
"4312385";652;6;NA;16;NA;234;2;NA;6;1
"4312401";10119;674;5;1326;17;10132;839;9;1215;14
"4312427";616;23;NA;75;NA;285;14;NA;46;NA
"4312443";890;4;NA;13;NA;362;2;1;8;NA
"4312450";1351;77;NA;59;1;923;63;NA;38;2
"4312476";1059;11;NA;73;1;1071;17;NA;71;1
"4312500";2035;266;NA;359;4;1436;217;1;275;3
"4312609";902;42;1;103;NA;625;18;1;93;1
"4312617";609;71;NA;150;1;190;35;NA;41;NA
"4312625";313;5;NA;31;22;171;2;NA;21;40
"4312658";3223;155;2;424;1;2742;82;2;347;1
"4312674";427;10;NA;92;NA;200;5;NA;37;NA
"4312708";1825;74;1;616;288;1566;59;NA;559;147
"4312757";636;21;NA;88;NA;340;16;NA;71;NA
"4312807";790;35;4;181;NA;639;27;4;130;1
"4312906";1850;49;NA;170;NA;1060;22;NA;141;NA
"4312955";463;5;NA;16;NA;292;3;NA;17;NA
"4313003";821;17;NA;31;NA;321;10;NA;13;NA
"4313011";812;5;1;24;NA;322;2;NA;16;NA
"4313037";722;31;1;125;2;862;31;1;132;NA
"4313060";2844;138;2;731;1;3032;124;NA;696;4
"4313086";533;3;NA;24;2;225;4;NA;16;3
"4313102";1193;48;1;145;NA;505;50;NA;98;1
"4313201";4426;97;3;450;4;3671;58;7;323;5
"4313300";4834;252;2;891;2;3210;149;NA;541;3
"4313334";570;12;NA;69;NA;194;6;NA;13;NA
"4313359";849;12;NA;36;NA;328;7;NA;17;1
"4313375";4478;271;2;831;7;3786;225;NA;681;1
"4313391";925;52;1;45;NA;367;39;NA;31;NA
"4313409";36156;1763;56;5250;40;39948;1967;47;4627;25
"4313425";886;13;NA;82;NA;292;5;NA;31;NA
"4313441";436;23;NA;135;NA;152;7;1;64;1
"4313466";375;7;NA;42;3;162;3;NA;27;3
"4313490";836;18;1;286;NA;377;10;NA;119;NA
"4313508";7417;509;1;875;29;7528;609;3;876;21
"4313607";848;24;NA;136;NA;315;9;NA;82;NA
"4313656";2068;263;NA;393;10;1818;271;1;350;3
"4313706";4910;304;8;1520;2;4371;267;5;1414;2
"4313805";1615;43;NA;350;1;800;17;1;177;3
"4313904";8762;267;6;1897;4;4488;126;3;930;3
"4313953";1353;165;NA;249;2;1636;250;NA;316;4
"4314001";1732;25;1;151;NA;667;23;NA;53;1
"4314027";1393;85;NA;208;NA;759;59;NA;119;NA
"4314035";797;13;NA;38;1;772;17;NA;46;NA
"4314050";7507;379;1;1875;13;8105;412;5;1580;13
"4314068";881;22;NA;147;NA;416;8;NA;52;1
"4314076";1162;55;NA;63;NA;953;76;1;73;NA
"4314100";30222;1591;26;7138;59;34014;1588;25;7062;53
"4314134";553;7;NA;44;NA;168;2;NA;19;NA
"4314159";1833;40;1;140;NA;1011;30;NA;91;3
"4314175";337;61;NA;89;NA;231;59;NA;89;NA
"4314209";1199;118;1;133;3;1260;183;1;185;2
"4314308";610;22;NA;110;1;502;13;3;113;2
"4314407";46826;6148;66;6495;71;54219;9318;60;7475;89
"4314423";1037;16;NA;82;NA;807;13;1;75;NA
"4314456";426;12;NA;143;NA;357;15;NA;136;1
"4314464";465;12;NA;152;1;189;5;1;61;NA
"4314472";813;28;NA;199;NA;342;11;1;81;NA
"4314498";817;37;NA;240;NA;463;23;NA;117;NA
"4314506";1921;305;2;255;4;1699;351;4;336;7
"4314548";656;6;NA;45;3;187;NA;1;18;3
"4314555";376;21;NA;185;NA;237;11;1;90;NA
"4314605";3216;351;3;399;13;2806;366;1;357;14
"4314704";1847;68;1;199;168;1367;38;1;175;189
"4314753";496;23;NA;14;NA;285;8;NA;15;1
"4314779";735;42;NA;171;2;234;14;NA;60;1
"4314787";441;3;NA;20;NA;113;2;NA;6;NA
"4314803";5430;256;15;859;1;5375;254;4;747;4
"4314902";190412;26190;566;31686;615;231595;40502;569;35837;623
"4315008";1037;18;NA;174;NA;486;15;NA;99;NA
"4315057";440;12;NA;50;NA;272;15;NA;55;NA
"4315073";394;6;NA;50;NA;185;4;NA;26;NA
"4315107";1650;47;2;592;NA;1074;45;1;518;NA
"4315131";402;7;NA;99;NA;123;3;NA;31;NA
"4315149";483;5;NA;51;NA;515;8;NA;50;NA
"4315156";1179;10;NA;85;NA;761;7;NA;67;NA
"4315172";501;13;1;50;NA;158;5;NA;24;NA
"4315206";939;14;NA;57;NA;313;8;NA;35;NA
"4315305";3382;258;1;772;15;3291;264;7;684;6
"4315313";297;27;NA;96;NA;91;12;NA;54;NA
"4315321";567;18;NA;110;NA;280;9;NA;52;NA
"4315354";730;11;1;61;NA;648;11;1;59;NA
"4315404";924;27;NA;300;656;587;26;NA;204;381
"4315453";403;15;NA;16;NA;238;7;NA;16;NA
"4315503";2683;333;NA;297;2;2040;296;5;251;3
"4315552";603;13;2;150;32;216;4;NA;53;19
"4315602";26095;3343;30;5249;81;29889;4473;34;5371;63
"4315701";5519;423;8;731;NA;5495;606;7;790;1
"4315750";949;23;NA;151;5;516;18;NA;66;NA
"4315800";1603;74;NA;225;2;1838;94;1;212;NA
"4315909";1061;28;NA;254;3;993;21;NA;221;2
"4315958";461;20;3;147;NA;206;10;NA;66;1
"4316006";3829;105;1;719;3;3022;77;3;475;2
"4316105";1526;64;1;296;105;1169;41;1;231;126
"4316204";943;15;NA;34;NA;714;14;NA;36;NA
"4316303";968;38;NA;343;NA;869;38;NA;333;NA
"4316402";5460;491;3;1014;10;5129;653;6;1034;10
"4316428";354;11;NA;193;NA;290;10;NA;115;NA
"4316436";441;20;NA;64;1;438;20;1;51;NA
"4316451";1326;78;1;394;62;1549;105;1;449;59
"4316477";786;18;NA;57;NA;239;2;NA;16;NA
"4316501";1411;34;NA;95;4;1018;27;1;79;NA
"4316600";3707;42;1;559;3;1943;32;2;324;4
"4316709";1312;79;NA;384;NA;1030;70;1;332;NA
"4316733";384;16;NA;68;1;109;8;NA;31;NA
"4316758";1470;25;NA;48;1;965;28;NA;42;1
"4316808";23238;1486;12;2763;12;21664;1649;27;2799;9
"4316907";40728;3242;54;7366;99;43455;3877;39;7393;85
"4316956";1454;16;NA;46;NA;863;4;NA;31;1
"4316972";598;29;NA;121;NA;218;20;NA;51;NA
"4317004";1496;91;2;141;NA;1088;75;3;144;2
"4317103";11330;1298;11;2309;29;12513;1739;12;2534;22
"4317202";12879;493;10;2875;11;11099;328;10;2304;8
"4317251";391;5;NA;17;NA;176;2;NA;2;NA
"4317301";4972;481;6;713;10;4969;604;5;756;5
"4317400";8493;311;5;1641;6;7440;351;4;1399;13
"4317509";11826;532;7;3159;30;11015;371;16;2725;20
"4317558";508;7;NA;57;NA;149;4;NA;23;NA
"4317608";8087;549;4;693;10;6589;558;7;576;7
"4317707";1561;76;NA;537;1;1327;89;NA;498;NA
"4317756";292;8;NA;29;NA;443;8;NA;36;NA
"4317806";2282;93;NA;681;5;1856;41;2;514;1
"4317905";3686;53;NA;282;1;1709;30;NA;151;1
"4317954";612;13;NA;114;NA;134;1;NA;42;NA
"4318002";8570;505;12;2417;7;8310;562;12;2191;4
"4318051";646;8;NA;54;NA;316;3;NA;30;NA
"4318101";3164;137;2;484;7;2825;123;3;497;7
"4318200";3239;288;5;829;7;2777;227;4;635;3
"4318309";8574;839;9;1915;14;7988;1023;16;1921;12
"4318408";3684;290;12;626;3;2766;287;9;419;4
"4318424";1228;17;NA;52;NA;414;7;NA;21;NA
"4318432";458;46;NA;71;NA;352;54;NA;60;NA
"4318440";744;24;NA;60;3;211;6;NA;36;NA
"4318457";489;23;NA;149;NA;205;6;NA;60;NA
"4318465";345;12;NA;164;NA;164;3;NA;61;NA
"4318481";716;11;NA;44;NA;861;12;NA;50;NA
"4318499";590;8;1;18;NA;318;3;NA;18;NA
"4318507";4199;416;3;848;4;3399;518;NA;803;4
"4318606";1510;17;NA;246;2;775;14;NA;172;2
"4318614";444;8;1;38;NA;399;9;NA;22;NA
"4318622";646;38;NA;162;NA;425;39;NA;149;NA
"4318705";30334;2455;56;6310;83;35709;2999;49;6138;90
"4318804";7661;486;NA;432;8;5518;679;NA;472;3
"4318903";4850;201;1;1519;5;5250;191;7;1535;4
"4319000";4177;138;1;519;4;2925;103;2;353;4
"4319109";1102;36;NA;184;NA;762;15;1;118;NA
"4319125";671;9;NA;96;2;328;14;NA;27;NA
"4319158";1056;26;2;451;12;892;22;4;329;11
"4319208";619;49;1;354;1;633;34;1;355;NA
"4319307";1395;22;NA;185;NA;498;14;1;118;NA
"4319356";629;9;NA;47;1;584;12;NA;27;NA
"4319364";342;9;NA;115;NA;145;2;NA;59;NA
"4319372";475;6;NA;41;NA;557;12;1;77;NA
"4319406";2801;80;3;345;NA;2689;120;3;384;NA
"4319505";3899;196;4;499;5;4104;228;2;492;6
"4319604";3134;408;1;353;2;3650;581;4;476;1
"4319703";671;12;NA;68;1;430;9;NA;49;NA
"4319711";537;4;NA;47;NA;232;5;NA;22;NA
"4319737";328;3;NA;19;229;162;4;NA;9;72
"4319752";530;10;NA;46;1;251;2;NA;12;NA
"4319802";1344;98;1;334;NA;1009;67;1;264;NA
"4319901";11252;486;4;2520;4;11681;436;6;2342;10
"4320008";18982;1623;15;3728;18;20333;2010;24;3439;22
"4320107";3173;211;2;661;8;3642;174;NA;750;4
"4320206";2150;68;NA;431;1;1644;83;NA;322;1
"4320230";417;23;NA;117;NA;388;14;NA;111;NA
"4320263";1197;33;1;398;NA;469;20;NA;207;NA
"4320305";1087;26;NA;169;NA;565;17;NA;115;NA
"4320321";614;10;NA;75;NA;295;6;NA;45;NA
"4320354";1064;84;NA;180;NA;603;71;NA;108;3
"4320404";3497;170;NA;412;2;1779;95;1;275;1
"4320453";482;2;NA;23;NA;251;9;NA;13;NA
"4320503";1237;58;1;146;14;620;38;NA;78;5
"4320552";1262;56;1;143;NA;784;36;1;74;NA
"4320578";439;10;NA;59;NA;165;4;NA;21;NA
"4320602";900;13;NA;41;NA;321;6;NA;28;NA
"4320651";425;13;NA;44;1;247;7;NA;52;NA
"4320677";1893;49;NA;328;NA;750;23;NA;163;NA
"4320701";2277;128;1;464;2;2120;137;1;462;2
"4320800";4868;153;6;1167;1;4427;174;5;915;1
"4320859";848;24;NA;55;3;724;19;NA;65;5
"4320909";3621;188;6;724;11;3715;151;2;912;12
"4321006";1926;96;NA;460;4;1256;43;NA;265;1
"4321105";2271;276;1;414;6;2259;372;NA;412;3
"4321204";8518;536;14;1418;17;8515;591;6;1273;7
"4321303";4802;196;1;345;3;4311;160;NA;280;1
"4321329";719;12;NA;127;1;219;6;NA;56;NA
"4321352";1020;113;NA;187;3;608;100;NA;122;3
"4321402";2272;58;1;395;269;1699;34;NA;368;240
"4321436";1765;86;NA;165;5;1755;97;2;135;2
"4321451";5992;239;3;569;6;5163;216;NA;586;4
"4321469";613;13;NA;115;NA;410;7;1;85;NA
"4321477";1236;16;NA;208;1;457;8;NA;103;NA
"4321493";612;8;NA;32;NA;371;10;NA;26;NA
"4321501";6808;364;4;998;30;7112;340;5;848;22
"4321600";8140;477;5;1415;27;9162;586;7;1265;18
"4321626";503;4;1;19;NA;291;6;NA;8;NA
"4321634";700;9;NA;17;NA;292;NA;NA;10;NA
"4321667";2490;42;5;164;NA;1367;29;3;103;1
"4321709";4100;215;4;867;6;3331;153;6;587;10
"4321808";4638;86;NA;667;NA;3830;67;1;590;1
"4321832";582;45;1;24;1;369;25;NA;18;NA
"4321857";695;23;2;189;56;533;12;NA;128;100
"4321907";4847;97;2;645;4;3811;81;NA;475;2
"4321956";1096;83;6;486;1;761;55;8;340;4
"4322004";4680;278;1;625;3;4112;305;1;562;6
"4322103";1248;26;2;231;NA;649;9;NA;103;NA
"4322152";761;50;NA;140;NA;341;26;NA;86;NA
"4322186";327;5;NA;21;NA;190;5;NA;13;NA
"4322202";3060;195;NA;807;1;2800;218;2;721;2
"4322251";1095;23;NA;63;1;606;6;NA;48;NA
"4322301";1760;35;1;217;NA;1179;23;NA;156;NA
"4322327";583;27;NA;43;NA;460;36;1;55;2
"4322343";561;1;NA;19;NA;181;1;NA;7;1
"4322350";345;3;NA;19;NA;63;2;NA;4;NA
"4322376";396;25;NA;90;NA;229;13;1;54;NA
"4322400";14477;1397;17;5046;25;14052;1692;10;4993;31
"4322509";8053;641;7;2847;14;8443;623;8;3006;15
"4322525";645;22;NA;70;NA;490;26;NA;41;NA
"4322533";2084;80;NA;305;2;1088;40;NA;179;2
"4322541";817;38;2;104;NA;1133;32;NA;138;NA
"4322558";479;19;NA;50;NA;209;8;NA;23;NA
"4322608";13207;688;4;1158;8;10787;813;3;1021;4
"4322707";4127;266;NA;548;NA;4380;420;NA;596;3
"4322806";4812;168;5;550;2;3488;104;1;400;6
"4322855";443;2;NA;23;NA;166;2;NA;8;NA
"4322905";1177;16;1;107;NA;506;14;NA;75;NA
"4323002";27065;4820;34;7074;165;31012;6656;44;7584;168
"4323101";735;19;NA;261;22;512;23;NA;203;16
"4323200";600;14;NA;54;NA;379;6;1;50;NA
"4323309";781;28;NA;61;1;393;14;NA;45;1
"4323358";476;9;NA;48;NA;202;6;NA;33;NA
"4323408";851;13;NA;93;NA;594;20;NA;87;NA
"4323457";737;69;NA;85;1;570;63;NA;77;NA
"4323507";578;21;NA;153;NA;198;6;NA;59;NA
"4323606";383;8;NA;12;NA;151;6;NA;16;NA
"4323705";564;7;NA;171;NA;305;2;NA;59;NA
"4323754";781;23;NA;177;NA;276;7;NA;51;NA
"4323770";748;14;NA;33;NA;298;7;NA;14;NA
"4323804";2407;131;1;319;4;2480;165;1;293;4
"5000203";1223;410;9;2106;12;584;214;7;1051;9
"5000252";359;63;2;460;1;355;56;3;471;1
"5000609";3553;281;12;2129;838;3042;201;10;1679;1904
"5000708";1499;321;25;2301;225;1248;263;19;2407;274
"5000807";730;119;13;935;NA;428;83;4;634;3
"5000856";832;136;3;1096;3;738;118;2;1052;5
"5000906";579;53;2;481;197;799;52;13;774;227
"5001003";2640;551;28;2413;4;2287;399;27;1948;6
"5001102";2500;621;47;3855;1044;2270;623;47;4035;896
"5001243";614;58;4;767;161;638;66;8;866;195
"5001508";826;136;6;919;7;391;84;7;543;4
"5001904";1622;389;24;2188;14;1474;333;19;2155;25
"5002001";881;203;6;1126;7;627;137;8;877;2
"5002100";1741;153;8;1844;66;1651;101;15;1646;46
"5002159";625;146;5;955;53;401;85;3;710;67
"5002209";1892;310;21;2411;70;1376;210;19;1908;51
"5002308";1022;232;8;1445;19;628;128;3;740;13
"5002407";2417;388;41;2396;343;1719;293;15;1951;1102
"5002605";1193;224;9;1726;4;873;126;5;1283;4
"5002704";71147;14225;2370;73021;1495;71585;13574;1861;75037;1660
"5002803";501;49;NA;587;5;254;19;3;295;4
"5002902";1976;370;19;1880;5;1928;295;8;1779;4
"5002951";2855;622;25;2837;7;2046;333;22;2151;12
"5003108";326;142;5;435;8;293;108;5;535;2
"5003157";813;111;17;585;350;969;116;7;862;650
"5003207";3931;1990;48;9558;107;3346;1703;62;9315;109
"5003256";2341;555;4;2533;11;1628;372;16;1932;4
"5003306";2129;664;25;3618;20;1627;510;22;3487;28
"5003454";1343;200;28;1729;6;717;86;15;1007;2
"5003488";681;176;36;1076;362;393;100;14;615;205
"5003504";573;82;1;457;75;318;54;NA;281;174
"5003702";23492;3551;693;19458;1048;18241;2477;426;15187;1457
"5003751";873;170;3;1098;97;772;123;8;936;107
"5003801";1590;281;33;1780;4;1717;322;45;2073;6
"5003900";341;84;NA;451;3;178;44;NA;262;1
"5004007";936;149;30;1099;10;750;105;22;851;2
"5004106";785;90;6;738;25;864;99;11;943;26
"5004304";1629;148;5;1247;95;1057;87;6;714;82
"5004403";979;165;9;943;3;488;85;3;455;3
"5004502";2319;303;43;1467;323;1446;194;17;922;1326
"5004601";1406;285;11;2078;18;1135;214;4;1817;22
"5004700";2547;372;51;2604;12;2043;312;28;2320;13
"5004809";391;56;1;382;653;198;40;NA;224;552
"5004908";728;184;5;904;22;330;119;1;431;3
"5005004";1788;181;19;2021;43;1754;209;17;2276;43
"5005103";260;79;1;357;2;200;41;5;316;3
"5005152";561;100;1;622;79;392;57;1;450;125
"5005202";663;439;14;2065;7;619;373;13;2188;9
"5005251";669;68;7;619;85;363;27;1;338;174
"5005400";3501;472;19;4233;56;3232;419;16;3693;120
"5005608";1026;239;19;1605;929;907;242;23;1859;997
"5005681";1583;246;23;1626;16;1593;245;22;1808;14
"5005707";4117;920;106;5359;85;3006;602;72;4235;85
"5005806";920;211;5;1365;346;553;123;3;978;150
"5006002";1420;356;19;2299;25;1305;279;18;2047;23
"5006200";4076;953;104;5043;11;2880;653;64;3828;9
"5006259";492;84;2;502;2;283;42;4;383;3
"5006275";543;122;2;593;3;270;53;1;366;1
"5006309";4969;920;39;3496;6;3349;667;33;2352;2
"5006358";569;97;2;475;675;534;75;3;591;676
"5006408";550;160;4;820;NA;372;153;3;640;1
"5006606";6698;705;126;6440;81;7760;598;111;7842;133
"5006903";712;107;3;1364;149;525;55;5;990;136
"5007109";1815;567;13;2540;33;984;311;13;1543;18
"5007208";3366;682;20;3918;62;2107;359;11;2595;62
"5007307";369;80;13;509;7;299;67;4;419;3
"5007406";1440;410;8;2321;11;956;300;5;1868;8
"5007505";346;87;4;590;8;279;84;2;493;5
"5007554";657;156;3;856;5;282;89;5;463;1
"5007695";2864;433;12;2649;27;2006;308;8;2347;25
"5007703";976;130;5;885;27;741;100;1;775;34
"5007802";625;211;2;956;2;466;92;2;654;NA
"5007901";3583;780;48;4565;443;2691;586;20;3589;280
"5007935";843;392;3;1731;6;635;235;5;1395;3
"5007950";493;88;3;533;379;564;85;2;559;538
"5007976";278;59;2;401;NA;273;49;2;315;2
"5008008";1351;293;46;1930;44;1038;201;21;1503;29
"5008305";11311;2968;211;11837;41;8946;2312;182;10134;39
"5008404";578;102;13;693;4;399;56;10;526;15
"5100102";158;92;1;769;1;140;63;NA;596;2
"5100201";2573;652;12;3373;49;1318;304;4;2053;8
"5100250";4789;1296;85;5930;15;3375;787;56;4606;24
"5100300";1408;447;3;1975;7;1008;322;3;1474;3
"5100359";279;150;NA;536;125;157;100;3;408;29
"5100409";895;291;5;1200;5;778;228;5;1175;3
"5100508";323;172;6;1440;1;149;112;NA;813;1
"5100607";950;258;6;1286;1;553;125;3;737;NA
"5100805";596;229;3;800;63;296;137;3;664;24
"5101001";197;74;2;498;1;146;57;5;477;NA
"5101209";96;25;NA;130;1;63;16;NA;79;NA
"5101258";923;289;10;1529;3;944;257;14;1531;NA
"5101308";466;289;11;1224;NA;404;254;9;1153;3
"5101407";1578;552;7;2369;87;978;315;9;1910;61
"5101605";289;236;2;1048;37;134;103;1;568;23
"5101704";1321;770;17;3305;66;1141;615;19;3247;56
"5101803";4482;1361;45;7308;457;3802;1018;42;6640;141
"5101852";448;227;3;900;13;224;129;3;529;5
"5101902";1365;242;4;1488;252;938;202;2;1195;84
"5102504";4099;2187;46;9463;45;3622;2056;41;9527;36
"5102603";533;212;2;683;928;428;135;5;599;233
"5102637";2397;805;20;3705;102;2635;750;24;4793;69
"5102678";3205;725;16;4291;9;2338;621;20;4194;14
"5102686";700;217;1;1094;10;315;82;4;458;2
"5102694";317;158;NA;627;11;118;52;2;272;11
"5102702";2147;412;18;2341;260;1373;307;4;1958;64
"5102793";975;258;11;1378;1;368;117;8;670;1
"5102850";638;191;2;931;5;374;87;2;492;3
"5103007";884;555;10;2380;15;634;384;13;2010;11
"5103056";825;159;4;848;3;611;130;7;806;3
"5103106";353;195;3;787;8;209;129;5;574;14
"5103205";2539;606;31;3633;24;1835;380;11;2696;11
"5103254";1740;576;23;3210;12;1037;318;15;1987;7
"5103304";1022;366;2;1720;325;881;272;4;1747;92
"5103353";1982;814;4;4268;32;1145;514;10;3120;33
"5103361";249;87;NA;393;47;184;55;1;292;24
"5103379";1096;302;4;1400;11;416;121;3;527;6
"5103403";35940;18199;790;62097;309;33688;17416;667;62999;360
"5103437";267;80;NA;426;NA;288;88;NA;645;1
"5103452";421;251;5;1056;NA;191;112;3;442;NA
"5103502";1144;476;9;2234;14;998;374;13;2248;19
"5103601";444;158;4;1125;NA;316;102;3;879;1
"5103700";811;218;4;989;206;371;82;3;576;91
"5103809";180;35;NA;256;NA;261;48;NA;436;NA
"5103858";612;133;NA;603;428;322;62;3;433;89
"5103908";219;94;4;414;248;213;91;3;473;140
"5103957";226;44;1;271;1;234;35;2;307;1
"5104104";2229;469;13;2810;33;2055;359;6;2930;6
"5104203";713;287;4;1602;5;473;173;1;1151;4
"5104500";118;51;NA;254;1;142;24;NA;254;NA
"5104526";763;176;3;763;NA;328;77;1;442;NA
"5104542";715;118;5;709;NA;437;87;8;475;3
"5104559";357;110;3;360;1;337;100;3;471;NA
"5104609";664;270;2;1100;4;718;216;2;1316;4
"5104807";1766;536;18;2998;11;1525;458;18;2972;5
"5104906";230;152;6;1421;NA;103;69;NA;569;NA
"5105002";754;177;2;1162;1;349;115;1;528;2
"5105101";2719;718;24;3546;229;1793;518;14;2514;57
"5105150";3225;893;26;4304;239;2860;781;38;4227;117
"5105176";836;229;12;1174;9;547;119;2;687;6
"5105200";728;341;9;1740;4;387;208;7;927;1
"5105234";330;125;1;758;NA;142;50;NA;317;NA
"5105259";5883;1573;46;6826;14;5350;1258;36;6742;13
"5105309";66;82;NA;199;80;45;58;NA;218;75
"5105507";987;698;9;2070;83;305;350;4;821;43
"5105580";675;182;2;903;65;720;181;7;1083;15
"5105606";1859;390;7;2434;38;795;188;4;1142;16
"5105622";1758;513;13;2754;1;1780;434;24;2589;8
"5105903";846;378;8;1849;38;513;225;6;1386;18
"5106000";223;160;1;659;2;208;156;2;748;1
"5106109";465;591;9;1764;9;220;377;7;1157;5
"5106158";1224;324;4;2066;10;481;112;1;734;4
"5106174";222;77;1;399;221;53;26;NA;114;29
"5106182";458;166;2;832;46;264;77;NA;501;16
"5106190";380;83;2;482;4;214;42;2;299;NA
"5106208";222;95;1;536;1;207;67;NA;412;1
"5106216";1029;230;6;1645;2;521;99;3;760;NA
"5106224";3819;1066;24;5006;14;2745;736;19;4727;23
"5106232";768;502;1;2066;3;481;308;4;1619;1
"5106240";775;204;6;956;18;590;184;3;1001;11
"5106257";2007;581;14;3085;18;1232;289;12;2042;9
"5106265";619;104;3;857;1;221;59;1;359;4
"5106273";275;74;1;457;NA;154;45;NA;249;1
"5106281";549;137;1;1078;25;203;58;2;469;15
"5106299";840;242;6;1134;NA;658;169;7;1040;1
"5106307";1480;350;6;3083;312;1079;243;6;2506;87
"5106315";81;65;NA;274;11;48;62;NA;191;4
"5106372";1047;499;12;1982;9;864;399;8;1836;5
"5106422";1390;679;4;3478;223;1146;650;7;3238;88
"5106455";169;81;2;435;8;92;52;NA;277;4
"5106505";898;961;15;3527;24;625;955;12;3339;29
"5106653";507;168;5;869;8;310;91;1;659;4
"5106703";134;25;2;235;NA;144;26;4;265;1
"5106752";3452;1323;15;5727;25;2539;913;26;4276;17
"5106778";427;301;1;1106;53;446;361;3;1340;37
"5106802";468;113;2;557;4;350;65;2;488;1
"5106828";604;160;4;1302;47;303;110;3;890;34
"5106851";139;81;NA;484;NA;89;52;1;333;NA
"5107008";1104;625;11;2834;87;807;498;5;2315;81
"5107040";5963;1327;59;7382;27;5349;1146;83;7619;21
"5107065";1924;489;5;2300;315;1227;325;2;1783;92
"5107107";1430;253;9;1946;3;1299;207;10;1621;3
"5107156";127;57;1;264;NA;108;40;NA;238;NA
"5107180";534;218;2;1260;102;333;116;3;920;16
"5107198";184;32;NA;297;NA;196;33;NA;268;NA
"5107206";304;133;1;509;NA;250;81;4;463;NA
"5107248";520;136;6;488;NA;221;50;1;312;1
"5107263";136;73;2;316;1;92;57;NA;277;3
"5107297";254;67;1;425;2;125;42;NA;224;1
"5107305";1048;261;5;1701;3;618;169;7;1375;3
"5107354";223;114;2;596;71;201;118;2;581;28
"5107404";210;171;2;544;3;163;76;NA;354;NA
"5107578";155;78;NA;324;183;97;27;NA;193;17
"5107602";15550;5683;182;23127;125;13879;4946;163;23143;153
"5107701";567;317;7;1936;3;544;220;5;1952;4
"5107743";171;86;NA;233;2;104;66;NA;229;8
"5107750";201;113;1;419;NA;168;80;1;402;NA
"5107768";165;42;1;231;NA;202;58;3;346;2
"5107776";373;270;3;891;198;97;83;1;355;69
"5107792";174;51;1;302;93;197;40;7;410;19
"5107800";635;627;7;1636;41;422;407;7;1314;49
"5107859";706;425;8;1561;122;361;298;9;1101;50
"5107875";1623;578;11;2632;40;1394;426;24;2513;65
"5107883";117;49;1;226;3;62;27;1;153;3
"5107909";16115;3688;194;17763;34;12874;2465;154;15273;30
"5107925";8887;2145;57;9320;20;6800;1513;49;8260;9
"5107941";906;224;15;1130;5;367;83;7;587;3
"5107958";6828;2460;102;9472;233;6570;2382;83;9838;100
"5108006";825;166;5;847;NA;1130;183;1;1443;NA
"5108055";1201;190;1;1147;2;649;98;NA;559;1
"5108105";158;53;3;463;NA;107;42;NA;331;NA
"5108204";298;93;1;559;NA;211;46;2;492;NA
"5108303";298;101;1;374;NA;185;69;NA;294;NA
"5108352";248;71;NA;475;NA;100;25;NA;179;NA
"5108402";11400;7514;142;30080;105;11689;7454;157;34723;102
"5108501";1224;238;3;1085;6;683;174;2;870;4
"5108600";1723;630;7;2512;8;673;243;4;1106;4
"5108808";440;82;1;515;NA;308;41;NA;299;2
"5108857";147;92;1;358;2;135;80;4;415;7
"5108907";418;150;4;626;1;253;79;3;394;2
"5108956";590;210;1;928;NA;479;126;1;652;2
"5200050";774;402;12;1721;15;758;419;35;2088;17
"5200100";1266;253;9;1943;4;1029;171;4;1506;3
"5200134";1497;394;10;2359;3;1176;320;10;2137;3
"5200159";216;46;NA;326;1;108;16;1;200;NA
"5200175";268;148;2;603;2;168;100;4;503;3
"5200209";210;11;2;194;1;176;8;NA;145;1
"5200258";9151;6619;59;22254;127;8779;5656;109;21621;130
"5200308";1595;526;15;2805;18;1647;403;33;2666;9
"5200506";236;26;NA;188;NA;181;18;1;164;NA
"5200555";330;114;2;716;NA;301;79;3;617;NA
"5200605";614;400;7;854;12;590;336;12;810;18
"5200803";324;247;3;812;4;319;262;9;972;3
"5200829";234;101;1;577;2;105;37;1;227;NA
"5200852";465;66;NA;643;NA;334;39;1;560;NA
"5200902";349;65;3;325;2;199;52;1;260;NA
"5201108";30434;7205;245;39212;123;26176;5144;242;33500;94
"5201207";84;14;1;92;NA;63;21;NA;83;NA
"5201306";1809;361;2;2208;5;1141;179;2;1452;2
"5201405";27743;13257;232;55478;138;26801;10552;331;52344;158
"5201454";240;49;1;252;NA;219;55;3;279;2
"5201504";401;114;1;668;NA;165;32;NA;188;NA
"5201603";324;66;2;437;1;254;67;NA;381;NA
"5201702";1018;411;4;2086;43;816;308;NA;1937;30
"5201801";748;195;50;1133;3;895;212;39;1398;NA
"5202155";534;216;2;1005;7;300;104;3;605;3
"5202353";430;75;4;349;NA;158;27;1;164;NA
"5202502";461;223;1;941;22;338;161;1;860;46
"5202601";270;78;NA;328;1;259;54;NA;372;1
"5202809";294;45;NA;395;NA;143;25;NA;214;1
"5203104";309;72;NA;461;1;143;37;NA;265;1
"5203203";613;267;3;1218;4;416;200;11;918;4
"5203302";2633;613;17;3994;8;2049;400;9;3181;9
"5203401";652;218;4;771;NA;576;139;7;746;NA
"5203500";1930;542;19;2500;7;1401;314;22;1945;5
"5203559";780;205;3;1178;9;582;121;6;920;3
"5203575";189;143;1;446;1;89;87;2;286;1
"5203609";233;66;1;458;NA;264;72;2;453;NA
"5203807";360;154;NA;665;4;268;113;NA;576;3
"5203906";1056;181;1;1054;NA;860;137;NA;905;2
"5203939";263;48;2;415;2;131;29;1;214;3
"5203962";136;71;1;415;NA;93;50;NA;341;1
"5204003";338;206;4;892;1;302;151;14;828;4
"5204102";1110;202;6;1281;6;757;133;4;806;2
"5204201";75;40;NA;116;NA;133;32;NA;195;NA
"5204250";593;137;2;772;3;538;143;NA;832;1
"5204300";1410;213;7;1220;NA;1225;186;8;1091;1
"5204409";1337;375;6;1887;8;1004;330;4;1451;9
"5204508";7712;2053;62;9912;23;6641;1576;67;8730;24
"5204557";346;82;2;593;2;246;47;1;391;NA
"5204607";225;103;1;421;NA;164;75;NA;408;NA
"5204656";318;102;NA;578;1;122;37;2;258;NA
"5204706";814;238;5;1392;1;715;150;4;1321;NA
"5204805";645;85;5;1062;NA;325;48;2;445;1
"5204854";395;109;4;678;3;466;111;5;926;NA
"5204904";565;628;3;1646;1;591;677;6;2179;2
"5204953";201;67;NA;462;1;190;65;2;512;1
"5205000";907;142;NA;1434;6;449;67;2;689;3
"5205059";206;54;NA;369;NA;197;49;1;313;NA
"5205109";11414;2210;99;11400;33;8269;1406;52;7535;27
"5205208";368;121;4;572;2;312;95;2;489;NA
"5205307";266;613;1;990;10;228;604;2;769;6
"5205406";1809;373;14;2180;9;1638;289;10;2028;8
"5205455";675;278;NA;1173;2;337;149;1;605;2
"5205471";1113;316;7;1369;4;603;124;2;749;4
"5205497";3876;2617;13;8252;50;4229;2707;23;9962;70
"5205513";1260;630;2;2907;3;1132;417;1;2631;4
"5205521";151;120;1;504;1;110;120;3;479;5
"5205703";296;42;1;390;NA;110;17;NA;165;NA
"5205802";736;199;8;1167;11;536;113;12;940;7
"5205901";990;171;1;888;4;684;135;NA;636;2
"5206206";3525;1871;33;6893;11;2478;1197;11;5450;15
"5206305";332;70;3;372;NA;254;55;1;310;NA
"5206404";1184;490;3;2589;6;504;210;3;1200;6
"5206503";446;77;NA;413;NA;283;35;1;280;NA
"5206602";309;25;1;176;NA;424;20;NA;198;NA
"5206701";137;61;NA;436;NA;161;63;NA;506;2
"5206800";239;54;NA;277;NA;235;45;NA;241;1
"5206909";164;27;NA;194;NA;174;18;NA;190;1
"5207105";233;25;1;316;NA;109;14;NA;134;NA
"5207253";691;197;1;870;1;352;131;NA;528;NA
"5207352";348;50;NA;468;NA;313;36;NA;433;NA
"5207402";798;248;5;1391;3;687;171;4;1055;3
"5207501";227;71;1;414;NA;168;43;NA;344;1
"5207535";666;262;3;1100;9;225;112;1;438;4
"5207600";719;135;3;866;NA;281;53;2;374;NA
"5207808";1033;149;2;1325;NA;699;76;1;770;3
"5207907";433;610;1;1545;9;238;483;1;1092;4
"5208004";6098;3401;85;11691;51;5181;2704;110;11530;48
"5208103";368;98;NA;681;1;214;36;1;418;1
"5208152";292;54;1;381;1;207;37;NA;312;NA
"5208301";127;134;1;477;NA;179;127;NA;600;NA
"5208400";972;228;10;1501;4;823;128;22;1235;2
"5208509";552;77;NA;491;NA;403;48;NA;327;NA
"5208608";5091;1669;30;8064;26;3754;1080;38;6265;25
"5208707";115715;27035;1128;130166;447;117852;23499;1087;132061;499
"5208806";3753;1811;40;8066;23;3102;1408;55;6921;20
"5208905";1800;824;9;2898;29;1270;603;8;2136;30
"5209101";3631;596;16;3306;3;3030;418;21;2551;4
"5209150";313;76;2;550;NA;221;64;1;453;NA
"5209200";1138;462;5;2075;NA;1029;368;1;2093;2
"5209291";225;50;1;302;1;135;27;NA;171;1
"5209408";169;104;3;622;3;106;44;NA;387;NA
"5209457";164;75;NA;273;1;129;40;3;200;NA
"5209606";303;76;NA;434;1;231;48;NA;269;NA
"5209705";2256;524;12;3047;5;1466;334;14;2060;7
"5209804";339;89;1;388;1;209;40;NA;305;NA
"5209903";329;369;NA;1024;4;297;355;1;1181;4
"5209937";433;112;2;785;1;271;69;2;533;1
"5209952";1135;323;3;1938;2;903;248;5;1772;2
"5210000";3728;813;48;4885;12;3871;730;43;5444;14
"5210109";2218;463;13;2475;8;1919;338;5;2266;7
"5210158";342;58;1;405;1;142;36;NA;197;NA
"5210208";2877;500;25;3264;9;3104;520;32;3638;7
"5210307";169;46;1;297;1;151;43;7;313;3
"5210406";3083;727;9;5193;6;2355;491;25;4128;4
"5210562";488;94;NA;532;NA;435;46;NA;357;NA
"5210604";470;132;3;725;2;232;64;5;346;2
"5210802";471;114;2;439;NA;354;70;2;297;1
"5210901";1556;523;8;2314;8;1170;337;9;1860;13
"5211008";476;177;2;993;1;466;129;4;889;3
"5211206";2622;341;9;3089;4;1901;216;11;2316;7
"5211305";604;154;3;694;1;370;89;1;429;NA
"5211404";712;111;NA;719;NA;629;93;1;677;NA
"5211503";9602;2281;54;9578;27;7671;1964;35;8560;23
"5211602";221;70;NA;302;NA;179;55;4;266;NA
"5211701";503;90;2;843;NA;383;61;3;642;NA
"5211800";3226;842;14;5726;13;2150;539;17;4074;15
"5211909";7671;2215;50;9296;41;7204;2119;70;9639;31
"5212006";195;37;1;363;NA;201;38;NA;341;1
"5212055";108;28;NA;246;1;107;28;NA;314;1
"5212105";703;159;1;663;5;551;104;NA;543;2
"5212204";1793;434;3;2400;7;1061;292;5;1673;7
"5212253";125;29;5;120;NA;111;32;1;114;NA
"5212303";693;160;2;1053;2;515;108;1;747;NA
"5212501";10000;5154;58;21208;79;9756;4723;102;20862;86
"5212600";295;40;1;277;1;241;24;NA;192;1
"5212709";270;190;2;822;4;239;172;3;902;3
"5212808";759;244;NA;1501;NA;474;125;1;985;NA
"5212907";223;69;1;344;NA;130;32;NA;201;NA
"5212956";254;149;3;425;4;209;116;6;392;4
"5213004";774;250;3;1359;4;430;122;7;824;1
"5213053";117;47;NA;496;1;60;24;NA;235;NA
"5213087";1787;792;6;3525;17;987;515;5;2333;28
"5213103";5072;1590;19;6549;23;4112;1325;23;6092;24
"5213400";166;38;1;175;NA;139;38;1;148;1
"5213509";148;325;NA;675;1;120;261;NA;803;NA
"5213707";777;177;2;1232;2;446;85;2;706;1
"5213756";1167;268;9;1417;4;577;146;3;829;7
"5213772";263;78;4;627;NA;128;56;1;356;NA
"5213806";5068;820;30;5159;6;4051;566;25;4020;6
"5213855";201;38;1;250;1;230;26;2;234;4
"5213905";496;80;NA;580;2;297;50;NA;355;1
"5214002";911;459;6;1601;9;628;271;4;1338;9
"5214051";357;176;1;866;3;200;91;NA;579;1
"5214101";194;86;1;364;NA;200;80;1;456;2
"5214408";622;219;1;839;1;586;142;5;705;2
"5214507";2141;631;57;3234;15;1762;470;46;2820;10
"5214606";2208;1177;12;4498;11;1304;749;19;3326;10
"5214705";229;43;NA;256;21;132;29;NA;180;18
"5214804";166;22;1;134;NA;263;46;NA;199;1
"5214838";837;520;4;1786;16;360;199;6;953;8
"5214861";793;173;4;1108;7;464;83;1;647;5
"5214879";224;68;1;438;NA;90;35;NA;254;1
"5214903";96;123;NA;431;1;65;67;NA;375;NA
"5215009";891;179;2;1021;NA;571;107;NA;700;3
"5215207";380;87;2;534;NA;223;33;1;263;NA
"5215231";4019;2926;23;10184;33;4024;2709;46;10276;27
"5215256";235;114;1;571;NA;109;61;3;335;NA
"5215306";2237;194;8;1596;1;1266;113;3;850;2
"5215405";371;76;3;409;NA;246;49;1;357;NA
"5215504";854;123;13;678;1;498;58;5;380;2
"5215603";1616;914;32;3805;22;1331;751;33;3609;11
"5215652";259;45;3;416;1;164;29;3;285;NA
"5215702";2224;577;5;3184;8;1900;479;9;3201;10
"5215801";201;54;2;219;NA;175;41;1;200;NA
"5215900";343;63;1;500;NA;268;40;NA;304;NA
"5216007";299;52;NA;252;NA;183;43;1;164;2
"5216304";641;123;5;938;1;551;97;NA;713;1
"5216403";766;176;1;1415;4;639;168;10;907;4
"5216452";223;90;NA;335;3;132;50;NA;224;NA
"5216809";978;153;8;1403;NA;512;68;1;636;NA
"5216908";136;75;NA;372;1;81;39;NA;189;NA
"5217104";2519;412;15;2861;9;1837;259;6;2023;8
"5217203";955;319;4;1590;4;651;174;NA;918;NA
"5217302";2151;466;13;3343;9;1427;248;10;2127;4
"5217401";3474;585;15;3685;10;2123;384;8;2011;9
"5217609";3963;2771;22;10431;44;4170;2552;40;11219;51
"5217708";1587;270;2;1638;4;1775;266;3;1822;4
"5218003";2768;1181;16;5105;16;2163;892;12;4228;9
"5218052";228;76;1;471;NA;221;54;NA;432;NA
"5218102";272;70;2;317;2;221;70;NA;289;3
"5218300";1825;911;13;4002;10;1157;601;9;3447;4
"5218391";366;137;3;418;NA;179;83;1;245;NA
"5218508";4274;877;18;5351;10;3050;507;22;3873;8
"5218607";897;200;1;1281;2;787;146;6;1149;8
"5218706";324;106;1;381;NA;336;83;1;361;NA
"5218789";309;63;2;416;2;209;41;4;342;2
"5218805";16226;4277;113;22384;38;13619;3247;144;20392;46
"5218904";1898;314;3;2472;25;1247;155;3;1531;15
"5219001";743;144;NA;1014;3;526;73;4;619;4
"5219100";483;146;6;722;NA;313;76;2;503;1
"5219209";438;93;NA;315;1;153;73;1;164;4
"5219258";417;126;2;685;4;185;62;9;370;1
"5219308";2730;681;24;3858;7;2477;627;21;3840;7
"5219357";373;81;2;421;1;199;43;1;278;1
"5219407";384;139;2;526;NA;437;151;11;650;1
"5219456";222;127;1;379;1;78;58;4;153;2
"5219506";231;39;3;278;NA;239;29;NA;254;NA
"5219605";216;107;1;438;2;139;94;2;318;NA
"5219704";656;170;3;1306;NA;468;120;2;1174;3
"5219712";242;75;1;433;1;241;109;1;468;NA
"5219738";569;205;5;817;5;362;122;4;532;16
"5219753";3271;1849;35;7529;34;2979;1582;50;6837;25
"5219803";417;281;4;1384;2;260;169;3;958;NA
"5219902";435;120;1;754;1;325;78;1;650;NA
"5220009";494;400;3;1137;6;476;375;7;1362;6
"5220058";122;33;NA;228;1;118;44;NA;151;NA
"5220108";2786;472;10;3269;3;2680;445;11;3416;3
"5220157";333;156;5;621;4;199;80;5;391;4
"5220207";1254;641;5;2786;9;901;499;8;2106;13
"5220264";464;99;2;546;1;219;38;NA;284;NA
"5220280";219;28;NA;289;2;153;11;NA;129;1
"5220405";1153;333;3;1726;2;1177;310;3;1993;2
"5220454";7329;4271;39;17405;58;5898;3092;64;14201;45
"5220504";606;216;NA;902;2;384;165;1;681;NA
"5220603";1880;399;6;2453;8;1405;226;15;1756;5
"5220686";206;185;4;602;5;195;179;5;620;3
"5220702";106;59;NA;383;1;67;71;NA;328;NA
"5221007";302;53;8;377;NA;337;53;24;458;1
"5221080";76;111;2;233;NA;66;122;1;309;NA
"5221197";498;127;4;852;3;418;113;2;798;7
"5221304";355;48;2;314;1;202;27;NA;195;1
"5221403";8210;3142;64;14319;62;7675;2623;120;14401;73
"5221452";230;90;NA;513;NA;112;39;NA;242;NA
"5221502";442;84;NA;588;2;268;53;NA;372;NA
"5221551";230;71;2;565;NA;247;79;NA;566;NA
"5221577";199;57;1;486;1;88;21;2;211;4
"5221601";2404;1046;22;4997;8;1827;931;27;4512;10
"5221700";1246;282;11;1639;1;859;152;5;1077;2
"5221809";321;52;4;385;4;262;42;3;290;1
"5221858";9543;5640;85;19966;61;10169;5354;89;20237;74
"5221908";341;76;NA;427;NA;264;51;NA;393;1
"5222005";1446;262;3;1657;1;855;191;3;1082;3
"5222054";786;218;2;1094;4;380;111;NA;580;1
"5222203";147;173;2;361;6;133;170;NA;477;NA
"5222302";377;178;10;888;2;154;89;5;481;NA
"5300108";195416;62901;2790;237708;1239;188300;58524;2661;238458;1303
